{"type": "FeatureCollection", "bbox": [-95.66064707640088, 29.540624159891273, -94.94035589263231, 30.104018258114614], "features": [{"type": "Feature", "geometry": {"type": "Polygon", "coordinates": [[[-95.40258501651104, 29.859400216006676], [-95.40131301554345, 29.857210216612057], [-95.40049801540869, 29.856179216257356], [-95.39792501405951, 29.852538215207026], [-95.39777401444677, 29.85326521467847], [-95.3976840149334, 29.853293215945396], [-95.39098101265877, 29.853372215470824], [-95.39108901261379, 29.859669216995876], [-95.40123301607584, 29.85964421690555], [-95.40196901566958, 29.85959721609552], [-95.40258501651104, 29.859400216006676]]]}, "properties": {"kind": "gap", "pct_zero_car": 0.141906873614, "jobs_transit_45": 77109.0}}, {"type": "Feature", "geometry": {"type": "Polygon", "coordinates": [[[-95.43115402430416, 29.886273220300655], [-95.43113302438776, 29.88559922047904], [-95.4299880236418, 29.88564222050323], [-95.42981102408979, 29.879174220128725], [-95.42821902345506, 29.879219219267465], [-95.42820302356155, 29.87790321896843], [-95.42133202285405, 29.87795021894433], [-95.420733021731, 29.877889219451973], [-95.420787023056, 29.882396219919194], [-95.42031002123338, 29.88240722009942], [-95.41915102114203, 29.88224621996085], [-95.4184730212746, 29.88226022042346], [-95.41824002074777, 29.88232122035771], [-95.41755902140562, 29.882708220169032], [-95.41750002095607, 29.882880220468454], [-95.42176202302436, 29.888311221690525], [-95.42425402328435, 29.886892221051244], [-95.42586702383545, 29.886427220618785], [-95.42667002337636, 29.88635822125923], [-95.43115402430416, 29.886273220300655]]]}, "properties": {"kind": "gap", "pct_zero_car": 0.21198156682, "jobs_transit_45": 93283.0}}, {"type": "Feature", "geometry": {"type": "Polygon", "coordinates": [[[-95.40039201779842, 29.902574225382942], [-95.40048201731179, 29.90255922477367], [-95.40000301673767, 29.90120722552584], [-95.39722901644537, 29.893524223870568], [-95.39689201616147, 29.89286422376249], [-95.39610201614104, 29.893268224333344], [-95.39564101600861, 29.89332322311813], [-95.39502301641562, 29.892965222695853], [-95.39371701601118, 29.892602223399827], [-95.39303601487238, 29.892190223333035], [-95.39268901454274, 29.892063223870707], [-95.39150901543329, 29.8920412233035], [-95.39089701389149, 29.8918592233102], [-95.39061901405714, 29.89199122298754], [-95.38988801448626, 29.891930223518322], [-95.38861301404394, 29.892260223317052], [-95.38795701391783, 29.89226522403719], [-95.38705401302117, 29.8931002231845], [-95.38671301433595, 29.8931002231845], [-95.38638501337458, 29.892952223717916], [-95.38557201288964, 29.892379222631835], [-95.3853380125379, 29.89214822300747], [-95.38509901306162, 29.891741223368065], [-95.38457501228166, 29.89160422338542], [-95.38424101416744, 29.891648223929078], [-95.38378001223838, 29.89188422389384], [-95.38308601337573, 29.892104222684548], [-95.38244801189462, 29.892510223971147], [-95.38170401280328, 29.892862224576795], [-95.38123001225205, 29.89297722480616], [-95.38060601191297, 29.893015224080774], [-95.3795520123019, 29.89329522374056], [-95.37873101142102, 29.89320122421507], [-95.37836601154804, 29.89292122429116], [-95.3772930116704, 29.89253022368489], [-95.37692101122643, 29.892222223754572], [-95.37586100997093, 29.892293223704065], [-95.3752170104387, 29.892699223442015], [-95.37452401050265, 29.892701224188563], [-95.37341301099019, 29.89245922390418], [-95.37285800934977, 29.89245422475141], [-95.37213901037279, 29.89210322425234], [-95.3714510095613, 29.89237822342356], [-95.37054200881688, 29.892552224922923], [-95.372978010797, 29.90221222593409], [-95.39075801487262, 29.902089224785055], [-95.39138901488437, 29.90216822460345], [-95.39279301609645, 29.90264722551259], [-95.39334801683854, 29.902701225467386], [-95.40039201779842, 29.902574225382942]]]}, "properties": {"kind": "gap", "pct_zero_car": 0.0543209876543, "jobs_transit_45": 86466.0}}, {"type": "Feature", "geometry": {"type": "Polygon", "coordinates": [[[-95.50927804228185, 29.82934120623212], [-95.50919604136777, 29.82389620547789], [-95.50809704065254, 29.82376420533783], [-95.50692404211411, 29.82405520566307], [-95.50623104127975, 29.824137206169432], [-95.50353904010488, 29.82358720498277], [-95.50307904069568, 29.823575205436075], [-95.50267504046462, 29.823449205043264], [-95.50220103991339, 29.82352920547186], [-95.50272504069333, 29.8243062064306], [-95.50287204010812, 29.82483320631401], [-95.50292504070988, 29.82936720673536], [-95.50927804228185, 29.82934120623212]]]}, "properties": {"kind": "gap", "pct_zero_car": 0.060773480663, "jobs_transit_45": 62089.0}}, {"type": "Feature", "geometry": {"type": "Polygon", "coordinates": [[[-95.33059199944917, 29.89091822453982], [-95.33047799874802, 29.884437223653805], [-95.3300609989965, 29.883173223148212], [-95.33003299761079, 29.88169122290423], [-95.32393299665713, 29.881741223712975], [-95.32280399760131, 29.883657224599073], [-95.32236199683712, 29.88381022421169], [-95.31825299582803, 29.890962225386303], [-95.33059199944917, 29.89091822453982]]]}, "properties": {"kind": "gap", "pct_zero_car": 0.107913669065, "jobs_transit_45": 124090.0}}, {"type": "Feature", "geometry": {"type": "Polygon", "coordinates": [[[-95.3314590003608, 29.916199230635307], [-95.33158700130564, 29.9147892302214], [-95.33138499984263, 29.911232230072734], [-95.32705699944874, 29.9112892302164], [-95.32438099906572, 29.910806228826537], [-95.32362399865727, 29.91074122920549], [-95.32347199832131, 29.90281722824199], [-95.3156879957731, 29.902925227938013], [-95.31574399674793, 29.907577228936425], [-95.3165039966311, 29.907530228912968], [-95.31741599685027, 29.907189228509104], [-95.31824599705365, 29.908594229944406], [-95.31746499725406, 29.90895522896355], [-95.31773999761367, 29.90946122886361], [-95.3177849960229, 29.91080423077949], [-95.31017099425232, 29.910854230220558], [-95.30974899447791, 29.910803230198642], [-95.30852799446228, 29.91587023123442], [-95.3078329948764, 29.91735823240553], [-95.3071289941714, 29.91843723177198], [-95.31004399492902, 29.918503231544957], [-95.31060999464344, 29.918639232189737], [-95.31172799652356, 29.919092232052652], [-95.31221399587206, 29.91916223182187], [-95.31516499751301, 29.919132232482948], [-95.3174609970561, 29.919552231748348], [-95.32555999924857, 29.9192572314855], [-95.32671299949217, 29.91927923149308], [-95.32732099903939, 29.919365231263505], [-95.327808998936, 29.91955823159152], [-95.3293129997072, 29.920450231248505], [-95.32972299978601, 29.920617230952537], [-95.33045200060539, 29.920737231135664], [-95.33097800103516, 29.92072123122342], [-95.3309240006085, 29.91953723136016], [-95.33097800103516, 29.91775723076132], [-95.33131300077093, 29.91687823008703], [-95.3314590003608, 29.916199230635307]]]}, "properties": {"kind": "gap", "pct_zero_car": 0.103929024081, "jobs_transit_45": 144800.0}}, {"type": "Feature", "geometry": {"type": "Polygon", "coordinates": [[[-95.3315720003387, 29.905970227163717], [-95.33170100110844, 29.90554522740699], [-95.33111400057929, 29.905434227868124], [-95.33062199958638, 29.90555022823917], [-95.32727099881069, 29.905625227453882], [-95.32636199806625, 29.905886228766423], [-95.32354199774319, 29.905937228191185], [-95.32362399865727, 29.91074122920549], [-95.32438099906572, 29.910806228826537], [-95.32705699944874, 29.9112892302164], [-95.33138499984263, 29.911232230072734], [-95.3313759996218, 29.906619227837698], [-95.3315720003387, 29.905970227163717]]]}, "properties": {"kind": "gap", "pct_zero_car": 0.0393700787402, "jobs_transit_45": 144255.0}}, {"type": "Feature", "geometry": {"type": "Polygon", "coordinates": [[[-95.37629001121465, 29.914645228545226], [-95.37623501186138, 29.913572228781064], [-95.37611901151043, 29.913144228642963], [-95.37535101123132, 29.91164322791943], [-95.37506801137411, 29.910818227230557], [-95.372978010797, 29.90221222593409], [-95.35505700625608, 29.90234022714579], [-95.35557100699029, 29.91677422969494], [-95.35593300649023, 29.916838229529816], [-95.36364400924352, 29.91680822949069], [-95.36365700876397, 29.91771522953443], [-95.37176801065202, 29.91616722934973], [-95.37607301147968, 29.91667222868084], [-95.37629001121465, 29.914645228545226]]]}, "properties": {"kind": "gap", "pct_zero_car": 0.0540037243948, "jobs_transit_45": 101095.0}}, {"type": "Feature", "geometry": {"type": "Polygon", "coordinates": [[[-95.54515005060263, 29.80601420024652], [-95.54511605026742, 29.80451520044659], [-95.54485005012866, 29.802635199034523], [-95.54482404929107, 29.800948199586905], [-95.5402580483475, 29.800894199912378], [-95.53360904649952, 29.800986200379764], [-95.53074504669384, 29.801291199307506], [-95.53086004632156, 29.80648420070149], [-95.53992704791139, 29.806398201028788], [-95.540173048857, 29.80632120035273], [-95.54033904853836, 29.806009200661002], [-95.54515005060263, 29.80601420024652]]]}, "properties": {"kind": "gap", "pct_zero_car": 0.0915805022157, "jobs_transit_45": 143759.0}}, {"type": "Feature", "geometry": {"type": "Polygon", "coordinates": [[[-95.54482404929107, 29.800948199586905], [-95.54467504932815, 29.79428719740041], [-95.54017004848394, 29.79424819777047], [-95.53947904819772, 29.79411919882607], [-95.53743504854971, 29.79413319839323], [-95.53065104698251, 29.79596219794644], [-95.53074504669384, 29.801291199307506], [-95.53360904649952, 29.800986200379764], [-95.5402580483475, 29.800894199912378], [-95.54482404929107, 29.800948199586905]]]}, "properties": {"kind": "gap", "pct_zero_car": 0.0889679715302, "jobs_transit_45": 144262.0}}, {"type": "Feature", "geometry": {"type": "Polygon", "coordinates": [[[-95.56358605570267, 29.812475201117], [-95.56336905417105, 29.79707419756678], [-95.55868105392707, 29.797122197552543], [-95.55733605406287, 29.797466198076087], [-95.55599405187677, 29.7975441979306], [-95.55383305205287, 29.79796219903308], [-95.55400705213015, 29.80575319956747], [-95.55387105168771, 29.809131199852217], [-95.55412405230602, 29.80929820123816], [-95.55444805306942, 29.809375201960577], [-95.55445505274213, 29.812683201861145], [-95.56330505549526, 29.812719200522082], [-95.56358605570267, 29.812710202027212], [-95.56358605570267, 29.812475201117]]]}, "properties": {"kind": "gap", "pct_zero_car": 0.108081791626, "jobs_transit_45": 70869.0}}, {"type": "Feature", "geometry": {"type": "Polygon", "coordinates": [[[-95.44281302661142, 29.85789121427731], [-95.44274802451746, 29.846650212622205], [-95.44268302601675, 29.84608121225508], [-95.44250802611458, 29.845502211867156], [-95.44205202600499, 29.84457321224543], [-95.44190102639226, 29.84401621116213], [-95.44187202518162, 29.842420211871353], [-95.42884502164733, 29.842460211901564], [-95.42907802217415, 29.851429213520955], [-95.42918602302748, 29.862138215790207], [-95.42942402357718, 29.863589216785087], [-95.4367090254598, 29.863527216024572], [-95.43665602575635, 29.857748214088975], [-95.43828502530268, 29.857749214423382], [-95.43899402603056, 29.857917215139405], [-95.44281302661142, 29.85789121427731]]]}, "properties": {"kind": "gap", "pct_zero_car": 0.0510046367852, "jobs_transit_45": 138709.0}}, {"type": "Feature", "geometry": {"type": "Polygon", "coordinates": [[[-95.45287802953244, 29.86083521456352], [-95.45282702858049, 29.856596213347398], [-95.45220502968786, 29.856594213434626], [-95.45219102854585, 29.854506212538144], [-95.44278702577384, 29.85458621380698], [-95.44281302661142, 29.85789121427731], [-95.44563402675938, 29.85788021373073], [-95.44578102707247, 29.861009215011446], [-95.44638902751802, 29.862588215339994], [-95.44641002833274, 29.86348321553686], [-95.44723102831529, 29.86346321545042], [-95.44909902823623, 29.86314921520364], [-95.45154802883852, 29.863180216095667], [-95.45282403000407, 29.863357215626433], [-95.45287802953244, 29.86083521456352]]]}, "properties": {"kind": "gap", "pct_zero_car": 0.122666666667, "jobs_transit_45": 92126.0}}, {"type": "Feature", "geometry": {"type": "Polygon", "coordinates": [[[-95.46223703030198, 29.82571220713545], [-95.46221702931217, 29.82401220637804], [-95.46206903007248, 29.82368420743532], [-95.46184002974361, 29.823365207290895], [-95.45941402870754, 29.821397205792287], [-95.45946802913423, 29.820532206539223], [-95.45371602743678, 29.820576206469273], [-95.4551310276212, 29.821249206741008], [-95.45691702842467, 29.82258220658752], [-95.4581430284632, 29.82423320741813], [-95.45962902969103, 29.826918207688696], [-95.4608110293486, 29.82651420808658], [-95.46170702967424, 29.826569207042414], [-95.46214902954011, 29.826704206972504], [-95.46223703030198, 29.82571220713545]]]}, "properties": {"kind": "gap", "pct_zero_car": 0.0871839581517, "jobs_transit_45": 94545.0}}, {"type": "Feature", "geometry": {"type": "Polygon", "coordinates": [[[-95.29662098347477, 29.710787188896074], [-95.296625981701, 29.710014189612316], [-95.29013798040981, 29.710139189728242], [-95.29019698085936, 29.712202189574366], [-95.28717798034468, 29.71448519040184], [-95.28611597943937, 29.71449219028794], [-95.28596698037478, 29.714567190932083], [-95.28590697920201, 29.714791190764362], [-95.28604998021547, 29.719074191359407], [-95.28597298022257, 29.719230191382415], [-95.2875099806057, 29.71827319108336], [-95.28959198078688, 29.71712419089895], [-95.29028598054782, 29.716816190259422], [-95.29657198307096, 29.713136190417206], [-95.29662098347477, 29.710787188896074]]]}, "properties": {"kind": "gap", "pct_zero_car": 0.194895591647, "jobs_transit_45": 82165.0}}, {"type": "Feature", "geometry": {"type": "Polygon", "coordinates": [[[-95.29114498016523, 29.699411186949757], [-95.28873898011895, 29.697454187456366], [-95.288510979615, 29.697484187036522], [-95.28628597842038, 29.69806118697303], [-95.28381297842697, 29.69891118754205], [-95.2807819782167, 29.700629188135043], [-95.28055397681443, 29.70109318782298], [-95.28026397818283, 29.701399187641627], [-95.28075897775216, 29.701291187858], [-95.28179197834514, 29.70136818733271], [-95.2820569777607, 29.701538187575206], [-95.28266097800828, 29.70266018882618], [-95.28316497959507, 29.703012188502353], [-95.28381997899797, 29.703881188224056], [-95.28546997935901, 29.705069187836322], [-95.28579097974936, 29.705146189096318], [-95.28630697923509, 29.70509618814297], [-95.28767397973893, 29.704404188684745], [-95.28830397992577, 29.7039811881945], [-95.28987897994375, 29.701765188602533], [-95.28992297942635, 29.70139118728597], [-95.28979697992797, 29.700632187608466], [-95.28986598042326, 29.70031918770074], [-95.29019998123243, 29.699912188122155], [-95.29064098037507, 29.699731187480673], [-95.29087598055172, 29.699521187905603], [-95.29114498016523, 29.699411186949757]], [[-95.2897289801559, 29.701292188196057], [-95.2897499800723, 29.70156218782495], [-95.28966397985859, 29.7017691875951], [-95.28926198017568, 29.702344188012884], [-95.28915398022065, 29.702279187764262], [-95.28586797884395, 29.702329188559446], [-95.28583897853161, 29.701736188293637], [-95.28362697865411, 29.70182818695766], [-95.28361897825819, 29.701168187551122], [-95.28452597845447, 29.70114518754681], [-95.28539197864288, 29.701011187993693], [-95.28657797939674, 29.70065418738584], [-95.28688797901813, 29.700649188004324], [-95.28690297998507, 29.70130318723279], [-95.28739298042984, 29.701281187597562], [-95.28736898014039, 29.700535187681556], [-95.28789598039508, 29.700440188354122], [-95.28914598072303, 29.700400187748002], [-95.28964197921897, 29.700470187822884], [-95.28961498035311, 29.700920187362502], [-95.2897289801559, 29.701292188196057]], [[-95.289030980197, 29.702493187559707], [-95.28913098065442, 29.70255618779911], [-95.28866997962366, 29.703239188539204], [-95.28854298030038, 29.70330618802235], [-95.28763597920576, 29.70332218842802], [-95.28764097922864, 29.70421318836675], [-95.28639497999696, 29.7048821884319], [-95.28587997943784, 29.70487718848062], [-95.28586397954429, 29.702475187149627], [-95.289030980197, 29.702493187559707]]]}, "properties": {"kind": "gap", "pct_zero_car": 0.111111111111, "jobs_transit_45": 143679.0}}, {"type": "Feature", "geometry": {"type": "Polygon", "coordinates": [[[-95.66064707640088, 29.72694118109278], [-95.66059107542607, 29.720601178995555], [-95.66044907603415, 29.718319178559778], [-95.66042707449623, 29.716009177837588], [-95.65594607483978, 29.718150178030196], [-95.65492207446762, 29.71845117886782], [-95.65388907477296, 29.718582178836417], [-95.65403307381469, 29.719811178553044], [-95.6545600749677, 29.721581179731555], [-95.6547650750071, 29.723012179997422], [-95.65473307432174, 29.72407718071233], [-95.65439907441089, 29.725886181280433], [-95.6543360746617, 29.72676318106158], [-95.65113607349873, 29.726722181496125], [-95.65057307415735, 29.726851180643127], [-95.65019407404067, 29.727079180689294], [-95.649071073036, 29.72807818114726], [-95.64886807264641, 29.72837118130596], [-95.64850707386971, 29.729352181109576], [-95.64690907338718, 29.729116181061254], [-95.64396807089368, 29.729141181800042], [-95.64405907202858, 29.735649182741852], [-95.64844107284915, 29.73552618240873], [-95.64982607379463, 29.735220182086067], [-95.6514430745437, 29.734528182017964], [-95.65208907462409, 29.734114182975112], [-95.65284507520764, 29.73348918191803], [-95.65734107583101, 29.7291511808457], [-95.65822207518971, 29.728487180581226], [-95.66064707640088, 29.72694118109278]]]}, "properties": {"kind": "gap", "pct_zero_car": 0.0872483221477, "jobs_transit_45": 102797.0}}, {"type": "Feature", "geometry": {"type": "Polygon", "coordinates": [[[-95.64406907117603, 29.71105617758151], [-95.64403407101591, 29.706271177435724], [-95.64390907134245, 29.706329176986824], [-95.63976606999817, 29.70640317641916], [-95.63943906976002, 29.707198177657194], [-95.63901306978768, 29.707207177049288], [-95.63854706963235, 29.70739517708322], [-95.63883306986263, 29.707997177588055], [-95.63890107053301, 29.711426177066528], [-95.64406907117603, 29.71105617758151]]]}, "properties": {"kind": "gap", "pct_zero_car": 0.20467185762, "jobs_transit_45": 99515.0}}, {"type": "Feature", "geometry": {"type": "Polygon", "coordinates": [[[-95.64397807093941, 29.703966176501236], [-95.64368106994017, 29.68969117411388], [-95.64213506933622, 29.689760173393665], [-95.63999206905568, 29.690115173576245], [-95.63427706716816, 29.69018217400857], [-95.63439006804438, 29.7040081770896], [-95.64397807093941, 29.703966176501236]]]}, "properties": {"kind": "gap", "pct_zero_car": 0.118863049096, "jobs_transit_45": 123734.0}}, {"type": "Feature", "geometry": {"type": "Polygon", "coordinates": [[[-95.2609599705496, 29.667051181423094], [-95.26100397182886, 29.66687618188437], [-95.25837297075337, 29.662781181323542], [-95.25159996815852, 29.652508178299726], [-95.25014096849151, 29.65282217879109], [-95.24956296818318, 29.653046179646807], [-95.24919096773921, 29.653305179673175], [-95.24951796887567, 29.666008182107596], [-95.24947896851761, 29.670347183494286], [-95.24823196856269, 29.670133183148454], [-95.24768596804142, 29.670110183065947], [-95.24211196751754, 29.670200182849783], [-95.25200796948583, 29.680734184383738], [-95.25232197020351, 29.681336184660577], [-95.2526379696727, 29.682636185711573], [-95.25288497044322, 29.682858184693092], [-95.25336097064428, 29.682351184296536], [-95.25373897003774, 29.682192184716797], [-95.25380196978693, 29.68090018537492], [-95.25416797038314, 29.680169184409696], [-95.25406697010081, 29.67986618480772], [-95.25409896988785, 29.679712184062392], [-95.25428797003373, 29.67968518473851], [-95.25446396976085, 29.679547184785914], [-95.2547289700747, 29.678800183722743], [-95.25450897086498, 29.67840418437786], [-95.25450296922058, 29.677925184526583], [-95.25486197014409, 29.677596183533243], [-95.25520897047372, 29.67683718441058], [-95.25532897102264, 29.676315183872834], [-95.25554897023234, 29.676029183460674], [-95.25546096947049, 29.67578118366737], [-95.25588396996811, 29.67452218433312], [-95.25602197006037, 29.67435218365456], [-95.25645697025355, 29.674209183490195], [-95.25663297087897, 29.674055183446036], [-95.25696097004369, 29.67348918356844], [-95.25719397057051, 29.67324718277537], [-95.25739497041198, 29.673165182858302], [-95.25747097057994, 29.672582182196336], [-95.2591639705987, 29.671384183173693], [-95.25917297171785, 29.67079318266398], [-95.25902097138189, 29.670472182227268], [-95.25934297159716, 29.670147182856738], [-95.25958197107344, 29.669760182620735], [-95.25944297115629, 29.66924618182411], [-95.2598589719812, 29.66910218310706], [-95.2600579712745, 29.66881818223612], [-95.26079797106622, 29.667548181980866], [-95.2609599705496, 29.667051181423094]]]}, "properties": {"kind": "gap", "pct_zero_car": 0.176334106729, "jobs_transit_45": 51157.0}}, {"type": "Feature", "geometry": {"type": "Polygon", "coordinates": [[[-95.26786197301588, 29.675670183448364], [-95.2680029734812, 29.67556318236191], [-95.26514197315025, 29.672659182595304], [-95.26402197162032, 29.671359182885702], [-95.26100397182886, 29.66687618188437], [-95.26079797106622, 29.667548181980866], [-95.2600579712745, 29.66881818223612], [-95.2598589719812, 29.66910218310706], [-95.25944297115629, 29.66924618182411], [-95.25958197107344, 29.669760182620735], [-95.25934297159716, 29.670147182856738], [-95.25902097138189, 29.670472182227268], [-95.25917297171785, 29.67079318266398], [-95.2591639705987, 29.671384183173693], [-95.25770597075659, 29.67242318277737], [-95.26157397174126, 29.676302183268618], [-95.26437497269606, 29.67420618244756], [-95.26668897357914, 29.676537182764108], [-95.26786197301588, 29.675670183448364]]]}, "properties": {"kind": "gap", "pct_zero_car": 0.410299003322, "jobs_transit_45": 50515.0}}, {"type": "Feature", "geometry": {"type": "Polygon", "coordinates": [[[-95.56054904845811, 29.673475172617696], [-95.56028704761898, 29.668519171380048], [-95.56002404785325, 29.66823717175817], [-95.55973404832332, 29.66805817160739], [-95.55983004768449, 29.67008417244606], [-95.55702404760513, 29.670192172985427], [-95.55578204677477, 29.670548171889646], [-95.55493204737822, 29.670569172145253], [-95.55495504694443, 29.67235717347536], [-95.55534504693176, 29.67235117284047], [-95.55532804721332, 29.672528173467967], [-95.55595204755241, 29.672506172996815], [-95.55642404665718, 29.672321172782617], [-95.55668104747345, 29.672844173602037], [-95.55711104764376, 29.672687172720938], [-95.5574740478669, 29.672782173308253], [-95.55752804829359, 29.67324317250102], [-95.55772904723673, 29.673239172373233], [-95.55782404767129, 29.673645173998423], [-95.55787004770204, 29.67480817342169], [-95.56048204761264, 29.67463217272779], [-95.56054904845811, 29.673475172617696]]]}, "properties": {"kind": "gap", "pct_zero_car": 0.129610115911, "jobs_transit_45": 141433.0}}, {"type": "Feature", "geometry": {"type": "Polygon", "coordinates": [[[-95.55787004770204, 29.67480817342169], [-95.55782404767129, 29.673645173998423], [-95.55772904723673, 29.673239172373233], [-95.55752804829359, 29.67324317250102], [-95.5574740478669, 29.672782173308253], [-95.55711104764376, 29.672687172720938], [-95.55668104747345, 29.672844173602037], [-95.55642404665718, 29.672321172782617], [-95.55595204755241, 29.672506172996815], [-95.55532804721332, 29.672528173467967], [-95.55534504693176, 29.67235117284047], [-95.55495504694443, 29.67235717347536], [-95.55493204737822, 29.670569172145253], [-95.55347304681287, 29.670590172396437], [-95.55316304629316, 29.670666172116633], [-95.5519420453792, 29.670710173078643], [-95.551406045802, 29.670835172921482], [-95.55087504624767, 29.671093172568025], [-95.55032404570352, 29.67061917310776], [-95.54935504558296, 29.67005417327304], [-95.54904704471308, 29.669821172418178], [-95.54893104526043, 29.669626172440168], [-95.54218504422639, 29.675876174307145], [-95.55787004770204, 29.67480817342169]]]}, "properties": {"kind": "gap", "pct_zero_car": 0.119250425894, "jobs_transit_45": 142221.0}}, {"type": "Feature", "geometry": {"type": "Polygon", "coordinates": [[[-95.4299380126333, 29.638398170390523], [-95.429840012724, 29.634430168413104], [-95.42948301324695, 29.634403168648866], [-95.42797301172968, 29.63391016928106], [-95.42686001256739, 29.633644169278785], [-95.42487901177023, 29.63339616886106], [-95.42252601052908, 29.63339416995719], [-95.42254101149601, 29.634147169859595], [-95.42188201099684, 29.634144169183703], [-95.42208001136356, 29.641340171010164], [-95.42231701119002, 29.641501171448635], [-95.42274501171052, 29.64148417120112], [-95.42268401071283, 29.637917170190853], [-95.42280001106379, 29.637861169024884], [-95.42368301097062, 29.63783117039515], [-95.42365901157949, 29.63710316936392], [-95.42486601135144, 29.637122169961803], [-95.42600101205166, 29.63728417031136], [-95.4270730121044, 29.637566170009038], [-95.42914401331323, 29.638304169533793], [-95.4299380126333, 29.638398170390523]]]}, "properties": {"kind": "gap", "pct_zero_car": 0.0422163588391, "jobs_transit_45": 59509.0}}, {"type": "Feature", "geometry": {"type": "Polygon", "coordinates": [[[-95.50754903329492, 29.63062416640045], [-95.50738703291324, 29.62884616580666], [-95.50733603285961, 29.62585016468611], [-95.50527003167366, 29.62587516456624], [-95.50482903253099, 29.625715165226143], [-95.50439503126441, 29.62567716518935], [-95.4985310303123, 29.6257041649498], [-95.4973980301602, 29.625743165285172], [-95.49672503031563, 29.626012165204862], [-95.49294702884436, 29.626044165623625], [-95.4929500292174, 29.626734165737776], [-95.49357302883324, 29.63055616663777], [-95.49329402917398, 29.63127416560446], [-95.49317503024662, 29.631890166252738], [-95.49317302969848, 29.636106166618074], [-95.49918403096369, 29.633907166255625], [-95.50754903329492, 29.63062416640045]]]}, "properties": {"kind": "gap", "pct_zero_car": 0.0485829959514, "jobs_transit_45": 62332.0}}, {"type": "Feature", "geometry": {"type": "Polygon", "coordinates": [[[-95.48216002747161, 29.65100017100182], [-95.48228102694712, 29.650476171312523], [-95.48215702799688, 29.650307170656585], [-95.48220902697709, 29.649666170814186], [-95.48215502655043, 29.647475170655618], [-95.47374802438638, 29.647610170616584], [-95.47356102478864, 29.647550170569517], [-95.47345602430832, 29.647383169872885], [-95.47335702457411, 29.64674617054821], [-95.47208202413181, 29.646723170584195], [-95.47193602454195, 29.64639417059189], [-95.47195002478564, 29.64623116996012], [-95.4718210249142, 29.64623417027585], [-95.47176402411449, 29.644985170052088], [-95.47161102395361, 29.644542170049295], [-95.46374302263813, 29.647495170169655], [-95.4638460234686, 29.651283171372658], [-95.48216002747161, 29.65100017100182]]]}, "properties": {"kind": "gap", "pct_zero_car": 0.0728744939271, "jobs_transit_45": 26675.0}}, {"type": "Feature", "geometry": {"type": "Polygon", "coordinates": [[[-95.5604790472396, 29.674681172628215], [-95.56048204761264, 29.67463217272779], [-95.55916104803788, 29.674704173226313], [-95.55366204606045, 29.675090173350153], [-95.55376004686806, 29.67642517342823], [-95.55346304676713, 29.677493174308907], [-95.55417104677178, 29.677615174145046], [-95.55752504702222, 29.677460174059156], [-95.55942704817667, 29.67769817412802], [-95.55958304781227, 29.67705717396628], [-95.55961604832257, 29.677728173362148], [-95.55950704764429, 29.678007173537594], [-95.55953704778152, 29.678552174374378], [-95.55967704842193, 29.67885417347293], [-95.56014004820419, 29.67688717367119], [-95.5604790472396, 29.674681172628215]]]}, "properties": {"kind": "gap", "pct_zero_car": 0.214411247803, "jobs_transit_45": 142551.0}}, {"type": "Feature", "geometry": {"type": "Polygon", "coordinates": [[[-95.55376004686806, 29.67642517342823], [-95.55366204606045, 29.675090173350153], [-95.55016004657031, 29.675354173463138], [-95.55014404488017, 29.676468174407066], [-95.54987104506868, 29.67738717417759], [-95.54854504457275, 29.679793174185782], [-95.54911304483531, 29.680076174730278], [-95.54977004658296, 29.68056117462449], [-95.55013104535968, 29.680945174594825], [-95.55048504626032, 29.681484175804233], [-95.55154304606934, 29.68094417405419], [-95.55191104631538, 29.680635174306065], [-95.55238504686662, 29.680031174195044], [-95.55346304676713, 29.677493174308907], [-95.55376004686806, 29.67642517342823]]]}, "properties": {"kind": "gap", "pct_zero_car": 0.21218487395, "jobs_transit_45": 142351.0}}, {"type": "Feature", "geometry": {"type": "Polygon", "coordinates": [[[-95.22990396162105, 29.618794172831805], [-95.2299629620706, 29.61859217285981], [-95.22797496160074, 29.616916173011024], [-95.22685996099199, 29.61790917280122], [-95.22661796024435, 29.617803172384082], [-95.22306295925414, 29.617914172390808], [-95.22302495961931, 29.616345172322976], [-95.22321295994028, 29.61597917289427], [-95.22496895970822, 29.614436172396697], [-95.22351095806947, 29.613148171742697], [-95.22303095856876, 29.61218617159728], [-95.21924395867327, 29.613571171589538], [-95.2182459582404, 29.614224172736574], [-95.2161289570008, 29.61599617276059], [-95.22117795871644, 29.620587172697142], [-95.22136795868725, 29.62046317406382], [-95.22204395890486, 29.620433172595558], [-95.22943396216608, 29.620338172572776], [-95.22990396162105, 29.618794172831805]]]}, "properties": {"kind": "gap", "pct_zero_car": 0.106382978723, "jobs_transit_45": 22813.0}}, {"type": "Feature", "geometry": {"type": "Polygon", "coordinates": [[[-95.48902503641618, 29.836916208466793], [-95.48917403727741, 29.836496208584403], [-95.48891603753455, 29.836226208506734], [-95.48880303755665, 29.829149208000956], [-95.4881390370346, 29.829115207147353], [-95.48656603666646, 29.828840208161395], [-95.48515503578169, 29.828851207231356], [-95.48505503622259, 29.82940920699455], [-95.48454803516108, 29.83039820805153], [-95.48223603572444, 29.830423207671704], [-95.48218703532064, 29.82734420724775], [-95.48202903513688, 29.826826207699145], [-95.48145703557466, 29.826105207491356], [-95.48108903443031, 29.826305207414222], [-95.48028203469147, 29.826536206737384], [-95.47992903451404, 29.826542206722827], [-95.4789830339597, 29.8262952071548], [-95.47854803466483, 29.826278207023236], [-95.47716103406951, 29.826422207725155], [-95.4766880333432, 29.826716206922796], [-95.48886303693278, 29.838029209043718], [-95.48902503641618, 29.836916208466793]]]}, "properties": {"kind": "gap", "pct_zero_car": 0.0622299049265, "jobs_transit_45": 61750.0}}, {"type": "Feature", "geometry": {"type": "Polygon", "coordinates": [[[-95.5707980497055, 29.656021168562887], [-95.57083005039087, 29.655492168407214], [-95.57070104962112, 29.6544761685492], [-95.57041605011409, 29.65362716856453], [-95.56970704938621, 29.652574168619015], [-95.56925704912442, 29.652041168109317], [-95.5685380492491, 29.651392168729465], [-95.55813104781795, 29.661053169626083], [-95.55881104823352, 29.662242170410924], [-95.55965604850553, 29.664283170977562], [-95.56004504776963, 29.666001171818273], [-95.56023104754247, 29.66739317184152], [-95.56048404816079, 29.671409171747545], [-95.56054904845811, 29.673475172617696], [-95.56048204761264, 29.67463217272779], [-95.56863705077993, 29.674137172490724], [-95.57039605092092, 29.674225172919126], [-95.57027305089727, 29.67121017151795], [-95.56896504994468, 29.667063170836027], [-95.56882804967734, 29.666245171126498], [-95.56869204923488, 29.663876170658305], [-95.56896804941941, 29.661604169947207], [-95.5696790497971, 29.65937616990303], [-95.57061304975758, 29.656967169338383], [-95.5707980497055, 29.656021168562887]]]}, "properties": {"kind": "gap", "pct_zero_car": 0.111666666667, "jobs_transit_45": 140191.0}}, {"type": "Feature", "geometry": {"type": "Polygon", "coordinates": [[[-95.59591205786415, 29.689093174209372], [-95.59566505709365, 29.67606617170782], [-95.59415305682487, 29.67571217245001], [-95.587286055417, 29.675222172712783], [-95.58759405628689, 29.68893117610742], [-95.59241505749858, 29.688871174952084], [-95.59473405750622, 29.68910317490261], [-95.59591205786415, 29.689093174209372]]]}, "properties": {"kind": "gap", "pct_zero_car": 0.0527065527066, "jobs_transit_45": 74817.0}}, {"type": "Feature", "geometry": {"type": "Polygon", "coordinates": [[[-95.5093300421604, 29.832716207329817], [-95.50927804228185, 29.82934120623212], [-95.50664504155654, 29.82936720595611], [-95.50672904122213, 29.83284520714144], [-95.5093300421604, 29.832716207329817]]]}, "properties": {"kind": "gap", "pct_zero_car": 0.198051948052, "jobs_transit_45": 63914.0}}, {"type": "Feature", "geometry": {"type": "Polygon", "coordinates": [[[-95.50633604265838, 29.84562720970641], [-95.50628604153134, 29.841326208925526], [-95.49274003903659, 29.84143120982858], [-95.49480003857813, 29.842774209439263], [-95.50552004269868, 29.84882621102164], [-95.50592404203141, 29.848066210965417], [-95.50626504251325, 29.84708520992997], [-95.50633604265838, 29.84562720970641]]]}, "properties": {"kind": "gap", "pct_zero_car": 0.11858974359, "jobs_transit_45": 64687.0}}, {"type": "Feature", "geometry": {"type": "Polygon", "coordinates": [[[-95.51539904494854, 29.85093021094478], [-95.51536404478844, 29.850385210484156], [-95.51487704471673, 29.849542210346552], [-95.51475404469308, 29.849150209889622], [-95.51471304378687, 29.847491209811118], [-95.51411904448334, 29.84626620986135], [-95.51391904356848, 29.841180208443742], [-95.5089840434523, 29.84122220997047], [-95.50628604153134, 29.841326208925526], [-95.50632904118905, 29.8465412099656], [-95.5061840423224, 29.847385210166415], [-95.50552004269868, 29.84882621102164], [-95.50986604353422, 29.851293210764645], [-95.51160004356085, 29.85096221135974], [-95.51539904494854, 29.85093021094478]]]}, "properties": {"kind": "gap", "pct_zero_car": 0.104242424242, "jobs_transit_45": 30670.0}}, {"type": "Feature", "geometry": {"type": "Polygon", "coordinates": [[[-95.44200102864632, 29.91457522560052], [-95.44216702832767, 29.914593226028703], [-95.43402502647749, 29.904153224093033], [-95.422737023891, 29.90439022468016], [-95.42286702358734, 29.910048225613036], [-95.42299602345878, 29.910566226181402], [-95.4235530238507, 29.91140722647595], [-95.4236920246662, 29.91184222561383], [-95.4237850245526, 29.91492522659538], [-95.44200102864632, 29.91457522560052]]]}, "properties": {"kind": "gap", "pct_zero_car": 0.0951492537313, "jobs_transit_45": 77616.0}}, {"type": "Feature", "geometry": {"type": "Polygon", "coordinates": [[[-95.44853303570831, 30.028022248832862], [-95.44548803435603, 30.02387224861286], [-95.44520503449881, 30.023530247964228], [-95.44482803493027, 30.023271247886527], [-95.44324203414334, 30.022789247826697], [-95.44293903329631, 30.022629247182305], [-95.44250803419942, 30.02300624808874], [-95.43984803370991, 30.024459249689038], [-95.44048903376743, 30.025355249144532], [-95.44145703316478, 30.027559249695532], [-95.44144203309615, 30.028087249551582], [-95.44175203451418, 30.028879249117733], [-95.44175403416399, 30.029625250435917], [-95.44160503420107, 30.030072249836813], [-95.44141503423029, 30.030352249410733], [-95.44064303375322, 30.030859249123562], [-95.44120903346766, 30.031724250121773], [-95.44159103395738, 30.031995249224018], [-95.44189403390607, 30.032051249982114], [-95.44263603424594, 30.03197124977824], [-95.44320703488157, 30.03205825017187], [-95.44391003486334, 30.030700250767485], [-95.44422103430963, 30.030384250489412], [-95.44853303570831, 30.028022248832862]]]}, "properties": {"kind": "gap", "pct_zero_car": 0.128065395095, "jobs_transit_45": 70588.0}}, {"type": "Feature", "geometry": {"type": "Polygon", "coordinates": [[[-95.29683199054848, 29.8860072249968], [-95.29678898999246, 29.8835672248547], [-95.2957779900391, 29.883576225533748], [-95.29570898954381, 29.880273223957445], [-95.29088698940552, 29.880276224283016], [-95.28730398702959, 29.878759224172263], [-95.28717898825444, 29.878973223935752], [-95.2870859874697, 29.879424224779786], [-95.2871349878735, 29.883040224954673], [-95.28767398782375, 29.8830782249017], [-95.2878029885935, 29.891424226481604], [-95.29654999051617, 29.891311226013745], [-95.2965249895035, 29.88878122591275], [-95.29600098962186, 29.888779225866294], [-95.2959469900935, 29.88598622548081], [-95.29683199054848, 29.8860072249968]]]}, "properties": {"kind": "gap", "pct_zero_car": 0.171428571429, "jobs_transit_45": 4606.0}}, {"type": "Feature", "geometry": {"type": "Polygon", "coordinates": [[[-95.31031899439031, 29.908351228718207], [-95.30999899472319, 29.908298229317328], [-95.30961999460649, 29.908364229580723], [-95.30935499429263, 29.909505229308934], [-95.29912999243635, 29.909576230181308], [-95.29574199185073, 29.91820223136394], [-95.2956079910581, 29.91864123241536], [-95.29570199166776, 29.918761231865727], [-95.29596899073313, 29.91893123200745], [-95.29787399226062, 29.919523232241577], [-95.2984709928355, 29.91966123169821], [-95.29954399271315, 29.919697232269744], [-95.3001109931508, 29.91960323196119], [-95.30069599313181, 29.919210233081138], [-95.30099499288255, 29.919121231684954], [-95.30272399378462, 29.91908923211709], [-95.30529899478363, 29.918514230854072], [-95.30590999380559, 29.918428231905757], [-95.3071289941714, 29.91843723177198], [-95.3078329948764, 29.91735823240553], [-95.30852799446228, 29.91587023123442], [-95.31031899439031, 29.908351228718207]]]}, "properties": {"kind": "gap", "pct_zero_car": 0.0536585365854, "jobs_transit_45": 27202.0}}, {"type": "Feature", "geometry": {"type": "Polygon", "coordinates": [[[-95.34438100161816, 29.88819822392429], [-95.3442290012822, 29.887775223980924], [-95.34395200217108, 29.887373224586312], [-95.34379400288564, 29.887263224314538], [-95.3433840028068, 29.88716522361611], [-95.3429680019819, 29.886746224137156], [-95.33333700032748, 29.886734224391983], [-95.33230899975736, 29.88688922404014], [-95.33053499775112, 29.886907224797707], [-95.33059199944917, 29.89091822453982], [-95.3310459990106, 29.890891225267488], [-95.33115199931581, 29.89900322701573], [-95.3331270002652, 29.89897622681862], [-95.33315199948123, 29.89883922665757], [-95.3336990007257, 29.898833226344976], [-95.3336480006721, 29.89614022620511], [-95.33600000119002, 29.896097226815606], [-95.33642900063708, 29.8960062251124], [-95.33649300110952, 29.895970226101564], [-95.336105000772, 29.894996225387573], [-95.33614600167819, 29.89475622592948], [-95.33654500008973, 29.894815225301453], [-95.33690000081529, 29.894718224982288], [-95.3365980006915, 29.89402122530807], [-95.33310299997572, 29.894041225497354], [-95.33304299970128, 29.88872822544804], [-95.33320699973281, 29.888310224777975], [-95.3334590005262, 29.88823322493475], [-95.34299900194404, 29.88826422426178], [-95.34438100161816, 29.88819822392429]]]}, "properties": {"kind": "gap", "pct_zero_car": 0.0616883116883, "jobs_transit_45": 54224.0}}, {"type": "Feature", "geometry": {"type": "Polygon", "coordinates": [[[-95.31825299582803, 29.890962225386303], [-95.31551699517057, 29.891062226246632], [-95.30659699299554, 29.891190225425753], [-95.30329699227345, 29.89932122774822], [-95.30170799201177, 29.903466229210274], [-95.29912999243635, 29.909576230181308], [-95.30935499429263, 29.909505229308934], [-95.30961999460649, 29.908364229580723], [-95.30999899472319, 29.908298229317328], [-95.31031899439031, 29.908351228718207], [-95.31123799518048, 29.90445922868796], [-95.31172399452899, 29.90281522847728], [-95.3122469945857, 29.901640227367732], [-95.31386799463445, 29.898467226839134], [-95.31825299582803, 29.890962225386303]]]}, "properties": {"kind": "gap", "pct_zero_car": 0.0361445783133, "jobs_transit_45": 144589.0}}, {"type": "Feature", "geometry": {"type": "Polygon", "coordinates": [[[-95.24723896635605, 29.62722117425552], [-95.24685196674176, 29.619848171854898], [-95.24655196536948, 29.619142171702478], [-95.24564396534828, 29.618262171957298], [-95.24540296532386, 29.61789917205932], [-95.24369696488633, 29.618173172191508], [-95.24264896422471, 29.61878417217774], [-95.2421479648076, 29.619366172512194], [-95.24140096354658, 29.62060517214597], [-95.24063896401356, 29.621559172694674], [-95.24033896443791, 29.62222217316167], [-95.24021896478732, 29.622705174020357], [-95.23963996285745, 29.622719173297714], [-95.23883796314146, 29.622929173157456], [-95.23826796322908, 29.62297217278839], [-95.2384799638395, 29.627486175310302], [-95.23852996316988, 29.627594174712186], [-95.24723896635605, 29.62722117425552]]]}, "properties": {"kind": "gap", "pct_zero_car": 0.138055222089, "jobs_transit_45": 22480.0}}, {"type": "Feature", "geometry": {"type": "Polygon", "coordinates": [[[-95.30996699224119, 29.84836921655191], [-95.30986899143358, 29.841655215126313], [-95.30968099201091, 29.84067921519605], [-95.30210598880176, 29.840748216538262], [-95.30205598947137, 29.83901921568428], [-95.29357998681203, 29.847329216777215], [-95.29207798658898, 29.848700217540895], [-95.29416398786644, 29.848664217816086], [-95.29447798768581, 29.848583217608624], [-95.29558198932222, 29.84854821748902], [-95.30996699224119, 29.84836921655191]]]}, "properties": {"kind": "gap", "pct_zero_car": 0.167763157895, "jobs_transit_45": 124240.0}}, {"type": "Feature", "geometry": {"type": "Polygon", "coordinates": [[[-95.26528897525999, 29.739217196170713], [-95.26543197627343, 29.738250195694462], [-95.2630719753596, 29.7367691959137], [-95.25778997401545, 29.733210195428015], [-95.25738897325914, 29.733713194900798], [-95.25727897365428, 29.734275195546548], [-95.25753897394529, 29.74367919690922], [-95.2589409746092, 29.743601196435495], [-95.26132197454112, 29.74311219631293], [-95.26172997497012, 29.74309819741317], [-95.26359897471598, 29.743418196735853], [-95.26493297560783, 29.74344019727572], [-95.26500297592804, 29.741369196589577], [-95.26528897525999, 29.739217196170713]]]}, "properties": {"kind": "gap", "pct_zero_car": 0.179487179487, "jobs_transit_45": 33206.0}}, {"type": "Feature", "geometry": {"type": "Polygon", "coordinates": [[[-95.2283249605068, 29.605255169787213], [-95.22836496068977, 29.60483116967932], [-95.22567295951491, 29.604909170087172], [-95.22520895900941, 29.605027169928686], [-95.22487095890061, 29.60524517013309], [-95.2231459590948, 29.60682517035437], [-95.22505396009703, 29.60841517015093], [-95.22376995853557, 29.609422171241683], [-95.22199495850106, 29.610462171225883], [-95.22266395904596, 29.611409171686713], [-95.22303095856876, 29.61218617159728], [-95.22439395887463, 29.611741171710822], [-95.22513195901652, 29.611585171252308], [-95.226480959977, 29.61143817148542], [-95.22783396023712, 29.61142917133333], [-95.22787596096822, 29.60980217133823], [-95.2283249605068, 29.605255169787213]]]}, "properties": {"kind": "gap", "pct_zero_car": 0.0882800608828, "jobs_transit_45": 22760.0}}, {"type": "Feature", "geometry": {"type": "Polygon", "coordinates": [[[-95.30047898621031, 29.76045419936084], [-95.29886698458579, 29.759773199185684], [-95.29830598489423, 29.760614199523005], [-95.29777798481463, 29.761673199476977], [-95.28992598429099, 29.772858202354758], [-95.2913289838815, 29.772896201337385], [-95.29265098417949, 29.77261820171686], [-95.29622398471304, 29.772527202091336], [-95.29610398506243, 29.767026200903402], [-95.29770198554496, 29.76699320122868], [-95.29762998467662, 29.762664200633782], [-95.29842098452195, 29.761546200146032], [-95.2989939857057, 29.76150919971506], [-95.29960398580107, 29.761687199682026], [-95.30047898621031, 29.76045419936084]]]}, "properties": {"kind": "gap", "pct_zero_car": 0.0722433460076, "jobs_transit_45": 139082.0}}, {"type": "Feature", "geometry": {"type": "Polygon", "coordinates": [[[-95.3159399911766, 29.7831792036812], [-95.3159259909329, 29.782203203546494], [-95.31504599050079, 29.782209203852815], [-95.31503799010488, 29.7819192037109], [-95.31337998934792, 29.78197520333593], [-95.30738898727587, 29.781955204086042], [-95.30736898808271, 29.787463204086485], [-95.31434099086918, 29.787359205224572], [-95.31488899104028, 29.78721420414209], [-95.3159199901868, 29.78676820373286], [-95.31587499087928, 29.78467820425324], [-95.3159399911766, 29.7831792036812]]]}, "properties": {"kind": "gap", "pct_zero_car": 0.310872894334, "jobs_transit_45": 74187.0}}, {"type": "Feature", "geometry": {"type": "Polygon", "coordinates": [[[-95.50672904122213, 29.83284520714144], [-95.50664504155654, 29.82936720595611], [-95.50292504070988, 29.82936720673536], [-95.50288104032896, 29.825575206110692], [-95.49556903868218, 29.82559620587039], [-95.49512403844324, 29.82575320671729], [-95.49484803915703, 29.826007206736158], [-95.49400603835976, 29.82542920521012], [-95.49368803744413, 29.82576720575332], [-95.50472704050857, 29.833672208096726], [-95.50627204218596, 29.832977206975645], [-95.50672904122213, 29.83284520714144]]]}, "properties": {"kind": "gap", "pct_zero_car": 0.0286085825748, "jobs_transit_45": 62612.0}}, {"type": "Feature", "geometry": {"type": "Polygon", "coordinates": [[[-95.56954505169945, 29.685569174657], [-95.56949405074751, 29.684816174748345], [-95.56343204853037, 29.684843174254944], [-95.55846104753084, 29.684667174739424], [-95.55748204826284, 29.68942917588568], [-95.5588380479977, 29.689637176137413], [-95.56008804922398, 29.689662176562702], [-95.56276605015512, 29.68925917622313], [-95.56275304973634, 29.68835917523819], [-95.56413204993572, 29.688330175741775], [-95.56410104997359, 29.6865111749728], [-95.56766905048428, 29.68646017440384], [-95.56768805075086, 29.685846175499698], [-95.567903050836, 29.685704174227716], [-95.56840405115142, 29.68575817509781], [-95.56954505169945, 29.685569174657]]]}, "properties": {"kind": "gap", "pct_zero_car": 0.212197159566, "jobs_transit_45": 107946.0}}, {"type": "Feature", "geometry": {"type": "Polygon", "coordinates": [[[-95.47175903487141, 29.89402022066467], [-95.47165503511434, 29.893144220731298], [-95.47115903572009, 29.891884220778604], [-95.4692390350223, 29.89247922051295], [-95.46875103422737, 29.892507220898516], [-95.46813903448216, 29.892394220879623], [-95.46836803481104, 29.8912152207255], [-95.47057803414042, 29.890485219722724], [-95.46944103468867, 29.88767521982306], [-95.46948303541978, 29.887398220064334], [-95.47005903517996, 29.886236219283457], [-95.47006003500488, 29.885261219190483], [-95.46928103395679, 29.885256218897776], [-95.46929203382746, 29.883934219174446], [-95.46937903476439, 29.88334221929681], [-95.46764803421249, 29.883296218046045], [-95.46796403368168, 29.88415021887559], [-95.46803403490019, 29.884914219313966], [-95.46790203465571, 29.885475219019465], [-95.46757403279601, 29.88610221967369], [-95.46708803344752, 29.886739219937372], [-95.46689903419995, 29.88722921910801], [-95.46717703403431, 29.88875721990128], [-95.46720903471969, 29.89009322123269], [-95.46768303527091, 29.891148221563604], [-95.4677460341218, 29.891715220418405], [-95.46731103482692, 29.892567220808285], [-95.46727903414155, 29.89334822099811], [-95.4675130344933, 29.893798221484644], [-95.46799103434417, 29.89430722116957], [-95.47175903487141, 29.89402022066467]]]}, "properties": {"kind": "gap", "pct_zero_car": 0.189873417722, "jobs_transit_45": 101657.0}}, {"type": "Feature", "geometry": {"type": "Polygon", "coordinates": [[[-95.48296503744211, 29.877352217764894], [-95.48329603697991, 29.877102217266618], [-95.48051803738797, 29.874336216811333], [-95.48045803711351, 29.873893216149604], [-95.48038303677043, 29.865663214950434], [-95.47910903615302, 29.865597215234885], [-95.47565503544516, 29.86576721493283], [-95.47458103394597, 29.866103215573414], [-95.47279703548725, 29.866892215439552], [-95.47387903468741, 29.873247215560085], [-95.47452903496576, 29.873172216128523], [-95.47494203541763, 29.873207216181815], [-95.47509203520544, 29.873845216425778], [-95.47527203602883, 29.874058216436136], [-95.47557703562734, 29.87421721699213], [-95.47585403563677, 29.87425221667879], [-95.47698903633702, 29.874109216568574], [-95.47710303613982, 29.874831216211376], [-95.47718303650578, 29.874946216987098], [-95.47758903548832, 29.874973216682662], [-95.47796203575723, 29.875090216836796], [-95.47855303648434, 29.875498216839667], [-95.47905503662466, 29.87568921615481], [-95.47980303681229, 29.876256216465528], [-95.47982203618055, 29.877233216870586], [-95.48096903747467, 29.877223217816645], [-95.48106003771126, 29.877275217248258], [-95.48112903640992, 29.87802521634091], [-95.48121603734687, 29.87814121667945], [-95.48149603683103, 29.87822321717305], [-95.48202103743591, 29.878065216902666], [-95.48296503744211, 29.877352217764894]]]}, "properties": {"kind": "gap", "pct_zero_car": 0.0743801652893, "jobs_transit_45": 132665.0}}, {"type": "Feature", "geometry": {"type": "Polygon", "coordinates": [[[-95.43214402523945, 29.895521222138484], [-95.43213102571897, 29.895206222394965], [-95.43180702405725, 29.893995222953226], [-95.43171402506913, 29.893160221958418], [-95.43164102437589, 29.886324220417215], [-95.43155902436013, 29.88625722030451], [-95.42586702383545, 29.886427220618785], [-95.42425402328435, 29.886892221051244], [-95.42176202302436, 29.888311221690525], [-95.42931902489352, 29.898031223098645], [-95.43212502587119, 29.89803722268083], [-95.43214402523945, 29.895521222138484]]]}, "properties": {"kind": "gap", "pct_zero_car": 0.0919540229885, "jobs_transit_45": 88215.0}}, {"type": "Feature", "geometry": {"type": "Polygon", "coordinates": [[[-95.48196702712777, 29.651549170838514], [-95.48216002747161, 29.65100017100182], [-95.4638460234686, 29.651283171372658], [-95.4640220231957, 29.66048217404159], [-95.46439102326666, 29.66014317329941], [-95.4658380223398, 29.659279173095467], [-95.46632302366, 29.65917517323561], [-95.46716002353608, 29.659152173770003], [-95.4680540242119, 29.658245172697573], [-95.46870802378989, 29.658129172705767], [-95.46891602510065, 29.65802517321848], [-95.46910502434822, 29.65733217284733], [-95.46994202422431, 29.657442172233612], [-95.47040802437964, 29.6573701726489], [-95.47653702654392, 29.653575171582236], [-95.47751202651227, 29.652904171871302], [-95.47792802643889, 29.652816171526197], [-95.47851902626768, 29.652898170856606], [-95.47879602627711, 29.652860170927664], [-95.47989102769269, 29.652557171802748], [-95.48125702747329, 29.65272217085965], [-95.48167402722481, 29.652157171215638], [-95.48196702712777, 29.651549170838514]]]}, "properties": {"kind": "gap", "pct_zero_car": 0.262872628726, "jobs_transit_45": 26714.0}}, {"type": "Feature", "geometry": {"type": "Polygon", "coordinates": [[[-95.23295996104734, 29.600722168603376], [-95.2313879605041, 29.59946216960971], [-95.23065196001204, 29.59878016784128], [-95.2303749600026, 29.59865416856745], [-95.22944895953974, 29.597796167690728], [-95.22804595994923, 29.596664168065438], [-95.22787895954465, 29.59656516824625], [-95.22748195988461, 29.596778168139284], [-95.2267269600243, 29.595937167832393], [-95.22196195799077, 29.592031167984768], [-95.22112995813755, 29.59287816795051], [-95.22067395802797, 29.59355916759478], [-95.21718895735796, 29.596845169006404], [-95.21672895615212, 29.597460168603288], [-95.21624495645344, 29.59845116827807], [-95.21601495629967, 29.599278168526308], [-95.21599695675631, 29.6010481700323], [-95.21752295726881, 29.60095216915073], [-95.23295996104734, 29.600722168603376]]]}, "properties": {"kind": "gap", "pct_zero_car": 0.143518518519, "jobs_transit_45": 22628.0}}, {"type": "Feature", "geometry": {"type": "Polygon", "coordinates": [[[-95.58799905724115, 29.710983179478944], [-95.58787005647142, 29.70374617796248], [-95.57538805363347, 29.703870178545838], [-95.57542105324544, 29.705426178993758], [-95.57673905334546, 29.70542917910426], [-95.57721805391958, 29.705501178607463], [-95.57792905519558, 29.705660178757974], [-95.57852105395098, 29.705918178746348], [-95.57939105433734, 29.706539179493546], [-95.58093405456826, 29.708221179594585], [-95.58190405541205, 29.708897179764225], [-95.5830190560208, 29.70921617946187], [-95.58494505656637, 29.70915517923852], [-95.58592205708285, 29.709358178712737], [-95.58630605632409, 29.70955617883841], [-95.586715056578, 29.70994117904876], [-95.58688505645732, 29.71042418020405], [-95.58695105657957, 29.711015179401898], [-95.58799905724115, 29.710983179478944]]]}, "properties": {"kind": "gap", "pct_zero_car": 0.184905660377, "jobs_transit_45": 130814.0}}, {"type": "Feature", "geometry": {"type": "Polygon", "coordinates": [[[-95.57538805363347, 29.703870178545838], [-95.57529205337401, 29.696755177144468], [-95.57469305314929, 29.691900176381836], [-95.57465805209088, 29.68804917518309], [-95.57200205179934, 29.68808317554802], [-95.57026305085152, 29.688381176142194], [-95.57092005080256, 29.690835176162558], [-95.57104305262284, 29.691807175996967], [-95.57121905324826, 29.703931178858447], [-95.57538805363347, 29.703870178545838]]]}, "properties": {"kind": "gap", "pct_zero_car": 0.067335243553, "jobs_transit_45": 93902.0}}, {"type": "Feature", "geometry": {"type": "Polygon", "coordinates": [[[-95.57111105149657, 29.696155177143737], [-95.57101905143509, 29.691485176667744], [-95.57092005080256, 29.690835176162558], [-95.57026305085152, 29.688381176142194], [-95.56715605047329, 29.689020175752137], [-95.56558705120142, 29.689200176502542], [-95.56276605015512, 29.68925917622313], [-95.56008804922398, 29.689662176562702], [-95.5588380479977, 29.689637176137413], [-95.55748204826284, 29.68942917588568], [-95.5571610487708, 29.692107176551936], [-95.55718704781174, 29.69534117771172], [-95.55814904825962, 29.695349177768925], [-95.5591890494236, 29.69552417768994], [-95.5603160488296, 29.695997177163914], [-95.56110904922306, 29.696596177723453], [-95.56153104989579, 29.696376177869105], [-95.56760705145831, 29.696442177641867], [-95.56847605112145, 29.696162177527224], [-95.57111105149657, 29.696155177143737]]]}, "properties": {"kind": "gap", "pct_zero_car": 0.162487462387, "jobs_transit_45": 102201.0}}, {"type": "Feature", "geometry": {"type": "Polygon", "coordinates": [[[-95.48684402841596, 29.65303417060802], [-95.48678102866678, 29.649578170760748], [-95.48333402673327, 29.650470170933758], [-95.48215702799688, 29.650307170656585], [-95.48228102694712, 29.650476171312523], [-95.48196702712777, 29.651549170838514], [-95.48167402722481, 29.652157171215638], [-95.48120902599608, 29.652786171107085], [-95.47801702702567, 29.6558041712777], [-95.47730702557455, 29.656690172468913], [-95.47685702531275, 29.657934172700784], [-95.47671302627101, 29.659301172556663], [-95.47886902607205, 29.65828517212536], [-95.48135502738258, 29.657568172163554], [-95.48300602756855, 29.657325171321055], [-95.4859520282883, 29.657254172429035], [-95.48590102823466, 29.653047171877645], [-95.48684402841596, 29.65303417060802]]]}, "properties": {"kind": "gap", "pct_zero_car": 0.224264705882, "jobs_transit_45": 82574.0}}, {"type": "Feature", "geometry": {"type": "Polygon", "coordinates": [[[-95.49759703125015, 29.642616169519954], [-95.49750503118862, 29.64138816823392], [-95.49742803029743, 29.635621167121446], [-95.49738603046463, 29.63489416751025], [-95.4972640302659, 29.634616167459736], [-95.49317302969848, 29.636106166618074], [-95.49335102997371, 29.644471169946865], [-95.49557903064307, 29.64442216860443], [-95.49555603107684, 29.643522168433407], [-95.49741103057899, 29.64348716926619], [-95.49758403083136, 29.643401167981683], [-95.49759703125015, 29.642616169519954]]]}, "properties": {"kind": "gap", "pct_zero_car": 0.244680851064, "jobs_transit_45": 70836.0}}, {"type": "Feature", "geometry": {"type": "Polygon", "coordinates": [[[-95.60467706112682, 29.714234179561366], [-95.60445506047066, 29.703498177116654], [-95.58787005647142, 29.70374617796248], [-95.58806505736341, 29.714955180335462], [-95.58834805722061, 29.715703180407438], [-95.6046760613019, 29.714327178687093], [-95.60467706112682, 29.714234179561366]]]}, "properties": {"kind": "gap", "pct_zero_car": 0.0372208436725, "jobs_transit_45": 28311.0}}, {"type": "Feature", "geometry": {"type": "Polygon", "coordinates": [[[-95.50118003272776, 29.666751173218262], [-95.50108203192016, 29.65726317160968], [-95.50090503236815, 29.656686170902184], [-95.49957503167425, 29.657034171563865], [-95.49892503229422, 29.657121171346077], [-95.4948910307299, 29.65713117131618], [-95.49491403029612, 29.658096171566566], [-95.4965950306193, 29.658078172572807], [-95.4967920311611, 29.658117172079823], [-95.49687703154993, 29.658231172113467], [-95.49699303190089, 29.66509517386575], [-95.49716603215323, 29.66578217359862], [-95.49720403178807, 29.666296172583433], [-95.49818803287556, 29.66631117429262], [-95.49828503206163, 29.66662317327516], [-95.4985220318881, 29.666760173891127], [-95.50118003272776, 29.666751173218262]]]}, "properties": {"kind": "gap", "pct_zero_car": 0.180762852405, "jobs_transit_45": 113872.0}}, {"type": "Feature", "geometry": {"type": "Polygon", "coordinates": [[[-95.50872103470341, 29.681618176425175], [-95.50864803490848, 29.676177175392077], [-95.50682303464525, 29.676203175070093], [-95.50593203434248, 29.676327174522815], [-95.50384503503676, 29.677124175298292], [-95.50286003322603, 29.677376175644916], [-95.49632203170613, 29.678460176251992], [-95.49563203124484, 29.67853217635067], [-95.4948480319705, 29.678514176330843], [-95.49399903060221, 29.678402176221688], [-95.49319903053606, 29.67817617527309], [-95.49298503117414, 29.6786841762163], [-95.49280403142417, 29.679434175906277], [-95.49281603111973, 29.68181717712843], [-95.50010103300232, 29.68176117619777], [-95.50269003334671, 29.681875176749386], [-95.50527803476452, 29.68165417691104], [-95.50872103470341, 29.681618176425175]]]}, "properties": {"kind": "gap", "pct_zero_car": 0.178472861086, "jobs_transit_45": 90360.0}}, {"type": "Feature", "geometry": {"type": "Polygon", "coordinates": [[[-95.53052604102083, 29.67642417362305], [-95.53043003986305, 29.674267175012172], [-95.53026504000661, 29.673826174014], [-95.53002604053033, 29.67353417298256], [-95.5294250406558, 29.673160173523648], [-95.5264260402326, 29.672110173839968], [-95.52579703897234, 29.671945174576607], [-95.52518603905206, 29.67187917354662], [-95.52093403792783, 29.672194173531278], [-95.5157720371326, 29.673622174719135], [-95.51602703740073, 29.674459174322116], [-95.51606003701269, 29.674946174415425], [-95.51599103741572, 29.675267174619993], [-95.51583203650874, 29.67553417449089], [-95.5146450368283, 29.67673917498], [-95.51504203648831, 29.676988175331967], [-95.51716003755283, 29.677573175011453], [-95.51763803740371, 29.677909174613216], [-95.51777503677275, 29.67814317524744], [-95.51845803845968, 29.681887176101654], [-95.52791203966379, 29.677086174373557], [-95.5295800404665, 29.67647217518694], [-95.53052604102083, 29.67642417362305]]]}, "properties": {"kind": "gap", "pct_zero_car": 0.153191489362, "jobs_transit_45": 72632.0}}, {"type": "Feature", "geometry": {"type": "Polygon", "coordinates": [[[-95.52810903930728, 29.664977172566857], [-95.52803103948948, 29.655689169263866], [-95.52539303874129, 29.655744170650706], [-95.52279903837403, 29.65561516996209], [-95.51965403746264, 29.655612170706608], [-95.51554703520507, 29.655667170574244], [-95.51418603544734, 29.65583317156795], [-95.51426503598839, 29.659961171329037], [-95.52100003715177, 29.659845171754313], [-95.52125803779293, 29.65998817126473], [-95.5213390379838, 29.662380172254704], [-95.52127703805952, 29.66549017262892], [-95.52431903903874, 29.66546617235109], [-95.52546003868844, 29.665327172483472], [-95.5263160388311, 29.665340172164743], [-95.52732103983499, 29.664992172131054], [-95.52810903930728, 29.664977172566857]]]}, "properties": {"kind": "gap", "pct_zero_car": 0.200643776824, "jobs_transit_45": 40924.0}}, {"type": "Feature", "geometry": {"type": "Polygon", "coordinates": [[[-95.53681904142003, 29.642330166992775], [-95.5369310406747, 29.64223016659453], [-95.5337220401892, 29.639573167059073], [-95.53101103964612, 29.637142166066923], [-95.53014803893242, 29.63792316585227], [-95.52951703892067, 29.63861916688425], [-95.5288940384065, 29.639553166752044], [-95.52845903821333, 29.640357168000765], [-95.52791703789002, 29.641930167926695], [-95.52911303958793, 29.6424741673294], [-95.52981203937176, 29.642988168261034], [-95.53064203867683, 29.643797167712698], [-95.53161304024387, 29.644469168139896], [-95.53257804016647, 29.64495816843346], [-95.53323603994241, 29.645191168312632], [-95.53466203999746, 29.645432167777738], [-95.5360650404863, 29.645401168167233], [-95.53604104109516, 29.64306716738019], [-95.53681904142003, 29.642330166992775]]]}, "properties": {"kind": "gap", "pct_zero_car": 0.174129353234, "jobs_transit_45": 51527.0}}, {"type": "Feature", "geometry": {"type": "Polygon", "coordinates": [[[-95.3978890149728, 29.85269221540838], [-95.39792501405951, 29.852538215207026], [-95.39296201255758, 29.84552921407533], [-95.3908440123914, 29.84554921463856], [-95.39098101265877, 29.853372215470824], [-95.3976840149334, 29.853293215945396], [-95.39777401444677, 29.85326521467847], [-95.3978890149728, 29.85269221540838]]]}, "properties": {"kind": "gap", "pct_zero_car": 0.200787401575, "jobs_transit_45": 107518.0}}, {"type": "Feature", "geometry": {"type": "Polygon", "coordinates": [[[-95.45051203505902, 30.014283245568112], [-95.44718603529597, 30.009775245785445], [-95.43711203125582, 30.015257246663136], [-95.43588503139239, 30.013568246226395], [-95.43245202970259, 30.015613246656923], [-95.43189703075713, 30.01624324721119], [-95.43158803096065, 30.017134247129615], [-95.4300660297478, 30.01724124763165], [-95.42894302964146, 30.017403247430554], [-95.42907303113442, 30.01856624812719], [-95.42862103032449, 30.017484247230726], [-95.42898903057052, 30.021157248273003], [-95.44211803421207, 30.017247246246132], [-95.44285203325768, 30.01712324706419], [-95.44792403453954, 30.01558924635671], [-95.44893903558919, 30.015140245599603], [-95.45051203505902, 30.014283245568112]]]}, "properties": {"kind": "gap", "pct_zero_car": 0.110576923077, "jobs_transit_45": 70171.0}}, {"type": "Feature", "geometry": {"type": "Polygon", "coordinates": [[[-95.5242290467119, 29.851869210674], [-95.52417404646032, 29.84748620918355], [-95.5151090445203, 29.84103820819736], [-95.51490904450378, 29.841182208665284], [-95.51391904356848, 29.841180208443742], [-95.51411904448334, 29.84626620986135], [-95.51471304378687, 29.847491209811118], [-95.51475404469308, 29.849150209889622], [-95.51487704471673, 29.849542210346552], [-95.51536404478844, 29.850385210484156], [-95.51539904494854, 29.85093021094478], [-95.51160004356085, 29.85096221135974], [-95.50986604353422, 29.851293210764645], [-95.51125504467767, 29.852066211602228], [-95.51165704346226, 29.851989210269295], [-95.51441604368597, 29.85194421131448], [-95.5242290467119, 29.851869210674]]]}, "properties": {"kind": "gap", "pct_zero_car": 0.047261009667, "jobs_transit_45": 49110.0}}, {"type": "Feature", "geometry": {"type": "Polygon", "coordinates": [[[-95.38119301423875, 29.938701232590972], [-95.38056601442496, 29.936082231654655], [-95.37962301334534, 29.932793231977364], [-95.37651401331728, 29.93329823182237], [-95.37209501089016, 29.933449232345072], [-95.35749400806112, 29.931378233505853], [-95.3518570059914, 29.931366232129985], [-95.34958300618963, 29.930552233251756], [-95.34846800558088, 29.930389232288903], [-95.34528000411348, 29.930335232555805], [-95.34225000462644, 29.930374232755216], [-95.3348150020577, 29.929892232471666], [-95.33156500156433, 29.930170233579116], [-95.30996999530919, 29.930492234423312], [-95.30989999588729, 29.930814235004092], [-95.31004799602529, 29.931391234475797], [-95.31010699647484, 29.933201233948683], [-95.31004299600242, 29.933319234600006], [-95.30846199434004, 29.933374234624853], [-95.30848399497967, 29.934127235234197], [-95.30776999512722, 29.934166234725957], [-95.30769299513433, 29.934743235001857], [-95.30734099568014, 29.934661234312575], [-95.30646299489786, 29.934638235028018], [-95.30665399469356, 29.935530235000147], [-95.30325099403932, 29.93557823537236], [-95.30344499510639, 29.939943236051672], [-95.30709799510757, 29.939871235529875], [-95.30995599686209, 29.93952123584034], [-95.31165499672863, 29.93942023585448], [-95.31164699723102, 29.93929123608567], [-95.3144899971203, 29.93921523624609], [-95.32042999913871, 29.939235235922705], [-95.3302200008018, 29.939114235171107], [-95.3563930085944, 29.938961234087255], [-95.36453101024661, 29.93882023324637], [-95.38119301423875, 29.938701232590972]]]}, "properties": {"kind": "gap", "pct_zero_car": 0.126427406199, "jobs_transit_45": 46521.0}}, {"type": "Feature", "geometry": {"type": "Polygon", "coordinates": [[[-95.36833600609219, 29.846196214998038], [-95.36819600545181, 29.83758821348894], [-95.36026800476017, 29.83764221282663], [-95.3590680037626, 29.83746021410541], [-95.35680400310824, 29.837434213370468], [-95.35905800461519, 29.84650321558076], [-95.36091600538869, 29.846275214684887], [-95.36833600609219, 29.846196214998038]]]}, "properties": {"kind": "gap", "pct_zero_car": 0.110671936759, "jobs_transit_45": 114995.0}}, {"type": "Feature", "geometry": {"type": "Polygon", "coordinates": [[[-95.26557797676162, 29.767363201826523], [-95.2649079763918, 29.744778198063642], [-95.26493297560783, 29.74344019727572], [-95.26359897471598, 29.743418196735853], [-95.26172997497012, 29.74309819741317], [-95.26132197454112, 29.74311219631293], [-95.2589409746092, 29.743601196435495], [-95.25753897394529, 29.74367919690922], [-95.25727897365428, 29.734275195546548], [-95.25738897325914, 29.733713194900798], [-95.25778997401545, 29.733210195428015], [-95.25642297261331, 29.732327194102684], [-95.25600797340992, 29.73213319455464], [-95.25509997249041, 29.731986194598967], [-95.25513097245255, 29.73272319539328], [-95.25361297233599, 29.73276019552855], [-95.25371197207019, 29.738960195935046], [-95.25399797319878, 29.74619319756256], [-95.25431097319321, 29.757501200195534], [-95.25429697384783, 29.757601200544148], [-95.25163197243715, 29.757614200761534], [-95.25172297357206, 29.759924200313215], [-95.25587097314256, 29.759896200968324], [-95.25606297366151, 29.76818420273625], [-95.25940597493963, 29.768702202646306], [-95.25940697476452, 29.768249201619447], [-95.26313797548184, 29.768198202031407], [-95.26554697769778, 29.768283202889997], [-95.26557797676162, 29.767363201826523]]]}, "properties": {"kind": "gap", "pct_zero_car": 0.128479657388, "jobs_transit_45": 33562.0}}, {"type": "Feature", "geometry": {"type": "Polygon", "coordinates": [[[-95.35178500332644, 29.87099721976892], [-95.35189800330436, 29.870997221326885], [-95.35000600309398, 29.867346219431], [-95.34991100265941, 29.859445217832928], [-95.34312700109224, 29.859489217763816], [-95.3431310012902, 29.861735218710805], [-95.33903600052483, 29.861761218571463], [-95.33634299952504, 29.86170021930711], [-95.33591999902744, 29.86160421823102], [-95.33521999852039, 29.86128721980761], [-95.33484899879961, 29.861916218858845], [-95.33559599826401, 29.862115218457674], [-95.33815799974253, 29.862230218311097], [-95.33905400096648, 29.863110219068663], [-95.34032799978726, 29.863423218381627], [-95.34074400061216, 29.86376921874956], [-95.34106599992914, 29.863863219533876], [-95.34139400089052, 29.864115219475853], [-95.34161499992514, 29.864401219319053], [-95.34222100072087, 29.865880218640978], [-95.34252400066956, 29.866122219554335], [-95.34263200152293, 29.867100220523984], [-95.34272600033593, 29.86733121975252], [-95.34270800169091, 29.867562220783217], [-95.34258100146928, 29.86773821931768], [-95.34125100077539, 29.868244220483177], [-95.3411880010262, 29.86864022085842], [-95.34141500080692, 29.869124220394127], [-95.34159200125723, 29.869839220351246], [-95.34149699992436, 29.870229220150886], [-95.3411040013606, 29.871078221261417], [-95.35178500332644, 29.87099721976892]]]}, "properties": {"kind": "gap", "pct_zero_car": 0.179487179487, "jobs_transit_45": 41803.0}}, {"type": "Feature", "geometry": {"type": "Polygon", "coordinates": [[[-95.39560101492731, 29.869931218108437], [-95.3955170143634, 29.86434721731403], [-95.39488401470182, 29.864351218386822], [-95.39480701470893, 29.86374221757971], [-95.39476401415293, 29.86052421709503], [-95.39493101455749, 29.85964421690555], [-95.38652601204326, 29.85968821752779], [-95.38566901117738, 29.8596432165902], [-95.38471401040219, 29.859443216419084], [-95.38492001296146, 29.87005521942194], [-95.39560101492731, 29.869931218108437]]]}, "properties": {"kind": "gap", "pct_zero_car": 0.205958549223, "jobs_transit_45": 119729.0}}, {"type": "Feature", "geometry": {"type": "Polygon", "coordinates": [[[-95.28913098065442, 29.70255618779911], [-95.28888698025696, 29.70248818826978], [-95.28586397954429, 29.702475187149627], [-95.28587997943784, 29.70487718848062], [-95.28639497999696, 29.7048821884319], [-95.28764097922864, 29.70421318836675], [-95.28763597920576, 29.70332218842802], [-95.28854298030038, 29.70330618802235], [-95.28866997962366, 29.703239188539204], [-95.28913098065442, 29.70255618779911]]]}, "properties": {"kind": "gap", "pct_zero_car": 0.0521978021978, "jobs_transit_45": 81978.0}}, {"type": "Feature", "geometry": {"type": "Polygon", "coordinates": [[[-95.2897499800723, 29.70156218782495], [-95.28970997988934, 29.701107187120986], [-95.28961498035311, 29.700920187362502], [-95.28964197921897, 29.700470187822884], [-95.28914598072303, 29.700400187748002], [-95.28742897951653, 29.700495187893576], [-95.28736898014039, 29.700535187681556], [-95.28739298042984, 29.701281187597562], [-95.28690297998507, 29.70130318723279], [-95.28688797901813, 29.700649188004324], [-95.28657797939674, 29.70065418738584], [-95.28539197864288, 29.701011187993693], [-95.28452597845447, 29.70114518754681], [-95.28361897825819, 29.701168187551122], [-95.28362697865411, 29.70182818695766], [-95.28583897853161, 29.701736188293637], [-95.28586797884395, 29.702329188559446], [-95.28915398022065, 29.702279187764262], [-95.28926198017568, 29.702344188012884], [-95.2897499800723, 29.70156218782495]]]}, "properties": {"kind": "gap", "pct_zero_car": 0.0938242280285, "jobs_transit_45": 85979.0}}, {"type": "Feature", "geometry": {"type": "Polygon", "coordinates": [[[-95.38785601273717, 29.87808322003216], [-95.38797201308813, 29.87808022119846], [-95.38645701244629, 29.87560821996454], [-95.3865210129187, 29.87560821996454], [-95.3850350125892, 29.87304322012134], [-95.38488001188017, 29.871740219530544], [-95.38492001296146, 29.87005521942194], [-95.36845200734146, 29.87024822022998], [-95.36509200634492, 29.870737219217276], [-95.36653700666656, 29.876482221801496], [-95.36639100797498, 29.873539219882556], [-95.3676590078463, 29.878534221006635], [-95.37128800935467, 29.87849422063305], [-95.37303900909974, 29.878232221450197], [-95.38785601273717, 29.87808322003216]]]}, "properties": {"kind": "gap", "pct_zero_car": 0.117391304348, "jobs_transit_45": 102099.0}}, {"type": "Feature", "geometry": {"type": "Polygon", "coordinates": [[[-95.55738604890169, 29.704507178909196], [-95.55718704781174, 29.69534117771172], [-95.5567190480066, 29.6953371776829], [-95.55670704831104, 29.69645017761139], [-95.55220304729175, 29.69651017736245], [-95.55229704700307, 29.70181217851106], [-95.5521160463548, 29.702497178720478], [-95.55150804680757, 29.703776179564937], [-95.551467047698, 29.704821179333706], [-95.55738604890169, 29.704507178909196]]]}, "properties": {"kind": "gap", "pct_zero_car": 0.107011070111, "jobs_transit_45": 139343.0}}, {"type": "Feature", "geometry": {"type": "Polygon", "coordinates": [[[-95.31366799102464, 29.827403212976137], [-95.3134599915105, 29.815125210770844], [-95.3019189883057, 29.811155209422594], [-95.30199698902182, 29.825992212536576], [-95.30891199011025, 29.825963212314154], [-95.30892299087922, 29.827711212727362], [-95.31028299171035, 29.827694212836693], [-95.31111599049018, 29.8275712133124], [-95.31351399193716, 29.82756121240033], [-95.31366799102464, 29.827403212976137]]]}, "properties": {"kind": "gap", "pct_zero_car": 0.0490654205607, "jobs_transit_45": 12355.0}}, {"type": "Feature", "geometry": {"type": "Polygon", "coordinates": [[[-95.30196498833644, 29.82268821228917], [-95.30188898727015, 29.80742820847196], [-95.29769998679345, 29.8051712084488], [-95.2963669866248, 29.80466220859186], [-95.29458998604215, 29.804273208487945], [-95.293500986271, 29.80421320850361], [-95.29017398398811, 29.804227208996856], [-95.29021298434616, 29.804422209371786], [-95.29100498491472, 29.804595209789913], [-95.29129098514498, 29.80481120889619], [-95.29137998483344, 29.8068102091763], [-95.2917289848129, 29.808329209096357], [-95.29187898549904, 29.810814210061174], [-95.29202798546196, 29.811675210710792], [-95.29194498651961, 29.8260022136056], [-95.29227498623248, 29.826012213115007], [-95.2928739873555, 29.825837213373212], [-95.29326098696981, 29.82554621278128], [-95.29371198705651, 29.82488021335565], [-95.29369098714011, 29.822713212279396], [-95.30196498833644, 29.82268821228917]]]}, "properties": {"kind": "gap", "pct_zero_car": 0.141509433962, "jobs_transit_45": 12524.0}}, {"type": "Feature", "geometry": {"type": "Polygon", "coordinates": [[[-95.3240239950971, 29.848099216625076], [-95.31624099237379, 29.8482232170169], [-95.31635099377529, 29.848904217554498], [-95.31635699272475, 29.85445421837933], [-95.31464099313979, 29.85451521895589], [-95.30874299185248, 29.854493218675568], [-95.3084279913099, 29.854598218978023], [-95.30810599199295, 29.85460321847026], [-95.30768999206633, 29.854521218818984], [-95.30629599090001, 29.854537218452187], [-95.30559599129127, 29.85466921922383], [-95.30504699039697, 29.85457021807714], [-95.30491499015247, 29.85440521906423], [-95.30480099124799, 29.85386121769042], [-95.30415799064234, 29.853668218689023], [-95.30397499034423, 29.854433218453153], [-95.30395599007765, 29.85470221880516], [-95.30405699036, 29.85499321860718], [-95.30436599015648, 29.85550521875902], [-95.30524899096164, 29.856302218730164], [-95.30637799091578, 29.856797218788277], [-95.30667499191502, 29.85792921913073], [-95.30693999043226, 29.858292218430446], [-95.30750099192045, 29.858474219696504], [-95.30883799138873, 29.858045219464703], [-95.30916599145178, 29.85805021956338], [-95.30976499257481, 29.85829221920953], [-95.31055399277034, 29.85801721875169], [-95.3113419922426, 29.857990219920932], [-95.31185999317479, 29.85805621843497], [-95.31234499269836, 29.858303219710688], [-95.31293199322752, 29.85882021930463], [-95.31471699330777, 29.86082121966318], [-95.31570799406796, 29.861464220358855], [-95.31609299403242, 29.862328220141006], [-95.31730399400233, 29.862624220170964], [-95.31807199517975, 29.862906220040813], [-95.3240239950971, 29.848099216625076]]]}, "properties": {"kind": "gap", "pct_zero_car": 0.0818181818182, "jobs_transit_45": 62521.0}}, {"type": "Feature", "geometry": {"type": "Polygon", "coordinates": [[[-95.31635499487156, 29.854385218716732], [-95.31635099377529, 29.848904217554498], [-95.31624099237379, 29.8482232170169], [-95.31282099200111, 29.848335217565175], [-95.30215799047691, 29.848494217814675], [-95.30208299013385, 29.848996217470095], [-95.30191098970641, 29.84945221800221], [-95.30076698968365, 29.85101721789236], [-95.30052798930905, 29.85178821774138], [-95.30049898989506, 29.853089217887742], [-95.30150899002352, 29.853223218217114], [-95.30309799028517, 29.8530422178866], [-95.30386098964311, 29.853168218353662], [-95.30407598972826, 29.85328921832483], [-95.30415799064234, 29.853668218689023], [-95.30480099124799, 29.85386121769042], [-95.30491499015247, 29.85440521906423], [-95.30516699094588, 29.854614219377996], [-95.30559599129127, 29.85466921922383], [-95.30629599090001, 29.854537218452187], [-95.30768999206633, 29.854521218818984], [-95.3084279913099, 29.854598218978023], [-95.30874299185248, 29.854493218675568], [-95.31464099313979, 29.85451521895589], [-95.31635699272475, 29.85445421837933], [-95.31635499487156, 29.854385218716732]]]}, "properties": {"kind": "gap", "pct_zero_car": 0.197879858657, "jobs_transit_45": 123939.0}}, {"type": "Feature", "geometry": {"type": "Polygon", "coordinates": [[[-95.30208299013385, 29.848996217470095], [-95.30215799047691, 29.848494217814675], [-95.29558198932222, 29.84854821748902], [-95.29447798768581, 29.848583217608624], [-95.29416398786644, 29.848664217816086], [-95.29207798658898, 29.848700217540895], [-95.28904498672891, 29.851751218735487], [-95.2891839866461, 29.85195221835], [-95.28977698612469, 29.85239721903368], [-95.29006098670514, 29.852469218894836], [-95.29043298714915, 29.852436219354473], [-95.29127798742114, 29.852513218784416], [-95.29152398746844, 29.852491218842022], [-95.29183298726491, 29.852348217929773], [-95.29257098650848, 29.851678217961346], [-95.29297498673954, 29.85154021942584], [-95.29366298755102, 29.85152421853316], [-95.29402198847454, 29.85168321837896], [-95.29530198893973, 29.852656217902098], [-95.29722598803883, 29.853877219766762], [-95.29750398966982, 29.853987218682068], [-95.29796398997735, 29.85397121896066], [-95.29934498982655, 29.8535692181078], [-95.29993198945739, 29.85314621855567], [-95.30049898989506, 29.853089217887742], [-95.30052798930905, 29.85178821774138], [-95.30076698968365, 29.85101721789236], [-95.30181598927184, 29.849610216836208], [-95.30208299013385, 29.848996217470095]]]}, "properties": {"kind": "gap", "pct_zero_car": 0.368421052632, "jobs_transit_45": 124032.0}}, {"type": "Feature", "geometry": {"type": "Polygon", "coordinates": [[[-95.30207098864167, 29.838672214719974], [-95.30206898989016, 29.838473215922573], [-95.29247498714733, 29.83850521565413], [-95.29158498666948, 29.838611215373543], [-95.28842698623762, 29.83862621625099], [-95.28848598578884, 29.84267721694832], [-95.28839998647344, 29.84936321820371], [-95.2881799854671, 29.851235218767734], [-95.28862898590398, 29.85136421881491], [-95.28904498672891, 29.851751218735487], [-95.29207798658898, 29.848700217540895], [-95.29357998681203, 29.847329216777215], [-95.30047698925544, 29.84060921641688], [-95.30205598947137, 29.83901921568428], [-95.30207098864167, 29.838672214719974]]]}, "properties": {"kind": "gap", "pct_zero_car": 0.0893300248139, "jobs_transit_45": 71136.0}}, {"type": "Feature", "geometry": {"type": "Polygon", "coordinates": [[[-95.36678000723911, 29.879721221714114], [-95.36567700722424, 29.875577221376343], [-95.36653700666656, 29.876482221801496], [-95.36509200634492, 29.870737219217276], [-95.35189800330436, 29.870997221326885], [-95.35522600451384, 29.87721922193359], [-95.35519600527495, 29.87958322223364], [-95.36023800641958, 29.87957622142518], [-95.36140200653381, 29.879802221574213], [-95.36678000723911, 29.879721221714114]]]}, "properties": {"kind": "gap", "pct_zero_car": 0.059375, "jobs_transit_45": 64053.0}}, {"type": "Feature", "geometry": {"type": "Polygon", "coordinates": [[[-95.30056899021527, 29.86687522143909], [-95.3005089899408, 29.85764321943731], [-95.29895899003718, 29.857670219141028], [-95.29844898950093, 29.85776021965882], [-95.29758798933541, 29.85807521849488], [-95.2938909889533, 29.859989219157246], [-95.29289198869549, 29.860426220505023], [-95.29297098833821, 29.867012221901337], [-95.29973098961594, 29.86693722167732], [-95.30056899021527, 29.86687522143909]]]}, "properties": {"kind": "gap", "pct_zero_car": 0.104651162791, "jobs_transit_45": 87401.0}}, {"type": "Feature", "geometry": {"type": "Polygon", "coordinates": [[[-95.28434098479477, 29.82594921408492], [-95.28429098456604, 29.821826213041614], [-95.27737998187892, 29.821881213018525], [-95.27729298273862, 29.821835213054065], [-95.27699298226464, 29.821856213599588], [-95.27632398171974, 29.822219212311424], [-95.2699219806423, 29.822264212968044], [-95.2700989810926, 29.8314542144569], [-95.28427898487047, 29.831341213861183], [-95.28434098479477, 29.82594921408492]]]}, "properties": {"kind": "gap", "pct_zero_car": 0.19222462203, "jobs_transit_45": 137283.0}}, {"type": "Feature", "geometry": {"type": "Polygon", "coordinates": [[[-95.28440698401867, 29.811744211036753], [-95.28441798299102, 29.81099021118426], [-95.27743898232848, 29.811111210802338], [-95.27737998187892, 29.821881213018525], [-95.28429098456604, 29.821826213041614], [-95.28440698401867, 29.811744211036753]]]}, "properties": {"kind": "gap", "pct_zero_car": 0.172680412371, "jobs_transit_45": 125717.0}}, {"type": "Feature", "geometry": {"type": "Polygon", "coordinates": [[[-95.28446598356992, 29.804317209337036], [-95.28332398319698, 29.804189209435176], [-95.28240698295497, 29.80387220885729], [-95.28157798257648, 29.803434208648465], [-95.28014698249856, 29.802478207874177], [-95.26971097895844, 29.807051210523774], [-95.2699219806423, 29.822264212968044], [-95.27632398171974, 29.822219212311424], [-95.27699298226464, 29.821856213599588], [-95.27737998187892, 29.821881213018525], [-95.27743898232848, 29.811111210802338], [-95.28441798299102, 29.81099021118426], [-95.28446598356992, 29.804317209337036]]]}, "properties": {"kind": "gap", "pct_zero_car": 0.166666666667, "jobs_transit_45": 125711.0}}, {"type": "Feature", "geometry": {"type": "Polygon", "coordinates": [[[-95.284926985499, 29.849021218668945], [-95.28486598539963, 29.8481272185618], [-95.28462298482707, 29.84745621787949], [-95.28409398582087, 29.847520217809272], [-95.28049498355142, 29.84757421801037], [-95.28028798386218, 29.83707221592156], [-95.27698798224176, 29.83710421610195], [-95.27698698241687, 29.83353621544501], [-95.27687098296421, 29.831396214836012], [-95.2700989810926, 29.8314542144569], [-95.27015298151927, 29.836175215509936], [-95.26983798097669, 29.836499215680906], [-95.26959198092939, 29.836571215316432], [-95.262730978471, 29.836594216974852], [-95.2624759791012, 29.836763216428555], [-95.2622439792976, 29.837046216644143], [-95.26232397966353, 29.848105219211245], [-95.26254297994666, 29.848169218725115], [-95.26288997937797, 29.84805321860208], [-95.26384297960502, 29.847487218191482], [-95.26473298098118, 29.8468172183272], [-95.26504198077767, 29.846789218360627], [-95.26558998094876, 29.84688321799479], [-95.26623998032879, 29.846872218572702], [-95.26656798129017, 29.846790218804788], [-95.26754598073322, 29.84614121749692], [-95.2681199808436, 29.84600421799386], [-95.26862498045865, 29.845548218077827], [-95.26892698148076, 29.845026217565692], [-95.26934398123228, 29.844602217974547], [-95.26953898122596, 29.844487217291775], [-95.26970298125747, 29.844487217291775], [-95.2699559818758, 29.84456421739774], [-95.27023898173302, 29.845021217593864], [-95.27045398181816, 29.845158218445537], [-95.2718659816295, 29.845092217637834], [-95.27245898200646, 29.84493321742543], [-95.27295098210102, 29.845032217999098], [-95.27431298258198, 29.845566217724375], [-95.27452098209612, 29.845747217582996], [-95.27513298273963, 29.846792218134794], [-95.27518898371446, 29.847518218493846], [-95.27547998306927, 29.84781521924436], [-95.27794498356509, 29.848558217858375], [-95.28029198495845, 29.84866821795933], [-95.28241698479734, 29.84864121815825], [-95.28295998494555, 29.84890021897903], [-95.28449798515359, 29.84986321889634], [-95.284926985499, 29.849021218668945]]]}, "properties": {"kind": "gap", "pct_zero_car": 0.0658064516129, "jobs_transit_45": 55949.0}}, {"type": "Feature", "geometry": {"type": "Polygon", "coordinates": [[[-95.28848598578884, 29.84267721694832], [-95.28842698623762, 29.83862621625099], [-95.28848098576599, 29.831320213750214], [-95.27687098296421, 29.831396214836012], [-95.27698698241687, 29.83353621544501], [-95.27698798224176, 29.83710421610195], [-95.28028798386218, 29.83707221592156], [-95.28049498355142, 29.84757421801037], [-95.28409398582087, 29.847520217809272], [-95.28462298482707, 29.84745621787949], [-95.28486598539963, 29.8481272185618], [-95.284926985499, 29.849021218668945], [-95.28449798515359, 29.84986321889634], [-95.28498398629873, 29.85009321865462], [-95.28532398605735, 29.850401218571594], [-95.28563998642484, 29.850522218779826], [-95.28609398598628, 29.850561219054004], [-95.28633998603357, 29.850791218762556], [-95.2881799854671, 29.851235218767734], [-95.28839998647344, 29.84936321820371], [-95.28848598578884, 29.84267721694832]]]}, "properties": {"kind": "gap", "pct_zero_car": 0.19073083779, "jobs_transit_45": 55935.0}}, {"type": "Feature", "geometry": {"type": "Polygon", "coordinates": [[[-95.34449200284455, 29.880974222802966], [-95.34444800246362, 29.880715221880166], [-95.34391400253624, 29.879578222435168], [-95.3435470012168, 29.879584222349138], [-95.34367600198655, 29.878415221522737], [-95.3435330018714, 29.877348221887054], [-95.3432640022579, 29.876932221305708], [-95.33947500091595, 29.87697122216422], [-95.33951200072589, 29.880502222066696], [-95.33246599831956, 29.88053122280675], [-95.33234999886692, 29.88064822267168], [-95.33236199946079, 29.881593222180992], [-95.33192899891745, 29.88165722358616], [-95.33003299761079, 29.88169122290423], [-95.3300609989965, 29.883173223148212], [-95.33047799874802, 29.884437223653805], [-95.33053499775112, 29.886907224797707], [-95.33230899975736, 29.88688922404014], [-95.33333700032748, 29.886734224391983], [-95.3429680019819, 29.886746224137156], [-95.34274600222403, 29.886159223290306], [-95.34275200207183, 29.88582922354421], [-95.34256300282426, 29.88507622299345], [-95.34267600190385, 29.883448222809236], [-95.34280800214833, 29.88310722333478], [-95.34408900154011, 29.881749222126498], [-95.34449200284455, 29.880974222802966]]]}, "properties": {"kind": "gap", "pct_zero_car": 0.0835475578406, "jobs_transit_45": 54279.0}}, {"type": "Feature", "geometry": {"type": "Polygon", "coordinates": [[[-95.48095703688078, 29.865756215254418], [-95.48162303705266, 29.86576821440779], [-95.47332403484363, 29.851056211740087], [-95.47335203353443, 29.85944421439927], [-95.47342203475291, 29.86111621373484], [-95.46971303377691, 29.861098213775616], [-95.46969003331239, 29.862050215128573], [-95.47005103298741, 29.86223921468338], [-95.47077803415696, 29.863315214841954], [-95.4776020350088, 29.863284213991875], [-95.47839503540226, 29.863411214272062], [-95.47880003635655, 29.863674213706595], [-95.47918503632101, 29.8640592152158], [-95.47981603723109, 29.865132215223046], [-95.48003403679097, 29.865360214338686], [-95.48038303677043, 29.865663214950434], [-95.48095703688078, 29.865756215254418]]]}, "properties": {"kind": "gap", "pct_zero_car": 0.176056338028, "jobs_transit_45": 141640.0}}, {"type": "Feature", "geometry": {"type": "Polygon", "coordinates": [[[-95.27015298151927, 29.836175215509936], [-95.26971097895844, 29.807051210523774], [-95.26611397903378, 29.80890821132628], [-95.26200997804756, 29.810757211739123], [-95.24464297442381, 29.818173212685057], [-95.24068297247933, 29.81975821345906], [-95.22993197019328, 29.82456521579898], [-95.23029297076663, 29.82534821577466], [-95.23038997085101, 29.825861215039282], [-95.23045197077528, 29.82769021497074], [-95.23056697130133, 29.828325215137536], [-95.23090497051182, 29.828895215967968], [-95.23160997104173, 29.829817215273494], [-95.23181697162929, 29.82996821672324], [-95.23179397116476, 29.83032121650753], [-95.2304819709125, 29.832101216503464], [-95.2302639704543, 29.832639216792668], [-95.23014597045353, 29.834006217432705], [-95.23043897125481, 29.83462921742559], [-95.23112397079494, 29.835368217615656], [-95.23285297079869, 29.836764216973144], [-95.23393197142242, 29.837759217005754], [-95.23418397221583, 29.838094217104683], [-95.23487797197677, 29.838336217589074], [-95.23575497293415, 29.838149217478794], [-95.2364289726036, 29.8381982185374], [-95.23657497309179, 29.838286216847997], [-95.23674497297111, 29.83855521706483], [-95.23683397265957, 29.839127218237763], [-95.23772897316029, 29.83953921772895], [-95.23831597279111, 29.840545218291588], [-95.23982997360804, 29.840682217491366], [-95.24039197402281, 29.84099521777912], [-95.24062497365132, 29.841297218608226], [-95.24069497397154, 29.84162721838757], [-95.24033597394633, 29.842853218845963], [-95.24036797373337, 29.843359218385956], [-95.24052597391712, 29.84346421870996], [-95.24116297377667, 29.843430218053143], [-95.24176197400138, 29.84377621837581], [-95.24214097501638, 29.84390321854258], [-95.24251897530816, 29.84412821954579], [-95.24285997399338, 29.844821218515573], [-95.2429799745423, 29.84486521865885], [-95.2432829753893, 29.844853218550867], [-95.24374897554463, 29.844672219409357], [-95.24403297522677, 29.844666218954387], [-95.24449997430868, 29.845100218989472], [-95.2448529753844, 29.845188218231563], [-95.24498597455549, 29.845166218233512], [-95.24535097532679, 29.844902218658053], [-95.246366975303, 29.844643218375676], [-95.24685797557268, 29.844346218320126], [-95.24741297541648, 29.84414221912395], [-95.24774797515222, 29.844158218862088], [-95.24845997535486, 29.844383219290826], [-95.2492169757633, 29.844388218515387], [-95.24937497594705, 29.844333218460147], [-95.24944397644235, 29.844146218669135], [-95.24984797577507, 29.843778218545356], [-95.24991697537205, 29.84343721828099], [-95.25039797649428, 29.843034218946688], [-95.25226597641523, 29.842056217483556], [-95.25282797683002, 29.84133121765362], [-95.25366097740645, 29.839940216893556], [-95.25399597714221, 29.83893421725047], [-95.25452597776996, 29.83840121687869], [-95.25468897797656, 29.838044217021704], [-95.25400597718796, 29.837623216670522], [-95.25419097623757, 29.83706521680611], [-95.25425097741035, 29.835722216020063], [-95.26209297878654, 29.835683216184684], [-95.2622439792976, 29.837046216644143], [-95.2624759791012, 29.836763216428555], [-95.262730978471, 29.836594216974852], [-95.26959198092939, 29.836571215316432], [-95.26983798097669, 29.836499215680906], [-95.27015298151927, 29.836175215509936]]]}, "properties": {"kind": "gap", "pct_zero_car": 0.256637168142, "jobs_transit_45": 92600.0}}, {"type": "Feature", "geometry": {"type": "Polygon", "coordinates": [[[-95.50834703371127, 29.648499169244445], [-95.50830003385562, 29.644238167620667], [-95.50546103326599, 29.644293169019235], [-95.50552803231481, 29.64860316998834], [-95.50695003307023, 29.648686168928478], [-95.5083480344345, 29.64862616952275], [-95.50834703371127, 29.648499169244445]]]}, "properties": {"kind": "gap", "pct_zero_car": 0.171206225681, "jobs_transit_45": 132999.0}}, {"type": "Feature", "geometry": {"type": "Polygon", "coordinates": [[[-95.26240297930627, 29.85005821984349], [-95.26232397966353, 29.848105219211245], [-95.26103597970075, 29.847624218776524], [-95.25981897898475, 29.847277218880542], [-95.25945297928686, 29.847239219321672], [-95.25899297897932, 29.84733221809348], [-95.25843197928775, 29.847013218652723], [-95.25776897859063, 29.846952218946456], [-95.25734697881623, 29.84680321834492], [-95.25685497872165, 29.84645121803313], [-95.25667797916964, 29.846410218374395], [-95.25605397793227, 29.846446218911833], [-95.25575097798355, 29.846682219083842], [-95.25575697872965, 29.846968219013487], [-95.25589597774852, 29.84727021814275], [-95.2551199788701, 29.848276218745973], [-95.25495597794027, 29.848325218731762], [-95.25446997769345, 29.84829821961711], [-95.25399697786544, 29.848001218744997], [-95.25371997785601, 29.84791321886526], [-95.25338497812025, 29.847918218692268], [-95.25286197716521, 29.847758218649385], [-95.2528679779113, 29.847373218932013], [-95.25278697772045, 29.847175218432543], [-95.25259097700355, 29.846994219604017], [-95.25183397659511, 29.846697218749068], [-95.25144297588452, 29.846801219015155], [-95.25099497617087, 29.84711421882524], [-95.25059197756137, 29.847285219277925], [-95.25019397627979, 29.84726221930244], [-95.24988697613313, 29.845378218225573], [-95.24959597588, 29.84481221901514], [-95.24917297628069, 29.84436721803035], [-95.24845997535486, 29.844383219290826], [-95.24774797515222, 29.844158218862088], [-95.24741297541648, 29.84414221912395], [-95.24685797557268, 29.844346218320126], [-95.246366975303, 29.844643218375676], [-95.24535097532679, 29.844902218658053], [-95.24498597455549, 29.845166218233512], [-95.2448529753844, 29.845188218231563], [-95.24449997430868, 29.845100218989472], [-95.24403297522677, 29.844666218954387], [-95.24374897554463, 29.844672219409357], [-95.2432829753893, 29.844853218550867], [-95.24285997399338, 29.844821218515573], [-95.24251897530816, 29.84412821954579], [-95.24116297377667, 29.843430218053143], [-95.24052597391712, 29.84346421870996], [-95.24031697367977, 29.84328221890931], [-95.24033597394633, 29.842853218845963], [-95.24069497397154, 29.84162721838757], [-95.24062497365132, 29.841297218608226], [-95.24039197402281, 29.84099521777912], [-95.23982997360804, 29.840682217491366], [-95.23831597279111, 29.840545218291588], [-95.23785597248359, 29.83968221750497], [-95.23750897305226, 29.83939621774822], [-95.23683397265957, 29.839127218237763], [-95.23666897280312, 29.83840121765794], [-95.2364289726036, 29.8381982185374], [-95.23623397260995, 29.838148217727255], [-95.23575497293415, 29.838149217478794], [-95.23487797197677, 29.838336217589074], [-95.23418397221583, 29.838094217104683], [-95.2340769720857, 29.838782218697492], [-95.23368697299668, 29.839271218343914], [-95.23315797219385, 29.83951521779009], [-95.2324379715953, 29.839596218339896], [-95.23187697190374, 29.839943217652678], [-95.23162497111034, 29.840322218026287], [-95.23142997111668, 29.841262219051725], [-95.23189097124913, 29.842131218482166], [-95.23183997119551, 29.842604218890358], [-95.23148697101809, 29.84304421908905], [-95.23110297087852, 29.843335218585803], [-95.23054797193308, 29.843578219315237], [-95.23004997109238, 29.844106218535075], [-95.22986697169257, 29.84418321893474], [-95.229002971154, 29.8441992194455], [-95.22878197032274, 29.844376219908476], [-95.22859997074788, 29.844705219178298], [-95.22859997074788, 29.845360218545135], [-95.2283979710815, 29.84580021984715], [-95.22836097037327, 29.84639421899707], [-95.22852397057989, 29.84719621910618], [-95.22855697109019, 29.84856021949039], [-95.22839997162964, 29.849462220618424], [-95.22849197079285, 29.849883219370625], [-95.23009097199858, 29.849840221073006], [-95.23142197161907, 29.84993521980588], [-95.23434897297058, 29.850977219731543], [-95.23527297198699, 29.851038220095347], [-95.25213497689397, 29.85087521994682], [-95.25339097706971, 29.85078621907941], [-95.25452097684875, 29.850604220157635], [-95.25647797825476, 29.850120218842203], [-95.26240297930627, 29.85005821984349]]]}, "properties": {"kind": "gap", "pct_zero_car": 0.21450617284, "jobs_transit_45": 60905.0}}, {"type": "Feature", "geometry": {"type": "Polygon", "coordinates": [[[-95.28428398579166, 29.850252218442012], [-95.28449798515359, 29.84986321889634], [-95.28295998494555, 29.84890021897903], [-95.28241698479734, 29.84864121815825], [-95.28029198495845, 29.84866821795933], [-95.27794498356509, 29.848558217858375], [-95.27547998306927, 29.84781521924436], [-95.27518898371446, 29.847518218493846], [-95.27513298273963, 29.846792218134794], [-95.27452098209612, 29.845747217582996], [-95.27431298258198, 29.845566217724375], [-95.27295098210102, 29.845032217999098], [-95.27245898200646, 29.84493321742543], [-95.2718659816295, 29.845092217637834], [-95.27045398181816, 29.845158218445537], [-95.27023898173302, 29.845021217593864], [-95.2699559818758, 29.84456421739774], [-95.26953898122596, 29.844487217291775], [-95.26892698148076, 29.845026217565692], [-95.26862498045865, 29.845548218077827], [-95.2681199808436, 29.84600421799386], [-95.26754598073322, 29.84614121749692], [-95.26656798129017, 29.846790218804788], [-95.26623998032879, 29.846872218572702], [-95.26558998094876, 29.84688321799479], [-95.26504198077767, 29.846789218360627], [-95.26473298098118, 29.8468172183272], [-95.26384297960502, 29.847487218191482], [-95.26288997937797, 29.84805321860208], [-95.26254297994666, 29.848169218725115], [-95.26232397966353, 29.848105219211245], [-95.26240497895608, 29.849543219333647], [-95.26242698049401, 29.856982220690217], [-95.2663739820197, 29.856912220095126], [-95.26751798204246, 29.85678522011438], [-95.26897298151151, 29.85674622071357], [-95.2697679815548, 29.856829220438883], [-95.2708159822164, 29.857129220221957], [-95.27423198328944, 29.85708622037074], [-95.27408998299923, 29.848884218442418], [-95.27631398347063, 29.848888217797622], [-95.2766429833586, 29.84906521851986], [-95.2768469835731, 29.849308218551215], [-95.27689598397689, 29.849923217969724], [-95.28003598396711, 29.849889217953866], [-95.28284698586596, 29.850914218524807], [-95.28374198546835, 29.850630218243058], [-95.28428398579166, 29.850252218442012]]]}, "properties": {"kind": "gap", "pct_zero_car": 0.213147410359, "jobs_transit_45": 131613.0}}, {"type": "Feature", "geometry": {"type": "Polygon", "coordinates": [[[-95.30061099094637, 29.871381222424052], [-95.30056899021527, 29.86687522143909], [-95.29973098961594, 29.86693722167732], [-95.29297098833821, 29.867012221901337], [-95.29278598749195, 29.85296521808554], [-95.29224498789188, 29.853201219210302], [-95.29213598721363, 29.852805219118512], [-95.29166898723338, 29.852662218656064], [-95.29152398746844, 29.852491218842022], [-95.29006098670514, 29.852469218894836], [-95.28977698612469, 29.85239721903368], [-95.2891839866461, 29.85195221835], [-95.28904498672891, 29.851751218735487], [-95.28667398594442, 29.853941218697102], [-95.28407298590449, 29.856567220451623], [-95.26833198235234, 29.871951223651863], [-95.30061099094637, 29.871381222424052]]]}, "properties": {"kind": "gap", "pct_zero_car": 0.054470709147, "jobs_transit_45": 63431.0}}, {"type": "Feature", "geometry": {"type": "Polygon", "coordinates": [[[-95.3005089899408, 29.85764321943731], [-95.30049898989506, 29.853089217887742], [-95.29993198945739, 29.85314621855567], [-95.29934498982655, 29.8535692181078], [-95.2988339894654, 29.853734218502535], [-95.29796398997735, 29.85397121896066], [-95.29750398966982, 29.853987218682068], [-95.29722598803883, 29.853877219766762], [-95.29530198893973, 29.852656217902098], [-95.29402198847454, 29.85168321837896], [-95.29366298755102, 29.85152421853316], [-95.29334098733575, 29.851491217901295], [-95.29257098650848, 29.851678217961346], [-95.29224298734374, 29.851930219063107], [-95.29199698819475, 29.852238218766765], [-95.29152398746844, 29.852491218842022], [-95.29166898723338, 29.852662218656064], [-95.29213598721363, 29.852805219118512], [-95.29224498789188, 29.853201219210302], [-95.29278598749195, 29.85296521808554], [-95.29289198869549, 29.860426220505023], [-95.2938909889533, 29.859989219157246], [-95.2979619894292, 29.857913220041223], [-95.29895899003718, 29.857670219141028], [-95.3005089899408, 29.85764321943731]]]}, "properties": {"kind": "gap", "pct_zero_car": 0.157142857143, "jobs_transit_45": 87436.0}}, {"type": "Feature", "geometry": {"type": "Polygon", "coordinates": [[[-95.31807199517975, 29.862906220040813], [-95.31776999505597, 29.86279521898546], [-95.31724299480126, 29.86405322060019], [-95.31267599313448, 29.86406321941625], [-95.31265399339317, 29.8601402193972], [-95.3116919929453, 29.860105219434136], [-95.31169699296817, 29.85984321947671], [-95.31156199235065, 29.85953221969603], [-95.31128299269139, 29.859318219517025], [-95.31044199261733, 29.859188218521723], [-95.3095879930228, 29.85920821868587], [-95.30927399230514, 29.859326219728562], [-95.30904799145102, 29.85968021968243], [-95.30909199183195, 29.86013222002997], [-95.30851499224686, 29.860435219377095], [-95.30800399278401, 29.860586219721295], [-95.30743799217124, 29.86058121974967], [-95.30697999151353, 29.860451219620394], [-95.30609299230704, 29.85973121937426], [-95.30589599176524, 29.859965219459216], [-95.30586299125498, 29.860202219145812], [-95.30587999187173, 29.866862221396854], [-95.3145439930554, 29.866841220965462], [-95.31596299433609, 29.86667122076041], [-95.31651699435496, 29.86667122076041], [-95.31807199517975, 29.862906220040813]]]}, "properties": {"kind": "gap", "pct_zero_car": 0.0731132075472, "jobs_transit_45": 43782.0}}, {"type": "Feature", "geometry": {"type": "Polygon", "coordinates": [[[-95.3177459938682, 29.862858219704883], [-95.31776999505597, 29.86279521898546], [-95.31730399400233, 29.862624220170964], [-95.31609299403242, 29.862328220141006], [-95.31570799406796, 29.861464220358855], [-95.31471699330777, 29.86082121966318], [-95.31293199322752, 29.85882021930463], [-95.31234499269836, 29.858303219710688], [-95.31185999317479, 29.85805621843497], [-95.3113419922426, 29.857990219920932], [-95.31055399277034, 29.85801721875169], [-95.30976499257481, 29.85829221920953], [-95.30916599145178, 29.85805021956338], [-95.30883799138873, 29.858045219464703], [-95.30750099192045, 29.858474219696504], [-95.30693999043226, 29.858292218430446], [-95.30667499191502, 29.85792921913073], [-95.30637799091578, 29.856797218788277], [-95.30524899096164, 29.856302218730164], [-95.30436599015648, 29.85550521875902], [-95.30405699036, 29.85499321860718], [-95.30395599007765, 29.85470221880516], [-95.30415799064234, 29.853668218689023], [-95.30407598972826, 29.85328921832483], [-95.30340099023388, 29.85305321818722], [-95.30150899002352, 29.853223218217114], [-95.30049898989506, 29.853089217887742], [-95.30056899021527, 29.86687522143909], [-95.30587999187173, 29.866862221396854], [-95.30586299125498, 29.860202219145812], [-95.30589599176524, 29.859965219459216], [-95.30609299230704, 29.85973121937426], [-95.30697999151353, 29.860451219620394], [-95.30743799217124, 29.86058121974967], [-95.30800399278401, 29.860586219721295], [-95.30851499224686, 29.860435219377095], [-95.30909199183195, 29.86013222002997], [-95.30904799145102, 29.85968021968243], [-95.30927399230514, 29.859326219728562], [-95.3095879930228, 29.85920821868587], [-95.31044199261733, 29.859188218521723], [-95.31128299269139, 29.859318219517025], [-95.31156199235065, 29.85953221969603], [-95.31169699296817, 29.85984321947671], [-95.3116919929453, 29.860105219434136], [-95.31265399339317, 29.8601402193972], [-95.31267599313448, 29.86406321941625], [-95.31724299480126, 29.86405322060019], [-95.3177459938682, 29.862858219704883]]]}, "properties": {"kind": "gap", "pct_zero_car": 0.0949913644214, "jobs_transit_45": 43717.0}}, {"type": "Feature", "geometry": {"type": "Polygon", "coordinates": [[[-95.26668897357914, 29.676537182764108], [-95.26437497269606, 29.67420618244756], [-95.25943797113341, 29.677899183732883], [-95.25916197094887, 29.678145184189336], [-95.25877997135747, 29.67869518397153], [-95.25497597084522, 29.681554184374704], [-95.2552069708239, 29.68190918544644], [-95.25513097065593, 29.682706184894943], [-95.25434496993513, 29.683286185395577], [-95.2543489701331, 29.68337818456463], [-95.25565297088774, 29.684784185209104], [-95.26668897357914, 29.676537182764108]]]}, "properties": {"kind": "gap", "pct_zero_car": 0.107843137255, "jobs_transit_45": 45793.0}}, {"type": "Feature", "geometry": {"type": "Polygon", "coordinates": [[[-95.5085240341616, 29.662794171966716], [-95.508433033925, 29.656023170920843], [-95.5055810338149, 29.65603417178861], [-95.50566003345762, 29.663089171989053], [-95.5069120334354, 29.663034172275456], [-95.50792003481233, 29.662837172529223], [-95.5085240341616, 29.662794171966716]]]}, "properties": {"kind": "gap", "pct_zero_car": 0.481443298969, "jobs_transit_45": 94034.0}}, {"type": "Feature", "geometry": {"type": "Polygon", "coordinates": [[[-95.53660504205811, 29.666025171187826], [-95.53658604268985, 29.664354171154237], [-95.53618104083726, 29.66359317135673], [-95.53602604102656, 29.65645716954327], [-95.53627304179709, 29.65630316964193], [-95.53248004025717, 29.65632817054933], [-95.53127404031014, 29.656146170265412], [-95.52940203929293, 29.655717170356855], [-95.52803103948948, 29.655689169263866], [-95.52810903930728, 29.664977172566857], [-95.5292230391928, 29.664976171867284], [-95.53416004165376, 29.666016172010295], [-95.53660504205811, 29.666025171187826]]]}, "properties": {"kind": "gap", "pct_zero_car": 0.0486526946108, "jobs_transit_45": 79084.0}}, {"type": "Feature", "geometry": {"type": "Polygon", "coordinates": [[[-95.55623004738673, 29.678425173627133], [-95.55620804674712, 29.67751917364668], [-95.55417104677178, 29.677615174145046], [-95.55346304676713, 29.677493174308907], [-95.55248704607554, 29.679844174235193], [-95.55215704636268, 29.680367174167134], [-95.55166704681622, 29.680847174632046], [-95.55197904608742, 29.68120717542782], [-95.55300604683264, 29.682055174687278], [-95.55396104760783, 29.680508175409713], [-95.5556650465989, 29.681030175249695], [-95.55623004738673, 29.678425173627133]]]}, "properties": {"kind": "gap", "pct_zero_car": 0.248920863309, "jobs_transit_45": 142545.0}}, {"type": "Feature", "geometry": {"type": "Polygon", "coordinates": [[[-95.54522605166892, 29.817698202698338], [-95.54521605072486, 29.812692201917322], [-95.54015204983892, 29.812711202033196], [-95.53874704880194, 29.812469201846074], [-95.5378920484842, 29.81217220124109], [-95.53701404860023, 29.813041202690762], [-95.53688704837862, 29.813524202051028], [-95.53692404818852, 29.816615202259907], [-95.53681704895672, 29.81846720263359], [-95.54522905114365, 29.818508202849117], [-95.54522605166892, 29.817698202698338]]]}, "properties": {"kind": "gap", "pct_zero_car": 0.115107913669, "jobs_transit_45": 125929.0}}, {"type": "Feature", "geometry": {"type": "Polygon", "coordinates": [[[-95.31548698874512, 29.764683200107942], [-95.31548698964343, 29.763632199288292], [-95.30595398610168, 29.760916199795666], [-95.30538198653946, 29.760721200444124], [-95.30431998653248, 29.760157198791987], [-95.30429698696626, 29.76738220119228], [-95.30327398641901, 29.767381200733283], [-95.30324898720298, 29.77285520114171], [-95.3042719868519, 29.772865202065802], [-95.30426298752938, 29.773873202136922], [-95.30742298850939, 29.77388520140828], [-95.30741398828854, 29.77436420188517], [-95.31517799074527, 29.77442420183228], [-95.31511198972471, 29.77264620140502], [-95.31532899035801, 29.771722201323712], [-95.31542098862289, 29.77163220130066], [-95.31548698874512, 29.764683200107942]]]}, "properties": {"kind": "gap", "pct_zero_car": 0.0750988142292, "jobs_transit_45": 137132.0}}, {"type": "Feature", "geometry": {"type": "Polygon", "coordinates": [[[-95.32004499019109, 29.756135198029035], [-95.31876898992387, 29.755334198101398], [-95.31810998942468, 29.75503419776876], [-95.31697599034601, 29.754841198278502], [-95.31619298909996, 29.75483719750125], [-95.31574898868597, 29.754752198493488], [-95.31467398915849, 29.75530519845416], [-95.31384398805677, 29.755518197684317], [-95.31301798894965, 29.75554119770596], [-95.3122059882896, 29.75541419840234], [-95.3094599875864, 29.754700197688678], [-95.30826698715984, 29.754614198758098], [-95.30746198707081, 29.75477719752101], [-95.30680798659452, 29.755000198241117], [-95.30609498656699, 29.75553119817191], [-95.30551198713412, 29.755781197921632], [-95.30530198617353, 29.755840198286307], [-95.30480998697725, 29.755821199071498], [-95.30434898594649, 29.755664198443913], [-95.30419698561052, 29.755544198657745], [-95.30316098554279, 29.754200197631995], [-95.30242698559887, 29.753468197785672], [-95.30180498580793, 29.753053198343007], [-95.3008449859082, 29.752732197971458], [-95.30019098453359, 29.752805197677315], [-95.29996998460065, 29.752900198133734], [-95.2986209845385, 29.754165198790215], [-95.29811898529648, 29.75431719803883], [-95.2974249837389, 29.754235198021266], [-95.29709098472637, 29.753971198593472], [-95.29642898385413, 29.753058197453885], [-95.29540998440318, 29.752063197122162], [-95.29500098414927, 29.751521196985], [-95.29483998449079, 29.751153197624475], [-95.29494698282429, 29.75019719752477], [-95.29581398463424, 29.749336197601565], [-95.29631498405134, 29.748374197339462], [-95.2962839840892, 29.747745197516565], [-95.2957699842533, 29.747407197033095], [-95.29367598347825, 29.747225197920702], [-95.2901399827546, 29.748939197310058], [-95.28861998208988, 29.749833197400626], [-95.28791998248116, 29.750033198480896], [-95.28501997999552, 29.745333197469215], [-95.28041997961508, 29.739533195569884], [-95.27851997900879, 29.73623319494248], [-95.27577997815335, 29.727566194079778], [-95.2752909775335, 29.72734119303574], [-95.27031997653397, 29.724433193108695], [-95.26921997599383, 29.724470192400684], [-95.2667679750185, 29.72477019290288], [-95.26651997442305, 29.724860193658746], [-95.26679997570385, 29.72720519395941], [-95.26675997552088, 29.72887619346621], [-95.26506197547927, 29.740867197234834], [-95.26491197569143, 29.742859196394864], [-95.2649079763918, 29.744778198063642], [-95.2654579762127, 29.763445201411297], [-95.26613497715354, 29.763443201194427], [-95.26611897725999, 29.762685201122732], [-95.26743797628662, 29.76266520113989], [-95.26737597726066, 29.76034120043757], [-95.27316697841785, 29.760239200202797], [-95.27430997951397, 29.75966720090765], [-95.27759197979441, 29.759581200780328], [-95.2776329798023, 29.761208200970444], [-95.27828397990554, 29.761209199931464], [-95.2782179797833, 29.760578200834498], [-95.27940497946376, 29.759122199714174], [-95.27946597956313, 29.755479198551143], [-95.27971397926025, 29.755162199694674], [-95.28013597993295, 29.75497219830038], [-95.28085898000622, 29.754808199270006], [-95.28116498032797, 29.754375199456288], [-95.28124097959764, 29.754134198402078], [-95.28129998004718, 29.753608197952403], [-95.28113298054093, 29.752923197976248], [-95.2811109799013, 29.752212198506825], [-95.28112597996993, 29.748565197848688], [-95.29126698305892, 29.755195199366508], [-95.29313198350512, 29.757016198375815], [-95.29339798364389, 29.757152199140602], [-95.29412098371715, 29.757143198768834], [-95.29483098426995, 29.756824198587555], [-95.29682398386436, 29.75677119829285], [-95.29854498526882, 29.757105198490056], [-95.30538198653946, 29.760721200444124], [-95.31548698964343, 29.763632199288292], [-95.3181089904981, 29.759062199179844], [-95.3189609904428, 29.757675198039603], [-95.32004499019109, 29.756135198029035]]]}, "properties": {"kind": "gap", "pct_zero_car": 0.143920595533, "jobs_transit_45": 18483.0}}, {"type": "Feature", "geometry": {"type": "Polygon", "coordinates": [[[-95.32664399720025, 29.87641322257033], [-95.32561599663013, 29.87614422232373], [-95.31839199484689, 29.876233221608228], [-95.31832299524991, 29.87327122141094], [-95.31837599585168, 29.870997222105878], [-95.32558999669087, 29.870899221779766], [-95.32557799789363, 29.869970220146424], [-95.31880499529878, 29.8700042218907], [-95.31628299400323, 29.870329221551664], [-95.31504499516747, 29.8703182223762], [-95.3112339940842, 29.87960922367432], [-95.30783399380302, 29.888322225112297], [-95.30659699299554, 29.891190225425753], [-95.31551699517057, 29.891062226246632], [-95.31825299582803, 29.890962225386303], [-95.32664399720025, 29.87641322257033]]]}, "properties": {"kind": "gap", "pct_zero_car": 0.0990371389271, "jobs_transit_45": 124217.0}}, {"type": "Feature", "geometry": {"type": "Polygon", "coordinates": [[[-95.48814604479215, 29.98803823894829], [-95.48841704495378, 29.987372238850757], [-95.48782604422668, 29.987183239428756], [-95.48735304350033, 29.988400240484808], [-95.48720404443576, 29.988611240156796], [-95.48676204456987, 29.98856323893595], [-95.48644004345628, 29.988398240105955], [-95.48500804265512, 29.986382238440942], [-95.48504004334049, 29.986209238963408], [-95.48551404389173, 29.985930239089946], [-95.48559604300918, 29.98576023986202], [-95.48528004354, 29.98566423853085], [-95.48504904356133, 29.985480238119155], [-95.48354804226489, 29.983401238765136], [-95.48380604290605, 29.983122238783025], [-95.48388204307405, 29.982593238603204], [-95.48320704268134, 29.981613239033628], [-95.48300904321295, 29.98159523906068], [-95.48272904193215, 29.981752238585365], [-95.48240604189195, 29.98128323823277], [-95.47844404119596, 29.98340523972414], [-95.47882604078738, 29.984530239660536], [-95.47894604133629, 29.986203238472395], [-95.47906704171012, 29.98682723935519], [-95.47955004158388, 29.98791023983004], [-95.48103804246153, 29.98721423906221], [-95.48156904201586, 29.987171239342146], [-95.48212204220984, 29.987308240050083], [-95.48295904298422, 29.9878902398314], [-95.4856180436488, 29.990558239868804], [-95.48612104271575, 29.9908632403569], [-95.48688604352012, 29.9911222402475], [-95.48814604479215, 29.98803823894829]]]}, "properties": {"kind": "gap", "pct_zero_car": 0.047619047619, "jobs_transit_45": 132228.0}}, {"type": "Feature", "geometry": {"type": "Polygon", "coordinates": [[[-95.4846940437341, 29.99539524099152], [-95.48494804327899, 29.995244241977925], [-95.47955004158388, 29.98791023983004], [-95.47914204115489, 29.987064239089417], [-95.47711804159833, 29.98826424030734], [-95.47697904168118, 29.9880582396952], [-95.47462304096528, 29.988727240806917], [-95.46957503997285, 29.991557240904285], [-95.46876003893978, 29.99045424104927], [-95.47359704094332, 29.98771524025447], [-95.4738940392476, 29.98748623977315], [-95.47612203991696, 29.9868902394284], [-95.47432703979096, 29.98411623838978], [-95.47251203957349, 29.985241239608285], [-95.46841103896031, 29.9874592402422], [-95.46823203975849, 29.98762024062178], [-95.46678203851567, 29.990782240606944], [-95.46616903804727, 29.991939241245277], [-95.46566903845506, 29.992334240897204], [-95.4625260371935, 29.99370024159159], [-95.46187003706738, 29.99412324181949], [-95.46136403672908, 29.99480524141828], [-95.46060203719607, 29.996788243242715], [-95.46059203625201, 29.997092241991936], [-95.46114803681903, 29.99782224207504], [-95.45790703654647, 29.99995624337917], [-95.45794303653147, 30.000280242378487], [-95.463694038404, 30.007095244222533], [-95.46537703927532, 30.006300243720247], [-95.4716820411667, 30.002864242618568], [-95.47579104127747, 30.000519242026048], [-95.47724204234521, 29.999597241814353], [-95.4846940437341, 29.99539524099152]]]}, "properties": {"kind": "gap", "pct_zero_car": 0.139629462268, "jobs_transit_45": 141159.0}}, {"type": "Feature", "geometry": {"type": "Polygon", "coordinates": [[[-95.26718397494508, 29.709914190187728], [-95.26415397366144, 29.709145189904202], [-95.2616599737516, 29.708624190476666], [-95.24749196966931, 29.70621219004625], [-95.24629496904478, 29.706071190538477], [-95.24488896818289, 29.70603219012503], [-95.24309496788182, 29.706161190114305], [-95.22882296494073, 29.707510191742738], [-95.22814496507331, 29.70766319096599], [-95.22821696504334, 29.709778192464622], [-95.22609796505223, 29.709955191937844], [-95.22618996421542, 29.715886193217194], [-95.2261089649229, 29.716042192733518], [-95.2200219625914, 29.71609619289974], [-95.22002396313952, 29.718753194570116], [-95.2214509630195, 29.720128193981413], [-95.22219396408258, 29.72051019377714], [-95.22339396418182, 29.720884194096406], [-95.22364496425197, 29.721007193656998], [-95.22382596310364, 29.72120219457326], [-95.22392896483244, 29.722513194473777], [-95.22415696443805, 29.723316194694593], [-95.22412996467388, 29.72378219431109], [-95.22404696393488, 29.72434819563246], [-95.22351896475361, 29.72533319459682], [-95.2278189655584, 29.72533319459682], [-95.23321896690332, 29.723533193690358], [-95.23741896725068, 29.720833193815796], [-95.24066196896968, 29.719412192923222], [-95.24281896859561, 29.719233192640743], [-95.2446269691404, 29.719449192505976], [-95.2455269705623, 29.71973219291169], [-95.24911897046412, 29.72173319404356], [-95.25341897216722, 29.725433194263907], [-95.25661997225679, 29.726633193417243], [-95.26055097299066, 29.72653119399267], [-95.26618997560848, 29.724915193084136], [-95.2662979746652, 29.72490419351348], [-95.26631297563215, 29.724987193435197], [-95.26653197501693, 29.72494419293922], [-95.266274975099, 29.723285192570827], [-95.26621097552488, 29.72234519255291], [-95.26632297388124, 29.714276191458943], [-95.26627197472592, 29.71283819069622], [-95.26631797385838, 29.711904190982175], [-95.2664749742172, 29.711163190811146], [-95.26672197498775, 29.710564190518916], [-95.26718397494508, 29.709914190187728]]]}, "properties": {"kind": "gap", "pct_zero_car": 0.0336787564767, "jobs_transit_45": 42035.0}}, {"type": "Feature", "geometry": {"type": "Polygon", "coordinates": [[[-95.59551206771255, 29.903429219001374], [-95.59580006669432, 29.903233218150614], [-95.59439506655566, 29.901657219337345], [-95.59385506678049, 29.90126021857575], [-95.59336706688387, 29.90104921807254], [-95.59271606588231, 29.9009252179226], [-95.59039106692519, 29.900956218753322], [-95.59032106570669, 29.900161217940383], [-95.58996006692998, 29.8996782178842], [-95.58943706597493, 29.899430218690114], [-95.5884000660823, 29.899295218210014], [-95.5878600645105, 29.900133218147783], [-95.58761406536154, 29.90091321910571], [-95.58758706559736, 29.903442218948793], [-95.58769306500425, 29.904274219064813], [-95.58793806522662, 29.904955220112445], [-95.58833906508463, 29.905619218984192], [-95.5887880655215, 29.90613821907375], [-95.58676106559192, 29.907297218793367], [-95.58643706482852, 29.907599219844094], [-95.5862680656724, 29.90805321992259], [-95.58626006527649, 29.909963220721234], [-95.58714306518333, 29.909910219842125], [-95.58837306631813, 29.909641219661246], [-95.58946406573911, 29.909186220772945], [-95.59031506765554, 29.908648219667533], [-95.59096106683761, 29.90808721958107], [-95.59488206662739, 29.903954218824143], [-95.59551206771255, 29.903429219001374]]]}, "properties": {"kind": "gap", "pct_zero_car": 0.0661818181818, "jobs_transit_45": 63117.0}}, {"type": "Feature", "geometry": {"type": "Polygon", "coordinates": [[[-95.35606699470644, 29.65050517548016], [-95.35291799359707, 29.65049317472573], [-95.3363879889511, 29.651848175923075], [-95.3365199900939, 29.658627177512738], [-95.35485699545974, 29.658373177055644], [-95.35552599510633, 29.658442176751535], [-95.35541499477826, 29.653491175859763], [-95.35554899467256, 29.652267175477952], [-95.35606699470644, 29.65050517548016]]]}, "properties": {"kind": "gap", "pct_zero_car": 0.271038251366, "jobs_transit_45": 71471.0}}, {"type": "Feature", "geometry": {"type": "Polygon", "coordinates": [[[-95.45945502961375, 29.81962820616926], [-95.45925902889685, 29.814091205473268], [-95.45010302582195, 29.814123205218646], [-95.45011102621787, 29.817283206015286], [-95.45106002624695, 29.81738020523277], [-95.45273902692031, 29.817768205837808], [-95.45383002723962, 29.81812920624165], [-95.45600402838062, 29.819124206344974], [-95.45688302808949, 29.819396205749285], [-95.45814102881336, 29.819621205831915], [-95.45945502961375, 29.81962820616926]]]}, "properties": {"kind": "gap", "pct_zero_car": 0.100107642626, "jobs_transit_45": 112334.0}}, {"type": "Feature", "geometry": {"type": "Polygon", "coordinates": [[[-95.50858303550946, 29.670871174926788], [-95.50854103477835, 29.666564173539257], [-95.50481603390884, 29.666589173458085], [-95.50237403297923, 29.666719174028326], [-95.4987330326736, 29.666779173574394], [-95.4983810323211, 29.666709173450048], [-95.49818803287556, 29.66631117429262], [-95.49624403099001, 29.666305173296994], [-95.49625903195694, 29.667709173279736], [-95.50239603361885, 29.667646173830523], [-95.50246603304073, 29.67094117371555], [-95.50858303550946, 29.670871174926788]]]}, "properties": {"kind": "gap", "pct_zero_car": 0.125984251969, "jobs_transit_45": 141190.0}}, {"type": "Feature", "geometry": {"type": "Polygon", "coordinates": [[[-95.46902504015196, 30.01458024529927], [-95.46915904004626, 30.01450224562885], [-95.46489403940159, 30.00860024485666], [-95.463694038404, 30.007095244222533], [-95.45431203627162, 30.01221124514159], [-95.45520303657437, 30.013434246185295], [-95.45651603665152, 30.014885246632787], [-95.45693203747645, 30.015562246692546], [-95.45762303776267, 30.01711924590873], [-95.45871603773179, 30.018580246521598], [-95.46027803822928, 30.017729246022043], [-95.46014203868515, 30.017318246416725], [-95.46116503833409, 30.016703245421326], [-95.46245603866991, 30.01559824676167], [-95.46308603885677, 30.01518124503069], [-95.4637690396454, 30.01609824516024], [-95.46430203884957, 30.016525245984866], [-95.46491103912, 30.015957246433278], [-95.4662110396767, 30.01524124562835], [-95.46657003970189, 30.015737246171156], [-95.46732403973728, 30.015325245781817], [-95.46803004009212, 30.015129245313005], [-95.46902504015196, 30.01458024529927]]]}, "properties": {"kind": "gap", "pct_zero_car": 0.104294478528, "jobs_transit_45": 142867.0}}, {"type": "Feature", "geometry": {"type": "Polygon", "coordinates": [[[-95.44914002914241, 29.870725216766647], [-95.44909902823623, 29.86314921520364], [-95.44723102831529, 29.86346321545042], [-95.44673602694935, 29.863481214983103], [-95.42817702362227, 29.86359421582697], [-95.43185602356273, 29.86670421637332], [-95.43435602511695, 29.868658217120196], [-95.43662702544403, 29.870770217380418], [-95.44914002914241, 29.870725216766647]]]}, "properties": {"kind": "gap", "pct_zero_car": 0.0392156862745, "jobs_transit_45": 112498.0}}, {"type": "Feature", "geometry": {"type": "Polygon", "coordinates": [[[-95.26242698049401, 29.856982220690217], [-95.26240297930627, 29.85005821984349], [-95.25647797825476, 29.850120218842203], [-95.25647997880293, 29.852980220702456], [-95.256323978269, 29.85343122062797], [-95.25633797851269, 29.85425822019548], [-95.25262597716365, 29.85429022032274], [-95.25242297767237, 29.854303220444557], [-95.252036977883, 29.85448822073605], [-95.25139497800059, 29.85455922028097], [-95.25142897743746, 29.85701522106503], [-95.26242698049401, 29.856982220690217]]]}, "properties": {"kind": "gap", "pct_zero_car": 0.343703703704, "jobs_transit_45": 97619.0}}, {"type": "Feature", "geometry": {"type": "Polygon", "coordinates": [[[-95.61340506637617, 29.77574719192063], [-95.61340406744958, 29.773780191945256], [-95.60634706337598, 29.773775191529005], [-95.6063190646852, 29.77632619166041], [-95.6073260644406, 29.77613719256589], [-95.6124620661949, 29.776146192790755], [-95.61247506571536, 29.775893192831862], [-95.61340506637617, 29.77574719192063]]]}, "properties": {"kind": "gap", "pct_zero_car": 0.141491395793, "jobs_transit_45": 110707.0}}, {"type": "Feature", "geometry": {"type": "Polygon", "coordinates": [[[-95.45900903134654, 29.867021216284463], [-95.45884103021874, 29.86345721456676], [-95.45383002903624, 29.86346221517334], [-95.45154802883852, 29.863180216095667], [-95.44909902823623, 29.86314921520364], [-95.44914002914241, 29.870725216766647], [-95.45424303038644, 29.87064221691424], [-95.45898903125506, 29.87065521646399], [-95.45900903134654, 29.867021216284463]]]}, "properties": {"kind": "gap", "pct_zero_car": 0.161231884058, "jobs_transit_45": 88241.0}}, {"type": "Feature", "geometry": {"type": "Polygon", "coordinates": [[[-95.54532805087786, 29.832244205107273], [-95.5452670516768, 29.82271320448588], [-95.5383990495457, 29.822682203499532], [-95.53759104908362, 29.822633204183436], [-95.53689904897249, 29.822484203936558], [-95.53688104942914, 29.827524205198493], [-95.53152504756683, 29.827595205210237], [-95.53157104759758, 29.8324312053613], [-95.54532805087786, 29.832244205107273]]]}, "properties": {"kind": "gap", "pct_zero_car": 0.138140747176, "jobs_transit_45": 128855.0}}, {"type": "Feature", "geometry": {"type": "Polygon", "coordinates": [[[-95.46873903183686, 29.819446205811403], [-95.46888603125163, 29.819443205216068], [-95.45897802779115, 29.81024620439469], [-95.45925902889685, 29.814091205473268], [-95.45945502961375, 29.81962820616926], [-95.46873903183686, 29.819446205811403]]]}, "properties": {"kind": "gap", "pct_zero_car": 0.0358974358974, "jobs_transit_45": 118886.0}}, {"type": "Feature", "geometry": {"type": "Polygon", "coordinates": [[[-95.36333799544701, 29.641409173014235], [-95.3632389957128, 29.637010171399236], [-95.35590899362437, 29.636992172538896], [-95.35599999475929, 29.641377172792257], [-95.36333799544701, 29.641409173014235]]]}, "properties": {"kind": "gap", "pct_zero_car": 0.0544041450777, "jobs_transit_45": 103750.0}}, {"type": "Feature", "geometry": {"type": "Polygon", "coordinates": [[[-95.58374105357422, 29.659431169274555], [-95.5827130530041, 29.65397716737081], [-95.58174605253335, 29.65360016770268], [-95.5810930527803, 29.655261168203292], [-95.5804540523726, 29.65506916893812], [-95.57973705214712, 29.6549591685191], [-95.57891405251473, 29.65499916847249], [-95.57834005240439, 29.655123168304943], [-95.57855205211649, 29.655861167937022], [-95.57678205120654, 29.656184168953597], [-95.576181051332, 29.656167168843723], [-95.57500105132424, 29.655905169129827], [-95.57467105161135, 29.656706168586027], [-95.57083005039087, 29.655492168407214], [-95.57078404946182, 29.65622016917667], [-95.57308004990323, 29.65697016933412], [-95.57380304997649, 29.657316169023414], [-95.57562305111517, 29.657690169628218], [-95.57874505156202, 29.658734168514698], [-95.58024305248541, 29.659113169980383], [-95.58070205296804, 29.65932216891537], [-95.5816910531801, 29.6596071692472], [-95.58273605346865, 29.659618169723128], [-95.58374105357422, 29.659431169274555]]]}, "properties": {"kind": "gap", "pct_zero_car": 0.0432612312812, "jobs_transit_45": 44171.0}}, {"type": "Feature", "geometry": {"type": "Polygon", "coordinates": [[[-95.5142730363843, 29.660549171584595], [-95.51418603544734, 29.65583317156795], [-95.5129720351044, 29.655987170627238], [-95.508433033925, 29.656023170920843], [-95.50854903427596, 29.665639172956954], [-95.51232403627252, 29.665613172108838], [-95.5122870364626, 29.664678172148626], [-95.5121550353198, 29.66423617210842], [-95.51108403419367, 29.66223117178306], [-95.51099803487826, 29.66181117161282], [-95.51098203498474, 29.66057317225482], [-95.5142730363843, 29.660549171584595]]]}, "properties": {"kind": "gap", "pct_zero_car": 0.214442013129, "jobs_transit_45": 94132.0}}, {"type": "Feature", "geometry": {"type": "Polygon", "coordinates": [[[-95.55159104664823, 29.686622175708546], [-95.55140104667744, 29.686062176159613], [-95.55152304687618, 29.684314175057075], [-95.55141504602283, 29.683567175857977], [-95.55128204595344, 29.68320517545367], [-95.55048504626032, 29.681484175804233], [-95.55013104535968, 29.680945174594825], [-95.54946704573595, 29.680303174296192], [-95.54854504457275, 29.679793174185782], [-95.54987104506868, 29.67738717417759], [-95.55014404488017, 29.676468174407066], [-95.55016004657031, 29.675354173463138], [-95.54218504422639, 29.675876174307145], [-95.536801042775, 29.68086617477565], [-95.53711804206908, 29.68105617523364], [-95.53748404266531, 29.681050175117896], [-95.5383290429373, 29.680353175101235], [-95.5385830424822, 29.68023917438451], [-95.53902904254603, 29.680198175334315], [-95.54392804447384, 29.68086517501465], [-95.54790504523847, 29.681778175103855], [-95.54860904594348, 29.68231917524216], [-95.5494560458653, 29.68417817545224], [-95.54934204696079, 29.68488417531277], [-95.54876204520603, 29.686638175649808], [-95.54876804505382, 29.6871051758374], [-95.5488790453819, 29.68745017595756], [-95.5491190455814, 29.687821176249187], [-95.54953604712955, 29.68748117587872], [-95.55159104664823, 29.686622175708546]]]}, "properties": {"kind": "gap", "pct_zero_car": 0.206451612903, "jobs_transit_45": 134869.0}}, {"type": "Feature", "geometry": {"type": "Polygon", "coordinates": [[[-95.27501797502708, 29.6655931800982], [-95.27494197485909, 29.6629721799849], [-95.27171897323159, 29.66299118038364], [-95.27170197351315, 29.662531180198275], [-95.27182397371189, 29.662231180369602], [-95.27218297373709, 29.66192318083258], [-95.27242597430964, 29.661461180539682], [-95.2723169745297, 29.657985179151723], [-95.26960797363641, 29.658061179808644], [-95.26844397262387, 29.658031178611196], [-95.26763297268703, 29.65786917964084], [-95.26750897194016, 29.658485179174093], [-95.2675809728085, 29.660416180321295], [-95.26693397200489, 29.66043217974914], [-95.26706197205141, 29.665380181260982], [-95.26980397345498, 29.66532018088044], [-95.2706619741458, 29.665386180750627], [-95.27204097434517, 29.665635180332405], [-95.27501797502708, 29.6655931800982]]]}, "properties": {"kind": "gap", "pct_zero_car": 0.19175257732, "jobs_transit_45": 48053.0}}, {"type": "Feature", "geometry": {"type": "Polygon", "coordinates": [[[-95.2965649851949, 29.787572205686313], [-95.29640498625965, 29.78008820337979], [-95.29166898453845, 29.780177204048822], [-95.2917709846457, 29.787629205524382], [-95.2965649851949, 29.787572205686313]]]}, "properties": {"kind": "gap", "pct_zero_car": 0.11186440678, "jobs_transit_45": 87475.0}}, {"type": "Feature", "geometry": {"type": "Polygon", "coordinates": [[[-95.30324198663196, 29.776511202961792], [-95.30324498700502, 29.7746942027088], [-95.30110398727261, 29.774767202009304], [-95.30110998622207, 29.77444820258076], [-95.29947698557947, 29.774845202399383], [-95.29327998454141, 29.777363202407216], [-95.29222498420712, 29.777697203349064], [-95.2912579846347, 29.777896203819427], [-95.29130098429242, 29.778793203898672], [-95.29178898329073, 29.778779203745366], [-95.29166898453845, 29.780177204048822], [-95.3011739866945, 29.780000203744418], [-95.30117998744058, 29.78014920256783], [-95.30323098765963, 29.78014020348246], [-95.30324198663196, 29.776511202961792]]]}, "properties": {"kind": "gap", "pct_zero_car": 0.0616246498599, "jobs_transit_45": 140231.0}}, {"type": "Feature", "geometry": {"type": "Polygon", "coordinates": [[[-95.27629997963366, 29.768103201261695], [-95.27602797874877, 29.76674420184425], [-95.27600397935765, 29.766124200684843], [-95.27500097980021, 29.76611620159058], [-95.27495497887115, 29.764389201064265], [-95.27279197849911, 29.76443820083484], [-95.27257197839108, 29.760269200512013], [-95.26737597726066, 29.76034120043757], [-95.26743797628662, 29.76266520113989], [-95.26611897725999, 29.762685201122732], [-95.26613497715354, 29.763443201194427], [-95.2654579762127, 29.763445201411297], [-95.26554697769778, 29.768283202889997], [-95.27629997963366, 29.768103201261695]]]}, "properties": {"kind": "gap", "pct_zero_car": 0.088679245283, "jobs_transit_45": 31196.0}}, {"type": "Feature", "geometry": {"type": "Polygon", "coordinates": [[[-95.50559903335824, 29.65543617077204], [-95.5055750339671, 29.65448017098449], [-95.50058003177982, 29.654497170598678], [-95.5006120324652, 29.655925170872127], [-95.50090503236815, 29.656686170902184], [-95.50230103228598, 29.6562341716019], [-95.50331103331274, 29.656073172087837], [-95.5055810338149, 29.65603417178861], [-95.50559903335824, 29.65543617077204]]]}, "properties": {"kind": "gap", "pct_zero_car": 0.244147157191, "jobs_transit_45": 97469.0}}, {"type": "Feature", "geometry": {"type": "Polygon", "coordinates": [[[-95.3100829961854, 29.933260234681093], [-95.31004799602529, 29.931391234475797], [-95.30989999588729, 29.930814235004092], [-95.30996999530919, 29.930492234423312], [-95.30305899352038, 29.930594234512096], [-95.30007899336375, 29.9307122351408], [-95.29755299276857, 29.936279235120484], [-95.29598799279633, 29.939967235954594], [-95.29932899442461, 29.939935236861203], [-95.30155099434788, 29.93999923659452], [-95.30344499510639, 29.939943236051672], [-95.30325099403932, 29.93557823537236], [-95.30665399469356, 29.935530235000147], [-95.30646299489786, 29.934638235028018], [-95.30734099568014, 29.934661234312575], [-95.30769299513433, 29.934743235001857], [-95.30776999512722, 29.934166234725957], [-95.30848399497967, 29.934127235234197], [-95.30846199434004, 29.933374234624853], [-95.31004299600242, 29.933319234600006], [-95.3100829961854, 29.933260234681093]]]}, "properties": {"kind": "gap", "pct_zero_car": 0.361325966851, "jobs_transit_45": 27381.0}}, {"type": "Feature", "geometry": {"type": "Polygon", "coordinates": [[[-95.25288497044322, 29.682858184693092], [-95.2526379696727, 29.682636185711573], [-95.25232197020351, 29.681336184660577], [-95.25200796948583, 29.680734184383738], [-95.24211196751754, 29.670200182849783], [-95.24023396575423, 29.670259182794435], [-95.2395549660619, 29.670381182821583], [-95.23905896576936, 29.67032418268018], [-95.2355439649621, 29.670318183485026], [-95.23599396522391, 29.67087118273206], [-95.23601296459216, 29.671129183847242], [-95.23633396498252, 29.671756182509817], [-95.23734196456284, 29.672790182966256], [-95.2376699646259, 29.672960183944006], [-95.23873396607934, 29.67316818315155], [-95.23921196593024, 29.673405184178343], [-95.23970996587259, 29.674411183504798], [-95.24001996639232, 29.675340183845673], [-95.24054896629681, 29.675895183975598], [-95.24088296620766, 29.67641718357195], [-95.24118496722977, 29.67658718466163], [-95.24184596737875, 29.676411183959765], [-95.2421799672896, 29.676416183766698], [-95.24336396659702, 29.676614184036975], [-95.24408096772082, 29.676586184077614], [-95.2444029679361, 29.67669018388736], [-95.24459196718365, 29.676932184199067], [-95.2446989682121, 29.67751018408296], [-95.24532896750064, 29.678132184602223], [-95.24554396848411, 29.678912184168986], [-95.24633496832945, 29.679414185082198], [-95.24645696852818, 29.679597184406063], [-95.24646996804864, 29.67981118412263], [-95.24605196757392, 29.68053518387802], [-95.24575296782317, 29.681389184219285], [-95.24521096839818, 29.684584185973147], [-95.24520496765207, 29.684940185429532], [-95.24533696789655, 29.685160186129274], [-95.2465709692293, 29.685901185369392], [-95.24674896860623, 29.68607518564699], [-95.2468449688657, 29.68603718654502], [-95.24698996863066, 29.68577318560982], [-95.24736796892243, 29.68564618540066], [-95.24768196874179, 29.685360186560406], [-95.24826196869992, 29.685255185856885], [-95.24835596841126, 29.68499718508948], [-95.24824196771013, 29.6847381862785], [-95.2484369686021, 29.684590185097512], [-95.2495209692487, 29.684501185431934], [-95.24982196864929, 29.68410518591184], [-95.25001096969348, 29.684034185631962], [-95.25106097000489, 29.68393418531752], [-95.25209396969957, 29.68346118525271], [-95.25288497044322, 29.682858184693092]]]}, "properties": {"kind": "gap", "pct_zero_car": 0.144609991236, "jobs_transit_45": 30296.0}}, {"type": "Feature", "geometry": {"type": "Polygon", "coordinates": [[[-95.24947896851761, 29.670347183494286], [-95.24944396835751, 29.66973518270958], [-95.24017396547978, 29.65977718157804], [-95.23563696484852, 29.663104181982455], [-95.23777296455806, 29.665368182280517], [-95.24211196751754, 29.670200182849783], [-95.24768596804142, 29.670110183065947], [-95.24823196856269, 29.670133183148454], [-95.24947896851761, 29.670347183494286]]]}, "properties": {"kind": "gap", "pct_zero_car": 0.0484988452656, "jobs_transit_45": 25341.0}}, {"type": "Feature", "geometry": {"type": "Polygon", "coordinates": [[[-95.24842796838128, 29.648093178553864], [-95.24864296756812, 29.64808117751188], [-95.24661996603986, 29.64496317683021], [-95.24458596553924, 29.642034177799232], [-95.24336996554648, 29.64074017762726], [-95.24150196562555, 29.64207417664295], [-95.23782396461168, 29.643791177085504], [-95.23809496477335, 29.644424177438975], [-95.23812896421022, 29.646257178158816], [-95.24601196739094, 29.646137177977483], [-95.24656896688454, 29.645889177878185], [-95.24799796731266, 29.64811617898553], [-95.24842796838128, 29.648093178553864]]]}, "properties": {"kind": "gap", "pct_zero_car": 0.0985221674877, "jobs_transit_45": 22452.0}}, {"type": "Feature", "geometry": {"type": "Polygon", "coordinates": [[[-95.31069798552386, 29.712205188702196], [-95.30500098497632, 29.708359189324803], [-95.29657198307096, 29.713136190417206], [-95.29668198267582, 29.713323190054826], [-95.29871298280338, 29.712224189938095], [-95.29966898340346, 29.713738190050844], [-95.29966698375362, 29.71410419051314], [-95.29887998320794, 29.71612019123053], [-95.29901898402343, 29.716833191036205], [-95.29871298370169, 29.717709190177686], [-95.29993998356511, 29.718634191348393], [-95.29961498297678, 29.718996190476826], [-95.29943198267868, 29.71934519092413], [-95.29934298299021, 29.71974519179748], [-95.29943898414801, 29.719879191316142], [-95.29880098356524, 29.72088919169035], [-95.29827998315832, 29.722188191000523], [-95.29807098292096, 29.723701192062194], [-95.2982009826173, 29.72504919272104], [-95.29841898307549, 29.725781192515747], [-95.29883498390042, 29.726694192381117], [-95.299283983439, 29.72739219312936], [-95.29977198333563, 29.727807192682977], [-95.29960998385222, 29.728229193348696], [-95.30154198424557, 29.72877619332998], [-95.3017969845137, 29.729006193026283], [-95.30220798531575, 29.729829193851074], [-95.30239698456333, 29.72996619410353], [-95.30275598548684, 29.73008719257089], [-95.30319298532984, 29.73000119359139], [-95.30383698396378, 29.729004192902284], [-95.30404398544964, 29.728086192637974], [-95.30424398546617, 29.72765419217697], [-95.30446798487385, 29.727496192612843], [-95.30516898520581, 29.72728719267886], [-95.30545898473572, 29.726903192770227], [-95.30544398466712, 29.726582192157718], [-95.30509798595901, 29.725969192091494], [-95.30499098493058, 29.725585192599716], [-95.3052309851301, 29.724272192045966], [-95.30495198457251, 29.722637190603127], [-95.30543998446916, 29.72115119211383], [-95.30562798568843, 29.720956191098484], [-95.30616698563868, 29.72062419092653], [-95.30844498563845, 29.719532191478173], [-95.30862598628673, 29.719387190540672], [-95.30885298606745, 29.718368190704183], [-95.3088279859531, 29.718191190459738], [-95.30866198627174, 29.717987190729698], [-95.307983985506, 29.7176461900831], [-95.30768298520712, 29.71740419030565], [-95.30753598579234, 29.71710919053253], [-95.30743798588304, 29.716314190530213], [-95.30753798544217, 29.715892190472413], [-95.30771798536722, 29.715612190749173], [-95.30920098532368, 29.714475189894898], [-95.309399984617, 29.713604189356065], [-95.30991598679765, 29.712826189578845], [-95.31069798552386, 29.712205188702196]]]}, "properties": {"kind": "gap", "pct_zero_car": 0.364522417154, "jobs_transit_45": 82256.0}}, {"type": "Feature", "geometry": {"type": "Polygon", "coordinates": [[[-95.23454896490227, 29.690496187215107], [-95.22952096400134, 29.68332318580103], [-95.22153696143658, 29.6833581867205], [-95.22161896145236, 29.690634187743306], [-95.22539496327383, 29.690650187826165], [-95.22716396346057, 29.69057318872073], [-95.23454896490227, 29.690496187215107]]]}, "properties": {"kind": "gap", "pct_zero_car": 0.108504398827, "jobs_transit_45": 11906.0}}, {"type": "Feature", "geometry": {"type": "Polygon", "coordinates": [[[-95.37942000217596, 29.687300181717283], [-95.37954900294571, 29.6869281821429], [-95.37840300237481, 29.686842182091493], [-95.37860800151593, 29.68559818119336], [-95.37869900175251, 29.68332818058158], [-95.37863600290163, 29.68286218131643], [-95.37836900203963, 29.68228718100601], [-95.37781200164771, 29.681738181116316], [-95.37722600184179, 29.681442180628256], [-95.37660900207375, 29.68131117982289], [-95.3757220001723, 29.68124518103849], [-95.37576800110136, 29.683218181408726], [-95.37344100159612, 29.689058182310603], [-95.3754170014721, 29.689692182371378], [-95.37372700182638, 29.693994182800754], [-95.37129400021932, 29.693287183310765], [-95.37075500026904, 29.69472218423132], [-95.36838300055796, 29.69401518362119], [-95.36779199983086, 29.695467184000787], [-95.37628300255881, 29.698065182991844], [-95.37746700276455, 29.694226182628764], [-95.37825200276207, 29.691239181545257], [-95.37942000217596, 29.687300181717283]]]}, "properties": {"kind": "gap", "pct_zero_car": 0.112068965517, "jobs_transit_45": 68597.0}}, {"type": "Feature", "geometry": {"type": "Polygon", "coordinates": [[[-95.28860097912838, 29.697471187609707], [-95.28873898011895, 29.697454187456366], [-95.2870189794377, 29.69604418693807], [-95.28680197880442, 29.695287186673177], [-95.28641797956317, 29.694665186965835], [-95.28527197809397, 29.693318186893848], [-95.28477297832667, 29.69258218593868], [-95.28412897879444, 29.691894185497446], [-95.28390397776523, 29.69200018593822], [-95.28510297803956, 29.694347185938938], [-95.28447697805066, 29.69481818702761], [-95.28400197857285, 29.695031186710423], [-95.28362297845615, 29.69511918601522], [-95.28275997774249, 29.695156187526628], [-95.28273397870153, 29.694426186867148], [-95.28263197769597, 29.694540186319053], [-95.27772197769413, 29.69464318665725], [-95.27788797737547, 29.702685187571486], [-95.28020097753533, 29.700990187855332], [-95.28300297831504, 29.699320187210024], [-95.28381297842697, 29.69891118754205], [-95.28628597842038, 29.69806118697303], [-95.28860097912838, 29.697471187609707]]]}, "properties": {"kind": "gap", "pct_zero_car": 0.272285251216, "jobs_transit_45": 143643.0}}, {"type": "Feature", "geometry": {"type": "Polygon", "coordinates": [[[-95.33939699031836, 29.63696417248337], [-95.33685598875626, 29.63724117288519], [-95.33261098820306, 29.637575173292284], [-95.3239989859996, 29.637528173661945], [-95.32399298705012, 29.63882517348483], [-95.31010798282503, 29.639041174404394], [-95.31115198328867, 29.642180174946393], [-95.31490098444762, 29.65495717706921], [-95.31540398441288, 29.654852176625973], [-95.31614898422745, 29.654522177419334], [-95.3166009850374, 29.654162177121638], [-95.31692598382908, 29.65370917738285], [-95.31730798521713, 29.652512176909966], [-95.31894998608058, 29.65117617635217], [-95.31953398623666, 29.65085217637794], [-95.32013898541085, 29.65063217713091], [-95.32496998666828, 29.650439175997384], [-95.32669198789766, 29.64957817622564], [-95.32707598713891, 29.649463176465648], [-95.32852198818378, 29.649675176138228], [-95.32880398821607, 29.64964717570626], [-95.32921298757167, 29.649419176359803], [-95.32969398869392, 29.648931175954477], [-95.33132898898636, 29.64669117517408], [-95.3317199887986, 29.646437175820385], [-95.33198598893739, 29.64634617497393], [-95.33289898898146, 29.646447174509944], [-95.33381298795211, 29.64641517510855], [-95.33481298893314, 29.645480174761712], [-95.3351339893235, 29.64543817470263], [-95.33584698935103, 29.645593174164443], [-95.33653598998742, 29.645494173996767], [-95.33699099027208, 29.64512517471442], [-95.33690799043143, 29.643887173857735], [-95.33699398974684, 29.64303917447913], [-95.33719998961115, 29.642301174523272], [-95.3378419903919, 29.641071173767035], [-95.33875898973558, 29.639752174158573], [-95.33912099013385, 29.63889917263749], [-95.33935298993744, 29.637980172636542], [-95.33939699031836, 29.63696417248337]]]}, "properties": {"kind": "gap", "pct_zero_car": 0.244979919679, "jobs_transit_45": 141465.0}}, {"type": "Feature", "geometry": {"type": "Polygon", "coordinates": [[[-95.35629299556055, 29.648220173879498], [-95.35602299522382, 29.642412173303956], [-95.35595799402816, 29.63786217233643], [-95.35578299412599, 29.637863171744023], [-95.35517299403062, 29.638121172390402], [-95.34937999232531, 29.638101172575723], [-95.34935599203585, 29.63989817383383], [-95.34808199321509, 29.63978517350472], [-95.34502399234233, 29.638412172952666], [-95.34483699184626, 29.63874717277868], [-95.34472099149531, 29.639335172829437], [-95.34470999252297, 29.642353174206427], [-95.33719998961115, 29.642301174523272], [-95.33699398974684, 29.64303917447913], [-95.33690799043143, 29.643887173857735], [-95.33699099027208, 29.64512517471442], [-95.33771899036823, 29.64441117505554], [-95.33818199015052, 29.644301173918745], [-95.33846299035791, 29.644344173795446], [-95.3407859905635, 29.64540917375938], [-95.34133699110764, 29.64602717482302], [-95.34158099150513, 29.646156174528503], [-95.34358099256883, 29.646371175231796], [-95.3441709916744, 29.646506174331215], [-95.34437399206398, 29.64667617444317], [-95.34492499260813, 29.647671173841704], [-95.34509799196216, 29.64782017557431], [-95.3456969921869, 29.647814175037293], [-95.34791899300846, 29.647086174358762], [-95.34856999311172, 29.64706517466648], [-95.3497809930816, 29.647548174288733], [-95.3516649937944, 29.6481101745626], [-95.35176499425181, 29.648221174745668], [-95.35191699368946, 29.648807174738632], [-95.35219299387398, 29.64905217522451], [-95.35306599463341, 29.6493251756434], [-95.35404499479971, 29.64938917414743], [-95.354691994705, 29.649366174787342], [-95.35540899493049, 29.64910817485033], [-95.35580499476559, 29.64850917397481], [-95.35629299556055, 29.648220173879498]]]}, "properties": {"kind": "gap", "pct_zero_car": 0.111782477341, "jobs_transit_45": 78585.0}}, {"type": "Feature", "geometry": {"type": "Polygon", "coordinates": [[[-95.35630099415984, 29.649109174927023], [-95.35629299556055, 29.648220173879498], [-95.35580499476559, 29.64850917397481], [-95.35540899493049, 29.64910817485033], [-95.354691994705, 29.649366174787342], [-95.35306599463341, 29.6493251756434], [-95.35205799415476, 29.648976174790267], [-95.35191699368946, 29.648807174738632], [-95.35176499425181, 29.648221174745668], [-95.3516649937944, 29.6481101745626], [-95.3497809930816, 29.647548174288733], [-95.34856999311172, 29.64706517466648], [-95.34791899300846, 29.647086174358762], [-95.3456969921869, 29.647814175037293], [-95.34509799196216, 29.64782017557431], [-95.34492499260813, 29.647671173841704], [-95.34437399206398, 29.64667617444317], [-95.3441709916744, 29.646506174331215], [-95.34358099256883, 29.646371175231796], [-95.34158099150513, 29.646156174528503], [-95.34133699110764, 29.64602717482302], [-95.340989990778, 29.64558717427533], [-95.34051099110222, 29.645253173899302], [-95.33846299035791, 29.644344173795446], [-95.33786099065847, 29.644341174204097], [-95.33699099027208, 29.64512517471442], [-95.33729098984774, 29.648018175921646], [-95.33722299097401, 29.648836175483673], [-95.33699498957174, 29.649690174860822], [-95.33650698967512, 29.65092117654659], [-95.3363879889511, 29.651848175923075], [-95.35291799359707, 29.65049317472573], [-95.35606699470644, 29.65050517548016], [-95.35630099415984, 29.649109174927023]]]}, "properties": {"kind": "gap", "pct_zero_car": 0.194852941176, "jobs_transit_45": 141273.0}}, {"type": "Feature", "geometry": {"type": "Polygon", "coordinates": [[[-95.32873598934233, 29.668571180153204], [-95.32868498839039, 29.666488180086244], [-95.32218898580498, 29.66661117912638], [-95.3192279859149, 29.666040179962554], [-95.3182059860909, 29.666119178941006], [-95.32015098690304, 29.672664180247196], [-95.32051898625078, 29.6720641815987], [-95.32109998603381, 29.672236180375258], [-95.32859898907498, 29.67206218034054], [-95.32873598934233, 29.668571180153204]]]}, "properties": {"kind": "gap", "pct_zero_car": 0.0640668523677, "jobs_transit_45": 136108.0}}, {"type": "Feature", "geometry": {"type": "Polygon", "coordinates": [[[-95.32868498839039, 29.666488180086244], [-95.32855398797082, 29.66137017844597], [-95.3168549854806, 29.661569178628675], [-95.3182059860909, 29.666119178941006], [-95.3192279859149, 29.666040179962554], [-95.32218898580498, 29.66661117912638], [-95.32868498839039, 29.666488180086244]]]}, "properties": {"kind": "gap", "pct_zero_car": 0.102076124567, "jobs_transit_45": 136111.0}}, {"type": "Feature", "geometry": {"type": "Polygon", "coordinates": [[[-95.31797698486373, 29.666183179253615], [-95.3182059860909, 29.666119178941006], [-95.31490098444762, 29.65495717706921], [-95.31437698366767, 29.65506717749033], [-95.31392998467723, 29.655073177595032], [-95.31329698321903, 29.654938177495225], [-95.31275698344386, 29.655082176970726], [-95.3123719834794, 29.655288177987295], [-95.31203798446685, 29.655602177611385], [-95.31118398397402, 29.657578178334315], [-95.31099698347796, 29.657647178575367], [-95.31025898333608, 29.65760417735595], [-95.3094029822951, 29.65769917813747], [-95.30841298315644, 29.65812817740246], [-95.30802298316911, 29.65858517903653], [-95.30781298400515, 29.659609177778673], [-95.30723698244834, 29.66011617808904], [-95.3070909837568, 29.660371178794502], [-95.30686998292553, 29.661130178070657], [-95.3059239823712, 29.66164717960494], [-95.30526298132388, 29.662282179178078], [-95.30469098265998, 29.662468179067314], [-95.30442798199594, 29.66263817875763], [-95.3042769823832, 29.663556179302667], [-95.30486998276011, 29.663909179268668], [-95.30749298343969, 29.661606179219437], [-95.30824398310205, 29.661155179339886], [-95.30888398333464, 29.660923178906884], [-95.30908898337405, 29.66173417852096], [-95.30990898353171, 29.66261717918795], [-95.31042698356558, 29.66225617902345], [-95.31169598505842, 29.661880179098805], [-95.31326398450537, 29.667114179683807], [-95.31797698486373, 29.666183179253615]]]}, "properties": {"kind": "gap", "pct_zero_car": 0.04375, "jobs_transit_45": 75145.0}}, {"type": "Feature", "geometry": {"type": "Polygon", "coordinates": [[[-95.31326398450537, 29.667114179683807], [-95.31169598505842, 29.661880179098805], [-95.31042698356558, 29.66225617902345], [-95.30990898353171, 29.66261717918795], [-95.30908898337405, 29.66173417852096], [-95.30888398333464, 29.660923178906884], [-95.30824398310205, 29.661155179339886], [-95.30749298343969, 29.661606179219437], [-95.30486998276011, 29.663909179268668], [-95.3042769823832, 29.663556179302667], [-95.30368598165609, 29.663627179211815], [-95.3026879812232, 29.664569179815864], [-95.30151798126118, 29.664996179612114], [-95.30096498196554, 29.66560218009415], [-95.29937898117859, 29.665937180756675], [-95.29891198119837, 29.666671180298014], [-95.29810998058407, 29.666801180762278], [-95.29774397998786, 29.66703118111206], [-95.29755997986484, 29.667347180565283], [-95.29755398091537, 29.667920180675207], [-95.29744598006202, 29.668150180027347], [-95.29553098028542, 29.669035181113212], [-95.29522698051181, 29.669326180501916], [-95.29499098051025, 29.67011518162506], [-95.29535597948492, 29.670493181718143], [-95.29627197990206, 29.670790181519337], [-95.29698798120094, 29.67120018153307], [-95.2970779807143, 29.671428181479993], [-95.29680998092572, 29.6718661817352], [-95.2960859801292, 29.671968182044676], [-95.29549397957719, 29.672334181706695], [-95.29447998014909, 29.67245118155443], [-95.29346297944966, 29.672916181624853], [-95.29265398006096, 29.67299018146968], [-95.29178997952238, 29.672778180967256], [-95.2912859788339, 29.672840181263496], [-95.29071397927169, 29.673135182262783], [-95.29033197878196, 29.673540182132456], [-95.29174997933941, 29.673767182406092], [-95.29382998076908, 29.673735182326286], [-95.30005898159418, 29.672761181319938], [-95.30134598173206, 29.672238181629908], [-95.30301098306002, 29.670865180447457], [-95.30388398202281, 29.67024618062676], [-95.30668198350288, 29.66868617993121], [-95.30873898356968, 29.668113180282408], [-95.31326398450537, 29.667114179683807]]]}, "properties": {"kind": "gap", "pct_zero_car": 0.124378109453, "jobs_transit_45": 51586.0}}, {"type": "Feature", "geometry": {"type": "Polygon", "coordinates": [[[-95.32167898706535, 29.677750181276053], [-95.3182059860909, 29.666119178941006], [-95.31683998541199, 29.666440180001132], [-95.31450198513777, 29.66683517972718], [-95.30873898356968, 29.668113180282408], [-95.30996498360821, 29.672235181308977], [-95.30855898364463, 29.672598181250173], [-95.30452798245335, 29.674824181487363], [-95.30560398360235, 29.675637181039246], [-95.30589998298005, 29.675991182122083], [-95.30742398384272, 29.68100518282317], [-95.32167898706535, 29.677750181276053]]]}, "properties": {"kind": "gap", "pct_zero_car": 0.201353637902, "jobs_transit_45": 76722.0}}, {"type": "Feature", "geometry": {"type": "Polygon", "coordinates": [[[-95.30996498360821, 29.672235181308977], [-95.30873898356968, 29.668113180282408], [-95.30668198350288, 29.66868617993121], [-95.30388398202281, 29.67024618062676], [-95.30301098306002, 29.670865180447457], [-95.30134598173206, 29.672238181629908], [-95.30132698236379, 29.672394181805732], [-95.30036898121556, 29.67386618129558], [-95.30242098215781, 29.67530918174131], [-95.30304398177367, 29.674640182238505], [-95.30360498236355, 29.67420418201254], [-95.30391798235799, 29.674090182128626], [-95.30422698215449, 29.674613181552633], [-95.30452798245335, 29.674824181487363], [-95.30855898364463, 29.672598181250173], [-95.30996498360821, 29.672235181308977]]]}, "properties": {"kind": "gap", "pct_zero_car": 0.156387665198, "jobs_transit_45": 51453.0}}, {"type": "Feature", "geometry": {"type": "Polygon", "coordinates": [[[-95.25615096903348, 29.63058817342165], [-95.25596396853742, 29.626838173344012], [-95.23852996316988, 29.627594174712186], [-95.2290639613719, 29.627710173969767], [-95.2406249655665, 29.63824617680253], [-95.23993496420687, 29.63739417599102], [-95.24095596420597, 29.638313175874238], [-95.24122596454272, 29.638121176294344], [-95.24159196513892, 29.638016177027975], [-95.24892296615397, 29.637995176224635], [-95.2488759662983, 29.634570175258567], [-95.24772996752405, 29.63458717511167], [-95.24759196653348, 29.634445175653326], [-95.24743496617462, 29.631577174905956], [-95.24721096586865, 29.631441174278926], [-95.24751296599243, 29.63091717508403], [-95.25615096903348, 29.63058817342165]]]}, "properties": {"kind": "gap", "pct_zero_car": 0.131863380891, "jobs_transit_45": 22855.0}}, {"type": "Feature", "geometry": {"type": "Polygon", "coordinates": [[[-95.43831101446216, 29.619411166597406], [-95.43834201352598, 29.619362166338288], [-95.43763201476983, 29.61902316535927], [-95.4367160143527, 29.618887165747154], [-95.43248701369303, 29.618923166029834], [-95.43112001318919, 29.619539166444735], [-95.43075901261585, 29.61945416538674], [-95.43087901316477, 29.62402616715823], [-95.43087901316477, 29.627826167627756], [-95.4353430140011, 29.627764167708715], [-95.43529001429764, 29.61974616557917], [-95.43722601488895, 29.61972816597691], [-95.43792401484787, 29.620031166272245], [-95.43831101446216, 29.619411166597406]]]}, "properties": {"kind": "gap", "pct_zero_car": 0.09670781893, "jobs_transit_45": 140135.0}}, {"type": "Feature", "geometry": {"type": "Polygon", "coordinates": [[[-95.38767600293065, 29.655767174798545], [-95.38748700188644, 29.643640172250514], [-95.38073300045649, 29.643764173585144], [-95.3806580001134, 29.644383173159337], [-95.38053200151336, 29.644465173113836], [-95.38064500149125, 29.64461917317167], [-95.38067000160561, 29.645026172525107], [-95.38073500100462, 29.649970174807148], [-95.37448600008804, 29.65009117360885], [-95.37366599903208, 29.650013173823737], [-95.37369299969457, 29.65122817379324], [-95.37302699952272, 29.65124417468191], [-95.37289599910314, 29.651321175019774], [-95.37291699901954, 29.652990175185934], [-95.37187699875388, 29.653015174574335], [-95.37199200017822, 29.658225176100217], [-95.37534500060376, 29.658150176334708], [-95.37561800041523, 29.658035176221333], [-95.38499000250188, 29.657783175812042], [-95.3859840027368, 29.657663176101583], [-95.38752100222163, 29.6576311755822], [-95.38767600293065, 29.655767174798545]]]}, "properties": {"kind": "gap", "pct_zero_car": 0.138775510204, "jobs_transit_45": 63052.0}}, {"type": "Feature", "geometry": {"type": "Polygon", "coordinates": [[[-95.3671639974972, 29.64545117383051], [-95.36721399772591, 29.64524017318443], [-95.36539899750842, 29.64540917375938], [-95.36536199769851, 29.644789173347245], [-95.36527599658646, 29.642163173252044], [-95.36697899844758, 29.642153172575476], [-95.36694999723696, 29.64013117214982], [-95.36439299667961, 29.64016317198699], [-95.36442999559124, 29.642185173331594], [-95.36334799639107, 29.642184173186124], [-95.36333799544701, 29.641409173014235], [-95.35599999475929, 29.641377172792257], [-95.35629299556055, 29.648220173879498], [-95.35663899516696, 29.648061174210703], [-95.35760999583566, 29.647937175045897], [-95.35918099565566, 29.64808717412951], [-95.35960799545293, 29.647827173858364], [-95.35984999530228, 29.647417173057203], [-95.36009299587484, 29.64728817418682], [-95.36328499664188, 29.64664417355311], [-95.36381799674434, 29.646647174637284], [-95.3640599965937, 29.646487173161905], [-95.36559499732702, 29.646528173461764], [-95.36679199705321, 29.645868173251834], [-95.36703199815105, 29.645673173692522], [-95.3671639974972, 29.64545117383051]]]}, "properties": {"kind": "gap", "pct_zero_car": 0.145833333333, "jobs_transit_45": 141931.0}}, {"type": "Feature", "geometry": {"type": "Polygon", "coordinates": [[[-95.36810399730545, 29.63420617142255], [-95.36805699655146, 29.63197617034068], [-95.36420299581052, 29.632027171204896], [-95.36414099588623, 29.62876917014444], [-95.36361899565442, 29.628767170367887], [-95.36293099484293, 29.628622169672948], [-95.35826499434025, 29.627385170812115], [-95.35814499468964, 29.627735170264966], [-95.3573619943419, 29.62765617005069], [-95.35562699359205, 29.627664170025827], [-95.35576099348636, 29.63226517099232], [-95.35684099483332, 29.63224817074731], [-95.35754899483797, 29.632053171359967], [-95.35766899448859, 29.63239117120327], [-95.35768699493023, 29.633045171662392], [-95.36043899548125, 29.633055170900967], [-95.36042899543551, 29.633788171105003], [-95.36318199581142, 29.63381117168126], [-95.3631879956592, 29.634557171602697], [-95.36424299599348, 29.63426617161347], [-95.36810399730545, 29.63420617142255]]]}, "properties": {"kind": "gap", "pct_zero_car": 0.134803921569, "jobs_transit_45": 103692.0}}, {"type": "Feature", "geometry": {"type": "Polygon", "coordinates": [[[-95.35583999402739, 29.634075172352127], [-95.35562199446751, 29.62739816992782], [-95.35462499385953, 29.627376170522354], [-95.35381299319948, 29.627169170663528], [-95.35236799287784, 29.626448170426283], [-95.35157899178402, 29.626158170741856], [-95.35066399209015, 29.62598217007406], [-95.34981799289154, 29.62594117077938], [-95.34406299082107, 29.625914170301556], [-95.3441159905245, 29.628910170299598], [-95.34130999044515, 29.629465171186], [-95.33933698914561, 29.62952717083907], [-95.33936699018115, 29.63312417233534], [-95.34131699011783, 29.63306517170023], [-95.34343699083216, 29.632872171247193], [-95.3434389913803, 29.633656171260764], [-95.34511199130758, 29.633478171516245], [-95.34951099184656, 29.633411171570458], [-95.34949699250117, 29.631089171573695], [-95.35445099378225, 29.63110417072251], [-95.35455899463561, 29.631211170676305], [-95.35462899405749, 29.63333217190339], [-95.35459199424757, 29.633436171135862], [-95.35326999305127, 29.633814171586273], [-95.35357599337303, 29.634496171363356], [-95.35499799323011, 29.634103170868382], [-95.35583999402739, 29.634075172352127]]]}, "properties": {"kind": "gap", "pct_zero_car": 0.227848101266, "jobs_transit_45": 74477.0}}, {"type": "Feature", "geometry": {"type": "Polygon", "coordinates": [[[-95.27267997475286, 29.680351184934533], [-95.2680029734812, 29.67556318236191], [-95.25565297088774, 29.684784185209104], [-95.25289396976574, 29.686547186192758], [-95.25156196942201, 29.68749918599896], [-95.25179496994883, 29.687662186102703], [-95.25240196967114, 29.688551186654713], [-95.25262497105052, 29.688758187480428], [-95.25407697014654, 29.689235186300877], [-95.25513297120406, 29.68916818679792], [-95.25598597097367, 29.68958218626151], [-95.25654797138846, 29.690197186200955], [-95.25665297097044, 29.690542185851466], [-95.25673097078825, 29.69172518653649], [-95.25730097159898, 29.69168318783577], [-95.25802897169511, 29.6914391870471], [-95.25901697118393, 29.6905851870346], [-95.25941097226755, 29.69039318652775], [-95.26022597240232, 29.690147186390853], [-95.26091997216328, 29.69012618554239], [-95.26156697206856, 29.689915186509463], [-95.2618719725654, 29.68957818678377], [-95.26205897216315, 29.688994186412476], [-95.26236897268285, 29.68876618650095], [-95.26281197237365, 29.68870718571059], [-95.26442097362512, 29.68882518569598], [-95.26470897350521, 29.68838818643208], [-95.26555797307687, 29.686319186192684], [-95.26602497215877, 29.685436185261906], [-95.26685997418168, 29.68415218486046], [-95.26844897354503, 29.682359185387828], [-95.26999897434698, 29.68106818482955], [-95.27076397425303, 29.68080118404577], [-95.27183197500611, 29.680752184006113], [-95.27267997475286, 29.680351184934533]]]}, "properties": {"kind": "gap", "pct_zero_car": 0.0653514180025, "jobs_transit_45": 45546.0}}, {"type": "Feature", "geometry": {"type": "Polygon", "coordinates": [[[-95.33242300045848, 29.903521227817702], [-95.33246899959092, 29.90250522785681], [-95.32347199832131, 29.90281722824199], [-95.32354199774319, 29.905937228191185], [-95.32636199806625, 29.905886228766423], [-95.32727099881069, 29.905625227453882], [-95.33062199958638, 29.90555022823917], [-95.33111400057929, 29.905434227868124], [-95.33170100110844, 29.90554522740699], [-95.33207000028108, 29.904753227758796], [-95.33242300045848, 29.903521227817702]]]}, "properties": {"kind": "gap", "pct_zero_car": 0.199720670391, "jobs_transit_45": 144253.0}}, {"type": "Feature", "geometry": {"type": "Polygon", "coordinates": [[[-95.40367002147414, 29.965978237912225], [-95.4033030201547, 29.95909923668213], [-95.40137502085761, 29.95909923668213], [-95.40128202097121, 29.95819923632811], [-95.40104802061947, 29.957376235751134], [-95.3999940201101, 29.955060235849835], [-95.39987902048236, 29.953823235886446], [-95.39324601852793, 29.95390323682902], [-95.39322701826136, 29.95292023633024], [-95.38987001673952, 29.95296523640142], [-95.38984101732554, 29.951753235621464], [-95.38648601635185, 29.951789235479943], [-95.3862690166169, 29.951002234910565], [-95.3856170157904, 29.9511982351166], [-95.38416801527082, 29.95202623629831], [-95.38393201437096, 29.952766236088085], [-95.3834340153269, 29.95367623653564], [-95.38297001571972, 29.95424123632597], [-95.38098501562291, 29.956198236943585], [-95.38038001555043, 29.957202236233712], [-95.38016101436901, 29.957796237813298], [-95.37999101448969, 29.958766237851115], [-95.38006601483275, 29.961576238000873], [-95.38027501507013, 29.961851237521557], [-95.38026801449912, 29.965408239301578], [-95.38521701665564, 29.965358238475634], [-95.38586401656094, 29.9654512383264], [-95.38745101717278, 29.965895238824437], [-95.388142017459, 29.96597323855987], [-95.40367002147414, 29.965978237912225]]]}, "properties": {"kind": "gap", "pct_zero_car": 0.148998822144, "jobs_transit_45": 115931.0}}, {"type": "Feature", "geometry": {"type": "Polygon", "coordinates": [[[-95.4372740307392, 29.981038239711296], [-95.42815402854764, 29.973042238090127], [-95.42491702667641, 29.970443237776884], [-95.42407202640442, 29.969570237936047], [-95.42373302647071, 29.969549237366707], [-95.42129202626433, 29.967695237536077], [-95.42169502667045, 29.96714223812491], [-95.42187102549923, 29.96596123746711], [-95.41925902469033, 29.965736237527974], [-95.42153902703484, 29.975084238056038], [-95.42226402675794, 29.975072238841907], [-95.42320902658905, 29.97518823896591], [-95.42462302694854, 29.97560123939459], [-95.42506502681442, 29.978164239755895], [-95.42728302743805, 29.97816424053405], [-95.4276810278213, 29.978232239392003], [-95.4296220293338, 29.979490239824802], [-95.42904302740394, 29.98069624002133], [-95.42876902776754, 29.981694240816868], [-95.42991102903879, 29.981970239768742], [-95.43090102907574, 29.982390240592515], [-95.43423902943267, 29.984553240631474], [-95.4372740307392, 29.981038239711296]]]}, "properties": {"kind": "gap", "pct_zero_car": 0.0538406317301, "jobs_transit_45": 122938.0}}, {"type": "Feature", "geometry": {"type": "Polygon", "coordinates": [[[-95.42927703045062, 30.02823924930699], [-95.42920103028263, 30.02378924892088], [-95.42898903057052, 30.021157248273003], [-95.42381702883124, 30.02272624876556], [-95.42312202834705, 30.023007248318255], [-95.4205700287109, 30.02357124859317], [-95.42061502801845, 30.024339249501242], [-95.42051402863441, 30.026394249092856], [-95.42199802841579, 30.026425249698782], [-95.42195502965639, 30.028635249273833], [-95.42618903033895, 30.02866124987225], [-95.42619302963858, 30.028229249872602], [-95.42628303005029, 30.028163249847267], [-95.42855503020226, 30.02825725015287], [-95.42865602958626, 30.028337250243464], [-95.42866203033239, 30.028707250016957], [-95.42928002992535, 30.028705250450688], [-95.42927703045062, 30.02823924930699]]]}, "properties": {"kind": "gap", "pct_zero_car": 0.144670050761, "jobs_transit_45": 86874.0}}, {"type": "Feature", "geometry": {"type": "Polygon", "coordinates": [[[-95.47342203475291, 29.86111621373484], [-95.47335003388459, 29.85794921331457], [-95.47104103392269, 29.857933213449183], [-95.47095503370896, 29.85603421291332], [-95.46866203274227, 29.856066212471234], [-95.46867603298597, 29.857236212977053], [-95.46389303140913, 29.857292214054375], [-95.46340503151248, 29.857044213051633], [-95.46287903108271, 29.857557213926547], [-95.46288903202677, 29.85772521340761], [-95.46328803133662, 29.857995214568817], [-95.46409003195093, 29.858967214571223], [-95.4646160323807, 29.85920621337198], [-95.4651940317907, 29.85960821411568], [-95.46589503302098, 29.860254214205764], [-95.46652403158629, 29.861347214351873], [-95.46693303273851, 29.86182421449036], [-95.46685203254766, 29.86190121446886], [-95.46683503282924, 29.863327215067887], [-95.47077803415696, 29.863315214841954], [-95.47005103298741, 29.86223921468338], [-95.46969003331239, 29.862050215128573], [-95.46971303377691, 29.861098213775616], [-95.47342203475291, 29.86111621373484]]]}, "properties": {"kind": "gap", "pct_zero_car": 0.108401084011, "jobs_transit_45": 134103.0}}, {"type": "Feature", "geometry": {"type": "Polygon", "coordinates": [[[-95.47335003388459, 29.85794921331457], [-95.4733150346228, 29.85445221219083], [-95.4657220318703, 29.85453821336502], [-95.46560003167157, 29.854452212969885], [-95.4656360325549, 29.854264213841212], [-95.4645680318018, 29.854376213066377], [-95.46456003230419, 29.85485921286277], [-95.4620040315718, 29.857334213478364], [-95.46189103159388, 29.857673213913774], [-95.46206003164828, 29.858110213716273], [-95.4623650312468, 29.85834321493616], [-95.46409003195093, 29.858967214571223], [-95.46328803133662, 29.857995214568817], [-95.46300003235486, 29.85782021398602], [-95.46285303204176, 29.857634214080893], [-95.46340503151248, 29.857044213051633], [-95.46389303140913, 29.857292214054375], [-95.46867603298597, 29.857236212977053], [-95.46866203274227, 29.856066212471234], [-95.47095503370896, 29.85603421291332], [-95.47104103392269, 29.857933213449183], [-95.47335003388459, 29.85794921331457]]]}, "properties": {"kind": "gap", "pct_zero_car": 0.215261958998, "jobs_transit_45": 132769.0}}, {"type": "Feature", "geometry": {"type": "Polygon", "coordinates": [[[-95.48568903930234, 29.888074219466684], [-95.4856590391651, 29.885715218237653], [-95.48531303866038, 29.8850052186824], [-95.48524003886546, 29.884221218343473], [-95.4841530378458, 29.884536219310906], [-95.48304403798315, 29.884702218409036], [-95.47827103645201, 29.884840219372656], [-95.47684303584883, 29.884731218706417], [-95.47541303559582, 29.88441721920085], [-95.47390803589805, 29.884312219123235], [-95.47399503593668, 29.885367219104975], [-95.47418503590748, 29.886288219467115], [-95.47455303615351, 29.887147219789753], [-95.47493603646815, 29.887752220097287], [-95.47578003691525, 29.888674219479032], [-95.47811103661846, 29.890283220621782], [-95.47901203786526, 29.891209219953797], [-95.48055303754806, 29.89061422042643], [-95.48085003854729, 29.89133321973268], [-95.48285103853763, 29.890691219988124], [-95.48402003867474, 29.890237219458445], [-95.48437903959825, 29.890211220010485], [-95.48435903860843, 29.889080219938815], [-95.48400903790576, 29.88844621913651], [-95.48468603794826, 29.888110218992963], [-95.48568903930234, 29.888074219466684]]]}, "properties": {"kind": "gap", "pct_zero_car": 0.207236842105, "jobs_transit_45": 135593.0}}, {"type": "Feature", "geometry": {"type": "Polygon", "coordinates": [[[-95.45091003184902, 29.93791223059128], [-95.45107303295394, 29.937735231115497], [-95.44905303179874, 29.93782923142605], [-95.439570029384, 29.937942231276057], [-95.43516902739856, 29.93755623070086], [-95.43350802716685, 29.93754723022794], [-95.43208902678448, 29.93770823129971], [-95.4314270277089, 29.937853231060444], [-95.42867702590941, 29.93851023184327], [-95.4222700257074, 29.940234231467162], [-95.42099502526507, 29.940440231594003], [-95.41889502464225, 29.94051523177232], [-95.41401302243287, 29.94053923231564], [-95.41519902228842, 29.94361823245738], [-95.41710902383876, 29.949037233969825], [-95.42746002609172, 29.948895233981922], [-95.4283720272092, 29.94881523290182], [-95.42965502714912, 29.94838123442429], [-95.43031202710016, 29.947947233274267], [-95.43153802713869, 29.94686223339945], [-95.43224802769146, 29.94645723285498], [-95.43346702805728, 29.94614723267887], [-95.43416902731585, 29.946127232835227], [-95.43454602868103, 29.94591023263823], [-95.43555602791116, 29.945668232437622], [-95.43625102929364, 29.94541523297823], [-95.43640902857908, 29.9452062323302], [-95.43802502950325, 29.944601233058574], [-95.43863102940067, 29.944486231725783], [-95.441661029786, 29.943309232249053], [-95.4439270300902, 29.942138231338053], [-95.44600303132191, 29.940917230767848], [-95.44745503131624, 29.9402302311053], [-95.44828803099435, 29.939493230767727], [-95.44908403265919, 29.939003231798136], [-95.44970803299826, 29.93882223073113], [-95.45021303171501, 29.938410231134412], [-95.45069303211403, 29.938146231644662], [-95.45091003184902, 29.93791223059128]]]}, "properties": {"kind": "gap", "pct_zero_car": 0.0885122410546, "jobs_transit_45": 108786.0}}, {"type": "Feature", "geometry": {"type": "Polygon", "coordinates": [[[-95.59297905666489, 29.670896172213936], [-95.59325205647636, 29.67021917095572], [-95.58930005582611, 29.669040171139727], [-95.58869505575362, 29.668932170924396], [-95.58835105489871, 29.67028517151404], [-95.58766705428519, 29.67194717115393], [-95.5874190554864, 29.672782172527732], [-95.5872660544272, 29.673639171879337], [-95.587286055417, 29.675222172712783], [-95.59116105607436, 29.67548017125057], [-95.59297905666489, 29.670896172213936]]]}, "properties": {"kind": "gap", "pct_zero_car": 0.0763116057234, "jobs_transit_45": 75795.0}}, {"type": "Feature", "geometry": {"type": "Polygon", "coordinates": [[[-95.62317706400434, 29.674448170786096], [-95.62318506350195, 29.67430317110578], [-95.61608206209254, 29.670416170294306], [-95.61003206046927, 29.66699517070719], [-95.60955406061838, 29.668151170548114], [-95.60853106007114, 29.66928016981549], [-95.60788505999076, 29.66984117061333], [-95.6063460599578, 29.670791170453136], [-95.6056700597402, 29.671330170679827], [-95.60513205961486, 29.671623170158714], [-95.60446305906996, 29.671855170110206], [-95.60446805999112, 29.67282017117649], [-95.60429106043912, 29.673680172043245], [-95.60302705986746, 29.676844172871554], [-95.60264505937774, 29.678051172848416], [-95.60539405955568, 29.678804172702772], [-95.60824706128733, 29.67970417261435], [-95.60975806083289, 29.67567917161563], [-95.60998206024055, 29.6754591720205], [-95.62309106468895, 29.675346171033823], [-95.62317706400434, 29.674448170786096]]]}, "properties": {"kind": "gap", "pct_zero_car": 0.131964809384, "jobs_transit_45": 47370.0}}, {"type": "Feature", "geometry": {"type": "Polygon", "coordinates": [[[-95.63440206863827, 29.70268817605958], [-95.63427706716816, 29.69018217400857], [-95.63328006745849, 29.690133173859834], [-95.6322160678017, 29.689911173778473], [-95.63115306617317, 29.689516174178667], [-95.62911306582478, 29.68844417430581], [-95.62761706634784, 29.68802117294595], [-95.62666006592285, 29.68793217397727], [-95.62569806547498, 29.6879621732789], [-95.62322006456036, 29.688424174348047], [-95.62235006507231, 29.68848017390767], [-95.62237606590989, 29.691245174029426], [-95.62248006476867, 29.691987174096315], [-95.62362706426615, 29.695071175408238], [-95.6238700648387, 29.69609217601107], [-95.6239720667426, 29.703712177435964], [-95.63439006804438, 29.7040081770896], [-95.63440206863827, 29.70268817605958]]]}, "properties": {"kind": "gap", "pct_zero_car": 0.24375, "jobs_transit_45": 82208.0}}, {"type": "Feature", "geometry": {"type": "Polygon", "coordinates": [[[-95.57941205335543, 29.66319616995494], [-95.57973405177407, 29.662409170649667], [-95.5696790497971, 29.65937616990303], [-95.56896804941941, 29.661604169947207], [-95.5687060503769, 29.663618170452736], [-95.56868805083356, 29.664548170501742], [-95.56896504994468, 29.667063170836027], [-95.57112405101707, 29.6670711715828], [-95.57716505241949, 29.66886217151785], [-95.57941205335543, 29.66319616995494]]]}, "properties": {"kind": "gap", "pct_zero_car": 0.0616966580977, "jobs_transit_45": 44769.0}}, {"type": "Feature", "geometry": {"type": "Polygon", "coordinates": [[[-95.51692103627991, 29.65565317041211], [-95.51686703585324, 29.654316170150775], [-95.51641903613957, 29.65245116959268], [-95.51634703616953, 29.651221169500186], [-95.51438403491575, 29.651242169886835], [-95.51316303579843, 29.651471170621875], [-95.5083830345946, 29.651532169945664], [-95.508433033925, 29.656023170920843], [-95.5129720351044, 29.655987170627238], [-95.51554703520507, 29.655667170574244], [-95.51692103627991, 29.65565317041211]]]}, "properties": {"kind": "gap", "pct_zero_car": 0.124649859944, "jobs_transit_45": 88442.0}}, {"type": "Feature", "geometry": {"type": "Polygon", "coordinates": [[[-95.52816104008413, 29.66756417246887], [-95.52810903930728, 29.664977172566857], [-95.52732103983499, 29.664992172131054], [-95.5263160388311, 29.665340172164743], [-95.52546003868844, 29.665327172483472], [-95.52431903903874, 29.66546617235109], [-95.51634403759313, 29.66555917290781], [-95.51639403692353, 29.66913317385574], [-95.52022903739791, 29.669084172813125], [-95.52020403818186, 29.667418173115344], [-95.52683903888783, 29.66731717198974], [-95.52757303973007, 29.667524172046893], [-95.52816104008413, 29.66756417246887]]]}, "properties": {"kind": "gap", "pct_zero_car": 0.293823038397, "jobs_transit_45": 87988.0}}, {"type": "Feature", "geometry": {"type": "Polygon", "coordinates": [[[-95.17845495606787, 29.792047210110233], [-95.17831295487932, 29.788023210014288], [-95.16989495374295, 29.788194210219896], [-95.1699489532713, 29.790454209581473], [-95.17097495419158, 29.790464209527354], [-95.17172795440209, 29.790566209385865], [-95.17667895531012, 29.79189120956639], [-95.17740395503323, 29.792013210672042], [-95.17845495606787, 29.792047210110233]]]}, "properties": {"kind": "gap", "pct_zero_car": 0.121827411168, "jobs_transit_45": 90772.0}}, {"type": "Feature", "geometry": {"type": "Polygon", "coordinates": [[[-95.5452670516768, 29.82271320448588], [-95.54522905114365, 29.818508202849117], [-95.53681704895672, 29.81846720263359], [-95.53691504886604, 29.81998220422051], [-95.53689904897249, 29.822484203936558], [-95.53759104908362, 29.822633204183436], [-95.5383990495457, 29.822682203499532], [-95.5452670516768, 29.82271320448588]]]}, "properties": {"kind": "gap", "pct_zero_car": 0.174653887114, "jobs_transit_45": 94433.0}}, {"type": "Feature", "geometry": {"type": "Polygon", "coordinates": [[[-95.45946802913423, 29.820532206539223], [-95.45945502961375, 29.81962820616926], [-95.45814102881336, 29.819621205831915], [-95.45688302808949, 29.819396205749285], [-95.45600402838062, 29.819124206344974], [-95.45359902726094, 29.818039205861385], [-95.45197502683916, 29.817573205766163], [-95.45106002624695, 29.81738020523277], [-95.44947902638118, 29.81721520635512], [-95.44533902540996, 29.81722420600336], [-95.4453840247175, 29.817553206616626], [-95.44560602537366, 29.817933206920358], [-95.44588502593123, 29.818141205662723], [-95.44638302497529, 29.81830420622947], [-95.44969502629125, 29.818362205654566], [-95.45009302577621, 29.818449205118885], [-95.45041302634165, 29.818611206795207], [-95.45068902652619, 29.81887920625944], [-95.45092802690078, 29.81929220656877], [-95.45094702716736, 29.819851205860534], [-95.45219902714514, 29.8200602067797], [-95.45371602743678, 29.820576206469273], [-95.45946802913423, 29.820532206539223]]]}, "properties": {"kind": "gap", "pct_zero_car": 0.0225563909774, "jobs_transit_45": 112512.0}}, {"type": "Feature", "geometry": {"type": "Polygon", "coordinates": [[[-95.53675304219611, 29.670393173398665], [-95.53666504233256, 29.670080172973165], [-95.53660504205811, 29.666025171187826], [-95.53416004165376, 29.666016172010295], [-95.53236403990623, 29.665615171934146], [-95.532276040941, 29.666187172636945], [-95.53229904050721, 29.66724417255049], [-95.5326560408826, 29.668947173021], [-95.53232204097175, 29.66977417301442], [-95.53222804036211, 29.670955174091905], [-95.53182804122733, 29.671779173630142], [-95.53044204045693, 29.671418174345177], [-95.5281800403507, 29.671337173573026], [-95.52820303991692, 29.672725174527656], [-95.5294250406558, 29.673160173523648], [-95.52980004057453, 29.673365174371835], [-95.53010404034814, 29.67324517373567], [-95.53163404105858, 29.67316917362294], [-95.53486404235878, 29.671982173692278], [-95.53675304219611, 29.670393173398665]]]}, "properties": {"kind": "gap", "pct_zero_car": 0.0582362728785, "jobs_transit_45": 134339.0}}, {"type": "Feature", "geometry": {"type": "Polygon", "coordinates": [[[-95.50831203355118, 29.643787168759953], [-95.50827803411431, 29.64123516729275], [-95.5071810321506, 29.641249167898838], [-95.50716503315537, 29.641048167822003], [-95.50673003296221, 29.64104716766525], [-95.50673503298506, 29.64127516723465], [-95.50566403275727, 29.64127716754364], [-95.5056390326429, 29.638558167543717], [-95.50314203325834, 29.63857816804836], [-95.50316303227642, 29.644331169059434], [-95.50830003385562, 29.644238167620667], [-95.50831203355118, 29.643787168759953]]]}, "properties": {"kind": "gap", "pct_zero_car": 0.169590643275, "jobs_transit_45": 133064.0}}, {"type": "Feature", "geometry": {"type": "Polygon", "coordinates": [[[-95.5083830345946, 29.651532169945664], [-95.5083480344345, 29.64862616952275], [-95.50656003308289, 29.648685169628298], [-95.50552803231481, 29.64860316998834], [-95.50546103326599, 29.644293169019235], [-95.50316303227642, 29.644331169059434], [-95.50323703279459, 29.65045217057608], [-95.50477703355078, 29.65043616956143], [-95.50483503237878, 29.651139170364797], [-95.50639403429986, 29.65116417021299], [-95.50757103303624, 29.6514981704935], [-95.5083830345946, 29.651532169945664]]]}, "properties": {"kind": "gap", "pct_zero_car": 0.0993071593533, "jobs_transit_45": 117594.0}}, {"type": "Feature", "geometry": {"type": "Polygon", "coordinates": [[[-95.46904703450338, 29.897272220865084], [-95.46890203384011, 29.896943221248744], [-95.46899003550028, 29.896563221800555], [-95.46873703488198, 29.895002221258483], [-95.46870003507205, 29.8949252211333], [-95.46863603549795, 29.894947221063884], [-95.46856703590099, 29.8946942219583], [-95.46844103460596, 29.8946612208086], [-95.4677340335279, 29.894084221101235], [-95.46736103415732, 29.893557220723896], [-95.46724803417942, 29.893144220731298], [-95.46736103415732, 29.892408220695955], [-95.4677460341218, 29.891715220418405], [-95.46768303527091, 29.891148221563604], [-95.46720903471969, 29.89009322123269], [-95.46717703403431, 29.88875721990128], [-95.46689903419995, 29.88722921910801], [-95.46708803344752, 29.886739219937372], [-95.46757403279601, 29.88610221967369], [-95.46790203465571, 29.885475219019465], [-95.46803403490019, 29.884914219313966], [-95.46796403368168, 29.88415021887559], [-95.46764803421249, 29.883296218046045], [-95.46615303276384, 29.883217218845516], [-95.46442103328535, 29.882984218857267], [-95.4564300310479, 29.883034219796528], [-95.45437603045582, 29.883356218826627], [-95.45179102941108, 29.884144219236422], [-95.45067102967779, 29.88469521873886], [-95.45588203177513, 29.889987220112626], [-95.45623303140442, 29.89029922075059], [-95.45737103157937, 29.89105622079286], [-95.45853503169363, 29.89210722109651], [-95.46473903420099, 29.898736221370484], [-95.46734203478906, 29.898782221726126], [-95.46799203416909, 29.898863222453215], [-95.46858903384566, 29.899075222054257], [-95.46870103489698, 29.89834522177301], [-95.46904703450338, 29.897272220865084]]]}, "properties": {"kind": "gap", "pct_zero_car": 0.171428571429, "jobs_transit_45": 99745.0}}, {"type": "Feature", "geometry": {"type": "Polygon", "coordinates": [[[-95.48031804096468, 29.964327235588065], [-95.4805030409126, 29.96432123455338], [-95.4756200388783, 29.957958234231896], [-95.4742170392878, 29.95887223424383], [-95.47386403911038, 29.959308233034488], [-95.47332903935808, 29.96035923438398], [-95.47297803883049, 29.960653234117864], [-95.47108103949556, 29.96168523471808], [-95.47037603806731, 29.961849234273195], [-95.4696000382906, 29.96188523436714], [-95.4696490386944, 29.964625235417177], [-95.48031804096468, 29.964327235588065]]]}, "properties": {"kind": "gap", "pct_zero_car": 0.048309178744, "jobs_transit_45": 107485.0}}, {"type": "Feature", "geometry": {"type": "Polygon", "coordinates": [[[-95.42981102408979, 29.879174220128725], [-95.42964702405827, 29.870962218161218], [-95.42069602102276, 29.87100021803665], [-95.42074202105353, 29.873516218167257], [-95.42085502103143, 29.873877218840722], [-95.42121702232798, 29.8743712180141], [-95.4212610209123, 29.874584219238084], [-95.42072302168526, 29.875771218664514], [-95.420733021731, 29.877889219451973], [-95.42133202285405, 29.87795021894433], [-95.42820302356155, 29.87790321896843], [-95.42821902345506, 29.879219219267465], [-95.42981102408979, 29.879174220128725]]]}, "properties": {"kind": "gap", "pct_zero_car": 0.27868852459, "jobs_transit_45": 119995.0}}, {"type": "Feature", "geometry": {"type": "Polygon", "coordinates": [[[-95.45017702903506, 29.88444021995973], [-95.45036603007925, 29.88438021983148], [-95.44603602823892, 29.879921218624183], [-95.44035402596339, 29.874235217700484], [-95.43435602511695, 29.868658217120196], [-95.43185602356273, 29.86670421637332], [-95.42945802391237, 29.864674215678104], [-95.42956102294622, 29.86602021654982], [-95.42976602388396, 29.87797521912137], [-95.4299880236418, 29.88564222050323], [-95.44019502685303, 29.8852932202787], [-95.4401860266322, 29.884760220553073], [-95.45017702903506, 29.88444021995973]]]}, "properties": {"kind": "gap", "pct_zero_car": 0.134285714286, "jobs_transit_45": 112481.0}}, {"type": "Feature", "geometry": {"type": "Polygon", "coordinates": [[[-95.463694038404, 30.007095244222533], [-95.45794303653147, 30.000280242378487], [-95.45790703654647, 29.99995624337917], [-95.45554603490942, 29.99683424261166], [-95.4545370355042, 29.995845242145716], [-95.45195403410926, 29.99366024158895], [-95.45061203461813, 29.994645242314107], [-95.44929603416792, 29.99482924285657], [-95.4474420344907, 29.995200242891944], [-95.4456200337022, 29.997195243481023], [-95.44180603314422, 29.999073243082584], [-95.44056103283913, 29.99963724331417], [-95.43990303216488, 29.99983724356999], [-95.4412840329124, 30.001744243396644], [-95.44242403273721, 30.00311524431659], [-95.4458650348229, 30.0080062444774], [-95.45051203505902, 30.014283245568112], [-95.463694038404, 30.007095244222533]]]}, "properties": {"kind": "gap", "pct_zero_car": 0.0569259962049, "jobs_transit_45": 144764.0}}, {"type": "Feature", "geometry": {"type": "Polygon", "coordinates": [[[-95.50684904266934, 29.865606213640646], [-95.50690404381926, 29.86479621364977], [-95.50667004346752, 29.863669213889672], [-95.50559104284379, 29.862056213759736], [-95.50505804274133, 29.860977213922066], [-95.50488104229099, 29.86042121273486], [-95.50485004232885, 29.859303212399265], [-95.50540004214977, 29.85691421221068], [-95.50539004210403, 29.855865211790995], [-95.50471904280761, 29.853614211655486], [-95.50465404161196, 29.851597211628654], [-95.50348404164994, 29.851430211581278], [-95.50127703999867, 29.850768211024267], [-95.50009104014312, 29.85064621070858], [-95.50019204222208, 29.865670214398317], [-95.50684904266934, 29.865606213640646]]]}, "properties": {"kind": "gap", "pct_zero_car": 0.0629921259843, "jobs_transit_45": 40835.0}}, {"type": "Feature", "geometry": {"type": "Polygon", "coordinates": [[[-95.63663008727393, 30.0970252570176], [-95.63678208760989, 30.09697025596169], [-95.63630308613746, 30.096899256927397], [-95.63562008624716, 30.097245256271865], [-95.63437308629224, 30.09552525640058], [-95.63392508568027, 30.094481255949546], [-95.63320408525685, 30.091752256135454], [-95.6324640845668, 30.08942125493081], [-95.63162408521599, 30.089537254984915], [-95.62526408307302, 30.093031255039264], [-95.62252908313876, 30.09441325676159], [-95.61360808113882, 30.09821725717788], [-95.6169290817773, 30.104018258114614], [-95.61856908299092, 30.103034258252933], [-95.61920708267537, 30.102774258412776], [-95.6200250822849, 30.10261525819437], [-95.6229610838572, 30.10255925849153], [-95.62290908308036, 30.099567257432966], [-95.62834308565878, 30.09956825688916], [-95.62834908460826, 30.097779256791732], [-95.63551808703824, 30.097674255974233], [-95.63579308649953, 30.097572256583312], [-95.63628208622107, 30.09715425694352], [-95.63663008727393, 30.0970252570176]]]}, "properties": {"kind": "stranded", "pct_zero_car": 0.1611, "stop_mi": 7.06}}, {"type": "Feature", "geometry": {"type": "Polygon", "coordinates": [[[-95.63243008512993, 30.08943025484605], [-95.63118708537299, 30.084242254292615], [-95.63025808363875, 30.08132225369773], [-95.62841308328404, 30.076988253135294], [-95.62742708344504, 30.074891252025374], [-95.6262640822574, 30.07271425161081], [-95.62449208259595, 30.06976125148125], [-95.62383508174659, 30.068875250918886], [-95.62287508184686, 30.067268250917138], [-95.62309308230505, 30.066984250811693], [-95.6235600822853, 30.066826251139325], [-95.6112500789765, 30.066954251021222], [-95.61164007986214, 30.08977825534578], [-95.6142820808083, 30.08973625536387], [-95.6164930817592, 30.09373825677722], [-95.61776208145542, 30.093210256423397], [-95.6193020822116, 30.095786256927955], [-95.62252908313876, 30.09441325676159], [-95.62526408307302, 30.093031255039264], [-95.63162408521599, 30.089537254984915], [-95.63243008512993, 30.08943025484605]]]}, "properties": {"kind": "stranded", "pct_zero_car": 0.1609, "stop_mi": 5.94}}, {"type": "Feature", "geometry": {"type": "Polygon", "coordinates": [[[-95.13976294023752, 29.675975187510566], [-95.14018794128326, 29.675373187132767], [-95.13761093973612, 29.67382518745161], [-95.13694593938918, 29.673226186981598], [-95.13654993955406, 29.672592187654246], [-95.13267893819636, 29.66350918477742], [-95.13145493780766, 29.663531185655405], [-95.13153193780056, 29.667532186026456], [-95.12903893771565, 29.667576186798488], [-95.12878693782058, 29.667658186589275], [-95.12869193828432, 29.667763186157124], [-95.1288389376991, 29.67470618770035], [-95.12999393759252, 29.674685187528187], [-95.13004593836936, 29.676421187475768], [-95.13931894072181, 29.676296188332532], [-95.13976294023752, 29.675975187510566]]]}, "properties": {"kind": "stranded", "pct_zero_car": 0.1781, "stop_mi": 5.74}}, {"type": "Feature", "geometry": {"type": "Polygon", "coordinates": [[[-94.95742289668041, 29.732284206112965], [-94.94636889354734, 29.729055205412028], [-94.94554389246849, 29.730937205967184], [-94.9437128923575, 29.73015020513751], [-94.94347989272899, 29.730410205468083], [-94.94302689209415, 29.73158120567395], [-94.94251089171011, 29.73225820534781], [-94.94218489219519, 29.73340020530145], [-94.94208689138759, 29.734105206276354], [-94.94125389170947, 29.73604820755486], [-94.9413048926614, 29.73678220741278], [-94.94121489224972, 29.73747020684044], [-94.94175489202487, 29.74012020762815], [-94.94538289370834, 29.739527207527473], [-94.94714989424524, 29.73883720746229], [-94.94806089374119, 29.738589206731323], [-94.95185789458073, 29.739323206713806], [-94.95388989543152, 29.739861206679063], [-94.95465089603792, 29.738605207753093], [-94.95742289668041, 29.732284206112965]]]}, "properties": {"kind": "stranded", "pct_zero_car": 0.1856, "stop_mi": 4.74}}, {"type": "Feature", "geometry": {"type": "Polygon", "coordinates": [[[-95.17244794871242, 29.67587218599146], [-95.17224094812488, 29.665324183664953], [-95.15565694395055, 29.665656184736118], [-95.15595494477469, 29.67068318538708], [-95.15602494509487, 29.67610118764176], [-95.17244794871242, 29.67587218599146]]]}, "properties": {"kind": "stranded", "pct_zero_car": 0.1616, "stop_mi": 3.9}}, {"type": "Feature", "geometry": {"type": "Polygon", "coordinates": [[[-95.17252094850734, 29.680616187386594], [-95.17244794871242, 29.67587218599146], [-95.15602494509487, 29.67610118764176], [-95.15608794574239, 29.677581187409732], [-95.15601194557442, 29.678901188144533], [-95.1557579451312, 29.679993187636946], [-95.15526994523455, 29.68152918817622], [-95.16886794850616, 29.681374187100683], [-95.16977994872532, 29.681476187910853], [-95.17172194916441, 29.682101187332773], [-95.17252794907836, 29.682251187770845], [-95.17252094850734, 29.680616187386594]]]}, "properties": {"kind": "stranded", "pct_zero_car": 0.1718, "stop_mi": 3.84}}, {"type": "Feature", "geometry": {"type": "Polygon", "coordinates": [[[-95.65404907909812, 29.840667203676137], [-95.65404907909812, 29.84032520396887], [-95.65096307863625, 29.840316203284114], [-95.65087607859763, 29.84007420292144], [-95.65085607850612, 29.835969203194928], [-95.64563307761154, 29.835996203304944], [-95.64577007877722, 29.849003205620573], [-95.65214907939011, 29.849022205845284], [-95.65211907835457, 29.84433020380765], [-95.6522520802206, 29.84407220407152], [-95.65267107962194, 29.843808204720645], [-95.65238207991693, 29.84350020472574], [-95.65204807910779, 29.843300204159675], [-95.65249507989485, 29.84245520400929], [-95.65252408020717, 29.84107420443781], [-95.65343807917783, 29.841081204051576], [-95.65394607916595, 29.841183204490363], [-95.65404907909812, 29.840667203676137]]]}, "properties": {"kind": "stranded", "pct_zero_car": 0.2086, "stop_mi": 3.78}}, {"type": "Feature", "geometry": {"type": "Polygon", "coordinates": [[[-94.95674489771129, 29.749187209100274], [-94.95705489643437, 29.748665208672726], [-94.95648689617181, 29.748764209392967], [-94.95460389528395, 29.74001020747848], [-94.95388989543152, 29.739861206679063], [-94.95240589565013, 29.74198820744745], [-94.94490289420763, 29.75100120995598], [-94.94419289275652, 29.752115209433747], [-94.94378389250261, 29.753036210722918], [-94.94317289437896, 29.75482321037707], [-94.9424298933159, 29.756119209943062], [-94.94177789338775, 29.75670321132265], [-94.94035589263231, 29.757426210591632], [-94.9423468934752, 29.757137210998287], [-94.94324889364862, 29.756854211617096], [-94.94524389379119, 29.75643621045184], [-94.95316989573129, 29.7551982104671], [-94.95416889688738, 29.753630209514316], [-94.95674489771129, 29.749187209100274]]]}, "properties": {"kind": "stranded", "pct_zero_car": 0.1763, "stop_mi": 3.75}}, {"type": "Feature", "geometry": {"type": "Polygon", "coordinates": [[[-95.18668095219374, 29.665076184011888], [-95.18651795198711, 29.65858018224631], [-95.17198794750655, 29.65866918299711], [-95.17211894882445, 29.66478218427329], [-95.17224094812488, 29.665324183664953], [-95.18668095219374, 29.665076184011888]]]}, "properties": {"kind": "stranded", "pct_zero_car": 0.1725, "stop_mi": 3.2}}, {"type": "Feature", "geometry": {"type": "Polygon", "coordinates": [[[-94.99547490688828, 29.755927208436372], [-94.99561790700339, 29.755735208121642], [-94.99244190523156, 29.753952209162865], [-94.99159590603296, 29.753262208537855], [-94.99093090658432, 29.752596208366615], [-94.99047890577441, 29.752071208256808], [-94.98771190515477, 29.74819320765246], [-94.98704990518088, 29.74762220733941], [-94.98476290406198, 29.744267206447194], [-94.9834639033302, 29.742744206644396], [-94.98320190338939, 29.742970206601818], [-94.98305690362443, 29.74339920686619], [-94.98272990248797, 29.743971206183524], [-94.98277490359212, 29.744796206486573], [-94.9829699035858, 29.745192207683914], [-94.98328490412838, 29.745406207242763], [-94.98331090227103, 29.74565920775389], [-94.98324790342014, 29.74575820754277], [-94.98281290322697, 29.745934207619317], [-94.98283190349353, 29.74623620688897], [-94.98247290257002, 29.74656120811099], [-94.98233490337607, 29.746963207094765], [-94.98236690316313, 29.747589208294094], [-94.98241090354405, 29.747716207372783], [-94.9824919037349, 29.74771320774646], [-94.98266390416237, 29.748489207930835], [-94.98247990314103, 29.748655207672773], [-94.98165790243524, 29.748772207532525], [-94.97988390222565, 29.749250208107476], [-94.97958090317526, 29.749484207861425], [-94.9793229025341, 29.75042620752506], [-94.97934190280066, 29.750817208320242], [-94.9795279025735, 29.750993208094698], [-94.98075090403559, 29.75140620858984], [-94.98046090270904, 29.751802208635553], [-94.97947090267208, 29.752154208316064], [-94.97931390231325, 29.752583209058155], [-94.97895490318636, 29.752946208731966], [-94.97861490252942, 29.75393120918343], [-94.97744890276536, 29.75465120875381], [-94.97719690197198, 29.75472120920523], [-94.97737390332063, 29.76128321035928], [-94.97847590261225, 29.76123921086788], [-94.97973290351122, 29.760898209865307], [-94.98596890490731, 29.76070121020715], [-94.98696790606343, 29.760618210207458], [-94.98840090579118, 29.760332208930443], [-94.99192890522059, 29.759153209477237], [-94.99323590634826, 29.758561209419923], [-94.99407290712267, 29.757872209885466], [-94.99547490688828, 29.755927208436372]]]}, "properties": {"kind": "stranded", "pct_zero_car": 0.245, "stop_mi": 3.03}}, {"type": "Feature", "geometry": {"type": "Polygon", "coordinates": [[[-95.21189196043677, 29.726531195552887], [-95.21174896121997, 29.719240194536265], [-95.21154396118054, 29.718781194481604], [-95.2111619606908, 29.718521193665577], [-95.21102296077365, 29.718121194155696], [-95.21114996099526, 29.71783019406259], [-95.21153896025938, 29.717507193722035], [-95.2116959606182, 29.717095194245417], [-95.21166796102911, 29.71256819329564], [-95.20127995716959, 29.71265819329003], [-95.2012799580679, 29.712114192752654], [-95.19166095610906, 29.712998193494407], [-95.19022295456179, 29.71307119403297], [-95.15337494554946, 29.712085193871825], [-95.15327394616543, 29.713726194502428], [-95.152801945264, 29.715041195329864], [-95.15224294612058, 29.71586119541762], [-95.15024994472955, 29.718074195495376], [-95.14876794459799, 29.719908195747138], [-95.14815194465486, 29.720899196239106], [-95.14790194351129, 29.721546196030015], [-95.14775694464463, 29.722279197321612], [-95.14607094429859, 29.736101199304724], [-95.1519069465599, 29.736884200315483], [-95.15304994765609, 29.737180199657363], [-95.15611694695303, 29.738732199490528], [-95.16861695113094, 29.74583220130208], [-95.17121695134597, 29.74723220098242], [-95.17341995279929, 29.74695420034852], [-95.178529953716, 29.745903200006], [-95.18211695449325, 29.74553220061001], [-95.18661795603781, 29.745832200522116], [-95.19261795743238, 29.743632199300926], [-95.19841795791204, 29.7418321991287], [-95.2001179585018, 29.740932198236038], [-95.20231795868375, 29.739133197920385], [-95.20491695997221, 29.736133196679468], [-95.20661796038686, 29.733332197022172], [-95.20931796016102, 29.728132196680146], [-95.21189196043677, 29.726531195552887]]]}, "properties": {"kind": "stranded", "pct_zero_car": 0.2101, "stop_mi": 3.01}}, {"type": "Feature", "geometry": {"type": "Polygon", "coordinates": [[[-95.03212591895208, 29.807622218918244], [-95.03199991945368, 29.80502321811742], [-95.03188391910273, 29.79762821659487], [-95.02721691697852, 29.799352217173947], [-95.02562391651888, 29.79975621662144], [-95.02399491607423, 29.79991821740039], [-95.0166999150442, 29.800101217574998], [-95.01669791449605, 29.80040621764175], [-95.01770991427433, 29.800395217780746], [-95.0177719141986, 29.803163217372024], [-95.0181279156474, 29.8042412180626], [-95.02208191594747, 29.804160217698488], [-95.0221409154987, 29.80621521938904], [-95.02318091576436, 29.806201218394573], [-95.0232119157265, 29.807350217882913], [-95.02339391709802, 29.80757221839941], [-95.02407791591492, 29.8077742180971], [-95.03212591895208, 29.807622218918244]]]}, "properties": {"kind": "stranded", "pct_zero_car": 0.1872, "stop_mi": 2.8}}, {"type": "Feature", "geometry": {"type": "Polygon", "coordinates": [[[-95.19082795373596, 29.693455189373132], [-95.19079895432196, 29.693031189957455], [-95.19036795432675, 29.69191318901533], [-95.19037395417453, 29.691615188750117], [-95.18280495260979, 29.69172018905178], [-95.18290495306724, 29.69613219003768], [-95.1863109531962, 29.696128190040298], [-95.18625495311971, 29.694078189958045], [-95.18589295272145, 29.694046189320662], [-95.18592095320886, 29.69378218913595], [-95.18626895336341, 29.6934491892172], [-95.19082795373596, 29.693455189373132]]]}, "properties": {"kind": "stranded", "pct_zero_car": 0.336, "stop_mi": 2.69}}, {"type": "Feature", "geometry": {"type": "Polygon", "coordinates": [[[-95.2073569567604, 29.654020180288793], [-95.20512795626613, 29.651055180416137], [-95.204110956465, 29.65122017959338], [-95.18971995279992, 29.651485181514655], [-95.18560695159289, 29.650831180593997], [-95.1834119514338, 29.650807181503566], [-95.18383095083514, 29.651301180949964], [-95.18522695165129, 29.652334180832746], [-95.1856939516315, 29.652969181409357], [-95.18591895176242, 29.653590181433607], [-95.18604895145874, 29.654321181204597], [-95.18604895145874, 29.656761181907225], [-95.1864669519335, 29.657783182057113], [-95.1865179510888, 29.658535181459623], [-95.18668095219374, 29.665076184011888], [-95.19504695434992, 29.664989183302588], [-95.195016955111, 29.663041181990934], [-95.19423895388783, 29.661574183076496], [-95.19366195340443, 29.66066418287555], [-95.19352995315994, 29.660235181933416], [-95.19337095315129, 29.65426118203535], [-95.2073569567604, 29.654020180288793]]]}, "properties": {"kind": "stranded", "pct_zero_car": 0.1895, "stop_mi": 2.69}}, {"type": "Feature", "geometry": {"type": "Polygon", "coordinates": [[[-95.03969692016663, 29.786169214512938], [-95.03984092010668, 29.785948214335022], [-95.02780291678442, 29.780836212751744], [-95.02616291646913, 29.780214212398292], [-95.02308391567998, 29.778872213192464], [-95.02184991524554, 29.77825721244759], [-95.0203619134696, 29.776910212483354], [-95.01923491406359, 29.775567212282898], [-95.01481491270988, 29.771139211488165], [-95.014076912568, 29.771633211853974], [-95.01382191229989, 29.77193721092807], [-95.0138309125207, 29.77643521240367], [-95.00878891137606, 29.77651421342173], [-95.00876491108662, 29.776081212287387], [-95.00850291114581, 29.77523221165331], [-95.00830191130434, 29.774861211668615], [-95.0073419105063, 29.77372021188533], [-95.00750191123818, 29.773531211771303], [-95.00803491134066, 29.77324921231181], [-95.00763491130756, 29.772456212111443], [-95.00746091033199, 29.771881211147445], [-95.00731191126738, 29.770880211931157], [-94.99973390858351, 29.771051211786027], [-94.99963090954965, 29.771816213061552], [-94.99970090807324, 29.772295211737614], [-94.9998399088887, 29.77257521306897], [-94.99987790852354, 29.773653211860967], [-95.00018390884529, 29.775070213020694], [-95.00014590831213, 29.775746213377197], [-95.0014869088767, 29.777979213674325], [-95.0016259096922, 29.778144213333817], [-95.00189690985384, 29.778277212436155], [-95.00200991073007, 29.77848021392627], [-95.00176390978446, 29.779195213147087], [-95.00183291027975, 29.780322212985098], [-95.00174990954075, 29.780921213799857], [-95.00217190931514, 29.7819112144545], [-95.00215591031994, 29.782238213644575], [-95.03189291842526, 29.78696621475645], [-95.03294491748818, 29.786995213814194], [-95.0376259189578, 29.786790214246], [-95.03919892022427, 29.786659212951925], [-95.03938791947184, 29.786610213138022], [-95.03969692016663, 29.786169214512938]]]}, "properties": {"kind": "stranded", "pct_zero_car": 0.2288, "stop_mi": 2.5}}, {"type": "Feature", "geometry": {"type": "Polygon", "coordinates": [[[-95.20512795626613, 29.651055180416137], [-95.19570295357772, 29.638624177938706], [-95.1918939530426, 29.638687177599742], [-95.19111695254264, 29.638733178851727], [-95.19058795263814, 29.638852179090588], [-95.19089095258684, 29.65147218160464], [-95.204110956465, 29.65122017959338], [-95.20512795626613, 29.651055180416137]]]}, "properties": {"kind": "stranded", "pct_zero_car": 0.2214, "stop_mi": 2.35}}, {"type": "Feature", "geometry": {"type": "Polygon", "coordinates": [[[-95.13682294565375, 29.789147211098047], [-95.13682294475544, 29.78901721157243], [-95.12632094288973, 29.78915321176772], [-95.12464394096787, 29.789025210396687], [-95.12452394131728, 29.79257121177585], [-95.1240739419538, 29.799407213142644], [-95.12399594213599, 29.801917213346925], [-95.13652194535486, 29.789816211437643], [-95.13676294537929, 29.789504210947708], [-95.13682294565375, 29.789147211098047]]]}, "properties": {"kind": "stranded", "pct_zero_car": 0.246, "stop_mi": 2.21}}, {"type": "Feature", "geometry": {"type": "Polygon", "coordinates": [[[-95.22821696504334, 29.709778192464622], [-95.22814496507331, 29.70766319096599], [-95.2274209642768, 29.707928191613824], [-95.22491196429837, 29.70925819189877], [-95.22309996355564, 29.70983219131868], [-95.22215696337433, 29.7100221916218], [-95.21765296235505, 29.71058719226727], [-95.21163496051882, 29.71116419261133], [-95.2116959606182, 29.717095194245417], [-95.21153896025938, 29.717507193722035], [-95.21114996099526, 29.71783019406259], [-95.21102296077365, 29.718121194155696], [-95.2111619606908, 29.718521193665577], [-95.21154396118054, 29.718781194481604], [-95.21174896121997, 29.719240194536265], [-95.21189196043677, 29.726531195552887], [-95.21521796199644, 29.72453319523291], [-95.21931796278469, 29.72413319471949], [-95.22351896475361, 29.72533319459682], [-95.22404696393488, 29.72434819563246], [-95.22412996467388, 29.72378219431109], [-95.22415696443805, 29.723316194694593], [-95.22392896483244, 29.722513194473777], [-95.22382596310364, 29.72120219457326], [-95.22364496425197, 29.721007193656998], [-95.22339396418182, 29.720884194096406], [-95.22219396408258, 29.72051019377714], [-95.2214509630195, 29.720128193981413], [-95.22002396313952, 29.718753194570116], [-95.2200219625914, 29.71609619289974], [-95.2261089649229, 29.716042192733518], [-95.22618996421542, 29.715886193217194], [-95.22609796505223, 29.709955191937844], [-95.22821696504334, 29.709778192464622]]]}, "properties": {"kind": "stranded", "pct_zero_car": 0.1905, "stop_mi": 2.01}}, {"type": "Feature", "geometry": {"type": "Polygon", "coordinates": [[[-95.30891399874322, 30.004236249486894], [-95.30857499791122, 29.98554424510075], [-95.30699699752019, 29.98549524567986], [-95.30534699715913, 29.985312244786435], [-95.29695799453843, 29.983596245256603], [-95.29708599548327, 29.98295624506212], [-95.29593299434138, 29.982782245205524], [-95.29352899304662, 29.98268924445952], [-95.2815769908364, 29.982768244872897], [-95.27958298962045, 29.98255624537484], [-95.2787819906277, 29.982670244823506], [-95.27818198967977, 29.982671245459695], [-95.27717098882809, 29.98240024542584], [-95.27122398893361, 29.99746624903356], [-95.2702869886001, 30.00033724983659], [-95.26824998862477, 30.005023250794146], [-95.29387399462473, 30.005051249847927], [-95.30891399874322, 30.00437124914548], [-95.30891399874322, 30.004236249486894]]]}, "properties": {"kind": "stranded", "pct_zero_car": 0.2069, "stop_mi": 1.84}}, {"type": "Feature", "geometry": {"type": "Polygon", "coordinates": [[[-95.59389806913315, 29.961167230160523], [-95.5942610693563, 29.960887230695647], [-95.59364407048656, 29.96029623071448], [-95.59254506977133, 29.959472230285332], [-95.59229606935101, 29.959089230280497], [-95.59218306847477, 29.952493228103076], [-95.58487506702595, 29.95255422939063], [-95.58513006729409, 29.96329123107809], [-95.59048406950656, 29.963169230746676], [-95.59143306953565, 29.962999231476857], [-95.59164606907265, 29.96290123060285], [-95.59389806913315, 29.961167230160523]]]}, "properties": {"kind": "stranded", "pct_zero_car": 0.31, "stop_mi": 1.82}}, {"type": "Feature", "geometry": {"type": "Polygon", "coordinates": [[[-95.21679296201442, 29.69800918955434], [-95.20937595988734, 29.698063189274208], [-95.2095359597209, 29.71135719266787], [-95.21657596138112, 29.71070119132294], [-95.21647496199711, 29.710310191757028], [-95.21610796157599, 29.709795192092525], [-95.21601996261076, 29.709151192243525], [-95.2156169613063, 29.708656191151427], [-95.21551696084889, 29.708384192113257], [-95.21567796140567, 29.70739619140501], [-95.21642796124314, 29.706169190870277], [-95.21656996063503, 29.705759191488408], [-95.21662896108458, 29.70372319025261], [-95.21634696195058, 29.70178519058654], [-95.21634296175262, 29.701176190265468], [-95.21679296201442, 29.69800918955434]]]}, "properties": {"kind": "stranded", "pct_zero_car": 0.1538, "stop_mi": 1.78}}, {"type": "Feature", "geometry": {"type": "Polygon", "coordinates": [[[-95.22035996090355, 29.659416180590476], [-95.22031195942635, 29.658391181461], [-95.21885995943204, 29.65844218143526], [-95.21881896032247, 29.656424181126628], [-95.20942095829655, 29.65660818091206], [-95.2125719581574, 29.660807182002532], [-95.21892696027749, 29.660692181803547], [-95.2189189607799, 29.659436180854236], [-95.22035996090355, 29.659416180590476]]]}, "properties": {"kind": "stranded", "pct_zero_car": 0.1504, "stop_mi": 1.61}}, {"type": "Feature", "geometry": {"type": "Polygon", "coordinates": [[[-95.21127195939735, 29.69077218730155], [-95.21107395903063, 29.690270187705163], [-95.21077895947785, 29.689839187292915], [-95.20980095913646, 29.688924188486723], [-95.20916095890387, 29.68797218735147], [-95.20907495869014, 29.687181187266756], [-95.20899595904743, 29.68359418662608], [-95.20022695648512, 29.68370418694836], [-95.20025095677457, 29.68542318817849], [-95.20008095689525, 29.685477187638746], [-95.19921895600649, 29.686263188550587], [-95.19981295710664, 29.687157187483574], [-95.19327695523658, 29.68949018808887], [-95.19324995547241, 29.690886188558068], [-95.2041389578507, 29.69087518838083], [-95.21127195939735, 29.69077218730155]]]}, "properties": {"kind": "stranded", "pct_zero_car": 0.1778, "stop_mi": 1.58}}, {"type": "Feature", "geometry": {"type": "Polygon", "coordinates": [[[-95.21875296020023, 29.6699761834988], [-95.21953396089813, 29.66996018402783], [-95.21754995972795, 29.667285183127117], [-95.21690996039366, 29.666538183077588], [-95.21559196029362, 29.664656182449605], [-95.21479095950426, 29.66372218289282], [-95.20813195671221, 29.654967181157648], [-95.20824695723825, 29.661445182056095], [-95.20790695747962, 29.663244182516273], [-95.20783995753247, 29.664806182372544], [-95.20796295845444, 29.670036184224102], [-95.20966095849606, 29.669962183766714], [-95.21014395926812, 29.67007018443709], [-95.21875296020023, 29.6699761834988]]]}, "properties": {"kind": "stranded", "pct_zero_car": 0.167, "stop_mi": 1.44}}, {"type": "Feature", "geometry": {"type": "Polygon", "coordinates": [[[-95.21985596291005, 29.702672190378323], [-95.21978996188949, 29.697977189388723], [-95.21679296201442, 29.69800918955434], [-95.21634296175262, 29.701176190265468], [-95.21634696195058, 29.70178519058654], [-95.21662896108458, 29.70372319025261], [-95.21658796107668, 29.705249191044075], [-95.21860596168376, 29.705250190562506], [-95.21858696231551, 29.704389190319226], [-95.2184309626799, 29.704367190579713], [-95.21844296147714, 29.704574191591327], [-95.21752096211057, 29.704601190470555], [-95.2175529618976, 29.702692190621104], [-95.21857596154655, 29.702682190500205], [-95.21857696226975, 29.703022190150964], [-95.21877896193612, 29.702708190344296], [-95.21985596291005, 29.702672190378323]]]}, "properties": {"kind": "stranded", "pct_zero_car": 0.1823, "stop_mi": 1.41}}, {"type": "Feature", "geometry": {"type": "Polygon", "coordinates": [[[-95.11572892893423, 29.561010164954983], [-95.11237792815854, 29.5596411644205], [-95.11230992928478, 29.56032416439828], [-95.1125519282358, 29.56200216404998], [-95.11258392892117, 29.56283616555937], [-95.11244692955214, 29.56331416487912], [-95.11197692919885, 29.564093165122117], [-95.11154192900565, 29.56452716508284], [-95.11093792785977, 29.564884166399985], [-95.1110659279063, 29.565168165714898], [-95.11108192869814, 29.565569165555814], [-95.11093892858301, 29.56601816566083], [-95.11034192800811, 29.56656016664374], [-95.10998092743476, 29.566714166963294], [-95.11009192866118, 29.566963165866913], [-95.11010392835674, 29.567294166728715], [-95.10995092909417, 29.567987165968695], [-95.10796792774889, 29.571706167444113], [-95.10960192731808, 29.572382167476096], [-95.11572892893423, 29.561010164954983]]]}, "properties": {"kind": "stranded", "pct_zero_car": 0.2387, "stop_mi": 1.15}}, {"type": "Feature", "geometry": {"type": "Polygon", "coordinates": [[[-95.46888703826306, 29.97799923765328], [-95.46872903807933, 29.97776323798003], [-95.46865303791134, 29.977433238393573], [-95.46857703864167, 29.976163237726638], [-95.46817903825841, 29.97503123684708], [-95.46587303777126, 29.97289923663994], [-95.4530110340934, 29.973171238427202], [-95.45277703374165, 29.97319323740628], [-95.45268203420542, 29.973281237942906], [-95.45270103357367, 29.973759237479943], [-95.4525940352402, 29.973924238065727], [-95.45244303383082, 29.973963238291457], [-95.44614103141417, 29.974106238210094], [-95.44589403244028, 29.974035238249048], [-95.44267403208413, 29.973881238038523], [-95.44163803111809, 29.973563237404232], [-95.44047003080591, 29.97305123846291], [-95.44014803148893, 29.973046237910058], [-95.43896702985964, 29.972755238138735], [-95.43790603057589, 29.972645238818824], [-95.43779902954745, 29.97252923728179], [-95.43611902994748, 29.972496237812596], [-95.43583503026537, 29.972419237711595], [-95.43546302982136, 29.972524238258977], [-95.43520002915731, 29.972697238229532], [-95.43655502996559, 29.973904239141184], [-95.43722003031253, 29.974623238413223], [-95.43780503029355, 29.975558238536944], [-95.4381550300979, 29.976505239796662], [-95.4383030302359, 29.977776239110845], [-95.43820403050172, 29.97897623973842], [-95.43782503038503, 29.980111239664375], [-95.4372740307392, 29.981038239711296], [-95.43966103141722, 29.98311624043978], [-95.43992203063482, 29.9828432403514], [-95.44001003139668, 29.982540239844926], [-95.44062203114186, 29.97843923850111], [-95.44061603129408, 29.97410123848851], [-95.44133503116939, 29.974305237819568], [-95.44193503211734, 29.97471723809035], [-95.44204903102184, 29.974871237783017], [-95.44224503173874, 29.975668238522214], [-95.44256103210623, 29.97615223856658], [-95.44288903127098, 29.97626223867219], [-95.44330603281912, 29.976674238607906], [-95.44350803158717, 29.97676823945681], [-95.44418403270309, 29.976861238743894], [-95.44430403235368, 29.976965239349628], [-95.44412103205559, 29.977345239200577], [-95.44414603216995, 29.977504239038577], [-95.44489103288284, 29.97828523889297], [-95.44518203313596, 29.978510239205093], [-95.4457680329419, 29.978798238767496], [-95.4457810333607, 29.98243423990911], [-95.45258603394595, 29.98233823925298], [-95.45377003504998, 29.981126239522922], [-95.45590503583294, 29.98171423895113], [-95.45666303516798, 29.981730239945573], [-95.45680603618143, 29.981956240099745], [-95.4572330359787, 29.982215239881565], [-95.45760803589742, 29.982189238780318], [-95.45804603556533, 29.982049239197853], [-95.45905003674433, 29.9821422397651], [-95.45958003557543, 29.98207023868092], [-95.46092603616285, 29.98207023868092], [-95.46144303727012, 29.981976238959305], [-95.4621190365894, 29.981641239244457], [-95.4629140366327, 29.9808542392873], [-95.46343203756487, 29.980139237964327], [-95.46395003670042, 29.979815239368072], [-95.46425903739522, 29.97973323927718], [-95.46560403725942, 29.979710238746026], [-95.46600803838876, 29.979633238789955], [-95.46696203754242, 29.978913237757002], [-95.46888703826306, 29.97799923765328]]]}, "properties": {"kind": "stranded", "pct_zero_car": 0.1851, "stop_mi": 0.9}}, {"type": "Feature", "geometry": {"type": "Polygon", "coordinates": [[[-95.14173393470071, 29.541527159666863], [-95.14171393550754, 29.54094015867974], [-95.14140993483561, 29.540624159891273], [-95.13757593328782, 29.54249915932032], [-95.13649293426276, 29.543189160354263], [-95.13155493287519, 29.546706161846796], [-95.12859993283294, 29.54896216151611], [-95.12928093217509, 29.549621161268455], [-95.13363493430488, 29.55438216241055], [-95.13494293435916, 29.551946162225697], [-95.13714193471618, 29.554223161643485], [-95.13732193464125, 29.553971162657657], [-95.141134934476, 29.55128716200475], [-95.14067093486881, 29.550759162580864], [-95.14041193530105, 29.55073916184988], [-95.13826293517272, 29.551087162594907], [-95.13784693434779, 29.549107161851698], [-95.137887935254, 29.548673162075417], [-95.13708093461683, 29.548323161024374], [-95.13694393345116, 29.54818916126124], [-95.14026893518592, 29.542006160113296], [-95.14088293458092, 29.54211515994681], [-95.14166693565188, 29.541922159745532], [-95.14114193504702, 29.541976159543335], [-95.14145393521653, 29.541826159686337], [-95.14173393470071, 29.541527159666863]]]}, "properties": {"kind": "stranded", "pct_zero_car": 0.2008, "stop_mi": 0.74}}, {"type": "Feature", "geometry": {"type": "Polygon", "coordinates": [[[-95.27015298151927, 29.836175215509936], [-95.26971097895844, 29.807051210523774], [-95.26611397903378, 29.80890821132628], [-95.26200997804756, 29.810757211739123], [-95.24464297442381, 29.818173212685057], [-95.24068297247933, 29.81975821345906], [-95.22993197019328, 29.82456521579898], [-95.23029297076663, 29.82534821577466], [-95.23038997085101, 29.825861215039282], [-95.23045197077528, 29.82769021497074], [-95.23056697130133, 29.828325215137536], [-95.23090497051182, 29.828895215967968], [-95.23160997104173, 29.829817215273494], [-95.23181697162929, 29.82996821672324], [-95.23179397116476, 29.83032121650753], [-95.2304819709125, 29.832101216503464], [-95.2302639704543, 29.832639216792668], [-95.23014597045353, 29.834006217432705], [-95.23043897125481, 29.83462921742559], [-95.23112397079494, 29.835368217615656], [-95.23285297079869, 29.836764216973144], [-95.23393197142242, 29.837759217005754], [-95.23418397221583, 29.838094217104683], [-95.23487797197677, 29.838336217589074], [-95.23575497293415, 29.838149217478794], [-95.2364289726036, 29.8381982185374], [-95.23657497309179, 29.838286216847997], [-95.23674497297111, 29.83855521706483], [-95.23683397265957, 29.839127218237763], [-95.23772897316029, 29.83953921772895], [-95.23831597279111, 29.840545218291588], [-95.23982997360804, 29.840682217491366], [-95.24039197402281, 29.84099521777912], [-95.24062497365132, 29.841297218608226], [-95.24069497397154, 29.84162721838757], [-95.24033597394633, 29.842853218845963], [-95.24036797373337, 29.843359218385956], [-95.24052597391712, 29.84346421870996], [-95.24116297377667, 29.843430218053143], [-95.24176197400138, 29.84377621837581], [-95.24214097501638, 29.84390321854258], [-95.24251897530816, 29.84412821954579], [-95.24285997399338, 29.844821218515573], [-95.2429799745423, 29.84486521865885], [-95.2432829753893, 29.844853218550867], [-95.24374897554463, 29.844672219409357], [-95.24403297522677, 29.844666218954387], [-95.24449997430868, 29.845100218989472], [-95.2448529753844, 29.845188218231563], [-95.24498597455549, 29.845166218233512], [-95.24535097532679, 29.844902218658053], [-95.246366975303, 29.844643218375676], [-95.24685797557268, 29.844346218320126], [-95.24741297541648, 29.84414221912395], [-95.24774797515222, 29.844158218862088], [-95.24845997535486, 29.844383219290826], [-95.2492169757633, 29.844388218515387], [-95.24937497594705, 29.844333218460147], [-95.24944397644235, 29.844146218669135], [-95.24984797577507, 29.843778218545356], [-95.24991697537205, 29.84343721828099], [-95.25039797649428, 29.843034218946688], [-95.25226597641523, 29.842056217483556], [-95.25282797683002, 29.84133121765362], [-95.25366097740645, 29.839940216893556], [-95.25399597714221, 29.83893421725047], [-95.25452597776996, 29.83840121687869], [-95.25468897797656, 29.838044217021704], [-95.25400597718796, 29.837623216670522], [-95.25419097623757, 29.83706521680611], [-95.25425097741035, 29.835722216020063], [-95.26209297878654, 29.835683216184684], [-95.2622439792976, 29.837046216644143], [-95.2624759791012, 29.836763216428555], [-95.262730978471, 29.836594216974852], [-95.26959198092939, 29.836571215316432], [-95.26983798097669, 29.836499215680906], [-95.27015298151927, 29.836175215509936]]]}, "properties": {"kind": "stranded", "pct_zero_car": 0.2566, "stop_mi": 0.66}}, {"type": "Feature", "geometry": {"type": "Polygon", "coordinates": [[[-95.12251893124754, 29.557233163978616], [-95.12034493100484, 29.554872163859425], [-95.1191519305783, 29.555736164462285], [-95.1183579294616, 29.556486163797857], [-95.11762692899241, 29.557493164277332], [-95.11436192932874, 29.563548164532207], [-95.11726592931738, 29.564711164676115], [-95.11762192896954, 29.563710165116518], [-95.11898793054677, 29.56114216378956], [-95.11977092999616, 29.55984816457539], [-95.12134893038719, 29.55808616330877], [-95.12251893124754, 29.557233163978616]]]}, "properties": {"kind": "stranded", "pct_zero_car": 0.1655, "stop_mi": 0.59}}, {"type": "Feature", "geometry": {"type": "Polygon", "coordinates": [[[-95.56028704761898, 29.668519171380048], [-95.56013804765607, 29.66658517150442], [-95.55965604850553, 29.664283170977562], [-95.55881104823352, 29.662242170410924], [-95.55813104781795, 29.661053169626083], [-95.54893104526043, 29.669626172440168], [-95.54904704471308, 29.669821172418178], [-95.54935504558296, 29.67005417327304], [-95.55032404570352, 29.67061917310776], [-95.55087504624767, 29.671093172568025], [-95.551406045802, 29.670835172921482], [-95.5519420453792, 29.670710173078643], [-95.55316304629316, 29.670666172116633], [-95.55347304681287, 29.670590172396437], [-95.55493204737822, 29.670569172145253], [-95.5548960473932, 29.66790817185053], [-95.55499304747757, 29.667735172805475], [-95.55968404809461, 29.667642171138407], [-95.55973404832332, 29.66805817160739], [-95.56002404785325, 29.66823717175817], [-95.56028704761898, 29.668519171380048]]]}, "properties": {"kind": "stranded", "pct_zero_car": 0.2095, "stop_mi": 0.57}}, {"type": "Feature", "geometry": {"type": "Polygon", "coordinates": [[[-95.58869105555564, 29.668599169855543], [-95.5886580559437, 29.667458171237804], [-95.58836805551546, 29.666384170506166], [-95.58819905456275, 29.666040171376327], [-95.58727205427499, 29.664633170186544], [-95.5853810538895, 29.662066169583486], [-95.5834430536484, 29.666441170538807], [-95.58576305437924, 29.667136170406636], [-95.58425005518387, 29.67087017116373], [-95.58766705428519, 29.67194717115393], [-95.58844005458718, 29.66999517164702], [-95.58869505575362, 29.668932170924396], [-95.58869105555564, 29.668599169855543]]]}, "properties": {"kind": "stranded", "pct_zero_car": 0.1512, "stop_mi": 0.54}}, {"type": "Feature", "geometry": {"type": "Polygon", "coordinates": [[[-95.24952696819817, 29.668383181631114], [-95.24927296685664, 29.656211180051127], [-95.24893896784413, 29.656225179355022], [-95.24854796803187, 29.656430180369746], [-95.24707796759589, 29.65490417997435], [-95.24017396547978, 29.65977718157804], [-95.24944396835751, 29.66973518270958], [-95.24952296889853, 29.669628183113264], [-95.24952696819817, 29.668383181631114]]]}, "properties": {"kind": "stranded", "pct_zero_car": 0.2277, "stop_mi": 0.54}}, {"type": "Feature", "geometry": {"type": "LineString", "coordinates": [[-95.40328, 29.70438], [-95.40317, 29.7039], [-95.40325, 29.70377], [-95.40341, 29.70375], [-95.40351, 29.70373], [-95.40381, 29.7038], [-95.40431, 29.70398], [-95.40455, 29.70396], [-95.40469, 29.70369], [-95.40465, 29.70344], [-95.40529, 29.70356], [-95.40578, 29.70376], [-95.40666, 29.70423], [-95.40735, 29.70468], [-95.40768, 29.70517], [-95.40787, 29.70558], [-95.40788, 29.7063], [-95.40846, 29.70629], [-95.40962, 29.7063], [-95.41168, 29.70627], [-95.41501, 29.70626], [-95.41895, 29.70623], [-95.42175, 29.70622], [-95.42267, 29.7062], [-95.42533, 29.70618], [-95.42926, 29.70616], [-95.43023, 29.70614], [-95.43148, 29.70615], [-95.43584, 29.70609], [-95.43796, 29.70609], [-95.43904, 29.70607], [-95.44038, 29.70607], [-95.44098, 29.70605], [-95.44452, 29.70601], [-95.44559, 29.70601], [-95.44707, 29.70599], [-95.44831, 29.70599], [-95.45021, 29.70597], [-95.45194, 29.70594], [-95.45412, 29.70593], [-95.45503, 29.70591], [-95.45788, 29.70589], [-95.45939, 29.70589], [-95.46223, 29.70586], [-95.46304, 29.70594], [-95.46441, 29.70596], [-95.46793, 29.70593], [-95.4681, 29.70593], [-95.4683, 29.70593], [-95.46841, 29.70583], [-95.4685, 29.70565], [-95.46908, 29.70563], [-95.46927, 29.70569], [-95.46964, 29.7058], [-95.46989, 29.70577], [-95.47035, 29.70576], [-95.47168, 29.70575], [-95.47268, 29.70576], [-95.47322, 29.70574], [-95.47573, 29.70571], [-95.4767, 29.70571], [-95.47784, 29.70569], [-95.47887, 29.70569], [-95.47967, 29.70567], [-95.48089, 29.70567], [-95.48368, 29.70563], [-95.48458, 29.70563], [-95.48586, 29.70561], [-95.48808, 29.7056], [-95.48935, 29.70557], [-95.49174, 29.70555], [-95.49318, 29.70555], [-95.49517, 29.70555], [-95.49602, 29.70552], [-95.49861, 29.7055], [-95.50225, 29.70546], [-95.50296, 29.7054], [-95.50402, 29.70521], [-95.50469, 29.70503], [-95.50535, 29.70482], [-95.50625, 29.70446], [-95.507, 29.70423], [-95.50807, 29.70401], [-95.5088, 29.70392], [-95.50928, 29.70389], [-95.51039, 29.70391], [-95.5112, 29.70399], [-95.51191, 29.70411], [-95.51269, 29.70431], [-95.51304, 29.70446], [-95.51396, 29.70478], [-95.51504, 29.70505], [-95.51616, 29.70523], [-95.5168, 29.70529], [-95.51935, 29.70526], [-95.52122, 29.70525], [-95.52267, 29.70524], [-95.52481, 29.70521], [-95.52659, 29.70521], [-95.52839, 29.70517], [-95.53026, 29.70515], [-95.53153, 29.70515], [-95.53275, 29.70513], [-95.53564, 29.70513], [-95.53793, 29.7051], [-95.54163, 29.70507], [-95.54236, 29.70505], [-95.54395, 29.70505], [-95.54522, 29.70502], [-95.54795, 29.705], [-95.55035, 29.70497], [-95.5517, 29.70488], [-95.55301, 29.70483], [-95.55678, 29.70461], [-95.55741, 29.7046], [-95.55865, 29.70452], [-95.56027, 29.70443], [-95.56636, 29.70412], [-95.56754, 29.70405], [-95.56894, 29.70401], [-95.57176, 29.70398], [-95.57239, 29.70396], [-95.57428, 29.70393], [-95.57633, 29.70391], [-95.57811, 29.70391], [-95.58041, 29.70388], [-95.58156, 29.70388], [-95.5826, 29.70385], [-95.58405, 29.70384], [-95.5869, 29.7038], [-95.58869, 29.70379], [-95.58974, 29.70376], [-95.59181, 29.70373], [-95.59431, 29.70373], [-95.59486, 29.70371], [-95.59593, 29.70371], [-95.59736, 29.70368], [-95.59883, 29.70367], [-95.59938, 29.70365], [-95.60234, 29.70362], [-95.60316, 29.70359], [-95.60452, 29.70358], [-95.60923, 29.70351], [-95.61115, 29.70349], [-95.61333, 29.70355], [-95.61465, 29.70357], [-95.61601, 29.70361], [-95.61832, 29.70366], [-95.62054, 29.70373], [-95.62403, 29.70383], [-95.62476, 29.70388], [-95.62589, 29.7039], [-95.62749, 29.70396], [-95.62744, 29.70408], [-95.62743, 29.70511], [-95.62745, 29.70568], [-95.62756, 29.70621], [-95.62778, 29.70693], [-95.62782, 29.70776], [-95.62782, 29.70898], [-95.6278, 29.71125], [-95.62795, 29.71125], [-95.62876, 29.71128], [-95.62941, 29.71142], [-95.62999, 29.71135], [-95.63061, 29.71129], [-95.63068, 29.71115], [-95.63045, 29.71101], [-95.63031, 29.71119], [-95.62999, 29.71135], [-95.62941, 29.71142]]}, "properties": {"route_id": "002", "route_short_name": "002", "route_long_name": "Bellaire", "route_type": 3, "route_color": "#004080", "kind": "route"}}, {"type": "Feature", "geometry": {"type": "LineString", "coordinates": [[-95.62941, 29.71142], [-95.62876, 29.71128], [-95.62795, 29.71125], [-95.6278, 29.71125], [-95.62782, 29.71185], [-95.6279, 29.71201], [-95.62792, 29.71213], [-95.63238, 29.71177], [-95.63394, 29.71163], [-95.63452, 29.71159], [-95.63457, 29.71117], [-95.63451, 29.70877], [-95.63448, 29.70687], [-95.63448, 29.70581], [-95.6345, 29.70526], [-95.6345, 29.70412], [-95.6361, 29.70416], [-95.63818, 29.70414], [-95.63816, 29.7028], [-95.63807, 29.7022], [-95.63801, 29.70038], [-95.63796, 29.69956], [-95.63797, 29.69922], [-95.63809, 29.69844], [-95.63822, 29.698], [-95.63857, 29.69716], [-95.63874, 29.69668], [-95.63866, 29.69615], [-95.6384, 29.69572], [-95.63814, 29.69522], [-95.63803, 29.69471], [-95.63801, 29.69304], [-95.63534, 29.69306], [-95.63436, 29.69306], [-95.63437, 29.69013], [-95.63365, 29.69012], [-95.63299, 29.69004], [-95.63242, 29.68992], [-95.63172, 29.68971], [-95.63118, 29.68948], [-95.62961, 29.68861], [-95.62874, 29.68825], [-95.62782, 29.68801], [-95.62698, 29.6879], [-95.6264, 29.68788], [-95.62566, 29.68792], [-95.62507, 29.68801], [-95.62352, 29.68833], [-95.62294, 29.68841], [-95.6224, 29.68844], [-95.62105, 29.68845], [-95.61764, 29.68845], [-95.61432, 29.68847], [-95.61367, 29.68847], [-95.61294, 29.68855], [-95.61205, 29.68871], [-95.61117, 29.68879], [-95.61068, 29.68879], [-95.60949, 29.6888], [-95.60753, 29.68883], [-95.60715, 29.68886], [-95.60519, 29.68887], [-95.60357, 29.6889], [-95.60217, 29.68898], [-95.60072, 29.689], [-95.59968, 29.689], [-95.59733, 29.68902], [-95.59623, 29.68902], [-95.59482, 29.68904], [-95.59426, 29.68901], [-95.59258, 29.68879], [-95.59151, 29.68878], [-95.58834, 29.68883], [-95.58626, 29.68881], [-95.58496, 29.68884], [-95.58339, 29.68886], [-95.58242, 29.68886], [-95.58201, 29.68884], [-95.58129, 29.68875], [-95.57868, 29.68829], [-95.57755, 29.68808], [-95.57653, 29.68796], [-95.57466, 29.68797], [-95.57421, 29.68799], [-95.57251, 29.688], [-95.57151, 29.68807], [-95.56896, 29.68857], [-95.56822, 29.68874], [-95.56711, 29.68896], [-95.56589, 29.68912], [-95.56538, 29.68915], [-95.56325, 29.68918], [-95.5627, 29.68922], [-95.56023, 29.68956], [-95.55941, 29.68958], [-95.5586, 29.68951], [-95.55689, 29.68923], [-95.55596, 29.68913], [-95.55505, 29.68914], [-95.55424, 29.68925], [-95.55313, 29.68954], [-95.55137, 29.69013], [-95.5507, 29.6903], [-95.54973, 29.69043], [-95.54645, 29.69048], [-95.54562, 29.69048], [-95.54393, 29.69051], [-95.54247, 29.69051], [-95.54087, 29.69055], [-95.53767, 29.6906], [-95.5369, 29.69067], [-95.5361, 29.69082], [-95.5351, 29.69113], [-95.53434, 29.69143], [-95.53351, 29.69183], [-95.53294, 29.69204], [-95.53229, 29.69224], [-95.53122, 29.69243], [-95.53055, 29.69249], [-95.5297, 29.69248], [-95.52885, 29.6924], [-95.52839, 29.6923], [-95.52756, 29.69208], [-95.52675, 29.69184], [-95.52582, 29.69164], [-95.52521, 29.69154], [-95.52449, 29.69148], [-95.52379, 29.69147], [-95.52241, 29.69149], [-95.52139, 29.69149], [-95.52094, 29.69146], [-95.52028, 29.69136], [-95.51927, 29.69111], [-95.51863, 29.69102], [-95.51773, 29.69098], [-95.51644, 29.691], [-95.51413, 29.69102], [-95.51312, 29.6911], [-95.51252, 29.69123], [-95.51173, 29.69152], [-95.51079, 29.69178], [-95.50987, 29.69194], [-95.50919, 29.692], [-95.50849, 29.692], [-95.50786, 29.69195], [-95.50714, 29.69185], [-95.50619, 29.69161], [-95.50561, 29.69139], [-95.50489, 29.69107], [-95.50452, 29.69087], [-95.5037, 29.69033], [-95.50304, 29.68978], [-95.50253, 29.68935], [-95.50212, 29.68907], [-95.50137, 29.68868], [-95.50077, 29.68844], [-95.50023, 29.68829], [-95.4995, 29.68817], [-95.49894, 29.68814], [-95.49473, 29.6882], [-95.49323, 29.68819], [-95.49252, 29.68821], [-95.4918, 29.68822], [-95.49111, 29.6883], [-95.49082, 29.68836], [-95.4894, 29.68875], [-95.48848, 29.68889], [-95.48791, 29.68893], [-95.48649, 29.68895], [-95.48433, 29.68896], [-95.48166, 29.68899], [-95.47848, 29.689], [-95.47729, 29.68894], [-95.47565, 29.68896], [-95.47497, 29.68901], [-95.47383, 29.68903], [-95.47189, 29.68902], [-95.46989, 29.68904], [-95.46849, 29.68907], [-95.46613, 29.68909], [-95.46386, 29.68912], [-95.46295, 29.68912], [-95.46055, 29.68915], [-95.45945, 29.68918], [-95.45854, 29.68917], [-95.45769, 29.68909], [-95.45699, 29.68905], [-95.4556, 29.68908], [-95.45418, 29.68909], [-95.45168, 29.68914], [-95.45109, 29.68921], [-95.45065, 29.6893], [-95.44957, 29.68964], [-95.44896, 29.68977], [-95.44804, 29.68983], [-95.44706, 29.68983], [-95.44594, 29.68985], [-95.44523, 29.68989], [-95.44471, 29.69001], [-95.44396, 29.69035], [-95.4436, 29.69061], [-95.443, 29.69111], [-95.44268, 29.6913], [-95.44218, 29.69147], [-95.44179, 29.69154], [-95.43954, 29.69158], [-95.43824, 29.69159], [-95.43764, 29.69163], [-95.43681, 29.69183], [-95.43656, 29.69193], [-95.43544, 29.69247], [-95.43471, 29.69267], [-95.4341, 29.69271], [-95.4335, 29.69268], [-95.43244, 29.69254], [-95.43179, 29.69253], [-95.43128, 29.69263], [-95.43055, 29.69295], [-95.43, 29.69334], [-95.42924, 29.69398], [-95.42853, 29.69477], [-95.42713, 29.69641], [-95.4268, 29.69672], [-95.42638, 29.697], [-95.42572, 29.69728], [-95.42496, 29.69745], [-95.42404, 29.69742], [-95.42333, 29.69725], [-95.42173, 29.69676], [-95.42113, 29.69668], [-95.42053, 29.69671], [-95.41999, 29.69685], [-95.41806, 29.69782], [-95.41767, 29.698], [-95.41736, 29.69809], [-95.41682, 29.69814], [-95.4162, 29.69804], [-95.41509, 29.69757], [-95.41448, 29.69736], [-95.41327, 29.69713], [-95.41235, 29.69698], [-95.41132, 29.69835], [-95.40966, 29.70043], [-95.40898, 29.70124], [-95.40726, 29.70348], [-95.40716, 29.70364], [-95.40666, 29.70423], [-95.40578, 29.70376], [-95.40529, 29.70356], [-95.40465, 29.70344], [-95.40451, 29.70384], [-95.4043, 29.70386], [-95.40401, 29.70375], [-95.40381, 29.7038], [-95.40406, 29.70475], [-95.40404, 29.70483], [-95.40366, 29.70484], [-95.40341, 29.70485], [-95.40317, 29.7039], [-95.40325, 29.70377], [-95.40341, 29.70375], [-95.40367, 29.70475], [-95.40366, 29.70484], [-95.40341, 29.70485], [-95.40317, 29.7039], [-95.40325, 29.70377], [-95.40341, 29.70375], [-95.40351, 29.70373], [-95.40381, 29.7038], [-95.40431, 29.70398], [-95.40455, 29.70396], [-95.40469, 29.70369], [-95.40465, 29.70344], [-95.40391, 29.70346], [-95.40358, 29.70353], [-95.40335, 29.70357], [-95.40289, 29.70366], [-95.40274, 29.70369], [-95.39947, 29.7044], [-95.39937, 29.70459], [-95.39908, 29.70539], [-95.39904, 29.70633], [-95.39903, 29.70735], [-95.39904, 29.70872], [-95.3989, 29.70919], [-95.39855, 29.70944], [-95.39739, 29.7101], [-95.39624, 29.70939], [-95.39431, 29.70824], [-95.39401, 29.70786], [-95.39357, 29.70715], [-95.39275, 29.70751], [-95.39218, 29.70781], [-95.39151, 29.7081], [-95.39124, 29.70816], [-95.38964, 29.70828], [-95.38887, 29.70831], [-95.38822, 29.70845], [-95.38764, 29.70872], [-95.38738, 29.70891], [-95.38704, 29.70924], [-95.38683, 29.70954], [-95.38644, 29.71019], [-95.38596, 29.71085], [-95.38536, 29.71163], [-95.38506, 29.71197], [-95.38479, 29.7122], [-95.38419, 29.7125], [-95.38371, 29.71264], [-95.38341, 29.71268], [-95.38293, 29.71267], [-95.3823, 29.71253], [-95.38063, 29.71205], [-95.38029, 29.71194], [-95.37934, 29.71169], [-95.37853, 29.71162], [-95.37794, 29.71166], [-95.37738, 29.71178], [-95.3767, 29.71204], [-95.37555, 29.71256], [-95.37487, 29.71297], [-95.37373, 29.71345], [-95.37338, 29.71353], [-95.37296, 29.71353], [-95.37224, 29.71334], [-95.37139, 29.71279], [-95.37096, 29.71312], [-95.37048, 29.71338], [-95.37074, 29.71362], [-95.37119, 29.71394], [-95.37172, 29.71421], [-95.37136, 29.71505], [-95.37133, 29.71518], [-95.37144, 29.71542], [-95.3717, 29.71568], [-95.37166, 29.71623], [-95.37146, 29.7167], [-95.37125, 29.71702], [-95.37076, 29.71758], [-95.36916, 29.71966], [-95.36831, 29.72071], [-95.36729, 29.722], [-95.36582, 29.72383], [-95.36489, 29.72506], [-95.36435, 29.7257], [-95.36266, 29.72464], [-95.3624, 29.72452], [-95.36181, 29.72393], [-95.36158, 29.7238], [-95.35902, 29.72299], [-95.35854, 29.72289], [-95.35757, 29.72282], [-95.35581, 29.72242], [-95.35422, 29.72194], [-95.35201, 29.72124], [-95.35188, 29.72122], [-95.35146, 29.72227], [-95.35055, 29.72441], [-95.35042, 29.72477], [-95.35035, 29.72475], [-95.34951, 29.72447], [-95.34632, 29.72349], [-95.34607, 29.72414], [-95.3459, 29.72449], [-95.34548, 29.72514], [-95.34486, 29.72587], [-95.34481, 29.72603], [-95.34432, 29.72666], [-95.34402, 29.7272], [-95.34084, 29.7262], [-95.34015, 29.72599], [-95.33957, 29.72587], [-95.3392, 29.72587], [-95.33851, 29.72599], [-95.33813, 29.72616], [-95.33762, 29.72653], [-95.33712, 29.72711], [-95.33647, 29.72793], [-95.33614, 29.72822], [-95.33546, 29.72865], [-95.33511, 29.7287], [-95.33505, 29.7287], [-95.33491, 29.72865]]}, "properties": {"route_id": "004", "route_short_name": "004", "route_long_name": "Beechnut", "route_type": 3, "route_color": "#004080", "kind": "route"}}, {"type": "Feature", "geometry": {"type": "LineString", "coordinates": [[-95.40373, 29.70456], [-95.40351, 29.70373], [-95.40381, 29.7038], [-95.40431, 29.70398], [-95.40455, 29.70396], [-95.40469, 29.70369], [-95.40465, 29.70344], [-95.40529, 29.70356], [-95.40578, 29.70376], [-95.40666, 29.70423], [-95.40716, 29.70364], [-95.40726, 29.70348], [-95.40898, 29.70124], [-95.40966, 29.70043], [-95.41132, 29.69835], [-95.41235, 29.69698], [-95.41366, 29.69536], [-95.41434, 29.69449], [-95.4145, 29.69444], [-95.41528, 29.69347], [-95.41609, 29.69242], [-95.41692, 29.69137], [-95.41742, 29.69069], [-95.41799, 29.69003], [-95.4189, 29.68885], [-95.42133, 29.68575], [-95.42311, 29.68351], [-95.42396, 29.68247], [-95.42441, 29.68188], [-95.42487, 29.68133], [-95.42525, 29.68092], [-95.42602, 29.67983], [-95.42741, 29.67804], [-95.42833, 29.67695], [-95.42917, 29.6759], [-95.43007, 29.67489], [-95.43085, 29.67394], [-95.43141, 29.67322], [-95.43274, 29.67156], [-95.43365, 29.67028], [-95.43387, 29.6699], [-95.43534, 29.66803], [-95.43577, 29.66758], [-95.43611, 29.66717], [-95.4367, 29.66639], [-95.43773, 29.66519], [-95.43809, 29.66469], [-95.4401, 29.66213], [-95.44029, 29.66187], [-95.44139, 29.66052], [-95.44178, 29.65987], [-95.44194, 29.65943], [-95.44203, 29.65843], [-95.44208, 29.6574], [-95.44206, 29.65685], [-95.44213, 29.65655], [-95.4423, 29.6561], [-95.44262, 29.6556], [-95.44305, 29.65518], [-95.44359, 29.65495], [-95.444, 29.65483], [-95.44506, 29.65474], [-95.44567, 29.65458], [-95.44677, 29.65416], [-95.44665, 29.65375], [-95.44659, 29.65325], [-95.44665, 29.65301], [-95.44664, 29.65128], [-95.4466, 29.64947], [-95.44653, 29.64572], [-95.4449, 29.64576], [-95.44315, 29.64579], [-95.4431, 29.64458], [-95.44306, 29.64227], [-95.44303, 29.64206], [-95.44285, 29.64185], [-95.44347, 29.64159], [-95.44401, 29.64142], [-95.4448, 29.64125], [-95.4453, 29.64119], [-95.44633, 29.64118], [-95.44646, 29.6411], [-95.44641, 29.63855], [-95.44638, 29.63654], [-95.44632, 29.63442], [-95.44632, 29.63384], [-95.44627, 29.63172], [-95.44623, 29.62755], [-95.44396, 29.62759], [-95.44296, 29.6276], [-95.44148, 29.62764], [-95.43801, 29.6277], [-95.438, 29.62619], [-95.43795, 29.62322], [-95.43794, 29.62107], [-95.43792, 29.62045], [-95.43796, 29.62007], [-95.43814, 29.61968], [-95.43875, 29.61874], [-95.43897, 29.61834], [-95.43911, 29.61788], [-95.43908, 29.61579], [-95.43906, 29.61503], [-95.43905, 29.61332], [-95.4358, 29.61335], [-95.43426, 29.61338], [-95.43221, 29.61341], [-95.43221, 29.61357], [-95.43222, 29.61394], [-95.43211, 29.61398], [-95.43175, 29.61399]]}, "properties": {"route_id": "014", "route_short_name": "014", "route_long_name": "Hiram Clarke", "route_type": 3, "route_color": "#004080", "kind": "route"}}, {"type": "Feature", "geometry": {"type": "LineString", "coordinates": [[-95.33485, 29.72812], [-95.33504, 29.72777], [-95.33527, 29.72767], [-95.33565, 29.72804], [-95.33519, 29.72864], [-95.33511, 29.7287], [-95.33505, 29.7287], [-95.33465, 29.72855], [-95.33467, 29.72874], [-95.3351, 29.72889], [-95.33596, 29.72915], [-95.33604, 29.7288], [-95.33625, 29.72833], [-95.33681, 29.72765], [-95.33767, 29.72669], [-95.33793, 29.72648], [-95.33821, 29.72633], [-95.33813, 29.72616], [-95.33761, 29.72539], [-95.33737, 29.72483], [-95.3371, 29.72373], [-95.33675, 29.72245], [-95.33611, 29.72024], [-95.33578, 29.71918], [-95.33542, 29.71794], [-95.33577, 29.71771], [-95.33618, 29.71783], [-95.33653, 29.71799], [-95.33722, 29.71845], [-95.33774, 29.71869], [-95.33906, 29.71909], [-95.33931, 29.71852], [-95.3399, 29.71702], [-95.33999, 29.71584], [-95.3402, 29.71584], [-95.34038, 29.71584], [-95.34067, 29.71587], [-95.34153, 29.71612], [-95.34254, 29.71638], [-95.34523, 29.7172], [-95.34593, 29.71743], [-95.34663, 29.7177], [-95.34703, 29.71792], [-95.34743, 29.71808], [-95.3498, 29.71881], [-95.35183, 29.71942], [-95.35265, 29.71971], [-95.35281, 29.71923], [-95.35348, 29.71764], [-95.35377, 29.71692], [-95.35512, 29.71735], [-95.35625, 29.71768], [-95.35677, 29.71785], [-95.35758, 29.71808], [-95.35881, 29.71848], [-95.35972, 29.71875], [-95.36097, 29.7191], [-95.36195, 29.71941], [-95.36352, 29.71987], [-95.36393, 29.72001], [-95.36467, 29.72043], [-95.36729, 29.722], [-95.36834, 29.72262], [-95.36854, 29.72269], [-95.36922, 29.72312], [-95.37074, 29.72404], [-95.36926, 29.7259], [-95.37099, 29.72692], [-95.37269, 29.72798], [-95.37336, 29.72837], [-95.37549, 29.72964], [-95.37627, 29.73012], [-95.37789, 29.73107], [-95.37951, 29.73206], [-95.38065, 29.73267], [-95.38129, 29.7331], [-95.38166, 29.73332], [-95.38272, 29.734], [-95.38295, 29.7336], [-95.38308, 29.73322], [-95.38323, 29.73259], [-95.38338, 29.73235], [-95.38341, 29.73203], [-95.38362, 29.73176], [-95.38445, 29.7323], [-95.38402, 29.73288], [-95.38341, 29.73366], [-95.38297, 29.73416], [-95.38372, 29.73458], [-95.38418, 29.73466], [-95.38484, 29.73464], [-95.38622, 29.73454], [-95.38807, 29.73453], [-95.38885, 29.73458], [-95.39116, 29.73456], [-95.39315, 29.73452], [-95.39587, 29.7345], [-95.39635, 29.73447], [-95.39845, 29.73449], [-95.40032, 29.73446], [-95.40159, 29.73438], [-95.40207, 29.73438], [-95.40784, 29.73431], [-95.40917, 29.73429], [-95.41083, 29.73429], [-95.41288, 29.73426], [-95.41361, 29.73426], [-95.41548, 29.73423], [-95.4176, 29.73422], [-95.41922, 29.73415], [-95.42122, 29.73414], [-95.42391, 29.7341], [-95.42502, 29.7341], [-95.4265, 29.73408], [-95.42829, 29.73403], [-95.42941, 29.73397], [-95.43025, 29.73384], [-95.43095, 29.73371], [-95.43215, 29.73342], [-95.43358, 29.73304], [-95.43437, 29.73291], [-95.4358, 29.73284], [-95.43694, 29.73283], [-95.43844, 29.73278], [-95.44076, 29.73275], [-95.44145, 29.73276], [-95.44199, 29.73274], [-95.4433, 29.73273], [-95.44418, 29.73271], [-95.44459, 29.73267], [-95.44716, 29.73262], [-95.44879, 29.7326], [-95.4494, 29.73253], [-95.45006, 29.73252], [-95.45056, 29.73255], [-95.45136, 29.73274], [-95.45187, 29.73282], [-95.45229, 29.73285], [-95.4538, 29.73283], [-95.45516, 29.73278], [-95.45612, 29.73278], [-95.45664, 29.73272], [-95.45702, 29.73261], [-95.45797, 29.73225], [-95.45831, 29.73214], [-95.45883, 29.73206], [-95.45997, 29.73202], [-95.46108, 29.73202], [-95.46181, 29.73198], [-95.46252, 29.73197], [-95.46366, 29.73189], [-95.46551, 29.7317], [-95.46665, 29.73164], [-95.46809, 29.73162], [-95.47102, 29.73161], [-95.47233, 29.73158], [-95.4734, 29.73158], [-95.47492, 29.73156], [-95.47687, 29.73156], [-95.4779, 29.73164], [-95.48037, 29.73163], [-95.48232, 29.7316], [-95.48416, 29.7316], [-95.48539, 29.7317], [-95.48659, 29.73189], [-95.48902, 29.73188], [-95.48978, 29.73191], [-95.49238, 29.73187], [-95.49333, 29.73187], [-95.49615, 29.73181], [-95.49777, 29.7318], [-95.50133, 29.73175], [-95.50158, 29.73174], [-95.50264, 29.7316], [-95.50334, 29.73139], [-95.50719, 29.72986], [-95.50802, 29.72961], [-95.50843, 29.72952], [-95.50919, 29.72942], [-95.51042, 29.72939], [-95.51447, 29.7294], [-95.51733, 29.72934], [-95.51955, 29.72915], [-95.52044, 29.72915], [-95.52251, 29.72914], [-95.52413, 29.72912], [-95.52702, 29.72911], [-95.52831, 29.72908], [-95.52999, 29.72908], [-95.53051, 29.72907], [-95.53273, 29.72907], [-95.53365, 29.72905], [-95.53419, 29.729], [-95.5347, 29.72889], [-95.53576, 29.72852], [-95.53637, 29.72833], [-95.53704, 29.72809], [-95.53762, 29.72792], [-95.53816, 29.72782], [-95.53906, 29.7278], [-95.53967, 29.7278], [-95.54048, 29.72775], [-95.54151, 29.72778], [-95.54192, 29.72784], [-95.54274, 29.72803], [-95.54339, 29.72823], [-95.54437, 29.72849], [-95.54525, 29.72867], [-95.5463, 29.7288], [-95.54726, 29.72886], [-95.54852, 29.72885], [-95.54956, 29.72875], [-95.55011, 29.72867], [-95.55111, 29.72849], [-95.55174, 29.72834], [-95.55259, 29.72805], [-95.55314, 29.72789], [-95.55399, 29.72773], [-95.5545, 29.72769], [-95.55699, 29.72771], [-95.55893, 29.72771], [-95.55969, 29.72769], [-95.56066, 29.7277], [-95.56154, 29.72773], [-95.56264, 29.72784], [-95.56378, 29.72791], [-95.56526, 29.72789], [-95.56994, 29.72784], [-95.57156, 29.72783], [-95.57231, 29.72781], [-95.57413, 29.7278], [-95.57495, 29.72787], [-95.57653, 29.72794], [-95.57885, 29.72791], [-95.57956, 29.72795], [-95.58026, 29.72806], [-95.58101, 29.72826], [-95.58187, 29.72862], [-95.58247, 29.72895], [-95.58294, 29.7293], [-95.58386, 29.73005], [-95.5846, 29.73051], [-95.58569, 29.73097], [-95.58613, 29.7311], [-95.58672, 29.73122], [-95.58758, 29.73131], [-95.58793, 29.73132], [-95.58865, 29.73128], [-95.58922, 29.7312], [-95.59029, 29.73094], [-95.59098, 29.73083], [-95.59257, 29.73079], [-95.59324, 29.73075], [-95.59408, 29.73065], [-95.59491, 29.73042], [-95.59561, 29.73017], [-95.59668, 29.72993], [-95.59726, 29.72988], [-95.59804, 29.72987], [-95.59904, 29.72993], [-95.60279, 29.72989], [-95.60368, 29.72987], [-95.60583, 29.72985], [-95.60581, 29.72816], [-95.60579, 29.72759], [-95.60569, 29.72683], [-95.60557, 29.72636], [-95.60528, 29.7256], [-95.60516, 29.72522], [-95.60503, 29.72462], [-95.60499, 29.72426], [-95.60495, 29.72184], [-95.6049, 29.71994], [-95.60578, 29.71993], [-95.60652, 29.72009], [-95.6082, 29.72008], [-95.61167, 29.72002], [-95.61272, 29.72004], [-95.61316, 29.72002], [-95.61349, 29.71995], [-95.61377, 29.71976], [-95.61397, 29.71946], [-95.61402, 29.71914], [-95.61401, 29.71811], [-95.61406, 29.71766], [-95.61419, 29.71733], [-95.61445, 29.71698], [-95.61475, 29.71672], [-95.61519, 29.71651], [-95.61482, 29.7157], [-95.6147, 29.71527], [-95.61467, 29.71423], [-95.61472, 29.71315], [-95.61642, 29.713], [-95.61722, 29.71294], [-95.61864, 29.71288], [-95.61973, 29.71281], [-95.62038, 29.71275], [-95.62792, 29.71213], [-95.6279, 29.71201], [-95.62794, 29.71185], [-95.62795, 29.71125], [-95.62876, 29.71128], [-95.62941, 29.71142], [-95.62999, 29.71135], [-95.63061, 29.71129], [-95.63068, 29.71115], [-95.63045, 29.71101], [-95.63031, 29.71119], [-95.62999, 29.71135], [-95.62941, 29.71142]]}, "properties": {"route_id": "025", "route_short_name": "025", "route_long_name": "Richmond", "route_type": 3, "route_color": "#004080", "kind": "route"}}, {"type": "Feature", "geometry": {"type": "LineString", "coordinates": [[-95.53597, 29.78026], [-95.53597, 29.77965], [-95.53591, 29.77857], [-95.53689, 29.77856], [-95.5396, 29.77856], [-95.5402, 29.77853], [-95.54068, 29.77835], [-95.54126, 29.77825], [-95.54232, 29.77824], [-95.54282, 29.77812], [-95.54311, 29.77809], [-95.54419, 29.7782], [-95.54449, 29.77821], [-95.54451, 29.7791], [-95.54444, 29.77933], [-95.54445, 29.77994], [-95.5444, 29.78048], [-95.54394, 29.78242], [-95.54389, 29.783], [-95.54389, 29.78359], [-95.54393, 29.78391], [-95.54394, 29.78472], [-95.54395, 29.78509], [-95.54395, 29.78545], [-95.54402, 29.78661], [-95.54407, 29.78717], [-95.54419, 29.78773], [-95.54445, 29.78848], [-95.54456, 29.78918], [-95.54463, 29.7925], [-95.54465, 29.79428], [-95.54233, 29.79426], [-95.54092, 29.79423], [-95.54015, 29.79423], [-95.53933, 29.79409], [-95.53774, 29.7941], [-95.53745, 29.79412], [-95.53693, 29.79422], [-95.53595, 29.79451], [-95.53325, 29.79525], [-95.53029, 29.79605], [-95.52871, 29.79649], [-95.52664, 29.79705], [-95.52581, 29.79729], [-95.5255, 29.79743], [-95.52456, 29.79779], [-95.52399, 29.79796], [-95.52223, 29.79855], [-95.52013, 29.79896], [-95.51867, 29.79922], [-95.51553, 29.79981], [-95.51442, 29.8], [-95.51393, 29.80003], [-95.51275, 29.80023], [-95.51228, 29.80041], [-95.51193, 29.80059], [-95.5112, 29.80107], [-95.51071, 29.80144], [-95.51017, 29.8022], [-95.51003, 29.80235], [-95.50958, 29.80266], [-95.50919, 29.80283], [-95.50895, 29.80288], [-95.50763, 29.80298], [-95.50653, 29.80304], [-95.5052, 29.80301], [-95.50411, 29.80303], [-95.50261, 29.80302], [-95.49873, 29.80302], [-95.49812, 29.80303], [-95.49481, 29.80303], [-95.49434, 29.80301], [-95.49016, 29.8029], [-95.488, 29.80285], [-95.48789, 29.80279], [-95.48739, 29.80278], [-95.48498, 29.80278], [-95.48491, 29.80283], [-95.48446, 29.80282], [-95.48006, 29.80282], [-95.47825, 29.80283], [-95.47674, 29.80285], [-95.47553, 29.80285], [-95.47337, 29.80287], [-95.47128, 29.80287], [-95.46825, 29.80288], [-95.4672, 29.8029], [-95.46577, 29.8029], [-95.46296, 29.80292], [-95.46283, 29.80294], [-95.46256, 29.80318], [-95.46118, 29.8022], [-95.46011, 29.80141], [-95.45858, 29.8014], [-95.45458, 29.80144], [-95.44906, 29.80144], [-95.44871, 29.80145], [-95.44608, 29.80148], [-95.44354, 29.8015], [-95.44179, 29.8015], [-95.44068, 29.80151], [-95.43754, 29.80151], [-95.43558, 29.80152], [-95.43321, 29.80155], [-95.43067, 29.80155], [-95.4305, 29.80156], [-95.42788, 29.80156], [-95.42727, 29.80159], [-95.42705, 29.80165], [-95.42598, 29.80166], [-95.42561, 29.80171], [-95.42529, 29.80184], [-95.42466, 29.80231], [-95.42383, 29.80309], [-95.42331, 29.8035], [-95.42277, 29.80369], [-95.42234, 29.80371], [-95.41957, 29.80371], [-95.41933, 29.80373], [-95.41805, 29.80373], [-95.41544, 29.80375], [-95.41423, 29.80375], [-95.40997, 29.8038], [-95.40836, 29.80383], [-95.4056, 29.80384], [-95.39923, 29.80395], [-95.39668, 29.80398], [-95.39556, 29.80398], [-95.39447, 29.80401], [-95.39228, 29.80405], [-95.39107, 29.80406], [-95.39024, 29.80409], [-95.38932, 29.80409], [-95.38854, 29.80412], [-95.38807, 29.80405], [-95.38788, 29.80393], [-95.38738, 29.80388], [-95.38616, 29.80387], [-95.38542, 29.80389], [-95.38423, 29.80389], [-95.38339, 29.80378], [-95.38195, 29.80377], [-95.38127, 29.80379], [-95.38075, 29.80385], [-95.37871, 29.80386], [-95.37812, 29.80382], [-95.37476, 29.80386], [-95.37294, 29.80386], [-95.37249, 29.80383], [-95.37134, 29.80373], [-95.37057, 29.80368], [-95.37007, 29.80359], [-95.36914, 29.8033], [-95.3684, 29.80313], [-95.36817, 29.80312], [-95.36758, 29.80312], [-95.36627, 29.80317], [-95.36389, 29.80321], [-95.36009, 29.80325], [-95.35915, 29.80327], [-95.3573, 29.80329], [-95.35631, 29.80321], [-95.35437, 29.80325], [-95.35244, 29.8033], [-95.35237, 29.80088], [-95.3523, 29.79746], [-95.35221, 29.79407], [-95.35218, 29.79321], [-95.3507, 29.79325], [-95.35046, 29.79333], [-95.34969, 29.79348], [-95.349, 29.79367], [-95.34795, 29.79372], [-95.34683, 29.79374], [-95.34583, 29.7936], [-95.34404, 29.79361], [-95.34314, 29.79363], [-95.34255, 29.79375], [-95.34209, 29.79375], [-95.34211, 29.7955], [-95.34217, 29.79878], [-95.3422, 29.80201], [-95.34121, 29.80182], [-95.33965, 29.80144], [-95.33861, 29.8012], [-95.3371, 29.80083], [-95.33624, 29.80054], [-95.33542, 29.80031], [-95.33475, 29.80021], [-95.33337, 29.80009], [-95.33225, 29.80009], [-95.3306, 29.80016], [-95.32979, 29.80018], [-95.32816, 29.80019], [-95.3282, 29.80201], [-95.32821, 29.80383], [-95.32825, 29.80685], [-95.32828, 29.80753], [-95.32841, 29.80868], [-95.32854, 29.8094], [-95.32858, 29.80997], [-95.32861, 29.81328], [-95.32864, 29.81432], [-95.32822, 29.81428], [-95.3281, 29.81442], [-95.32787, 29.81427]]}, "properties": {"route_id": "026", "route_short_name": "026", "route_long_name": "Long Point / Cavalcade", "route_type": 3, "route_color": "#004080", "kind": "route"}}, {"type": "Feature", "geometry": {"type": "LineString", "coordinates": [[-95.45714, 29.67967], [-95.45746, 29.67984], [-95.45764, 29.67972], [-95.45766, 29.67998], [-95.45854, 29.68], [-95.45943, 29.68003], [-95.45946, 29.67937], [-95.45854, 29.67933], [-95.45854, 29.68], [-95.45852, 29.68072], [-95.45839, 29.68108], [-95.45822, 29.68217], [-95.45884, 29.68207], [-95.45961, 29.68205], [-95.45998, 29.682], [-95.46061, 29.68182], [-95.46134, 29.68138], [-95.46172, 29.681], [-95.46223, 29.68064], [-95.46261, 29.68044], [-95.46333, 29.68021], [-95.46392, 29.68013], [-95.46509, 29.68002], [-95.4661, 29.6799], [-95.46757, 29.67967], [-95.46966, 29.6793], [-95.47184, 29.6789], [-95.4738, 29.67857], [-95.47693, 29.67801], [-95.47738, 29.67791], [-95.48015, 29.67713], [-95.48157, 29.67671], [-95.4818, 29.67735], [-95.48184, 29.67799], [-95.48184, 29.67899], [-95.48277, 29.67899], [-95.48338, 29.67912], [-95.48425, 29.67915], [-95.48427, 29.68118], [-95.4843, 29.68273], [-95.4843, 29.68377], [-95.48434, 29.68657], [-95.48433, 29.68896], [-95.4844, 29.69063], [-95.48441, 29.69222], [-95.48444, 29.69346], [-95.48443, 29.69465], [-95.48446, 29.69573], [-95.48446, 29.69641], [-95.48449, 29.69767], [-95.4845, 29.69925], [-95.48454, 29.70109], [-95.48453, 29.70191], [-95.48457, 29.70418], [-95.48458, 29.70563], [-95.48465, 29.71188], [-95.48468, 29.7128], [-95.48471, 29.71548], [-95.48473, 29.71636], [-95.48474, 29.71821], [-95.48479, 29.72102], [-95.48479, 29.72199], [-95.48474, 29.72238], [-95.48453, 29.72318], [-95.48419, 29.72425], [-95.48408, 29.72534], [-95.48407, 29.72622], [-95.48412, 29.72748], [-95.48412, 29.72877], [-95.48416, 29.73068], [-95.48416, 29.7316], [-95.48421, 29.73323], [-95.48422, 29.73542], [-95.48425, 29.73711], [-95.48425, 29.73776], [-95.48279, 29.73776], [-95.48162, 29.7378], [-95.47971, 29.73781], [-95.47775, 29.73784], [-95.47666, 29.73784], [-95.47662, 29.73547], [-95.48006, 29.73547], [-95.48344, 29.73542], [-95.48357, 29.73543]]}, "properties": {"route_id": "032", "route_short_name": "032", "route_long_name": "Renwick", "route_type": 3, "route_color": "#004080", "kind": "route"}}, {"type": "Feature", "geometry": {"type": "LineString", "coordinates": [[-95.55337, 29.86999], [-95.55278, 29.86958], [-95.55266, 29.86928], [-95.5524, 29.86932], [-95.55243, 29.86955], [-95.55343, 29.87028], [-95.55366, 29.87038], [-95.55399, 29.8703], [-95.55419, 29.87014], [-95.55498, 29.86926], [-95.55293, 29.86783], [-95.55251, 29.86756], [-95.55206, 29.86722], [-95.55139, 29.86676], [-95.5487, 29.86485], [-95.54859, 29.86479], [-95.54427, 29.86177], [-95.54413, 29.86166], [-95.54265, 29.8606], [-95.54119, 29.85954], [-95.5383, 29.85751], [-95.53553, 29.85553], [-95.53483, 29.85504], [-95.53271, 29.85353], [-95.53077, 29.85216], [-95.52868, 29.85071], [-95.52827, 29.85089], [-95.52769, 29.85102], [-95.52714, 29.85105], [-95.52606, 29.85083], [-95.52558, 29.85078], [-95.52419, 29.8508], [-95.52245, 29.85081], [-95.52125, 29.85083], [-95.5197, 29.85082], [-95.51691, 29.85082], [-95.51539, 29.85084], [-95.5128, 29.85085], [-95.51156, 29.85088], [-95.51104, 29.85092], [-95.51063, 29.85099], [-95.50888, 29.85141], [-95.50808, 29.85157], [-95.5075, 29.85163], [-95.50674, 29.85164], [-95.50597, 29.85161], [-95.50475, 29.85152], [-95.5041, 29.85145], [-95.50344, 29.85134], [-95.50309, 29.85125], [-95.50172, 29.85079], [-95.50087, 29.85061], [-95.50008, 29.85056], [-95.49711, 29.85055], [-95.49542, 29.85053], [-95.49395, 29.85053], [-95.49017, 29.85049], [-95.48864, 29.8505], [-95.48725, 29.85049], [-95.48687, 29.85051], [-95.4851, 29.8505], [-95.48437, 29.85051], [-95.48064, 29.85051], [-95.47958, 29.8504], [-95.47858, 29.85017], [-95.4778, 29.84988], [-95.47666, 29.84937], [-95.4761, 29.84919], [-95.4753, 29.84897], [-95.47437, 29.84883], [-95.4734, 29.8488], [-95.47224, 29.84882], [-95.47112, 29.84882], [-95.47008, 29.84884], [-95.46754, 29.84886], [-95.46655, 29.84885], [-95.46587, 29.84878], [-95.46531, 29.84869], [-95.46486, 29.84857], [-95.46406, 29.84828], [-95.46349, 29.84798], [-95.46265, 29.84745], [-95.46209, 29.84707], [-95.46122, 29.84655], [-95.46073, 29.84634], [-95.45979, 29.84604], [-95.45874, 29.84587], [-95.45821, 29.84584], [-95.4575, 29.84586], [-95.45641, 29.84603], [-95.45542, 29.84628], [-95.4545, 29.8464], [-95.45198, 29.84643], [-95.45112, 29.84643], [-95.45011, 29.84646], [-95.44803, 29.84647], [-95.44733, 29.84651], [-95.44579, 29.84668], [-95.44457, 29.84677], [-95.44281, 29.84681], [-95.44279, 29.8463], [-95.44269, 29.84583], [-95.44254, 29.8456], [-95.44216, 29.84475], [-95.442, 29.84448], [-95.44188, 29.84399], [-95.44183, 29.8424], [-95.44184, 29.84107], [-95.43687, 29.84107], [-95.43592, 29.84108], [-95.43297, 29.84109], [-95.43174, 29.84111], [-95.42983, 29.84112], [-95.42915, 29.84107], [-95.42878, 29.84101], [-95.42724, 29.84092], [-95.42543, 29.84093], [-95.42174, 29.84099], [-95.41642, 29.84105], [-95.41518, 29.84108], [-95.41162, 29.84114], [-95.41092, 29.84117], [-95.41095, 29.843], [-95.41095, 29.84379], [-95.41102, 29.84606], [-95.41102, 29.84646], [-95.41108, 29.8471], [-95.40888, 29.84711], [-95.40799, 29.84713], [-95.40616, 29.84713], [-95.4055, 29.8471], [-95.40482, 29.84697], [-95.40453, 29.84687], [-95.40403, 29.84659], [-95.40303, 29.84582], [-95.4026, 29.84558], [-95.40191, 29.84532], [-95.40124, 29.8452], [-95.40056, 29.84518], [-95.39917, 29.8452], [-95.39837, 29.84527], [-95.39719, 29.8454], [-95.39495, 29.84541], [-95.39379, 29.84545], [-95.39276, 29.84545], [-95.39167, 29.84548], [-95.39055, 29.84548], [-95.38982, 29.84546], [-95.3889, 29.84547], [-95.38629, 29.84548], [-95.38444, 29.84547], [-95.38394, 29.84545], [-95.38296, 29.84548], [-95.38157, 29.84549], [-95.37897, 29.84553], [-95.37771, 29.84553], [-95.37719, 29.84431], [-95.37572, 29.84115], [-95.37558, 29.84072], [-95.37553, 29.84024], [-95.37559, 29.83864], [-95.37569, 29.83762], [-95.37577, 29.83731], [-95.37582, 29.83599], [-95.37593, 29.83401], [-95.37607, 29.83317], [-95.37615, 29.83201], [-95.37638, 29.83199], [-95.37655, 29.83222], [-95.37705, 29.83259], [-95.37691, 29.83272], [-95.37643, 29.8324], [-95.37655, 29.83222], [-95.37638, 29.83199], [-95.37615, 29.83201], [-95.37604, 29.83202], [-95.37592, 29.83204], [-95.37586, 29.83314], [-95.37578, 29.83401], [-95.3757, 29.83641], [-95.37562, 29.83738], [-95.37569, 29.83762], [-95.37559, 29.83864], [-95.37553, 29.84024], [-95.37558, 29.84072], [-95.37572, 29.84115], [-95.37719, 29.84431], [-95.37771, 29.84553], [-95.37571, 29.84554], [-95.37382, 29.84557], [-95.37271, 29.84557], [-95.37089, 29.84566], [-95.37057, 29.84571], [-95.36955, 29.84599], [-95.36889, 29.84611], [-95.36834, 29.84614], [-95.36572, 29.84616], [-95.36369, 29.84616], [-95.36299, 29.84619], [-95.36137, 29.84619], [-95.36056, 29.84621], [-95.35781, 29.84665], [-95.35732, 29.84672], [-95.35567, 29.84701], [-95.35541, 29.84707], [-95.35471, 29.8473], [-95.35357, 29.84771], [-95.35316, 29.84782], [-95.35243, 29.84793], [-95.35186, 29.84797], [-95.35014, 29.848], [-95.34758, 29.84802], [-95.34629, 29.84805], [-95.34299, 29.84809], [-95.34207, 29.84813], [-95.34088, 29.84815], [-95.33918, 29.8482], [-95.33813, 29.84822], [-95.33751, 29.84826], [-95.33602, 29.84862], [-95.33522, 29.84867], [-95.33337, 29.84872], [-95.33181, 29.84869], [-95.33075, 29.8487], [-95.32827, 29.8487], [-95.32773, 29.84869], [-95.32729, 29.84864], [-95.32674, 29.8485], [-95.32592, 29.84821], [-95.32537, 29.84808], [-95.32509, 29.84805], [-95.32314, 29.84807], [-95.32162, 29.84807], [-95.31994, 29.8481], [-95.31917, 29.84813], [-95.31621, 29.84816], [-95.31479, 29.8482], [-95.31346, 29.84828], [-95.31281, 29.8483], [-95.31186, 29.8483], [-95.31093, 29.84832], [-95.30994, 29.84832], [-95.30843, 29.84835], [-95.30499, 29.84838], [-95.30278, 29.84842], [-95.29987, 29.84844], [-95.2982, 29.84847], [-95.29631, 29.84848], [-95.2949, 29.84851], [-95.29392, 29.8485], [-95.2923, 29.84852], [-95.29138, 29.84852], [-95.29036, 29.84841], [-95.28922, 29.84817], [-95.28842, 29.84805], [-95.28774, 29.84803], [-95.28694, 29.84808], [-95.28647, 29.84816], [-95.28569, 29.84834], [-95.28503, 29.84859], [-95.28417, 29.84895], [-95.28363, 29.84915], [-95.28303, 29.84932], [-95.28164, 29.84957], [-95.28084, 29.84969], [-95.27976, 29.84975], [-95.27794, 29.84978], [-95.27728, 29.84978], [-95.27599, 29.84981], [-95.27349, 29.84983], [-95.27176, 29.84987], [-95.26929, 29.8499], [-95.26384, 29.84999], [-95.26388, 29.8498], [-95.26421, 29.84971]]}, "properties": {"route_id": "045", "route_short_name": "045", "route_long_name": "Tidwell", "route_type": 3, "route_color": "#004080", "kind": "route"}}, {"type": "Feature", "geometry": {"type": "LineString", "coordinates": [[-95.52714, 29.64922], [-95.52623, 29.6493], [-95.52531, 29.64929], [-95.5245, 29.64916], [-95.52387, 29.64891], [-95.52322, 29.6485], [-95.52293, 29.64822], [-95.52254, 29.64771], [-95.52208, 29.64661], [-95.52145, 29.64491], [-95.5213, 29.64424], [-95.52128, 29.6434], [-95.52131, 29.64288], [-95.52128, 29.64194], [-95.5222, 29.64186], [-95.52342, 29.64166], [-95.52412, 29.64162], [-95.52603, 29.64162], [-95.52652, 29.64167], [-95.52731, 29.64183], [-95.52785, 29.64199], [-95.52779, 29.64227], [-95.52771, 29.64309], [-95.52779, 29.64824], [-95.52786, 29.65009], [-95.52789, 29.65302], [-95.52793, 29.65495], [-95.52794, 29.65726], [-95.5279, 29.65788], [-95.52791, 29.65892], [-95.52797, 29.66223], [-95.52802, 29.66448], [-95.52806, 29.66711], [-95.52809, 29.66856], [-95.52809, 29.66966], [-95.52807, 29.67065], [-95.52813, 29.67326], [-95.52814, 29.67571], [-95.5282, 29.67646], [-95.52832, 29.67703], [-95.5284, 29.67748], [-95.5284, 29.67808], [-95.52843, 29.67921], [-95.52843, 29.68014], [-95.52846, 29.68198], [-95.52847, 29.68326], [-95.52851, 29.68555], [-95.52859, 29.68611], [-95.52877, 29.68656], [-95.52916, 29.68707], [-95.52933, 29.68724], [-95.52979, 29.68759], [-95.53093, 29.68826], [-95.53153, 29.68864], [-95.5322, 29.689], [-95.53278, 29.68935], [-95.53378, 29.69001], [-95.53464, 29.69071], [-95.5351, 29.69113], [-95.53575, 29.6919], [-95.53624, 29.69256], [-95.53681, 29.69352], [-95.53707, 29.69407], [-95.53738, 29.69491], [-95.53763, 29.69592], [-95.53774, 29.69667], [-95.5378, 29.6973], [-95.53785, 29.6983], [-95.53787, 29.69953], [-95.5379, 29.70008], [-95.5379, 29.70138], [-95.53793, 29.70446], [-95.53793, 29.7051], [-95.53798, 29.70579], [-95.53806, 29.70624], [-95.5382, 29.70672], [-95.53858, 29.70771], [-95.53876, 29.70853], [-95.53879, 29.70892], [-95.53882, 29.71074], [-95.53885, 29.71337], [-95.53889, 29.71493], [-95.5389, 29.71747], [-95.53898, 29.71986], [-95.539, 29.72164], [-95.53903, 29.7224], [-95.53899, 29.72418], [-95.53906, 29.72684], [-95.53906, 29.7278], [-95.53906, 29.72872], [-95.5391, 29.73074], [-95.53919, 29.73445], [-95.53919, 29.73501], [-95.53913, 29.73554], [-95.53884, 29.73663], [-95.53879, 29.73726], [-95.53876, 29.73784], [-95.53869, 29.73813], [-95.53838, 29.73901], [-95.53827, 29.73976], [-95.5383, 29.74238], [-95.53835, 29.74534], [-95.53835, 29.74633], [-95.53837, 29.74708], [-95.53838, 29.74866], [-95.53841, 29.74964], [-95.53852, 29.75011], [-95.53871, 29.75058], [-95.53899, 29.75101], [-95.53978, 29.75206], [-95.54017, 29.75255], [-95.54059, 29.753], [-95.54082, 29.7532], [-95.54166, 29.75375], [-95.54242, 29.75429], [-95.54295, 29.75463], [-95.54355, 29.75513], [-95.54385, 29.75547], [-95.54419, 29.75593], [-95.54461, 29.7568], [-95.54471, 29.7572], [-95.54482, 29.75786], [-95.54477, 29.75901], [-95.54478, 29.76159], [-95.54479, 29.76203], [-95.54476, 29.76269], [-95.5447, 29.76301], [-95.5445, 29.76364], [-95.54438, 29.76411], [-95.54428, 29.76492], [-95.5443, 29.76891], [-95.54437, 29.77352], [-95.54437, 29.77557], [-95.5444, 29.77801], [-95.54449, 29.77821], [-95.54451, 29.7791], [-95.54444, 29.77933], [-95.54445, 29.77994], [-95.5444, 29.78048], [-95.54394, 29.78242], [-95.54389, 29.783], [-95.54389, 29.78359], [-95.54393, 29.78391], [-95.54394, 29.78472], [-95.54395, 29.78509], [-95.54395, 29.78545], [-95.54402, 29.78661], [-95.54407, 29.78717], [-95.54419, 29.78773], [-95.54445, 29.78848], [-95.54456, 29.78918], [-95.54463, 29.7925], [-95.54465, 29.79428], [-95.54467, 29.79533], [-95.54472, 29.79672], [-95.54472, 29.7973], [-95.54477, 29.79882], [-95.5448, 29.80049], [-95.5448, 29.80152], [-95.54482, 29.80263], [-95.54489, 29.80338], [-95.54502, 29.80398], [-95.54509, 29.8045], [-95.54513, 29.80554], [-95.54513, 29.8064], [-95.54516, 29.80816], [-95.54515, 29.80889], [-95.54517, 29.80948], [-95.54517, 29.81329], [-95.54519, 29.81403], [-95.54519, 29.81539], [-95.54521, 29.81724], [-95.5452, 29.81865], [-95.54524, 29.82134], [-95.54524, 29.82316], [-95.54522, 29.82502], [-95.54519, 29.82515], [-95.54522, 29.8278], [-95.54523, 29.83041], [-95.54526, 29.83114], [-95.54526, 29.83247], [-95.54522, 29.83277], [-95.54498, 29.83357], [-95.54494, 29.83411], [-95.54497, 29.8369], [-95.54497, 29.83828], [-95.54499, 29.84028], [-95.54499, 29.84146], [-95.54502, 29.84536], [-95.54502, 29.84647], [-95.54504, 29.84723], [-95.54505, 29.84983], [-95.54507, 29.85039], [-95.54508, 29.85289], [-95.5451, 29.85474], [-95.54512, 29.85974], [-95.54509, 29.86009], [-95.54493, 29.86055], [-95.54463, 29.86107], [-95.54413, 29.86166], [-95.54427, 29.86177], [-95.54859, 29.86479], [-95.5487, 29.86485], [-95.55139, 29.86676], [-95.55206, 29.86722], [-95.55251, 29.86756], [-95.55252, 29.86766], [-95.55478, 29.86926], [-95.55404, 29.87006], [-95.55386, 29.87016], [-95.55377, 29.87008], [-95.55355, 29.8701], [-95.55313, 29.86982]]}, "properties": {"route_id": "046", "route_short_name": "046", "route_long_name": "Gessner", "route_type": 3, "route_color": "#004080", "kind": "route"}}, {"type": "Feature", "geometry": {"type": "LineString", "coordinates": [[-95.45614, 29.78298], [-95.4564, 29.78304], [-95.45643, 29.7832], [-95.45626, 29.7833], [-95.45497, 29.7833], [-95.45476, 29.78317], [-95.4548, 29.78302], [-95.45503, 29.78297], [-95.45566, 29.78297], [-95.45573, 29.78288], [-95.45555, 29.78274], [-95.45486, 29.78261], [-95.45462, 29.78245], [-95.45436, 29.78249], [-95.45429, 29.78268], [-95.45436, 29.7829], [-95.45446, 29.78294], [-95.45447, 29.7838], [-95.45447, 29.78411], [-95.45684, 29.78414], [-95.45682, 29.78385], [-95.45676, 29.783], [-95.45676, 29.78247], [-95.45671, 29.78011], [-95.45669, 29.77962], [-95.45667, 29.77784], [-95.45674, 29.7776], [-95.45677, 29.77462], [-95.45674, 29.77431], [-95.45662, 29.77394], [-95.45657, 29.77337], [-95.45761, 29.77336], [-95.45762, 29.77154], [-95.45755, 29.77022], [-95.45755, 29.76947], [-95.4575, 29.76855], [-95.45747, 29.76665], [-95.45747, 29.76513], [-95.45833, 29.76463], [-95.45938, 29.76405], [-95.45993, 29.7639], [-95.4611, 29.76374], [-95.46172, 29.76348], [-95.46284, 29.76258], [-95.46336, 29.76234], [-95.46396, 29.76225], [-95.46459, 29.76221], [-95.46566, 29.76219], [-95.46634, 29.76229], [-95.46676, 29.76246], [-95.46738, 29.7628], [-95.46774, 29.76305], [-95.4682, 29.76321], [-95.46878, 29.76328], [-95.46976, 29.76327], [-95.47021, 29.76331], [-95.47056, 29.76338], [-95.47105, 29.76354], [-95.47165, 29.76381], [-95.47197, 29.76391], [-95.47259, 29.76396], [-95.47579, 29.76387], [-95.47801, 29.76383], [-95.4784, 29.7638], [-95.47881, 29.76371], [-95.47947, 29.7634], [-95.47983, 29.76311], [-95.48274, 29.76048], [-95.48369, 29.75965], [-95.48436, 29.75909], [-95.4849, 29.75882], [-95.48756, 29.75841], [-95.48972, 29.75806], [-95.49514, 29.75652], [-95.49599, 29.75627], [-95.49797, 29.75572], [-95.49885, 29.75545], [-95.49925, 29.75536], [-95.49971, 29.7552], [-95.50005, 29.75502], [-95.50089, 29.75438], [-95.50122, 29.7541], [-95.50119, 29.7532], [-95.5012, 29.75244], [-95.5012, 29.75049], [-95.50115, 29.74829], [-95.50113, 29.74692], [-95.50113, 29.74567], [-95.50108, 29.74265], [-95.50106, 29.74226], [-95.50103, 29.74059], [-95.50102, 29.73814], [-95.50103, 29.73769], [-95.50099, 29.73626], [-95.50107, 29.73539], [-95.5013, 29.73436], [-95.50135, 29.73368], [-95.50133, 29.73175], [-95.50132, 29.73088], [-95.50125, 29.72767], [-95.50125, 29.72694], [-95.50119, 29.72459], [-95.50116, 29.72149], [-95.50111, 29.71959], [-95.50079, 29.71856], [-95.50052, 29.71805], [-95.50026, 29.71768], [-95.49978, 29.71715], [-95.49948, 29.7169], [-95.49859, 29.71606], [-95.49796, 29.71549], [-95.49761, 29.71521], [-95.49617, 29.71395], [-95.49559, 29.71348], [-95.49486, 29.71284], [-95.49425, 29.71227], [-95.494, 29.71197], [-95.49366, 29.71142], [-95.49339, 29.71079], [-95.49331, 29.71045], [-95.49325, 29.70988], [-95.49323, 29.70909], [-95.49318, 29.70555], [-95.49316, 29.70423], [-95.49317, 29.70284], [-95.49315, 29.70108], [-95.49312, 29.69943], [-95.4931, 29.69777], [-95.4931, 29.69484], [-95.49305, 29.69139], [-95.49298, 29.69069], [-95.49276, 29.68978], [-95.49264, 29.68941], [-95.49253, 29.68866], [-95.49252, 29.68821], [-95.49251, 29.68696], [-95.49264, 29.68616], [-95.49284, 29.68539], [-95.49293, 29.68482], [-95.49294, 29.68424], [-95.49291, 29.68345], [-95.49289, 29.68191], [-95.49288, 29.68], [-95.49292, 29.67924], [-95.49304, 29.67877], [-95.49354, 29.67762], [-95.49375, 29.67679], [-95.49381, 29.67626], [-95.49383, 29.67563], [-95.49367, 29.67476], [-95.49345, 29.67409], [-95.49292, 29.67303], [-95.49264, 29.67241], [-95.49249, 29.67191], [-95.49239, 29.67129], [-95.49235, 29.67033], [-95.49231, 29.66793], [-95.49236, 29.66739], [-95.49237, 29.66687], [-95.4923, 29.66392], [-95.4923, 29.66229], [-95.49225, 29.66059], [-95.49224, 29.6586], [-95.49214, 29.65729], [-95.49219, 29.65542], [-95.49215, 29.65322], [-95.49217, 29.65228], [-95.49227, 29.65174], [-95.49238, 29.65135], [-95.49257, 29.65085], [-95.49296, 29.65005], [-95.49323, 29.64938], [-95.49339, 29.6487], [-95.49344, 29.64832], [-95.49344, 29.64703], [-95.4934, 29.64504], [-95.49333, 29.64265], [-95.49333, 29.64204], [-95.49329, 29.64006], [-95.49325, 29.63759], [-95.49367, 29.63756]]}, "properties": {"route_id": "047", "route_short_name": "047", "route_long_name": "Hillcroft", "route_type": 3, "route_color": "#004080", "kind": "route"}}, {"type": "Feature", "geometry": {"type": "LineString", "coordinates": [[-95.33542, 29.72835], [-95.33519, 29.72864], [-95.33511, 29.7287], [-95.33505, 29.7287], [-95.33465, 29.72855], [-95.33467, 29.72874], [-95.3351, 29.72889], [-95.33468, 29.72915], [-95.3343, 29.72944], [-95.33406, 29.72971], [-95.33377, 29.73016], [-95.3326, 29.73306], [-95.33228, 29.73387], [-95.33185, 29.73488], [-95.33182, 29.73539], [-95.33198, 29.73631], [-95.33197, 29.7368], [-95.33192, 29.73706], [-95.33164, 29.7377], [-95.33064, 29.73738], [-95.33008, 29.73727], [-95.32894, 29.73692], [-95.32851, 29.73671], [-95.32665, 29.73617], [-95.32597, 29.73603], [-95.32499, 29.73573], [-95.32331, 29.73524], [-95.32173, 29.73475], [-95.32022, 29.7343], [-95.31675, 29.73323], [-95.31653, 29.73311], [-95.31511, 29.73264], [-95.31477, 29.73257], [-95.3143, 29.73253], [-95.31205, 29.73253], [-95.31145, 29.73259], [-95.3107, 29.73271], [-95.31024, 29.73287], [-95.30963, 29.73321], [-95.30922, 29.73335], [-95.30877, 29.73337], [-95.308, 29.73318], [-95.30763, 29.73313], [-95.30735, 29.73356], [-95.30696, 29.73392], [-95.30656, 29.73415], [-95.30581, 29.73446], [-95.30531, 29.73476], [-95.30496, 29.7351], [-95.30463, 29.73501], [-95.30342, 29.73463], [-95.303, 29.73562], [-95.30275, 29.73554], [-95.30307, 29.73473], [-95.30317, 29.73455], [-95.30046, 29.73374], [-95.29829, 29.73305], [-95.29774, 29.73289], [-95.29726, 29.73411], [-95.29632, 29.73381], [-95.29449, 29.73326], [-95.29041, 29.73198], [-95.29013, 29.73191], [-95.28658, 29.73085], [-95.28603, 29.73068], [-95.28419, 29.73015], [-95.28336, 29.72989], [-95.28053, 29.72907], [-95.2803, 29.72897], [-95.27986, 29.72865], [-95.27938, 29.72823], [-95.27919, 29.72801], [-95.27889, 29.72756], [-95.2787, 29.72713], [-95.27858, 29.72664], [-95.27864, 29.72614], [-95.27865, 29.72501], [-95.27857, 29.72232], [-95.27851, 29.72179], [-95.27844, 29.71988], [-95.27845, 29.71905], [-95.27848, 29.71887], [-95.27844, 29.71759], [-95.27838, 29.71488], [-95.27833, 29.71393], [-95.27824, 29.71176], [-95.27819, 29.71132], [-95.27814, 29.70984], [-95.27815, 29.70902], [-95.27808, 29.70882], [-95.27805, 29.70796], [-95.278, 29.70587], [-95.27797, 29.70515], [-95.27791, 29.70296], [-95.27786, 29.70237], [-95.27788, 29.70155], [-95.27793, 29.70139], [-95.27791, 29.69982], [-95.27786, 29.69839], [-95.27786, 29.69785], [-95.27781, 29.69618], [-95.27774, 29.69463], [-95.27769, 29.69135], [-95.27763, 29.68992], [-95.27763, 29.68888], [-95.27755, 29.68634], [-95.27773, 29.68601], [-95.27809, 29.6857], [-95.27813, 29.68544], [-95.27747, 29.68482], [-95.27745, 29.68192], [-95.27738, 29.67932], [-95.27738, 29.67809], [-95.27735, 29.67741], [-95.2773, 29.67544], [-95.27728, 29.67505], [-95.27724, 29.67293], [-95.27722, 29.67235], [-95.27718, 29.67122], [-95.27715, 29.6697], [-95.27707, 29.66735], [-95.27701, 29.66533], [-95.27699, 29.6637], [-95.27695, 29.66303], [-95.27688, 29.66067], [-95.27678, 29.6601], [-95.27671, 29.65818], [-95.27685, 29.65791], [-95.27713, 29.65772], [-95.27736, 29.65765], [-95.27911, 29.65762], [-95.27927, 29.65756], [-95.27952, 29.65734], [-95.27959, 29.65704], [-95.27959, 29.65665], [-95.27948, 29.656], [-95.27931, 29.65582], [-95.27908, 29.65572], [-95.27811, 29.65572], [-95.27791, 29.65565], [-95.27757, 29.65536], [-95.27742, 29.65533], [-95.27672, 29.65532], [-95.27578, 29.65535]]}, "properties": {"route_id": "050", "route_short_name": "050", "route_long_name": "Broadway", "route_type": 3, "route_color": "#004080", "kind": "route"}}, {"type": "Feature", "geometry": {"type": "LineString", "coordinates": [[-95.37128, 29.7503], [-95.37157, 29.74993], [-95.37089, 29.74951], [-95.37078, 29.74945], [-95.3706, 29.74934], [-95.36993, 29.74896], [-95.37054, 29.74824], [-95.37104, 29.74762], [-95.37272, 29.74548], [-95.37317, 29.74487], [-95.37122, 29.7437], [-95.36976, 29.74278], [-95.3672, 29.74125], [-95.36638, 29.74077], [-95.36609, 29.74056], [-95.36413, 29.73942], [-95.36121, 29.73763], [-95.36035, 29.73714], [-95.3595, 29.73661], [-95.35786, 29.73562], [-95.35758, 29.7355], [-95.35476, 29.73461], [-95.35329, 29.73417], [-95.35147, 29.73364], [-95.35013, 29.73322], [-95.34925, 29.73296], [-95.34854, 29.73271], [-95.34938, 29.73064], [-95.34962, 29.73003], [-95.34993, 29.72943], [-95.35003, 29.72886], [-95.35002, 29.72796], [-95.35004, 29.72777], [-95.35001, 29.72691], [-95.35003, 29.72631], [-95.35016, 29.72583], [-95.35055, 29.72482], [-95.35065, 29.72462], [-95.35101, 29.72372], [-95.35161, 29.72228], [-95.35201, 29.72124], [-95.35232, 29.72047], [-95.35265, 29.71971], [-95.35281, 29.71923], [-95.35348, 29.71764], [-95.35377, 29.71692], [-95.3541, 29.7161], [-95.35467, 29.71459], [-95.35499, 29.71384], [-95.35596, 29.71145], [-95.35667, 29.70972], [-95.35693, 29.70895], [-95.35726, 29.70806], [-95.35819, 29.70566], [-95.35856, 29.7048], [-95.35905, 29.7035], [-95.35951, 29.70235], [-95.35961, 29.70169], [-95.35956, 29.70116], [-95.35932, 29.70028], [-95.35897, 29.70034], [-95.35886, 29.70046], [-95.35842, 29.70161], [-95.35798, 29.70147], [-95.35781, 29.70169], [-95.35651, 29.70132], [-95.35647, 29.70112], [-95.35662, 29.70105], [-95.35798, 29.70147], [-95.35842, 29.70161], [-95.35886, 29.70046], [-95.35897, 29.70034], [-95.35932, 29.70028], [-95.35932, 29.69992], [-95.35937, 29.69951], [-95.35948, 29.69917], [-95.36022, 29.69736], [-95.36107, 29.69522], [-95.36205, 29.69271], [-95.36239, 29.69191], [-95.36405, 29.68778], [-95.36448, 29.68676], [-95.36512, 29.68518], [-95.3658, 29.68344], [-95.36588, 29.68315], [-95.36634, 29.68221], [-95.36694, 29.68077], [-95.36724, 29.67985], [-95.36727, 29.67954], [-95.36718, 29.6757], [-95.36716, 29.67446], [-95.36712, 29.67289], [-95.36719, 29.67227], [-95.36728, 29.67193], [-95.36773, 29.67071], [-95.36809, 29.66982], [-95.36824, 29.66935], [-95.36832, 29.66905], [-95.36833, 29.66863], [-95.36829, 29.66651], [-95.36823, 29.66428], [-95.36818, 29.66206], [-95.36816, 29.66055], [-95.36811, 29.65878], [-95.36811, 29.6578], [-95.36823, 29.65724], [-95.36845, 29.65681], [-95.36863, 29.65633], [-95.36873, 29.65557], [-95.36867, 29.65302], [-95.36864, 29.65217], [-95.36859, 29.64994], [-95.36852, 29.64716], [-95.36848, 29.64522], [-95.36849, 29.64506], [-95.3684, 29.64087], [-95.36839, 29.63994], [-95.36835, 29.63922], [-95.36835, 29.63756], [-95.36827, 29.63235], [-95.36827, 29.63114], [-95.36825, 29.62909], [-95.36823, 29.62847], [-95.36834, 29.62759], [-95.36851, 29.62665], [-95.36853, 29.62624], [-95.36848, 29.6251], [-95.36845, 29.62344], [-95.36843, 29.62109], [-95.36834, 29.61978], [-95.36831, 29.61899], [-95.36796, 29.61903], [-95.36796, 29.6198], [-95.36834, 29.61978], [-95.36831, 29.61899], [-95.36816, 29.61789], [-95.36812, 29.61715], [-95.36812, 29.61665], [-95.36968, 29.61666], [-95.37284, 29.61666], [-95.37409, 29.61663], [-95.37488, 29.61645], [-95.37545, 29.61622], [-95.376, 29.61593], [-95.37776, 29.61485], [-95.37817, 29.61461], [-95.37869, 29.61438], [-95.37915, 29.61424], [-95.37958, 29.61416], [-95.38024, 29.6141], [-95.38304, 29.61407], [-95.38626, 29.61402], [-95.38671, 29.61411], [-95.38761, 29.61411], [-95.39079, 29.61406], [-95.39273, 29.61404], [-95.39648, 29.61399], [-95.39814, 29.61398], [-95.4003, 29.61393], [-95.40103, 29.61395], [-95.40208, 29.61393], [-95.40619, 29.61389], [-95.40895, 29.61387], [-95.41131, 29.61382], [-95.41764, 29.61376], [-95.41925, 29.61371], [-95.42374, 29.61367], [-95.42531, 29.61364], [-95.42712, 29.61362], [-95.431, 29.61359], [-95.43221, 29.61357], [-95.43222, 29.61394], [-95.43211, 29.61398], [-95.43156, 29.614], [-95.43153, 29.61373], [-95.43183, 29.61372]]}, "properties": {"route_id": "054", "route_short_name": "054", "route_long_name": "Scott", "route_type": 3, "route_color": "#004080", "kind": "route"}}, {"type": "Feature", "geometry": {"type": "LineString", "coordinates": [[-95.41036, 29.94861], [-95.41018, 29.94841], [-95.40984, 29.94822], [-95.40903, 29.94739], [-95.40834, 29.94651], [-95.4081, 29.94611], [-95.4078, 29.94541], [-95.40768, 29.945], [-95.40757, 29.94425], [-95.40752, 29.94323], [-95.40545, 29.94325], [-95.40508, 29.94328], [-95.40458, 29.94337], [-95.40384, 29.9436], [-95.40422, 29.94444], [-95.40439, 29.94502], [-95.40453, 29.94592], [-95.40481, 29.94658], [-95.40529, 29.94723], [-95.40593, 29.94775], [-95.40675, 29.94832], [-95.40719, 29.94876], [-95.40751, 29.94939], [-95.4076, 29.94989], [-95.4076, 29.95041], [-95.40591, 29.95044], [-95.40169, 29.95049], [-95.39953, 29.95052], [-95.39944, 29.95023], [-95.39914, 29.94961], [-95.39877, 29.94905], [-95.39812, 29.9483], [-95.39714, 29.94726], [-95.39684, 29.94686], [-95.39656, 29.9464], [-95.39635, 29.94588], [-95.39618, 29.94531], [-95.39598, 29.94451], [-95.39592, 29.94409], [-95.39594, 29.94343], [-95.39604, 29.94296], [-95.3966, 29.9412], [-95.39691, 29.94035], [-95.39719, 29.93943], [-95.39738, 29.93892], [-95.39779, 29.93738], [-95.39817, 29.93616], [-95.39843, 29.93565], [-95.39886, 29.93519], [-95.39929, 29.93491], [-95.39951, 29.93481], [-95.4005, 29.93454], [-95.40097, 29.93434], [-95.40139, 29.93407], [-95.4019, 29.9335], [-95.40213, 29.93301], [-95.40221, 29.93245], [-95.4022, 29.93176], [-95.40246, 29.93175], [-95.40528, 29.93174], [-95.40621, 29.93173], [-95.40866, 29.93166], [-95.40974, 29.93166], [-95.40977, 29.93155], [-95.40979, 29.93018], [-95.40992, 29.92931], [-95.40991, 29.92872], [-95.40983, 29.92825], [-95.40919, 29.92636], [-95.40889, 29.92553], [-95.40862, 29.92491], [-95.40807, 29.9234], [-95.40774, 29.92253], [-95.40736, 29.92132], [-95.40722, 29.92096], [-95.40592, 29.91738], [-95.40576, 29.91691], [-95.40525, 29.91553], [-95.40509, 29.91488], [-95.40482, 29.91415], [-95.40467, 29.91406], [-95.40363, 29.9112], [-95.40335, 29.91039], [-95.40216, 29.90706], [-95.40186, 29.90629], [-95.40121, 29.90451], [-95.40072, 29.90313], [-95.40053, 29.90256], [-95.40008, 29.90137], [-95.39929, 29.89911], [-95.399, 29.89833], [-95.39793, 29.8953], [-95.3974, 29.89383], [-95.39717, 29.89323], [-95.39679, 29.89253], [-95.39574, 29.89082], [-95.39489, 29.88941], [-95.39491, 29.88931], [-95.3946, 29.88882], [-95.39384, 29.8875], [-95.39337, 29.88676], [-95.39226, 29.88489], [-95.39212, 29.88479], [-95.39167, 29.88408], [-95.39066, 29.8824], [-95.38981, 29.88101], [-95.38872, 29.87919], [-95.38719, 29.87671], [-95.38653, 29.87559], [-95.38654, 29.87548], [-95.38533, 29.87346], [-95.38516, 29.87312], [-95.38501, 29.87264], [-95.38495, 29.87141], [-95.38492, 29.87013], [-95.38485, 29.87007], [-95.38483, 29.8683], [-95.38478, 29.86661], [-95.38477, 29.86473], [-95.38475, 29.86361], [-95.38469, 29.8615], [-95.38465, 29.8595], [-95.38462, 29.8564], [-95.38456, 29.85329], [-95.38454, 29.85091], [-95.38451, 29.85006], [-95.38449, 29.8484], [-95.38446, 29.84729], [-95.38446, 29.84619], [-95.38444, 29.84547], [-95.38448, 29.84521], [-95.38448, 29.84441], [-95.38444, 29.84213], [-95.38443, 29.84076], [-95.38441, 29.83997], [-95.3844, 29.83823], [-95.38441, 29.83724], [-95.37984, 29.8373], [-95.3776, 29.83732], [-95.37705, 29.83737], [-95.37634, 29.83756], [-95.37602, 29.83756], [-95.37569, 29.83762], [-95.37577, 29.83731], [-95.37582, 29.83599], [-95.37593, 29.83401], [-95.37607, 29.83317], [-95.37615, 29.83201], [-95.37615, 29.83109], [-95.37629, 29.82839], [-95.37757, 29.82839], [-95.37847, 29.82849], [-95.37946, 29.82863], [-95.38039, 29.82873], [-95.38112, 29.82872], [-95.38236, 29.82872], [-95.38276, 29.8287], [-95.38432, 29.82868], [-95.38418, 29.82745], [-95.384, 29.8257], [-95.38355, 29.82179], [-95.38327, 29.81901], [-95.38307, 29.81757], [-95.38303, 29.8171], [-95.3828, 29.8151], [-95.38269, 29.81443], [-95.38256, 29.8141], [-95.38229, 29.81258], [-95.38205, 29.81148], [-95.382, 29.80946], [-95.38199, 29.80806], [-95.38196, 29.80592], [-95.38193, 29.80465], [-95.38195, 29.8039], [-95.38322, 29.8039], [-95.38405, 29.80399], [-95.38507, 29.80403], [-95.38772, 29.80401], [-95.38807, 29.80405], [-95.38804, 29.80309], [-95.38803, 29.80185], [-95.38795, 29.79735], [-95.38795, 29.79672], [-95.38784, 29.79174], [-95.38784, 29.79048], [-95.38777, 29.78733], [-95.38775, 29.78592], [-95.38766, 29.78149], [-95.38723, 29.78044], [-95.38713, 29.78012], [-95.38704, 29.77945], [-95.38715, 29.77866], [-95.38741, 29.77803], [-95.38846, 29.77689], [-95.3898, 29.7756], [-95.39008, 29.7753], [-95.39049, 29.77464], [-95.3907, 29.77402], [-95.39076, 29.77353], [-95.39071, 29.77277], [-95.39072, 29.77202], [-95.39078, 29.77156], [-95.39108, 29.77076], [-95.39189, 29.76896], [-95.39217, 29.76824], [-95.39232, 29.76767], [-95.39238, 29.7672], [-95.3924, 29.76629], [-95.3924, 29.7647], [-95.39248, 29.76392], [-95.39253, 29.76318], [-95.39249, 29.7617], [-95.39243, 29.76136], [-95.39238, 29.75863], [-95.39234, 29.75808], [-95.39225, 29.75746], [-95.3923, 29.75722], [-95.39227, 29.75579], [-95.39222, 29.75434], [-95.39225, 29.75334], [-95.3922, 29.75162], [-95.39218, 29.75028], [-95.39212, 29.74896], [-95.39211, 29.74834], [-95.39206, 29.74687], [-95.39192, 29.7463], [-95.39149, 29.74532], [-95.39128, 29.74466], [-95.39124, 29.74271], [-95.39127, 29.74149], [-95.39125, 29.73955], [-95.39122, 29.73877], [-95.39119, 29.73701], [-95.39115, 29.73613], [-95.39114, 29.7353], [-95.39116, 29.73456], [-95.39115, 29.73415], [-95.39106, 29.73226], [-95.39109, 29.73172], [-95.39109, 29.72998], [-95.39107, 29.72934], [-95.39105, 29.72782], [-95.39104, 29.72615], [-95.39101, 29.7248], [-95.39109, 29.72429], [-95.39124, 29.72412], [-95.39128, 29.72378], [-95.3917, 29.7231], [-95.3933, 29.72117], [-95.39433, 29.71987], [-95.3954, 29.7185], [-95.39704, 29.71642], [-95.39875, 29.71422], [-95.40072, 29.71173], [-95.40121, 29.71112], [-95.40307, 29.70873], [-95.40362, 29.70811], [-95.4052, 29.70614], [-95.40631, 29.7048], [-95.40666, 29.70423], [-95.40578, 29.70376], [-95.40529, 29.70356], [-95.40465, 29.70344], [-95.40451, 29.70384], [-95.4043, 29.70386], [-95.40401, 29.70375], [-95.40381, 29.7038], [-95.40392, 29.70427]]}, "properties": {"route_id": "056", "route_short_name": "056", "route_long_name": "Airline / Montrose", "route_type": 3, "route_color": "#004080", "kind": "route"}}, {"type": "Feature", "geometry": {"type": "LineString", "coordinates": [[-95.50725, 29.62186], [-95.50726, 29.62229], [-95.50776, 29.62229], [-95.50754, 29.62312], [-95.50735, 29.62422], [-95.50726, 29.62535], [-95.50726, 29.62679], [-95.50729, 29.62891], [-95.50735, 29.62971], [-95.50747, 29.63064], [-95.50756, 29.63099], [-95.508, 29.63235], [-95.50812, 29.63325], [-95.50817, 29.63706], [-95.50817, 29.63816], [-95.50821, 29.64039], [-95.50821, 29.64215], [-95.50825, 29.64417], [-95.50825, 29.64487], [-95.50828, 29.64609], [-95.5083, 29.64749], [-95.50831, 29.65053], [-95.50833, 29.6521], [-95.50831, 29.653], [-95.50835, 29.65387], [-95.50837, 29.65573], [-95.50836, 29.65661], [-95.50839, 29.65756], [-95.50839, 29.65931], [-95.50841, 29.66021], [-95.5084, 29.66165], [-95.50844, 29.6646], [-95.50843, 29.66515], [-95.50844, 29.66655], [-95.50849, 29.67001], [-95.50851, 29.67068], [-95.50853, 29.67375], [-95.50856, 29.67489], [-95.50856, 29.67621], [-95.50859, 29.67818], [-95.50858, 29.67872], [-95.50864, 29.68144], [-95.50864, 29.68257], [-95.50866, 29.68338], [-95.50865, 29.68447], [-95.5087, 29.68566], [-95.50871, 29.68686], [-95.50874, 29.68789], [-95.50892, 29.68904], [-95.50906, 29.68956], [-95.50933, 29.69038], [-95.50987, 29.69194], [-95.51016, 29.69265], [-95.51051, 29.69334], [-95.51087, 29.69393], [-95.5115, 29.69478], [-95.51229, 29.69562], [-95.51599, 29.69885], [-95.51762, 29.70023], [-95.51833, 29.7009], [-95.51854, 29.70105], [-95.52006, 29.70234], [-95.52052, 29.70289], [-95.52076, 29.70328], [-95.52107, 29.70401], [-95.52119, 29.70464], [-95.52122, 29.70525], [-95.52122, 29.7059], [-95.52126, 29.70796], [-95.52126, 29.70938], [-95.52129, 29.71066], [-95.52128, 29.71129], [-95.52123, 29.71176], [-95.52106, 29.71245], [-95.52078, 29.71314], [-95.52043, 29.71376], [-95.52028, 29.7141], [-95.52008, 29.71468], [-95.51997, 29.71518], [-95.51991, 29.71581], [-95.51993, 29.71706], [-95.51992, 29.71774], [-95.51995, 29.71976], [-95.52002, 29.72053], [-95.52037, 29.72191], [-95.52043, 29.7224], [-95.52051, 29.72537], [-95.52053, 29.72572], [-95.52053, 29.72684], [-95.52056, 29.72782], [-95.52053, 29.72853], [-95.52044, 29.72915], [-95.52043, 29.73021], [-95.52047, 29.7326], [-95.5205, 29.73371], [-95.52059, 29.73444], [-95.52095, 29.73565], [-95.52102, 29.73603], [-95.52112, 29.73746], [-95.52114, 29.73808], [-95.52125, 29.73968], [-95.52135, 29.74029], [-95.52137, 29.74091], [-95.51836, 29.74101], [-95.51799, 29.74105], [-95.51732, 29.74126], [-95.5167, 29.74152], [-95.51607, 29.74166], [-95.51361, 29.7417], [-95.5133, 29.74157], [-95.51264, 29.74138], [-95.51171, 29.74104], [-95.51128, 29.74067], [-95.51089, 29.74027], [-95.51051, 29.73967], [-95.51033, 29.73925], [-95.51023, 29.73889], [-95.5102, 29.73853], [-95.5102, 29.7379]]}, "properties": {"route_id": "063", "route_short_name": "063", "route_long_name": "Fondren", "route_type": 3, "route_color": "#004080", "kind": "route"}}, {"type": "Feature", "geometry": {"type": "LineString", "coordinates": [[-95.38303, 29.73335], [-95.38308, 29.73322], [-95.38323, 29.73259], [-95.38338, 29.73235], [-95.38341, 29.73203], [-95.38362, 29.73176], [-95.38445, 29.7323], [-95.38514, 29.73137], [-95.38561, 29.73081], [-95.38608, 29.73017], [-95.38747, 29.72842], [-95.38794, 29.72789], [-95.38848, 29.72723], [-95.38959, 29.72579], [-95.38991, 29.72599], [-95.3904, 29.72611], [-95.39104, 29.72615], [-95.39423, 29.72611], [-95.39459, 29.72606], [-95.39512, 29.7258], [-95.39542, 29.72577], [-95.39625, 29.72577], [-95.39777, 29.72573], [-95.3989, 29.72573], [-95.39951, 29.7257], [-95.40015, 29.7257], [-95.40344, 29.72566], [-95.40437, 29.72568], [-95.40518, 29.72562], [-95.40692, 29.72562], [-95.40792, 29.72557], [-95.41279, 29.72557], [-95.41447, 29.72552], [-95.41675, 29.72548], [-95.41796, 29.72544], [-95.41901, 29.72544], [-95.41917, 29.72549], [-95.42104, 29.72552], [-95.42481, 29.72544], [-95.42712, 29.72541], [-95.42776, 29.72541], [-95.42947, 29.72538], [-95.43234, 29.72534], [-95.4334, 29.72528], [-95.43378, 29.72511], [-95.43619, 29.72386], [-95.43841, 29.72277], [-95.44116, 29.72132], [-95.4413, 29.72118], [-95.44232, 29.72066], [-95.4436, 29.72003], [-95.44513, 29.71924], [-95.44586, 29.71888], [-95.44796, 29.71778], [-95.4496, 29.71697], [-95.45177, 29.71585], [-95.45343, 29.71502], [-95.45752, 29.71292], [-95.45933, 29.71204], [-95.46056, 29.71135], [-95.46144, 29.71094], [-95.46188, 29.71071], [-95.46342, 29.70995], [-95.46468, 29.70931], [-95.46557, 29.70884], [-95.46728, 29.70797], [-95.46801, 29.70762], [-95.468, 29.70615], [-95.46793, 29.70593], [-95.4681, 29.70593], [-95.46841, 29.70583], [-95.4685, 29.70565], [-95.46908, 29.70563], [-95.46927, 29.70569], [-95.46953, 29.70581], [-95.4696, 29.7058], [-95.46989, 29.70577], [-95.47035, 29.70576], [-95.47168, 29.70575], [-95.47199, 29.70557], [-95.47415, 29.70448], [-95.47438, 29.70441], [-95.47598, 29.7036], [-95.47632, 29.70341], [-95.48001, 29.70154], [-95.48214, 29.70047], [-95.4845, 29.69925], [-95.48464, 29.69919], [-95.48708, 29.69793], [-95.48973, 29.69658], [-95.49221, 29.69529], [-95.4931, 29.69484], [-95.49488, 29.69394], [-95.49688, 29.69291], [-95.50155, 29.69053], [-95.50304, 29.68978], [-95.50418, 29.68919], [-95.50539, 29.68858], [-95.50871, 29.68686], [-95.51012, 29.68616], [-95.51346, 29.68446], [-95.51498, 29.68367], [-95.51516, 29.68353], [-95.51757, 29.68232], [-95.51846, 29.6819], [-95.51881, 29.68177], [-95.51969, 29.68133], [-95.52123, 29.68053], [-95.52172, 29.68029], [-95.52592, 29.67819], [-95.52734, 29.67747], [-95.52832, 29.67703], [-95.52892, 29.67675], [-95.52983, 29.67653], [-95.53058, 29.67647], [-95.53676, 29.67628], [-95.53744, 29.67624], [-95.53832, 29.67615], [-95.53958, 29.6761], [-95.54133, 29.67601], [-95.5419, 29.67595], [-95.54243, 29.67593], [-95.5439, 29.67583], [-95.546, 29.6757], [-95.54712, 29.67561], [-95.54837, 29.67553], [-95.55067, 29.67535], [-95.55197, 29.67527], [-95.55413, 29.67512], [-95.55504, 29.67504], [-95.55689, 29.67494], [-95.55852, 29.67482], [-95.56061, 29.6747], [-95.56217, 29.67458], [-95.56486, 29.6744], [-95.56514, 29.6744], [-95.56792, 29.67422], [-95.56907, 29.67421], [-95.57013, 29.67428], [-95.57214, 29.67439], [-95.57377, 29.6745], [-95.57851, 29.67478], [-95.57934, 29.67481], [-95.58125, 29.67492], [-95.58256, 29.67503], [-95.58371, 29.67511], [-95.58655, 29.67528], [-95.58819, 29.67537], [-95.58913, 29.6754], [-95.59043, 29.67548], [-95.5915, 29.6756], [-95.594, 29.67576], [-95.5945, 29.67583], [-95.59513, 29.67598], [-95.59951, 29.67722], [-95.59969, 29.67728], [-95.60256, 29.67809], [-95.60299, 29.6782], [-95.60676, 29.67929], [-95.60773, 29.67956], [-95.61123, 29.68058], [-95.6122, 29.68084], [-95.61272, 29.68095], [-95.61345, 29.68107], [-95.61429, 29.68115], [-95.61429, 29.68437], [-95.61431, 29.68522], [-95.61426, 29.68609], [-95.61432, 29.68847], [-95.61367, 29.68847], [-95.61294, 29.68855], [-95.61205, 29.68871], [-95.61117, 29.68879], [-95.61068, 29.68879], [-95.61065, 29.68708], [-95.61063, 29.68541]]}, "properties": {"route_id": "065", "route_short_name": "065", "route_long_name": "Bissonnet", "route_type": 3, "route_color": "#004080", "kind": "route"}}, {"type": "Feature", "geometry": {"type": "LineString", "coordinates": [[-95.40252, 29.67367], [-95.40264, 29.67354], [-95.40254, 29.67345], [-95.40234, 29.6736], [-95.40165, 29.67384], [-95.40155, 29.67342], [-95.40085, 29.67346], [-95.40011, 29.67338], [-95.3994, 29.67318], [-95.39893, 29.67298], [-95.3985, 29.67274], [-95.39795, 29.67234], [-95.39767, 29.67209], [-95.39726, 29.67164], [-95.397, 29.67129], [-95.39667, 29.67092], [-95.39629, 29.67043], [-95.39504, 29.66897], [-95.39475, 29.6687], [-95.39412, 29.66826], [-95.39327, 29.66788], [-95.39257, 29.66771], [-95.39193, 29.66763], [-95.39153, 29.66761], [-95.38685, 29.66769], [-95.38558, 29.6677], [-95.38404, 29.66769], [-95.38241, 29.66775], [-95.38143, 29.66786], [-95.38058, 29.66807], [-95.38006, 29.66824], [-95.37853, 29.66883], [-95.37781, 29.66905], [-95.37698, 29.6692], [-95.37639, 29.66924], [-95.37442, 29.66926], [-95.37075, 29.66933], [-95.36948, 29.66933], [-95.36824, 29.66935], [-95.36771, 29.66935], [-95.35942, 29.66948], [-95.35796, 29.66949], [-95.35749, 29.66947], [-95.35676, 29.66935], [-95.35629, 29.66922], [-95.3552, 29.66885], [-95.35453, 29.66849], [-95.35378, 29.66798], [-95.35347, 29.66782], [-95.35279, 29.66758], [-95.35051, 29.66691], [-95.34978, 29.6668], [-95.3483, 29.66675], [-95.3477, 29.66668], [-95.34607, 29.66623], [-95.34547, 29.66609], [-95.34485, 29.66606], [-95.34269, 29.66611], [-95.3418, 29.66612], [-95.33731, 29.66621], [-95.33214, 29.6663], [-95.3301, 29.66635], [-95.32745, 29.66639], [-95.3252, 29.66644], [-95.32268, 29.66649], [-95.32173, 29.66644], [-95.31981, 29.66597], [-95.31937, 29.66591], [-95.31876, 29.6659], [-95.31793, 29.66602], [-95.3166, 29.66632], [-95.31603, 29.6664], [-95.31521, 29.66658], [-95.31421, 29.66677], [-95.31289, 29.66711], [-95.30957, 29.66788], [-95.30818, 29.66817], [-95.30722, 29.66846], [-95.30611, 29.66891], [-95.30501, 29.66948], [-95.30384, 29.67019], [-95.30308, 29.67073], [-95.30253, 29.67116], [-95.30173, 29.67186], [-95.30129, 29.67217], [-95.30085, 29.6724], [-95.30043, 29.67257], [-95.29984, 29.67274], [-95.29563, 29.67342], [-95.29486, 29.67354], [-95.29401, 29.67364], [-95.29299, 29.67369], [-95.29215, 29.6737], [-95.29149, 29.67367], [-95.29103, 29.67361], [-95.29011, 29.6734], [-95.2884, 29.67285], [-95.28771, 29.67264], [-95.2872, 29.67252], [-95.28594, 29.67233], [-95.28439, 29.67222], [-95.2836, 29.67219], [-95.28265, 29.6722], [-95.28195, 29.67223], [-95.28037, 29.67226], [-95.27954, 29.67229], [-95.27797, 29.67232], [-95.27722, 29.67235], [-95.27718, 29.67122], [-95.27715, 29.6697], [-95.27707, 29.66735], [-95.27701, 29.66533], [-95.27699, 29.6637], [-95.27695, 29.66303], [-95.27688, 29.66067], [-95.27678, 29.6601], [-95.27671, 29.65818], [-95.27685, 29.65791], [-95.27713, 29.65772], [-95.27736, 29.65765], [-95.27911, 29.65762], [-95.27927, 29.65756], [-95.27952, 29.65734], [-95.27959, 29.65704], [-95.27959, 29.65665], [-95.27948, 29.656], [-95.27931, 29.65582], [-95.27908, 29.65572], [-95.27811, 29.65572], [-95.27791, 29.65565], [-95.27757, 29.65536], [-95.27742, 29.65533], [-95.27672, 29.65532], [-95.27578, 29.65535]]}, "properties": {"route_id": "073", "route_short_name": "073", "route_long_name": "Bellfort", "route_type": 3, "route_color": "#004080", "kind": "route"}}, {"type": "Feature", "geometry": {"type": "LineString", "coordinates": [[-95.33678, 29.85152], [-95.3378, 29.85152], [-95.33799, 29.85143], [-95.3383, 29.85118], [-95.34148, 29.85092], [-95.34216, 29.84973], [-95.34237, 29.8494], [-95.34265, 29.84907], [-95.34289, 29.84851], [-95.34299, 29.84809], [-95.34207, 29.84813], [-95.34088, 29.84815], [-95.33918, 29.8482], [-95.33813, 29.84822], [-95.33751, 29.84826], [-95.33602, 29.84862], [-95.33522, 29.84867], [-95.33337, 29.84872], [-95.33181, 29.84869], [-95.33075, 29.8487], [-95.32827, 29.8487], [-95.32773, 29.84869], [-95.32729, 29.84864], [-95.32674, 29.8485], [-95.32592, 29.84821], [-95.32537, 29.84808], [-95.32509, 29.84805], [-95.32314, 29.84807], [-95.32162, 29.84807], [-95.31994, 29.8481], [-95.31917, 29.84813], [-95.31919, 29.84701], [-95.31916, 29.84479], [-95.31912, 29.8438], [-95.31908, 29.84176], [-95.31905, 29.84081], [-95.31901, 29.83888], [-95.31897, 29.83639], [-95.31898, 29.83566], [-95.31896, 29.83402], [-95.31893, 29.83272], [-95.31893, 29.83196], [-95.31888, 29.83119], [-95.31889, 29.82842], [-95.31881, 29.82748], [-95.31873, 29.82715], [-95.31868, 29.82629], [-95.31864, 29.8239], [-95.31864, 29.8219], [-95.3186, 29.82046], [-95.31851, 29.81986], [-95.31833, 29.81922], [-95.31796, 29.81837], [-95.31779, 29.81789], [-95.31764, 29.81726], [-95.31727, 29.81365], [-95.31726, 29.8134], [-95.31573, 29.81342], [-95.31284, 29.81344], [-95.31282, 29.81281], [-95.31245, 29.81282], [-95.31242, 29.81342], [-95.31146, 29.81323], [-95.31136, 29.81347], [-95.3116, 29.81355], [-95.31247, 29.81369], [-95.31287, 29.81371], [-95.31384, 29.81371], [-95.31665, 29.81365], [-95.31727, 29.81365], [-95.31898, 29.81364], [-95.32252, 29.8136], [-95.32301, 29.81359], [-95.32514, 29.81358], [-95.32765, 29.81355], [-95.32822, 29.81428], [-95.32864, 29.81432], [-95.32876, 29.81432], [-95.32873, 29.81327], [-95.32861, 29.81328], [-95.32766, 29.81328], [-95.32576, 29.81331], [-95.32426, 29.81332], [-95.32033, 29.81336], [-95.31954, 29.81338], [-95.31726, 29.8134], [-95.31724, 29.8108], [-95.31721, 29.80948], [-95.31722, 29.80898], [-95.31709, 29.8083], [-95.31706, 29.80748], [-95.31706, 29.80643], [-95.31704, 29.80545], [-95.31703, 29.80348], [-95.31701, 29.80219], [-95.31706, 29.80202], [-95.31707, 29.80142], [-95.31705, 29.79979], [-95.317, 29.79887], [-95.31695, 29.79868], [-95.31689, 29.79532], [-95.31682, 29.79486], [-95.31662, 29.79444], [-95.31625, 29.79384], [-95.31615, 29.7934], [-95.3161, 29.7915], [-95.31598, 29.79064], [-95.31595, 29.79003], [-95.31593, 29.78785], [-95.31589, 29.7855], [-95.31589, 29.78474], [-95.31594, 29.78455], [-95.31601, 29.78377], [-95.31602, 29.78317], [-95.316, 29.78225], [-95.31599, 29.78007], [-95.31596, 29.77834], [-95.31584, 29.77712], [-95.31573, 29.77644], [-95.31563, 29.77535], [-95.31556, 29.77439], [-95.31558, 29.77385], [-95.31551, 29.77161], [-95.31549, 29.77051], [-95.3155, 29.77001], [-95.3155, 29.76604], [-95.31557, 29.76471], [-95.31556, 29.76381], [-95.31568, 29.76342], [-95.31622, 29.76244], [-95.318, 29.7594], [-95.31867, 29.75831], [-95.31919, 29.75752], [-95.3211, 29.75504], [-95.32211, 29.75365], [-95.32262, 29.75301], [-95.32322, 29.7522], [-95.32412, 29.75104], [-95.32473, 29.7502], [-95.32564, 29.74903], [-95.32612, 29.74856], [-95.32669, 29.74794], [-95.32697, 29.74753], [-95.32726, 29.747], [-95.32854, 29.74389], [-95.32868, 29.74357], [-95.32876, 29.74342], [-95.32883, 29.74328], [-95.32904, 29.74296], [-95.3299, 29.74192], [-95.3303, 29.74127], [-95.33148, 29.73844], [-95.33191, 29.73749], [-95.33221, 29.73716], [-95.33266, 29.73689], [-95.33334, 29.73654], [-95.33356, 29.73635], [-95.33384, 29.73594], [-95.33428, 29.73489], [-95.33486, 29.73339], [-95.33595, 29.7307], [-95.336, 29.73023], [-95.33594, 29.72959], [-95.33596, 29.72915], [-95.3351, 29.72889], [-95.33467, 29.72874], [-95.33465, 29.72855], [-95.33504, 29.72777], [-95.33527, 29.72767], [-95.33565, 29.72804], [-95.33519, 29.72864], [-95.33511, 29.7287], [-95.33505, 29.7287], [-95.33465, 29.72855], [-95.33467, 29.72874], [-95.3351, 29.72889], [-95.33596, 29.72915], [-95.33604, 29.7288], [-95.33625, 29.72833], [-95.33681, 29.72765], [-95.33767, 29.72669], [-95.33793, 29.72648], [-95.33821, 29.72633], [-95.33813, 29.72616], [-95.33761, 29.72539], [-95.33737, 29.72483], [-95.3371, 29.72373], [-95.33675, 29.72245], [-95.33611, 29.72024], [-95.33578, 29.71918], [-95.33542, 29.71794], [-95.33577, 29.71771], [-95.33618, 29.71783], [-95.33653, 29.71799], [-95.33722, 29.71845], [-95.33774, 29.71869], [-95.33906, 29.71909], [-95.33931, 29.71852], [-95.3399, 29.71702], [-95.33999, 29.71584], [-95.33999, 29.71572], [-95.34003, 29.71565], [-95.34005, 29.71555], [-95.34002, 29.71539], [-95.33972, 29.71478], [-95.33947, 29.7145], [-95.33867, 29.71374], [-95.33827, 29.71331], [-95.33798, 29.71277], [-95.33769, 29.71181], [-95.33742, 29.71101], [-95.33685, 29.70985], [-95.33682, 29.70909], [-95.33667, 29.70872], [-95.33653, 29.70855], [-95.33601, 29.70817], [-95.33585, 29.70793], [-95.33543, 29.70707], [-95.33492, 29.70608], [-95.33443, 29.70519], [-95.33432, 29.7049], [-95.33436, 29.70423], [-95.33453, 29.70378], [-95.33546, 29.70153], [-95.33592, 29.70029], [-95.33654, 29.69872], [-95.33701, 29.69748], [-95.33822, 29.6944], [-95.33852, 29.69368], [-95.33866, 29.69328], [-95.33946, 29.69135], [-95.33998, 29.68999], [-95.34076, 29.68807], [-95.34111, 29.68718], [-95.3412, 29.68686], [-95.34123, 29.68623], [-95.34077, 29.68491], [-95.33984, 29.68256], [-95.33945, 29.68155], [-95.33913, 29.681], [-95.3389, 29.6807], [-95.33855, 29.68034], [-95.33767, 29.67968], [-95.33735, 29.67941], [-95.33708, 29.67911], [-95.3369, 29.67882], [-95.33675, 29.67842], [-95.33667, 29.67802], [-95.33661, 29.6767], [-95.33656, 29.67498], [-95.33655, 29.67386], [-95.33668, 29.67304], [-95.33683, 29.67253], [-95.33709, 29.67186], [-95.33727, 29.67126], [-95.33735, 29.6708], [-95.33741, 29.67001], [-95.33731, 29.66662], [-95.33731, 29.66621], [-95.33727, 29.66466], [-95.33722, 29.66352], [-95.33716, 29.66315], [-95.33677, 29.6618], [-95.33672, 29.66153], [-95.3365, 29.65308], [-95.3365, 29.65183], [-95.33665, 29.65091], [-95.3368, 29.65043], [-95.33719, 29.64947], [-95.33734, 29.64883], [-95.33741, 29.64799], [-95.33735, 29.64718], [-95.33706, 29.64441], [-95.33712, 29.6433], [-95.33723, 29.64276], [-95.33738, 29.6423], [-95.33547, 29.64228], [-95.33323, 29.6423], [-95.33167, 29.64227], [-95.32893, 29.64223], [-95.32779, 29.64248], [-95.32696, 29.64268], [-95.32398, 29.64323], [-95.32398, 29.63835], [-95.32397, 29.63753], [-95.32559, 29.63753], [-95.32804, 29.63755], [-95.33228, 29.6376], [-95.33273, 29.63758], [-95.33487, 29.63741], [-95.33687, 29.63724], [-95.33712, 29.63726], [-95.33773, 29.6372], [-95.33955, 29.63706], [-95.33956, 29.63581], [-95.33954, 29.63406], [-95.33954, 29.63234], [-95.33951, 29.6295], [-95.33919, 29.62951], [-95.33921, 29.63088]]}, "properties": {"route_id": "080", "route_short_name": "080", "route_long_name": "MLK / Lockwood", "route_type": 3, "route_color": "#004080", "kind": "route"}}, {"type": "Feature", "geometry": {"type": "LineString", "coordinates": [[-95.36383, 29.76408], [-95.36422, 29.76431], [-95.36429, 29.76459], [-95.36425, 29.76488], [-95.36437, 29.7649], [-95.36548, 29.76516], [-95.36632, 29.76533], [-95.36663, 29.76471], [-95.36572, 29.76413], [-95.36478, 29.76357], [-95.36305, 29.76255], [-95.36432, 29.76098], [-95.36524, 29.75977], [-95.36547, 29.75949], [-95.36571, 29.75921], [-95.36666, 29.758], [-95.36778, 29.75653], [-95.3684, 29.75577], [-95.36863, 29.75552], [-95.37021, 29.75356], [-95.37116, 29.75231], [-95.3726, 29.75052], [-95.37315, 29.74979], [-95.37386, 29.74891], [-95.37421, 29.74844], [-95.37613, 29.74605], [-95.37681, 29.74514], [-95.3773, 29.74457], [-95.37878, 29.74267], [-95.38075, 29.74386], [-95.38137, 29.74425], [-95.38194, 29.74453], [-95.3824, 29.74465], [-95.38356, 29.74465], [-95.38466, 29.7446], [-95.38787, 29.74452], [-95.38914, 29.74451], [-95.38994, 29.74467], [-95.39035, 29.74468], [-95.39128, 29.74466], [-95.39227, 29.74463], [-95.3933, 29.74463], [-95.39347, 29.74458], [-95.39459, 29.74399], [-95.3958, 29.74339], [-95.39698, 29.74283], [-95.39758, 29.74279], [-95.39937, 29.74278], [-95.40145, 29.74278], [-95.40374, 29.74275], [-95.40443, 29.74273], [-95.40628, 29.74274], [-95.4083, 29.74278], [-95.40962, 29.74269], [-95.41045, 29.7426], [-95.41295, 29.74256], [-95.4147, 29.74249], [-95.41542, 29.74245], [-95.41742, 29.74238], [-95.41811, 29.74233], [-95.41876, 29.74232], [-95.42028, 29.74224], [-95.4223, 29.74217], [-95.42455, 29.74214], [-95.42648, 29.74213], [-95.42728, 29.7421], [-95.42853, 29.7421], [-95.43041, 29.74206], [-95.43106, 29.74211], [-95.43143, 29.74211], [-95.43208, 29.74206], [-95.4328, 29.74194], [-95.43306, 29.74181], [-95.43379, 29.74165], [-95.43441, 29.74156], [-95.43468, 29.74159], [-95.43527, 29.74158], [-95.43812, 29.74167], [-95.43952, 29.74173], [-95.43986, 29.74167], [-95.44211, 29.74176], [-95.44272, 29.74176], [-95.44438, 29.74173], [-95.4463, 29.74167], [-95.44816, 29.74163], [-95.45063, 29.7415], [-95.4525, 29.74137], [-95.45449, 29.74126], [-95.45651, 29.7411], [-95.45728, 29.74108], [-95.45741, 29.74115], [-95.45773, 29.74117], [-95.45861, 29.74114], [-95.46105, 29.74097], [-95.46201, 29.74088], [-95.46421, 29.74078], [-95.46614, 29.74064], [-95.46659, 29.74059], [-95.46755, 29.74035], [-95.46905, 29.73983], [-95.47065, 29.73925], [-95.47126, 29.73907], [-95.47256, 29.73864], [-95.47348, 29.73829], [-95.47426, 29.73808], [-95.47503, 29.738], [-95.47591, 29.73798], [-95.47636, 29.73799], [-95.47801, 29.73799], [-95.47971, 29.73796], [-95.48057, 29.73796], [-95.48193, 29.73792], [-95.48346, 29.73789], [-95.48599, 29.73789], [-95.48787, 29.73785], [-95.48954, 29.73784], [-95.49049, 29.73781], [-95.49187, 29.73781], [-95.49286, 29.73778], [-95.49511, 29.73777], [-95.4971, 29.73775], [-95.50103, 29.73769], [-95.50193, 29.73765], [-95.50285, 29.73766], [-95.50416, 29.73763], [-95.5056, 29.73762], [-95.50805, 29.73762], [-95.5102, 29.7376], [-95.5117, 29.73756], [-95.51283, 29.73755], [-95.51511, 29.73755], [-95.52112, 29.73746], [-95.52215, 29.73743], [-95.52376, 29.73743], [-95.52757, 29.73739], [-95.52838, 29.73736], [-95.52991, 29.73736], [-95.53072, 29.73734], [-95.53147, 29.73735], [-95.53287, 29.73733], [-95.53544, 29.73731], [-95.53796, 29.73725], [-95.53879, 29.73726], [-95.54001, 29.73726], [-95.54254, 29.73723], [-95.54584, 29.73718], [-95.54896, 29.73712], [-95.55437, 29.73707], [-95.55755, 29.73701], [-95.55995, 29.73701], [-95.56422, 29.73694], [-95.56663, 29.73692], [-95.56925, 29.73687], [-95.57065, 29.73686], [-95.57369, 29.73681], [-95.57486, 29.7368], [-95.5764, 29.73677], [-95.57766, 29.73676], [-95.58017, 29.73672], [-95.58277, 29.73667], [-95.58552, 29.73663], [-95.58805, 29.73661], [-95.59069, 29.73654], [-95.5925, 29.73644], [-95.59303, 29.73644], [-95.59992, 29.73634], [-95.60262, 29.73631], [-95.60344, 29.73629], [-95.60553, 29.73628], [-95.60616, 29.73625], [-95.60711, 29.73625], [-95.60875, 29.73622], [-95.61012, 29.73618], [-95.6115, 29.73616], [-95.61345, 29.73609], [-95.61541, 29.73607], [-95.61666, 29.73603], [-95.61927, 29.73601], [-95.6201, 29.73599], [-95.62172, 29.73598], [-95.62326, 29.73595], [-95.62551, 29.73593], [-95.62677, 29.7359], [-95.63383, 29.73581], [-95.636, 29.73577], [-95.63667, 29.73577], [-95.63894, 29.73574], [-95.63938, 29.73572], [-95.6403, 29.73572], [-95.64118, 29.7357], [-95.64235, 29.7357], [-95.6441, 29.73564], [-95.644, 29.73158], [-95.644, 29.73028], [-95.64398, 29.72919], [-95.64692, 29.72918], [-95.64771, 29.72926], [-95.64847, 29.72942], [-95.64898, 29.72958], [-95.64946, 29.72978], [-95.6501, 29.73011], [-95.65059, 29.73042], [-95.65172, 29.73132], [-95.65322, 29.73248]]}, "properties": {"route_id": "082", "route_short_name": "082", "route_long_name": "Westheimer", "route_type": 3, "route_color": "#004080", "kind": "route"}}, {"type": "Feature", "geometry": {"type": "LineString", "coordinates": [[-95.41036, 29.94861], [-95.41018, 29.94841], [-95.40984, 29.94822], [-95.40903, 29.94739], [-95.40834, 29.94651], [-95.4081, 29.94611], [-95.4078, 29.94541], [-95.40768, 29.945], [-95.40757, 29.94425], [-95.40752, 29.94323], [-95.40545, 29.94325], [-95.40508, 29.94328], [-95.40458, 29.94337], [-95.40384, 29.9436], [-95.40422, 29.94444], [-95.40439, 29.94502], [-95.40453, 29.94592], [-95.40481, 29.94658], [-95.40529, 29.94723], [-95.40593, 29.94775], [-95.40675, 29.94832], [-95.40719, 29.94876], [-95.40751, 29.94939], [-95.4076, 29.94989], [-95.4076, 29.95041], [-95.4076, 29.95055], [-95.40962, 29.95053], [-95.4104, 29.95045], [-95.41119, 29.95029], [-95.41196, 29.95003], [-95.41274, 29.94968], [-95.41331, 29.94946], [-95.41399, 29.9493], [-95.41472, 29.94919], [-95.41523, 29.94914], [-95.41608, 29.94917], [-95.41686, 29.94928], [-95.41739, 29.9493], [-95.41812, 29.94927], [-95.4196, 29.94924], [-95.42027, 29.94919], [-95.42081, 29.9491], [-95.42218, 29.94907], [-95.42476, 29.94903], [-95.42702, 29.94901], [-95.42754, 29.94887], [-95.42846, 29.94878], [-95.42906, 29.94863], [-95.42943, 29.94849], [-95.42988, 29.94824], [-95.43028, 29.94795], [-95.43085, 29.94744], [-95.4316, 29.94681], [-95.43219, 29.94647], [-95.43301, 29.94618], [-95.43336, 29.94612], [-95.4342, 29.94613], [-95.43624, 29.94611], [-95.43702, 29.94609], [-95.43957, 29.94607], [-95.44124, 29.94607], [-95.44379, 29.94604], [-95.44475, 29.94604], [-95.44792, 29.94599], [-95.45112, 29.94596], [-95.45501, 29.94596], [-95.4552, 29.94593], [-95.45772, 29.94592], [-95.45994, 29.9459], [-95.46242, 29.94587], [-95.46637, 29.94587], [-95.46799, 29.948], [-95.46843, 29.94856], [-95.4708, 29.95164], [-95.47316, 29.95475], [-95.47373, 29.95547], [-95.4748, 29.9569], [-95.47536, 29.95762], [-95.47801, 29.96107], [-95.47998, 29.96002], [-95.4804, 29.95976], [-95.48088, 29.95939], [-95.48129, 29.95901], [-95.48187, 29.95837], [-95.4822, 29.95792], [-95.48269, 29.95718], [-95.48308, 29.95643], [-95.48331, 29.95575], [-95.48345, 29.95504], [-95.48348, 29.95448], [-95.48343, 29.95173], [-95.48338, 29.94965], [-95.48333, 29.94845], [-95.48335, 29.94814], [-95.48348, 29.94741], [-95.48373, 29.94644], [-95.48384, 29.94589], [-95.48387, 29.94501], [-95.48379, 29.94414], [-95.48349, 29.94297], [-95.48343, 29.94253], [-95.48341, 29.94202], [-95.48337, 29.93957], [-95.48332, 29.93753], [-95.4833, 29.93618], [-95.4833, 29.93518], [-95.48326, 29.93466], [-95.4831, 29.93387], [-95.48263, 29.93275], [-95.48186, 29.93114], [-95.48166, 29.93059], [-95.48152, 29.93002], [-95.48146, 29.92953], [-95.48144, 29.92868], [-95.48141, 29.92542], [-95.48144, 29.92498], [-95.48162, 29.92407], [-95.4817, 29.92338], [-95.48169, 29.92161], [-95.48165, 29.91906], [-95.48157, 29.91845], [-95.48132, 29.9176], [-95.48111, 29.91714], [-95.48039, 29.91593], [-95.48007, 29.91531], [-95.47988, 29.91474], [-95.47978, 29.91431], [-95.47973, 29.91315], [-95.47973, 29.91262], [-95.47982, 29.91209], [-95.48002, 29.91121], [-95.48023, 29.91041], [-95.48028, 29.90956], [-95.48029, 29.9083], [-95.48039, 29.90719], [-95.48038, 29.90587], [-95.4803, 29.90494], [-95.4803, 29.90405], [-95.48038, 29.90333], [-95.48051, 29.90257], [-95.48056, 29.90179], [-95.48052, 29.89971], [-95.48047, 29.89918], [-95.48025, 29.89806], [-95.48022, 29.89762], [-95.48019, 29.89556], [-95.48018, 29.89406], [-95.48015, 29.89371], [-95.48002, 29.89308], [-95.47977, 29.89234], [-95.47934, 29.89154], [-95.47893, 29.891], [-95.47843, 29.89047], [-95.47786, 29.89001], [-95.47636, 29.88905], [-95.47605, 29.88881], [-95.47533, 29.88815], [-95.47477, 29.88742], [-95.47441, 29.88672], [-95.47414, 29.88591], [-95.47402, 29.88512], [-95.47398, 29.88385], [-95.47395, 29.88103], [-95.47392, 29.87961], [-95.47389, 29.87875], [-95.47388, 29.87716], [-95.47386, 29.87651], [-95.47389, 29.87613], [-95.47408, 29.87504], [-95.4741, 29.87462], [-95.47406, 29.87382], [-95.47344, 29.87028], [-95.47325, 29.86903], [-95.47309, 29.86824], [-95.4729, 29.86692], [-95.47291, 29.8663], [-95.47303, 29.86562], [-95.47339, 29.86441], [-95.47352, 29.86356], [-95.47351, 29.86208], [-95.47346, 29.85957], [-95.47344, 29.85766], [-95.47342, 29.85722], [-95.47343, 29.85589], [-95.4734, 29.85469], [-95.47339, 29.85311], [-95.47343, 29.85211], [-95.47343, 29.84999], [-95.4734, 29.8488], [-95.47336, 29.84734], [-95.47336, 29.84636], [-95.47332, 29.84432], [-95.47331, 29.84329], [-95.47327, 29.84238], [-95.47325, 29.8405], [-95.47325, 29.83886], [-95.47323, 29.8374], [-95.4732, 29.83681], [-95.47311, 29.83603], [-95.47303, 29.83127], [-95.47299, 29.8273], [-95.47297, 29.82648], [-95.47297, 29.8254], [-95.47307, 29.82462], [-95.47366, 29.82306], [-95.4738, 29.82257], [-95.47389, 29.82193], [-95.4739, 29.82118], [-95.47383, 29.8199], [-95.47381, 29.81928], [-95.47373, 29.81579], [-95.47367, 29.81411], [-95.47374, 29.81342], [-95.47385, 29.81301], [-95.47415, 29.8124], [-95.4745, 29.81194], [-95.47198, 29.81012], [-95.47175, 29.80994], [-95.46936, 29.80822], [-95.46838, 29.80753], [-95.46715, 29.80656], [-95.46671, 29.80624], [-95.4655, 29.80542], [-95.46441, 29.80463], [-95.46341, 29.80389], [-95.4633, 29.80375], [-95.46256, 29.80318], [-95.46118, 29.8022], [-95.46011, 29.80141], [-95.4597, 29.80108], [-95.45646, 29.79872], [-95.45587, 29.79826], [-95.45639, 29.79769], [-95.4568, 29.79729], [-95.45701, 29.79694], [-95.45716, 29.79643], [-95.45711, 29.79446], [-95.45706, 29.79136], [-95.45692, 29.7861], [-95.45688, 29.78593], [-95.45691, 29.78516], [-95.45684, 29.78414], [-95.45682, 29.78385], [-95.45462, 29.7838], [-95.45462, 29.78345], [-95.45474, 29.7834], [-95.45644, 29.78342], [-95.45645, 29.78373], [-95.45558, 29.78373], [-95.45474, 29.7837], [-95.45474, 29.7834], [-95.45476, 29.78317], [-95.4548, 29.78302], [-95.45503, 29.78297], [-95.45566, 29.78297], [-95.45573, 29.78288], [-95.45555, 29.78274], [-95.45486, 29.78261], [-95.45462, 29.78245], [-95.45436, 29.78249], [-95.45429, 29.78268], [-95.45436, 29.7829], [-95.45446, 29.78294], [-95.45447, 29.7838], [-95.45403, 29.7838], [-95.45294, 29.78386], [-95.45144, 29.78384], [-95.44887, 29.78375], [-95.44818, 29.7837], [-95.44713, 29.78357], [-95.44636, 29.78344], [-95.4453, 29.78321], [-95.44443, 29.78298], [-95.44284, 29.7825], [-95.44213, 29.78226], [-95.44133, 29.78202], [-95.43981, 29.78153], [-95.43818, 29.78103], [-95.43763, 29.78084], [-95.43708, 29.7807], [-95.4364, 29.78062], [-95.43506, 29.78057], [-95.4344, 29.78049], [-95.43393, 29.78035], [-95.43333, 29.78012], [-95.43317, 29.78011], [-95.43147, 29.7791], [-95.42981, 29.77808], [-95.42961, 29.77782], [-95.42908, 29.7773], [-95.4287, 29.77681], [-95.42852, 29.77666], [-95.42703, 29.77496], [-95.42602, 29.77382], [-95.4256, 29.77329], [-95.42499, 29.77244], [-95.42422, 29.77158], [-95.42393, 29.77138], [-95.4236, 29.77087], [-95.42345, 29.77087], [-95.42329, 29.77102], [-95.42302, 29.7711], [-95.42246, 29.77106], [-95.4214, 29.77103], [-95.41934, 29.77086], [-95.41701, 29.77063], [-95.41495, 29.77052], [-95.4141, 29.77049], [-95.41343, 29.77043], [-95.41249, 29.77041], [-95.41058, 29.77044], [-95.40993, 29.77044], [-95.40744, 29.7705], [-95.40614, 29.77051], [-95.40536, 29.77042], [-95.4026, 29.77014], [-95.4009, 29.76993], [-95.39875, 29.76972], [-95.39816, 29.76964], [-95.39672, 29.76949], [-95.39623, 29.76942], [-95.39488, 29.76929], [-95.39258, 29.76905], [-95.39189, 29.76896], [-95.39073, 29.76886], [-95.38773, 29.76869], [-95.38692, 29.76862], [-95.38521, 29.76843], [-95.38446, 29.76837], [-95.38275, 29.76833], [-95.38162, 29.76826], [-95.37943, 29.76802], [-95.37772, 29.76786], [-95.37666, 29.76774], [-95.37464, 29.76753], [-95.37357, 29.76743], [-95.37173, 29.7672], [-95.37051, 29.76694], [-95.36932, 29.76623], [-95.36883, 29.76601], [-95.36835, 29.76584], [-95.36744, 29.76558], [-95.36632, 29.76533], [-95.36548, 29.76516], [-95.36437, 29.7649], [-95.36444, 29.764], [-95.36478, 29.76357], [-95.36556, 29.76258], [-95.36639, 29.76155], [-95.36693, 29.76084], [-95.36718, 29.76052], [-95.36728, 29.7604], [-95.36777, 29.75978], [-95.36896, 29.75829], [-95.36955, 29.75752], [-95.36999, 29.75698], [-95.37128, 29.75532], [-95.37154, 29.75501], [-95.37369, 29.75227], [-95.3743, 29.75158], [-95.37372, 29.75125], [-95.3726, 29.75052], [-95.37171, 29.75002], [-95.37109, 29.74963]]}, "properties": {"route_id": "085", "route_short_name": "085", "route_long_name": "Antoine / Washington", "route_type": 3, "route_color": "#004080", "kind": "route"}}, {"type": "Feature", "geometry": {"type": "LineString", "coordinates": [[-95.36838, 29.74909], [-95.36854, 29.74918], [-95.36981, 29.74994], [-95.3699, 29.74999], [-95.3702, 29.75018], [-95.37031, 29.75025], [-95.37114, 29.75074], [-95.37051, 29.7515], [-95.36935, 29.75301], [-95.36841, 29.7542], [-95.36768, 29.7551], [-95.36743, 29.75547], [-95.36661, 29.75645], [-95.36641, 29.75677], [-95.36504, 29.75852], [-95.36482, 29.75879], [-95.36465, 29.75899], [-95.36447, 29.75924], [-95.36359, 29.7603], [-95.36324, 29.76076], [-95.36163, 29.7628], [-95.36109, 29.76346], [-95.36073, 29.76394], [-95.36058, 29.76427], [-95.36053, 29.76454], [-95.36066, 29.76639], [-95.36073, 29.7669], [-95.3612, 29.76744], [-95.36151, 29.76765], [-95.36235, 29.7681], [-95.36358, 29.76866], [-95.36406, 29.76892], [-95.36457, 29.76938], [-95.36506, 29.76999], [-95.36549, 29.77062], [-95.36587, 29.77155], [-95.36643, 29.77244], [-95.36735, 29.7738], [-95.36806, 29.7748], [-95.36883, 29.77605], [-95.36905, 29.7765], [-95.36917, 29.7769], [-95.36925, 29.77742], [-95.36923, 29.7781], [-95.36905, 29.77888], [-95.36858, 29.7802], [-95.36847, 29.78076], [-95.36842, 29.7817], [-95.36846, 29.78277], [-95.36853, 29.78325], [-95.36877, 29.7841], [-95.36903, 29.78468], [-95.36958, 29.78551], [-95.37031, 29.7865], [-95.37091, 29.78735], [-95.37141, 29.78823], [-95.37168, 29.7889], [-95.37176, 29.78925], [-95.37181, 29.78992], [-95.37174, 29.79221], [-95.3717, 29.79405], [-95.37173, 29.7968], [-95.37174, 29.79825], [-95.37179, 29.79989], [-95.37183, 29.80042], [-95.3719, 29.80083], [-95.37249, 29.80383], [-95.37273, 29.80487], [-95.37306, 29.80644], [-95.37326, 29.8077], [-95.37372, 29.80933], [-95.37425, 29.81081], [-95.37521, 29.81318], [-95.37555, 29.81409], [-95.37585, 29.81481], [-95.37648, 29.81639], [-95.37713, 29.81784], [-95.37838, 29.82039], [-95.37918, 29.82204], [-95.37969, 29.82331], [-95.38002, 29.82441], [-95.38074, 29.82767], [-95.38112, 29.82872], [-95.38144, 29.8294], [-95.3818, 29.82996], [-95.38219, 29.83049], [-95.38335, 29.83195], [-95.3842, 29.833], [-95.38598, 29.83525], [-95.38666, 29.83619], [-95.38874, 29.8394], [-95.39045, 29.84203], [-95.39165, 29.84385], [-95.39276, 29.84545], [-95.3967, 29.85102], [-95.39937, 29.85478], [-95.40037, 29.8562], [-95.40144, 29.8577], [-95.40191, 29.85842], [-95.40254, 29.85954], [-95.40348, 29.86143], [-95.40587, 29.86612], [-95.40789, 29.87008], [-95.40848, 29.87117], [-95.40984, 29.87327], [-95.41075, 29.87474], [-95.41106, 29.87522], [-95.41143, 29.87595], [-95.41175, 29.87685], [-95.41195, 29.8779], [-95.41197, 29.87839], [-95.41196, 29.87942], [-95.41193, 29.88071], [-95.41198, 29.88312], [-95.41204, 29.88641], [-95.4121, 29.88928], [-95.41214, 29.89216], [-95.41219, 29.89443], [-95.41222, 29.89625], [-95.41226, 29.89803], [-95.41226, 29.89849], [-95.41232, 29.90182], [-95.4124, 29.9059], [-95.41249, 29.91119], [-95.41255, 29.91388], [-95.41255, 29.91517], [-95.41261, 29.91699], [-95.41252, 29.91914], [-95.41233, 29.91955], [-95.41214, 29.92013], [-95.41209, 29.92087], [-95.41198, 29.92171], [-95.41181, 29.92371], [-95.41172, 29.92529], [-95.41154, 29.92804], [-95.41144, 29.92939], [-95.41123, 29.93053], [-95.41123, 29.93093], [-95.41128, 29.93169], [-95.41125, 29.93315], [-95.4113, 29.9338], [-95.41138, 29.93429], [-95.41156, 29.935], [-95.41222, 29.93791], [-95.41112, 29.93794], [-95.40959, 29.93796], [-95.40892, 29.93802], [-95.40831, 29.93815], [-95.40746, 29.93818], [-95.40749, 29.93995], [-95.40744, 29.94113], [-95.40752, 29.94323], [-95.40757, 29.94425], [-95.40768, 29.945], [-95.4078, 29.94541], [-95.4081, 29.94611], [-95.40834, 29.94651], [-95.40903, 29.94739], [-95.40984, 29.94822], [-95.41034, 29.94873], [-95.41057, 29.949], [-95.41078, 29.94936], [-95.41114, 29.95017], [-95.41062, 29.95027], [-95.40995, 29.95035], [-95.4076, 29.95041], [-95.40591, 29.95044], [-95.40169, 29.95049], [-95.39953, 29.95052], [-95.39944, 29.95023], [-95.39914, 29.94961], [-95.39877, 29.94905], [-95.39812, 29.9483], [-95.39714, 29.94726], [-95.39684, 29.94686], [-95.39656, 29.9464], [-95.39635, 29.94588], [-95.39618, 29.94531], [-95.39598, 29.94451], [-95.39592, 29.94409], [-95.39594, 29.94343], [-95.39604, 29.94296], [-95.3966, 29.9412], [-95.39691, 29.94035], [-95.39719, 29.93943], [-95.39738, 29.93892], [-95.39591, 29.93857], [-95.39527, 29.93845], [-95.39452, 29.93835], [-95.39378, 29.93829], [-95.39287, 29.93835], [-95.39117, 29.93837], [-95.38944, 29.93837], [-95.38724, 29.93865], [-95.38574, 29.93866], [-95.3771, 29.93876], [-95.36189, 29.9389], [-95.35978, 29.93894], [-95.35656, 29.93897], [-95.35286, 29.93897], [-95.34966, 29.93895], [-95.3464, 29.93898], [-95.34142, 29.93904], [-95.33913, 29.93906], [-95.33818, 29.93897], [-95.33692, 29.93893], [-95.33584, 29.93892], [-95.33337, 29.93895], [-95.33276, 29.93905], [-95.3322, 29.93932], [-95.33194, 29.93952], [-95.33175, 29.93975], [-95.33152, 29.94021], [-95.33146, 29.94059], [-95.33144, 29.94262], [-95.33133, 29.94441], [-95.33136, 29.94558], [-95.33138, 29.94795], [-95.3314, 29.94869], [-95.3314, 29.94965], [-95.33142, 29.95076], [-95.33142, 29.95171], [-95.33145, 29.95254], [-95.33145, 29.95386], [-95.33134, 29.9544], [-95.33097, 29.95576], [-95.33089, 29.95636], [-95.33088, 29.95692], [-95.331, 29.95785], [-95.3311, 29.95822], [-95.33129, 29.95869], [-95.33163, 29.95924], [-95.33233, 29.96025], [-95.33319, 29.96164], [-95.33412, 29.96318], [-95.33478, 29.96422], [-95.33538, 29.9652], [-95.33564, 29.96568], [-95.33691, 29.96772], [-95.33954, 29.97205], [-95.34032, 29.97327], [-95.34125, 29.97433], [-95.34199, 29.97557], [-95.34224, 29.97602], [-95.34243, 29.9765], [-95.34252, 29.97683], [-95.3426, 29.97754], [-95.34258, 29.97784], [-95.34246, 29.97851], [-95.3421, 29.97925], [-95.34185, 29.97965], [-95.34137, 29.98005], [-95.33951, 29.98103], [-95.33888, 29.98132], [-95.33854, 29.98141], [-95.33801, 29.98148], [-95.33764, 29.98149], [-95.3367, 29.98145], [-95.33541, 29.98124], [-95.33482, 29.98118], [-95.33363, 29.98118], [-95.33244, 29.98116], [-95.33118, 29.98117], [-95.33055, 29.9812], [-95.32972, 29.98121], [-95.32898, 29.98114], [-95.32793, 29.98109], [-95.32744, 29.98112], [-95.32688, 29.9813], [-95.32647, 29.98156], [-95.32617, 29.98186], [-95.32598, 29.98217], [-95.32584, 29.98271], [-95.32584, 29.983], [-95.32592, 29.98337], [-95.32609, 29.98369], [-95.32692, 29.98472], [-95.32739, 29.98528], [-95.3277, 29.98555], [-95.3284, 29.98606], [-95.32866, 29.98621], [-95.32961, 29.98689], [-95.33003, 29.98715], [-95.3304, 29.98728], [-95.33101, 29.98741], [-95.33143, 29.98743], [-95.33236, 29.98735], [-95.33316, 29.98731], [-95.33552, 29.98735], [-95.33754, 29.98745], [-95.3393, 29.98746], [-95.34061, 29.98744], [-95.34095, 29.98732], [-95.3412, 29.98713], [-95.34127, 29.98693], [-95.34126, 29.98653], [-95.34111, 29.98623], [-95.34079, 29.98611], [-95.34031, 29.98609], [-95.33992, 29.98601], [-95.33922, 29.986], [-95.33866, 29.9861], [-95.33787, 29.9861], [-95.33712, 29.98598], [-95.33609, 29.98598], [-95.33568, 29.986], [-95.3343, 29.98598], [-95.33344, 29.98599], [-95.33223, 29.98598], [-95.33077, 29.986], [-95.32945, 29.98597], [-95.3289, 29.98585], [-95.32855, 29.98573], [-95.32739, 29.98528], [-95.32618, 29.98486], [-95.32568, 29.98478], [-95.32514, 29.98474], [-95.32286, 29.98475], [-95.32141, 29.98474], [-95.31928, 29.98476], [-95.31753, 29.98476], [-95.31318, 29.98477], [-95.31318, 29.98564], [-95.31323, 29.98677], [-95.31652, 29.9868], [-95.32329, 29.9868], [-95.32342, 29.98681]]}, "properties": {"route_id": "102", "route_short_name": "102", "route_long_name": "Bush IAH", "route_type": 3, "route_color": "#004080", "kind": "route"}}, {"type": "Feature", "geometry": {"type": "LineString", "coordinates": [[-95.37559, 29.75125], [-95.37571, 29.75132], [-95.37512, 29.75208], [-95.3743, 29.75158], [-95.37372, 29.75125], [-95.3726, 29.75052], [-95.37171, 29.75002], [-95.37132, 29.74978], [-95.37132, 29.74979], [-95.37089, 29.74951], [-95.37078, 29.74945], [-95.3706, 29.74934], [-95.36993, 29.74896], [-95.3691, 29.74844], [-95.36854, 29.74918], [-95.36793, 29.74995], [-95.36733, 29.75068], [-95.36615, 29.7522], [-95.36497, 29.75369], [-95.36437, 29.75442], [-95.36261, 29.75666], [-95.36244, 29.75686], [-95.362, 29.75742], [-95.36179, 29.75768], [-95.36146, 29.75814], [-95.36082, 29.7589], [-95.35989, 29.76015], [-95.35899, 29.76122], [-95.35841, 29.76194], [-95.35753, 29.76143], [-95.35499, 29.75989], [-95.35428, 29.75949], [-95.35325, 29.75885], [-95.35269, 29.75853], [-95.35153, 29.75783], [-95.35095, 29.75857], [-95.35179, 29.7591], [-95.35267, 29.75963], [-95.35186, 29.76064], [-95.3512, 29.76166], [-95.3508, 29.7624], [-95.35065, 29.76224], [-95.35045, 29.76218], [-95.34945, 29.76147], [-95.34934, 29.76285], [-95.34916, 29.76343], [-95.34903, 29.76372], [-95.34864, 29.76429], [-95.34826, 29.76473], [-95.34757, 29.76537], [-95.34694, 29.76584], [-95.34627, 29.76627], [-95.34572, 29.76659], [-95.34512, 29.76689], [-95.34369, 29.76749], [-95.34236, 29.76793], [-95.3407, 29.76835], [-95.3395, 29.76863], [-95.33906, 29.76876], [-95.33772, 29.76895], [-95.33672, 29.76897], [-95.33598, 29.76907], [-95.33507, 29.76936], [-95.33097, 29.77095], [-95.33012, 29.77127], [-95.32876, 29.77181], [-95.3269, 29.77252], [-95.32581, 29.77296], [-95.32439, 29.77349], [-95.3237, 29.77373], [-95.32304, 29.77391], [-95.3225, 29.77403], [-95.32192, 29.77412], [-95.32121, 29.77418], [-95.32056, 29.7742], [-95.31972, 29.77405], [-95.31795, 29.77385], [-95.31558, 29.77385], [-95.31514, 29.77385], [-95.31515, 29.7745], [-95.31519, 29.77528], [-95.31563, 29.77535], [-95.31556, 29.77439], [-95.31558, 29.77385], [-95.31514, 29.77385], [-95.31473, 29.77385], [-95.31307, 29.77407], [-95.31257, 29.77418], [-95.30935, 29.77418], [-95.30848, 29.77417], [-95.30515, 29.77417], [-95.30281, 29.77416], [-95.30203, 29.77418], [-95.30142, 29.77422], [-95.30031, 29.77442], [-95.29932, 29.7747], [-95.29853, 29.77499], [-95.29611, 29.77599], [-95.29517, 29.77641], [-95.29291, 29.77731], [-95.29232, 29.77749], [-95.29159, 29.77766], [-95.29079, 29.77778], [-95.29033, 29.77782], [-95.28822, 29.77787], [-95.286, 29.77788], [-95.28348, 29.77793], [-95.28282, 29.77793], [-95.28096, 29.77797], [-95.27972, 29.77792], [-95.27913, 29.77788], [-95.27766, 29.7777], [-95.27627, 29.77747], [-95.2754, 29.77735], [-95.27234, 29.77684], [-95.26929, 29.77636], [-95.26632, 29.77588], [-95.26358, 29.77547], [-95.26212, 29.77524], [-95.2612, 29.77507], [-95.25838, 29.77462], [-95.25738, 29.77445], [-95.25318, 29.77378], [-95.25236, 29.77367], [-95.25166, 29.77361], [-95.25096, 29.77347], [-95.24983, 29.77329], [-95.24682, 29.77329], [-95.24517, 29.77331], [-95.24368, 29.77339], [-95.24283, 29.77342], [-95.24077, 29.77343], [-95.24016, 29.77345], [-95.23715, 29.77347], [-95.23656, 29.77344], [-95.23569, 29.77333], [-95.23425, 29.77304], [-95.23181, 29.77249], [-95.23069, 29.7722], [-95.22985, 29.77202], [-95.22904, 29.77189], [-95.22643, 29.77131], [-95.22608, 29.77124], [-95.22452, 29.77088], [-95.22117, 29.77013], [-95.22053, 29.77005], [-95.21954, 29.76999], [-95.21833, 29.77], [-95.21593, 29.77004], [-95.21524, 29.77007], [-95.21405, 29.77018], [-95.2107, 29.77051], [-95.20923, 29.77067], [-95.20702, 29.77086], [-95.20627, 29.77089], [-95.20346, 29.77104], [-95.20312, 29.77104], [-95.20161, 29.77112], [-95.20006, 29.77127], [-95.19918, 29.77128], [-95.19725, 29.77114], [-95.19539, 29.77099], [-95.19439, 29.77089], [-95.19376, 29.7708], [-95.19205, 29.77065], [-95.1914, 29.77062], [-95.18963, 29.77048], [-95.18854, 29.77037], [-95.18755, 29.77032], [-95.18646, 29.77029], [-95.18645, 29.77095], [-95.18647, 29.77217], [-95.1865, 29.77289], [-95.18651, 29.77394], [-95.1866, 29.77713], [-95.18662, 29.77869], [-95.1867, 29.78125], [-95.18676, 29.78358], [-95.1868, 29.7855], [-95.18683, 29.78622], [-95.18687, 29.78814], [-95.18691, 29.78936], [-95.18697, 29.79184], [-95.18778, 29.79194], [-95.1881, 29.7921], [-95.18882, 29.79232], [-95.18953, 29.79262], [-95.18987, 29.79279], [-95.19082, 29.79334], [-95.19145, 29.79361], [-95.19238, 29.79387], [-95.19329, 29.79401], [-95.19415, 29.79403], [-95.19497, 29.79395], [-95.19569, 29.7938], [-95.19634, 29.79359], [-95.19702, 29.7933], [-95.19772, 29.79289], [-95.19828, 29.7925], [-95.19882, 29.79218], [-95.19949, 29.79186], [-95.20039, 29.79157], [-95.20087, 29.79148], [-95.20162, 29.79139], [-95.20228, 29.79136], [-95.20264, 29.79137], [-95.20497, 29.79136], [-95.20586, 29.79125], [-95.20653, 29.79108], [-95.20753, 29.79074], [-95.20945, 29.79029], [-95.21016, 29.79005], [-95.21049, 29.78991], [-95.2114, 29.78942], [-95.21181, 29.78922], [-95.21291, 29.78879], [-95.21358, 29.78845], [-95.21385, 29.78827], [-95.21463, 29.78764], [-95.21503, 29.78736], [-95.21571, 29.78705], [-95.21611, 29.7869], [-95.21655, 29.78679], [-95.21725, 29.7867], [-95.21868, 29.78667], [-95.21868, 29.78465], [-95.21866, 29.78387], [-95.21773, 29.78388], [-95.21762, 29.78397], [-95.21762, 29.78435]]}, "properties": {"route_id": "137", "route_short_name": "137", "route_long_name": "Northshore Express", "route_type": 3, "route_color": "#004080", "kind": "route"}}, {"type": "Feature", "geometry": {"type": "LineString", "coordinates": [[-95.40284, 29.6736], [-95.40294, 29.67429], [-95.40329, 29.6753], [-95.40334, 29.67563], [-95.40331, 29.67734], [-95.40336, 29.67823], [-95.40337, 29.67961], [-95.4033, 29.68074], [-95.40332, 29.68254], [-95.40334, 29.68482], [-95.40337, 29.6854], [-95.40339, 29.68658], [-95.40337, 29.68739], [-95.40348, 29.69024], [-95.40366, 29.69077], [-95.40382, 29.691], [-95.40431, 29.69155], [-95.40456, 29.69192], [-95.40478, 29.69256], [-95.40483, 29.69296], [-95.40478, 29.69505], [-95.40475, 29.69572], [-95.40488, 29.69684], [-95.40504, 29.69745], [-95.40545, 29.6982], [-95.4056, 29.6987], [-95.40558, 29.69915], [-95.40548, 29.69941], [-95.40509, 29.70001], [-95.40457, 29.70054], [-95.40415, 29.70082], [-95.40368, 29.70104], [-95.403, 29.7013], [-95.40276, 29.70145], [-95.40251, 29.70177], [-95.40241, 29.70212], [-95.40244, 29.70234], [-95.4027, 29.70313], [-95.40276, 29.70341], [-95.40284, 29.70377], [-95.40298, 29.70452], [-95.40303, 29.70499], [-95.40303, 29.70645], [-95.40294, 29.70705], [-95.40275, 29.70737], [-95.40116, 29.70939], [-95.39982, 29.71108], [-95.3988, 29.71233], [-95.39767, 29.71379], [-95.39624, 29.71559], [-95.39574, 29.71625], [-95.39532, 29.71688], [-95.39495, 29.71763], [-95.39463, 29.71844], [-95.39442, 29.71883], [-95.3941, 29.71935], [-95.39291, 29.7209], [-95.39204, 29.72196], [-95.39166, 29.72229], [-95.3912, 29.72252], [-95.38995, 29.72284], [-95.38957, 29.72297], [-95.38913, 29.72326], [-95.38881, 29.72353], [-95.38762, 29.72503], [-95.38657, 29.72633], [-95.38379, 29.72985], [-95.38353, 29.73035], [-95.38348, 29.73081], [-95.3836, 29.73157], [-95.3836, 29.73186], [-95.38357, 29.73211], [-95.38306, 29.73392], [-95.38288, 29.73426], [-95.38194, 29.73548], [-95.38013, 29.73777], [-95.37941, 29.73867], [-95.37768, 29.74086], [-95.37675, 29.74203], [-95.37416, 29.74532], [-95.37191, 29.74815], [-95.37159, 29.74857], [-95.37074, 29.74962], [-95.36986, 29.75075], [-95.36893, 29.75192], [-95.36753, 29.75368], [-95.36702, 29.75434], [-95.36441, 29.75762], [-95.36346, 29.75882], [-95.36248, 29.76005], [-95.36168, 29.76108], [-95.35963, 29.76367], [-95.35947, 29.7639], [-95.35917, 29.76445], [-95.35837, 29.7671], [-95.35825, 29.76776], [-95.35817, 29.76805], [-95.35817, 29.76864], [-95.35849, 29.76958], [-95.35878, 29.77066], [-95.35894, 29.77114], [-95.35961, 29.77244], [-95.35985, 29.77285], [-95.3605, 29.77374], [-95.36098, 29.77473], [-95.36293, 29.77882], [-95.36374, 29.78053], [-95.36486, 29.78284], [-95.36492, 29.78307], [-95.36482, 29.78335], [-95.36463, 29.7835], [-95.36188, 29.78451], [-95.36132, 29.78457], [-95.36112, 29.78463], [-95.36091, 29.78482], [-95.36084, 29.785], [-95.36055, 29.78675], [-95.36045, 29.78751], [-95.36041, 29.78817], [-95.36041, 29.79005], [-95.36048, 29.79026], [-95.36161, 29.79214], [-95.36179, 29.79235], [-95.3632, 29.79332], [-95.36482, 29.79459], [-95.36531, 29.795], [-95.36638, 29.79582], [-95.36748, 29.79665], [-95.36776, 29.79695], [-95.36785, 29.79715], [-95.3679, 29.79745], [-95.36789, 29.79874], [-95.36795, 29.79942], [-95.36795, 29.80006], [-95.36792, 29.80217], [-95.36801, 29.80245], [-95.36822, 29.80298], [-95.36839, 29.80343], [-95.3686, 29.80396], [-95.3687, 29.80429], [-95.36885, 29.80508], [-95.3696, 29.80902], [-95.36973, 29.80974], [-95.36975, 29.81051], [-95.36974, 29.81323], [-95.36987, 29.81406], [-95.36999, 29.81449], [-95.37085, 29.81659], [-95.37126, 29.81746], [-95.37155, 29.8178], [-95.37181, 29.81802], [-95.37252, 29.81845], [-95.37284, 29.81861], [-95.3742, 29.81919], [-95.37458, 29.81939], [-95.375, 29.8198], [-95.37523, 29.82026], [-95.37528, 29.82052], [-95.37531, 29.82119], [-95.37537, 29.82152], [-95.37628, 29.82374], [-95.37639, 29.82407], [-95.37648, 29.82456], [-95.37648, 29.8251], [-95.37636, 29.82654], [-95.37631, 29.82702], [-95.37618, 29.82784], [-95.37611, 29.82901], [-95.37614, 29.8297], [-95.37606, 29.83127], [-95.37604, 29.83193], [-95.37601, 29.83247]]}, "properties": {"route_id": "700", "route_short_name": "700", "route_long_name": "METRORAIL RED LINE", "route_type": 0, "route_color": "#EF0000", "kind": "route"}}, {"type": "Feature", "geometry": {"type": "LineString", "coordinates": [[-95.37026, 29.76331], [-95.36953, 29.7626], [-95.36904, 29.76205], [-95.36866, 29.76154], [-95.36827, 29.76116], [-95.36769, 29.76078], [-95.36696, 29.76033], [-95.36547, 29.75943], [-95.36461, 29.75891], [-95.36378, 29.75842], [-95.36361, 29.75831], [-95.36294, 29.75791], [-95.36211, 29.75741], [-95.36153, 29.75705], [-95.3608, 29.75659], [-95.35917, 29.75563], [-95.35676, 29.75418], [-95.35635, 29.75406], [-95.35599, 29.7541], [-95.35558, 29.75437], [-95.3552, 29.75485], [-95.35487, 29.75508], [-95.3546, 29.7551], [-95.35445, 29.75503], [-95.35308, 29.7542], [-95.35225, 29.75372], [-95.35182, 29.75346], [-95.35094, 29.75293], [-95.35058, 29.75281], [-95.35017, 29.75277], [-95.3489, 29.75293], [-95.34862, 29.75295], [-95.34798, 29.75291], [-95.34756, 29.75283], [-95.34705, 29.75265], [-95.34657, 29.7524], [-95.34628, 29.7522], [-95.34592, 29.75187], [-95.34541, 29.75122], [-95.34512, 29.75093], [-95.34406, 29.75003], [-95.34341, 29.74956], [-95.34186, 29.74862], [-95.34089, 29.74802], [-95.34012, 29.74756], [-95.33879, 29.74673], [-95.33827, 29.74647], [-95.33739, 29.74617], [-95.33672, 29.74592], [-95.33521, 29.74523], [-95.33484, 29.74508], [-95.33272, 29.74431], [-95.33206, 29.74411], [-95.33118, 29.74393], [-95.32964, 29.74366], [-95.3284, 29.74343], [-95.32806, 29.74338], [-95.3273, 29.74329], [-95.32665, 29.7432], [-95.32606, 29.74304], [-95.32499, 29.74269], [-95.32347, 29.74225], [-95.32151, 29.74158], [-95.32014, 29.74116], [-95.31727, 29.74028], [-95.31643, 29.74007], [-95.31594, 29.73989], [-95.31328, 29.73906], [-95.30931, 29.73787], [-95.3077, 29.73737], [-95.306, 29.73685], [-95.3045, 29.73643], [-95.3038, 29.73616], [-95.3029, 29.73588]]}, "properties": {"route_id": "800", "route_short_name": "800", "route_long_name": "METRORAIL GREEN LINE", "route_type": 0, "route_color": "#3E7E00", "kind": "route"}}, {"type": "Feature", "geometry": {"type": "LineString", "coordinates": [[-95.37026, 29.76331], [-95.36953, 29.7626], [-95.36904, 29.76205], [-95.36866, 29.76154], [-95.36827, 29.76116], [-95.36769, 29.76078], [-95.36696, 29.76033], [-95.36547, 29.75943], [-95.36461, 29.75891], [-95.36378, 29.75842], [-95.36361, 29.75831], [-95.36294, 29.75791], [-95.36211, 29.75741], [-95.36153, 29.75705], [-95.3608, 29.75659], [-95.35917, 29.75563], [-95.35676, 29.75418], [-95.35635, 29.75406], [-95.35599, 29.7541], [-95.35558, 29.75437], [-95.3552, 29.75485], [-95.35487, 29.75508], [-95.3546, 29.7551], [-95.35445, 29.75503], [-95.35308, 29.7542], [-95.35225, 29.75372], [-95.35182, 29.75346], [-95.35094, 29.75293], [-95.35018, 29.75246], [-95.34978, 29.75224], [-95.34822, 29.75129], [-95.34793, 29.75107], [-95.34738, 29.75043], [-95.34717, 29.74996], [-95.34676, 29.74885], [-95.34666, 29.74845], [-95.34637, 29.74659], [-95.34632, 29.74623], [-95.34637, 29.74569], [-95.34648, 29.74535], [-95.34679, 29.74471], [-95.34686, 29.74443], [-95.34684, 29.74414], [-95.34673, 29.7439], [-95.34638, 29.74354], [-95.34565, 29.7431], [-95.34536, 29.74287], [-95.34518, 29.7426], [-95.34508, 29.74214], [-95.34522, 29.74096], [-95.34536, 29.7404], [-95.34567, 29.73959], [-95.34628, 29.73808], [-95.34705, 29.73633], [-95.34758, 29.73497], [-95.34892, 29.73162], [-95.34941, 29.7303], [-95.34972, 29.72969], [-95.34987, 29.72914], [-95.3499, 29.72782], [-95.34994, 29.72721], [-95.34993, 29.72654], [-95.34998, 29.72607], [-95.35009, 29.72557], [-95.35015, 29.72539], [-95.3503, 29.72495], [-95.35041, 29.72462], [-95.35069, 29.72371], [-95.35135, 29.72212], [-95.35201, 29.72046], [-95.35213, 29.72007], [-95.35198, 29.71975], [-95.35168, 29.71955], [-95.34773, 29.71835], [-95.34731, 29.71817], [-95.34653, 29.71777], [-95.34619, 29.71763], [-95.34483, 29.71722], [-95.34078, 29.716], [-95.34037, 29.71586], [-95.34025, 29.71579], [-95.34017, 29.71574], [-95.34006, 29.71562], [-95.33995, 29.71545], [-95.33969, 29.71488], [-95.33955, 29.71471], [-95.3386, 29.7138], [-95.33822, 29.7134], [-95.33791, 29.71288], [-95.33737, 29.71121], [-95.33709, 29.71054], [-95.33651, 29.7094], [-95.33547, 29.70734], [-95.3347, 29.70591], [-95.33432, 29.70515], [-95.33424, 29.70483], [-95.33421, 29.70451], [-95.33428, 29.70419], [-95.33459, 29.70338], [-95.3364, 29.69885], [-95.33644, 29.69842], [-95.33637, 29.69816], [-95.33616, 29.69783], [-95.33571, 29.69753], [-95.33529, 29.69739], [-95.33361, 29.69687], [-95.33291, 29.69668], [-95.3323, 29.69649]]}, "properties": {"route_id": "900", "route_short_name": "900", "route_long_name": "METRORAIL PURPLE LINE", "route_type": 0, "route_color": "#40007E", "kind": "route"}}]}