{"type": "FeatureCollection", "bbox": [-95.96, 29.5, -94.91, 30.17], "features": [{"type": "Feature", "geometry": {"type": "Polygon", "coordinates": [[[-95.50659, 29.811], [-95.50652, 29.80308], [-95.50089, 29.80302], [-95.50086, 29.81091], [-95.50659, 29.811]]]}, "properties": {"GEOID": "48201521201", "under5_pop": 162, "licensed_capacity": 0, "children_per_slot": null, "childcare_desert": 1, "pct_zero_car": 0.1336}}, {"type": "Feature", "geometry": {"type": "Polygon", "coordinates": [[[-95.41061, 29.73098], [-95.41053, 29.72558], [-95.39944, 29.72573], [-95.39945, 29.72788], [-95.39512, 29.72801], [-95.39463, 29.72852], [-95.39104, 29.72856], [-95.39109, 29.73201], [-95.39949, 29.73139], [-95.40735, 29.73105], [-95.41061, 29.73098]]]}, "properties": {"GEOID": "48201411901", "under5_pop": 91, "licensed_capacity": 54, "children_per_slot": 1.69, "childcare_desert": 0, "pct_zero_car": 0.0}}, {"type": "Feature", "geometry": {"type": "Polygon", "coordinates": [[[-95.18678, 30.05891], [-95.18635, 30.05623], [-95.18517, 30.05308], [-95.1848, 30.0513], [-95.18421, 30.05002], [-95.18227, 30.05073], [-95.17976, 30.05095], [-95.17777, 30.0507], [-95.17483, 30.05106], [-95.17067, 30.05289], [-95.168, 30.05355], [-95.16419, 30.05355], [-95.1622, 30.05385], [-95.16091, 30.05432], [-95.1595, 30.05527], [-95.15816, 30.05733], [-95.15727, 30.06064], [-95.15561, 30.06269], [-95.15765, 30.06417], [-95.15869, 30.06315], [-95.16112, 30.06274], [-95.1625, 30.06222], [-95.16513, 30.06183], [-95.16688, 30.06186], [-95.16671, 30.0604], [-95.1708, 30.06066], [-95.1721, 30.06015], [-95.17451, 30.06203], [-95.17625, 30.06124], [-95.1794, 30.06048], [-95.1818, 30.05914], [-95.18344, 30.05865], [-95.18678, 30.05891]]]}, "properties": {"GEOID": "48201251505", "under5_pop": 104, "licensed_capacity": 0, "children_per_slot": null, "childcare_desert": 1, "pct_zero_car": 0.0319}}, {"type": "Feature", "geometry": {"type": "Polygon", "coordinates": [[[-95.71983, 29.82427], [-95.71982, 29.82191], [-95.72004, 29.81996], [-95.72004, 29.81784], [-95.72045, 29.81491], [-95.70695, 29.81506], [-95.70364, 29.81505], [-95.7034, 29.81568], [-95.70346, 29.82197], [-95.70574, 29.82198], [-95.70769, 29.82238], [-95.71072, 29.824], [-95.71185, 29.82433], [-95.71983, 29.82427]]]}, "properties": {"GEOID": "48201542001", "under5_pop": 50, "licensed_capacity": 193, "children_per_slot": 0.26, "childcare_desert": 0, "pct_zero_car": 0.0}}, {"type": "Feature", "geometry": {"type": "Polygon", "coordinates": [[[-95.41959, 29.61363], [-95.3872, 29.61403], [-95.38727, 29.6235], [-95.38721, 29.62781], [-95.38728, 29.63221], [-95.38806, 29.6326], [-95.38969, 29.63277], [-95.39483, 29.63103], [-95.39604, 29.6308], [-95.3981, 29.63079], [-95.39925, 29.63052], [-95.40222, 29.62923], [-95.40611, 29.62867], [-95.4067, 29.62832], [-95.40807, 29.62558], [-95.40817, 29.62419], [-95.40861, 29.62326], [-95.41005, 29.62237], [-95.41186, 29.62176], [-95.41251, 29.62045], [-95.41355, 29.61976], [-95.41661, 29.61895], [-95.41744, 29.61903], [-95.41959, 29.61363]]]}, "properties": {"GEOID": "48201330901", "under5_pop": 539, "licensed_capacity": 112, "children_per_slot": 4.81, "childcare_desert": 1, "pct_zero_car": 0.0212}}, {"type": "Feature", "geometry": {"type": "Polygon", "coordinates": [[[-95.42927, 30.03266], [-95.42929, 30.02691], [-95.429, 30.02134], [-95.42389, 30.02283], [-95.42056, 30.02357], [-95.42048, 30.02724], [-95.42095, 30.02922], [-95.4223, 30.0311], [-95.42286, 30.03263], [-95.42615, 30.03275], [-95.42929, 30.03303], [-95.42927, 30.03266]]]}, "properties": {"GEOID": "48201240804", "under5_pop": 464, "licensed_capacity": 0, "children_per_slot": null, "childcare_desert": 1, "pct_zero_car": 0.0842}}, {"type": "Feature", "geometry": {"type": "Polygon", "coordinates": [[[-95.21906, 29.97847], [-95.21921, 29.97126], [-95.21867, 29.97101], [-95.21871, 29.96287], [-95.21811, 29.96336], [-95.21444, 29.96327], [-95.21035, 29.9633], [-95.21045, 29.96512], [-95.21227, 29.97395], [-95.21234, 29.97795], [-95.20359, 29.97794], [-95.20021, 29.97839], [-95.19799, 29.97898], [-95.1958, 29.97933], [-95.1959, 29.98065], [-95.19814, 29.98662], [-95.21239, 29.98185], [-95.21522, 29.98056], [-95.21743, 29.97934], [-95.21906, 29.97847]]]}, "properties": {"GEOID": "48201250305", "under5_pop": 84, "licensed_capacity": 114, "children_per_slot": 0.74, "childcare_desert": 0, "pct_zero_car": 0.0056}}, {"type": "Feature", "geometry": {"type": "Polygon", "coordinates": [[[-95.55578, 29.87352], [-95.55918, 29.87225], [-95.55246, 29.86755], [-95.54413, 29.86166], [-95.53094, 29.85227], [-95.5151, 29.84103], [-95.51391, 29.84118], [-95.51411, 29.84626], [-95.51471, 29.84749], [-95.51473, 29.84899], [-95.51539, 29.85093], [-95.51159, 29.85096], [-95.50986, 29.85129], [-95.52436, 29.85943], [-95.53344, 29.86357], [-95.53419, 29.86385], [-95.54311, 29.8679], [-95.54588, 29.86907], [-95.55578, 29.87352]]]}, "properties": {"GEOID": "48201521701", "under5_pop": 511, "licensed_capacity": 65, "children_per_slot": 7.86, "childcare_desert": 1, "pct_zero_car": 0.03}}, {"type": "Feature", "geometry": {"type": "Polygon", "coordinates": [[[-95.58625, 29.90996], [-95.58626, 29.90813], [-95.58654, 29.90746], [-95.58878, 29.90613], [-95.58803, 29.90515], [-95.58758, 29.90344], [-95.58761, 29.90091], [-95.58807, 29.89972], [-95.58885, 29.89879], [-95.58736, 29.89864], [-95.58512, 29.89772], [-95.5845, 29.89769], [-95.58456, 29.90997], [-95.58625, 29.90996]]]}, "properties": {"GEOID": "48201551901", "under5_pop": 137, "licensed_capacity": 170, "children_per_slot": 0.81, "childcare_desert": 0, "pct_zero_car": 0.0974}}, {"type": "Feature", "geometry": {"type": "Polygon", "coordinates": [[[-95.36905, 29.77932], [-95.36931, 29.77699], [-95.36855, 29.77623], [-95.36504, 29.77055], [-95.36394, 29.7695], [-95.36128, 29.76765], [-95.35934, 29.76726], [-95.3562, 29.7682], [-95.35278, 29.76974], [-95.35097, 29.77013], [-95.34783, 29.77017], [-95.34502, 29.76981], [-95.34116, 29.76964], [-95.34045, 29.77169], [-95.34027, 29.77725], [-95.34022, 29.77859], [-95.34943, 29.77852], [-95.35135, 29.77836], [-95.35143, 29.78337], [-95.35686, 29.78332], [-95.36733, 29.77949], [-95.36905, 29.77932]]]}, "properties": {"GEOID": "48201212300", "under5_pop": 186, "licensed_capacity": 327, "children_per_slot": 0.57, "childcare_desert": 0, "pct_zero_car": 0.1708}}, {"type": "Feature", "geometry": {"type": "Polygon", "coordinates": [[[-95.31592, 29.78761], [-95.31591, 29.78676], [-95.31455, 29.78733], [-95.31349, 29.78741], [-95.30736, 29.78746], [-95.29176, 29.78762], [-95.29166, 29.78017], [-95.30117, 29.78], [-95.30117, 29.78014], [-95.30738, 29.78014], [-95.30741, 29.77436], [-95.30246, 29.77434], [-95.30063, 29.77453], [-95.29884, 29.77506], [-95.29327, 29.77736], [-95.28991, 29.77803], [-95.28404, 29.77811], [-95.2796, 29.77816], [-95.27823, 29.77806], [-95.26688, 29.77615], [-95.26408, 29.77572], [-95.26342, 29.77959], [-95.26366, 29.78118], [-95.2647, 29.78393], [-95.26722, 29.79016], [-95.26802, 29.79181], [-95.26933, 29.79456], [-95.27024, 29.79579], [-95.27165, 29.79687], [-95.28014, 29.80247], [-95.28434, 29.80102], [-95.28854, 29.79937], [-95.29694, 29.79565], [-95.29945, 29.79464], [-95.31592, 29.78761]]]}, "properties": {"GEOID": "48201212400", "under5_pop": 229, "licensed_capacity": 0, "children_per_slot": null, "childcare_desert": 1, "pct_zero_car": 0.073}}, {"type": "Feature", "geometry": {"type": "Polygon", "coordinates": [[[-95.47013, 29.84544], [-95.47063, 29.8454], [-95.47307, 29.84667], [-95.47542, 29.84658], [-95.47765, 29.84718], [-95.47911, 29.8473], [-95.48024, 29.84796], [-95.482, 29.84858], [-95.48379, 29.84995], [-95.48507, 29.85006], [-95.48498, 29.8404], [-95.47608, 29.84036], [-95.47319, 29.84095], [-95.46759, 29.84096], [-95.4683, 29.8423], [-95.47013, 29.84544]]]}, "properties": {"GEOID": "48201532101", "under5_pop": 90, "licensed_capacity": 203, "children_per_slot": 0.44, "childcare_desert": 0, "pct_zero_car": 0.1157}}, {"type": "Feature", "geometry": {"type": "Polygon", "coordinates": [[[-95.68833, 29.80033], [-95.68826, 29.79094], [-95.67611, 29.79087], [-95.67191, 29.79089], [-95.64487, 29.79077], [-95.64506, 29.79784], [-95.64503, 29.80015], [-95.64519, 29.81064], [-95.64553, 29.81482], [-95.66154, 29.81473], [-95.66152, 29.81671], [-95.66926, 29.81661], [-95.6695, 29.81648], [-95.66945, 29.81228], [-95.66956, 29.81216], [-95.68448, 29.81206], [-95.68679, 29.81227], [-95.68709, 29.81106], [-95.6872, 29.80482], [-95.68807, 29.80233], [-95.68833, 29.80033]]]}, "properties": {"GEOID": "48201541703", "under5_pop": 225, "licensed_capacity": 0, "children_per_slot": null, "childcare_desert": 1, "pct_zero_car": 0.0}}, {"type": "Feature", "geometry": {"type": "Polygon", "coordinates": [[[-95.7429, 30.01273], [-95.74472, 30.01273], [-95.74763, 30.01335], [-95.74973, 30.01346], [-95.75347, 30.01267], [-95.75644, 30.01266], [-95.75654, 30.01118], [-95.75633, 30.00962], [-95.75509, 30.00678], [-95.75509, 30.00488], [-95.75564, 30.0032], [-95.75659, 30.00197], [-95.7581, 30.00049], [-95.7589, 29.99914], [-95.76049, 29.9956], [-95.7544, 29.99325], [-95.74921, 29.99139], [-95.74115, 29.98831], [-95.73879, 29.99304], [-95.73829, 29.9946], [-95.73771, 29.99762], [-95.73777, 29.99864], [-95.73834, 30.00038], [-95.74023, 30.00261], [-95.7424, 30.00467], [-95.74344, 30.00677], [-95.7435, 30.00868], [-95.74297, 30.01144], [-95.7429, 30.01273]]]}, "properties": {"GEOID": "48201555703", "under5_pop": 935, "licensed_capacity": 153, "children_per_slot": 6.11, "childcare_desert": 1, "pct_zero_car": 0.0151}}, {"type": "Feature", "geometry": {"type": "Polygon", "coordinates": [[[-95.42241, 29.60635], [-95.42387, 29.60271], [-95.42558, 29.59923], [-95.42502, 29.5991], [-95.41509, 29.59919], [-95.39242, 29.59947], [-95.38788, 29.5995], [-95.38684, 29.59929], [-95.3872, 29.61403], [-95.41959, 29.61363], [-95.42177, 29.60817], [-95.42241, 29.60635]]]}, "properties": {"GEOID": "48201330902", "under5_pop": 291, "licensed_capacity": 84, "children_per_slot": 3.46, "childcare_desert": 1, "pct_zero_car": 0.0919}}, {"type": "Feature", "geometry": {"type": "Polygon", "coordinates": [[[-95.6136, 30.09821], [-95.62252, 30.09441], [-95.63162, 30.08953], [-95.63246, 30.08942], [-95.63118, 30.08424], [-95.63048, 30.0819], [-95.62841, 30.07698], [-95.62626, 30.07271], [-95.62449, 30.06976], [-95.62253, 30.06685], [-95.60545, 30.06703], [-95.5967, 30.06855], [-95.60167, 30.07724], [-95.6136, 30.09821]]]}, "properties": {"GEOID": "48201555404", "under5_pop": 127, "licensed_capacity": 456, "children_per_slot": 0.28, "childcare_desert": 0, "pct_zero_car": 0.1496}}, {"type": "Feature", "geometry": {"type": "Polygon", "coordinates": [[[-95.66057, 29.85945], [-95.66145, 29.85902], [-95.66142, 29.85151], [-95.66129, 29.85118], [-95.66462, 29.84992], [-95.66465, 29.84923], [-95.66143, 29.84892], [-95.65168, 29.84902], [-95.65169, 29.85226], [-95.65352, 29.85228], [-95.65353, 29.85948], [-95.66057, 29.85945]]]}, "properties": {"GEOID": "48201541402", "under5_pop": 132, "licensed_capacity": 0, "children_per_slot": null, "childcare_desert": 1, "pct_zero_car": 0.011}}, {"type": "Feature", "geometry": {"type": "Polygon", "coordinates": [[[-95.48446, 29.69103], [-95.4842, 29.67913], [-95.48228, 29.67898], [-95.47941, 29.679], [-95.47925, 29.67997], [-95.47929, 29.68328], [-95.47702, 29.68328], [-95.477, 29.68732], [-95.47624, 29.68988], [-95.47631, 29.69106], [-95.48446, 29.69103]]]}, "properties": {"GEOID": "48201421802", "under5_pop": 127, "licensed_capacity": 0, "children_per_slot": null, "childcare_desert": 1, "pct_zero_car": 0.0}}, {"type": "Feature", "geometry": {"type": "Polygon", "coordinates": [[[-95.46, 29.93752], [-95.45718, 29.93396], [-95.44684, 29.92064], [-95.43695, 29.92278], [-95.43448, 29.92354], [-95.43288, 29.92369], [-95.43277, 29.91484], [-95.43272, 29.91474], [-95.42378, 29.91492], [-95.41269, 29.91507], [-95.41275, 29.91733], [-95.41231, 29.92468], [-95.41197, 29.93041], [-95.41198, 29.9318], [-95.41217, 29.93466], [-95.41325, 29.93839], [-95.41401, 29.94053], [-95.42099, 29.94043], [-95.42226, 29.94023], [-95.42867, 29.9385], [-95.43208, 29.9377], [-95.43516, 29.93755], [-95.43887, 29.93791], [-95.44905, 29.93782], [-95.45107, 29.93773], [-95.4549, 29.93755], [-95.46, 29.93752]]]}, "properties": {"GEOID": "48201533701", "under5_pop": 991, "licensed_capacity": 0, "children_per_slot": null, "childcare_desert": 1, "pct_zero_car": 0.0466}}, {"type": "Feature", "geometry": {"type": "Polygon", "coordinates": [[[-95.33138, 29.91123], [-95.33137, 29.90661], [-95.33242, 29.90352], [-95.33246, 29.9025], [-95.33118, 29.90251], [-95.32347, 29.90281], [-95.32362, 29.91074], [-95.32679, 29.91126], [-95.33138, 29.91123]]]}, "properties": {"GEOID": "48201223002", "under5_pop": 273, "licensed_capacity": 0, "children_per_slot": null, "childcare_desert": 1, "pct_zero_car": 0.1284}}, {"type": "Feature", "geometry": {"type": "Polygon", "coordinates": [[[-95.33012, 30.01154], [-95.34048, 30.01341], [-95.34668, 30.01444], [-95.35968, 30.01674], [-95.3623, 30.01724], [-95.36335, 30.01545], [-95.36378, 30.01427], [-95.36546, 30.01379], [-95.36608, 30.01257], [-95.36733, 30.01239], [-95.36848, 30.01135], [-95.37221, 30.01124], [-95.37284, 30.01089], [-95.37381, 30.01141], [-95.37493, 30.011], [-95.37396, 30.0093], [-95.37263, 30.00542], [-95.36951, 29.99589], [-95.36475, 29.98107], [-95.36462, 29.97956], [-95.36425, 29.9709], [-95.35837, 29.97094], [-95.3584, 29.96649], [-95.35672, 29.96557], [-95.35057, 29.96566], [-95.35006, 29.9658], [-95.34859, 29.96347], [-95.3471, 29.96078], [-95.34572, 29.96004], [-95.34392, 29.95973], [-95.34027, 29.95372], [-95.33987, 29.95176], [-95.33139, 29.95168], [-95.32685, 29.95177], [-95.32479, 29.95199], [-95.32487, 29.95799], [-95.32983, 29.96613], [-95.32957, 29.96653], [-95.33143, 29.96955], [-95.33344, 29.97137], [-95.335, 29.97397], [-95.33725, 29.97581], [-95.33282, 29.97593], [-95.32955, 29.97583], [-95.32853, 29.97626], [-95.31836, 29.97626], [-95.31751, 29.97592], [-95.30839, 29.97593], [-95.30832, 29.97206], [-95.30718, 29.97282], [-95.29916, 29.97282], [-95.29799, 29.97301], [-95.2967, 29.97387], [-95.29607, 29.9755], [-95.29603, 29.98232], [-95.29593, 29.98278], [-95.29708, 29.98295], [-95.29695, 29.98359], [-95.30534, 29.98531], [-95.30857, 29.98554], [-95.30861, 29.99041], [-95.30875, 29.99425], [-95.30891, 30.00437], [-95.31022, 30.0044], [-95.31248, 30.00482], [-95.31597, 30.00619], [-95.33012, 30.01154]]]}, "properties": {"GEOID": "48201980100", "under5_pop": 0, "licensed_capacity": 0, "children_per_slot": null, "childcare_desert": 0, "pct_zero_car": 0.0482}}, {"type": "Feature", "geometry": {"type": "Polygon", "coordinates": [[[-95.41861, 29.95688], [-95.41826, 29.95324], [-95.4179, 29.95154], [-95.4171, 29.94903], [-95.41544, 29.94432], [-95.41401, 29.94053], [-95.40749, 29.94062], [-95.40295, 29.94049], [-95.40309, 29.94247], [-95.40392, 29.94358], [-95.40271, 29.9441], [-95.40115, 29.94432], [-95.40114, 29.94834], [-95.40494, 29.9494], [-95.40567, 29.95003], [-95.40749, 29.95314], [-95.40792, 29.95345], [-95.4137, 29.95445], [-95.41587, 29.95638], [-95.41667, 29.95679], [-95.41861, 29.95688]]]}, "properties": {"GEOID": "48201240102", "under5_pop": 53, "licensed_capacity": 0, "children_per_slot": null, "childcare_desert": 1, "pct_zero_car": 0.1473}}, {"type": "Feature", "geometry": {"type": "Polygon", "coordinates": [[[-95.41251, 29.85712], [-95.41245, 29.85335], [-95.41163, 29.8493], [-95.40973, 29.84778], [-95.40828, 29.84718], [-95.40519, 29.84712], [-95.40412, 29.84672], [-95.40302, 29.84586], [-95.40182, 29.84536], [-95.39981, 29.84525], [-95.39756, 29.84543], [-95.39296, 29.84552], [-95.40049, 29.85617], [-95.40131, 29.8572], [-95.40258, 29.8594], [-95.40461, 29.85884], [-95.40639, 29.85877], [-95.40637, 29.85748], [-95.4081, 29.85747], [-95.40944, 29.85713], [-95.41251, 29.85712]]]}, "properties": {"GEOID": "48201530702", "under5_pop": 474, "licensed_capacity": 122, "children_per_slot": 3.89, "childcare_desert": 1, "pct_zero_car": 0.1443}}, {"type": "Feature", "geometry": {"type": "Polygon", "coordinates": [[[-95.42314, 29.95548], [-95.42445, 29.95484], [-95.42621, 29.95436], [-95.42695, 29.95381], [-95.42796, 29.95375], [-95.42891, 29.95309], [-95.42934, 29.95187], [-95.43065, 29.95011], [-95.43254, 29.94808], [-95.43282, 29.9472], [-95.43416, 29.94612], [-95.43264, 29.94631], [-95.43125, 29.94709], [-95.42965, 29.94838], [-95.42836, 29.94881], [-95.42655, 29.94895], [-95.4171, 29.94903], [-95.4179, 29.95154], [-95.41826, 29.95324], [-95.41861, 29.95688], [-95.41994, 29.95676], [-95.42203, 29.95553], [-95.42314, 29.95548]]]}, "properties": {"GEOID": "48201550101", "under5_pop": 290, "licensed_capacity": 0, "children_per_slot": null, "childcare_desert": 1, "pct_zero_car": 0.0674}}, {"type": "Feature", "geometry": {"type": "Polygon", "coordinates": [[[-95.39109, 29.88323], [-95.38672, 29.87603], [-95.38512, 29.87325], [-95.38491, 29.87005], [-95.36814, 29.87026], [-95.36509, 29.87073], [-95.36823, 29.88338], [-95.3735, 29.88327], [-95.3845, 29.88318], [-95.39109, 29.88323]]]}, "properties": {"GEOID": "48201221701", "under5_pop": 147, "licensed_capacity": 0, "children_per_slot": null, "childcare_desert": 1, "pct_zero_car": 0.0561}}, {"type": "Feature", "geometry": {"type": "Polygon", "coordinates": [[[-95.22578, 29.65266], [-95.22117, 29.64779], [-95.21726, 29.64364], [-95.21512, 29.6452], [-95.21747, 29.64772], [-95.21412, 29.64894], [-95.21469, 29.65035], [-95.21256, 29.65086], [-95.21134, 29.65089], [-95.21646, 29.65101], [-95.21652, 29.65278], [-95.22578, 29.65266]]]}, "properties": {"GEOID": "48201321301", "under5_pop": 305, "licensed_capacity": 0, "children_per_slot": null, "childcare_desert": 1, "pct_zero_car": 0.0277}}, {"type": "Feature", "geometry": {"type": "Polygon", "coordinates": [[[-95.60631, 29.77632], [-95.60764, 29.77612], [-95.61246, 29.77614], [-95.6134, 29.77574], [-95.6134, 29.77377], [-95.61512, 29.77341], [-95.61451, 29.7728], [-95.61024, 29.77043], [-95.6089, 29.77009], [-95.60627, 29.7701], [-95.60631, 29.77632]]]}, "properties": {"GEOID": "48201450401", "under5_pop": 18, "licensed_capacity": 0, "children_per_slot": null, "childcare_desert": 1, "pct_zero_car": 0.1224}}, {"type": "Feature", "geometry": {"type": "Polygon", "coordinates": [[[-95.55762, 29.72764], [-95.55758, 29.71826], [-95.54886, 29.71898], [-95.54887, 29.72271], [-95.54553, 29.72299], [-95.54565, 29.72448], [-95.54508, 29.72633], [-95.54525, 29.7286], [-95.54898, 29.72875], [-95.5511, 29.72841], [-95.55314, 29.72783], [-95.55501, 29.72762], [-95.55762, 29.72764]]]}, "properties": {"GEOID": "48201432402", "under5_pop": 215, "licensed_capacity": 284, "children_per_slot": 0.76, "childcare_desert": 0, "pct_zero_car": 0.0968}}, {"type": "Feature", "geometry": {"type": "Polygon", "coordinates": [[[-95.57176, 29.73669], [-95.57163, 29.72773], [-95.56802, 29.72776], [-95.56804, 29.73083], [-95.56747, 29.73249], [-95.56398, 29.73144], [-95.56387, 29.73464], [-95.5642, 29.73678], [-95.57176, 29.73669]]]}, "properties": {"GEOID": "48201452204", "under5_pop": 184, "licensed_capacity": 0, "children_per_slot": null, "childcare_desert": 1, "pct_zero_car": 0.1011}}, {"type": "Feature", "geometry": {"type": "Polygon", "coordinates": [[[-95.40302, 29.84586], [-95.40286, 29.8334], [-95.40279, 29.83049], [-95.39876, 29.83054], [-95.39001, 29.83062], [-95.3863, 29.83077], [-95.38762, 29.83148], [-95.38947, 29.83388], [-95.39145, 29.83488], [-95.39228, 29.83604], [-95.39432, 29.83684], [-95.39509, 29.83805], [-95.39764, 29.83885], [-95.39866, 29.84041], [-95.39903, 29.84256], [-95.39981, 29.84525], [-95.40182, 29.84536], [-95.40302, 29.84586]]]}, "properties": {"GEOID": "48201530502", "under5_pop": 62, "licensed_capacity": 0, "children_per_slot": null, "childcare_desert": 1, "pct_zero_car": 0.1678}}, {"type": "Feature", "geometry": {"type": "Polygon", "coordinates": [[[-95.66842, 29.91763], [-95.66844, 29.91313], [-95.66796, 29.9105], [-95.6685, 29.90813], [-95.66961, 29.90584], [-95.66698, 29.90537], [-95.66471, 29.90554], [-95.66294, 29.90605], [-95.65945, 29.90755], [-95.6567, 29.90804], [-95.65229, 29.90811], [-95.64949, 29.90791], [-95.64908, 29.90937], [-95.64895, 29.91096], [-95.64928, 29.91373], [-95.64893, 29.91519], [-95.6479, 29.9174], [-95.65005, 29.91772], [-95.6588, 29.91772], [-95.66842, 29.91763]]]}, "properties": {"GEOID": "48201541009", "under5_pop": 333, "licensed_capacity": 409, "children_per_slot": 0.81, "childcare_desert": 0, "pct_zero_car": 0.0472}}, {"type": "Feature", "geometry": {"type": "Polygon", "coordinates": [[[-95.33004, 30.03049], [-95.32989, 30.02808], [-95.33001, 30.02533], [-95.33, 30.01871], [-95.33011, 30.01624], [-95.3185, 30.01629], [-95.30676, 30.0163], [-95.30692, 30.03106], [-95.308, 30.03191], [-95.31099, 30.03289], [-95.31155, 30.03233], [-95.31338, 30.03306], [-95.31492, 30.03173], [-95.31591, 30.0314], [-95.31662, 30.03246], [-95.31654, 30.0333], [-95.31732, 30.03435], [-95.31846, 30.03437], [-95.31935, 30.03391], [-95.32208, 30.03309], [-95.32245, 30.03245], [-95.32247, 30.03109], [-95.32146, 30.03006], [-95.32281, 30.02938], [-95.32314, 30.0288], [-95.3244, 30.02819], [-95.32507, 30.02729], [-95.32654, 30.02628], [-95.32702, 30.02683], [-95.32718, 30.02849], [-95.32837, 30.02956], [-95.33004, 30.03049]]]}, "properties": {"GEOID": "48201240906", "under5_pop": 752, "licensed_capacity": 12, "children_per_slot": 62.67, "childcare_desert": 1, "pct_zero_car": 0.0119}}, {"type": "Feature", "geometry": {"type": "Polygon", "coordinates": [[[-95.39163, 29.68536], [-95.39325, 29.68059], [-95.3812, 29.68072], [-95.38079, 29.68249], [-95.38062, 29.68489], [-95.37954, 29.68692], [-95.38087, 29.6869], [-95.38285, 29.68595], [-95.38467, 29.68545], [-95.39163, 29.68536]]]}, "properties": {"GEOID": "48201313902", "under5_pop": 234, "licensed_capacity": 61, "children_per_slot": 3.84, "childcare_desert": 1, "pct_zero_car": 0.0262}}, {"type": "Feature", "geometry": {"type": "Polygon", "coordinates": [[[-95.33099, 29.79397], [-95.33093, 29.79137], [-95.3311, 29.79085], [-95.33099, 29.78288], [-95.33583, 29.78282], [-95.33578, 29.77918], [-95.32491, 29.78376], [-95.31592, 29.78761], [-95.31594, 29.78793], [-95.31647, 29.78775], [-95.32126, 29.78756], [-95.32394, 29.78766], [-95.324, 29.79395], [-95.32579, 29.79353], [-95.32984, 29.79355], [-95.33099, 29.79397]]]}, "properties": {"GEOID": "48201211102", "under5_pop": 243, "licensed_capacity": 106, "children_per_slot": 2.29, "childcare_desert": 0, "pct_zero_car": 0.1898}}, {"type": "Feature", "geometry": {"type": "Polygon", "coordinates": [[[-95.59025, 29.78269], [-95.59143, 29.78268], [-95.59332, 29.78214], [-95.59486, 29.78211], [-95.59471, 29.77625], [-95.59666, 29.77717], [-95.59878, 29.77735], [-95.59903, 29.77614], [-95.60028, 29.77341], [-95.60047, 29.7724], [-95.60042, 29.77019], [-95.59779, 29.77022], [-95.59371, 29.76996], [-95.59155, 29.77032], [-95.5898, 29.77124], [-95.59001, 29.77271], [-95.59025, 29.78269]]]}, "properties": {"GEOID": "48201450301", "under5_pop": 231, "licensed_capacity": 84, "children_per_slot": 2.75, "childcare_desert": 0, "pct_zero_car": 0.0}}, {"type": "Feature", "geometry": {"type": "Polygon", "coordinates": [[[-95.35094, 29.72373], [-95.35256, 29.71964], [-95.34018, 29.71589], [-95.3397, 29.71737], [-95.33711, 29.72378], [-95.3378, 29.72565], [-95.34075, 29.72628], [-95.34396, 29.72727], [-95.34687, 29.72803], [-95.34989, 29.72784], [-95.34987, 29.72642], [-95.35094, 29.72373]]]}, "properties": {"GEOID": "48201980400", "under5_pop": 0, "licensed_capacity": 304, "children_per_slot": 0, "childcare_desert": 0, "pct_zero_car": 0.0}}, {"type": "Feature", "geometry": {"type": "Polygon", "coordinates": [[[-95.34116, 29.76964], [-95.34502, 29.76981], [-95.34783, 29.77017], [-95.35097, 29.77013], [-95.35278, 29.76974], [-95.3562, 29.7682], [-95.35934, 29.76726], [-95.3577, 29.76615], [-95.3586, 29.76483], [-95.3579, 29.76361], [-95.35683, 29.76289], [-95.35381, 29.76204], [-95.35338, 29.76252], [-95.35386, 29.7647], [-95.35353, 29.76558], [-95.35263, 29.76575], [-95.35128, 29.76522], [-95.34994, 29.76529], [-95.34833, 29.76639], [-95.34768, 29.76651], [-95.3465, 29.76714], [-95.34325, 29.76828], [-95.34195, 29.7689], [-95.34116, 29.76964]]]}, "properties": {"GEOID": "48201980200", "under5_pop": 0, "licensed_capacity": 0, "children_per_slot": null, "childcare_desert": 0, "pct_zero_car": 0.0}}, {"type": "Feature", "geometry": {"type": "Polygon", "coordinates": [[[-95.52025, 29.72124], [-95.52003, 29.72026], [-95.51999, 29.71775], [-95.51783, 29.71762], [-95.51355, 29.71772], [-95.51368, 29.71673], [-95.51362, 29.71306], [-95.51059, 29.71309], [-95.50941, 29.71281], [-95.50646, 29.71048], [-95.49929, 29.71684], [-95.49318, 29.72225], [-95.49164, 29.7236], [-95.49852, 29.72306], [-95.50104, 29.72279], [-95.52025, 29.72124]]]}, "properties": {"GEOID": "48201432804", "under5_pop": 198, "licensed_capacity": 168, "children_per_slot": 1.18, "childcare_desert": 0, "pct_zero_car": 0.0942}}, {"type": "Feature", "geometry": {"type": "Polygon", "coordinates": [[[-95.38471, 29.85944], [-95.38448, 29.84552], [-95.37774, 29.8456], [-95.37177, 29.84567], [-95.37201, 29.85904], [-95.37281, 29.85928], [-95.3763, 29.85941], [-95.38254, 29.85932], [-95.38471, 29.85944]]]}, "properties": {"GEOID": "48201221301", "under5_pop": 75, "licensed_capacity": 85, "children_per_slot": 0.88, "childcare_desert": 0, "pct_zero_car": 0.0548}}, {"type": "Feature", "geometry": {"type": "Polygon", "coordinates": [[[-95.5852, 29.96683], [-95.58505, 29.96126], [-95.57398, 29.96143], [-95.57289, 29.96122], [-95.56395, 29.95858], [-95.56372, 29.96073], [-95.56395, 29.96693], [-95.56629, 29.96724], [-95.57034, 29.96741], [-95.57655, 29.96727], [-95.5852, 29.96683]]]}, "properties": {"GEOID": "48201552604", "under5_pop": 104, "licensed_capacity": 454, "children_per_slot": 0.23, "childcare_desert": 0, "pct_zero_car": 0.0807}}, {"type": "Feature", "geometry": {"type": "Polygon", "coordinates": [[[-95.38728, 29.63221], [-95.38721, 29.62781], [-95.38727, 29.6235], [-95.3872, 29.61403], [-95.38024, 29.61411], [-95.38023, 29.6123], [-95.35543, 29.61219], [-95.35542, 29.61661], [-95.35544, 29.62106], [-95.36338, 29.62107], [-95.36362, 29.62998], [-95.36368, 29.63473], [-95.36395, 29.64619], [-95.36405, 29.64648], [-95.36582, 29.64644], [-95.36716, 29.64545], [-95.36746, 29.64448], [-95.36836, 29.64432], [-95.37046, 29.64332], [-95.37084, 29.64234], [-95.37261, 29.6419], [-95.37356, 29.64061], [-95.37517, 29.64047], [-95.37586, 29.63991], [-95.37549, 29.63758], [-95.37612, 29.6368], [-95.37755, 29.63627], [-95.37807, 29.63266], [-95.37972, 29.63178], [-95.37989, 29.63014], [-95.38141, 29.62941], [-95.38238, 29.62927], [-95.38447, 29.62971], [-95.38522, 29.63078], [-95.38728, 29.63221]]]}, "properties": {"GEOID": "48201331502", "under5_pop": 389, "licensed_capacity": 359, "children_per_slot": 1.08, "childcare_desert": 0, "pct_zero_car": 0.0266}}, {"type": "Feature", "geometry": {"type": "Polygon", "coordinates": [[[-95.40224, 29.96597], [-95.40215, 29.96468], [-95.40143, 29.96171], [-95.40134, 29.95863], [-95.40104, 29.95737], [-95.39992, 29.95479], [-95.39987, 29.95382], [-95.39324, 29.9539], [-95.39322, 29.95291], [-95.38986, 29.95296], [-95.38983, 29.95175], [-95.38648, 29.95178], [-95.38626, 29.951], [-95.38416, 29.95202], [-95.38296, 29.95424], [-95.38098, 29.95619], [-95.38037, 29.9572], [-95.37998, 29.95876], [-95.38012, 29.96541], [-95.38508, 29.96535], [-95.38744, 29.96589], [-95.39045, 29.96595], [-95.40224, 29.96597]]]}, "properties": {"GEOID": "48201240506", "under5_pop": 407, "licensed_capacity": 62, "children_per_slot": 6.56, "childcare_desert": 1, "pct_zero_car": 0.149}}, {"type": "Feature", "geometry": {"type": "Polygon", "coordinates": [[[-95.39948, 29.9506], [-95.39854, 29.94892], [-95.39705, 29.9473], [-95.39603, 29.94518], [-95.38976, 29.9453], [-95.3891, 29.94563], [-95.38702, 29.94843], [-95.38586, 29.94931], [-95.38674, 29.94938], [-95.3877, 29.94821], [-95.38845, 29.94874], [-95.389, 29.94824], [-95.39316, 29.94816], [-95.39318, 29.95065], [-95.39948, 29.9506]]]}, "properties": {"GEOID": "48201240504", "under5_pop": 302, "licensed_capacity": 0, "children_per_slot": null, "childcare_desert": 1, "pct_zero_car": 0.1664}}, {"type": "Feature", "geometry": {"type": "Polygon", "coordinates": [[[-95.24853, 29.62716], [-95.24832, 29.62376], [-95.249, 29.62142], [-95.25064, 29.61799], [-95.25084, 29.61612], [-95.25074, 29.61438], [-95.24997, 29.61221], [-95.24982, 29.611], [-95.24998, 29.60861], [-95.24994, 29.60578], [-95.24936, 29.60411], [-95.24843, 29.60298], [-95.2476, 29.60082], [-95.2406, 29.60719], [-95.24124, 29.6083], [-95.23808, 29.61122], [-95.24217, 29.61112], [-95.24224, 29.61474], [-95.24188, 29.61563], [-95.2419, 29.6168], [-95.24509, 29.61674], [-95.2454, 29.61789], [-95.24369, 29.61817], [-95.24264, 29.61878], [-95.24063, 29.62155], [-95.24021, 29.6227], [-95.23826, 29.62297], [-95.23852, 29.62759], [-95.24838, 29.62716], [-95.24853, 29.62716]]]}, "properties": {"GEOID": "48201333904", "under5_pop": 937, "licensed_capacity": 22, "children_per_slot": 42.59, "childcare_desert": 1, "pct_zero_car": 0.049}}, {"type": "Feature", "geometry": {"type": "Polygon", "coordinates": [[[-95.21416, 29.8501], [-95.21391, 29.83731], [-95.2134, 29.83584], [-95.21099, 29.83258], [-95.19993, 29.83732], [-95.19352, 29.84013], [-95.18568, 29.84349], [-95.18661, 29.84573], [-95.18705, 29.84859], [-95.18715, 29.85334], [-95.19586, 29.85313], [-95.19704, 29.85296], [-95.20162, 29.85178], [-95.20534, 29.85175], [-95.20876, 29.85077], [-95.21185, 29.85014], [-95.21416, 29.8501]]]}, "properties": {"GEOID": "48201232306", "under5_pop": 273, "licensed_capacity": 292, "children_per_slot": 0.93, "childcare_desert": 0, "pct_zero_car": 0.0246}}, {"type": "Feature", "geometry": {"type": "Polygon", "coordinates": [[[-95.30692, 30.03106], [-95.30676, 30.0163], [-95.29336, 30.01632], [-95.28455, 30.01636], [-95.28473, 30.02284], [-95.28474, 30.02991], [-95.28706, 30.0289], [-95.29291, 30.02775], [-95.29371, 30.02949], [-95.29722, 30.03137], [-95.29993, 30.03219], [-95.30238, 30.03229], [-95.30293, 30.03202], [-95.30435, 30.0298], [-95.3056, 30.02977], [-95.30692, 30.03106]]]}, "properties": {"GEOID": "48201240903", "under5_pop": 264, "licensed_capacity": 138, "children_per_slot": 1.91, "childcare_desert": 0, "pct_zero_car": 0.0306}}, {"type": "Feature", "geometry": {"type": "Polygon", "coordinates": [[[-95.50986, 29.85129], [-95.51159, 29.85096], [-95.51539, 29.85093], [-95.51473, 29.84899], [-95.51471, 29.84749], [-95.51411, 29.84626], [-95.51391, 29.84118], [-95.50628, 29.84132], [-95.49273, 29.84143], [-95.49479, 29.84277], [-95.50551, 29.84882], [-95.50986, 29.85129]]]}, "properties": {"GEOID": "48201521702", "under5_pop": 287, "licensed_capacity": 0, "children_per_slot": null, "childcare_desert": 1, "pct_zero_car": 0.1101}}, {"type": "Feature", "geometry": {"type": "Polygon", "coordinates": [[[-95.45051, 30.01428], [-95.46379, 30.00703], [-95.45889, 30.00127], [-95.4579, 29.99995], [-95.45609, 29.9975], [-95.45453, 29.99584], [-95.45195, 29.99366], [-95.4506, 29.99464], [-95.4473, 29.9953], [-95.44582, 29.99704], [-95.44055, 29.99963], [-95.4399, 29.99983], [-95.44242, 30.00311], [-95.44718, 30.00977], [-95.45051, 30.01428]]]}, "properties": {"GEOID": "48201550307", "under5_pop": 371, "licensed_capacity": 504, "children_per_slot": 0.74, "childcare_desert": 0, "pct_zero_car": 0.0569}}, {"type": "Feature", "geometry": {"type": "Polygon", "coordinates": [[[-95.40114, 29.94834], [-95.40115, 29.94432], [-95.40271, 29.9441], [-95.40392, 29.94358], [-95.40309, 29.94247], [-95.40295, 29.94049], [-95.39714, 29.93912], [-95.39387, 29.93858], [-95.3814, 29.9387], [-95.38407, 29.94939], [-95.38586, 29.94931], [-95.38702, 29.94843], [-95.3891, 29.94563], [-95.38976, 29.9453], [-95.39603, 29.94518], [-95.39716, 29.94524], [-95.3978, 29.94567], [-95.39962, 29.94765], [-95.40114, 29.94834]]]}, "properties": {"GEOID": "48201240101", "under5_pop": 412, "licensed_capacity": 0, "children_per_slot": null, "childcare_desert": 1, "pct_zero_car": 0.0558}}, {"type": "Feature", "geometry": {"type": "Polygon", "coordinates": [[[-95.24336, 29.64074], [-95.23885, 29.63663], [-95.23774, 29.63739], [-95.23665, 29.63765], [-95.23044, 29.63773], [-95.22979, 29.63784], [-95.22468, 29.63793], [-95.22379, 29.63737], [-95.22375, 29.63482], [-95.22141, 29.63483], [-95.22116, 29.62975], [-95.21102, 29.63698], [-95.21726, 29.64364], [-95.22117, 29.64779], [-95.22222, 29.64676], [-95.22352, 29.64596], [-95.22572, 29.6453], [-95.23314, 29.64522], [-95.23511, 29.64489], [-95.23782, 29.64379], [-95.2415, 29.64207], [-95.24336, 29.64074]]]}, "properties": {"GEOID": "48201321002", "under5_pop": 254, "licensed_capacity": 12, "children_per_slot": 21.17, "childcare_desert": 1, "pct_zero_car": 0.0186}}, {"type": "Feature", "geometry": {"type": "Polygon", "coordinates": [[[-95.23852, 29.62759], [-95.23826, 29.62297], [-95.24021, 29.6227], [-95.24063, 29.62155], [-95.24264, 29.61878], [-95.24369, 29.61817], [-95.2454, 29.61789], [-95.24509, 29.61674], [-95.2419, 29.6168], [-95.24188, 29.61563], [-95.24224, 29.61474], [-95.24217, 29.61112], [-95.23808, 29.61122], [-95.22996, 29.61859], [-95.22943, 29.62033], [-95.22204, 29.62043], [-95.22117, 29.62058], [-95.22906, 29.6277], [-95.23852, 29.62759]]]}, "properties": {"GEOID": "48201333903", "under5_pop": 165, "licensed_capacity": 87, "children_per_slot": 1.9, "childcare_desert": 0, "pct_zero_car": 0.1155}}, {"type": "Feature", "geometry": {"type": "Polygon", "coordinates": [[[-95.48264, 29.75004], [-95.48249, 29.73776], [-95.47952, 29.73776], [-95.4794, 29.73796], [-95.47952, 29.74868], [-95.48109, 29.74872], [-95.48082, 29.75006], [-95.48264, 29.75004]]]}, "properties": {"GEOID": "48201431404", "under5_pop": 129, "licensed_capacity": 386, "children_per_slot": 0.33, "childcare_desert": 0, "pct_zero_car": 0.0}}, {"type": "Feature", "geometry": {"type": "Polygon", "coordinates": [[[-95.61849, 29.74643], [-95.61862, 29.74413], [-95.61919, 29.74301], [-95.61686, 29.74284], [-95.61563, 29.74213], [-95.61561, 29.74051], [-95.61418, 29.74049], [-95.61357, 29.73731], [-95.61354, 29.73601], [-95.60584, 29.73618], [-95.60605, 29.74622], [-95.60927, 29.74615], [-95.61041, 29.74651], [-95.61714, 29.74632], [-95.61849, 29.74643]]]}, "properties": {"GEOID": "48201451406", "under5_pop": 80, "licensed_capacity": 152, "children_per_slot": 0.53, "childcare_desert": 0, "pct_zero_car": 0.0082}}, {"type": "Feature", "geometry": {"type": "Polygon", "coordinates": [[[-95.52178, 29.74206], [-95.52136, 29.74089], [-95.51797, 29.74104], [-95.51581, 29.74167], [-95.51582, 29.73771], [-95.51711, 29.73737], [-95.51419, 29.73738], [-95.51009, 29.73743], [-95.51013, 29.73905], [-95.51123, 29.74081], [-95.51229, 29.74143], [-95.51235, 29.74385], [-95.51298, 29.74376], [-95.51397, 29.74487], [-95.51463, 29.74486], [-95.51645, 29.74331], [-95.51716, 29.74395], [-95.51786, 29.74287], [-95.51892, 29.74333], [-95.51977, 29.74325], [-95.52072, 29.74219], [-95.52178, 29.74206]]]}, "properties": {"GEOID": "48201431206", "under5_pop": 224, "licensed_capacity": 0, "children_per_slot": null, "childcare_desert": 1, "pct_zero_car": 0.0477}}, {"type": "Feature", "geometry": {"type": "Polygon", "coordinates": [[[-95.52136, 29.74089], [-95.52117, 29.73733], [-95.51711, 29.73737], [-95.51582, 29.73771], [-95.51581, 29.74167], [-95.51797, 29.74104], [-95.52136, 29.74089]]]}, "properties": {"GEOID": "48201431205", "under5_pop": 119, "licensed_capacity": 0, "children_per_slot": null, "childcare_desert": 1, "pct_zero_car": 0.1545}}, {"type": "Feature", "geometry": {"type": "Polygon", "coordinates": [[[-95.71834, 29.89054], [-95.7187, 29.88884], [-95.71967, 29.88729], [-95.72259, 29.88478], [-95.72333, 29.8837], [-95.72387, 29.8818], [-95.72384, 29.8797], [-95.7093, 29.87979], [-95.70921, 29.88153], [-95.70947, 29.88307], [-95.71039, 29.88511], [-95.71011, 29.88707], [-95.70904, 29.88872], [-95.70935, 29.88999], [-95.71062, 29.88975], [-95.71207, 29.89039], [-95.71381, 29.89067], [-95.71834, 29.89054]]]}, "properties": {"GEOID": "48201543010", "under5_pop": 598, "licensed_capacity": 326, "children_per_slot": 1.83, "childcare_desert": 0, "pct_zero_car": 0.0032}}, {"type": "Feature", "geometry": {"type": "Polygon", "coordinates": [[[-95.5011, 29.75048], [-95.50095, 29.74402], [-95.49944, 29.74379], [-95.49761, 29.74381], [-95.49759, 29.74242], [-95.49666, 29.74243], [-95.49665, 29.73871], [-95.49634, 29.73756], [-95.49561, 29.73758], [-95.49568, 29.7382], [-95.49566, 29.74994], [-95.49911, 29.75045], [-95.5011, 29.75048]]]}, "properties": {"GEOID": "48201431304", "under5_pop": 207, "licensed_capacity": 64, "children_per_slot": 3.23, "childcare_desert": 1, "pct_zero_car": 0.1037}}, {"type": "Feature", "geometry": {"type": "Polygon", "coordinates": [[[-95.43017, 29.89912], [-95.43106, 29.89925], [-95.43176, 29.89865], [-95.43395, 29.89891], [-95.43545, 29.90104], [-95.4369, 29.90207], [-95.43765, 29.90404], [-95.44014, 29.90479], [-95.44203, 29.90656], [-95.44224, 29.90709], [-95.44355, 29.90796], [-95.44659, 29.91039], [-95.46413, 29.91029], [-95.46398, 29.90387], [-95.46825, 29.90385], [-95.46726, 29.90314], [-95.46354, 29.89921], [-95.4622, 29.89817], [-95.4601, 29.89762], [-95.45333, 29.89765], [-95.44098, 29.89789], [-95.43279, 29.89803], [-95.42931, 29.89803], [-95.43017, 29.89912]]]}, "properties": {"GEOID": "48201533803", "under5_pop": 605, "licensed_capacity": 0, "children_per_slot": null, "childcare_desert": 1, "pct_zero_car": 0.0195}}, {"type": "Feature", "geometry": {"type": "Polygon", "coordinates": [[[-95.42115, 29.77096], [-95.42102, 29.77013], [-95.42098, 29.76586], [-95.4221, 29.76571], [-95.42245, 29.76501], [-95.42226, 29.76343], [-95.42268, 29.7615], [-95.42217, 29.76138], [-95.41756, 29.76138], [-95.41621, 29.76148], [-95.41631, 29.76593], [-95.40938, 29.76607], [-95.40946, 29.77047], [-95.41342, 29.77043], [-95.42115, 29.77096]]]}, "properties": {"GEOID": "48201510801", "under5_pop": 444, "licensed_capacity": 136, "children_per_slot": 3.26, "childcare_desert": 1, "pct_zero_car": 0.0258}}, {"type": "Feature", "geometry": {"type": "Polygon", "coordinates": [[[-95.42966, 29.80317], [-95.43003, 29.80164], [-95.42989, 29.78925], [-95.42316, 29.78928], [-95.42006, 29.79002], [-95.41706, 29.79012], [-95.41738, 29.79067], [-95.41947, 29.792], [-95.42079, 29.7935], [-95.42205, 29.79402], [-95.42277, 29.79484], [-95.42349, 29.79704], [-95.42441, 29.79816], [-95.42487, 29.80018], [-95.42634, 29.80102], [-95.42652, 29.80166], [-95.42705, 29.80276], [-95.42782, 29.80309], [-95.42966, 29.80317]]]}, "properties": {"GEOID": "48201511004", "under5_pop": 175, "licensed_capacity": 0, "children_per_slot": null, "childcare_desert": 1, "pct_zero_car": 0.1271}}, {"type": "Feature", "geometry": {"type": "Polygon", "coordinates": [[[-95.37201, 29.85904], [-95.37177, 29.84567], [-95.36886, 29.84617], [-95.36029, 29.8463], [-95.35905, 29.8465], [-95.36222, 29.8592], [-95.36471, 29.85903], [-95.37201, 29.85904]]]}, "properties": {"GEOID": "48201221302", "under5_pop": 373, "licensed_capacity": 0, "children_per_slot": null, "childcare_desert": 1, "pct_zero_car": 0.0098}}, {"type": "Feature", "geometry": {"type": "Polygon", "coordinates": [[[-95.29545, 29.70213], [-95.29118, 29.69939], [-95.29019, 29.69991], [-95.28979, 29.70063], [-95.28987, 29.70176], [-95.2883, 29.70398], [-95.2863, 29.70509], [-95.28546, 29.70506], [-95.28381, 29.70388], [-95.28179, 29.70136], [-95.28026, 29.70139], [-95.28065, 29.70152], [-95.28086, 29.70921], [-95.28351, 29.70915], [-95.28353, 29.70944], [-95.29013, 29.70936], [-95.29005, 29.7064], [-95.28972, 29.70487], [-95.29051, 29.70404], [-95.29338, 29.70384], [-95.29442, 29.70332], [-95.29545, 29.70213]]]}, "properties": {"GEOID": "48201311501", "under5_pop": 137, "licensed_capacity": 0, "children_per_slot": null, "childcare_desert": 1, "pct_zero_car": 0.0937}}, {"type": "Feature", "geometry": {"type": "Polygon", "coordinates": [[[-95.28595, 29.71677], [-95.2859, 29.71479], [-95.28717, 29.71448], [-95.29019, 29.7122], [-95.29013, 29.70936], [-95.28353, 29.70944], [-95.28351, 29.70915], [-95.28086, 29.70921], [-95.28065, 29.70152], [-95.28026, 29.70139], [-95.28078, 29.70062], [-95.27788, 29.70268], [-95.27207, 29.70693], [-95.2693, 29.70837], [-95.26718, 29.70991], [-95.27056, 29.71071], [-95.27385, 29.71181], [-95.2782, 29.71382], [-95.28028, 29.71565], [-95.28203, 29.71593], [-95.2836, 29.7166], [-95.28595, 29.71677]]]}, "properties": {"GEOID": "48201311502", "under5_pop": 0, "licensed_capacity": 0, "children_per_slot": null, "childcare_desert": 0, "pct_zero_car": 0.1774}}, {"type": "Feature", "geometry": {"type": "Polygon", "coordinates": [[[-95.56036, 29.67005], [-95.56022, 29.66739], [-95.55965, 29.66428], [-95.55812, 29.66105], [-95.55338, 29.66542], [-95.54892, 29.66962], [-95.55087, 29.67109], [-95.55193, 29.6707], [-95.55578, 29.67054], [-95.55702, 29.67019], [-95.56036, 29.67005]]]}, "properties": {"GEOID": "48201433601", "under5_pop": 548, "licensed_capacity": 0, "children_per_slot": null, "childcare_desert": 1, "pct_zero_car": 0.0853}}, {"type": "Feature", "geometry": {"type": "Polygon", "coordinates": [[[-95.58759, 29.68893], [-95.58748, 29.68456], [-95.58605, 29.68416], [-95.58277, 29.68419], [-95.58176, 29.68464], [-95.58098, 29.68412], [-95.57832, 29.68438], [-95.57802, 29.68068], [-95.57528, 29.68108], [-95.57529, 29.68267], [-95.57458, 29.68269], [-95.57447, 29.67447], [-95.57039, 29.67422], [-95.5706, 29.67838], [-95.57016, 29.67995], [-95.57005, 29.68168], [-95.56954, 29.68385], [-95.56965, 29.68617], [-95.57026, 29.68838], [-95.572, 29.68808], [-95.57465, 29.68804], [-95.57658, 29.68805], [-95.58124, 29.68882], [-95.58297, 29.68894], [-95.58759, 29.68893]]]}, "properties": {"GEOID": "48201453603", "under5_pop": 163, "licensed_capacity": 262, "children_per_slot": 0.62, "childcare_desert": 0, "pct_zero_car": 0.072}}, {"type": "Feature", "geometry": {"type": "Polygon", "coordinates": [[[-95.60806, 29.86311], [-95.605, 29.84154], [-95.60484, 29.83374], [-95.60107, 29.83262], [-95.59675, 29.83152], [-95.57585, 29.83179], [-95.57297, 29.83175], [-95.56369, 29.83193], [-95.56366, 29.83845], [-95.56367, 29.85029], [-95.58147, 29.8503], [-95.58148, 29.86709], [-95.58584, 29.86703], [-95.58802, 29.86661], [-95.59348, 29.86387], [-95.59455, 29.86345], [-95.59671, 29.86317], [-95.60806, 29.86311]]]}, "properties": {"GEOID": "48201540101", "under5_pop": 250, "licensed_capacity": 448, "children_per_slot": 0.56, "childcare_desert": 0, "pct_zero_car": 0.0221}}, {"type": "Feature", "geometry": {"type": "Polygon", "coordinates": [[[-95.60852, 29.87954], [-95.60842, 29.87675], [-95.60846, 29.87246], [-95.60828, 29.86573], [-95.60806, 29.86311], [-95.59671, 29.86317], [-95.59455, 29.86345], [-95.59348, 29.86387], [-95.58802, 29.86661], [-95.58584, 29.86703], [-95.58148, 29.86709], [-95.58147, 29.8503], [-95.56367, 29.85029], [-95.56368, 29.86047], [-95.56374, 29.86704], [-95.56346, 29.8683], [-95.56208, 29.8704], [-95.56093, 29.87138], [-95.55918, 29.87225], [-95.5695, 29.87948], [-95.57363, 29.8795], [-95.57647, 29.88026], [-95.58251, 29.88022], [-95.58556, 29.88011], [-95.60093, 29.87991], [-95.60603, 29.8796], [-95.60852, 29.87954]]]}, "properties": {"GEOID": "48201540102", "under5_pop": 688, "licensed_capacity": 195, "children_per_slot": 3.53, "childcare_desert": 1, "pct_zero_car": 0.0177}}, {"type": "Feature", "geometry": {"type": "Polygon", "coordinates": [[[-95.44098, 29.89789], [-95.44078, 29.88526], [-95.43113, 29.88559], [-95.43115, 29.88627], [-95.42638, 29.88636], [-95.42462, 29.88674], [-95.42175, 29.88831], [-95.42931, 29.89803], [-95.43279, 29.89803], [-95.44098, 29.89789]]]}, "properties": {"GEOID": "48201533401", "under5_pop": 267, "licensed_capacity": 0, "children_per_slot": null, "childcare_desert": 1, "pct_zero_car": 0.0376}}, {"type": "Feature", "geometry": {"type": "Polygon", "coordinates": [[[-95.48791, 29.72577], [-95.4898, 29.72506], [-95.49164, 29.7236], [-95.48904, 29.72376], [-95.48903, 29.72181], [-95.48511, 29.72192], [-95.48478, 29.7225], [-95.48414, 29.72504], [-95.48417, 29.72598], [-95.48721, 29.72588], [-95.48791, 29.72577]]]}, "properties": {"GEOID": "48201421203", "under5_pop": 429, "licensed_capacity": 0, "children_per_slot": null, "childcare_desert": 1, "pct_zero_car": 0.04}}, {"type": "Feature", "geometry": {"type": "Polygon", "coordinates": [[[-95.60584, 29.73618], [-95.60573, 29.72978], [-95.59912, 29.72985], [-95.59615, 29.72996], [-95.59372, 29.73065], [-95.5925, 29.73073], [-95.59263, 29.7363], [-95.60082, 29.73615], [-95.60584, 29.73618]]]}, "properties": {"GEOID": "48201452002", "under5_pop": 242, "licensed_capacity": 107, "children_per_slot": 2.26, "childcare_desert": 0, "pct_zero_car": 0.1255}}, {"type": "Feature", "geometry": {"type": "Polygon", "coordinates": [[[-95.62526, 29.75491], [-95.6252, 29.74766], [-95.625, 29.74672], [-95.62263, 29.74643], [-95.61902, 29.74656], [-95.61813, 29.74759], [-95.61843, 29.748], [-95.61848, 29.74967], [-95.61889, 29.75082], [-95.61887, 29.75194], [-95.61845, 29.75328], [-95.61844, 29.75446], [-95.62353, 29.75444], [-95.62526, 29.75491]]]}, "properties": {"GEOID": "48201451404", "under5_pop": 330, "licensed_capacity": 172, "children_per_slot": 1.92, "childcare_desert": 0, "pct_zero_car": 0.051}}, {"type": "Feature", "geometry": {"type": "Polygon", "coordinates": [[[-95.1958, 29.97933], [-95.19649, 29.97636], [-95.1972, 29.97493], [-95.19828, 29.97438], [-95.20544, 29.97438], [-95.20549, 29.97192], [-95.20542, 29.96329], [-95.19419, 29.96322], [-95.1905, 29.96344], [-95.17783, 29.96368], [-95.17784, 29.96762], [-95.1781, 29.98085], [-95.18059, 29.98045], [-95.18254, 29.97938], [-95.1839, 29.97891], [-95.1862, 29.97871], [-95.18898, 29.97896], [-95.19009, 29.97886], [-95.19365, 29.97935], [-95.1958, 29.97933]]]}, "properties": {"GEOID": "48201250407", "under5_pop": 463, "licensed_capacity": 0, "children_per_slot": null, "childcare_desert": 1, "pct_zero_car": 0.025}}, {"type": "Feature", "geometry": {"type": "Polygon", "coordinates": [[[-95.16994, 29.79037], [-95.16972, 29.78227], [-95.16318, 29.7824], [-95.16289, 29.77153], [-95.1618, 29.77155], [-95.16166, 29.77105], [-95.15557, 29.77113], [-95.15344, 29.77129], [-95.1567, 29.77497], [-95.15767, 29.77676], [-95.15828, 29.77899], [-95.15839, 29.78329], [-95.15879, 29.78507], [-95.16105, 29.79066], [-95.16994, 29.79037]]]}, "properties": {"GEOID": "48201233105", "under5_pop": 159, "licensed_capacity": 0, "children_per_slot": null, "childcare_desert": 1, "pct_zero_car": 0.0355}}, {"type": "Feature", "geometry": {"type": "Polygon", "coordinates": [[[-95.1753, 29.83223], [-95.17077, 29.82747], [-95.16783, 29.82365], [-95.16611, 29.82049], [-95.16501, 29.818], [-95.16415, 29.8152], [-95.1636, 29.81208], [-95.16329, 29.80874], [-95.15869, 29.80995], [-95.15912, 29.81068], [-95.16182, 29.81377], [-95.16215, 29.81536], [-95.16198, 29.81624], [-95.16013, 29.81786], [-95.1594, 29.81812], [-95.15706, 29.82023], [-95.15673, 29.82206], [-95.15698, 29.8244], [-95.158, 29.82882], [-95.1589, 29.83079], [-95.15864, 29.83238], [-95.16001, 29.83666], [-95.16083, 29.83886], [-95.16875, 29.83544], [-95.17203, 29.83371], [-95.1753, 29.83223]]]}, "properties": {"GEOID": "48201252201", "under5_pop": 537, "licensed_capacity": 12, "children_per_slot": 44.75, "childcare_desert": 1, "pct_zero_car": 0.0027}}, {"type": "Feature", "geometry": {"type": "Polygon", "coordinates": [[[-95.61919, 29.74301], [-95.61927, 29.74165], [-95.61794, 29.73981], [-95.61772, 29.73815], [-95.61811, 29.73706], [-95.61811, 29.73595], [-95.61354, 29.73601], [-95.61357, 29.73731], [-95.61418, 29.74049], [-95.61561, 29.74051], [-95.61563, 29.74213], [-95.61686, 29.74284], [-95.61919, 29.74301]]]}, "properties": {"GEOID": "48201451407", "under5_pop": 85, "licensed_capacity": 0, "children_per_slot": null, "childcare_desert": 1, "pct_zero_car": 0.0}}, {"type": "Feature", "geometry": {"type": "Polygon", "coordinates": [[[-95.57623, 29.75724], [-95.57557, 29.75576], [-95.5743, 29.7545], [-95.57269, 29.75197], [-95.57217, 29.75059], [-95.57207, 29.74795], [-95.57057, 29.74787], [-95.56825, 29.74741], [-95.56501, 29.74725], [-95.56472, 29.74864], [-95.56331, 29.74861], [-95.56322, 29.75027], [-95.5633, 29.75785], [-95.56331, 29.7587], [-95.56611, 29.75892], [-95.56699, 29.75878], [-95.56698, 29.75641], [-95.56979, 29.75639], [-95.57048, 29.75777], [-95.57181, 29.75733], [-95.5726, 29.75767], [-95.57332, 29.75729], [-95.57623, 29.75724]]]}, "properties": {"GEOID": "48201450803", "under5_pop": 271, "licensed_capacity": 0, "children_per_slot": null, "childcare_desert": 1, "pct_zero_car": 0.0931}}, {"type": "Feature", "geometry": {"type": "Polygon", "coordinates": [[[-95.50843, 29.65602], [-95.50838, 29.65153], [-95.50639, 29.65116], [-95.50323, 29.65117], [-95.50316, 29.64433], [-95.50037, 29.64437], [-95.50057, 29.65449], [-95.50518, 29.65446], [-95.5056, 29.65456], [-95.50557, 29.65603], [-95.50843, 29.65602]]]}, "properties": {"GEOID": "48201422304", "under5_pop": 500, "licensed_capacity": 0, "children_per_slot": null, "childcare_desert": 1, "pct_zero_car": 0.1358}}, {"type": "Feature", "geometry": {"type": "Polygon", "coordinates": [[[-95.36405, 29.64648], [-95.36395, 29.64619], [-95.36368, 29.63473], [-95.36362, 29.62998], [-95.36338, 29.62107], [-95.35544, 29.62106], [-95.35595, 29.63822], [-95.35602, 29.64241], [-95.35629, 29.64822], [-95.3576, 29.64793], [-95.35917, 29.64808], [-95.36009, 29.64728], [-95.36405, 29.64648]]]}, "properties": {"GEOID": "48201331501", "under5_pop": 206, "licensed_capacity": 89, "children_per_slot": 2.31, "childcare_desert": 0, "pct_zero_car": 0.0909}}, {"type": "Feature", "geometry": {"type": "Polygon", "coordinates": [[[-95.48082, 29.75006], [-95.48109, 29.74872], [-95.47952, 29.74868], [-95.4794, 29.73796], [-95.47952, 29.73776], [-95.47658, 29.73781], [-95.4772, 29.74056], [-95.47712, 29.74404], [-95.47728, 29.74592], [-95.47697, 29.75013], [-95.48082, 29.75006]]]}, "properties": {"GEOID": "48201431403", "under5_pop": 54, "licensed_capacity": 152, "children_per_slot": 0.36, "childcare_desert": 0, "pct_zero_car": 0.0}}, {"type": "Feature", "geometry": {"type": "Polygon", "coordinates": [[[-95.41231, 29.92468], [-95.41275, 29.91733], [-95.41269, 29.91507], [-95.40681, 29.91521], [-95.40513, 29.91541], [-95.40499, 29.91543], [-95.40196, 29.91623], [-95.39567, 29.91898], [-95.39352, 29.91932], [-95.39354, 29.92103], [-95.39394, 29.92201], [-95.39769, 29.92594], [-95.39788, 29.92598], [-95.39973, 29.92595], [-95.40161, 29.92527], [-95.40053, 29.92406], [-95.40262, 29.92256], [-95.40286, 29.92211], [-95.40213, 29.9213], [-95.40293, 29.92082], [-95.40438, 29.9207], [-95.40675, 29.91993], [-95.40856, 29.92495], [-95.40998, 29.92458], [-95.41231, 29.92468]]]}, "properties": {"GEOID": "48201222505", "under5_pop": 123, "licensed_capacity": 0, "children_per_slot": null, "childcare_desert": 1, "pct_zero_car": 0.1255}}, {"type": "Feature", "geometry": {"type": "Polygon", "coordinates": [[[-95.27844, 29.62594], [-95.27841, 29.62502], [-95.27572, 29.62503], [-95.27552, 29.61173], [-95.28554, 29.61165], [-95.28598, 29.60643], [-95.28615, 29.60291], [-95.27823, 29.60302], [-95.27777, 29.60142], [-95.26632, 29.60163], [-95.26654, 29.60464], [-95.26658, 29.61183], [-95.26667, 29.61334], [-95.26679, 29.62451], [-95.26673, 29.62644], [-95.27844, 29.62594]]]}, "properties": {"GEOID": "48201333802", "under5_pop": 712, "licensed_capacity": 154, "children_per_slot": 4.62, "childcare_desert": 1, "pct_zero_car": 0.0267}}, {"type": "Feature", "geometry": {"type": "Polygon", "coordinates": [[[-95.34768, 29.76651], [-95.34838, 29.76596], [-95.34934, 29.76448], [-95.35028, 29.76082], [-95.35127, 29.75875], [-95.34868, 29.75726], [-95.34138, 29.75289], [-95.33939, 29.75542], [-95.33801, 29.75507], [-95.33509, 29.759], [-95.33453, 29.76005], [-95.33338, 29.76087], [-95.33354, 29.76134], [-95.33764, 29.76219], [-95.33857, 29.76209], [-95.34064, 29.76134], [-95.34343, 29.76216], [-95.34584, 29.762], [-95.34661, 29.76263], [-95.3466, 29.76557], [-95.34678, 29.76616], [-95.34768, 29.76651]]]}, "properties": {"GEOID": "48201310102", "under5_pop": 128, "licensed_capacity": 0, "children_per_slot": null, "childcare_desert": 1, "pct_zero_car": 0.2324}}, {"type": "Feature", "geometry": {"type": "Polygon", "coordinates": [[[-95.24781, 29.60061], [-95.2503, 29.59833], [-95.24641, 29.5952], [-95.24589, 29.59545], [-95.24494, 29.59416], [-95.23682, 29.58747], [-95.23514, 29.58546], [-95.23211, 29.58648], [-95.2326, 29.58735], [-95.23541, 29.58967], [-95.22787, 29.59656], [-95.23295, 29.60072], [-95.23767, 29.60064], [-95.24781, 29.60061]]]}, "properties": {"GEOID": "48201350202", "under5_pop": 296, "licensed_capacity": 102, "children_per_slot": 2.9, "childcare_desert": 0, "pct_zero_car": 0.0277}}, {"type": "Feature", "geometry": {"type": "Polygon", "coordinates": [[[-95.40088, 29.71149], [-95.40507, 29.70625], [-95.40302, 29.70623], [-95.40299, 29.70472], [-95.40244, 29.70237], [-95.40211, 29.70139], [-95.39839, 29.70191], [-95.3966, 29.703], [-95.39194, 29.7015], [-95.39023, 29.7059], [-95.38852, 29.70661], [-95.38644, 29.70636], [-95.38462, 29.7057], [-95.38281, 29.71124], [-95.38209, 29.7131], [-95.38093, 29.71652], [-95.38275, 29.71736], [-95.38364, 29.7184], [-95.38491, 29.72049], [-95.39072, 29.72393], [-95.39132, 29.72358], [-95.39365, 29.72064], [-95.40088, 29.71149]]]}, "properties": {"GEOID": "48201313102", "under5_pop": 95, "licensed_capacity": 98, "children_per_slot": 0.97, "childcare_desert": 0, "pct_zero_car": 0.0389}}, {"type": "Feature", "geometry": {"type": "Polygon", "coordinates": [[[-95.58748, 29.68456], [-95.58728, 29.67522], [-95.58152, 29.67488], [-95.57726, 29.67463], [-95.57447, 29.67447], [-95.57458, 29.68269], [-95.57529, 29.68267], [-95.57528, 29.68108], [-95.57802, 29.68068], [-95.57832, 29.68438], [-95.58098, 29.68412], [-95.58176, 29.68464], [-95.58277, 29.68419], [-95.58605, 29.68416], [-95.58748, 29.68456]]]}, "properties": {"GEOID": "48201453604", "under5_pop": 81, "licensed_capacity": 12, "children_per_slot": 6.75, "childcare_desert": 1, "pct_zero_car": 0.0596}}, {"type": "Feature", "geometry": {"type": "Polygon", "coordinates": [[[-95.54526, 29.82271], [-95.54521, 29.81269], [-95.54014, 29.81271], [-95.53789, 29.81217], [-95.53688, 29.81352], [-95.53681, 29.81846], [-95.53689, 29.82248], [-95.53839, 29.82268], [-95.54526, 29.82271]]]}, "properties": {"GEOID": "48201522101", "under5_pop": 464, "licensed_capacity": 175, "children_per_slot": 2.65, "childcare_desert": 0, "pct_zero_car": 0.1593}}, {"type": "Feature", "geometry": {"type": "Polygon", "coordinates": [[[-95.37998, 29.73795], [-95.38447, 29.73225], [-95.37417, 29.73307], [-95.37252, 29.73346], [-95.37126, 29.73422], [-95.36908, 29.73683], [-95.37704, 29.74165], [-95.37998, 29.73795]]]}, "properties": {"GEOID": "48201312502", "under5_pop": 71, "licensed_capacity": 0, "children_per_slot": null, "childcare_desert": 1, "pct_zero_car": 0.0967}}, {"type": "Feature", "geometry": {"type": "Polygon", "coordinates": [[[-95.39931, 29.7428], [-95.39931, 29.73869], [-95.38888, 29.73879], [-95.38894, 29.74327], [-95.38884, 29.74451], [-95.38966, 29.74462], [-95.39312, 29.74466], [-95.39714, 29.74281], [-95.39931, 29.7428]]]}, "properties": {"GEOID": "48201410703", "under5_pop": 112, "licensed_capacity": 162, "children_per_slot": 0.69, "childcare_desert": 0, "pct_zero_car": 0.0926}}, {"type": "Feature", "geometry": {"type": "Polygon", "coordinates": [[[-95.41073, 29.74258], [-95.41069, 29.73855], [-95.39931, 29.73869], [-95.39931, 29.7428], [-95.40207, 29.74279], [-95.40827, 29.74277], [-95.41073, 29.74258]]]}, "properties": {"GEOID": "48201410802", "under5_pop": 101, "licensed_capacity": 0, "children_per_slot": null, "childcare_desert": 1, "pct_zero_car": 0.0}}, {"type": "Feature", "geometry": {"type": "Polygon", "coordinates": [[[-95.56965, 29.68617], [-95.56954, 29.68385], [-95.57005, 29.68168], [-95.57016, 29.67995], [-95.5706, 29.67838], [-95.57039, 29.67422], [-95.56863, 29.67413], [-95.56048, 29.67463], [-95.56025, 29.67621], [-95.55845, 29.68466], [-95.5627, 29.6848], [-95.56272, 29.68652], [-95.56846, 29.68641], [-95.56965, 29.68617]]]}, "properties": {"GEOID": "48201453202", "under5_pop": 301, "licensed_capacity": 139, "children_per_slot": 2.17, "childcare_desert": 0, "pct_zero_car": 0.0}}, {"type": "Feature", "geometry": {"type": "Polygon", "coordinates": [[[-95.58058, 29.73328], [-95.58065, 29.73205], [-95.58011, 29.72892], [-95.58028, 29.728], [-95.57922, 29.72784], [-95.57607, 29.72786], [-95.57163, 29.72773], [-95.57176, 29.73669], [-95.57617, 29.73662], [-95.57605, 29.73479], [-95.57568, 29.7327], [-95.57797, 29.73271], [-95.58058, 29.73328]]]}, "properties": {"GEOID": "48201452103", "under5_pop": 444, "licensed_capacity": 0, "children_per_slot": null, "childcare_desert": 1, "pct_zero_car": 0.0537}}, {"type": "Feature", "geometry": {"type": "Polygon", "coordinates": [[[-95.64331, 29.76937], [-95.6446, 29.76371], [-95.64458, 29.75927], [-95.63779, 29.75932], [-95.63723, 29.75959], [-95.63727, 29.76354], [-95.63444, 29.76358], [-95.63319, 29.76332], [-95.63169, 29.76453], [-95.62995, 29.76457], [-95.62764, 29.76404], [-95.62538, 29.764], [-95.62474, 29.76642], [-95.62313, 29.76881], [-95.62133, 29.77138], [-95.62313, 29.77246], [-95.62522, 29.77361], [-95.63199, 29.77393], [-95.63336, 29.77331], [-95.6339, 29.77151], [-95.63491, 29.7705], [-95.63969, 29.76905], [-95.64055, 29.76893], [-95.64331, 29.76937]]]}, "properties": {"GEOID": "48201451604", "under5_pop": 156, "licensed_capacity": 116, "children_per_slot": 1.34, "childcare_desert": 0, "pct_zero_car": 0.0}}, {"type": "Feature", "geometry": {"type": "Polygon", "coordinates": [[[-95.42056, 30.02357], [-95.41962, 30.01921], [-95.4187, 30.0174], [-95.41705, 30.01537], [-95.41573, 30.01203], [-95.41308, 30.0093], [-95.41169, 30.00754], [-95.40896, 30.00401], [-95.40817, 30.00231], [-95.40774, 30.00015], [-95.40525, 30.00042], [-95.40269, 30.00181], [-95.39917, 30.004], [-95.40002, 30.00506], [-95.40255, 30.00739], [-95.40346, 30.00881], [-95.40439, 30.01226], [-95.40452, 30.01407], [-95.40478, 30.02183], [-95.40438, 30.02523], [-95.40454, 30.02659], [-95.42056, 30.02357]]]}, "properties": {"GEOID": "48201240705", "under5_pop": 447, "licensed_capacity": 0, "children_per_slot": null, "childcare_desert": 1, "pct_zero_car": 0.0}}, {"type": "Feature", "geometry": {"type": "Polygon", "coordinates": [[[-95.19814, 29.98662], [-95.1959, 29.98065], [-95.1958, 29.97933], [-95.19365, 29.97935], [-95.19009, 29.97886], [-95.18898, 29.97896], [-95.1862, 29.97871], [-95.1839, 29.97891], [-95.18254, 29.97938], [-95.18059, 29.98045], [-95.1781, 29.98085], [-95.17788, 29.98085], [-95.17802, 29.98747], [-95.17801, 29.99333], [-95.19814, 29.98662]]]}, "properties": {"GEOID": "48201250406", "under5_pop": 187, "licensed_capacity": 975, "children_per_slot": 0.19, "childcare_desert": 0, "pct_zero_car": 0.014}}, {"type": "Feature", "geometry": {"type": "Polygon", "coordinates": [[[-95.54325, 29.73225], [-95.54647, 29.73306], [-95.54908, 29.73311], [-95.54898, 29.72875], [-95.54525, 29.7286], [-95.54409, 29.72835], [-95.54333, 29.73034], [-95.54325, 29.73225]]]}, "properties": {"GEOID": "48201432302", "under5_pop": 91, "licensed_capacity": 227, "children_per_slot": 0.4, "childcare_desert": 0, "pct_zero_car": 0.0109}}, {"type": "Feature", "geometry": {"type": "Polygon", "coordinates": [[[-95.62396, 29.70371], [-95.62386, 29.69609], [-95.62263, 29.69254], [-95.62239, 29.69146], [-95.62234, 29.68847], [-95.61433, 29.68851], [-95.61454, 29.69259], [-95.61464, 29.70351], [-95.62396, 29.70371]]]}, "properties": {"GEOID": "48201452701", "under5_pop": 97, "licensed_capacity": 119, "children_per_slot": 0.82, "childcare_desert": 0, "pct_zero_car": 0.0217}}, {"type": "Feature", "geometry": {"type": "Polygon", "coordinates": [[[-95.54532, 29.83224], [-95.54526, 29.82271], [-95.53839, 29.82268], [-95.53689, 29.82248], [-95.53687, 29.82752], [-95.53152, 29.82759], [-95.53156, 29.83243], [-95.54532, 29.83224]]]}, "properties": {"GEOID": "48201522001", "under5_pop": 182, "licensed_capacity": 0, "children_per_slot": null, "childcare_desert": 1, "pct_zero_car": 0.1381}}, {"type": "Feature", "geometry": {"type": "Polygon", "coordinates": [[[-95.69752, 30.05214], [-95.69767, 30.05049], [-95.69736, 30.0246], [-95.68585, 30.02466], [-95.6827, 30.02426], [-95.66495, 30.02437], [-95.66175, 30.0251], [-95.65316, 30.02514], [-95.65214, 30.0249], [-95.6445, 30.01863], [-95.64234, 30.01828], [-95.64233, 30.02137], [-95.64232, 30.02225], [-95.64088, 30.02247], [-95.64102, 30.02626], [-95.64093, 30.0284], [-95.637, 30.02839], [-95.63473, 30.02877], [-95.63175, 30.0296], [-95.63037, 30.02952], [-95.62718, 30.02901], [-95.62488, 30.0295], [-95.6229, 30.03053], [-95.62149, 30.03152], [-95.6198, 30.03225], [-95.61842, 30.03245], [-95.61274, 30.03267], [-95.60999, 30.03302], [-95.60861, 30.03355], [-95.60627, 30.03541], [-95.60393, 30.03653], [-95.60611, 30.04055], [-95.60821, 30.04276], [-95.61026, 30.04514], [-95.61173, 30.04717], [-95.61452, 30.05172], [-95.62118, 30.0517], [-95.63496, 30.05227], [-95.64322, 30.05203], [-95.64573, 30.05185], [-95.65622, 30.05079], [-95.6583, 30.05065], [-95.67185, 30.05008], [-95.68489, 30.04993], [-95.6872, 30.05006], [-95.69143, 30.05067], [-95.69752, 30.05214]]]}, "properties": {"GEOID": "48201555503", "under5_pop": 874, "licensed_capacity": 699, "children_per_slot": 1.25, "childcare_desert": 0, "pct_zero_car": 0.0119}}, {"type": "Feature", "geometry": {"type": "Polygon", "coordinates": [[[-95.40332, 29.68991], [-95.40323, 29.68524], [-95.39998, 29.68527], [-95.40006, 29.68893], [-95.39442, 29.68901], [-95.39268, 29.69178], [-95.3922, 29.69315], [-95.3923, 29.69529], [-95.39306, 29.6977], [-95.40083, 29.69578], [-95.4006, 29.69339], [-95.40306, 29.69091], [-95.40332, 29.68991]]]}, "properties": {"GEOID": "48201314003", "under5_pop": 180, "licensed_capacity": 0, "children_per_slot": null, "childcare_desert": 1, "pct_zero_car": 0.1672}}, {"type": "Feature", "geometry": {"type": "Polygon", "coordinates": [[[-95.28391, 29.77218], [-95.28951, 29.77283], [-95.29156, 29.77287], [-95.29264, 29.77261], [-95.29622, 29.77252], [-95.29781, 29.77284], [-95.30324, 29.77285], [-95.30327, 29.76738], [-95.30429, 29.76738], [-95.30431, 29.76015], [-95.29854, 29.7571], [-95.29682, 29.75677], [-95.29313, 29.75701], [-95.29126, 29.75519], [-95.2835, 29.7501], [-95.28348, 29.75067], [-95.28381, 29.76822], [-95.28391, 29.77218]]]}, "properties": {"GEOID": "48201211501", "under5_pop": 127, "licensed_capacity": 0, "children_per_slot": null, "childcare_desert": 1, "pct_zero_car": 0.0907}}, {"type": "Feature", "geometry": {"type": "Polygon", "coordinates": [[[-95.64406, 29.71105], [-95.64397, 29.70396], [-95.63438, 29.704], [-95.63448, 29.71178], [-95.64172, 29.71118], [-95.64406, 29.71105]]]}, "properties": {"GEOID": "48201452601", "under5_pop": 531, "licensed_capacity": 213, "children_per_slot": 2.49, "childcare_desert": 0, "pct_zero_car": 0.2047}}, {"type": "Feature", "geometry": {"type": "Polygon", "coordinates": [[[-95.61969, 29.73592], [-95.61961, 29.72807], [-95.61504, 29.72793], [-95.61303, 29.72836], [-95.61116, 29.72923], [-95.60956, 29.72968], [-95.60573, 29.72978], [-95.60584, 29.73618], [-95.61354, 29.73601], [-95.61811, 29.73595], [-95.61969, 29.73592]]]}, "properties": {"GEOID": "48201452001", "under5_pop": 148, "licensed_capacity": 246, "children_per_slot": 0.6, "childcare_desert": 0, "pct_zero_car": 0.0267}}, {"type": "Feature", "geometry": {"type": "Polygon", "coordinates": [[[-95.59263, 29.7363], [-95.5925, 29.73073], [-95.59222, 29.71539], [-95.58834, 29.7157], [-95.57145, 29.71706], [-95.57163, 29.72773], [-95.57607, 29.72786], [-95.57922, 29.72784], [-95.58028, 29.728], [-95.58011, 29.72892], [-95.58065, 29.73205], [-95.58058, 29.73328], [-95.5806, 29.73451], [-95.5812, 29.73656], [-95.58862, 29.7364], [-95.59263, 29.7363]]]}, "properties": {"GEOID": "48201452101", "under5_pop": 64, "licensed_capacity": 0, "children_per_slot": null, "childcare_desert": 1, "pct_zero_car": 0.0676}}, {"type": "Feature", "geometry": {"type": "Polygon", "coordinates": [[[-95.71889, 29.84229], [-95.71883, 29.83698], [-95.71903, 29.83561], [-95.71982, 29.83297], [-95.71987, 29.83117], [-95.70231, 29.83112], [-95.70247, 29.8438], [-95.70254, 29.84443], [-95.70493, 29.844], [-95.70733, 29.84292], [-95.71012, 29.84251], [-95.71093, 29.84263], [-95.71288, 29.84368], [-95.71386, 29.84374], [-95.71566, 29.84323], [-95.71715, 29.84233], [-95.71889, 29.84229]]]}, "properties": {"GEOID": "48201542104", "under5_pop": 339, "licensed_capacity": 488, "children_per_slot": 0.69, "childcare_desert": 0, "pct_zero_car": 0.0155}}, {"type": "Feature", "geometry": {"type": "Polygon", "coordinates": [[[-95.6833, 29.87994], [-95.68335, 29.87803], [-95.6833, 29.86536], [-95.67, 29.86541], [-95.66905, 29.86528], [-95.66892, 29.86713], [-95.6692, 29.86889], [-95.66926, 29.87281], [-95.6683, 29.87566], [-95.66815, 29.87901], [-95.67848, 29.87895], [-95.68158, 29.87975], [-95.6833, 29.87994]]]}, "properties": {"GEOID": "48201541302", "under5_pop": 223, "licensed_capacity": 267, "children_per_slot": 0.84, "childcare_desert": 0, "pct_zero_car": 0.0}}, {"type": "Feature", "geometry": {"type": "Polygon", "coordinates": [[[-95.30291, 29.75395], [-95.30389, 29.75236], [-95.3078, 29.74673], [-95.31039, 29.74288], [-95.29894, 29.73925], [-95.29907, 29.74307], [-95.3032, 29.74436], [-95.30003, 29.75197], [-95.2972, 29.75406], [-95.29861, 29.75416], [-95.29968, 29.75311], [-95.30084, 29.75273], [-95.3018, 29.75305], [-95.30291, 29.75395]]]}, "properties": {"GEOID": "48201311001", "under5_pop": 205, "licensed_capacity": 0, "children_per_slot": null, "childcare_desert": 1, "pct_zero_car": 0.0733}}, {"type": "Feature", "geometry": {"type": "Polygon", "coordinates": [[[-95.54886, 29.71898], [-95.54872, 29.71658], [-95.54739, 29.71689], [-95.54644, 29.71535], [-95.54464, 29.71349], [-95.54301, 29.71406], [-95.53893, 29.71363], [-95.53893, 29.71449], [-95.53906, 29.71971], [-95.5434, 29.71944], [-95.54886, 29.71898]]]}, "properties": {"GEOID": "48201433004", "under5_pop": 251, "licensed_capacity": 62, "children_per_slot": 4.05, "childcare_desert": 1, "pct_zero_car": 0.162}}, {"type": "Feature", "geometry": {"type": "Polygon", "coordinates": [[[-95.49561, 29.73758], [-95.49548, 29.73592], [-95.49544, 29.73175], [-95.48978, 29.73179], [-95.48985, 29.73768], [-95.49561, 29.73758]]]}, "properties": {"GEOID": "48201432005", "under5_pop": 361, "licensed_capacity": 0, "children_per_slot": null, "childcare_desert": 1, "pct_zero_car": 0.075}}, {"type": "Feature", "geometry": {"type": "Polygon", "coordinates": [[[-95.59002, 30.01309], [-95.58618, 30.00646], [-95.58493, 30.00452], [-95.58053, 29.99891], [-95.57854, 29.99666], [-95.57586, 29.99381], [-95.57461, 29.99225], [-95.57118, 29.98746], [-95.57008, 29.98577], [-95.5697, 29.98596], [-95.568, 29.9856], [-95.56679, 29.98448], [-95.56603, 29.98491], [-95.56499, 29.98461], [-95.56401, 29.98536], [-95.56183, 29.98525], [-95.56126, 29.98634], [-95.55962, 29.98644], [-95.55998, 29.98874], [-95.56053, 29.99032], [-95.56255, 29.99007], [-95.56388, 29.98941], [-95.56558, 29.99062], [-95.56706, 29.99203], [-95.56796, 29.99245], [-95.56845, 29.99357], [-95.56745, 29.99614], [-95.56799, 29.99879], [-95.56934, 29.99935], [-95.5697, 30.00082], [-95.57156, 30.00127], [-95.57277, 30.00217], [-95.57349, 30.00313], [-95.57413, 30.00617], [-95.57655, 30.01038], [-95.5775, 30.01113], [-95.57587, 30.01153], [-95.56457, 30.01167], [-95.56345, 30.00974], [-95.56317, 30.00975], [-95.56684, 30.01611], [-95.57063, 30.02278], [-95.57677, 30.01615], [-95.57792, 30.01542], [-95.57993, 30.01476], [-95.58407, 30.01465], [-95.58561, 30.01443], [-95.58793, 30.01346], [-95.59002, 30.01309]]]}, "properties": {"GEOID": "48201554202", "under5_pop": 197, "licensed_capacity": 96, "children_per_slot": 2.05, "childcare_desert": 0, "pct_zero_car": 0.0}}, {"type": "Feature", "geometry": {"type": "Polygon", "coordinates": [[[-95.55812, 29.66105], [-95.55611, 29.65846], [-95.55443, 29.65946], [-95.55203, 29.66122], [-95.5506, 29.66166], [-95.54939, 29.66316], [-95.54747, 29.66407], [-95.54714, 29.66491], [-95.54606, 29.66533], [-95.54535, 29.66636], [-95.54286, 29.66822], [-95.5413, 29.66865], [-95.54051, 29.66848], [-95.53814, 29.66884], [-95.53675, 29.67039], [-95.53506, 29.67184], [-95.53163, 29.67316], [-95.52979, 29.67336], [-95.53026, 29.67382], [-95.53052, 29.67642], [-95.53605, 29.67623], [-95.54218, 29.67587], [-95.54892, 29.66962], [-95.55338, 29.66542], [-95.55812, 29.66105]]]}, "properties": {"GEOID": "48201423100", "under5_pop": 421, "licensed_capacity": 87, "children_per_slot": 4.84, "childcare_desert": 1, "pct_zero_car": 0.1945}}, {"type": "Feature", "geometry": {"type": "Polygon", "coordinates": [[[-95.60619, 29.76189], [-95.60611, 29.75392], [-95.60087, 29.75375], [-95.59476, 29.75252], [-95.59202, 29.75121], [-95.58848, 29.7484], [-95.5866, 29.74744], [-95.58568, 29.74922], [-95.58538, 29.75104], [-95.58601, 29.75318], [-95.588, 29.75612], [-95.58937, 29.75992], [-95.5906, 29.75956], [-95.59393, 29.75925], [-95.59534, 29.75945], [-95.60152, 29.76173], [-95.60244, 29.76191], [-95.60619, 29.76189]]]}, "properties": {"GEOID": "48201451200", "under5_pop": 143, "licensed_capacity": 289, "children_per_slot": 0.49, "childcare_desert": 0, "pct_zero_car": 0.0}}, {"type": "Feature", "geometry": {"type": "Polygon", "coordinates": [[[-95.59029, 29.78492], [-95.59025, 29.78269], [-95.59001, 29.77271], [-95.5898, 29.77124], [-95.58812, 29.77237], [-95.58575, 29.77324], [-95.58296, 29.77328], [-95.57876, 29.77258], [-95.57025, 29.77264], [-95.57227, 29.7745], [-95.57349, 29.77517], [-95.57373, 29.77612], [-95.57176, 29.77743], [-95.57099, 29.77817], [-95.56937, 29.77911], [-95.5667, 29.78117], [-95.56534, 29.78299], [-95.56518, 29.78426], [-95.56593, 29.78481], [-95.58101, 29.78489], [-95.59029, 29.78492]]]}, "properties": {"GEOID": "48201450200", "under5_pop": 510, "licensed_capacity": 124, "children_per_slot": 4.11, "childcare_desert": 1, "pct_zero_car": 0.0103}}, {"type": "Feature", "geometry": {"type": "Polygon", "coordinates": [[[-95.64479, 29.78504], [-95.64468, 29.77816], [-95.64429, 29.776], [-95.64358, 29.77444], [-95.64295, 29.77236], [-95.64331, 29.76937], [-95.64055, 29.76893], [-95.63969, 29.76905], [-95.63491, 29.7705], [-95.6339, 29.77151], [-95.63336, 29.77331], [-95.63199, 29.77393], [-95.62522, 29.77361], [-95.62313, 29.77246], [-95.62387, 29.77459], [-95.62382, 29.77991], [-95.62377, 29.78506], [-95.62758, 29.78502], [-95.63049, 29.78513], [-95.63887, 29.78518], [-95.64479, 29.78504]]]}, "properties": {"GEOID": "48201450500", "under5_pop": 230, "licensed_capacity": 436, "children_per_slot": 0.53, "childcare_desert": 0, "pct_zero_car": 0.0087}}, {"type": "Feature", "geometry": {"type": "Polygon", "coordinates": [[[-95.57207, 29.74795], [-95.57199, 29.74278], [-95.57192, 29.73838], [-95.57176, 29.73669], [-95.5642, 29.73678], [-95.55772, 29.73686], [-95.55789, 29.74755], [-95.55981, 29.74752], [-95.56213, 29.74716], [-95.56501, 29.74725], [-95.56825, 29.74741], [-95.57057, 29.74787], [-95.57207, 29.74795]]]}, "properties": {"GEOID": "48201450900", "under5_pop": 179, "licensed_capacity": 151, "children_per_slot": 1.19, "childcare_desert": 0, "pct_zero_car": 0.0136}}, {"type": "Feature", "geometry": {"type": "Polygon", "coordinates": [[[-95.58937, 29.75992], [-95.588, 29.75612], [-95.58601, 29.75318], [-95.58538, 29.75104], [-95.58568, 29.74922], [-95.5866, 29.74744], [-95.58365, 29.74688], [-95.58168, 29.74697], [-95.57853, 29.74776], [-95.57704, 29.74791], [-95.57207, 29.74795], [-95.57217, 29.75059], [-95.57269, 29.75197], [-95.5743, 29.7545], [-95.57557, 29.75576], [-95.57623, 29.75724], [-95.57635, 29.76008], [-95.57576, 29.76223], [-95.57559, 29.76362], [-95.57601, 29.76586], [-95.5784, 29.76702], [-95.58139, 29.76572], [-95.5841, 29.76586], [-95.58548, 29.76534], [-95.5864, 29.76428], [-95.58818, 29.76083], [-95.58937, 29.75992]]]}, "properties": {"GEOID": "48201451100", "under5_pop": 529, "licensed_capacity": 185, "children_per_slot": 2.86, "childcare_desert": 0, "pct_zero_car": 0.0295}}, {"type": "Feature", "geometry": {"type": "Polygon", "coordinates": [[[-95.14056, 29.57652], [-95.13243, 29.56776], [-95.12554, 29.57272], [-95.12423, 29.57397], [-95.12332, 29.57517], [-95.12201, 29.57749], [-95.12464, 29.57858], [-95.12617, 29.57951], [-95.13033, 29.58381], [-95.14056, 29.57652]]]}, "properties": {"GEOID": "48201340600", "under5_pop": 121, "licensed_capacity": 145, "children_per_slot": 0.83, "childcare_desert": 0, "pct_zero_car": 0.0018}}, {"type": "Feature", "geometry": {"type": "Polygon", "coordinates": [[[-95.13814, 29.59212], [-95.1397, 29.59124], [-95.14243, 29.59002], [-95.14387, 29.58916], [-95.14568, 29.58739], [-95.1469, 29.58575], [-95.14811, 29.58455], [-95.15016, 29.58332], [-95.15443, 29.58208], [-95.15652, 29.5811], [-95.1578, 29.5802], [-95.14881, 29.57058], [-95.14056, 29.57652], [-95.13033, 29.58381], [-95.1337, 29.58693], [-95.13525, 29.58947], [-95.13814, 29.59212]]]}, "properties": {"GEOID": "48201340800", "under5_pop": 499, "licensed_capacity": 635, "children_per_slot": 0.79, "childcare_desert": 0, "pct_zero_car": 0.0059}}, {"type": "Feature", "geometry": {"type": "Polygon", "coordinates": [[[-95.1974, 29.71246], [-95.19661, 29.71043], [-95.19067, 29.70535], [-95.19004, 29.70471], [-95.17947, 29.69852], [-95.1712, 29.69358], [-95.17107, 29.69368], [-95.17121, 29.69941], [-95.17144, 29.70851], [-95.17149, 29.71257], [-95.19022, 29.71307], [-95.1974, 29.71246]]]}, "properties": {"GEOID": "48201322800", "under5_pop": 352, "licensed_capacity": 0, "children_per_slot": null, "childcare_desert": 1, "pct_zero_car": 0.0462}}, {"type": "Feature", "geometry": {"type": "Polygon", "coordinates": [[[-95.1974, 29.71246], [-95.20127, 29.71211], [-95.20109, 29.70762], [-95.20105, 29.69813], [-95.19392, 29.69823], [-95.19328, 29.69861], [-95.18888, 29.69876], [-95.1829, 29.69881], [-95.18294, 29.69832], [-95.17957, 29.69834], [-95.17947, 29.69852], [-95.19004, 29.70471], [-95.19067, 29.70535], [-95.19661, 29.71043], [-95.1974, 29.71246]]]}, "properties": {"GEOID": "48201322900", "under5_pop": 257, "licensed_capacity": 0, "children_per_slot": null, "childcare_desert": 1, "pct_zero_car": 0.0395}}, {"type": "Feature", "geometry": {"type": "Polygon", "coordinates": [[[-95.46031, 29.72024], [-95.46023, 29.70986], [-95.46004, 29.70823], [-95.45945, 29.70577], [-95.44739, 29.70592], [-95.44777, 29.72271], [-95.45151, 29.72267], [-95.45148, 29.7204], [-95.45977, 29.72031], [-95.46031, 29.72024]]]}, "properties": {"GEOID": "48201412700", "under5_pop": 159, "licensed_capacity": 682, "children_per_slot": 0.23, "childcare_desert": 0, "pct_zero_car": 0.0699}}, {"type": "Feature", "geometry": {"type": "Polygon", "coordinates": [[[-95.45945, 29.70577], [-95.45932, 29.70497], [-95.45921, 29.70072], [-95.45922, 29.69685], [-95.4591, 29.69008], [-95.45107, 29.69015], [-95.45104, 29.68931], [-95.44908, 29.68988], [-95.44705, 29.68996], [-95.44739, 29.70592], [-95.45945, 29.70577]]]}, "properties": {"GEOID": "48201412800", "under5_pop": 284, "licensed_capacity": 157, "children_per_slot": 1.81, "childcare_desert": 0, "pct_zero_car": 0.0059}}, {"type": "Feature", "geometry": {"type": "Polygon", "coordinates": [[[-95.43717, 29.70458], [-95.43712, 29.69853], [-95.43731, 29.69599], [-95.43708, 29.6943], [-95.43594, 29.69196], [-95.43607, 29.69155], [-95.43818, 29.69056], [-95.43905, 29.69078], [-95.43904, 29.69166], [-95.44008, 29.69166], [-95.44007, 29.69064], [-95.4382, 29.68991], [-95.43612, 29.69086], [-95.43499, 29.69194], [-95.43418, 29.6921], [-95.43261, 29.6913], [-95.43084, 29.69113], [-95.42945, 29.69153], [-95.42882, 29.69218], [-95.42859, 29.69378], [-95.42693, 29.69582], [-95.42728, 29.69712], [-95.42735, 29.70055], [-95.42745, 29.70609], [-95.42977, 29.70607], [-95.43313, 29.70604], [-95.43312, 29.70475], [-95.43717, 29.70458]]]}, "properties": {"GEOID": "48201413100", "under5_pop": 101, "licensed_capacity": 0, "children_per_slot": null, "childcare_desert": 1, "pct_zero_car": 0.0252}}, {"type": "Feature", "geometry": {"type": "Polygon", "coordinates": [[[-95.43011, 29.7253], [-95.42977, 29.70607], [-95.42745, 29.70609], [-95.42302, 29.70613], [-95.41829, 29.70616], [-95.4184, 29.71505], [-95.41858, 29.72549], [-95.42483, 29.72537], [-95.43011, 29.7253]]]}, "properties": {"GEOID": "48201412300", "under5_pop": 431, "licensed_capacity": 372, "children_per_slot": 1.16, "childcare_desert": 0, "pct_zero_car": 0.0}}, {"type": "Feature", "geometry": {"type": "Polygon", "coordinates": [[[-95.38892, 29.72664], [-95.39062, 29.72453], [-95.39072, 29.72393], [-95.38491, 29.72049], [-95.38364, 29.7184], [-95.38275, 29.71736], [-95.38093, 29.71652], [-95.37941, 29.72088], [-95.38892, 29.72664]]]}, "properties": {"GEOID": "48201312601", "under5_pop": 104, "licensed_capacity": 0, "children_per_slot": null, "childcare_desert": 1, "pct_zero_car": 0.086}}, {"type": "Feature", "geometry": {"type": "Polygon", "coordinates": [[[-95.38602, 29.73028], [-95.38584, 29.73033], [-95.37782, 29.72551], [-95.37941, 29.72088], [-95.38093, 29.71652], [-95.38209, 29.7131], [-95.38006, 29.71268], [-95.37866, 29.71196], [-95.37905, 29.71346], [-95.37905, 29.71616], [-95.37686, 29.72346], [-95.37629, 29.7247], [-95.375, 29.7266], [-95.37326, 29.72876], [-95.37262, 29.72994], [-95.37176, 29.73299], [-95.37252, 29.73346], [-95.37417, 29.73307], [-95.38447, 29.73225], [-95.38602, 29.73028]]]}, "properties": {"GEOID": "48201312603", "under5_pop": 232, "licensed_capacity": 217, "children_per_slot": 1.07, "childcare_desert": 0, "pct_zero_car": 0.1017}}, {"type": "Feature", "geometry": {"type": "Polygon", "coordinates": [[[-95.48888, 29.85057], [-95.48887, 29.84148], [-95.48498, 29.8404], [-95.48507, 29.85006], [-95.48379, 29.84995], [-95.482, 29.84858], [-95.48024, 29.84796], [-95.47911, 29.8473], [-95.47765, 29.84718], [-95.47542, 29.84658], [-95.47307, 29.84667], [-95.47063, 29.8454], [-95.47013, 29.84544], [-95.47206, 29.84889], [-95.47563, 29.84912], [-95.47855, 29.85022], [-95.48106, 29.85057], [-95.48888, 29.85057]]]}, "properties": {"GEOID": "48201532102", "under5_pop": 400, "licensed_capacity": 0, "children_per_slot": null, "childcare_desert": 1, "pct_zero_car": 0.1949}}, {"type": "Feature", "geometry": {"type": "Polygon", "coordinates": [[[-95.50684, 29.8656], [-95.50666, 29.86366], [-95.50558, 29.86205], [-95.50487, 29.86042], [-95.50484, 29.8593], [-95.50539, 29.85691], [-95.50538, 29.85586], [-95.50467, 29.85326], [-95.50465, 29.85159], [-95.50495, 29.85001], [-95.50551, 29.84882], [-95.49479, 29.84277], [-95.49273, 29.84143], [-95.48887, 29.84148], [-95.48888, 29.85057], [-95.4887, 29.85249], [-95.48863, 29.86049], [-95.48844, 29.8613], [-95.48697, 29.86437], [-95.48677, 29.86575], [-95.50684, 29.8656]]]}, "properties": {"GEOID": "48201532302", "under5_pop": 362, "licensed_capacity": 100, "children_per_slot": 3.62, "childcare_desert": 1, "pct_zero_car": 0.0468}}, {"type": "Feature", "geometry": {"type": "Polygon", "coordinates": [[[-95.56452, 29.93369], [-95.56451, 29.93092], [-95.56497, 29.92904], [-95.56589, 29.92716], [-95.56346, 29.92664], [-95.56203, 29.92662], [-95.55992, 29.92616], [-95.55573, 29.92412], [-95.55485, 29.92388], [-95.5535, 29.92551], [-95.55171, 29.92676], [-95.5479, 29.92835], [-95.54791, 29.93309], [-95.54865, 29.93373], [-95.56452, 29.93369]]]}, "properties": {"GEOID": "48201551601", "under5_pop": 279, "licensed_capacity": 300, "children_per_slot": 0.93, "childcare_desert": 0, "pct_zero_car": 0.0}}, {"type": "Feature", "geometry": {"type": "Polygon", "coordinates": [[[-95.20561, 29.79131], [-95.20536, 29.79015], [-95.2058, 29.78952], [-95.20932, 29.78968], [-95.21154, 29.78811], [-95.21354, 29.78753], [-95.21448, 29.78686], [-95.21488, 29.78577], [-95.21386, 29.78332], [-95.21297, 29.78215], [-95.21284, 29.78062], [-95.21193, 29.77954], [-95.21072, 29.77893], [-95.20854, 29.77904], [-95.20805, 29.77836], [-95.2081, 29.77653], [-95.20706, 29.77547], [-95.20642, 29.7755], [-95.20644, 29.77799], [-95.2062, 29.77936], [-95.20426, 29.78465], [-95.20273, 29.78699], [-95.20221, 29.78896], [-95.20222, 29.79138], [-95.20561, 29.79131]]]}, "properties": {"GEOID": "48201232802", "under5_pop": 201, "licensed_capacity": 171, "children_per_slot": 1.18, "childcare_desert": 0, "pct_zero_car": 0.0}}, {"type": "Feature", "geometry": {"type": "Polygon", "coordinates": [[[-95.18821, 30.06799], [-95.18818, 30.0678], [-95.18746, 30.0656], [-95.18734, 30.06253], [-95.18678, 30.05891], [-95.18344, 30.05865], [-95.1818, 30.05914], [-95.1794, 30.06048], [-95.17625, 30.06124], [-95.17451, 30.06203], [-95.1721, 30.06015], [-95.1708, 30.06066], [-95.16671, 30.0604], [-95.16688, 30.06186], [-95.16513, 30.06183], [-95.1625, 30.06222], [-95.16112, 30.06274], [-95.15869, 30.06315], [-95.15765, 30.06417], [-95.15994, 30.06503], [-95.16292, 30.06574], [-95.16473, 30.06726], [-95.16557, 30.06853], [-95.17159, 30.07262], [-95.17618, 30.07548], [-95.17936, 30.07193], [-95.18171, 30.07015], [-95.18417, 30.06905], [-95.18614, 30.06839], [-95.18821, 30.06799]]]}, "properties": {"GEOID": "48201251504", "under5_pop": 421, "licensed_capacity": 0, "children_per_slot": null, "childcare_desert": 1, "pct_zero_car": 0.0093}}, {"type": "Feature", "geometry": {"type": "Polygon", "coordinates": [[[-95.38573, 29.76168], [-95.38571, 29.75762], [-95.38248, 29.75769], [-95.38161, 29.75787], [-95.37869, 29.75789], [-95.37864, 29.75212], [-95.37875, 29.75209], [-95.37802, 29.75163], [-95.37684, 29.75312], [-95.37514, 29.75207], [-95.37449, 29.75288], [-95.3746, 29.75761], [-95.37372, 29.76005], [-95.3732, 29.76116], [-95.37536, 29.76134], [-95.37706, 29.76114], [-95.37803, 29.76205], [-95.37891, 29.76232], [-95.38063, 29.76192], [-95.38133, 29.76223], [-95.38264, 29.76386], [-95.38351, 29.76365], [-95.38472, 29.76178], [-95.38573, 29.76168]]]}, "properties": {"GEOID": "48201410102", "under5_pop": 114, "licensed_capacity": 0, "children_per_slot": null, "childcare_desert": 1, "pct_zero_car": 0.1117}}, {"type": "Feature", "geometry": {"type": "Polygon", "coordinates": [[[-95.62133, 29.77138], [-95.62313, 29.76881], [-95.62254, 29.76843], [-95.62213, 29.76693], [-95.6214, 29.76581], [-95.62139, 29.76353], [-95.62086, 29.76264], [-95.61909, 29.76161], [-95.61873, 29.7608], [-95.61868, 29.75616], [-95.61844, 29.75446], [-95.61046, 29.75457], [-95.60729, 29.75396], [-95.60611, 29.75392], [-95.60619, 29.76189], [-95.60721, 29.76185], [-95.6117, 29.76057], [-95.61292, 29.7609], [-95.61852, 29.76375], [-95.61921, 29.76515], [-95.61846, 29.76887], [-95.6189, 29.76996], [-95.62133, 29.77138]]]}, "properties": {"GEOID": "48201451502", "under5_pop": 148, "licensed_capacity": 0, "children_per_slot": null, "childcare_desert": 1, "pct_zero_car": 0.0907}}, {"type": "Feature", "geometry": {"type": "Polygon", "coordinates": [[[-95.64458, 29.75927], [-95.6445, 29.75587], [-95.63292, 29.7559], [-95.62923, 29.75592], [-95.62755, 29.75573], [-95.62526, 29.75491], [-95.62538, 29.764], [-95.62764, 29.76404], [-95.62995, 29.76457], [-95.63169, 29.76453], [-95.63319, 29.76332], [-95.63444, 29.76358], [-95.63727, 29.76354], [-95.63723, 29.75959], [-95.63779, 29.75932], [-95.64458, 29.75927]]]}, "properties": {"GEOID": "48201451603", "under5_pop": 158, "licensed_capacity": 215, "children_per_slot": 0.73, "childcare_desert": 0, "pct_zero_car": 0.1628}}, {"type": "Feature", "geometry": {"type": "Polygon", "coordinates": [[[-95.37559, 29.76549], [-95.38135, 29.76554], [-95.38154, 29.7662], [-95.38245, 29.76698], [-95.38274, 29.76831], [-95.39182, 29.76896], [-95.39223, 29.76754], [-95.39228, 29.76253], [-95.39118, 29.76256], [-95.38793, 29.76157], [-95.38573, 29.76168], [-95.38472, 29.76178], [-95.38351, 29.76365], [-95.38264, 29.76386], [-95.38133, 29.76223], [-95.38063, 29.76192], [-95.37891, 29.76232], [-95.37803, 29.76205], [-95.37706, 29.76114], [-95.37536, 29.76134], [-95.37555, 29.76266], [-95.37559, 29.76549]]]}, "properties": {"GEOID": "48201510201", "under5_pop": 81, "licensed_capacity": 0, "children_per_slot": null, "childcare_desert": 1, "pct_zero_car": 0.0273}}, {"type": "Feature", "geometry": {"type": "Polygon", "coordinates": [[[-95.14424, 29.55956], [-95.15014, 29.55579], [-95.1518, 29.55503], [-95.15419, 29.5534], [-95.14601, 29.54486], [-95.14182, 29.54041], [-95.13824, 29.54216], [-95.13914, 29.54401], [-95.13696, 29.54821], [-95.13788, 29.54867], [-95.13826, 29.55108], [-95.14041, 29.55073], [-95.14113, 29.55128], [-95.13881, 29.55291], [-95.14424, 29.55956]]]}, "properties": {"GEOID": "48201341002", "under5_pop": 238, "licensed_capacity": 12, "children_per_slot": 19.83, "childcare_desert": 1, "pct_zero_car": 0.0427}}, {"type": "Feature", "geometry": {"type": "Polygon", "coordinates": [[[-95.58799, 29.71098], [-95.58786, 29.70374], [-95.57538, 29.70386], [-95.57121, 29.70393], [-95.57135, 29.71171], [-95.58329, 29.71155], [-95.58338, 29.71106], [-95.58799, 29.71098]]]}, "properties": {"GEOID": "48201452402", "under5_pop": 214, "licensed_capacity": 155, "children_per_slot": 1.38, "childcare_desert": 0, "pct_zero_car": 0.0609}}, {"type": "Feature", "geometry": {"type": "Polygon", "coordinates": [[[-95.55758, 29.71826], [-95.55747, 29.71176], [-95.54957, 29.71184], [-95.5478, 29.71214], [-95.546, 29.71289], [-95.54464, 29.71349], [-95.54644, 29.71535], [-95.54739, 29.71689], [-95.54872, 29.71658], [-95.54886, 29.71898], [-95.55758, 29.71826]]]}, "properties": {"GEOID": "48201433005", "under5_pop": 201, "licensed_capacity": 372, "children_per_slot": 0.54, "childcare_desert": 0, "pct_zero_car": 0.3072}}, {"type": "Feature", "geometry": {"type": "Polygon", "coordinates": [[[-95.60467, 29.71432], [-95.60445, 29.70349], [-95.59615, 29.70362], [-95.58786, 29.70374], [-95.58799, 29.71098], [-95.58806, 29.71495], [-95.58834, 29.7157], [-95.59222, 29.71539], [-95.60467, 29.71432]]]}, "properties": {"GEOID": "48201452501", "under5_pop": 116, "licensed_capacity": 46, "children_per_slot": 2.52, "childcare_desert": 0, "pct_zero_car": 0.0372}}, {"type": "Feature", "geometry": {"type": "Polygon", "coordinates": [[[-95.51327, 29.70443], [-95.51123, 29.70388], [-95.50876, 29.70382], [-95.50707, 29.7041], [-95.50441, 29.70498], [-95.5027, 29.70531], [-95.49724, 29.70542], [-95.49683, 29.70682], [-95.49683, 29.71064], [-95.49695, 29.71145], [-95.49476, 29.71291], [-95.49713, 29.71494], [-95.49929, 29.71684], [-95.50646, 29.71048], [-95.50942, 29.70787], [-95.51327, 29.70443]]]}, "properties": {"GEOID": "48201421302", "under5_pop": 211, "licensed_capacity": 147, "children_per_slot": 1.44, "childcare_desert": 0, "pct_zero_car": 0.0442}}, {"type": "Feature", "geometry": {"type": "Polygon", "coordinates": [[[-95.49476, 29.71291], [-95.49695, 29.71145], [-95.49683, 29.71064], [-95.49683, 29.70682], [-95.49724, 29.70542], [-95.49305, 29.70545], [-95.49314, 29.71018], [-95.49328, 29.71083], [-95.49378, 29.71186], [-95.49476, 29.71291]]]}, "properties": {"GEOID": "48201421301", "under5_pop": 407, "licensed_capacity": 102, "children_per_slot": 3.99, "childcare_desert": 1, "pct_zero_car": 0.2585}}, {"type": "Feature", "geometry": {"type": "Polygon", "coordinates": [[[-95.5366, 29.66602], [-95.53656, 29.66418], [-95.5362, 29.66356], [-95.53602, 29.65645], [-95.53627, 29.6563], [-95.53247, 29.65632], [-95.5294, 29.65571], [-95.52802, 29.65568], [-95.5281, 29.66497], [-95.52922, 29.66497], [-95.53415, 29.66601], [-95.5366, 29.66602]]]}, "properties": {"GEOID": "48201423203", "under5_pop": 115, "licensed_capacity": 189, "children_per_slot": 0.61, "childcare_desert": 0, "pct_zero_car": 0.0487}}, {"type": "Feature", "geometry": {"type": "Polygon", "coordinates": [[[-95.26817, 29.95451], [-95.26705, 29.95368], [-95.26632, 29.9536], [-95.26625, 29.9491], [-95.26641, 29.94772], [-95.26797, 29.9439], [-95.26828, 29.9428], [-95.26832, 29.93839], [-95.26475, 29.93719], [-95.25919, 29.93552], [-95.25612, 29.93481], [-95.25202, 29.93443], [-95.24951, 29.9345], [-95.24954, 29.93967], [-95.2497, 29.94962], [-95.24965, 29.95117], [-95.24916, 29.95299], [-95.24812, 29.95547], [-95.24793, 29.95677], [-95.24802, 29.96197], [-95.25034, 29.96199], [-95.25381, 29.96168], [-95.25911, 29.95932], [-95.26147, 29.95816], [-95.26636, 29.95596], [-95.26817, 29.95451]]]}, "properties": {"GEOID": "48201250201", "under5_pop": 397, "licensed_capacity": 254, "children_per_slot": 1.56, "childcare_desert": 0, "pct_zero_car": 0.0188}}, {"type": "Feature", "geometry": {"type": "Polygon", "coordinates": [[[-95.686, 29.90852], [-95.68593, 29.90738], [-95.68396, 29.8969], [-95.67893, 29.89763], [-95.6787, 29.89633], [-95.67814, 29.89564], [-95.67856, 29.89531], [-95.67841, 29.89433], [-95.677, 29.89421], [-95.67715, 29.89319], [-95.67612, 29.89196], [-95.67717, 29.89116], [-95.67543, 29.88953], [-95.67254, 29.8905], [-95.67167, 29.88984], [-95.67046, 29.88981], [-95.66846, 29.89025], [-95.66854, 29.89596], [-95.66871, 29.89723], [-95.66936, 29.89955], [-95.66969, 29.90111], [-95.66977, 29.90473], [-95.66961, 29.90584], [-95.67093, 29.90608], [-95.67542, 29.90611], [-95.67776, 29.90634], [-95.67994, 29.90688], [-95.68285, 29.90807], [-95.68445, 29.90846], [-95.686, 29.90852]]]}, "properties": {"GEOID": "48201541207", "under5_pop": 148, "licensed_capacity": 580, "children_per_slot": 0.26, "childcare_desert": 0, "pct_zero_car": 0.0131}}, {"type": "Feature", "geometry": {"type": "Polygon", "coordinates": [[[-95.46759, 29.98894], [-95.4684, 29.98745], [-95.47224, 29.98538], [-95.47135, 29.98358], [-95.46924, 29.98062], [-95.47275, 29.97868], [-95.47367, 29.97791], [-95.47214, 29.97656], [-95.47081, 29.97774], [-95.46911, 29.97818], [-95.46872, 29.97776], [-95.46857, 29.97616], [-95.46817, 29.97503], [-95.46587, 29.97289], [-95.4567, 29.97313], [-95.453, 29.97317], [-95.45244, 29.97396], [-95.44613, 29.9741], [-95.44576, 29.97402], [-95.44577, 29.98243], [-95.45258, 29.98233], [-95.45385, 29.98611], [-95.4542, 29.98648], [-95.45561, 29.98641], [-95.45829, 29.98532], [-95.45943, 29.98526], [-95.4601, 29.98422], [-95.46161, 29.98342], [-95.46258, 29.98331], [-95.46411, 29.98555], [-95.46571, 29.98749], [-95.46759, 29.98894]]]}, "properties": {"GEOID": "48201550407", "under5_pop": 394, "licensed_capacity": 84, "children_per_slot": 4.69, "childcare_desert": 1, "pct_zero_car": 0.1199}}, {"type": "Feature", "geometry": {"type": "Polygon", "coordinates": [[[-95.43727, 29.98103], [-95.42815, 29.97304], [-95.42491, 29.97044], [-95.42406, 29.96956], [-95.42316, 29.96794], [-95.42291, 29.96598], [-95.41925, 29.96573], [-95.42135, 29.97417], [-95.42277, 29.98196], [-95.42547, 29.98162], [-95.42833, 29.98164], [-95.4299, 29.98197], [-95.43137, 29.98266], [-95.43423, 29.98455], [-95.43727, 29.98103]]]}, "properties": {"GEOID": "48201550303", "under5_pop": 465, "licensed_capacity": 77, "children_per_slot": 6.04, "childcare_desert": 1, "pct_zero_car": 0.0538}}, {"type": "Feature", "geometry": {"type": "Polygon", "coordinates": [[[-95.71885, 29.77524], [-95.71883, 29.77219], [-95.71627, 29.77227], [-95.71569, 29.77133], [-95.71309, 29.76953], [-95.71426, 29.76839], [-95.71215, 29.76637], [-95.70179, 29.76642], [-95.70187, 29.77535], [-95.70409, 29.7755], [-95.70719, 29.77649], [-95.70954, 29.77689], [-95.71152, 29.77662], [-95.71527, 29.77553], [-95.71687, 29.77527], [-95.71885, 29.77524]]]}, "properties": {"GEOID": "48201454503", "under5_pop": 82, "licensed_capacity": 0, "children_per_slot": null, "childcare_desert": 1, "pct_zero_car": 0.0139}}, {"type": "Feature", "geometry": {"type": "Polygon", "coordinates": [[[-95.4755, 29.78401], [-95.47544, 29.77893], [-95.47234, 29.77899], [-95.47068, 29.77929], [-95.4667, 29.77934], [-95.465, 29.77897], [-95.46279, 29.77757], [-95.462, 29.77668], [-95.46152, 29.77436], [-95.4601, 29.77323], [-95.4562, 29.77323], [-95.45569, 29.77787], [-95.45508, 29.77938], [-95.45387, 29.78094], [-95.45794, 29.78342], [-95.45984, 29.78409], [-95.4616, 29.78442], [-95.468, 29.78446], [-95.46969, 29.78446], [-95.4755, 29.78401]]]}, "properties": {"GEOID": "48201430101", "under5_pop": 40, "licensed_capacity": 240, "children_per_slot": 0.17, "childcare_desert": 0, "pct_zero_car": 0.116}}, {"type": "Feature", "geometry": {"type": "Polygon", "coordinates": [[[-95.12859, 29.54896], [-95.12776, 29.54797], [-95.12219, 29.54207], [-95.12168, 29.54166], [-95.11804, 29.53778], [-95.11579, 29.53952], [-95.10967, 29.54391], [-95.10641, 29.54594], [-95.10879, 29.54869], [-95.11085, 29.55006], [-95.11799, 29.553], [-95.12034, 29.55487], [-95.1226, 29.55326], [-95.12525, 29.55173], [-95.12859, 29.54896]]]}, "properties": {"GEOID": "48201341102", "under5_pop": 94, "licensed_capacity": 265, "children_per_slot": 0.35, "childcare_desert": 0, "pct_zero_car": 0.0067}}, {"type": "Feature", "geometry": {"type": "Polygon", "coordinates": [[[-95.48291, 29.76026], [-95.48278, 29.76006], [-95.48264, 29.75004], [-95.48082, 29.75006], [-95.47697, 29.75013], [-95.47728, 29.75238], [-95.47741, 29.76147], [-95.47794, 29.76379], [-95.47978, 29.76308], [-95.48291, 29.76026]]]}, "properties": {"GEOID": "48201431506", "under5_pop": 104, "licensed_capacity": 0, "children_per_slot": null, "childcare_desert": 1, "pct_zero_car": 0.0234}}, {"type": "Feature", "geometry": {"type": "Polygon", "coordinates": [[[-95.18735, 29.80566], [-95.18736, 29.80249], [-95.19163, 29.80243], [-95.1918, 29.80222], [-95.19171, 29.79763], [-95.19306, 29.79743], [-95.1923, 29.79476], [-95.19253, 29.79392], [-95.18999, 29.7929], [-95.17935, 29.80588], [-95.17921, 29.8062], [-95.18226, 29.80615], [-95.18408, 29.80611], [-95.18735, 29.80566]]]}, "properties": {"GEOID": "48201232902", "under5_pop": 402, "licensed_capacity": 0, "children_per_slot": null, "childcare_desert": 1, "pct_zero_car": 0.0267}}, {"type": "Feature", "geometry": {"type": "Polygon", "coordinates": [[[-95.48978, 29.73179], [-95.48976, 29.73062], [-95.48791, 29.73065], [-95.48728, 29.72929], [-95.48756, 29.72787], [-95.48721, 29.72588], [-95.48417, 29.72598], [-95.4764, 29.72605], [-95.47644, 29.73151], [-95.4842, 29.73151], [-95.48692, 29.73178], [-95.48978, 29.73179]]]}, "properties": {"GEOID": "48201432704", "under5_pop": 106, "licensed_capacity": 0, "children_per_slot": null, "childcare_desert": 1, "pct_zero_car": 0.0827}}, {"type": "Feature", "geometry": {"type": "Polygon", "coordinates": [[[-95.48478, 29.7225], [-95.48485, 29.72005], [-95.47644, 29.72014], [-95.47652, 29.72445], [-95.4764, 29.72605], [-95.48417, 29.72598], [-95.48414, 29.72504], [-95.48478, 29.7225]]]}, "properties": {"GEOID": "48201421104", "under5_pop": 537, "licensed_capacity": 0, "children_per_slot": null, "childcare_desert": 1, "pct_zero_car": 0.151}}, {"type": "Feature", "geometry": {"type": "Polygon", "coordinates": [[[-95.48429, 29.73772], [-95.4842, 29.73151], [-95.47644, 29.73151], [-95.46825, 29.73152], [-95.46839, 29.73801], [-95.47408, 29.73795], [-95.47658, 29.73781], [-95.47952, 29.73776], [-95.48249, 29.73776], [-95.48429, 29.73772]]]}, "properties": {"GEOID": "48201432004", "under5_pop": 154, "licensed_capacity": 119, "children_per_slot": 1.29, "childcare_desert": 0, "pct_zero_car": 0.0126}}, {"type": "Feature", "geometry": {"type": "Polygon", "coordinates": [[[-95.49565, 29.75632], [-95.49566, 29.74994], [-95.49285, 29.75012], [-95.49038, 29.74988], [-95.48603, 29.74994], [-95.48583, 29.75185], [-95.48594, 29.75746], [-95.48618, 29.75854], [-95.48925, 29.75811], [-95.49565, 29.75632]]]}, "properties": {"GEOID": "48201431504", "under5_pop": 106, "licensed_capacity": 0, "children_per_slot": null, "childcare_desert": 1, "pct_zero_car": 0.0252}}, {"type": "Feature", "geometry": {"type": "Polygon", "coordinates": [[[-95.72384, 29.8797], [-95.72381, 29.87746], [-95.72334, 29.87605], [-95.7215, 29.87378], [-95.72075, 29.87244], [-95.72046, 29.87101], [-95.72039, 29.86226], [-95.72028, 29.86135], [-95.71663, 29.86199], [-95.71506, 29.86247], [-95.71013, 29.86466], [-95.70778, 29.86522], [-95.70607, 29.86513], [-95.70597, 29.86511], [-95.7057, 29.86592], [-95.70385, 29.86886], [-95.7035, 29.87063], [-95.70367, 29.87233], [-95.70361, 29.87982], [-95.7093, 29.87979], [-95.72384, 29.8797]]]}, "properties": {"GEOID": "48201542106", "under5_pop": 372, "licensed_capacity": 385, "children_per_slot": 0.97, "childcare_desert": 0, "pct_zero_car": 0.0}}, {"type": "Feature", "geometry": {"type": "Polygon", "coordinates": [[[-95.67855, 29.94249], [-95.68588, 29.92721], [-95.68639, 29.92565], [-95.68627, 29.92033], [-95.68066, 29.91972], [-95.67942, 29.91935], [-95.67742, 29.91828], [-95.67583, 29.91769], [-95.67296, 29.91759], [-95.6731, 29.92437], [-95.67305, 29.9281], [-95.67362, 29.92929], [-95.67712, 29.9316], [-95.67566, 29.93392], [-95.67518, 29.93594], [-95.67527, 29.93759], [-95.6759, 29.94016], [-95.67585, 29.94148], [-95.67855, 29.94249]]]}, "properties": {"GEOID": "48201541006", "under5_pop": 286, "licensed_capacity": 370, "children_per_slot": 0.77, "childcare_desert": 0, "pct_zero_car": 0.0}}, {"type": "Feature", "geometry": {"type": "Polygon", "coordinates": [[[-95.52639, 29.83252], [-95.52637, 29.83045], [-95.52362, 29.83048], [-95.52345, 29.82872], [-95.52269, 29.82647], [-95.52266, 29.8249], [-95.51653, 29.82501], [-95.51652, 29.82442], [-95.51745, 29.82427], [-95.5174, 29.82113], [-95.51624, 29.82105], [-95.50963, 29.82114], [-95.5092, 29.8234], [-95.50927, 29.82934], [-95.50932, 29.83271], [-95.52639, 29.83252]]]}, "properties": {"GEOID": "48201521502", "under5_pop": 124, "licensed_capacity": 165, "children_per_slot": 0.75, "childcare_desert": 0, "pct_zero_car": 0.0173}}, {"type": "Feature", "geometry": {"type": "Polygon", "coordinates": [[[-95.51099, 29.68563], [-95.51082, 29.6784], [-95.51439, 29.67835], [-95.51464, 29.67673], [-95.51605, 29.67494], [-95.51576, 29.67362], [-95.51445, 29.67406], [-95.51256, 29.67534], [-95.51071, 29.67609], [-95.50864, 29.67617], [-95.50874, 29.68678], [-95.51099, 29.68563]]]}, "properties": {"GEOID": "48201423001", "under5_pop": 543, "licensed_capacity": 0, "children_per_slot": null, "childcare_desert": 1, "pct_zero_car": 0.1585}}, {"type": "Feature", "geometry": {"type": "Polygon", "coordinates": [[[-95.50874, 29.68678], [-95.50864, 29.67617], [-95.50592, 29.67632], [-95.50285, 29.67737], [-95.49631, 29.67846], [-95.49484, 29.67851], [-95.49319, 29.67817], [-95.4928, 29.67943], [-95.49281, 29.68181], [-95.50009, 29.68176], [-95.50366, 29.68183], [-95.50372, 29.68899], [-95.50382, 29.68929], [-95.50874, 29.68678]]]}, "properties": {"GEOID": "48201422601", "under5_pop": 365, "licensed_capacity": 12, "children_per_slot": 30.42, "childcare_desert": 1, "pct_zero_car": 0.1615}}, {"type": "Feature", "geometry": {"type": "Polygon", "coordinates": [[[-95.50858, 29.67087], [-95.50853, 29.66656], [-95.50481, 29.66658], [-95.50117, 29.66675], [-95.49873, 29.66677], [-95.49818, 29.66631], [-95.49222, 29.66635], [-95.49226, 29.67105], [-95.49263, 29.6727], [-95.49713, 29.67266], [-95.49714, 29.67347], [-95.5025, 29.67341], [-95.50246, 29.67094], [-95.50858, 29.67087]]]}, "properties": {"GEOID": "48201422502", "under5_pop": 334, "licensed_capacity": 0, "children_per_slot": null, "childcare_desert": 1, "pct_zero_car": 0.0978}}, {"type": "Feature", "geometry": {"type": "Polygon", "coordinates": [[[-95.50853, 29.66656], [-95.50854, 29.66563], [-95.50852, 29.66279], [-95.50565, 29.66308], [-95.50557, 29.65603], [-95.5033, 29.65607], [-95.5009, 29.65668], [-95.50107, 29.65726], [-95.50117, 29.66675], [-95.50481, 29.66658], [-95.50853, 29.66656]]]}, "properties": {"GEOID": "48201422406", "under5_pop": 216, "licensed_capacity": 0, "children_per_slot": null, "childcare_desert": 1, "pct_zero_car": 0.1449}}, {"type": "Feature", "geometry": {"type": "Polygon", "coordinates": [[[-95.1919, 29.61617], [-95.19625, 29.61299], [-95.204, 29.60751], [-95.20555, 29.60635], [-95.20216, 29.60323], [-95.19781, 29.59889], [-95.19179, 29.59302], [-95.1844, 29.58662], [-95.18202, 29.58865], [-95.18094, 29.5901], [-95.18044, 29.59133], [-95.17888, 29.59735], [-95.17828, 29.59925], [-95.17697, 29.60062], [-95.17894, 29.60263], [-95.18823, 29.61257], [-95.1919, 29.61617]]]}, "properties": {"GEOID": "48201340102", "under5_pop": 397, "licensed_capacity": 227, "children_per_slot": 1.75, "childcare_desert": 0, "pct_zero_car": 0.0175}}, {"type": "Feature", "geometry": {"type": "Polygon", "coordinates": [[[-95.17697, 29.60062], [-95.17828, 29.59925], [-95.17888, 29.59735], [-95.18044, 29.59133], [-95.18094, 29.5901], [-95.18202, 29.58865], [-95.1844, 29.58662], [-95.18094, 29.58347], [-95.16902, 29.56962], [-95.16498, 29.57403], [-95.16214, 29.57582], [-95.16138, 29.57649], [-95.15924, 29.57906], [-95.1578, 29.5802], [-95.16836, 29.59147], [-95.17697, 29.60062]]]}, "properties": {"GEOID": "48201340101", "under5_pop": 61, "licensed_capacity": 145, "children_per_slot": 0.42, "childcare_desert": 0, "pct_zero_car": 0.0647}}, {"type": "Feature", "geometry": {"type": "Polygon", "coordinates": [[[-95.60611, 29.75392], [-95.60599, 29.74723], [-95.60605, 29.74622], [-95.6019, 29.74637], [-95.59961, 29.7474], [-95.59826, 29.74764], [-95.59822, 29.74494], [-95.5952, 29.74498], [-95.5953, 29.74417], [-95.59448, 29.74417], [-95.59445, 29.74301], [-95.59358, 29.74302], [-95.59354, 29.7406], [-95.58868, 29.74065], [-95.5887, 29.74281], [-95.58828, 29.74444], [-95.5866, 29.74744], [-95.58848, 29.7484], [-95.59202, 29.75121], [-95.59476, 29.75252], [-95.60087, 29.75375], [-95.60611, 29.75392]]]}, "properties": {"GEOID": "48201451302", "under5_pop": 520, "licensed_capacity": 433, "children_per_slot": 1.2, "childcare_desert": 0, "pct_zero_car": 0.0334}}, {"type": "Feature", "geometry": {"type": "Polygon", "coordinates": [[[-95.61512, 29.71639], [-95.61466, 29.71496], [-95.6147, 29.71341], [-95.60467, 29.71432], [-95.60477, 29.71979], [-95.60659, 29.71958], [-95.61303, 29.71953], [-95.61345, 29.71926], [-95.61355, 29.71742], [-95.61512, 29.71639]]]}, "properties": {"GEOID": "48201451903", "under5_pop": 510, "licensed_capacity": 0, "children_per_slot": null, "childcare_desert": 1, "pct_zero_car": 0.1692}}, {"type": "Feature", "geometry": {"type": "Polygon", "coordinates": [[[-95.11298, 29.71052], [-95.1138, 29.71015], [-95.11351, 29.69929], [-95.11336, 29.68973], [-95.10655, 29.68987], [-95.0928, 29.69008], [-95.09258, 29.67976], [-95.08781, 29.67982], [-95.08789, 29.68499], [-95.08812, 29.69015], [-95.08833, 29.70038], [-95.08843, 29.70318], [-95.09293, 29.70467], [-95.10258, 29.70757], [-95.11298, 29.71052]]]}, "properties": {"GEOID": "48201342802", "under5_pop": 108, "licensed_capacity": 80, "children_per_slot": 1.35, "childcare_desert": 0, "pct_zero_car": 0.0}}, {"type": "Feature", "geometry": {"type": "Polygon", "coordinates": [[[-95.20848, 29.88301], [-95.20825, 29.87334], [-95.20831, 29.86945], [-95.20883, 29.86628], [-95.20935, 29.86436], [-95.21102, 29.86037], [-95.21306, 29.85679], [-95.2141, 29.8532], [-95.21416, 29.8501], [-95.21185, 29.85014], [-95.20876, 29.85077], [-95.20534, 29.85175], [-95.20162, 29.85178], [-95.19704, 29.85296], [-95.19586, 29.85313], [-95.18715, 29.85334], [-95.18735, 29.86472], [-95.18735, 29.86801], [-95.1877, 29.87044], [-95.18838, 29.87177], [-95.18974, 29.87364], [-95.1978, 29.88292], [-95.20068, 29.88633], [-95.20226, 29.88844], [-95.20285, 29.88987], [-95.20311, 29.89154], [-95.20599, 29.88927], [-95.20764, 29.88689], [-95.20837, 29.88459], [-95.20848, 29.88301]]]}, "properties": {"GEOID": "48201232305", "under5_pop": 828, "licensed_capacity": 19, "children_per_slot": 43.58, "childcare_desert": 1, "pct_zero_car": 0.0094}}, {"type": "Feature", "geometry": {"type": "Polygon", "coordinates": [[[-95.21134, 29.65089], [-95.21256, 29.65086], [-95.21469, 29.65035], [-95.21412, 29.64894], [-95.21747, 29.64772], [-95.21512, 29.6452], [-95.21726, 29.64364], [-95.21102, 29.63698], [-95.20919, 29.63836], [-95.20807, 29.64007], [-95.20774, 29.6419], [-95.20797, 29.65098], [-95.21134, 29.65089]]]}, "properties": {"GEOID": "48201321302", "under5_pop": 70, "licensed_capacity": 0, "children_per_slot": null, "childcare_desert": 1, "pct_zero_car": 0.0}}, {"type": "Feature", "geometry": {"type": "Polygon", "coordinates": [[[-95.39714, 29.93912], [-95.39828, 29.93579], [-95.39946, 29.93477], [-95.40107, 29.93423], [-95.40214, 29.9327], [-95.40212, 29.93177], [-95.40008, 29.93179], [-95.39235, 29.93191], [-95.38681, 29.93189], [-95.38403, 29.932], [-95.37993, 29.93274], [-95.3814, 29.9387], [-95.39387, 29.93858], [-95.39714, 29.93912]]]}, "properties": {"GEOID": "48201222601", "under5_pop": 252, "licensed_capacity": 0, "children_per_slot": null, "childcare_desert": 1, "pct_zero_car": 0.1131}}, {"type": "Feature", "geometry": {"type": "Polygon", "coordinates": [[[-95.40323, 29.68524], [-95.40315, 29.67905], [-95.39664, 29.68038], [-95.39325, 29.68059], [-95.39163, 29.68536], [-95.39047, 29.6888], [-95.39157, 29.68901], [-95.39442, 29.68901], [-95.39547, 29.68719], [-95.39553, 29.68531], [-95.39998, 29.68527], [-95.40323, 29.68524]]]}, "properties": {"GEOID": "48201314005", "under5_pop": 26, "licensed_capacity": 0, "children_per_slot": null, "childcare_desert": 1, "pct_zero_car": 0.1128}}, {"type": "Feature", "geometry": {"type": "Polygon", "coordinates": [[[-95.51419, 29.73738], [-95.51406, 29.7293], [-95.50912, 29.72934], [-95.50766, 29.72963], [-95.50265, 29.73151], [-95.50119, 29.73166], [-95.50122, 29.73404], [-95.50085, 29.73619], [-95.50091, 29.73754], [-95.50504, 29.73747], [-95.51009, 29.73743], [-95.51419, 29.73738]]]}, "properties": {"GEOID": "48201432102", "under5_pop": 407, "licensed_capacity": 48, "children_per_slot": 8.48, "childcare_desert": 1, "pct_zero_car": 0.0687}}, {"type": "Feature", "geometry": {"type": "Polygon", "coordinates": [[[-95.64508, 29.86039], [-95.64621, 29.8604], [-95.64685, 29.86087], [-95.64694, 29.86208], [-95.64815, 29.86239], [-95.65004, 29.86349], [-95.65151, 29.86489], [-95.65239, 29.86443], [-95.65406, 29.86432], [-95.65411, 29.86542], [-95.65587, 29.86497], [-95.65595, 29.86388], [-95.65719, 29.8637], [-95.65762, 29.86323], [-95.65738, 29.86131], [-95.65886, 29.86142], [-95.65888, 29.86201], [-95.65968, 29.86199], [-95.65956, 29.85981], [-95.66057, 29.85945], [-95.65353, 29.85948], [-95.65352, 29.85228], [-95.65169, 29.85226], [-95.65168, 29.84902], [-95.64576, 29.849], [-95.64508, 29.85497], [-95.64502, 29.85683], [-95.64508, 29.86039]]]}, "properties": {"GEOID": "48201541401", "under5_pop": 306, "licensed_capacity": 60, "children_per_slot": 5.1, "childcare_desert": 1, "pct_zero_car": 0.011}}, {"type": "Feature", "geometry": {"type": "Polygon", "coordinates": [[[-95.38888, 29.73879], [-95.38885, 29.73451], [-95.38548, 29.73453], [-95.38709, 29.73272], [-95.38864, 29.73219], [-95.38447, 29.73225], [-95.37998, 29.73795], [-95.38113, 29.73864], [-95.38222, 29.7389], [-95.38888, 29.73879]]]}, "properties": {"GEOID": "48201410706", "under5_pop": 81, "licensed_capacity": 0, "children_per_slot": null, "childcare_desert": 1, "pct_zero_car": 0.3219}}, {"type": "Feature", "geometry": {"type": "Polygon", "coordinates": [[[-95.429, 30.02134], [-95.42823, 30.01309], [-95.42746, 30.00752], [-95.42716, 30.00593], [-95.42146, 30.00652], [-95.42078, 30.00342], [-95.41966, 30.0029], [-95.41169, 30.00754], [-95.41308, 30.0093], [-95.41573, 30.01203], [-95.41705, 30.01537], [-95.4187, 30.0174], [-95.41962, 30.01921], [-95.42056, 30.02357], [-95.42389, 30.02283], [-95.429, 30.02134]]]}, "properties": {"GEOID": "48201240704", "under5_pop": 401, "licensed_capacity": 81, "children_per_slot": 4.95, "childcare_desert": 1, "pct_zero_car": 0.0}}, {"type": "Feature", "geometry": {"type": "Polygon", "coordinates": [[[-95.26673, 29.62644], [-95.26679, 29.62451], [-95.26667, 29.61334], [-95.26658, 29.61183], [-95.26395, 29.6117], [-95.26054, 29.61089], [-95.24982, 29.611], [-95.24997, 29.61221], [-95.25074, 29.61438], [-95.25084, 29.61612], [-95.25064, 29.61799], [-95.249, 29.62142], [-95.24832, 29.62376], [-95.24853, 29.62716], [-95.26105, 29.62662], [-95.26673, 29.62644]]]}, "properties": {"GEOID": "48201333905", "under5_pop": 46, "licensed_capacity": 172, "children_per_slot": 0.27, "childcare_desert": 0, "pct_zero_car": 0.007}}, {"type": "Feature", "geometry": {"type": "Polygon", "coordinates": [[[-95.20735, 29.65401], [-95.1957, 29.63862], [-95.19189, 29.63868], [-95.19058, 29.63885], [-95.19075, 29.64433], [-95.19088, 29.65147], [-95.18945, 29.65147], [-95.18629, 29.65092], [-95.18341, 29.6508], [-95.18499, 29.65211], [-95.18581, 29.65321], [-95.18604, 29.65432], [-95.18604, 29.65676], [-95.18646, 29.65778], [-95.18667, 29.66507], [-95.19279, 29.66501], [-95.19504, 29.66498], [-95.19501, 29.66304], [-95.19352, 29.66023], [-95.19336, 29.65426], [-95.20246, 29.65414], [-95.20735, 29.65401]]]}, "properties": {"GEOID": "48201323601", "under5_pop": 239, "licensed_capacity": 518, "children_per_slot": 0.46, "childcare_desert": 0, "pct_zero_car": 0.2018}}, {"type": "Feature", "geometry": {"type": "Polygon", "coordinates": [[[-95.55834, 29.76221], [-95.5581, 29.76087], [-95.55809, 29.758], [-95.55789, 29.74755], [-95.55336, 29.7474], [-95.55151, 29.74757], [-95.54851, 29.74739], [-95.54601, 29.74754], [-95.5395, 29.7476], [-95.53844, 29.7475], [-95.53848, 29.74962], [-95.5389, 29.75074], [-95.53976, 29.75191], [-95.54171, 29.75165], [-95.54256, 29.7531], [-95.5445, 29.75318], [-95.54559, 29.75299], [-95.54585, 29.75356], [-95.54513, 29.75461], [-95.54528, 29.75527], [-95.54689, 29.75662], [-95.5483, 29.75738], [-95.54784, 29.75912], [-95.54891, 29.75912], [-95.55039, 29.76035], [-95.55128, 29.76077], [-95.55266, 29.76067], [-95.55287, 29.75963], [-95.5547, 29.75931], [-95.5544, 29.76068], [-95.55558, 29.76126], [-95.55593, 29.76227], [-95.55662, 29.76247], [-95.55834, 29.76221]]]}, "properties": {"GEOID": "48201431002", "under5_pop": 164, "licensed_capacity": 0, "children_per_slot": null, "childcare_desert": 1, "pct_zero_car": 0.0098}}, {"type": "Feature", "geometry": {"type": "Polygon", "coordinates": [[[-95.62873, 29.92118], [-95.62945, 29.91949], [-95.62995, 29.91713], [-95.6311, 29.91727], [-95.63442, 29.91726], [-95.63446, 29.91646], [-95.6353, 29.91471], [-95.63523, 29.90897], [-95.63823, 29.90895], [-95.6382, 29.90532], [-95.64022, 29.9053], [-95.64103, 29.90497], [-95.64194, 29.90392], [-95.6424, 29.90284], [-95.64075, 29.90247], [-95.63711, 29.90276], [-95.63572, 29.90271], [-95.63411, 29.90229], [-95.63086, 29.90735], [-95.62934, 29.90918], [-95.62784, 29.91058], [-95.62505, 29.91244], [-95.6206, 29.91452], [-95.6198, 29.9149], [-95.62873, 29.92118]]]}, "properties": {"GEOID": "48201541005", "under5_pop": 331, "licensed_capacity": 229, "children_per_slot": 1.45, "childcare_desert": 0, "pct_zero_car": 0.0158}}, {"type": "Feature", "geometry": {"type": "Polygon", "coordinates": [[[-95.64999, 29.9365], [-95.65021, 29.93479], [-95.64907, 29.93246], [-95.64661, 29.92946], [-95.64593, 29.92716], [-95.64587, 29.92163], [-95.64643, 29.91938], [-95.6479, 29.9174], [-95.64893, 29.91519], [-95.64928, 29.91373], [-95.64895, 29.91096], [-95.64908, 29.90937], [-95.64949, 29.90791], [-95.6478, 29.90731], [-95.64598, 29.90586], [-95.64432, 29.90392], [-95.6424, 29.90284], [-95.64194, 29.90392], [-95.64103, 29.90497], [-95.64022, 29.9053], [-95.6382, 29.90532], [-95.63823, 29.90895], [-95.63523, 29.90897], [-95.6353, 29.91471], [-95.63446, 29.91646], [-95.63442, 29.91726], [-95.6311, 29.91727], [-95.62995, 29.91713], [-95.62945, 29.91949], [-95.62873, 29.92118], [-95.63754, 29.92741], [-95.63886, 29.92861], [-95.64999, 29.9365]]]}, "properties": {"GEOID": "48201541004", "under5_pop": 300, "licensed_capacity": 80, "children_per_slot": 3.75, "childcare_desert": 1, "pct_zero_car": 0.0157}}, {"type": "Feature", "geometry": {"type": "Polygon", "coordinates": [[[-95.7319, 29.87966], [-95.73185, 29.87817], [-95.73278, 29.87479], [-95.73264, 29.87347], [-95.73023, 29.86835], [-95.72993, 29.86734], [-95.73016, 29.86546], [-95.72929, 29.86535], [-95.72926, 29.86104], [-95.72829, 29.86104], [-95.72487, 29.86054], [-95.72358, 29.8606], [-95.72028, 29.86135], [-95.72039, 29.86226], [-95.72046, 29.87101], [-95.72075, 29.87244], [-95.7215, 29.87378], [-95.72334, 29.87605], [-95.72381, 29.87746], [-95.72384, 29.8797], [-95.7319, 29.87966]]]}, "properties": {"GEOID": "48201542201", "under5_pop": 817, "licensed_capacity": 12, "children_per_slot": 68.08, "childcare_desert": 1, "pct_zero_car": 0.0081}}, {"type": "Feature", "geometry": {"type": "Polygon", "coordinates": [[[-95.74107, 29.81706], [-95.74001, 29.81606], [-95.7371, 29.81404], [-95.73503, 29.81214], [-95.73384, 29.80984], [-95.73283, 29.80963], [-95.7327, 29.80897], [-95.73173, 29.80874], [-95.73119, 29.80922], [-95.7304, 29.80754], [-95.7291, 29.80819], [-95.72734, 29.80731], [-95.7266, 29.80604], [-95.72337, 29.80481], [-95.72026, 29.80464], [-95.72039, 29.80568], [-95.72039, 29.81081], [-95.72045, 29.81491], [-95.72789, 29.81482], [-95.7295, 29.815], [-95.7327, 29.81507], [-95.73392, 29.81523], [-95.73797, 29.81687], [-95.74107, 29.81706]]]}, "properties": {"GEOID": "48201542303", "under5_pop": 171, "licensed_capacity": 36, "children_per_slot": 4.75, "childcare_desert": 1, "pct_zero_car": 0.0119}}, {"type": "Feature", "geometry": {"type": "Polygon", "coordinates": [[[-95.24736, 29.76723], [-95.24726, 29.76301], [-95.23876, 29.76317], [-95.2388, 29.76466], [-95.23372, 29.76473], [-95.23356, 29.75903], [-95.23252, 29.75922], [-95.2233, 29.75945], [-95.22329, 29.7595], [-95.22393, 29.75948], [-95.22414, 29.76555], [-95.22155, 29.76455], [-95.22088, 29.76591], [-95.22234, 29.76632], [-95.22395, 29.76709], [-95.22542, 29.76755], [-95.24736, 29.76723]]]}, "properties": {"GEOID": "48201233501", "under5_pop": 215, "licensed_capacity": 0, "children_per_slot": null, "childcare_desert": 1, "pct_zero_car": 0.0089}}, {"type": "Feature", "geometry": {"type": "Polygon", "coordinates": [[[-95.1957, 29.63862], [-95.19263, 29.63457], [-95.19279, 29.63137], [-95.19082, 29.6314], [-95.19078, 29.63025], [-95.18121, 29.63036], [-95.18138, 29.63861], [-95.18129, 29.64078], [-95.18147, 29.64672], [-95.18254, 29.64935], [-95.18341, 29.6508], [-95.18629, 29.65092], [-95.18945, 29.65147], [-95.19088, 29.65147], [-95.19075, 29.64433], [-95.19058, 29.63885], [-95.19189, 29.63868], [-95.1957, 29.63862]]]}, "properties": {"GEOID": "48201323602", "under5_pop": 133, "licensed_capacity": 196, "children_per_slot": 0.68, "childcare_desert": 0, "pct_zero_car": 0.0076}}, {"type": "Feature", "geometry": {"type": "Polygon", "coordinates": [[[-95.40946, 29.77047], [-95.40938, 29.76607], [-95.40332, 29.76617], [-95.39737, 29.76657], [-95.39711, 29.76733], [-95.39727, 29.76956], [-95.40612, 29.7705], [-95.40946, 29.77047]]]}, "properties": {"GEOID": "48201510702", "under5_pop": 298, "licensed_capacity": 721, "children_per_slot": 0.41, "childcare_desert": 0, "pct_zero_car": 0.0}}, {"type": "Feature", "geometry": {"type": "Polygon", "coordinates": [[[-95.38783, 29.79083], [-95.38768, 29.78163], [-95.38745, 29.78097], [-95.38422, 29.78073], [-95.38426, 29.78408], [-95.38202, 29.7841], [-95.38201, 29.78441], [-95.3764, 29.78461], [-95.37642, 29.78814], [-95.37497, 29.78815], [-95.37498, 29.78891], [-95.37562, 29.7889], [-95.37563, 29.79005], [-95.37418, 29.79013], [-95.37419, 29.79063], [-95.38433, 29.79053], [-95.38426, 29.79092], [-95.38783, 29.79083]]]}, "properties": {"GEOID": "48201510302", "under5_pop": 335, "licensed_capacity": 0, "children_per_slot": null, "childcare_desert": 1, "pct_zero_car": 0.0}}, {"type": "Feature", "geometry": {"type": "Polygon", "coordinates": [[[-95.36567, 29.72097], [-95.37017, 29.71534], [-95.37147, 29.71359], [-95.37084, 29.71307], [-95.37033, 29.71184], [-95.3702, 29.70984], [-95.3694, 29.70926], [-95.36724, 29.70977], [-95.36241, 29.71022], [-95.36193, 29.71076], [-95.35882, 29.7184], [-95.36399, 29.71998], [-95.36567, 29.72097]]]}, "properties": {"GEOID": "48201312902", "under5_pop": 52, "licensed_capacity": 97, "children_per_slot": 0.54, "childcare_desert": 0, "pct_zero_car": 0.1252}}, {"type": "Feature", "geometry": {"type": "Polygon", "coordinates": [[[-95.35882, 29.7184], [-95.36193, 29.71076], [-95.36241, 29.71022], [-95.36071, 29.71], [-95.35807, 29.71053], [-95.35655, 29.7097], [-95.35369, 29.71685], [-95.35882, 29.7184]]]}, "properties": {"GEOID": "48201312901", "under5_pop": 132, "licensed_capacity": 124, "children_per_slot": 1.06, "childcare_desert": 0, "pct_zero_car": 0.3026}}, {"type": "Feature", "geometry": {"type": "Polygon", "coordinates": [[[-95.39812, 29.75733], [-95.39802, 29.75323], [-95.39793, 29.75241], [-95.3889, 29.75258], [-95.38573, 29.75262], [-95.38571, 29.75762], [-95.39812, 29.75733]]]}, "properties": {"GEOID": "48201410202", "under5_pop": 220, "licensed_capacity": 188, "children_per_slot": 1.17, "childcare_desert": 0, "pct_zero_car": 0.0154}}, {"type": "Feature", "geometry": {"type": "Polygon", "coordinates": [[[-95.44166, 29.74173], [-95.44161, 29.73821], [-95.43862, 29.73825], [-95.43844, 29.73269], [-95.43638, 29.73271], [-95.43653, 29.73561], [-95.43665, 29.74156], [-95.44166, 29.74173]]]}, "properties": {"GEOID": "48201411507", "under5_pop": 73, "licensed_capacity": 0, "children_per_slot": null, "childcare_desert": 1, "pct_zero_car": 0.1058}}, {"type": "Feature", "geometry": {"type": "Polygon", "coordinates": [[[-95.52637, 29.83045], [-95.52628, 29.82195], [-95.52068, 29.82197], [-95.5174, 29.82113], [-95.51745, 29.82427], [-95.51652, 29.82442], [-95.51653, 29.82501], [-95.52266, 29.8249], [-95.52269, 29.82647], [-95.52345, 29.82872], [-95.52362, 29.83048], [-95.52637, 29.83045]]]}, "properties": {"GEOID": "48201521501", "under5_pop": 177, "licensed_capacity": 0, "children_per_slot": null, "childcare_desert": 1, "pct_zero_car": 0.0741}}, {"type": "Feature", "geometry": {"type": "Polygon", "coordinates": [[[-95.15361, 30.00309], [-95.15272, 30.00135], [-95.15001, 29.99972], [-95.14956, 29.99895], [-95.14979, 29.99782], [-95.1507, 29.99784], [-95.15044, 29.9967], [-95.15246, 29.99403], [-95.15129, 29.99176], [-95.14892, 29.98964], [-95.14806, 29.98949], [-95.14607, 29.99036], [-95.14389, 29.99093], [-95.13732, 29.99159], [-95.13173, 29.9885], [-95.13154, 29.98767], [-95.1313, 29.98779], [-95.13071, 29.99032], [-95.12951, 29.99393], [-95.13172, 30.01286], [-95.14239, 30.00936], [-95.14622, 30.00756], [-95.15361, 30.00309]]]}, "properties": {"GEOID": "48201250403", "under5_pop": 190, "licensed_capacity": 0, "children_per_slot": null, "childcare_desert": 1, "pct_zero_car": 0.0208}}, {"type": "Feature", "geometry": {"type": "Polygon", "coordinates": [[[-95.50115, 29.7281], [-95.50104, 29.72279], [-95.49852, 29.72306], [-95.49164, 29.7236], [-95.4898, 29.72506], [-95.48791, 29.72577], [-95.48806, 29.72619], [-95.49025, 29.72642], [-95.49214, 29.72608], [-95.49537, 29.726], [-95.4954, 29.72818], [-95.50115, 29.7281]]]}, "properties": {"GEOID": "48201432705", "under5_pop": 509, "licensed_capacity": 67, "children_per_slot": 7.6, "childcare_desert": 1, "pct_zero_car": 0.2917}}, {"type": "Feature", "geometry": {"type": "Polygon", "coordinates": [[[-95.28885, 29.66211], [-95.28875, 29.65753], [-95.28577, 29.6576], [-95.28556, 29.65738], [-95.28327, 29.65776], [-95.2767, 29.6579], [-95.2768, 29.66139], [-95.27691, 29.66556], [-95.27711, 29.67241], [-95.28145, 29.67228], [-95.28152, 29.67141], [-95.28134, 29.66491], [-95.2788, 29.66525], [-95.27871, 29.66212], [-95.28127, 29.66229], [-95.28885, 29.66211]]]}, "properties": {"GEOID": "48201333501", "under5_pop": 419, "licensed_capacity": 177, "children_per_slot": 2.37, "childcare_desert": 0, "pct_zero_car": 0.2409}}, {"type": "Feature", "geometry": {"type": "Polygon", "coordinates": [[[-95.16992, 29.96722], [-95.16864, 29.96356], [-95.16857, 29.96199], [-95.16944, 29.95975], [-95.17333, 29.95454], [-95.17409, 29.95306], [-95.17451, 29.9513], [-95.17561, 29.9435], [-95.17573, 29.93928], [-95.17637, 29.9353], [-95.17643, 29.93237], [-95.17675, 29.93071], [-95.1756, 29.93032], [-95.17242, 29.9268], [-95.16749, 29.92276], [-95.16443, 29.91914], [-95.16205, 29.9155], [-95.16035, 29.91354], [-95.15756, 29.91088], [-95.1563, 29.90911], [-95.15571, 29.90753], [-95.1556, 29.90504], [-95.15605, 29.90268], [-95.15802, 29.9003], [-95.16037, 29.89856], [-95.1579, 29.89914], [-95.15603, 29.89977], [-95.15265, 29.90124], [-95.14775, 29.9123], [-95.14683, 29.91324], [-95.14476, 29.91421], [-95.14401, 29.91427], [-95.13292, 29.91948], [-95.1335, 29.92003], [-95.14044, 29.92672], [-95.14983, 29.94327], [-95.14921, 29.94882], [-95.14824, 29.95763], [-95.12928, 29.97787], [-95.13154, 29.98767], [-95.13544, 29.98583], [-95.13785, 29.98482], [-95.14125, 29.98419], [-95.14814, 29.98363], [-95.15125, 29.98297], [-95.15352, 29.98208], [-95.15643, 29.98023], [-95.1579, 29.97889], [-95.16992, 29.96722]]]}, "properties": {"GEOID": "48201252003", "under5_pop": 563, "licensed_capacity": 586, "children_per_slot": 0.96, "childcare_desert": 0, "pct_zero_car": 0.0121}}, {"type": "Feature", "geometry": {"type": "Polygon", "coordinates": [[[-95.16972, 29.78227], [-95.16941, 29.77108], [-95.16945, 29.77091], [-95.16166, 29.77105], [-95.1618, 29.77155], [-95.16289, 29.77153], [-95.16318, 29.7824], [-95.16972, 29.78227]]]}, "properties": {"GEOID": "48201233104", "under5_pop": 141, "licensed_capacity": 0, "children_per_slot": null, "childcare_desert": 1, "pct_zero_car": 0.0434}}, {"type": "Feature", "geometry": {"type": "Polygon", "coordinates": [[[-95.7026, 29.84515], [-95.70254, 29.84443], [-95.70247, 29.8438], [-95.70231, 29.83112], [-95.68989, 29.83107], [-95.68485, 29.83111], [-95.67368, 29.83111], [-95.66693, 29.83101], [-95.66279, 29.83102], [-95.66023, 29.83164], [-95.65721, 29.83392], [-95.65513, 29.8349], [-95.65731, 29.83507], [-95.65737, 29.84064], [-95.66167, 29.84064], [-95.66166, 29.84003], [-95.66485, 29.84003], [-95.66503, 29.84489], [-95.66501, 29.84766], [-95.6652, 29.84923], [-95.6682, 29.84922], [-95.67153, 29.8492], [-95.6753, 29.84871], [-95.68977, 29.8486], [-95.68975, 29.84617], [-95.69057, 29.84522], [-95.7026, 29.84515]]]}, "properties": {"GEOID": "48201541604", "under5_pop": 367, "licensed_capacity": 268, "children_per_slot": 1.37, "childcare_desert": 0, "pct_zero_car": 0.0158}}, {"type": "Feature", "geometry": {"type": "Polygon", "coordinates": [[[-95.51535, 29.92537], [-95.52517, 29.92522], [-95.52508, 29.91935], [-95.52502, 29.90541], [-95.52492, 29.89796], [-95.51333, 29.89806], [-95.51112, 29.8982], [-95.5041, 29.89916], [-95.50075, 29.89962], [-95.50639, 29.90968], [-95.50951, 29.91505], [-95.51333, 29.92191], [-95.51535, 29.92537]]]}, "properties": {"GEOID": "48201534102", "under5_pop": 253, "licensed_capacity": 141, "children_per_slot": 1.79, "childcare_desert": 0, "pct_zero_car": 0.0275}}, {"type": "Feature", "geometry": {"type": "Polygon", "coordinates": [[[-95.53452, 30.07329], [-95.53428, 30.07216], [-95.53263, 30.07122], [-95.53204, 30.07033], [-95.53177, 30.0682], [-95.5315, 30.06789], [-95.5276, 30.06612], [-95.52591, 30.06561], [-95.5244, 30.06635], [-95.52338, 30.06651], [-95.51819, 30.06553], [-95.51464, 30.0656], [-95.51364, 30.06583], [-95.51147, 30.06691], [-95.50841, 30.06937], [-95.51342, 30.0741], [-95.5254, 30.07402], [-95.53238, 30.07332], [-95.53452, 30.07329]]]}, "properties": {"GEOID": "48201554904", "under5_pop": 135, "licensed_capacity": 298, "children_per_slot": 0.45, "childcare_desert": 0, "pct_zero_car": 0.0}}, {"type": "Feature", "geometry": {"type": "Polygon", "coordinates": [[[-95.52694, 30.08694], [-95.52816, 30.08658], [-95.53313, 30.08558], [-95.53462, 30.08493], [-95.53619, 30.08379], [-95.53875, 30.08049], [-95.5401, 30.07914], [-95.54267, 30.07783], [-95.54479, 30.07746], [-95.55145, 30.07735], [-95.55398, 30.07681], [-95.55673, 30.07524], [-95.55542, 30.0744], [-95.5539, 30.07384], [-95.55104, 30.07319], [-95.54971, 30.0731], [-95.54237, 30.07316], [-95.53452, 30.07329], [-95.53238, 30.07332], [-95.5254, 30.07402], [-95.51342, 30.0741], [-95.52694, 30.08694]]]}, "properties": {"GEOID": "48201554907", "under5_pop": 86, "licensed_capacity": 0, "children_per_slot": null, "childcare_desert": 1, "pct_zero_car": 0.0033}}, {"type": "Feature", "geometry": {"type": "Polygon", "coordinates": [[[-95.68846, 29.87991], [-95.69582, 29.87101], [-95.69212, 29.87102], [-95.69189, 29.8651], [-95.69147, 29.86521], [-95.6833, 29.86536], [-95.68335, 29.87803], [-95.6833, 29.87994], [-95.68846, 29.87991]]]}, "properties": {"GEOID": "48201542107", "under5_pop": 315, "licensed_capacity": 102, "children_per_slot": 3.09, "childcare_desert": 1, "pct_zero_car": 0.0159}}, {"type": "Feature", "geometry": {"type": "Polygon", "coordinates": [[[-95.53156, 29.83243], [-95.53152, 29.82759], [-95.53687, 29.82752], [-95.53689, 29.82248], [-95.53424, 29.82186], [-95.52628, 29.82195], [-95.52637, 29.83045], [-95.52639, 29.83252], [-95.53156, 29.83243]]]}, "properties": {"GEOID": "48201522002", "under5_pop": 234, "licensed_capacity": 0, "children_per_slot": null, "childcare_desert": 1, "pct_zero_car": 0.022}}, {"type": "Feature", "geometry": {"type": "Polygon", "coordinates": [[[-95.49682, 30.07405], [-95.49681, 30.06497], [-95.49605, 30.0624], [-95.49603, 30.05849], [-95.49277, 30.05046], [-95.48457, 30.05504], [-95.47735, 30.05919], [-95.47725, 30.06074], [-95.47639, 30.06249], [-95.47609, 30.06461], [-95.47653, 30.06745], [-95.47649, 30.0706], [-95.48104, 30.07058], [-95.48293, 30.07072], [-95.48606, 30.07132], [-95.4927, 30.0734], [-95.49483, 30.07387], [-95.49682, 30.07405]]]}, "properties": {"GEOID": "48201555002", "under5_pop": 328, "licensed_capacity": 378, "children_per_slot": 0.87, "childcare_desert": 0, "pct_zero_car": 0.0199}}, {"type": "Feature", "geometry": {"type": "Polygon", "coordinates": [[[-95.752, 29.8021], [-95.75187, 29.78539], [-95.74943, 29.78536], [-95.73417, 29.78542], [-95.72651, 29.78535], [-95.71893, 29.78518], [-95.71889, 29.78992], [-95.72181, 29.79054], [-95.72442, 29.7905], [-95.72619, 29.78979], [-95.72718, 29.78966], [-95.73088, 29.78964], [-95.73082, 29.79126], [-95.72928, 29.79319], [-95.72836, 29.79513], [-95.72766, 29.79595], [-95.72836, 29.79679], [-95.72983, 29.79772], [-95.73053, 29.79906], [-95.73055, 29.80097], [-95.73598, 29.80102], [-95.73975, 29.80175], [-95.74191, 29.80174], [-95.74487, 29.80212], [-95.752, 29.8021]]]}, "properties": {"GEOID": "48201542402", "under5_pop": 196, "licensed_capacity": 209, "children_per_slot": 0.94, "childcare_desert": 0, "pct_zero_car": 0.0274}}, {"type": "Feature", "geometry": {"type": "Polygon", "coordinates": [[[-95.59325, 30.01303], [-95.59309, 30.00503], [-95.59348, 30.00404], [-95.59334, 29.99666], [-95.58436, 29.9966], [-95.57854, 29.99666], [-95.58053, 29.99891], [-95.58493, 30.00452], [-95.58618, 30.00646], [-95.59002, 30.01309], [-95.59325, 30.01303]]]}, "properties": {"GEOID": "48201554701", "under5_pop": 191, "licensed_capacity": 140, "children_per_slot": 1.36, "childcare_desert": 0, "pct_zero_car": 0.0296}}, {"type": "Feature", "geometry": {"type": "Polygon", "coordinates": [[[-95.45051, 30.01428], [-95.44718, 30.00977], [-95.43711, 30.01525], [-95.4329, 30.0096], [-95.4315, 30.00752], [-95.43107, 30.0062], [-95.4303, 30.00635], [-95.43013, 30.00563], [-95.42716, 30.00593], [-95.42746, 30.00752], [-95.42823, 30.01309], [-95.429, 30.02134], [-95.43665, 30.01903], [-95.44792, 30.01558], [-95.45051, 30.01428]]]}, "properties": {"GEOID": "48201550304", "under5_pop": 310, "licensed_capacity": 64, "children_per_slot": 4.84, "childcare_desert": 1, "pct_zero_car": 0.1106}}, {"type": "Feature", "geometry": {"type": "Polygon", "coordinates": [[[-95.51391, 29.84118], [-95.5151, 29.84103], [-95.50801, 29.83595], [-95.50472, 29.83367], [-95.49368, 29.82576], [-95.49178, 29.82789], [-95.49139, 29.82917], [-95.49108, 29.83249], [-95.49082, 29.83331], [-95.48885, 29.83301], [-95.4888, 29.82914], [-95.48515, 29.82885], [-95.48454, 29.83039], [-95.48223, 29.83042], [-95.48218, 29.82734], [-95.48145, 29.8261], [-95.48003, 29.82655], [-95.47854, 29.82627], [-95.47668, 29.82671], [-95.48357, 29.83313], [-95.49087, 29.83991], [-95.49273, 29.84143], [-95.50628, 29.84132], [-95.51391, 29.84118]]]}, "properties": {"GEOID": "48201520502", "under5_pop": 375, "licensed_capacity": 137, "children_per_slot": 2.74, "childcare_desert": 0, "pct_zero_car": 0.0447}}, {"type": "Feature", "geometry": {"type": "Polygon", "coordinates": [[[-95.50086, 29.81091], [-95.50089, 29.80302], [-95.49556, 29.80304], [-95.48886, 29.80288], [-95.48916, 29.80554], [-95.48933, 29.81067], [-95.4917, 29.8107], [-95.49435, 29.81104], [-95.50086, 29.81091]]]}, "properties": {"GEOID": "48201520604", "under5_pop": 208, "licensed_capacity": 0, "children_per_slot": null, "childcare_desert": 1, "pct_zero_car": 0.0817}}, {"type": "Feature", "geometry": {"type": "Polygon", "coordinates": [[[-95.64576, 29.849], [-95.64573, 29.84172], [-95.64563, 29.83599], [-95.64048, 29.83601], [-95.64059, 29.83769], [-95.64119, 29.84], [-95.64118, 29.84108], [-95.64008, 29.84283], [-95.64119, 29.84445], [-95.64048, 29.84832], [-95.64046, 29.85226], [-95.64005, 29.85263], [-95.64009, 29.8562], [-95.63986, 29.85656], [-95.64186, 29.85657], [-95.64293, 29.85685], [-95.64502, 29.85683], [-95.64508, 29.85497], [-95.64576, 29.849]]]}, "properties": {"GEOID": "48201540504", "under5_pop": 171, "licensed_capacity": 277, "children_per_slot": 0.62, "childcare_desert": 0, "pct_zero_car": 0.0}}, {"type": "Feature", "geometry": {"type": "Polygon", "coordinates": [[[-95.75666, 29.87526], [-95.75651, 29.86078], [-95.74036, 29.86065], [-95.74022, 29.84638], [-95.7396, 29.84553], [-95.73841, 29.84597], [-95.7369, 29.84567], [-95.72372, 29.84578], [-95.71918, 29.84575], [-95.71919, 29.84694], [-95.71861, 29.85193], [-95.71871, 29.8572], [-95.72028, 29.86135], [-95.72358, 29.8606], [-95.72487, 29.86054], [-95.72829, 29.86104], [-95.72926, 29.86104], [-95.72929, 29.86535], [-95.73016, 29.86546], [-95.72993, 29.86734], [-95.73023, 29.86835], [-95.73264, 29.87347], [-95.73278, 29.87479], [-95.73185, 29.87817], [-95.7319, 29.87966], [-95.74081, 29.87962], [-95.74218, 29.87948], [-95.74423, 29.87865], [-95.74665, 29.87653], [-95.74819, 29.87573], [-95.75016, 29.87527], [-95.75666, 29.87526]]]}, "properties": {"GEOID": "48201542203", "under5_pop": 1128, "licensed_capacity": 310, "children_per_slot": 3.64, "childcare_desert": 1, "pct_zero_car": 0.0081}}, {"type": "Feature", "geometry": {"type": "Polygon", "coordinates": [[[-95.26397, 29.65561], [-95.26491, 29.65317], [-95.265, 29.65195], [-95.26719, 29.65193], [-95.26688, 29.63676], [-95.26557, 29.63596], [-95.26463, 29.63596], [-95.26461, 29.63247], [-95.26666, 29.63243], [-95.26682, 29.63243], [-95.26673, 29.62644], [-95.26105, 29.62662], [-95.24853, 29.62716], [-95.24838, 29.62716], [-95.24842, 29.6284], [-95.2479, 29.62991], [-95.2467, 29.63195], [-95.24608, 29.63398], [-95.24611, 29.63665], [-95.24584, 29.63816], [-95.24525, 29.63916], [-95.24336, 29.64074], [-95.24458, 29.64203], [-95.24661, 29.64496], [-95.25159, 29.6525], [-95.25337, 29.65218], [-95.25811, 29.65213], [-95.25949, 29.65242], [-95.26118, 29.65331], [-95.26397, 29.65561]]]}, "properties": {"GEOID": "48201333302", "under5_pop": 191, "licensed_capacity": 0, "children_per_slot": null, "childcare_desert": 1, "pct_zero_car": 0.0}}, {"type": "Feature", "geometry": {"type": "Polygon", "coordinates": [[[-95.48618, 29.75854], [-95.48594, 29.75746], [-95.48583, 29.75185], [-95.48603, 29.74994], [-95.48264, 29.75004], [-95.48278, 29.76006], [-95.48291, 29.76026], [-95.48409, 29.7592], [-95.48618, 29.75854]]]}, "properties": {"GEOID": "48201431505", "under5_pop": 64, "licensed_capacity": 0, "children_per_slot": null, "childcare_desert": 1, "pct_zero_car": 0.1086}}, {"type": "Feature", "geometry": {"type": "Polygon", "coordinates": [[[-95.48483, 29.80284], [-95.48493, 29.79491], [-95.48359, 29.79465], [-95.47566, 29.79454], [-95.47574, 29.7982], [-95.47592, 29.7996], [-95.47546, 29.80284], [-95.48483, 29.80284]]]}, "properties": {"GEOID": "48201520302", "under5_pop": 209, "licensed_capacity": 44, "children_per_slot": 4.75, "childcare_desert": 1, "pct_zero_car": 0.0808}}, {"type": "Feature", "geometry": {"type": "Polygon", "coordinates": [[[-95.71848, 29.89447], [-95.71834, 29.89054], [-95.71381, 29.89067], [-95.71207, 29.89039], [-95.71062, 29.88975], [-95.70935, 29.88999], [-95.70904, 29.88872], [-95.71011, 29.88707], [-95.71039, 29.88511], [-95.70947, 29.88307], [-95.70921, 29.88153], [-95.7093, 29.87979], [-95.70361, 29.87982], [-95.70343, 29.88394], [-95.70347, 29.88951], [-95.70362, 29.89094], [-95.70452, 29.89394], [-95.7045, 29.89468], [-95.71848, 29.89447]]]}, "properties": {"GEOID": "48201543011", "under5_pop": 44, "licensed_capacity": 12, "children_per_slot": 3.67, "childcare_desert": 1, "pct_zero_car": 0.0032}}, {"type": "Feature", "geometry": {"type": "Polygon", "coordinates": [[[-95.48468, 29.70918], [-95.48463, 29.70553], [-95.47628, 29.7056], [-95.47629, 29.70743], [-95.47251, 29.70748], [-95.47259, 29.7129], [-95.46799, 29.71298], [-95.46805, 29.71659], [-95.47641, 29.71653], [-95.47634, 29.70927], [-95.48468, 29.70918]]]}, "properties": {"GEOID": "48201421501", "under5_pop": 417, "licensed_capacity": 1191, "children_per_slot": 0.35, "childcare_desert": 0, "pct_zero_car": 0.107}}, {"type": "Feature", "geometry": {"type": "Polygon", "coordinates": [[[-95.4848, 29.71642], [-95.48476, 29.7128], [-95.48468, 29.70918], [-95.47634, 29.70927], [-95.47641, 29.71653], [-95.4848, 29.71642]]]}, "properties": {"GEOID": "48201421502", "under5_pop": 613, "licensed_capacity": 0, "children_per_slot": null, "childcare_desert": 1, "pct_zero_car": 0.1356}}, {"type": "Feature", "geometry": {"type": "Polygon", "coordinates": [[[-95.39981, 29.84525], [-95.39903, 29.84256], [-95.39866, 29.84041], [-95.39764, 29.83885], [-95.39509, 29.83805], [-95.39432, 29.83684], [-95.39228, 29.83604], [-95.39145, 29.83488], [-95.38947, 29.83388], [-95.38762, 29.83148], [-95.3863, 29.83077], [-95.38442, 29.83085], [-95.38451, 29.8332], [-95.38668, 29.83602], [-95.39115, 29.84291], [-95.39296, 29.84552], [-95.39756, 29.84543], [-95.39981, 29.84525]]]}, "properties": {"GEOID": "48201530501", "under5_pop": 0, "licensed_capacity": 0, "children_per_slot": null, "childcare_desert": 0, "pct_zero_car": 0.1173}}, {"type": "Feature", "geometry": {"type": "Polygon", "coordinates": [[[-95.24336, 29.64074], [-95.24525, 29.63916], [-95.24584, 29.63816], [-95.24611, 29.63665], [-95.24608, 29.63398], [-95.2467, 29.63195], [-95.2479, 29.62991], [-95.24842, 29.6284], [-95.24838, 29.62716], [-95.23852, 29.62759], [-95.22906, 29.6277], [-95.23885, 29.63663], [-95.24336, 29.64074]]]}, "properties": {"GEOID": "48201333301", "under5_pop": 650, "licensed_capacity": 212, "children_per_slot": 3.07, "childcare_desert": 1, "pct_zero_car": 0.1319}}, {"type": "Feature", "geometry": {"type": "Polygon", "coordinates": [[[-95.25159, 29.6525], [-95.24661, 29.64496], [-95.24458, 29.64203], [-95.24336, 29.64074], [-95.2415, 29.64207], [-95.23782, 29.64379], [-95.23809, 29.64442], [-95.23812, 29.64625], [-95.23914, 29.64624], [-95.23928, 29.65253], [-95.24457, 29.65245], [-95.24917, 29.65221], [-95.24918, 29.6533], [-95.25159, 29.6525]]]}, "properties": {"GEOID": "48201320901", "under5_pop": 47, "licensed_capacity": 69, "children_per_slot": 0.68, "childcare_desert": 0, "pct_zero_car": 0.0377}}, {"type": "Feature", "geometry": {"type": "Polygon", "coordinates": [[[-95.54872, 29.88407], [-95.54875, 29.87935], [-95.54941, 29.8775], [-95.55035, 29.87636], [-95.55191, 29.8751], [-95.55578, 29.87352], [-95.54588, 29.86907], [-95.54311, 29.8679], [-95.53419, 29.86385], [-95.53344, 29.86357], [-95.52436, 29.85943], [-95.52454, 29.86555], [-95.52472, 29.87337], [-95.5247, 29.87707], [-95.52763, 29.87779], [-95.5299, 29.87725], [-95.53042, 29.87748], [-95.53162, 29.87888], [-95.53262, 29.87967], [-95.53757, 29.87986], [-95.53918, 29.8819], [-95.54061, 29.88221], [-95.54363, 29.88209], [-95.54487, 29.88248], [-95.54555, 29.88361], [-95.54639, 29.88405], [-95.54872, 29.88407]]]}, "properties": {"GEOID": "48201534203", "under5_pop": 105, "licensed_capacity": 0, "children_per_slot": null, "childcare_desert": 1, "pct_zero_car": 0.0308}}, {"type": "Feature", "geometry": {"type": "Polygon", "coordinates": [[[-95.22906, 29.6277], [-95.22117, 29.62058], [-95.22072, 29.62084], [-95.22078, 29.62253], [-95.2196, 29.62213], [-95.19801, 29.623], [-95.20369, 29.62914], [-95.21102, 29.63698], [-95.22116, 29.62975], [-95.22256, 29.62875], [-95.22512, 29.62777], [-95.22906, 29.6277]]]}, "properties": {"GEOID": "48201321102", "under5_pop": 86, "licensed_capacity": 149, "children_per_slot": 0.58, "childcare_desert": 0, "pct_zero_car": 0.0122}}, {"type": "Feature", "geometry": {"type": "Polygon", "coordinates": [[[-95.17801, 29.99333], [-95.17802, 29.98747], [-95.17788, 29.98085], [-95.17556, 29.98096], [-95.17025, 29.98208], [-95.16743, 29.98172], [-95.16639, 29.98131], [-95.16474, 29.98017], [-95.16295, 29.98151], [-95.16203, 29.98276], [-95.16154, 29.984], [-95.16138, 29.98554], [-95.16167, 29.99503], [-95.16166, 29.99705], [-95.16209, 29.99863], [-95.16503, 29.99822], [-95.16573, 29.9973], [-95.16923, 29.99623], [-95.17801, 29.99333]]]}, "properties": {"GEOID": "48201250405", "under5_pop": 412, "licensed_capacity": 367, "children_per_slot": 1.12, "childcare_desert": 0, "pct_zero_car": 0.0}}, {"type": "Feature", "geometry": {"type": "Polygon", "coordinates": [[[-95.46304, 29.85858], [-95.46287, 29.85755], [-95.46389, 29.85729], [-95.46867, 29.85723], [-95.46865, 29.85606], [-95.47095, 29.85603], [-95.47103, 29.85793], [-95.47334, 29.85794], [-95.47332, 29.85105], [-95.47206, 29.84889], [-95.47013, 29.84544], [-95.4683, 29.8423], [-95.45865, 29.84234], [-95.45983, 29.84439], [-95.46029, 29.84593], [-95.46111, 29.84749], [-95.4612, 29.84916], [-95.4635, 29.85108], [-95.46365, 29.8519], [-95.46301, 29.85263], [-95.46313, 29.85335], [-95.46436, 29.85397], [-95.46455, 29.85485], [-95.462, 29.85733], [-95.46205, 29.85811], [-95.46304, 29.85858]]]}, "properties": {"GEOID": "48201532004", "under5_pop": 175, "licensed_capacity": 0, "children_per_slot": null, "childcare_desert": 1, "pct_zero_car": 0.1546}}, {"type": "Feature", "geometry": {"type": "Polygon", "coordinates": [[[-95.48038, 29.86566], [-95.48162, 29.86576], [-95.47332, 29.85105], [-95.47334, 29.85794], [-95.47103, 29.85793], [-95.47095, 29.85603], [-95.46865, 29.85606], [-95.46867, 29.85723], [-95.46389, 29.85729], [-95.46287, 29.85755], [-95.46304, 29.85858], [-95.46461, 29.8592], [-95.46589, 29.86025], [-95.46684, 29.8619], [-95.46683, 29.86332], [-95.4776, 29.86328], [-95.47862, 29.86353], [-95.48038, 29.86566]]]}, "properties": {"GEOID": "48201532003", "under5_pop": 744, "licensed_capacity": 93, "children_per_slot": 8, "childcare_desert": 1, "pct_zero_car": 0.1413}}, {"type": "Feature", "geometry": {"type": "Polygon", "coordinates": [[[-95.72039, 29.81081], [-95.72039, 29.80568], [-95.72026, 29.80464], [-95.71907, 29.80153], [-95.719, 29.80029], [-95.70397, 29.80031], [-95.70393, 29.80762], [-95.71248, 29.80743], [-95.71249, 29.80837], [-95.71573, 29.80838], [-95.71902, 29.81061], [-95.72039, 29.81081]]]}, "properties": {"GEOID": "48201542004", "under5_pop": 174, "licensed_capacity": 77, "children_per_slot": 2.26, "childcare_desert": 0, "pct_zero_car": 0.0}}, {"type": "Feature", "geometry": {"type": "Polygon", "coordinates": [[[-95.51232, 29.66561], [-95.51215, 29.66423], [-95.51108, 29.66223], [-95.51098, 29.66057], [-95.51427, 29.66054], [-95.51418, 29.65583], [-95.51297, 29.65598], [-95.50843, 29.65602], [-95.50852, 29.66279], [-95.50854, 29.66563], [-95.51232, 29.66561]]]}, "properties": {"GEOID": "48201423303", "under5_pop": 17, "licensed_capacity": 137, "children_per_slot": 0.12, "childcare_desert": 0, "pct_zero_car": 0.2144}}, {"type": "Feature", "geometry": {"type": "Polygon", "coordinates": [[[-95.48672, 29.70553], [-95.48663, 29.69809], [-95.48457, 29.69919], [-95.48041, 29.70125], [-95.48036, 29.69832], [-95.47408, 29.69838], [-95.47416, 29.70442], [-95.47625, 29.7034], [-95.47628, 29.7056], [-95.48463, 29.70553], [-95.48672, 29.70553]]]}, "properties": {"GEOID": "48201421602", "under5_pop": 216, "licensed_capacity": 70, "children_per_slot": 3.09, "childcare_desert": 1, "pct_zero_car": 0.0808}}, {"type": "Feature", "geometry": {"type": "Polygon", "coordinates": [[[-95.42735, 29.70055], [-95.42728, 29.69712], [-95.42693, 29.69582], [-95.42625, 29.69644], [-95.42498, 29.69693], [-95.42283, 29.6967], [-95.42094, 29.6957], [-95.41964, 29.69591], [-95.41802, 29.69739], [-95.41817, 29.69783], [-95.41979, 29.69699], [-95.42141, 29.69675], [-95.42356, 29.69739], [-95.42289, 29.70037], [-95.42291, 29.70124], [-95.42517, 29.701], [-95.42522, 29.70059], [-95.42735, 29.70055]]]}, "properties": {"GEOID": "48201413204", "under5_pop": 42, "licensed_capacity": 0, "children_per_slot": null, "childcare_desert": 1, "pct_zero_car": 0.0152}}, {"type": "Feature", "geometry": {"type": "Polygon", "coordinates": [[[-95.1528, 29.79861], [-95.15243, 29.78884], [-95.14028, 29.78897], [-95.14049, 29.79253], [-95.14192, 29.7964], [-95.14207, 29.79881], [-95.1528, 29.79861]]]}, "properties": {"GEOID": "48201252303", "under5_pop": 270, "licensed_capacity": 0, "children_per_slot": null, "childcare_desert": 1, "pct_zero_car": 0.0}}, {"type": "Feature", "geometry": {"type": "Polygon", "coordinates": [[[-95.40543, 30.03112], [-95.40429, 30.02664], [-95.40252, 30.02697], [-95.40002, 30.027], [-95.39821, 30.02662], [-95.38697, 30.02185], [-95.38477, 30.02119], [-95.3801, 30.02037], [-95.37964, 30.01905], [-95.37493, 30.011], [-95.37381, 30.01141], [-95.37284, 30.01089], [-95.37221, 30.01124], [-95.36848, 30.01135], [-95.36733, 30.01239], [-95.36608, 30.01257], [-95.36546, 30.01379], [-95.36378, 30.01427], [-95.36335, 30.01545], [-95.3623, 30.01724], [-95.35968, 30.01674], [-95.34668, 30.01444], [-95.34048, 30.01341], [-95.33012, 30.01154], [-95.33011, 30.01624], [-95.33, 30.01871], [-95.33001, 30.02533], [-95.32989, 30.02808], [-95.33004, 30.03049], [-95.33092, 30.03065], [-95.33205, 30.02936], [-95.33325, 30.02913], [-95.3346, 30.02942], [-95.33526, 30.03028], [-95.33598, 30.03046], [-95.33702, 30.02871], [-95.33928, 30.02802], [-95.34083, 30.02807], [-95.34437, 30.02849], [-95.3455, 30.02815], [-95.34767, 30.02813], [-95.34985, 30.02931], [-95.35033, 30.03107], [-95.35097, 30.03169], [-95.35235, 30.03195], [-95.354, 30.03352], [-95.35506, 30.03321], [-95.35763, 30.03577], [-95.35917, 30.0361], [-95.36091, 30.03534], [-95.36315, 30.03311], [-95.36624, 30.0316], [-95.36745, 30.03374], [-95.3679, 30.03487], [-95.3688, 30.03603], [-95.3697, 30.0366], [-95.37085, 30.03668], [-95.3747, 30.0376], [-95.37726, 30.03917], [-95.3793, 30.03922], [-95.38017, 30.03952], [-95.38131, 30.04044], [-95.38241, 30.04036], [-95.38309, 30.03993], [-95.38451, 30.03822], [-95.38706, 30.03737], [-95.38884, 30.03647], [-95.39073, 30.03687], [-95.39283, 30.03617], [-95.39411, 30.0363], [-95.39525, 30.03574], [-95.39697, 30.03597], [-95.39812, 30.03554], [-95.39928, 30.03622], [-95.40015, 30.03596], [-95.4011, 30.03457], [-95.40235, 30.03388], [-95.40426, 30.03324], [-95.40452, 30.03154], [-95.40543, 30.03112]]]}, "properties": {"GEOID": "48201240802", "under5_pop": 953, "licensed_capacity": 244, "children_per_slot": 3.91, "childcare_desert": 1, "pct_zero_car": 0.0603}}, {"type": "Feature", "geometry": {"type": "Polygon", "coordinates": [[[-95.51535, 29.92537], [-95.51333, 29.92191], [-95.50951, 29.91505], [-95.50639, 29.90968], [-95.50075, 29.89962], [-95.49569, 29.89968], [-95.49575, 29.90868], [-95.49586, 29.91209], [-95.49575, 29.91613], [-95.49539, 29.91753], [-95.49384, 29.91999], [-95.4999, 29.92452], [-95.50055, 29.92489], [-95.50221, 29.92434], [-95.50525, 29.92444], [-95.50745, 29.92515], [-95.50919, 29.92536], [-95.51535, 29.92537]]]}, "properties": {"GEOID": "48201534002", "under5_pop": 149, "licensed_capacity": 114, "children_per_slot": 1.31, "childcare_desert": 0, "pct_zero_car": 0.0318}}, {"type": "Feature", "geometry": {"type": "Polygon", "coordinates": [[[-95.52172, 29.93668], [-95.51535, 29.92537], [-95.50919, 29.92536], [-95.50745, 29.92515], [-95.50525, 29.92444], [-95.50221, 29.92434], [-95.50055, 29.92489], [-95.50489, 29.92816], [-95.5087, 29.93121], [-95.51177, 29.93424], [-95.51532, 29.9369], [-95.52172, 29.93668]]]}, "properties": {"GEOID": "48201534003", "under5_pop": 88, "licensed_capacity": 0, "children_per_slot": null, "childcare_desert": 1, "pct_zero_car": 0.0107}}, {"type": "Feature", "geometry": {"type": "Polygon", "coordinates": [[[-95.5633, 29.75785], [-95.56322, 29.75027], [-95.56331, 29.74861], [-95.56472, 29.74864], [-95.56501, 29.74725], [-95.56213, 29.74716], [-95.55981, 29.74752], [-95.55789, 29.74755], [-95.55809, 29.758], [-95.56048, 29.75849], [-95.56219, 29.75835], [-95.5633, 29.75785]]]}, "properties": {"GEOID": "48201450804", "under5_pop": 52, "licensed_capacity": 0, "children_per_slot": null, "childcare_desert": 1, "pct_zero_car": 0.0466}}, {"type": "Feature", "geometry": {"type": "Polygon", "coordinates": [[[-95.58365, 29.74688], [-95.58409, 29.74467], [-95.58467, 29.74384], [-95.58609, 29.74271], [-95.58524, 29.74125], [-95.58298, 29.74116], [-95.58172, 29.74132], [-95.58126, 29.73988], [-95.5812, 29.73656], [-95.57617, 29.73662], [-95.5763, 29.74336], [-95.57331, 29.7432], [-95.57199, 29.74278], [-95.57207, 29.74795], [-95.57704, 29.74791], [-95.57853, 29.74776], [-95.58168, 29.74697], [-95.58365, 29.74688]]]}, "properties": {"GEOID": "48201451006", "under5_pop": 137, "licensed_capacity": 27, "children_per_slot": 5.07, "childcare_desert": 1, "pct_zero_car": 0.0854}}, {"type": "Feature", "geometry": {"type": "Polygon", "coordinates": [[[-95.35595, 29.63822], [-95.35544, 29.62106], [-95.35542, 29.61661], [-95.35416, 29.61662], [-95.34854, 29.61926], [-95.34624, 29.62012], [-95.34466, 29.62051], [-95.34091, 29.621], [-95.34069, 29.62213], [-95.3396, 29.62516], [-95.33933, 29.62737], [-95.34893, 29.62754], [-95.34891, 29.63628], [-95.34883, 29.63793], [-95.34937, 29.63817], [-95.35595, 29.63822]]]}, "properties": {"GEOID": "48201331603", "under5_pop": 385, "licensed_capacity": 49, "children_per_slot": 7.86, "childcare_desert": 1, "pct_zero_car": 0.0113}}, {"type": "Feature", "geometry": {"type": "Polygon", "coordinates": [[[-95.57055, 29.90914], [-95.57018, 29.90786], [-95.57018, 29.90587], [-95.57073, 29.90187], [-95.57013, 29.89947], [-95.56761, 29.89837], [-95.56807, 29.8962], [-95.56774, 29.89557], [-95.56652, 29.89586], [-95.56117, 29.89604], [-95.55364, 29.89616], [-95.5494, 29.89638], [-95.54978, 29.89963], [-95.55037, 29.90099], [-95.55178, 29.90281], [-95.55449, 29.90278], [-95.55659, 29.90309], [-95.55753, 29.90345], [-95.55926, 29.90467], [-95.56297, 29.90809], [-95.56473, 29.9092], [-95.56727, 29.90974], [-95.56868, 29.90964], [-95.57055, 29.90914]]]}, "properties": {"GEOID": "48201551702", "under5_pop": 146, "licensed_capacity": 370, "children_per_slot": 0.39, "childcare_desert": 0, "pct_zero_car": 0.0124}}, {"type": "Feature", "geometry": {"type": "Polygon", "coordinates": [[[-95.08843, 29.70318], [-95.08833, 29.70038], [-95.08812, 29.69015], [-95.08789, 29.68499], [-95.08781, 29.67982], [-95.08771, 29.6746], [-95.0596, 29.67516], [-95.04656, 29.67537], [-95.04638, 29.665], [-95.03917, 29.66514], [-95.03944, 29.68114], [-95.03962, 29.6844], [-95.03887, 29.68584], [-95.03759, 29.68669], [-95.03662, 29.68674], [-95.04694, 29.68988], [-95.04697, 29.69073], [-95.05382, 29.69271], [-95.06189, 29.69514], [-95.0647, 29.69608], [-95.07043, 29.69782], [-95.07611, 29.69945], [-95.08843, 29.70318]]]}, "properties": {"GEOID": "48201343301", "under5_pop": 190, "licensed_capacity": 0, "children_per_slot": null, "childcare_desert": 1, "pct_zero_car": 0.0}}, {"type": "Feature", "geometry": {"type": "Polygon", "coordinates": [[[-95.5281, 29.66497], [-95.52802, 29.65568], [-95.52539, 29.65574], [-95.52279, 29.65561], [-95.51554, 29.65566], [-95.51418, 29.65583], [-95.51427, 29.66054], [-95.51098, 29.66057], [-95.51108, 29.66223], [-95.51215, 29.66423], [-95.51232, 29.66561], [-95.52431, 29.66546], [-95.52651, 29.6653], [-95.5281, 29.66497]]]}, "properties": {"GEOID": "48201423304", "under5_pop": 232, "licensed_capacity": 214, "children_per_slot": 1.08, "childcare_desert": 0, "pct_zero_car": 0.1425}}, {"type": "Feature", "geometry": {"type": "Polygon", "coordinates": [[[-95.42815, 29.73004], [-95.42779, 29.72675], [-95.42482, 29.7268], [-95.42483, 29.72537], [-95.41858, 29.72549], [-95.41053, 29.72558], [-95.41061, 29.73098], [-95.41866, 29.73074], [-95.424, 29.73064], [-95.42815, 29.73004]]]}, "properties": {"GEOID": "48201411802", "under5_pop": 71, "licensed_capacity": 0, "children_per_slot": null, "childcare_desert": 1, "pct_zero_car": 0.0637}}, {"type": "Feature", "geometry": {"type": "Polygon", "coordinates": [[[-95.57026, 29.68838], [-95.56965, 29.68617], [-95.56846, 29.68641], [-95.56272, 29.68652], [-95.5627, 29.6848], [-95.55845, 29.68466], [-95.55748, 29.68942], [-95.56008, 29.68966], [-95.56276, 29.68925], [-95.56715, 29.68902], [-95.57026, 29.68838]]]}, "properties": {"GEOID": "48201453201", "under5_pop": 222, "licensed_capacity": 0, "children_per_slot": null, "childcare_desert": 1, "pct_zero_car": 0.1379}}, {"type": "Feature", "geometry": {"type": "Polygon", "coordinates": [[[-95.41269, 29.91507], [-95.41245, 29.89965], [-95.41054, 29.89889], [-95.41021, 29.8974], [-95.40959, 29.89697], [-95.40777, 29.89676], [-95.40735, 29.89603], [-95.40553, 29.89626], [-95.40281, 29.89551], [-95.40212, 29.89574], [-95.40116, 29.89537], [-95.40078, 29.89463], [-95.39984, 29.89421], [-95.39805, 29.89271], [-95.39689, 29.89286], [-95.39587, 29.89332], [-95.39268, 29.89206], [-95.39089, 29.89185], [-95.38795, 29.89226], [-95.38705, 29.89309], [-95.38638, 29.89295], [-95.38509, 29.89174], [-95.38457, 29.8916], [-95.3817, 29.89286], [-95.37955, 29.89329], [-95.37872, 29.8932], [-95.37691, 29.89222], [-95.37521, 29.89269], [-95.37285, 29.89245], [-95.37213, 29.8921], [-95.37054, 29.89255], [-95.37297, 29.90221], [-95.39075, 29.90208], [-95.39334, 29.9027], [-95.40047, 29.90255], [-95.40513, 29.91541], [-95.40681, 29.91521], [-95.41269, 29.91507]]]}, "properties": {"GEOID": "48201222401", "under5_pop": 265, "licensed_capacity": 0, "children_per_slot": null, "childcare_desert": 1, "pct_zero_car": 0.0228}}, {"type": "Feature", "geometry": {"type": "Polygon", "coordinates": [[[-95.53178, 29.78381], [-95.53156, 29.77323], [-95.52663, 29.77326], [-95.52667, 29.77691], [-95.52442, 29.77693], [-95.52412, 29.77403], [-95.52342, 29.77403], [-95.52328, 29.77332], [-95.52244, 29.77333], [-95.51766, 29.77334], [-95.51757, 29.77753], [-95.50888, 29.77757], [-95.50577, 29.77762], [-95.50582, 29.78124], [-95.50617, 29.7821], [-95.50186, 29.78307], [-95.50185, 29.78466], [-95.50956, 29.78474], [-95.51446, 29.78455], [-95.52012, 29.78456], [-95.52012, 29.78374], [-95.52126, 29.78373], [-95.52746, 29.78383], [-95.53178, 29.78381]]]}, "properties": {"GEOID": "48201430500", "under5_pop": 154, "licensed_capacity": 72, "children_per_slot": 2.14, "childcare_desert": 0, "pct_zero_car": 0.0556}}, {"type": "Feature", "geometry": {"type": "Polygon", "coordinates": [[[-95.42927, 30.03266], [-95.43072, 30.03252], [-95.43167, 30.03201], [-95.4349, 30.03231], [-95.43682, 30.03206], [-95.43883, 30.03214], [-95.44126, 30.03049], [-95.44176, 30.02951], [-95.44142, 30.02742], [-95.43984, 30.02445], [-95.43779, 30.02185], [-95.43684, 30.01996], [-95.43665, 30.01903], [-95.429, 30.02134], [-95.42929, 30.02691], [-95.42927, 30.03266]]]}, "properties": {"GEOID": "48201553300", "under5_pop": 97, "licensed_capacity": 0, "children_per_slot": null, "childcare_desert": 1, "pct_zero_car": 0.0603}}, {"type": "Feature", "geometry": {"type": "Polygon", "coordinates": [[[-95.0491, 29.84173], [-95.04886, 29.8402], [-95.04877, 29.83685], [-95.04782, 29.83651], [-95.04769, 29.83482], [-95.04452, 29.83475], [-95.04446, 29.8312], [-95.04351, 29.83104], [-95.04338, 29.82918], [-95.04302, 29.82897], [-95.04286, 29.8274], [-95.03902, 29.82744], [-95.03491, 29.82734], [-95.0344, 29.8235], [-95.03631, 29.82337], [-95.03535, 29.8193], [-95.03227, 29.80821], [-95.03207, 29.80726], [-95.03188, 29.79762], [-95.02785, 29.79912], [-95.02507, 29.79984], [-95.01669, 29.8001], [-95.0119, 29.80017], [-95.00989, 29.80035], [-94.99759, 29.80228], [-94.99923, 29.80848], [-94.99935, 29.82007], [-94.99762, 29.82009], [-95.00162, 29.83826], [-95.00276, 29.84081], [-95.0028, 29.84239], [-95.04083, 29.84192], [-95.0491, 29.84173]]]}, "properties": {"GEOID": "48201253000", "under5_pop": 461, "licensed_capacity": 60, "children_per_slot": 7.68, "childcare_desert": 1, "pct_zero_car": 0.029}}, {"type": "Feature", "geometry": {"type": "Polygon", "coordinates": [[[-95.08269, 29.76414], [-95.07948, 29.7637], [-95.07812, 29.76305], [-95.0762, 29.76178], [-95.07457, 29.76107], [-95.0726, 29.75977], [-95.07066, 29.75875], [-95.06924, 29.75757], [-95.06726, 29.75526], [-95.06595, 29.753], [-95.05914, 29.7395], [-95.05761, 29.7381], [-95.05398, 29.73606], [-95.04833, 29.73262], [-95.04476, 29.73118], [-95.04185, 29.73075], [-95.03536, 29.73025], [-95.03457, 29.73028], [-95.03468, 29.73093], [-95.03439, 29.74846], [-95.03367, 29.74856], [-95.03464, 29.74912], [-95.03378, 29.75039], [-95.03566, 29.75123], [-95.03627, 29.752], [-95.03628, 29.75285], [-95.03298, 29.76037], [-95.03215, 29.76189], [-95.03195, 29.76279], [-95.03184, 29.77233], [-95.03201, 29.7775], [-95.03203, 29.78263], [-95.03983, 29.78594], [-95.04485, 29.78799], [-95.05078, 29.78978], [-95.04912, 29.79085], [-95.04944, 29.79108], [-95.05175, 29.79059], [-95.05491, 29.79048], [-95.05736, 29.79102], [-95.06082, 29.79251], [-95.06183, 29.79188], [-95.0653, 29.78874], [-95.07083, 29.7846], [-95.07361, 29.78218], [-95.07568, 29.78008], [-95.07731, 29.77537], [-95.07731, 29.77265], [-95.07699, 29.77015], [-95.07828, 29.76738], [-95.08005, 29.76524], [-95.08131, 29.76452], [-95.08269, 29.76414]]]}, "properties": {"GEOID": "48201253300", "under5_pop": 128, "licensed_capacity": 12, "children_per_slot": 10.67, "childcare_desert": 1, "pct_zero_car": 0.0319}}, {"type": "Feature", "geometry": {"type": "Polygon", "coordinates": [[[-95.17252, 29.68225], [-95.17253, 29.67987], [-95.17223, 29.66532], [-95.15565, 29.66565], [-95.15595, 29.67068], [-95.15608, 29.67758], [-95.156, 29.6789], [-95.15526, 29.68152], [-95.16411, 29.68143], [-95.16977, 29.68147], [-95.17252, 29.68225]]]}, "properties": {"GEOID": "48201323900", "under5_pop": 296, "licensed_capacity": 0, "children_per_slot": null, "childcare_desert": 1, "pct_zero_car": 0.1672}}, {"type": "Feature", "geometry": {"type": "Polygon", "coordinates": [[[-95.23356, 29.75903], [-95.23345, 29.75312], [-95.23301, 29.74124], [-95.23275, 29.73248], [-95.22965, 29.73251], [-95.22965, 29.72869], [-95.22887, 29.72826], [-95.22871, 29.72644], [-95.22829, 29.72547], [-95.22605, 29.72585], [-95.22354, 29.72528], [-95.21931, 29.72413], [-95.21521, 29.72453], [-95.21189, 29.72653], [-95.21192, 29.73167], [-95.2127, 29.73273], [-95.21206, 29.7341], [-95.21236, 29.74106], [-95.21305, 29.75944], [-95.21361, 29.75943], [-95.21414, 29.76049], [-95.21525, 29.75986], [-95.21685, 29.75941], [-95.21773, 29.75965], [-95.22329, 29.7595], [-95.2233, 29.75945], [-95.23252, 29.75922], [-95.23356, 29.75903]]]}, "properties": {"GEOID": "48201233703", "under5_pop": 174, "licensed_capacity": 0, "children_per_slot": null, "childcare_desert": 1, "pct_zero_car": 0.0145}}, {"type": "Feature", "geometry": {"type": "Polygon", "coordinates": [[[-95.12034, 29.55487], [-95.11799, 29.553], [-95.11085, 29.55006], [-95.10879, 29.54869], [-95.10641, 29.54594], [-95.09768, 29.54884], [-95.09543, 29.54967], [-95.09281, 29.55051], [-95.0936, 29.55176], [-95.09427, 29.5522], [-95.09751, 29.55357], [-95.10795, 29.5578], [-95.11572, 29.56101], [-95.11816, 29.5567], [-95.12034, 29.55487]]]}, "properties": {"GEOID": "48201341302", "under5_pop": 112, "licensed_capacity": 50, "children_per_slot": 2.24, "childcare_desert": 0, "pct_zero_car": 0.0832}}, {"type": "Feature", "geometry": {"type": "Polygon", "coordinates": [[[-95.48822, 29.78352], [-95.48826, 29.77708], [-95.48705, 29.77742], [-95.48698, 29.76962], [-95.48704, 29.76962], [-95.48619, 29.76908], [-95.48547, 29.76916], [-95.4852, 29.77058], [-95.48442, 29.77123], [-95.48283, 29.77174], [-95.48285, 29.77023], [-95.4815, 29.77067], [-95.48178, 29.77218], [-95.4813, 29.77317], [-95.47888, 29.77334], [-95.47946, 29.77406], [-95.4798, 29.77558], [-95.48064, 29.77565], [-95.48177, 29.77653], [-95.48321, 29.77844], [-95.48451, 29.77941], [-95.484, 29.78046], [-95.48443, 29.78167], [-95.48599, 29.78207], [-95.48646, 29.78267], [-95.4864, 29.78358], [-95.48822, 29.78352]]]}, "properties": {"GEOID": "48201430200", "under5_pop": 75, "licensed_capacity": 40, "children_per_slot": 1.88, "childcare_desert": 0, "pct_zero_car": 0.0281}}, {"type": "Feature", "geometry": {"type": "Polygon", "coordinates": [[[-95.48856, 30.04039], [-95.48131, 30.0305], [-95.47908, 30.02841], [-95.47757, 30.0264], [-95.47637, 30.02437], [-95.47541, 30.02476], [-95.47408, 30.02625], [-95.47253, 30.02738], [-95.47137, 30.02735], [-95.46906, 30.02632], [-95.46762, 30.02642], [-95.46729, 30.02683], [-95.46719, 30.02847], [-95.46538, 30.02998], [-95.46508, 30.03141], [-95.46454, 30.03253], [-95.46355, 30.03297], [-95.46566, 30.03674], [-95.46662, 30.03804], [-95.46752, 30.03941], [-95.468, 30.041], [-95.46865, 30.04223], [-95.47119, 30.04571], [-95.47387, 30.04848], [-95.48856, 30.04039]]]}, "properties": {"GEOID": "48201553500", "under5_pop": 532, "licensed_capacity": 294, "children_per_slot": 1.81, "childcare_desert": 0, "pct_zero_car": 0.0062}}, {"type": "Feature", "geometry": {"type": "Polygon", "coordinates": [[[-95.28026, 29.70139], [-95.28179, 29.70136], [-95.28381, 29.70388], [-95.28546, 29.70506], [-95.2863, 29.70509], [-95.2883, 29.70398], [-95.28987, 29.70176], [-95.28979, 29.70063], [-95.29019, 29.69991], [-95.29118, 29.69939], [-95.28873, 29.69745], [-95.28438, 29.69867], [-95.28078, 29.70062], [-95.28026, 29.70139]]]}, "properties": {"GEOID": "48201311600", "under5_pop": 471, "licensed_capacity": 0, "children_per_slot": null, "childcare_desert": 1, "pct_zero_car": 0.0832}}, {"type": "Feature", "geometry": {"type": "Polygon", "coordinates": [[[-95.375, 29.7266], [-95.36567, 29.72097], [-95.36122, 29.72661], [-95.37176, 29.73299], [-95.37262, 29.72994], [-95.37326, 29.72876], [-95.375, 29.7266]]]}, "properties": {"GEOID": "48201312700", "under5_pop": 86, "licensed_capacity": 12, "children_per_slot": 7.17, "childcare_desert": 1, "pct_zero_car": 0.0898}}, {"type": "Feature", "geometry": {"type": "Polygon", "coordinates": [[[-95.36567, 29.72097], [-95.36399, 29.71998], [-95.35882, 29.7184], [-95.35369, 29.71685], [-95.35256, 29.71964], [-95.35094, 29.72373], [-95.35473, 29.72489], [-95.35627, 29.7249], [-95.356, 29.72559], [-95.36063, 29.727], [-95.36122, 29.72661], [-95.36567, 29.72097]]]}, "properties": {"GEOID": "48201312800", "under5_pop": 124, "licensed_capacity": 0, "children_per_slot": null, "childcare_desert": 1, "pct_zero_car": 0.4827}}, {"type": "Feature", "geometry": {"type": "Polygon", "coordinates": [[[-95.41925, 29.96573], [-95.41885, 29.96422], [-95.41867, 29.96231], [-95.41861, 29.95688], [-95.41667, 29.95679], [-95.41587, 29.95638], [-95.4137, 29.95445], [-95.40792, 29.95345], [-95.40749, 29.95314], [-95.40567, 29.95003], [-95.40494, 29.9494], [-95.40114, 29.94834], [-95.39962, 29.94765], [-95.3978, 29.94567], [-95.39716, 29.94524], [-95.39603, 29.94518], [-95.39705, 29.9473], [-95.39854, 29.94892], [-95.39948, 29.9506], [-95.39987, 29.95382], [-95.39992, 29.95479], [-95.40104, 29.95737], [-95.40134, 29.95863], [-95.40143, 29.96171], [-95.40215, 29.96468], [-95.40224, 29.96597], [-95.41524, 29.96582], [-95.41925, 29.96573]]]}, "properties": {"GEOID": "48201240600", "under5_pop": 306, "licensed_capacity": 0, "children_per_slot": null, "childcare_desert": 1, "pct_zero_car": 0.1693}}, {"type": "Feature", "geometry": {"type": "Polygon", "coordinates": [[[-95.52377, 30.02102], [-95.5203, 30.01815], [-95.51304, 30.00817], [-95.51203, 30.0067], [-95.51092, 30.00927], [-95.51032, 30.00951], [-95.50915, 30.00904], [-95.50798, 30.00952], [-95.50528, 30.00928], [-95.50346, 30.00933], [-95.50245, 30.00842], [-95.50149, 30.00868], [-95.50172, 30.00965], [-95.50107, 30.01035], [-95.50123, 30.0116], [-95.50053, 30.01194], [-95.49873, 30.01148], [-95.49731, 30.01246], [-95.49674, 30.01332], [-95.49723, 30.01405], [-95.49825, 30.01367], [-95.49959, 30.01426], [-95.49845, 30.01555], [-95.49873, 30.01752], [-95.5, 30.01918], [-95.50168, 30.01914], [-95.50333, 30.01976], [-95.50525, 30.02187], [-95.50603, 30.02203], [-95.50702, 30.02425], [-95.50801, 30.02491], [-95.50845, 30.02629], [-95.50782, 30.02706], [-95.50715, 30.03016], [-95.51674, 30.02485], [-95.52377, 30.02102]]]}, "properties": {"GEOID": "48201553700", "under5_pop": 349, "licensed_capacity": 0, "children_per_slot": null, "childcare_desert": 1, "pct_zero_car": 0.0204}}, {"type": "Feature", "geometry": {"type": "Polygon", "coordinates": [[[-95.34151, 29.7118], [-95.34181, 29.71027], [-95.34567, 29.70087], [-95.34045, 29.69923], [-95.33894, 29.69861], [-95.32952, 29.69553], [-95.32751, 29.69502], [-95.32666, 29.69547], [-95.32756, 29.6984], [-95.33249, 29.71299], [-95.33292, 29.71437], [-95.33412, 29.71322], [-95.33493, 29.71327], [-95.33776, 29.7148], [-95.33872, 29.71465], [-95.33922, 29.71359], [-95.33934, 29.71227], [-95.34029, 29.71131], [-95.34151, 29.7118]]]}, "properties": {"GEOID": "48201313300", "under5_pop": 134, "licensed_capacity": 46, "children_per_slot": 2.91, "childcare_desert": 0, "pct_zero_car": 0.0753}}, {"type": "Feature", "geometry": {"type": "Polygon", "coordinates": [[[-95.66815, 29.87901], [-95.6683, 29.87566], [-95.66926, 29.87281], [-95.6692, 29.86889], [-95.66892, 29.86713], [-95.66905, 29.86528], [-95.66631, 29.86509], [-95.66227, 29.86508], [-95.66029, 29.86526], [-95.65872, 29.86582], [-95.65688, 29.86692], [-95.65575, 29.86734], [-95.65369, 29.8676], [-95.64516, 29.86767], [-95.64531, 29.87599], [-95.64531, 29.87921], [-95.64957, 29.87916], [-95.65515, 29.87909], [-95.66815, 29.87901]]]}, "properties": {"GEOID": "48201541301", "under5_pop": 558, "licensed_capacity": 36, "children_per_slot": 15.5, "childcare_desert": 1, "pct_zero_car": 0.0391}}, {"type": "Feature", "geometry": {"type": "Polygon", "coordinates": [[[-95.75956, 29.83366], [-95.766, 29.82423], [-95.77143, 29.81693], [-95.77251, 29.81507], [-95.77341, 29.81293], [-95.77383, 29.81144], [-95.77564, 29.80193], [-95.752, 29.8021], [-95.75199, 29.80392], [-95.75219, 29.81608], [-95.75242, 29.82017], [-95.75397, 29.82596], [-95.75422, 29.82755], [-95.75431, 29.83166], [-95.75224, 29.83169], [-95.75301, 29.83208], [-95.75342, 29.83355], [-95.75459, 29.83298], [-95.75533, 29.83307], [-95.75608, 29.83387], [-95.7582, 29.83402], [-95.75901, 29.83348], [-95.75956, 29.83366]]]}, "properties": {"GEOID": "48201542901", "under5_pop": 518, "licensed_capacity": 315, "children_per_slot": 1.64, "childcare_desert": 0, "pct_zero_car": 0.0399}}, {"type": "Feature", "geometry": {"type": "Polygon", "coordinates": [[[-95.20222, 29.79138], [-95.20221, 29.78896], [-95.20273, 29.78699], [-95.20426, 29.78465], [-95.2062, 29.77936], [-95.20644, 29.77799], [-95.20642, 29.7755], [-95.20473, 29.77535], [-95.205, 29.77665], [-95.20464, 29.77848], [-95.20292, 29.78109], [-95.20308, 29.78166], [-95.20241, 29.78304], [-95.20257, 29.78417], [-95.20151, 29.78547], [-95.19967, 29.78616], [-95.19859, 29.78594], [-95.19687, 29.78741], [-95.19529, 29.78645], [-95.1937, 29.78838], [-95.18999, 29.7929], [-95.19253, 29.79392], [-95.19453, 29.794], [-95.19704, 29.79328], [-95.19991, 29.7917], [-95.20222, 29.79138]]]}, "properties": {"GEOID": "48201232801", "under5_pop": 370, "licensed_capacity": 87, "children_per_slot": 4.25, "childcare_desert": 1, "pct_zero_car": 0.0443}}, {"type": "Feature", "geometry": {"type": "Polygon", "coordinates": [[[-95.00215, 29.78223], [-95.02366, 29.78562], [-95.03161, 29.78693], [-95.03261, 29.787], [-95.03931, 29.78664], [-95.03983, 29.78594], [-95.03203, 29.78263], [-95.02308, 29.77887], [-95.02172, 29.77817], [-95.01466, 29.77099], [-95.01333, 29.76987], [-95.01105, 29.77082], [-95.00269, 29.77094], [-94.99973, 29.77105], [-94.99962, 29.77181], [-95.00018, 29.77506], [-95.00014, 29.77574], [-95.00137, 29.7778], [-95.002, 29.77848], [-95.00174, 29.78092], [-95.00215, 29.78223]]]}, "properties": {"GEOID": "48201253502", "under5_pop": 133, "licensed_capacity": 0, "children_per_slot": null, "childcare_desert": 1, "pct_zero_car": 0.157}}, {"type": "Feature", "geometry": {"type": "Polygon", "coordinates": [[[-95.27788, 29.70268], [-95.27779, 29.69757], [-95.27602, 29.69654], [-95.2746, 29.69691], [-95.27209, 29.6968], [-95.2706, 29.69571], [-95.26917, 29.69507], [-95.2666, 29.69544], [-95.26547, 29.69597], [-95.26004, 29.6902], [-95.25901, 29.69058], [-95.25802, 29.69143], [-95.25672, 29.69172], [-95.25541, 29.69295], [-95.25577, 29.69404], [-95.25755, 29.69417], [-95.25854, 29.69463], [-95.25959, 29.69435], [-95.26087, 29.69509], [-95.26162, 29.69608], [-95.26244, 29.69619], [-95.26267, 29.69712], [-95.26203, 29.69741], [-95.26314, 29.69938], [-95.26516, 29.70152], [-95.26523, 29.70273], [-95.26434, 29.7039], [-95.2632, 29.70456], [-95.25963, 29.70587], [-95.25751, 29.70719], [-95.2569, 29.70782], [-95.26165, 29.70862], [-95.26718, 29.70991], [-95.2693, 29.70837], [-95.27207, 29.70693], [-95.27788, 29.70268]]]}, "properties": {"GEOID": "48201320201", "under5_pop": 296, "licensed_capacity": 0, "children_per_slot": null, "childcare_desert": 1, "pct_zero_car": 0.0178}}, {"type": "Feature", "geometry": {"type": "Polygon", "coordinates": [[[-95.19335, 29.80602], [-95.20078, 29.80594], [-95.20582, 29.8067], [-95.20955, 29.8068], [-95.21158, 29.80612], [-95.2128, 29.8052], [-95.21116, 29.80495], [-95.20988, 29.80346], [-95.20894, 29.80295], [-95.20728, 29.80009], [-95.20406, 29.79712], [-95.2037, 29.79629], [-95.20415, 29.79562], [-95.2068, 29.79555], [-95.20639, 29.79428], [-95.20638, 29.79226], [-95.20561, 29.79131], [-95.20222, 29.79138], [-95.19991, 29.7917], [-95.19704, 29.79328], [-95.19453, 29.794], [-95.19253, 29.79392], [-95.1923, 29.79476], [-95.19306, 29.79743], [-95.19171, 29.79763], [-95.1918, 29.80222], [-95.19163, 29.80243], [-95.18736, 29.80249], [-95.18735, 29.80566], [-95.19138, 29.80607], [-95.19335, 29.80602]]]}, "properties": {"GEOID": "48201232901", "under5_pop": 380, "licensed_capacity": 240, "children_per_slot": 1.58, "childcare_desert": 0, "pct_zero_car": 0.12}}, {"type": "Feature", "geometry": {"type": "Polygon", "coordinates": [[[-95.50784, 29.74609], [-95.50905, 29.7463], [-95.51021, 29.74572], [-95.51204, 29.74545], [-95.51235, 29.74385], [-95.51229, 29.74143], [-95.51123, 29.74081], [-95.51013, 29.73905], [-95.51009, 29.73743], [-95.50504, 29.73747], [-95.50517, 29.7418], [-95.50772, 29.74196], [-95.50784, 29.74609]]]}, "properties": {"GEOID": "48201431203", "under5_pop": 196, "licensed_capacity": 0, "children_per_slot": null, "childcare_desert": 1, "pct_zero_car": 0.0594}}, {"type": "Feature", "geometry": {"type": "Polygon", "coordinates": [[[-95.47214, 29.97656], [-95.471, 29.97437], [-95.47132, 29.97407], [-95.4711, 29.96457], [-95.46497, 29.96474], [-95.45366, 29.96492], [-95.44752, 29.96514], [-95.44757, 29.96787], [-95.44617, 29.96791], [-95.44617, 29.96849], [-95.43449, 29.96853], [-95.4324, 29.97018], [-95.43519, 29.97269], [-95.43583, 29.97241], [-95.43779, 29.97252], [-95.44046, 29.97305], [-95.44267, 29.97388], [-95.44576, 29.97402], [-95.44613, 29.9741], [-95.45244, 29.97396], [-95.453, 29.97317], [-95.4567, 29.97313], [-95.46587, 29.97289], [-95.46817, 29.97503], [-95.46857, 29.97616], [-95.46872, 29.97776], [-95.46911, 29.97818], [-95.47081, 29.97774], [-95.47214, 29.97656]]]}, "properties": {"GEOID": "48201550404", "under5_pop": 491, "licensed_capacity": 560, "children_per_slot": 0.88, "childcare_desert": 0, "pct_zero_car": 0.0691}}, {"type": "Feature", "geometry": {"type": "Polygon", "coordinates": [[[-95.40769, 29.99662], [-95.40792, 29.99445], [-95.40862, 29.99311], [-95.41038, 29.99099], [-95.41071, 29.99], [-95.41062, 29.98593], [-95.41037, 29.9846], [-95.41025, 29.98141], [-95.40982, 29.97861], [-95.40843, 29.97619], [-95.40747, 29.9754], [-95.40475, 29.97383], [-95.40349, 29.97289], [-95.40238, 29.97145], [-95.40195, 29.97021], [-95.40187, 29.96881], [-95.40224, 29.96597], [-95.39045, 29.96595], [-95.38744, 29.96589], [-95.38508, 29.96535], [-95.38012, 29.96541], [-95.38017, 29.96706], [-95.38064, 29.96841], [-95.38208, 29.97013], [-95.38356, 29.97092], [-95.38843, 29.97254], [-95.38997, 29.97327], [-95.39146, 29.97479], [-95.39213, 29.97623], [-95.3961, 29.99189], [-95.39706, 29.99593], [-95.39881, 29.99567], [-95.40331, 29.99573], [-95.4063, 29.99655], [-95.40769, 29.99662]]]}, "properties": {"GEOID": "48201240706", "under5_pop": 1351, "licensed_capacity": 153, "children_per_slot": 8.83, "childcare_desert": 1, "pct_zero_car": 0.0}}, {"type": "Feature", "geometry": {"type": "Polygon", "coordinates": [[[-95.00623, 29.76302], [-95.00325, 29.75991], [-95.00224, 29.75921], [-94.99524, 29.75554], [-94.99202, 29.75363], [-94.99047, 29.75207], [-94.9877, 29.74819], [-94.98704, 29.74762], [-94.98476, 29.74426], [-94.98346, 29.74274], [-94.98274, 29.74387], [-94.9833, 29.74545], [-94.98231, 29.74707], [-94.98266, 29.74848], [-94.97988, 29.74924], [-94.97947, 29.74985], [-94.97952, 29.75099], [-94.98074, 29.7514], [-94.97946, 29.75215], [-94.97861, 29.75393], [-94.97719, 29.75472], [-94.97737, 29.76128], [-94.98018, 29.76087], [-94.98596, 29.7607], [-94.98839, 29.76033], [-94.99148, 29.7593], [-94.99359, 29.76045], [-94.99453, 29.76046], [-94.99554, 29.76137], [-94.99676, 29.76161], [-94.99811, 29.76256], [-94.9994, 29.7631], [-95.00016, 29.76275], [-95.0033, 29.76279], [-95.00479, 29.76319], [-95.00623, 29.76302]]]}, "properties": {"GEOID": "48201253602", "under5_pop": 391, "licensed_capacity": 0, "children_per_slot": null, "childcare_desert": 1, "pct_zero_car": 0.206}}, {"type": "Feature", "geometry": {"type": "Polygon", "coordinates": [[[-95.41224, 29.88906], [-95.41211, 29.8822], [-95.41211, 29.87856], [-95.4119, 29.87686], [-95.41144, 29.87567], [-95.41023, 29.8736], [-95.40792, 29.86987], [-95.40649, 29.86983], [-95.39783, 29.86991], [-95.38491, 29.87005], [-95.38512, 29.87325], [-95.38672, 29.87603], [-95.39109, 29.88323], [-95.39485, 29.88945], [-95.40456, 29.88888], [-95.40834, 29.88885], [-95.41224, 29.88906]]]}, "properties": {"GEOID": "48201221602", "under5_pop": 231, "licensed_capacity": 183, "children_per_slot": 1.26, "childcare_desert": 0, "pct_zero_car": 0.0273}}, {"type": "Feature", "geometry": {"type": "Polygon", "coordinates": [[[-95.61452, 30.05172], [-95.61173, 30.04717], [-95.61026, 30.04514], [-95.60821, 30.04276], [-95.60611, 30.04055], [-95.60393, 30.03653], [-95.6022, 30.0334], [-95.59907, 30.02758], [-95.59394, 30.01916], [-95.59002, 30.01309], [-95.58793, 30.01346], [-95.58561, 30.01443], [-95.5858, 30.0253], [-95.58586, 30.02622], [-95.58716, 30.03283], [-95.58822, 30.03667], [-95.58901, 30.03851], [-95.59021, 30.04001], [-95.59114, 30.04241], [-95.59115, 30.04432], [-95.59045, 30.05098], [-95.59494, 30.05101], [-95.59913, 30.05161], [-95.60192, 30.05179], [-95.61448, 30.05172], [-95.61452, 30.05172]]]}, "properties": {"GEOID": "48201554807", "under5_pop": 236, "licensed_capacity": 262, "children_per_slot": 0.9, "childcare_desert": 0, "pct_zero_car": 0.0303}}, {"type": "Feature", "geometry": {"type": "Polygon", "coordinates": [[[-95.52483, 29.88512], [-95.52469, 29.8812], [-95.5247, 29.87707], [-95.5242, 29.87692], [-95.52323, 29.87557], [-95.51916, 29.87566], [-95.51748, 29.87652], [-95.51608, 29.87606], [-95.51402, 29.8768], [-95.51335, 29.8763], [-95.51322, 29.87488], [-95.5115, 29.87446], [-95.51058, 29.8738], [-95.50933, 29.87371], [-95.507, 29.87415], [-95.50696, 29.88552], [-95.5033, 29.88591], [-95.50332, 29.89033], [-95.50374, 29.89133], [-95.50392, 29.89831], [-95.5041, 29.89916], [-95.51112, 29.8982], [-95.51333, 29.89806], [-95.51331, 29.89621], [-95.51179, 29.896], [-95.51178, 29.89441], [-95.51123, 29.89444], [-95.51117, 29.88957], [-95.51086, 29.88841], [-95.51081, 29.88434], [-95.51054, 29.88268], [-95.5132, 29.88237], [-95.51371, 29.88251], [-95.51941, 29.88245], [-95.5205, 29.88313], [-95.52052, 29.88518], [-95.52483, 29.88512]]]}, "properties": {"GEOID": "48201532504", "under5_pop": 239, "licensed_capacity": 137, "children_per_slot": 1.74, "childcare_desert": 0, "pct_zero_car": 0.0116}}, {"type": "Feature", "geometry": {"type": "Polygon", "coordinates": [[[-95.22993, 29.82456], [-95.22837, 29.82185], [-95.22987, 29.82053], [-95.22994, 29.81946], [-95.23075, 29.81842], [-95.23084, 29.81752], [-95.22992, 29.81652], [-95.22874, 29.81649], [-95.22859, 29.816], [-95.23075, 29.8151], [-95.23084, 29.81384], [-95.22988, 29.81313], [-95.2281, 29.81352], [-95.2264, 29.81341], [-95.22577, 29.81436], [-95.22492, 29.81397], [-95.22472, 29.81233], [-95.22323, 29.81206], [-95.22267, 29.81075], [-95.21997, 29.8095], [-95.2191, 29.80875], [-95.2183, 29.80872], [-95.21694, 29.81], [-95.21596, 29.8102], [-95.21467, 29.80974], [-95.21383, 29.81071], [-95.21305, 29.8109], [-95.21262, 29.80988], [-95.21032, 29.81222], [-95.20849, 29.81437], [-95.20704, 29.81666], [-95.20636, 29.81731], [-95.20256, 29.81733], [-95.19435, 29.81749], [-95.18245, 29.8177], [-95.18233, 29.80802], [-95.18226, 29.80615], [-95.17921, 29.8062], [-95.17819, 29.80622], [-95.17356, 29.80636], [-95.17187, 29.80661], [-95.16329, 29.80874], [-95.1636, 29.81208], [-95.16415, 29.8152], [-95.16501, 29.818], [-95.16611, 29.82049], [-95.16783, 29.82365], [-95.17077, 29.82747], [-95.1753, 29.83223], [-95.17552, 29.83213], [-95.17827, 29.83097], [-95.18019, 29.82987], [-95.18798, 29.82676], [-95.20668, 29.82672], [-95.20816, 29.82662], [-95.2083, 29.82789], [-95.20937, 29.83015], [-95.21099, 29.83258], [-95.21613, 29.83041], [-95.2268, 29.82578], [-95.22993, 29.82456]]]}, "properties": {"GEOID": "48201232405", "under5_pop": 103, "licensed_capacity": 126, "children_per_slot": 0.82, "childcare_desert": 0, "pct_zero_car": 0.0167}}, {"type": "Feature", "geometry": {"type": "Polygon", "coordinates": [[[-95.27811, 29.68575], [-95.27267, 29.68035], [-95.27182, 29.68075], [-95.26999, 29.68106], [-95.26844, 29.68235], [-95.26685, 29.68415], [-95.26555, 29.68631], [-95.26441, 29.68882], [-95.2628, 29.6887], [-95.26205, 29.68899], [-95.26156, 29.68991], [-95.26004, 29.6902], [-95.26547, 29.69597], [-95.2666, 29.69544], [-95.26917, 29.69507], [-95.2706, 29.69571], [-95.27209, 29.6968], [-95.2746, 29.69691], [-95.27602, 29.69654], [-95.27779, 29.69757], [-95.27749, 29.68626], [-95.27811, 29.68575]]]}, "properties": {"GEOID": "48201320202", "under5_pop": 155, "licensed_capacity": 36, "children_per_slot": 4.31, "childcare_desert": 1, "pct_zero_car": 0.0957}}, {"type": "Feature", "geometry": {"type": "Polygon", "coordinates": [[[-95.43416, 29.94612], [-95.4364, 29.9452], [-95.44165, 29.9433], [-95.446, 29.94091], [-95.44745, 29.94023], [-95.44828, 29.93949], [-95.4497, 29.93882], [-95.45107, 29.93773], [-95.44905, 29.93782], [-95.43887, 29.93791], [-95.43516, 29.93755], [-95.43208, 29.9377], [-95.42867, 29.9385], [-95.42226, 29.94023], [-95.42099, 29.94043], [-95.41401, 29.94053], [-95.41544, 29.94432], [-95.4171, 29.94903], [-95.42655, 29.94895], [-95.42836, 29.94881], [-95.42965, 29.94838], [-95.43125, 29.94709], [-95.43264, 29.94631], [-95.43416, 29.94612]]]}, "properties": {"GEOID": "48201550102", "under5_pop": 136, "licensed_capacity": 112, "children_per_slot": 1.21, "childcare_desert": 0, "pct_zero_car": 0.0885}}, {"type": "Feature", "geometry": {"type": "Polygon", "coordinates": [[[-95.43315, 30.05288], [-95.43558, 30.05609], [-95.43914, 30.061], [-95.44121, 30.06365], [-95.44238, 30.06351], [-95.444, 30.06369], [-95.44593, 30.06355], [-95.44695, 30.06324], [-95.45184, 30.06061], [-95.45307, 30.05972], [-95.45439, 30.05806], [-95.45589, 30.05679], [-95.45809, 30.05553], [-95.46103, 30.05328], [-95.45931, 30.05108], [-95.45825, 30.0505], [-95.45562, 30.04687], [-95.45433, 30.0476], [-95.45349, 30.04769], [-95.44693, 30.04523], [-95.44644, 30.0446], [-95.44361, 30.04629], [-95.43993, 30.04832], [-95.43794, 30.05016], [-95.43457, 30.05263], [-95.43315, 30.05288]]]}, "properties": {"GEOID": "48201553405", "under5_pop": 567, "licensed_capacity": 416, "children_per_slot": 1.36, "childcare_desert": 0, "pct_zero_car": 0.0305}}, {"type": "Feature", "geometry": {"type": "Polygon", "coordinates": [[[-95.55315, 30.13662], [-95.55347, 30.13542], [-95.55358, 30.13077], [-95.55393, 30.12574], [-95.55462, 30.11433], [-95.55439, 30.1131], [-95.55345, 30.1113], [-95.55264, 30.11226], [-95.55002, 30.11372], [-95.54699, 30.11419], [-95.54392, 30.11374], [-95.54208, 30.11386], [-95.54043, 30.11432], [-95.53606, 30.11615], [-95.53402, 30.11777], [-95.53135, 30.12146], [-95.5275, 30.12465], [-95.52563, 30.12689], [-95.52315, 30.12861], [-95.52174, 30.12939], [-95.52015, 30.12987], [-95.52053, 30.13177], [-95.51985, 30.13273], [-95.51804, 30.13394], [-95.51719, 30.13488], [-95.51717, 30.13693], [-95.54685, 30.13684], [-95.54684, 30.13666], [-95.55315, 30.13662]]]}, "properties": {"GEOID": "48201555304", "under5_pop": 506, "licensed_capacity": 12, "children_per_slot": 42.17, "childcare_desert": 1, "pct_zero_car": 0.0199}}, {"type": "Feature", "geometry": {"type": "Polygon", "coordinates": [[[-95.48091, 29.99755], [-95.48494, 29.99524], [-95.47954, 29.98791], [-95.47894, 29.9862], [-95.47887, 29.98479], [-95.47844, 29.9834], [-95.47579, 29.97968], [-95.47367, 29.97791], [-95.47275, 29.97868], [-95.46924, 29.98062], [-95.47135, 29.98358], [-95.47224, 29.98538], [-95.4684, 29.98745], [-95.46759, 29.98894], [-95.46616, 29.99193], [-95.46566, 29.99233], [-95.46252, 29.9937], [-95.46136, 29.9948], [-95.46059, 29.99678], [-95.46114, 29.99782], [-95.4579, 29.99995], [-95.45889, 30.00127], [-95.46379, 30.00703], [-95.46537, 30.00629], [-95.47578, 30.00051], [-95.48091, 29.99755]]]}, "properties": {"GEOID": "48201550405", "under5_pop": 672, "licensed_capacity": 223, "children_per_slot": 3.01, "childcare_desert": 1, "pct_zero_car": 0.1396}}, {"type": "Feature", "geometry": {"type": "Polygon", "coordinates": [[[-95.4466, 29.6539], [-95.44616, 29.62757], [-95.42956, 29.62785], [-95.42968, 29.63253], [-95.42982, 29.63335], [-95.43002, 29.64178], [-95.42702, 29.64144], [-95.42231, 29.6415], [-95.42205, 29.64047], [-95.41029, 29.64059], [-95.40898, 29.64027], [-95.40004, 29.66268], [-95.39798, 29.66801], [-95.39672, 29.67071], [-95.41314, 29.66572], [-95.43104, 29.66041], [-95.43405, 29.65933], [-95.44228, 29.65615], [-95.44284, 29.65533], [-95.44378, 29.65476], [-95.4466, 29.6539]]]}, "properties": {"GEOID": "48201334102", "under5_pop": 418, "licensed_capacity": 170, "children_per_slot": 2.46, "childcare_desert": 0, "pct_zero_car": 0.0469}}, {"type": "Feature", "geometry": {"type": "Polygon", "coordinates": [[[-95.66846, 29.89025], [-95.66831, 29.88903], [-95.66815, 29.87901], [-95.65515, 29.87909], [-95.64957, 29.87916], [-95.64975, 29.88052], [-95.6511, 29.88266], [-95.65193, 29.88501], [-95.65199, 29.88748], [-95.6529, 29.88936], [-95.6541, 29.88981], [-95.65653, 29.88877], [-95.65882, 29.88828], [-95.66208, 29.88851], [-95.66325, 29.88898], [-95.66525, 29.89021], [-95.66846, 29.89025]]]}, "properties": {"GEOID": "48201541204", "under5_pop": 192, "licensed_capacity": 12, "children_per_slot": 16, "childcare_desert": 1, "pct_zero_car": 0.0466}}, {"type": "Feature", "geometry": {"type": "Polygon", "coordinates": [[[-95.42561, 29.99764], [-95.42464, 29.99252], [-95.42364, 29.98652], [-95.42277, 29.98196], [-95.42135, 29.97417], [-95.41925, 29.96573], [-95.41524, 29.96582], [-95.40224, 29.96597], [-95.40187, 29.96881], [-95.40195, 29.97021], [-95.40238, 29.97145], [-95.40349, 29.97289], [-95.40475, 29.97383], [-95.40747, 29.9754], [-95.40843, 29.97619], [-95.40982, 29.97861], [-95.41025, 29.98141], [-95.41037, 29.9846], [-95.41062, 29.98593], [-95.41071, 29.99], [-95.41038, 29.99099], [-95.40862, 29.99311], [-95.40792, 29.99445], [-95.40769, 29.99662], [-95.41201, 29.99658], [-95.41415, 29.99684], [-95.41828, 29.99794], [-95.41979, 29.99821], [-95.42211, 29.9982], [-95.42561, 29.99764]]]}, "properties": {"GEOID": "48201240707", "under5_pop": 434, "licensed_capacity": 193, "children_per_slot": 2.25, "childcare_desert": 0, "pct_zero_car": 0.0323}}, {"type": "Feature", "geometry": {"type": "Polygon", "coordinates": [[[-95.68627, 29.92033], [-95.686, 29.90852], [-95.68445, 29.90846], [-95.68285, 29.90807], [-95.67994, 29.90688], [-95.67776, 29.90634], [-95.67542, 29.90611], [-95.67093, 29.90608], [-95.66961, 29.90584], [-95.6685, 29.90813], [-95.66796, 29.9105], [-95.66844, 29.91313], [-95.66842, 29.91763], [-95.66847, 29.91987], [-95.66819, 29.92157], [-95.6661, 29.92558], [-95.66569, 29.9266], [-95.66561, 29.92865], [-95.66614, 29.93017], [-95.66712, 29.93186], [-95.66766, 29.93328], [-95.66785, 29.93466], [-95.66751, 29.93796], [-95.66751, 29.94039], [-95.66897, 29.94343], [-95.67034, 29.94472], [-95.67146, 29.94536], [-95.6742, 29.94649], [-95.67631, 29.94715], [-95.67855, 29.94249], [-95.67585, 29.94148], [-95.6759, 29.94016], [-95.67527, 29.93759], [-95.67518, 29.93594], [-95.67566, 29.93392], [-95.67712, 29.9316], [-95.67362, 29.92929], [-95.67305, 29.9281], [-95.6731, 29.92437], [-95.67296, 29.91759], [-95.67583, 29.91769], [-95.67742, 29.91828], [-95.67942, 29.91935], [-95.68066, 29.91972], [-95.68627, 29.92033]]]}, "properties": {"GEOID": "48201541007", "under5_pop": 318, "licensed_capacity": 187, "children_per_slot": 1.7, "childcare_desert": 0, "pct_zero_car": 0.0283}}, {"type": "Feature", "geometry": {"type": "Polygon", "coordinates": [[[-95.60354, 29.91272], [-95.6035, 29.90836], [-95.60322, 29.90728], [-95.60238, 29.90588], [-95.60224, 29.9041], [-95.60279, 29.90294], [-95.59959, 29.90066], [-95.59772, 29.90228], [-95.59636, 29.90292], [-95.59462, 29.90421], [-95.59095, 29.90808], [-95.59002, 29.90884], [-95.58808, 29.90972], [-95.58625, 29.90996], [-95.58456, 29.90997], [-95.58462, 29.91548], [-95.58652, 29.91546], [-95.58986, 29.91633], [-95.59212, 29.91603], [-95.59408, 29.91469], [-95.59497, 29.91279], [-95.60354, 29.91272]]]}, "properties": {"GEOID": "48201552004", "under5_pop": 122, "licensed_capacity": 141, "children_per_slot": 0.87, "childcare_desert": 0, "pct_zero_car": 0.0808}}, {"type": "Feature", "geometry": {"type": "Polygon", "coordinates": [[[-95.72842, 29.92636], [-95.72832, 29.91612], [-95.7277, 29.91391], [-95.72644, 29.91185], [-95.72627, 29.91121], [-95.72631, 29.90838], [-95.72627, 29.90609], [-95.72569, 29.90448], [-95.72489, 29.90339], [-95.71942, 29.89822], [-95.71857, 29.89617], [-95.71848, 29.89447], [-95.7045, 29.89468], [-95.69876, 29.89485], [-95.69705, 29.89522], [-95.69545, 29.89557], [-95.68912, 29.89567], [-95.68731, 29.89593], [-95.68554, 29.89659], [-95.68396, 29.8969], [-95.68593, 29.90738], [-95.686, 29.90852], [-95.68627, 29.92033], [-95.68764, 29.92021], [-95.69004, 29.92075], [-95.6972, 29.92169], [-95.70214, 29.92306], [-95.70719, 29.92367], [-95.71116, 29.92429], [-95.72429, 29.92592], [-95.72842, 29.92636]]]}, "properties": {"GEOID": "48201543006", "under5_pop": 1522, "licensed_capacity": 456, "children_per_slot": 3.34, "childcare_desert": 1, "pct_zero_car": 0.0237}}, {"type": "Feature", "geometry": {"type": "Polygon", "coordinates": [[[-95.41245, 29.89965], [-95.41224, 29.88906], [-95.40834, 29.88885], [-95.40456, 29.88888], [-95.39485, 29.88945], [-95.39689, 29.89286], [-95.39805, 29.89271], [-95.39984, 29.89421], [-95.40078, 29.89463], [-95.40116, 29.89537], [-95.40212, 29.89574], [-95.40281, 29.89551], [-95.40553, 29.89626], [-95.40735, 29.89603], [-95.40777, 29.89676], [-95.40959, 29.89697], [-95.41021, 29.8974], [-95.41054, 29.89889], [-95.41245, 29.89965]]]}, "properties": {"GEOID": "48201221601", "under5_pop": 165, "licensed_capacity": 0, "children_per_slot": null, "childcare_desert": 1, "pct_zero_car": 0.0253}}, {"type": "Feature", "geometry": {"type": "Polygon", "coordinates": [[[-95.60798, 30.01272], [-95.60802, 30.00579], [-95.60863, 30.00371], [-95.6097, 30.00234], [-95.61225, 30.00009], [-95.61345, 29.99867], [-95.61393, 29.99752], [-95.61412, 29.99598], [-95.61377, 29.99434], [-95.61323, 29.9933], [-95.61174, 29.99148], [-95.60704, 29.99567], [-95.60575, 29.99652], [-95.6029, 29.99659], [-95.59334, 29.99666], [-95.59348, 30.00404], [-95.59309, 30.00503], [-95.59325, 30.01303], [-95.60798, 30.01272]]]}, "properties": {"GEOID": "48201554702", "under5_pop": 279, "licensed_capacity": 8, "children_per_slot": 34.88, "childcare_desert": 1, "pct_zero_car": 0.0}}, {"type": "Feature", "geometry": {"type": "Polygon", "coordinates": [[[-95.21852, 29.95115], [-95.21902, 29.93744], [-95.21893, 29.93416], [-95.21292, 29.93425], [-95.21007, 29.93393], [-95.20778, 29.9329], [-95.20639, 29.93191], [-95.19965, 29.93843], [-95.18574, 29.95196], [-95.16992, 29.96722], [-95.1579, 29.97889], [-95.15972, 29.97961], [-95.16191, 29.97964], [-95.16287, 29.97936], [-95.16403, 29.97953], [-95.16474, 29.98017], [-95.16639, 29.98131], [-95.16743, 29.98172], [-95.17025, 29.98208], [-95.17556, 29.98096], [-95.17788, 29.98085], [-95.1781, 29.98085], [-95.17784, 29.96762], [-95.17783, 29.96368], [-95.1905, 29.96344], [-95.19419, 29.96322], [-95.20542, 29.96329], [-95.20668, 29.9621], [-95.20848, 29.96207], [-95.21047, 29.96044], [-95.21044, 29.9588], [-95.21139, 29.95668], [-95.21285, 29.95593], [-95.21464, 29.95592], [-95.21532, 29.95471], [-95.21635, 29.95374], [-95.21699, 29.95198], [-95.21852, 29.95115]]]}, "properties": {"GEOID": "48201250408", "under5_pop": 2506, "licensed_capacity": 466, "children_per_slot": 5.38, "childcare_desert": 1, "pct_zero_car": 0.025}}, {"type": "Feature", "geometry": {"type": "Polygon", "coordinates": [[[-95.52747, 30.0499], [-95.53003, 30.04894], [-95.53295, 30.04741], [-95.52861, 30.04172], [-95.52847, 30.04183], [-95.51849, 30.02826], [-95.51669, 30.02572], [-95.51674, 30.02485], [-95.50715, 30.03016], [-95.50741, 30.03192], [-95.50989, 30.03573], [-95.51182, 30.03608], [-95.51284, 30.03709], [-95.51304, 30.03818], [-95.51359, 30.03858], [-95.51579, 30.04159], [-95.51778, 30.04328], [-95.51902, 30.04385], [-95.52055, 30.04517], [-95.5233, 30.04578], [-95.52494, 30.04731], [-95.52646, 30.04788], [-95.52741, 30.04905], [-95.52747, 30.0499]]]}, "properties": {"GEOID": "48201553803", "under5_pop": 668, "licensed_capacity": 24, "children_per_slot": 27.83, "childcare_desert": 1, "pct_zero_car": 0.029}}, {"type": "Feature", "geometry": {"type": "Polygon", "coordinates": [[[-95.20899, 29.68359], [-95.20884, 29.67808], [-95.20817, 29.67649], [-95.20804, 29.67527], [-95.20277, 29.67429], [-95.19804, 29.67438], [-95.19789, 29.6649], [-95.19504, 29.66498], [-95.19279, 29.66501], [-95.19301, 29.67363], [-95.19313, 29.68203], [-95.1953, 29.68225], [-95.19705, 29.68371], [-95.20899, 29.68359]]]}, "properties": {"GEOID": "48201323400", "under5_pop": 869, "licensed_capacity": 12, "children_per_slot": 72.42, "childcare_desert": 1, "pct_zero_car": 0.0282}}, {"type": "Feature", "geometry": {"type": "Polygon", "coordinates": [[[-95.20796, 29.67009], [-95.20783, 29.6648], [-95.20824, 29.66144], [-95.20813, 29.65496], [-95.20735, 29.65401], [-95.20246, 29.65414], [-95.19336, 29.65426], [-95.19352, 29.66023], [-95.19501, 29.66304], [-95.19504, 29.66498], [-95.19789, 29.6649], [-95.19804, 29.67438], [-95.20277, 29.67429], [-95.20804, 29.67527], [-95.20801, 29.67417], [-95.20796, 29.67009]]]}, "properties": {"GEOID": "48201323500", "under5_pop": 673, "licensed_capacity": 235, "children_per_slot": 2.86, "childcare_desert": 0, "pct_zero_car": 0.0961}}, {"type": "Feature", "geometry": {"type": "Polygon", "coordinates": [[[-95.46043, 29.72895], [-95.46039, 29.72621], [-95.46031, 29.72024], [-95.45977, 29.72031], [-95.45148, 29.7204], [-95.45151, 29.72267], [-95.44777, 29.72271], [-95.44782, 29.72453], [-95.44793, 29.73005], [-95.45049, 29.7303], [-95.45583, 29.73026], [-95.45754, 29.72993], [-95.46043, 29.72895]]]}, "properties": {"GEOID": "48201411700", "under5_pop": 303, "licensed_capacity": 35, "children_per_slot": 8.66, "childcare_desert": 1, "pct_zero_car": 0.0}}, {"type": "Feature", "geometry": {"type": "Polygon", "coordinates": [[[-95.41858, 29.72549], [-95.4184, 29.71505], [-95.41267, 29.71511], [-95.41271, 29.71749], [-95.41094, 29.71779], [-95.39881, 29.72249], [-95.39953, 29.72319], [-95.39944, 29.72573], [-95.41053, 29.72558], [-95.41858, 29.72549]]]}, "properties": {"GEOID": "48201412000", "under5_pop": 107, "licensed_capacity": 1530, "children_per_slot": 0.07, "childcare_desert": 0, "pct_zero_car": 0.0192}}, {"type": "Feature", "geometry": {"type": "Polygon", "coordinates": [[[-95.17819, 29.80622], [-95.17809, 29.80002], [-95.17888, 29.79809], [-95.17183, 29.79615], [-95.16979, 29.7958], [-95.16606, 29.79585], [-95.16291, 29.79609], [-95.16322, 29.79823], [-95.16329, 29.80874], [-95.17187, 29.80661], [-95.17356, 29.80636], [-95.17819, 29.80622]]]}, "properties": {"GEOID": "48201233002", "under5_pop": 255, "licensed_capacity": 0, "children_per_slot": null, "childcare_desert": 1, "pct_zero_car": 0.0101}}, {"type": "Feature", "geometry": {"type": "Polygon", "coordinates": [[[-95.18999, 29.7929], [-95.18783, 29.79195], [-95.18566, 29.79181], [-95.17844, 29.79197], [-95.17885, 29.79396], [-95.1803, 29.79589], [-95.17888, 29.79809], [-95.17809, 29.80002], [-95.17819, 29.80622], [-95.17921, 29.8062], [-95.17935, 29.80588], [-95.18999, 29.7929]]]}, "properties": {"GEOID": "48201233001", "under5_pop": 495, "licensed_capacity": 192, "children_per_slot": 2.58, "childcare_desert": 0, "pct_zero_car": 0.1002}}, {"type": "Feature", "geometry": {"type": "Polygon", "coordinates": [[[-95.43613, 30.07481], [-95.43449, 30.06651], [-95.43311, 30.05855], [-95.43189, 30.05258], [-95.43074, 30.04678], [-95.42947, 30.03857], [-95.42937, 30.03564], [-95.42672, 30.03588], [-95.42535, 30.03496], [-95.42382, 30.03444], [-95.42239, 30.03529], [-95.42118, 30.03523], [-95.41943, 30.0355], [-95.41825, 30.03648], [-95.41677, 30.03732], [-95.41477, 30.03761], [-95.41221, 30.03728], [-95.40996, 30.036], [-95.40828, 30.03383], [-95.40818, 30.03211], [-95.40633, 30.03093], [-95.40543, 30.03112], [-95.4077, 30.04016], [-95.40774, 30.0418], [-95.40745, 30.04287], [-95.40382, 30.05086], [-95.40359, 30.05298], [-95.40492, 30.05868], [-95.4059, 30.06233], [-95.40682, 30.06416], [-95.41063, 30.06928], [-95.41136, 30.07052], [-95.41169, 30.07252], [-95.41137, 30.07452], [-95.42044, 30.07276], [-95.42097, 30.07091], [-95.42093, 30.06934], [-95.42214, 30.06633], [-95.42177, 30.06383], [-95.42187, 30.06266], [-95.42274, 30.06297], [-95.42428, 30.06285], [-95.42552, 30.06355], [-95.42865, 30.06707], [-95.42906, 30.06834], [-95.43058, 30.07007], [-95.43122, 30.07041], [-95.43122, 30.07166], [-95.43232, 30.07295], [-95.43242, 30.07503], [-95.43302, 30.07603], [-95.43613, 30.07481]]]}, "properties": {"GEOID": "48201241302", "under5_pop": 937, "licensed_capacity": 12, "children_per_slot": 78.08, "childcare_desert": 1, "pct_zero_car": 0.0062}}, {"type": "Feature", "geometry": {"type": "Polygon", "coordinates": [[[-95.71893, 29.78518], [-95.71885, 29.77524], [-95.71687, 29.77527], [-95.71527, 29.77553], [-95.71152, 29.77662], [-95.70954, 29.77689], [-95.70719, 29.77649], [-95.70409, 29.7755], [-95.70187, 29.77535], [-95.70055, 29.77536], [-95.69695, 29.77591], [-95.69321, 29.77596], [-95.69095, 29.77636], [-95.68811, 29.77662], [-95.68825, 29.77742], [-95.68827, 29.7827], [-95.68835, 29.78504], [-95.69095, 29.78503], [-95.69886, 29.78523], [-95.71406, 29.78524], [-95.71893, 29.78518]]]}, "properties": {"GEOID": "48201454505", "under5_pop": 165, "licensed_capacity": 357, "children_per_slot": 0.46, "childcare_desert": 0, "pct_zero_car": 0.0}}, {"type": "Feature", "geometry": {"type": "Polygon", "coordinates": [[[-95.5848, 29.93299], [-95.58471, 29.92462], [-95.58163, 29.92465], [-95.57922, 29.92443], [-95.577, 29.92444], [-95.57511, 29.9248], [-95.57357, 29.92556], [-95.57149, 29.92697], [-95.57028, 29.9274], [-95.56739, 29.92755], [-95.56589, 29.92716], [-95.56497, 29.92904], [-95.56451, 29.93092], [-95.56452, 29.93369], [-95.58229, 29.9336], [-95.58289, 29.93413], [-95.5848, 29.93299]]]}, "properties": {"GEOID": "48201551602", "under5_pop": 307, "licensed_capacity": 394, "children_per_slot": 0.78, "childcare_desert": 0, "pct_zero_car": 0.0549}}, {"type": "Feature", "geometry": {"type": "Polygon", "coordinates": [[[-95.09543, 29.54967], [-95.09504, 29.54861], [-95.09413, 29.54725], [-95.09323, 29.54519], [-95.0914, 29.54304], [-95.09086, 29.54202], [-95.091, 29.54033], [-95.08991, 29.53838], [-95.09014, 29.53729], [-95.09145, 29.53648], [-95.0918, 29.53508], [-95.09233, 29.53435], [-95.0911, 29.53334], [-95.09083, 29.53149], [-95.08935, 29.53121], [-95.08711, 29.53289], [-95.08614, 29.53474], [-95.08557, 29.53488], [-95.08344, 29.53401], [-95.08042, 29.53409], [-95.07922, 29.53474], [-95.07868, 29.53642], [-95.07894, 29.53847], [-95.07995, 29.53914], [-95.08043, 29.5401], [-95.08043, 29.54102], [-95.07904, 29.54217], [-95.07937, 29.54356], [-95.07851, 29.54503], [-95.07782, 29.54502], [-95.07746, 29.54593], [-95.07205, 29.54929], [-95.07112, 29.55071], [-95.07032, 29.55383], [-95.06901, 29.55638], [-95.06996, 29.55905], [-95.07156, 29.56277], [-95.07188, 29.56306], [-95.07282, 29.56197], [-95.07448, 29.55916], [-95.07635, 29.55634], [-95.07819, 29.55518], [-95.08637, 29.55252], [-95.09281, 29.55051], [-95.09543, 29.54967]]]}, "properties": {"GEOID": "48201341204", "under5_pop": 155, "licensed_capacity": 421, "children_per_slot": 0.37, "childcare_desert": 0, "pct_zero_car": 0.0217}}, {"type": "Feature", "geometry": {"type": "Polygon", "coordinates": [[[-95.54601, 29.97947], [-95.546, 29.97946], [-95.53846, 29.96616], [-95.53635, 29.96694], [-95.52513, 29.97312], [-95.51896, 29.97647], [-95.51313, 29.97974], [-95.51417, 29.98103], [-95.51636, 29.98266], [-95.51703, 29.98342], [-95.51983, 29.98727], [-95.5215, 29.98604], [-95.52428, 29.98457], [-95.52695, 29.98416], [-95.52913, 29.98279], [-95.53142, 29.98188], [-95.52839, 29.97762], [-95.52897, 29.97731], [-95.52953, 29.97807], [-95.53237, 29.97626], [-95.53221, 29.97582], [-95.53465, 29.97455], [-95.53579, 29.97612], [-95.5361, 29.97726], [-95.53752, 29.97928], [-95.54042, 29.97769], [-95.54161, 29.97881], [-95.54465, 29.98007], [-95.54601, 29.97947]]]}, "properties": {"GEOID": "48201552802", "under5_pop": 343, "licensed_capacity": 0, "children_per_slot": null, "childcare_desert": 1, "pct_zero_car": 0.0934}}, {"type": "Feature", "geometry": {"type": "Polygon", "coordinates": [[[-95.45902, 30.03561], [-95.4581, 30.034], [-95.45709, 30.03276], [-95.45609, 30.03377], [-95.45545, 30.03316], [-95.44941, 30.0249], [-95.44715, 30.02613], [-95.44548, 30.02387], [-95.44465, 30.0232], [-95.44293, 30.02262], [-95.43984, 30.02445], [-95.44142, 30.02742], [-95.44176, 30.02951], [-95.44126, 30.03049], [-95.43883, 30.03214], [-95.43682, 30.03206], [-95.4349, 30.03231], [-95.43167, 30.03201], [-95.43072, 30.03252], [-95.42927, 30.03266], [-95.42929, 30.03303], [-95.42937, 30.03564], [-95.43105, 30.03456], [-95.43162, 30.03564], [-95.43343, 30.03569], [-95.43465, 30.03407], [-95.43582, 30.0345], [-95.43674, 30.03425], [-95.43766, 30.03468], [-95.43871, 30.03406], [-95.43972, 30.03441], [-95.44123, 30.03417], [-95.44159, 30.03535], [-95.44273, 30.03626], [-95.44397, 30.0368], [-95.44623, 30.03652], [-95.44756, 30.03559], [-95.44828, 30.03648], [-95.45046, 30.03698], [-95.45123, 30.03775], [-95.45316, 30.03618], [-95.45516, 30.03612], [-95.45725, 30.03566], [-95.45902, 30.03561]]]}, "properties": {"GEOID": "48201553202", "under5_pop": 591, "licensed_capacity": 0, "children_per_slot": null, "childcare_desert": 1, "pct_zero_car": 0.1207}}, {"type": "Feature", "geometry": {"type": "Polygon", "coordinates": [[[-95.59045, 30.05098], [-95.59115, 30.04432], [-95.59114, 30.04241], [-95.59021, 30.04001], [-95.58901, 30.03851], [-95.58822, 30.03667], [-95.58716, 30.03283], [-95.58586, 30.02622], [-95.5858, 30.0253], [-95.58561, 30.01443], [-95.58407, 30.01465], [-95.57993, 30.01476], [-95.57792, 30.01542], [-95.57677, 30.01615], [-95.57063, 30.02278], [-95.58671, 30.05103], [-95.59045, 30.05098]]]}, "properties": {"GEOID": "48201554805", "under5_pop": 379, "licensed_capacity": 0, "children_per_slot": null, "childcare_desert": 1, "pct_zero_car": 0.0303}}, {"type": "Feature", "geometry": {"type": "Polygon", "coordinates": [[[-95.13205, 30.02116], [-95.13291, 30.01692], [-95.13172, 30.01286], [-95.11717, 30.01763], [-95.1155, 30.01806], [-95.1102, 30.01886], [-95.10299, 30.02008], [-95.09751, 30.02085], [-95.09461, 30.02138], [-95.09182, 30.02212], [-95.08994, 30.02291], [-95.08878, 30.02631], [-95.08834, 30.02803], [-95.0883, 30.02936], [-95.08866, 30.0311], [-95.08974, 30.03438], [-95.08982, 30.03582], [-95.08924, 30.03884], [-95.08933, 30.04238], [-95.08912, 30.04447], [-95.08836, 30.04674], [-95.08789, 30.04923], [-95.08717, 30.05213], [-95.08683, 30.05471], [-95.08718, 30.05736], [-95.09571, 30.05731], [-95.09978, 30.05596], [-95.10137, 30.05421], [-95.10239, 30.05406], [-95.10323, 30.05205], [-95.10547, 30.05086], [-95.10668, 30.04941], [-95.10766, 30.04866], [-95.10982, 30.04845], [-95.11157, 30.04746], [-95.11424, 30.04761], [-95.11567, 30.04744], [-95.11844, 30.04676], [-95.11858, 30.04495], [-95.1195, 30.0439], [-95.12433, 30.04102], [-95.12901, 30.03252], [-95.13031, 30.02972], [-95.13205, 30.02116]]]}, "properties": {"GEOID": "48201251701", "under5_pop": 607, "licensed_capacity": 70, "children_per_slot": 8.67, "childcare_desert": 1, "pct_zero_car": 0.0416}}, {"type": "Feature", "geometry": {"type": "Polygon", "coordinates": [[[-95.16091, 30.05432], [-95.16059, 30.05327], [-95.1621, 30.04855], [-95.16186, 30.048], [-95.16073, 30.04793], [-95.15977, 30.04684], [-95.15926, 30.04683], [-95.15741, 30.04496], [-95.15705, 30.04344], [-95.1557, 30.04249], [-95.15494, 30.04085], [-95.15398, 30.03496], [-95.15208, 30.03354], [-95.14788, 30.02431], [-95.14568, 30.02207], [-95.14189, 30.02093], [-95.13676, 30.02182], [-95.13205, 30.02116], [-95.13031, 30.02972], [-95.12901, 30.03252], [-95.12433, 30.04102], [-95.12291, 30.04362], [-95.13231, 30.05272], [-95.13851, 30.05932], [-95.14121, 30.06142], [-95.14391, 30.06582], [-95.14601, 30.07083], [-95.14702, 30.07188], [-95.14823, 30.07177], [-95.1492, 30.07127], [-95.15067, 30.07107], [-95.15275, 30.07168], [-95.15347, 30.07091], [-95.15474, 30.07117], [-95.15654, 30.07108], [-95.1571, 30.07192], [-95.1575, 30.07092], [-95.1575, 30.0697], [-95.15954, 30.06711], [-95.15938, 30.06584], [-95.15994, 30.06503], [-95.15765, 30.06417], [-95.15561, 30.06269], [-95.15727, 30.06064], [-95.15816, 30.05733], [-95.1595, 30.05527], [-95.16091, 30.05432]]]}, "properties": {"GEOID": "48201250902", "under5_pop": 203, "licensed_capacity": 0, "children_per_slot": null, "childcare_desert": 1, "pct_zero_car": 0.0}}, {"type": "Feature", "geometry": {"type": "Polygon", "coordinates": [[[-95.45907, 30.02616], [-95.46216, 30.02498], [-95.45709, 30.018], [-95.45791, 30.01754], [-95.45871, 30.01858], [-95.46022, 30.01776], [-95.46014, 30.01731], [-95.46308, 30.01518], [-95.46429, 30.01652], [-95.4662, 30.01524], [-95.46656, 30.01573], [-95.46915, 30.0145], [-95.46379, 30.00703], [-95.45051, 30.01428], [-95.45184, 30.01623], [-95.45457, 30.0199], [-95.45907, 30.02616]]]}, "properties": {"GEOID": "48201553102", "under5_pop": 976, "licensed_capacity": 380, "children_per_slot": 2.57, "childcare_desert": 0, "pct_zero_car": 0.0773}}, {"type": "Feature", "geometry": {"type": "Polygon", "coordinates": [[[-95.26232, 29.8481], [-95.26221, 29.83719], [-95.26272, 29.83659], [-95.26959, 29.83657], [-95.27015, 29.83617], [-95.27009, 29.83145], [-95.26981, 29.81609], [-95.2697, 29.80705], [-95.26611, 29.8089], [-95.262, 29.81075], [-95.24992, 29.81588], [-95.24464, 29.81817], [-95.24068, 29.81975], [-95.22993, 29.82456], [-95.23038, 29.82586], [-95.23056, 29.82832], [-95.23179, 29.83032], [-95.23047, 29.8321], [-95.23014, 29.834], [-95.23112, 29.83536], [-95.23418, 29.83809], [-95.23487, 29.83833], [-95.23657, 29.83828], [-95.23678, 29.83905], [-95.23785, 29.83968], [-95.23831, 29.84054], [-95.24002, 29.84075], [-95.24062, 29.84129], [-95.24045, 29.84344], [-95.24116, 29.84342], [-95.24251, 29.84412], [-95.24285, 29.84482], [-95.24403, 29.84466], [-95.24498, 29.84516], [-95.24741, 29.84414], [-95.24917, 29.84436], [-95.24988, 29.84537], [-95.25014, 29.84719], [-95.25183, 29.84669], [-95.25258, 29.84699], [-95.25285, 29.84775], [-95.25511, 29.84827], [-95.25589, 29.84727], [-95.25574, 29.84668], [-95.25685, 29.84645], [-95.25734, 29.8468], [-95.26055, 29.84747], [-95.26232, 29.8481]]]}, "properties": {"GEOID": "48201231100", "under5_pop": 663, "licensed_capacity": 0, "children_per_slot": null, "childcare_desert": 1, "pct_zero_car": 0.1213}}, {"type": "Feature", "geometry": {"type": "Polygon", "coordinates": [[[-95.28904, 29.85175], [-95.28817, 29.85123], [-95.28532, 29.8504], [-95.28241, 29.84864], [-95.27794, 29.84855], [-95.27547, 29.84781], [-95.27451, 29.84574], [-95.27245, 29.84493], [-95.27064, 29.84518], [-95.26953, 29.84448], [-95.26811, 29.846], [-95.26623, 29.84687], [-95.26473, 29.84681], [-95.26288, 29.84805], [-95.26232, 29.8481], [-95.26255, 29.87206], [-95.26256, 29.87676], [-95.26276, 29.87724], [-95.26832, 29.87195], [-95.27688, 29.86354], [-95.28407, 29.85656], [-95.28667, 29.85394], [-95.28904, 29.85175]]]}, "properties": {"GEOID": "48201231300", "under5_pop": 389, "licensed_capacity": 189, "children_per_slot": 2.06, "childcare_desert": 0, "pct_zero_car": 0.1432}}, {"type": "Feature", "geometry": {"type": "Polygon", "coordinates": [[[-95.30056, 29.86687], [-95.30049, 29.85308], [-95.29796, 29.85397], [-95.29722, 29.85387], [-95.29366, 29.85152], [-95.29256, 29.85167], [-95.29152, 29.85249], [-95.29224, 29.8532], [-95.29278, 29.85296], [-95.29296, 29.86701], [-95.30056, 29.86687]]]}, "properties": {"GEOID": "48201231500", "under5_pop": 110, "licensed_capacity": 0, "children_per_slot": null, "childcare_desert": 1, "pct_zero_car": 0.1219}}, {"type": "Feature", "geometry": {"type": "Polygon", "coordinates": [[[-95.31806, 29.8629], [-95.31609, 29.86232], [-95.3157, 29.86146], [-95.31471, 29.86082], [-95.31234, 29.8583], [-95.31133, 29.85799], [-95.30976, 29.85829], [-95.30853, 29.85809], [-95.30749, 29.85847], [-95.30667, 29.85792], [-95.30637, 29.85679], [-95.30524, 29.8563], [-95.30436, 29.8555], [-95.30397, 29.85443], [-95.30407, 29.85328], [-95.30309, 29.85304], [-95.30049, 29.85308], [-95.30056, 29.86687], [-95.31487, 29.86682], [-95.31651, 29.86667], [-95.31806, 29.8629]]]}, "properties": {"GEOID": "48201231600", "under5_pop": 214, "licensed_capacity": 11, "children_per_slot": 19.45, "childcare_desert": 1, "pct_zero_car": 0.0863}}, {"type": "Feature", "geometry": {"type": "Polygon", "coordinates": [[[-95.3302, 29.87035], [-95.33226, 29.86685], [-95.33311, 29.86476], [-95.33359, 29.86134], [-95.33226, 29.86075], [-95.32968, 29.86226], [-95.32848, 29.86181], [-95.32684, 29.86267], [-95.32547, 29.86428], [-95.32449, 29.86441], [-95.32284, 29.86372], [-95.31806, 29.8629], [-95.31651, 29.86667], [-95.31123, 29.8796], [-95.30783, 29.88832], [-95.30659, 29.89119], [-95.31551, 29.89106], [-95.31825, 29.89096], [-95.32015, 29.88759], [-95.32361, 29.88172], [-95.32618, 29.87718], [-95.3302, 29.87035]]]}, "properties": {"GEOID": "48201231700", "under5_pop": 271, "licensed_capacity": 0, "children_per_slot": null, "childcare_desert": 1, "pct_zero_car": 0.0749}}, {"type": "Feature", "geometry": {"type": "Polygon", "coordinates": [[[-95.32423, 29.80907], [-95.32409, 29.80016], [-95.324, 29.79395], [-95.32394, 29.78766], [-95.32126, 29.78756], [-95.31647, 29.78775], [-95.31594, 29.78793], [-95.31616, 29.79368], [-95.31686, 29.79504], [-95.31707, 29.80807], [-95.31721, 29.80925], [-95.32269, 29.8092], [-95.32423, 29.80907]]]}, "properties": {"GEOID": "48201211200", "under5_pop": 118, "licensed_capacity": 0, "children_per_slot": null, "childcare_desert": 1, "pct_zero_car": 0.1461}}, {"type": "Feature", "geometry": {"type": "Polygon", "coordinates": [[[-95.40454, 30.02659], [-95.40438, 30.02523], [-95.40478, 30.02183], [-95.40452, 30.01407], [-95.40439, 30.01226], [-95.40346, 30.00881], [-95.40255, 30.00739], [-95.40002, 30.00506], [-95.39917, 30.004], [-95.39884, 30.00304], [-95.39706, 29.99593], [-95.3961, 29.99189], [-95.39213, 29.97623], [-95.39146, 29.97479], [-95.38997, 29.97327], [-95.38843, 29.97254], [-95.38356, 29.97092], [-95.38208, 29.97013], [-95.38064, 29.96841], [-95.38017, 29.96706], [-95.38012, 29.96541], [-95.37998, 29.95876], [-95.38037, 29.9572], [-95.38098, 29.95619], [-95.38296, 29.95424], [-95.38416, 29.95202], [-95.38407, 29.94939], [-95.38218, 29.94899], [-95.38048, 29.94912], [-95.3718, 29.94917], [-95.37124, 29.94823], [-95.37141, 29.94738], [-95.37066, 29.94704], [-95.36938, 29.94707], [-95.36883, 29.94599], [-95.36792, 29.94546], [-95.36297, 29.94423], [-95.36236, 29.94381], [-95.36093, 29.94174], [-95.35897, 29.94016], [-95.35622, 29.94026], [-95.35628, 29.94132], [-95.35848, 29.9511], [-95.36056, 29.95977], [-95.36164, 29.96212], [-95.36384, 29.96548], [-95.36409, 29.96665], [-95.36425, 29.9709], [-95.36462, 29.97956], [-95.36475, 29.98107], [-95.36951, 29.99589], [-95.37263, 30.00542], [-95.37396, 30.0093], [-95.37493, 30.011], [-95.37964, 30.01905], [-95.3801, 30.02037], [-95.38477, 30.02119], [-95.38697, 30.02185], [-95.39821, 30.02662], [-95.40002, 30.027], [-95.40252, 30.02697], [-95.40429, 30.02664], [-95.40454, 30.02659]]]}, "properties": {"GEOID": "48201240400", "under5_pop": 461, "licensed_capacity": 36, "children_per_slot": 12.81, "childcare_desert": 1, "pct_zero_car": 0.0144}}, {"type": "Feature", "geometry": {"type": "Polygon", "coordinates": [[[-95.48677, 29.86575], [-95.48697, 29.86437], [-95.48844, 29.8613], [-95.48863, 29.86049], [-95.4887, 29.85249], [-95.48888, 29.85057], [-95.48106, 29.85057], [-95.47855, 29.85022], [-95.47563, 29.84912], [-95.47206, 29.84889], [-95.47332, 29.85105], [-95.48162, 29.86576], [-95.48677, 29.86575]]]}, "properties": {"GEOID": "48201532200", "under5_pop": 636, "licensed_capacity": 0, "children_per_slot": null, "childcare_desert": 1, "pct_zero_car": 0.1153}}, {"type": "Feature", "geometry": {"type": "Polygon", "coordinates": [[[-95.61844, 29.75446], [-95.61845, 29.75328], [-95.61887, 29.75194], [-95.61889, 29.75082], [-95.61848, 29.74967], [-95.61843, 29.748], [-95.61813, 29.74759], [-95.61902, 29.74656], [-95.61849, 29.74643], [-95.61714, 29.74632], [-95.61041, 29.74651], [-95.60927, 29.74615], [-95.60605, 29.74622], [-95.60599, 29.74723], [-95.60611, 29.75392], [-95.60729, 29.75396], [-95.61046, 29.75457], [-95.61844, 29.75446]]]}, "properties": {"GEOID": "48201451401", "under5_pop": 283, "licensed_capacity": 29, "children_per_slot": 9.76, "childcare_desert": 1, "pct_zero_car": 0.1018}}, {"type": "Feature", "geometry": {"type": "Polygon", "coordinates": [[[-95.69676, 29.74393], [-95.69868, 29.74234], [-95.6994, 29.74121], [-95.70085, 29.73983], [-95.70513, 29.73614], [-95.70529, 29.7353], [-95.70663, 29.73361], [-95.70864, 29.7332], [-95.70823, 29.73206], [-95.70916, 29.73118], [-95.7093, 29.73046], [-95.70802, 29.73021], [-95.70775, 29.72962], [-95.70954, 29.72862], [-95.70824, 29.72665], [-95.70888, 29.72517], [-95.70826, 29.72385], [-95.70821, 29.72185], [-95.70595, 29.72104], [-95.68844, 29.71131], [-95.68872, 29.71104], [-95.68708, 29.71008], [-95.66064, 29.72694], [-95.65733, 29.72915], [-95.6536, 29.73274], [-95.65208, 29.73411], [-95.65086, 29.73482], [-95.64843, 29.73552], [-95.64405, 29.73564], [-95.64417, 29.74098], [-95.64451, 29.74389], [-95.64454, 29.75282], [-95.6445, 29.75587], [-95.64458, 29.75927], [-95.6446, 29.76371], [-95.64331, 29.76937], [-95.64295, 29.77236], [-95.64358, 29.77444], [-95.64429, 29.776], [-95.64468, 29.77816], [-95.64479, 29.78504], [-95.65365, 29.78509], [-95.66065, 29.78506], [-95.66636, 29.78513], [-95.67165, 29.78509], [-95.67842, 29.78513], [-95.68547, 29.78501], [-95.68835, 29.78504], [-95.68827, 29.7827], [-95.68555, 29.78272], [-95.68555, 29.78127], [-95.68253, 29.78128], [-95.68361, 29.77755], [-95.68545, 29.7756], [-95.68551, 29.77485], [-95.68542, 29.75959], [-95.68535, 29.7572], [-95.685, 29.75526], [-95.68534, 29.75421], [-95.68825, 29.75389], [-95.6896, 29.753], [-95.69082, 29.75164], [-95.69215, 29.75085], [-95.69217, 29.74923], [-95.69574, 29.74569], [-95.69676, 29.74393]]]}, "properties": {"GEOID": "48201454400", "under5_pop": 28, "licensed_capacity": 0, "children_per_slot": null, "childcare_desert": 1, "pct_zero_car": 0.0}}, {"type": "Feature", "geometry": {"type": "Polygon", "coordinates": [[[-95.39318, 29.95065], [-95.39316, 29.94816], [-95.389, 29.94824], [-95.38845, 29.94874], [-95.3877, 29.94821], [-95.38674, 29.94938], [-95.38586, 29.94931], [-95.38407, 29.94939], [-95.38416, 29.95202], [-95.38626, 29.951], [-95.38807, 29.95076], [-95.39318, 29.95065]]]}, "properties": {"GEOID": "48201240503", "under5_pop": 167, "licensed_capacity": 0, "children_per_slot": null, "childcare_desert": 1, "pct_zero_car": 0.2536}}, {"type": "Feature", "geometry": {"type": "Polygon", "coordinates": [[[-95.47649, 30.0706], [-95.47653, 30.06745], [-95.47609, 30.06461], [-95.47639, 30.06249], [-95.47725, 30.06074], [-95.47735, 30.05919], [-95.47277, 30.06166], [-95.46974, 30.06256], [-95.45061, 30.06722], [-95.44929, 30.06774], [-95.44405, 30.07064], [-95.44412, 30.07082], [-95.44616, 30.07037], [-95.44757, 30.07032], [-95.45993, 30.07069], [-95.46934, 30.07064], [-95.47649, 30.0706]]]}, "properties": {"GEOID": "48201555001", "under5_pop": 180, "licensed_capacity": 153, "children_per_slot": 1.18, "childcare_desert": 0, "pct_zero_car": 0.0094}}, {"type": "Feature", "geometry": {"type": "Polygon", "coordinates": [[[-95.22888, 29.77509], [-95.22854, 29.77471], [-95.22838, 29.77309], [-95.22797, 29.77212], [-95.22111, 29.7706], [-95.21879, 29.77043], [-95.21366, 29.77074], [-95.21389, 29.77138], [-95.21732, 29.77448], [-95.21827, 29.77584], [-95.22319, 29.77572], [-95.22527, 29.77642], [-95.22669, 29.77639], [-95.22888, 29.77509]]]}, "properties": {"GEOID": "48201232703", "under5_pop": 230, "licensed_capacity": 0, "children_per_slot": null, "childcare_desert": 1, "pct_zero_car": 0.0711}}, {"type": "Feature", "geometry": {"type": "Polygon", "coordinates": [[[-95.46825, 29.73152], [-95.46825, 29.7264], [-95.46666, 29.72668], [-95.4638, 29.72764], [-95.46043, 29.72895], [-95.46011, 29.73192], [-95.46315, 29.73187], [-95.46825, 29.73152]]]}, "properties": {"GEOID": "48201431901", "under5_pop": 205, "licensed_capacity": 0, "children_per_slot": null, "childcare_desert": 1, "pct_zero_car": 0.0374}}, {"type": "Feature", "geometry": {"type": "Polygon", "coordinates": [[[-95.2768, 29.66139], [-95.2767, 29.6579], [-95.27231, 29.65798], [-95.27242, 29.66146], [-95.2768, 29.66139]]]}, "properties": {"GEOID": "48201333204", "under5_pop": 466, "licensed_capacity": 12, "children_per_slot": 38.83, "childcare_desert": 1, "pct_zero_car": 0.0974}}, {"type": "Feature", "geometry": {"type": "Polygon", "coordinates": [[[-95.2259, 29.57357], [-95.22362, 29.5715], [-95.21979, 29.56834], [-95.21783, 29.56706], [-95.21598, 29.56561], [-95.21142, 29.56176], [-95.21595, 29.55779], [-95.2149, 29.55675], [-95.21629, 29.55666], [-95.2163, 29.55568], [-95.21585, 29.55498], [-95.21485, 29.55582], [-95.21413, 29.55519], [-95.21369, 29.55631], [-95.2132, 29.55575], [-95.2128, 29.55624], [-95.21296, 29.55717], [-95.21368, 29.55692], [-95.21278, 29.55787], [-95.21361, 29.55845], [-95.21302, 29.5589], [-95.2122, 29.55864], [-95.21142, 29.5592], [-95.21066, 29.55839], [-95.20876, 29.55917], [-95.20879, 29.55981], [-95.20695, 29.55916], [-95.20687, 29.55851], [-95.20773, 29.55779], [-95.20558, 29.55776], [-95.20594, 29.55916], [-95.20432, 29.55891], [-95.20391, 29.55836], [-95.20359, 29.55974], [-95.20243, 29.56055], [-95.20295, 29.56113], [-95.2013, 29.56132], [-95.20119, 29.56299], [-95.20003, 29.56263], [-95.20064, 29.56165], [-95.19906, 29.56118], [-95.20004, 29.5606], [-95.199, 29.55962], [-95.19929, 29.55896], [-95.19794, 29.55887], [-95.19779, 29.55821], [-95.19601, 29.55896], [-95.19702, 29.56008], [-95.1958, 29.56021], [-95.19507, 29.55948], [-95.1943, 29.56001], [-95.19315, 29.55952], [-95.19168, 29.56082], [-95.1907, 29.56132], [-95.19015, 29.56217], [-95.18805, 29.56383], [-95.19833, 29.57236], [-95.19909, 29.57309], [-95.20714, 29.5796], [-95.20806, 29.5805], [-95.21337, 29.58496], [-95.2259, 29.57357]]]}, "properties": {"GEOID": "48201350101", "under5_pop": 139, "licensed_capacity": 202, "children_per_slot": 0.69, "childcare_desert": 0, "pct_zero_car": 0.0173}}, {"type": "Feature", "geometry": {"type": "Polygon", "coordinates": [[[-95.43995, 29.67951], [-95.43977, 29.66558], [-95.4397, 29.66247], [-95.42764, 29.67772], [-95.43535, 29.67936], [-95.43672, 29.67956], [-95.43995, 29.67951]]]}, "properties": {"GEOID": "48201420100", "under5_pop": 128, "licensed_capacity": 12, "children_per_slot": 10.67, "childcare_desert": 1, "pct_zero_car": 0.238}}, {"type": "Feature", "geometry": {"type": "Polygon", "coordinates": [[[-95.43664, 30.11037], [-95.43579, 30.10757], [-95.43578, 30.10537], [-95.43427, 30.10549], [-95.43346, 30.10487], [-95.42508, 30.10109], [-95.41736, 30.09753], [-95.41658, 30.09707], [-95.41516, 30.09561], [-95.41471, 30.09468], [-95.41067, 30.08012], [-95.41058, 30.0786], [-95.41136, 30.07456], [-95.40534, 30.06625], [-95.40386, 30.06642], [-95.40184, 30.0662], [-95.40029, 30.06562], [-95.39786, 30.0638], [-95.3956, 30.06294], [-95.39397, 30.06286], [-95.3917, 30.06348], [-95.37927, 30.0703], [-95.37293, 30.07403], [-95.37083, 30.07368], [-95.36988, 30.07389], [-95.36915, 30.07465], [-95.36912, 30.07533], [-95.36825, 30.07714], [-95.36665, 30.07765], [-95.36757, 30.07802], [-95.36956, 30.07796], [-95.37102, 30.07834], [-95.37261, 30.07917], [-95.37374, 30.0803], [-95.37416, 30.08158], [-95.37437, 30.0835], [-95.37423, 30.08563], [-95.37497, 30.08637], [-95.37586, 30.08603], [-95.37713, 30.08614], [-95.37923, 30.08747], [-95.38157, 30.08715], [-95.3836, 30.08794], [-95.38476, 30.08777], [-95.38494, 30.08575], [-95.38587, 30.08502], [-95.3874, 30.08467], [-95.38953, 30.08521], [-95.38997, 30.08493], [-95.39065, 30.083], [-95.39174, 30.08273], [-95.39264, 30.08323], [-95.39562, 30.08403], [-95.39849, 30.08583], [-95.39902, 30.08777], [-95.39987, 30.0899], [-95.40224, 30.09166], [-95.40457, 30.09185], [-95.40594, 30.09223], [-95.40729, 30.093], [-95.40987, 30.09272], [-95.41091, 30.09467], [-95.41232, 30.0949], [-95.41276, 30.09582], [-95.41054, 30.09806], [-95.41061, 30.09924], [-95.41221, 30.09939], [-95.4116, 30.10031], [-95.41174, 30.10085], [-95.41385, 30.10134], [-95.41639, 30.10314], [-95.41799, 30.10392], [-95.41906, 30.10505], [-95.4188, 30.10587], [-95.41884, 30.10872], [-95.42082, 30.10887], [-95.42118, 30.10943], [-95.42233, 30.10973], [-95.423, 30.11086], [-95.42291, 30.1121], [-95.42347, 30.11332], [-95.42357, 30.11453], [-95.42422, 30.11549], [-95.4256, 30.11562], [-95.42674, 30.11537], [-95.42992, 30.11358], [-95.43062, 30.11391], [-95.43284, 30.11363], [-95.43513, 30.11298], [-95.43595, 30.11192], [-95.43664, 30.11037]]]}, "properties": {"GEOID": "48201241400", "under5_pop": 629, "licensed_capacity": 205, "children_per_slot": 3.07, "childcare_desert": 1, "pct_zero_car": 0.0641}}, {"type": "Feature", "geometry": {"type": "Polygon", "coordinates": [[[-95.08692, 29.66438], [-95.08661, 29.65392], [-95.08641, 29.65112], [-95.08333, 29.65142], [-95.07331, 29.65162], [-95.07331, 29.65356], [-95.07283, 29.65604], [-95.07085, 29.66099], [-95.07059, 29.66223], [-95.07057, 29.66459], [-95.08692, 29.66438]]]}, "properties": {"GEOID": "48201343100", "under5_pop": 140, "licensed_capacity": 84, "children_per_slot": 1.67, "childcare_desert": 0, "pct_zero_car": 0.006}}, {"type": "Feature", "geometry": {"type": "Polygon", "coordinates": [[[-95.3511, 29.78983], [-95.351, 29.78557], [-95.35075, 29.78474], [-95.35167, 29.78474], [-95.35143, 29.78337], [-95.35135, 29.77836], [-95.34943, 29.77852], [-95.34022, 29.77859], [-95.34004, 29.78351], [-95.34007, 29.78521], [-95.33989, 29.79154], [-95.33994, 29.79391], [-95.33996, 29.79789], [-95.34011, 29.80151], [-95.33996, 29.8028], [-95.33932, 29.80429], [-95.33625, 29.80826], [-95.33891, 29.80883], [-95.34402, 29.81038], [-95.35029, 29.81241], [-95.34872, 29.80607], [-95.34786, 29.8031], [-95.35051, 29.80331], [-95.35039, 29.80006], [-95.35013, 29.78984], [-95.3511, 29.78983]]]}, "properties": {"GEOID": "48201210800", "under5_pop": 57, "licensed_capacity": 189, "children_per_slot": 0.3, "childcare_desert": 0, "pct_zero_car": 0.1165}}, {"type": "Feature", "geometry": {"type": "Polygon", "coordinates": [[[-95.33625, 29.80826], [-95.33932, 29.80429], [-95.33996, 29.8028], [-95.34011, 29.80151], [-95.33486, 29.80017], [-95.33309, 29.80005], [-95.32409, 29.80016], [-95.32423, 29.80907], [-95.33038, 29.80818], [-95.33398, 29.80802], [-95.33625, 29.80826]]]}, "properties": {"GEOID": "48201210900", "under5_pop": 20, "licensed_capacity": 60, "children_per_slot": 0.33, "childcare_desert": 0, "pct_zero_car": 0.244}}, {"type": "Feature", "geometry": {"type": "Polygon", "coordinates": [[[-95.16902, 29.56962], [-95.16228, 29.56184], [-95.15419, 29.5534], [-95.1518, 29.55503], [-95.15014, 29.55579], [-95.14424, 29.55956], [-95.14067, 29.56188], [-95.14881, 29.57058], [-95.1578, 29.5802], [-95.15924, 29.57906], [-95.16138, 29.57649], [-95.16214, 29.57582], [-95.16498, 29.57403], [-95.16902, 29.56962]]]}, "properties": {"GEOID": "48201340900", "under5_pop": 172, "licensed_capacity": 0, "children_per_slot": null, "childcare_desert": 1, "pct_zero_car": 0.0109}}, {"type": "Feature", "geometry": {"type": "Polygon", "coordinates": [[[-95.31894, 29.84053], [-95.3188, 29.82814], [-95.31857, 29.82332], [-95.31665, 29.82485], [-95.31385, 29.82763], [-95.30818, 29.83305], [-95.30205, 29.83901], [-95.3021, 29.84074], [-95.31082, 29.84068], [-95.31894, 29.84053]]]}, "properties": {"GEOID": "48201230300", "under5_pop": 86, "licensed_capacity": 0, "children_per_slot": null, "childcare_desert": 1, "pct_zero_car": 0.1173}}, {"type": "Feature", "geometry": {"type": "Polygon", "coordinates": [[[-95.53627, 29.6563], [-95.5438, 29.65623], [-95.54553, 29.65578], [-95.55036, 29.65349], [-95.5463, 29.65003], [-95.54046, 29.64524], [-95.53692, 29.64223], [-95.53601, 29.64323], [-95.53606, 29.6454], [-95.53627, 29.6563]]]}, "properties": {"GEOID": "48201423500", "under5_pop": 74, "licensed_capacity": 12, "children_per_slot": 6.17, "childcare_desert": 1, "pct_zero_car": 0.0}}, {"type": "Feature", "geometry": {"type": "Polygon", "coordinates": [[[-95.32887, 29.75984], [-95.33079, 29.75751], [-95.33011, 29.75713], [-95.33418, 29.75185], [-95.33946, 29.74516], [-95.32965, 29.74212], [-95.32859, 29.7435], [-95.32717, 29.74697], [-95.3255, 29.74906], [-95.32056, 29.75564], [-95.32005, 29.75612], [-95.32298, 29.75733], [-95.32518, 29.75965], [-95.32621, 29.75992], [-95.32887, 29.75984]]]}, "properties": {"GEOID": "48201310400", "under5_pop": 51, "licensed_capacity": 0, "children_per_slot": null, "childcare_desert": 1, "pct_zero_car": 0.1609}}, {"type": "Feature", "geometry": {"type": "Polygon", "coordinates": [[[-95.28014, 29.80247], [-95.27165, 29.79687], [-95.27024, 29.79579], [-95.26933, 29.79456], [-95.26802, 29.79181], [-95.2616, 29.7921], [-95.25768, 29.79283], [-95.24728, 29.79489], [-95.24528, 29.79495], [-95.24026, 29.7951], [-95.23177, 29.79815], [-95.21891, 29.80261], [-95.21461, 29.80405], [-95.2128, 29.8052], [-95.21408, 29.80614], [-95.21423, 29.80664], [-95.21322, 29.80786], [-95.21262, 29.80988], [-95.21305, 29.8109], [-95.21383, 29.81071], [-95.21467, 29.80974], [-95.21596, 29.8102], [-95.21694, 29.81], [-95.2183, 29.80872], [-95.2191, 29.80875], [-95.21997, 29.8095], [-95.22267, 29.81075], [-95.22323, 29.81206], [-95.22472, 29.81233], [-95.22492, 29.81397], [-95.22577, 29.81436], [-95.2264, 29.81341], [-95.2281, 29.81352], [-95.22988, 29.81313], [-95.23084, 29.81384], [-95.23075, 29.8151], [-95.22859, 29.816], [-95.22874, 29.81649], [-95.22992, 29.81652], [-95.23084, 29.81752], [-95.23075, 29.81842], [-95.22994, 29.81946], [-95.22987, 29.82053], [-95.22837, 29.82185], [-95.22993, 29.82456], [-95.24068, 29.81975], [-95.24464, 29.81817], [-95.24992, 29.81588], [-95.262, 29.81075], [-95.26611, 29.8089], [-95.2697, 29.80705], [-95.28014, 29.80247]]]}, "properties": {"GEOID": "48201232500", "under5_pop": 214, "licensed_capacity": 0, "children_per_slot": null, "childcare_desert": 1, "pct_zero_car": 0.0589}}, {"type": "Feature", "geometry": {"type": "Polygon", "coordinates": [[[-95.38573, 29.75262], [-95.38573, 29.752], [-95.37875, 29.75209], [-95.37864, 29.75212], [-95.37869, 29.75789], [-95.38161, 29.75787], [-95.38248, 29.75769], [-95.38571, 29.75762], [-95.38573, 29.75262]]]}, "properties": {"GEOID": "48201410101", "under5_pop": 189, "licensed_capacity": 8, "children_per_slot": 23.62, "childcare_desert": 1, "pct_zero_car": 0.0188}}, {"type": "Feature", "geometry": {"type": "Polygon", "coordinates": [[[-95.54325, 29.73225], [-95.54333, 29.73034], [-95.54409, 29.72835], [-95.54215, 29.72781], [-95.53915, 29.72773], [-95.53929, 29.73474], [-95.53887, 29.73712], [-95.54366, 29.73706], [-95.54362, 29.73483], [-95.54314, 29.73289], [-95.54325, 29.73225]]]}, "properties": {"GEOID": "48201432301", "under5_pop": 131, "licensed_capacity": 0, "children_per_slot": null, "childcare_desert": 1, "pct_zero_car": 0.1073}}, {"type": "Feature", "geometry": {"type": "Polygon", "coordinates": [[[-95.58868, 29.74065], [-95.58862, 29.7364], [-95.5812, 29.73656], [-95.58126, 29.73988], [-95.58172, 29.74132], [-95.58298, 29.74116], [-95.58524, 29.74125], [-95.58699, 29.74071], [-95.58868, 29.74065]]]}, "properties": {"GEOID": "48201451004", "under5_pop": 136, "licensed_capacity": 0, "children_per_slot": null, "childcare_desert": 1, "pct_zero_car": 0.06}}, {"type": "Feature", "geometry": {"type": "Polygon", "coordinates": [[[-95.4591, 29.69008], [-95.45905, 29.6814], [-95.45817, 29.68125], [-95.45636, 29.68117], [-95.45508, 29.68156], [-95.45316, 29.68267], [-95.45057, 29.68459], [-95.44937, 29.68637], [-95.44805, 29.68719], [-95.44701, 29.68731], [-95.44705, 29.68996], [-95.44908, 29.68988], [-95.45104, 29.68931], [-95.45107, 29.69015], [-95.4591, 29.69008]]]}, "properties": {"GEOID": "48201412901", "under5_pop": 12, "licensed_capacity": 290, "children_per_slot": 0.04, "childcare_desert": 0, "pct_zero_car": 0.0338}}, {"type": "Feature", "geometry": {"type": "Polygon", "coordinates": [[[-95.69742, 30.01604], [-95.69793, 30.01264], [-95.69785, 30.00314], [-95.69766, 30.00154], [-95.69761, 29.99858], [-95.69849, 29.9972], [-95.69698, 29.99711], [-95.68379, 29.99494], [-95.67383, 29.99494], [-95.67366, 29.99442], [-95.67007, 29.98748], [-95.66987, 29.98734], [-95.67585, 29.98733], [-95.67669, 29.98695], [-95.67329, 29.98377], [-95.67237, 29.98185], [-95.67217, 29.9799], [-95.6716, 29.9783], [-95.65935, 29.98315], [-95.65616, 29.98523], [-95.65449, 29.98575], [-95.65437, 29.98711], [-95.65378, 29.98851], [-95.65513, 29.98909], [-95.65536, 29.99041], [-95.6571, 29.99054], [-95.65777, 29.99091], [-95.65782, 29.99202], [-95.65745, 29.99315], [-95.65942, 29.99414], [-95.66027, 29.99501], [-95.66152, 29.99496], [-95.66192, 29.99572], [-95.66214, 29.99751], [-95.66329, 29.99942], [-95.66577, 29.99922], [-95.66544, 30.0002], [-95.66585, 30.00086], [-95.66687, 30.00102], [-95.66702, 30.00263], [-95.67621, 30.00941], [-95.67694, 30.01072], [-95.67945, 30.01208], [-95.68001, 30.01099], [-95.68119, 30.01084], [-95.68186, 30.01145], [-95.68313, 30.01147], [-95.68401, 30.01238], [-95.68711, 30.01223], [-95.69035, 30.01422], [-95.69144, 30.01466], [-95.69742, 30.01604]]]}, "properties": {"GEOID": "48201554408", "under5_pop": 642, "licensed_capacity": 88, "children_per_slot": 7.3, "childcare_desert": 1, "pct_zero_car": 0.0163}}, {"type": "Feature", "geometry": {"type": "Polygon", "coordinates": [[[-95.12819, 29.86819], [-95.12808, 29.86569], [-95.12793, 29.85617], [-95.12799, 29.85463], [-95.12755, 29.83794], [-95.12758, 29.83644], [-95.12716, 29.82051], [-95.12555, 29.81177], [-95.124, 29.80199], [-95.11318, 29.80161], [-95.11151, 29.80043], [-95.1106, 29.80037], [-95.1103, 29.79982], [-95.10867, 29.7989], [-95.10775, 29.79798], [-95.10652, 29.7974], [-95.10637, 29.79688], [-95.10462, 29.79502], [-95.10417, 29.79382], [-95.10524, 29.79317], [-95.10602, 29.79219], [-95.10548, 29.79154], [-95.10541, 29.79051], [-95.10605, 29.78924], [-95.10589, 29.78787], [-95.10496, 29.78609], [-95.10501, 29.78567], [-95.09218, 29.78989], [-95.08856, 29.79071], [-95.08374, 29.79123], [-95.08114, 29.79191], [-95.07279, 29.7949], [-95.07101, 29.79535], [-95.06837, 29.79539], [-95.06596, 29.79482], [-95.06082, 29.79251], [-95.05813, 29.79424], [-95.05696, 29.79582], [-95.05671, 29.79776], [-95.05783, 29.79967], [-95.06001, 29.80088], [-95.06401, 29.80249], [-95.06541, 29.80286], [-95.06801, 29.80321], [-95.07013, 29.80333], [-95.07344, 29.80261], [-95.07516, 29.80203], [-95.07927, 29.79976], [-95.08186, 29.79902], [-95.08494, 29.79837], [-95.08666, 29.79819], [-95.08808, 29.79854], [-95.08921, 29.79925], [-95.08981, 29.80021], [-95.08992, 29.80571], [-95.09022, 29.80787], [-95.08996, 29.80991], [-95.08967, 29.81396], [-95.08795, 29.81604], [-95.08703, 29.81666], [-95.08531, 29.81734], [-95.0802, 29.81763], [-95.07914, 29.81845], [-95.07908, 29.81987], [-95.0795, 29.82235], [-95.07924, 29.82398], [-95.07838, 29.82541], [-95.07771, 29.82582], [-95.07589, 29.82609], [-95.07432, 29.82585], [-95.06927, 29.82429], [-95.06629, 29.82395], [-95.06366, 29.82496], [-95.06209, 29.82643], [-95.06121, 29.82837], [-95.06145, 29.82993], [-95.062, 29.8309], [-95.06308, 29.8319], [-95.06478, 29.83277], [-95.06703, 29.83281], [-95.07216, 29.83074], [-95.07708, 29.8296], [-95.08138, 29.82929], [-95.08308, 29.82941], [-95.08765, 29.83039], [-95.0919, 29.83157], [-95.09351, 29.83223], [-95.09631, 29.83384], [-95.09994, 29.83622], [-95.10296, 29.83863], [-95.10366, 29.83952], [-95.10638, 29.84417], [-95.10609, 29.84568], [-95.10411, 29.84539], [-95.10309, 29.84484], [-95.10282, 29.84424], [-95.10098, 29.84311], [-95.09689, 29.84568], [-95.09423, 29.84593], [-95.09216, 29.84668], [-95.09031, 29.84864], [-95.08956, 29.85019], [-95.08928, 29.8515], [-95.091, 29.85501], [-95.09292, 29.85926], [-95.09396, 29.86093], [-95.09395, 29.86197], [-95.09337, 29.86288], [-95.0939, 29.86448], [-95.09359, 29.86625], [-95.09362, 29.86963], [-95.09455, 29.87408], [-95.09424, 29.87619], [-95.09366, 29.87818], [-95.09423, 29.87938], [-95.09538, 29.88024], [-95.10521, 29.8781], [-95.10659, 29.87759], [-95.11236, 29.87502], [-95.11485, 29.87414], [-95.12266, 29.87061], [-95.12819, 29.86819]]]}, "properties": {"GEOID": "48201252602", "under5_pop": 47, "licensed_capacity": 12, "children_per_slot": 3.92, "childcare_desert": 1, "pct_zero_car": 0.0383}}, {"type": "Feature", "geometry": {"type": "Polygon", "coordinates": [[[-95.36425, 29.9709], [-95.36409, 29.96665], [-95.36384, 29.96548], [-95.36164, 29.96212], [-95.36056, 29.95977], [-95.35848, 29.9511], [-95.35628, 29.94132], [-95.35622, 29.94026], [-95.35897, 29.94016], [-95.36093, 29.94174], [-95.36236, 29.94381], [-95.36297, 29.94423], [-95.36792, 29.94546], [-95.36883, 29.94599], [-95.36938, 29.94707], [-95.37066, 29.94704], [-95.37141, 29.94738], [-95.37124, 29.94823], [-95.3718, 29.94917], [-95.38048, 29.94912], [-95.38218, 29.94899], [-95.38407, 29.94939], [-95.3814, 29.9387], [-95.36452, 29.93881], [-95.35359, 29.93897], [-95.33021, 29.93911], [-95.32042, 29.93923], [-95.31448, 29.93921], [-95.31164, 29.93929], [-95.30709, 29.93987], [-95.30344, 29.93994], [-95.30399, 29.95079], [-95.30431, 29.95224], [-95.30823, 29.96875], [-95.30832, 29.97206], [-95.30839, 29.97593], [-95.31751, 29.97592], [-95.31836, 29.97626], [-95.32853, 29.97626], [-95.32955, 29.97583], [-95.33282, 29.97593], [-95.33725, 29.97581], [-95.335, 29.97397], [-95.33344, 29.97137], [-95.33143, 29.96955], [-95.32957, 29.96653], [-95.32983, 29.96613], [-95.32487, 29.95799], [-95.32479, 29.95199], [-95.32685, 29.95177], [-95.33139, 29.95168], [-95.33987, 29.95176], [-95.34027, 29.95372], [-95.34392, 29.95973], [-95.34572, 29.96004], [-95.3471, 29.96078], [-95.34859, 29.96347], [-95.35006, 29.9658], [-95.35057, 29.96566], [-95.35672, 29.96557], [-95.3584, 29.96649], [-95.35837, 29.97094], [-95.36425, 29.9709]]]}, "properties": {"GEOID": "48201241503", "under5_pop": 172, "licensed_capacity": 0, "children_per_slot": null, "childcare_desert": 1, "pct_zero_car": 0.0225}}, {"type": "Feature", "geometry": {"type": "Polygon", "coordinates": [[[-95.50674, 30.11443], [-95.50689, 30.11212], [-95.50688, 30.10672], [-95.50677, 30.09918], [-95.50681, 30.09136], [-95.50691, 30.09016], [-95.50693, 30.08389], [-95.50374, 30.08365], [-95.50073, 30.08301], [-95.49671, 30.08347], [-95.4942, 30.08376], [-95.48986, 30.08377], [-95.47328, 30.08273], [-95.46887, 30.08267], [-95.4617, 30.08281], [-95.43775, 30.08303], [-95.43673, 30.08371], [-95.43541, 30.08945], [-95.43533, 30.0904], [-95.43563, 30.09756], [-95.43578, 30.10537], [-95.43579, 30.10757], [-95.43664, 30.11037], [-95.43859, 30.10977], [-95.44032, 30.10962], [-95.44218, 30.10905], [-95.44352, 30.10969], [-95.44522, 30.10972], [-95.44655, 30.10943], [-95.44721, 30.10975], [-95.45192, 30.10813], [-95.45203, 30.1072], [-95.4526, 30.10655], [-95.45337, 30.10648], [-95.45339, 30.10485], [-95.45533, 30.10429], [-95.45571, 30.10497], [-95.4567, 30.10523], [-95.45736, 30.10468], [-95.45847, 30.10459], [-95.45878, 30.10526], [-95.46081, 30.10561], [-95.46175, 30.10522], [-95.46292, 30.1053], [-95.46382, 30.10429], [-95.4643, 30.10426], [-95.46482, 30.10533], [-95.46642, 30.10501], [-95.46609, 30.10429], [-95.46649, 30.10365], [-95.46747, 30.10346], [-95.4684, 30.10431], [-95.46938, 30.10463], [-95.47189, 30.10337], [-95.47299, 30.1046], [-95.4738, 30.10349], [-95.47417, 30.10389], [-95.47484, 30.10326], [-95.47576, 30.104], [-95.47746, 30.10442], [-95.47801, 30.1051], [-95.47911, 30.10473], [-95.4795, 30.10638], [-95.48028, 30.10566], [-95.48192, 30.10662], [-95.48233, 30.10733], [-95.48307, 30.10707], [-95.48426, 30.10788], [-95.48539, 30.10778], [-95.4883, 30.10793], [-95.49033, 30.10959], [-95.49116, 30.10983], [-95.49134, 30.11082], [-95.49291, 30.11079], [-95.49408, 30.10982], [-95.49517, 30.10968], [-95.49631, 30.10906], [-95.4977, 30.10917], [-95.49874, 30.10975], [-95.49874, 30.11089], [-95.49982, 30.11183], [-95.50011, 30.11285], [-95.50123, 30.11242], [-95.5024, 30.11339], [-95.50261, 30.11438], [-95.50348, 30.11548], [-95.50674, 30.11443]]]}, "properties": {"GEOID": "48201555200", "under5_pop": 650, "licensed_capacity": 435, "children_per_slot": 1.49, "childcare_desert": 0, "pct_zero_car": 0.0054}}, {"type": "Feature", "geometry": {"type": "Polygon", "coordinates": [[[-95.48704, 29.76962], [-95.48823, 29.76932], [-95.48724, 29.76819], [-95.48816, 29.76695], [-95.48904, 29.76659], [-95.49073, 29.7668], [-95.49097, 29.76649], [-95.48979, 29.7658], [-95.48963, 29.76485], [-95.49124, 29.7656], [-95.49235, 29.76518], [-95.49097, 29.76436], [-95.49094, 29.76346], [-95.49154, 29.76302], [-95.49234, 29.76324], [-95.49228, 29.76418], [-95.49284, 29.76472], [-95.49408, 29.7651], [-95.49485, 29.76489], [-95.49514, 29.76391], [-95.49579, 29.7634], [-95.49612, 29.76219], [-95.49724, 29.76156], [-95.4983, 29.76211], [-95.499, 29.76078], [-95.50011, 29.76012], [-95.50086, 29.76038], [-95.50066, 29.75823], [-95.5011, 29.75569], [-95.50114, 29.75416], [-95.49978, 29.7551], [-95.49565, 29.75632], [-95.48925, 29.75811], [-95.48618, 29.75854], [-95.48409, 29.7592], [-95.48291, 29.76026], [-95.47978, 29.76308], [-95.47794, 29.76379], [-95.47196, 29.76384], [-95.47034, 29.76327], [-95.46768, 29.76295], [-95.46773, 29.76947], [-95.46854, 29.77063], [-95.47013, 29.77026], [-95.47196, 29.77033], [-95.47324, 29.77218], [-95.47503, 29.77242], [-95.47548, 29.7716], [-95.47645, 29.77115], [-95.47763, 29.77268], [-95.47888, 29.77334], [-95.4813, 29.77317], [-95.48178, 29.77218], [-95.4815, 29.77067], [-95.48285, 29.77023], [-95.48283, 29.77174], [-95.48442, 29.77123], [-95.4852, 29.77058], [-95.48547, 29.76916], [-95.48619, 29.76908], [-95.48704, 29.76962]]]}, "properties": {"GEOID": "48201431600", "under5_pop": 110, "licensed_capacity": 86, "children_per_slot": 1.28, "childcare_desert": 0, "pct_zero_car": 0.0121}}, {"type": "Feature", "geometry": {"type": "Polygon", "coordinates": [[[-95.11852, 29.58422], [-95.11969, 29.58179], [-95.12201, 29.57749], [-95.1096, 29.57238], [-95.10364, 29.58343], [-95.1059, 29.58503], [-95.10852, 29.58535], [-95.10992, 29.58494], [-95.11262, 29.58537], [-95.11381, 29.58519], [-95.1156, 29.58425], [-95.11681, 29.58407], [-95.11852, 29.58422]]]}, "properties": {"GEOID": "48201340400", "under5_pop": 13, "licensed_capacity": 817, "children_per_slot": 0.02, "childcare_desert": 0, "pct_zero_car": 0.0}}, {"type": "Feature", "geometry": {"type": "Polygon", "coordinates": [[[-95.31425, 29.73726], [-95.29949, 29.73265], [-95.30072, 29.72953], [-95.29927, 29.72908], [-95.2996, 29.72822], [-95.2973, 29.72754], [-95.2949, 29.72794], [-95.29462, 29.72868], [-95.29298, 29.73045], [-95.29051, 29.73655], [-95.29894, 29.73925], [-95.31039, 29.74288], [-95.31425, 29.73726]]]}, "properties": {"GEOID": "48201310900", "under5_pop": 70, "licensed_capacity": 0, "children_per_slot": null, "childcare_desert": 1, "pct_zero_car": 0.1712}}, {"type": "Feature", "geometry": {"type": "Polygon", "coordinates": [[[-95.375, 29.7266], [-95.37629, 29.7247], [-95.37686, 29.72346], [-95.37905, 29.71616], [-95.37905, 29.71346], [-95.37866, 29.71196], [-95.3737, 29.71384], [-95.37281, 29.71394], [-95.37147, 29.71359], [-95.37017, 29.71534], [-95.36567, 29.72097], [-95.375, 29.7266]]]}, "properties": {"GEOID": "48201313000", "under5_pop": 0, "licensed_capacity": 308, "children_per_slot": 0, "childcare_desert": 0, "pct_zero_car": 0.1585}}, {"type": "Feature", "geometry": {"type": "Polygon", "coordinates": [[[-95.464, 29.6643], [-95.46402, 29.66048], [-95.46374, 29.64749], [-95.45088, 29.65257], [-95.4466, 29.6539], [-95.4467, 29.65637], [-95.44638, 29.65801], [-95.44652, 29.6645], [-95.464, 29.6643]]]}, "properties": {"GEOID": "48201420400", "under5_pop": 205, "licensed_capacity": 150, "children_per_slot": 1.37, "childcare_desert": 0, "pct_zero_car": 0.0}}, {"type": "Feature", "geometry": {"type": "Polygon", "coordinates": [[[-95.41187, 29.81274], [-95.43045, 29.81262], [-95.43235, 29.81234], [-95.43398, 29.81177], [-95.44088, 29.80887], [-95.43921, 29.80778], [-95.43658, 29.80659], [-95.43525, 29.80566], [-95.43408, 29.80437], [-95.4332, 29.80385], [-95.42966, 29.80317], [-95.42782, 29.80309], [-95.42705, 29.80276], [-95.42652, 29.80166], [-95.42533, 29.8018], [-95.42471, 29.80232], [-95.4244, 29.80168], [-95.42232, 29.80168], [-95.42246, 29.80871], [-95.41235, 29.80884], [-95.41229, 29.81191], [-95.41187, 29.81274]]]}, "properties": {"GEOID": "48201511100", "under5_pop": 594, "licensed_capacity": 471, "children_per_slot": 1.26, "childcare_desert": 0, "pct_zero_car": 0.0724}}, {"type": "Feature", "geometry": {"type": "Polygon", "coordinates": [[[-95.57585, 29.83179], [-95.57606, 29.81308], [-95.57355, 29.81286], [-95.5687, 29.81294], [-95.56621, 29.81267], [-95.56378, 29.8127], [-95.56358, 29.81271], [-95.56369, 29.83193], [-95.57297, 29.83175], [-95.57585, 29.83179]]]}, "properties": {"GEOID": "48201540200", "under5_pop": 94, "licensed_capacity": 135, "children_per_slot": 0.7, "childcare_desert": 0, "pct_zero_car": 0.014}}, {"type": "Feature", "geometry": {"type": "Polygon", "coordinates": [[[-95.28078, 29.70062], [-95.28438, 29.69867], [-95.28873, 29.69745], [-95.28701, 29.69604], [-95.28641, 29.69466], [-95.28477, 29.69258], [-95.27811, 29.68575], [-95.27749, 29.68626], [-95.27779, 29.69757], [-95.27788, 29.70268], [-95.28078, 29.70062]]]}, "properties": {"GEOID": "48201320100", "under5_pop": 169, "licensed_capacity": 97, "children_per_slot": 1.74, "childcare_desert": 0, "pct_zero_car": 0.1975}}, {"type": "Feature", "geometry": {"type": "Polygon", "coordinates": [[[-95.55611, 29.65846], [-95.55393, 29.65646], [-95.55036, 29.65349], [-95.54553, 29.65578], [-95.5438, 29.65623], [-95.53627, 29.6563], [-95.53602, 29.65645], [-95.5362, 29.66356], [-95.53656, 29.66418], [-95.5366, 29.66602], [-95.53675, 29.67039], [-95.53814, 29.66884], [-95.54051, 29.66848], [-95.5413, 29.66865], [-95.54286, 29.66822], [-95.54535, 29.66636], [-95.54606, 29.66533], [-95.54714, 29.66491], [-95.54747, 29.66407], [-95.54939, 29.66316], [-95.5506, 29.66166], [-95.55203, 29.66122], [-95.55443, 29.65946], [-95.55611, 29.65846]]]}, "properties": {"GEOID": "48201423201", "under5_pop": 73, "licensed_capacity": 24, "children_per_slot": 3.04, "childcare_desert": 1, "pct_zero_car": 0.034}}, {"type": "Feature", "geometry": {"type": "Polygon", "coordinates": [[[-95.40258, 29.8594], [-95.40131, 29.8572], [-95.40049, 29.85617], [-95.39296, 29.84552], [-95.38448, 29.84552], [-95.38471, 29.85944], [-95.38652, 29.85968], [-95.40123, 29.85964], [-95.40258, 29.8594]]]}, "properties": {"GEOID": "48201221400", "under5_pop": 352, "licensed_capacity": 7, "children_per_slot": 50.29, "childcare_desert": 1, "pct_zero_car": 0.1239}}, {"type": "Feature", "geometry": {"type": "Polygon", "coordinates": [[[-95.34296, 29.88674], [-95.34256, 29.88507], [-95.3428, 29.8831], [-95.34447, 29.88106], [-95.34386, 29.87926], [-95.34403, 29.87721], [-95.34227, 29.87515], [-95.33549, 29.87524], [-95.33542, 29.87101], [-95.33229, 29.87103], [-95.3302, 29.87035], [-95.32618, 29.87718], [-95.32361, 29.88172], [-95.33003, 29.88169], [-95.33008, 29.88331], [-95.33047, 29.88443], [-95.33053, 29.8869], [-95.33305, 29.88674], [-95.34296, 29.88674]]]}, "properties": {"GEOID": "48201222100", "under5_pop": 299, "licensed_capacity": 0, "children_per_slot": null, "childcare_desert": 1, "pct_zero_car": 0.0573}}, {"type": "Feature", "geometry": {"type": "Polygon", "coordinates": [[[-95.33118, 29.90251], [-95.33104, 29.89089], [-95.33058, 29.89091], [-95.33053, 29.8869], [-95.33047, 29.88443], [-95.33008, 29.88331], [-95.33003, 29.88169], [-95.32361, 29.88172], [-95.32015, 29.88759], [-95.31825, 29.89096], [-95.31339, 29.89931], [-95.31174, 29.90276], [-95.31354, 29.90295], [-95.32347, 29.90281], [-95.33118, 29.90251]]]}, "properties": {"GEOID": "48201222200", "under5_pop": 332, "licensed_capacity": 94, "children_per_slot": 3.53, "childcare_desert": 1, "pct_zero_car": 0.049}}, {"type": "Feature", "geometry": {"type": "Polygon", "coordinates": [[[-95.03203, 29.78263], [-95.03201, 29.7775], [-95.03184, 29.77233], [-95.03195, 29.76279], [-95.03215, 29.76189], [-95.03298, 29.76037], [-95.03628, 29.75285], [-95.03627, 29.752], [-95.03566, 29.75123], [-95.03378, 29.75039], [-95.03464, 29.74912], [-95.03367, 29.74856], [-95.03439, 29.74846], [-95.03468, 29.73093], [-95.03457, 29.73028], [-95.03366, 29.73033], [-95.03185, 29.72984], [-95.0283, 29.72944], [-95.02488, 29.72768], [-95.02225, 29.72527], [-95.02114, 29.72341], [-95.02089, 29.72033], [-95.01835, 29.72015], [-95.01689, 29.72063], [-95.01356, 29.72274], [-95.01251, 29.72233], [-95.01116, 29.72242], [-95.00913, 29.72205], [-95.00769, 29.72211], [-95.00686, 29.72716], [-95.00393, 29.72675], [-95.00427, 29.72465], [-95.00143, 29.72658], [-95.00012, 29.7257], [-94.99638, 29.72521], [-94.9923, 29.72396], [-94.98879, 29.72262], [-94.98838, 29.72348], [-94.9897, 29.7262], [-94.98999, 29.72729], [-94.98956, 29.7305], [-94.9887, 29.73183], [-94.98693, 29.73382], [-94.9854, 29.73412], [-94.98454, 29.73399], [-94.98326, 29.73521], [-94.9834, 29.73692], [-94.98362, 29.73859], [-94.98474, 29.74061], [-94.98346, 29.74274], [-94.98476, 29.74426], [-94.98704, 29.74762], [-94.9877, 29.74819], [-94.99047, 29.75207], [-94.99202, 29.75363], [-94.99524, 29.75554], [-95.00224, 29.75921], [-95.00325, 29.75991], [-95.00623, 29.76302], [-95.0106, 29.76745], [-95.01333, 29.76987], [-95.01466, 29.77099], [-95.02172, 29.77817], [-95.02308, 29.77887], [-95.03203, 29.78263]]]}, "properties": {"GEOID": "48201254800", "under5_pop": 86, "licensed_capacity": 0, "children_per_slot": null, "childcare_desert": 1, "pct_zero_car": 0.0681}}, {"type": "Feature", "geometry": {"type": "Polygon", "coordinates": [[[-95.09424, 29.87619], [-95.09455, 29.87408], [-95.09362, 29.86963], [-95.09359, 29.86625], [-95.0939, 29.86448], [-95.09337, 29.86288], [-95.09395, 29.86197], [-95.09396, 29.86093], [-95.09292, 29.85926], [-95.091, 29.85501], [-95.08928, 29.8515], [-95.08956, 29.85019], [-95.09031, 29.84864], [-95.09216, 29.84668], [-95.09423, 29.84593], [-95.09689, 29.84568], [-95.10098, 29.84311], [-95.10282, 29.84424], [-95.10309, 29.84484], [-95.10411, 29.84539], [-95.10609, 29.84568], [-95.10638, 29.84417], [-95.10366, 29.83952], [-95.10296, 29.83863], [-95.09994, 29.83622], [-95.09631, 29.83384], [-95.09351, 29.83223], [-95.0919, 29.83157], [-95.08765, 29.83039], [-95.08308, 29.82941], [-95.08138, 29.82929], [-95.07708, 29.8296], [-95.07216, 29.83074], [-95.06703, 29.83281], [-95.06478, 29.83277], [-95.06308, 29.8319], [-95.062, 29.8309], [-95.06109, 29.83169], [-95.0602, 29.83165], [-95.05971, 29.83245], [-95.05812, 29.83247], [-95.05759, 29.83282], [-95.05789, 29.83523], [-95.05769, 29.84166], [-95.0491, 29.84173], [-95.04083, 29.84192], [-95.0028, 29.84239], [-95.00252, 29.84297], [-94.98569, 29.84327], [-94.98407, 29.84364], [-94.97933, 29.84424], [-94.96608, 29.84643], [-94.9567, 29.84793], [-94.94708, 29.84951], [-94.94759, 29.85082], [-94.95309, 29.8553], [-94.95602, 29.85591], [-94.96033, 29.85658], [-94.96595, 29.85808], [-94.968, 29.85915], [-94.96891, 29.86043], [-94.97091, 29.86159], [-94.97085, 29.86289], [-94.97124, 29.86358], [-94.97237, 29.86419], [-94.97295, 29.86551], [-94.97419, 29.86576], [-94.9756, 29.86671], [-94.97634, 29.86782], [-94.97704, 29.86806], [-94.97593, 29.873], [-94.97668, 29.87551], [-94.97633, 29.87699], [-94.97874, 29.87977], [-94.9827, 29.88636], [-94.98612, 29.89113], [-94.98436, 29.89324], [-94.9845, 29.89426], [-94.99176, 29.89295], [-94.99772, 29.89205], [-95.01057, 29.88993], [-95.01224, 29.88973], [-95.02361, 29.88792], [-95.02405, 29.8879], [-95.04114, 29.88862], [-95.05202, 29.88891], [-95.05925, 29.88883], [-95.06005, 29.88822], [-95.06164, 29.88873], [-95.06339, 29.88571], [-95.06452, 29.88456], [-95.06594, 29.88396], [-95.08213, 29.87961], [-95.08535, 29.87847], [-95.08835, 29.87757], [-95.09424, 29.87619]]]}, "properties": {"GEOID": "48201252800", "under5_pop": 463, "licensed_capacity": 347, "children_per_slot": 1.33, "childcare_desert": 0, "pct_zero_car": 0.0298}}, {"type": "Feature", "geometry": {"type": "Polygon", "coordinates": [[[-95.32965, 29.74212], [-95.32552, 29.74083], [-95.31425, 29.73726], [-95.31039, 29.74288], [-95.3078, 29.74673], [-95.30389, 29.75236], [-95.30291, 29.75395], [-95.30419, 29.75554], [-95.30529, 29.75583], [-95.3068, 29.755], [-95.30826, 29.75461], [-95.30945, 29.75469], [-95.3122, 29.75541], [-95.31384, 29.75551], [-95.31574, 29.75475], [-95.3181, 29.75503], [-95.32005, 29.75612], [-95.32056, 29.75564], [-95.3255, 29.74906], [-95.32717, 29.74697], [-95.32859, 29.7435], [-95.32965, 29.74212]]]}, "properties": {"GEOID": "48201310500", "under5_pop": 104, "licensed_capacity": 0, "children_per_slot": null, "childcare_desert": 1, "pct_zero_car": 0.1336}}, {"type": "Feature", "geometry": {"type": "Polygon", "coordinates": [[[-95.3762, 29.82837], [-95.37646, 29.82414], [-95.37535, 29.82154], [-95.37527, 29.82045], [-95.37479, 29.81946], [-95.35559, 29.8197], [-95.3561, 29.8219], [-95.35483, 29.8289], [-95.35566, 29.829], [-95.36591, 29.82884], [-95.3677, 29.82845], [-95.3762, 29.82837]]]}, "properties": {"GEOID": "48201220300", "under5_pop": 170, "licensed_capacity": 0, "children_per_slot": null, "childcare_desert": 1, "pct_zero_car": 0.0468}}, {"type": "Feature", "geometry": {"type": "Polygon", "coordinates": [[[-95.37568, 29.83757], [-95.3762, 29.82837], [-95.3677, 29.82845], [-95.36591, 29.82884], [-95.35566, 29.829], [-95.35483, 29.8289], [-95.35496, 29.83042], [-95.35549, 29.83232], [-95.3568, 29.83743], [-95.36026, 29.83764], [-95.37568, 29.83757]]]}, "properties": {"GEOID": "48201220400", "under5_pop": 125, "licensed_capacity": 144, "children_per_slot": 0.87, "childcare_desert": 0, "pct_zero_car": 0.0833}}, {"type": "Feature", "geometry": {"type": "Polygon", "coordinates": [[[-95.35559, 29.8197], [-95.35506, 29.81886], [-95.35282, 29.81618], [-95.35127, 29.8131], [-95.35075, 29.81255], [-95.35029, 29.81241], [-95.34402, 29.81038], [-95.33891, 29.80883], [-95.33625, 29.80826], [-95.33534, 29.81031], [-95.33525, 29.81159], [-95.33549, 29.81767], [-95.33549, 29.81989], [-95.34249, 29.81986], [-95.35559, 29.8197]]]}, "properties": {"GEOID": "48201220100", "under5_pop": 40, "licensed_capacity": 0, "children_per_slot": null, "childcare_desert": 1, "pct_zero_car": 0.0799}}, {"type": "Feature", "geometry": {"type": "Polygon", "coordinates": [[[-95.37805, 29.81939], [-95.3763, 29.81574], [-95.37528, 29.81321], [-95.37111, 29.81364], [-95.35758, 29.81385], [-95.35436, 29.81367], [-95.35075, 29.81255], [-95.35127, 29.8131], [-95.35282, 29.81618], [-95.35506, 29.81886], [-95.35559, 29.8197], [-95.37479, 29.81946], [-95.37805, 29.81939]]]}, "properties": {"GEOID": "48201220200", "under5_pop": 186, "licensed_capacity": 102, "children_per_slot": 1.82, "childcare_desert": 0, "pct_zero_car": 0.0796}}, {"type": "Feature", "geometry": {"type": "Polygon", "coordinates": [[[-95.34281, 29.84044], [-95.34277, 29.8379], [-95.34249, 29.81986], [-95.33549, 29.81989], [-95.3355, 29.82008], [-95.33557, 29.82771], [-95.33533, 29.82953], [-95.33371, 29.83716], [-95.33365, 29.84076], [-95.34281, 29.84044]]]}, "properties": {"GEOID": "48201220800", "under5_pop": 409, "licensed_capacity": 56, "children_per_slot": 7.3, "childcare_desert": 1, "pct_zero_car": 0.2908}}, {"type": "Feature", "geometry": {"type": "Polygon", "coordinates": [[[-95.21135, 30.06847], [-95.21155, 30.06226], [-95.21233, 30.05791], [-95.21293, 30.05595], [-95.21394, 30.05347], [-95.21621, 30.04894], [-95.21384, 30.04802], [-95.21102, 30.04659], [-95.20753, 30.04572], [-95.20155, 30.0435], [-95.19848, 30.04301], [-95.19442, 30.04351], [-95.19315, 30.04382], [-95.19113, 30.04484], [-95.19032, 30.0456], [-95.18903, 30.04753], [-95.18799, 30.04841], [-95.18421, 30.05002], [-95.1848, 30.0513], [-95.18517, 30.05308], [-95.18635, 30.05623], [-95.18678, 30.05891], [-95.18734, 30.06253], [-95.18746, 30.0656], [-95.18818, 30.0678], [-95.1922, 30.06745], [-95.19395, 30.06765], [-95.19648, 30.06833], [-95.19856, 30.06855], [-95.20468, 30.06852], [-95.20705, 30.06823], [-95.21135, 30.06847]]]}, "properties": {"GEOID": "48201251300", "under5_pop": 249, "licensed_capacity": 633, "children_per_slot": 0.39, "childcare_desert": 0, "pct_zero_car": 0.0054}}, {"type": "Feature", "geometry": {"type": "Polygon", "coordinates": [[[-95.33365, 29.84076], [-95.33371, 29.83716], [-95.33533, 29.82953], [-95.33557, 29.82771], [-95.3355, 29.82008], [-95.33431, 29.82271], [-95.33069, 29.83154], [-95.3257, 29.84392], [-95.32402, 29.84809], [-95.31806, 29.8629], [-95.32284, 29.86372], [-95.32449, 29.86441], [-95.32547, 29.86428], [-95.32684, 29.86267], [-95.32848, 29.86181], [-95.32968, 29.86226], [-95.33226, 29.86075], [-95.33359, 29.86134], [-95.3339, 29.85525], [-95.33396, 29.85153], [-95.33375, 29.84846], [-95.33365, 29.84076]]]}, "properties": {"GEOID": "48201230500", "under5_pop": 113, "licensed_capacity": 0, "children_per_slot": null, "childcare_desert": 1, "pct_zero_car": 0.0658}}, {"type": "Feature", "geometry": {"type": "Polygon", "coordinates": [[[-95.3257, 29.84392], [-95.32445, 29.84372], [-95.31903, 29.8438], [-95.31894, 29.84053], [-95.31082, 29.84068], [-95.3021, 29.84074], [-95.30205, 29.83901], [-95.29357, 29.84732], [-95.29207, 29.8487], [-95.29558, 29.84854], [-95.30215, 29.84849], [-95.31281, 29.84833], [-95.31483, 29.84824], [-95.32402, 29.84809], [-95.3257, 29.84392]]]}, "properties": {"GEOID": "48201230600", "under5_pop": 114, "licensed_capacity": 103, "children_per_slot": 1.11, "childcare_desert": 0, "pct_zero_car": 0.1164}}, {"type": "Feature", "geometry": {"type": "Polygon", "coordinates": [[[-95.32402, 29.84809], [-95.31483, 29.84824], [-95.31281, 29.84833], [-95.30215, 29.84849], [-95.29558, 29.84854], [-95.29207, 29.8487], [-95.28904, 29.85175], [-95.28977, 29.85239], [-95.29152, 29.85249], [-95.29256, 29.85167], [-95.29366, 29.85152], [-95.29722, 29.85387], [-95.29796, 29.85397], [-95.30049, 29.85308], [-95.30309, 29.85304], [-95.30407, 29.85328], [-95.30397, 29.85443], [-95.30436, 29.8555], [-95.30524, 29.8563], [-95.30637, 29.85679], [-95.30667, 29.85792], [-95.30749, 29.85847], [-95.30853, 29.85809], [-95.30976, 29.85829], [-95.31133, 29.85799], [-95.31234, 29.8583], [-95.31471, 29.86082], [-95.3157, 29.86146], [-95.31609, 29.86232], [-95.31806, 29.8629], [-95.32402, 29.84809]]]}, "properties": {"GEOID": "48201230700", "under5_pop": 310, "licensed_capacity": 119, "children_per_slot": 2.61, "childcare_desert": 0, "pct_zero_car": 0.1875}}, {"type": "Feature", "geometry": {"type": "Polygon", "coordinates": [[[-95.30205, 29.83901], [-95.30203, 29.83401], [-95.29375, 29.83399], [-95.29374, 29.83135], [-95.29196, 29.83134], [-95.28847, 29.83132], [-95.28842, 29.83862], [-95.28848, 29.84267], [-95.28839, 29.84936], [-95.28817, 29.85123], [-95.28904, 29.85175], [-95.29207, 29.8487], [-95.29357, 29.84732], [-95.30205, 29.83901]]]}, "properties": {"GEOID": "48201230800", "under5_pop": 162, "licensed_capacity": 0, "children_per_slot": null, "childcare_desert": 1, "pct_zero_car": 0.1007}}, {"type": "Feature", "geometry": {"type": "Polygon", "coordinates": [[[-94.96411, 29.77831], [-94.96401, 29.76969], [-94.96401, 29.76077], [-94.96384, 29.75352], [-94.94998, 29.75573], [-94.94524, 29.75643], [-94.94234, 29.75713], [-94.94035, 29.75742], [-94.92815, 29.75928], [-94.9269, 29.7585], [-94.92528, 29.75956], [-94.92457, 29.76031], [-94.922, 29.76477], [-94.91863, 29.76817], [-94.92002, 29.7681], [-94.92623, 29.76702], [-94.92969, 29.76732], [-94.93948, 29.76579], [-94.94084, 29.77149], [-94.9421, 29.77556], [-94.94658, 29.7811], [-94.95629, 29.77957], [-94.96191, 29.7786], [-94.96411, 29.77831]]]}, "properties": {"GEOID": "48201253800", "under5_pop": 712, "licensed_capacity": 381, "children_per_slot": 1.87, "childcare_desert": 0, "pct_zero_car": 0.0377}}, {"type": "Feature", "geometry": {"type": "Polygon", "coordinates": [[[-95.36509, 29.87073], [-95.36222, 29.8592], [-95.35905, 29.8465], [-95.35517, 29.84721], [-95.35207, 29.84804], [-95.34863, 29.84807], [-95.34972, 29.85022], [-95.34983, 29.85133], [-95.34999, 29.86726], [-95.35189, 29.87099], [-95.36509, 29.87073]]]}, "properties": {"GEOID": "48201221100", "under5_pop": 171, "licensed_capacity": 0, "children_per_slot": null, "childcare_desert": 1, "pct_zero_car": 0.0097}}, {"type": "Feature", "geometry": {"type": "Polygon", "coordinates": [[[-95.38491, 29.87005], [-95.38471, 29.85944], [-95.38254, 29.85932], [-95.3763, 29.85941], [-95.37281, 29.85928], [-95.37201, 29.85904], [-95.36471, 29.85903], [-95.36222, 29.8592], [-95.36509, 29.87073], [-95.36814, 29.87026], [-95.38491, 29.87005]]]}, "properties": {"GEOID": "48201221200", "under5_pop": 253, "licensed_capacity": 0, "children_per_slot": null, "childcare_desert": 1, "pct_zero_car": 0.0184}}, {"type": "Feature", "geometry": {"type": "Polygon", "coordinates": [[[-95.5866, 29.74744], [-95.58828, 29.74444], [-95.5887, 29.74281], [-95.58868, 29.74065], [-95.58699, 29.74071], [-95.58524, 29.74125], [-95.58609, 29.74271], [-95.58467, 29.74384], [-95.58409, 29.74467], [-95.58365, 29.74688], [-95.5866, 29.74744]]]}, "properties": {"GEOID": "48201451003", "under5_pop": 308, "licensed_capacity": 0, "children_per_slot": null, "childcare_desert": 1, "pct_zero_car": 0.0169}}, {"type": "Feature", "geometry": {"type": "Polygon", "coordinates": [[[-95.29196, 29.83134], [-95.29193, 29.82904], [-95.29202, 29.81167], [-95.29172, 29.80832], [-95.29144, 29.80723], [-95.29128, 29.80481], [-95.29017, 29.80422], [-95.28407, 29.80428], [-95.28157, 29.80343], [-95.28014, 29.80247], [-95.2697, 29.80705], [-95.26981, 29.81609], [-95.27009, 29.83145], [-95.28347, 29.83133], [-95.28847, 29.83132], [-95.29196, 29.83134]]]}, "properties": {"GEOID": "48201230900", "under5_pop": 644, "licensed_capacity": 11, "children_per_slot": 58.55, "childcare_desert": 1, "pct_zero_car": 0.197}}, {"type": "Feature", "geometry": {"type": "Polygon", "coordinates": [[[-95.26542, 29.73825], [-95.26647, 29.7312], [-95.26679, 29.7272], [-95.26652, 29.72494], [-95.2648, 29.72537], [-95.2627, 29.7262], [-95.25846, 29.72695], [-95.25579, 29.72681], [-95.25403, 29.72602], [-95.2526, 29.72498], [-95.2497, 29.72205], [-95.24792, 29.72064], [-95.24452, 29.71936], [-95.24302, 29.71909], [-95.24171, 29.71942], [-95.24023, 29.71929], [-95.23891, 29.71952], [-95.2375, 29.72061], [-95.23568, 29.72237], [-95.23375, 29.72359], [-95.2321, 29.72426], [-95.22829, 29.72547], [-95.22871, 29.72644], [-95.22887, 29.72826], [-95.22965, 29.72869], [-95.22965, 29.73251], [-95.23275, 29.73248], [-95.24013, 29.73244], [-95.24026, 29.73976], [-95.24031, 29.74786], [-95.24059, 29.74947], [-95.24138, 29.75079], [-95.24579, 29.75513], [-95.24681, 29.7568], [-95.24719, 29.75943], [-95.25171, 29.7597], [-95.25162, 29.75761], [-95.25429, 29.7576], [-95.2536, 29.73344], [-95.25361, 29.73275], [-95.25512, 29.73272], [-95.25509, 29.73198], [-95.256, 29.73213], [-95.25778, 29.73321], [-95.26306, 29.73676], [-95.26542, 29.73825]]]}, "properties": {"GEOID": "48201233701", "under5_pop": 352, "licensed_capacity": 132, "children_per_slot": 2.67, "childcare_desert": 0, "pct_zero_car": 0.0274}}, {"type": "Feature", "geometry": {"type": "Polygon", "coordinates": [[[-94.96373, 29.7503], [-94.96378, 29.7476], [-94.96367, 29.74159], [-94.96611, 29.73603], [-94.95911, 29.73371], [-94.95939, 29.73286], [-94.95742, 29.73228], [-94.95464, 29.7386], [-94.95388, 29.73986], [-94.95268, 29.74163], [-94.9449, 29.751], [-94.94419, 29.75211], [-94.94317, 29.75482], [-94.94242, 29.75611], [-94.94035, 29.75742], [-94.94234, 29.75713], [-94.94524, 29.75643], [-94.94998, 29.75573], [-94.96384, 29.75352], [-94.96373, 29.7503]]]}, "properties": {"GEOID": "48201254100", "under5_pop": 292, "licensed_capacity": 186, "children_per_slot": 1.57, "childcare_desert": 0, "pct_zero_car": 0.0925}}, {"type": "Feature", "geometry": {"type": "Polygon", "coordinates": [[[-95.40513, 29.91541], [-95.40047, 29.90255], [-95.39334, 29.9027], [-95.39075, 29.90208], [-95.37297, 29.90221], [-95.37506, 29.91081], [-95.37611, 29.91314], [-95.37628, 29.91469], [-95.37607, 29.91667], [-95.38985, 29.91578], [-95.39349, 29.9156], [-95.40208, 29.91543], [-95.40499, 29.91543], [-95.40513, 29.91541]]]}, "properties": {"GEOID": "48201222402", "under5_pop": 363, "licensed_capacity": 0, "children_per_slot": null, "childcare_desert": 1, "pct_zero_car": 0.0082}}, {"type": "Feature", "geometry": {"type": "Polygon", "coordinates": [[[-95.19572, 30.08732], [-95.19014, 30.08398], [-95.18404, 30.08021], [-95.17845, 30.07685], [-95.17618, 30.07548], [-95.17159, 30.07262], [-95.16557, 30.06853], [-95.16473, 30.06726], [-95.16292, 30.06574], [-95.15994, 30.06503], [-95.15938, 30.06584], [-95.15954, 30.06711], [-95.1575, 30.0697], [-95.1575, 30.07092], [-95.1571, 30.07192], [-95.15654, 30.07108], [-95.15474, 30.07117], [-95.15347, 30.07091], [-95.15275, 30.07168], [-95.15418, 30.07249], [-95.1555, 30.07393], [-95.15569, 30.07488], [-95.15524, 30.07585], [-95.15357, 30.07717], [-95.15323, 30.07845], [-95.15353, 30.07954], [-95.15471, 30.08083], [-95.15478, 30.08179], [-95.15578, 30.08284], [-95.15542, 30.08345], [-95.15431, 30.08408], [-95.15295, 30.08556], [-95.14913, 30.08649], [-95.14855, 30.0874], [-95.14875, 30.08796], [-95.15022, 30.08844], [-95.15053, 30.08967], [-95.14957, 30.08998], [-95.1488, 30.091], [-95.14851, 30.09242], [-95.14786, 30.09368], [-95.14871, 30.09537], [-95.14858, 30.09606], [-95.14971, 30.09693], [-95.14924, 30.09874], [-95.15066, 30.09954], [-95.15069, 30.10006], [-95.14953, 30.1008], [-95.14968, 30.10148], [-95.15091, 30.10234], [-95.15121, 30.10436], [-95.14992, 30.10477], [-95.14982, 30.10525], [-95.15111, 30.10674], [-95.15142, 30.10761], [-95.15027, 30.10791], [-95.14972, 30.10758], [-95.14803, 30.10775], [-95.14714, 30.10841], [-95.14702, 30.1092], [-95.14476, 30.10925], [-95.14346, 30.1109], [-95.14143, 30.11244], [-95.14013, 30.11219], [-95.13849, 30.11299], [-95.13786, 30.11368], [-95.13821, 30.11619], [-95.1376, 30.11771], [-95.13561, 30.1187], [-95.13463, 30.11983], [-95.13376, 30.1203], [-95.1334, 30.12118], [-95.13125, 30.12404], [-95.13122, 30.12531], [-95.13075, 30.12705], [-95.13098, 30.12825], [-95.13034, 30.12775], [-95.12853, 30.12913], [-95.12795, 30.13155], [-95.12875, 30.13193], [-95.12919, 30.13291], [-95.12823, 30.13356], [-95.1277, 30.13637], [-95.12685, 30.13701], [-95.12608, 30.13671], [-95.12552, 30.13794], [-95.12614, 30.1389], [-95.12552, 30.13922], [-95.12455, 30.13898], [-95.12406, 30.13979], [-95.12426, 30.14094], [-95.12481, 30.14136], [-95.12433, 30.14386], [-95.12447, 30.14451], [-95.12832, 30.14136], [-95.1305, 30.13983], [-95.13157, 30.13864], [-95.13568, 30.13553], [-95.16521, 30.11182], [-95.17266, 30.10586], [-95.18053, 30.09945], [-95.19572, 30.08732]]]}, "properties": {"GEOID": "48201251501", "under5_pop": 185, "licensed_capacity": 119, "children_per_slot": 1.55, "childcare_desert": 0, "pct_zero_car": 0.0096}}, {"type": "Feature", "geometry": {"type": "Polygon", "coordinates": [[[-95.39296, 29.84552], [-95.39115, 29.84291], [-95.38668, 29.83602], [-95.38451, 29.8332], [-95.38177, 29.82972], [-95.38075, 29.82702], [-95.38018, 29.82435], [-95.37928, 29.82186], [-95.37805, 29.81939], [-95.37479, 29.81946], [-95.37527, 29.82045], [-95.37535, 29.82154], [-95.37646, 29.82414], [-95.3762, 29.82837], [-95.37568, 29.83757], [-95.37551, 29.84045], [-95.3757, 29.84116], [-95.37774, 29.8456], [-95.38448, 29.84552], [-95.39296, 29.84552]]]}, "properties": {"GEOID": "48201220500", "under5_pop": 300, "licensed_capacity": 78, "children_per_slot": 3.85, "childcare_desert": 1, "pct_zero_car": 0.3725}}, {"type": "Feature", "geometry": {"type": "Polygon", "coordinates": [[[-95.37774, 29.8456], [-95.3757, 29.84116], [-95.37551, 29.84045], [-95.37568, 29.83757], [-95.36026, 29.83764], [-95.3568, 29.83743], [-95.35905, 29.8465], [-95.36029, 29.8463], [-95.36886, 29.84617], [-95.37177, 29.84567], [-95.37774, 29.8456]]]}, "properties": {"GEOID": "48201220600", "under5_pop": 144, "licensed_capacity": 216, "children_per_slot": 0.67, "childcare_desert": 0, "pct_zero_car": 0.079}}, {"type": "Feature", "geometry": {"type": "Polygon", "coordinates": [[[-94.95388, 29.73986], [-94.95185, 29.73932], [-94.94824, 29.73858], [-94.94538, 29.73952], [-94.93966, 29.74046], [-94.93813, 29.74049], [-94.93385, 29.74118], [-94.93369, 29.74052], [-94.9286, 29.74116], [-94.92889, 29.74354], [-94.92995, 29.74656], [-94.9301, 29.74786], [-94.92983, 29.75], [-94.9288, 29.75137], [-94.92594, 29.75237], [-94.92426, 29.75462], [-94.9234, 29.75526], [-94.92165, 29.75556], [-94.91955, 29.75527], [-94.91837, 29.75611], [-94.9184, 29.75743], [-94.91879, 29.75923], [-94.91778, 29.76104], [-94.91796, 29.76228], [-94.91917, 29.76458], [-94.91902, 29.76539], [-94.91703, 29.76684], [-94.91622, 29.7669], [-94.91466, 29.76626], [-94.91381, 29.7663], [-94.91325, 29.7674], [-94.91369, 29.76868], [-94.91425, 29.76915], [-94.91653, 29.77003], [-94.91662, 29.77027], [-94.91863, 29.76817], [-94.922, 29.76477], [-94.92457, 29.76031], [-94.92528, 29.75956], [-94.9269, 29.7585], [-94.92815, 29.75928], [-94.94035, 29.75742], [-94.94242, 29.75611], [-94.94317, 29.75482], [-94.94419, 29.75211], [-94.9449, 29.751], [-94.95268, 29.74163], [-94.95388, 29.73986]]]}, "properties": {"GEOID": "48201253900", "under5_pop": 314, "licensed_capacity": 264, "children_per_slot": 1.19, "childcare_desert": 0, "pct_zero_car": 0.0916}}, {"type": "Feature", "geometry": {"type": "Polygon", "coordinates": [[[-94.95742, 29.73228], [-94.94222, 29.72781], [-94.93918, 29.72684], [-94.93617, 29.73102], [-94.93483, 29.73258], [-94.93232, 29.73388], [-94.93106, 29.73548], [-94.92902, 29.73706], [-94.9283, 29.73875], [-94.9286, 29.74116], [-94.93369, 29.74052], [-94.93385, 29.74118], [-94.93813, 29.74049], [-94.93966, 29.74046], [-94.94538, 29.73952], [-94.94824, 29.73858], [-94.95185, 29.73932], [-94.95388, 29.73986], [-94.95464, 29.7386], [-94.95742, 29.73228]]]}, "properties": {"GEOID": "48201254000", "under5_pop": 239, "licensed_capacity": 123, "children_per_slot": 1.94, "childcare_desert": 0, "pct_zero_car": 0.1157}}, {"type": "Feature", "geometry": {"type": "Polygon", "coordinates": [[[-95.3429, 29.84815], [-95.34281, 29.84044], [-95.33365, 29.84076], [-95.33375, 29.84846], [-95.33396, 29.85153], [-95.3339, 29.85525], [-95.33359, 29.86134], [-95.33484, 29.86191], [-95.34236, 29.84941], [-95.3429, 29.84815]]]}, "properties": {"GEOID": "48201220900", "under5_pop": 88, "licensed_capacity": 0, "children_per_slot": null, "childcare_desert": 1, "pct_zero_car": 0.084}}, {"type": "Feature", "geometry": {"type": "Polygon", "coordinates": [[[-95.3411, 29.87107], [-95.35189, 29.87099], [-95.34999, 29.86726], [-95.34983, 29.85133], [-95.34972, 29.85022], [-95.34863, 29.84807], [-95.3429, 29.84815], [-95.34236, 29.84941], [-95.33484, 29.86191], [-95.33799, 29.86218], [-95.33905, 29.86311], [-95.34032, 29.86342], [-95.34161, 29.8644], [-95.34252, 29.86612], [-95.3427, 29.86756], [-95.34124, 29.86824], [-95.34158, 29.86983], [-95.3411, 29.87107]]]}, "properties": {"GEOID": "48201221000", "under5_pop": 272, "licensed_capacity": 0, "children_per_slot": null, "childcare_desert": 1, "pct_zero_car": 0.0972}}, {"type": "Feature", "geometry": {"type": "Polygon", "coordinates": [[[-94.97737, 29.76128], [-94.97719, 29.75472], [-94.97861, 29.75393], [-94.97946, 29.75215], [-94.98074, 29.7514], [-94.97952, 29.75099], [-94.97947, 29.74985], [-94.97483, 29.75], [-94.96998, 29.74996], [-94.96373, 29.7503], [-94.96384, 29.75352], [-94.96401, 29.76077], [-94.96401, 29.76969], [-94.96411, 29.77831], [-94.9671, 29.77761], [-94.97486, 29.77743], [-94.9776, 29.77795], [-94.97767, 29.77688], [-94.97755, 29.76975], [-94.97737, 29.76128]]]}, "properties": {"GEOID": "48201253700", "under5_pop": 616, "licensed_capacity": 573, "children_per_slot": 1.08, "childcare_desert": 0, "pct_zero_car": 0.0304}}, {"type": "Feature", "geometry": {"type": "Polygon", "coordinates": [[[-95.58373, 29.65943], [-95.5827, 29.65395], [-95.57136, 29.64873], [-95.56853, 29.65139], [-95.57041, 29.65362], [-95.57078, 29.65621], [-95.5738, 29.65731], [-95.57562, 29.65769], [-95.58148, 29.65956], [-95.58373, 29.65943]]]}, "properties": {"GEOID": "48201453401", "under5_pop": 185, "licensed_capacity": 0, "children_per_slot": null, "childcare_desert": 1, "pct_zero_car": 0.0385}}, {"type": "Feature", "geometry": {"type": "Polygon", "coordinates": [[[-95.19313, 29.68203], [-95.19301, 29.67363], [-95.19279, 29.66501], [-95.18667, 29.66507], [-95.1868, 29.6745], [-95.18647, 29.67516], [-95.18396, 29.67641], [-95.18382, 29.67706], [-95.18394, 29.68149], [-95.18381, 29.68212], [-95.19313, 29.68203]]]}, "properties": {"GEOID": "48201323801", "under5_pop": 304, "licensed_capacity": 140, "children_per_slot": 2.17, "childcare_desert": 0, "pct_zero_car": 0.0259}}, {"type": "Feature", "geometry": {"type": "Polygon", "coordinates": [[[-95.18381, 29.68212], [-95.18394, 29.68149], [-95.18382, 29.67706], [-95.18396, 29.67641], [-95.18647, 29.67516], [-95.1868, 29.6745], [-95.18667, 29.66507], [-95.17223, 29.66532], [-95.17253, 29.67987], [-95.17252, 29.68225], [-95.18381, 29.68212]]]}, "properties": {"GEOID": "48201323802", "under5_pop": 396, "licensed_capacity": 220, "children_per_slot": 1.8, "childcare_desert": 0, "pct_zero_car": 0.0356}}, {"type": "Feature", "geometry": {"type": "Polygon", "coordinates": [[[-95.56378, 29.8127], [-95.56373, 29.80624], [-95.56357, 29.79525], [-95.56334, 29.79248], [-95.56319, 29.78481], [-95.55358, 29.78465], [-95.5538, 29.79693], [-95.55399, 29.80477], [-95.55386, 29.80913], [-95.55444, 29.80937], [-95.55445, 29.81268], [-95.56358, 29.81271], [-95.56378, 29.8127]]]}, "properties": {"GEOID": "48201522402", "under5_pop": 271, "licensed_capacity": 0, "children_per_slot": null, "childcare_desert": 1, "pct_zero_car": 0.0993}}, {"type": "Feature", "geometry": {"type": "Polygon", "coordinates": [[[-95.53627, 29.6563], [-95.53606, 29.6454], [-95.53332, 29.64521], [-95.53161, 29.64446], [-95.52911, 29.64247], [-95.52675, 29.64164], [-95.52377, 29.64155], [-95.52109, 29.64188], [-95.52144, 29.6449], [-95.52253, 29.64771], [-95.52427, 29.64908], [-95.52536, 29.64929], [-95.52792, 29.6493], [-95.52802, 29.65568], [-95.5294, 29.65571], [-95.53247, 29.65632], [-95.53627, 29.6563]]]}, "properties": {"GEOID": "48201423402", "under5_pop": 366, "licensed_capacity": 256, "children_per_slot": 1.43, "childcare_desert": 0, "pct_zero_car": 0.0382}}, {"type": "Feature", "geometry": {"type": "Polygon", "coordinates": [[[-95.52802, 29.65568], [-95.52792, 29.6493], [-95.52536, 29.64929], [-95.52427, 29.64908], [-95.52253, 29.64771], [-95.52144, 29.6449], [-95.52109, 29.64188], [-95.51867, 29.64188], [-95.5162, 29.64254], [-95.51402, 29.64367], [-95.51168, 29.64421], [-95.50829, 29.64423], [-95.50838, 29.65153], [-95.50843, 29.65602], [-95.51297, 29.65598], [-95.51418, 29.65583], [-95.51554, 29.65566], [-95.52279, 29.65561], [-95.52539, 29.65574], [-95.52802, 29.65568]]]}, "properties": {"GEOID": "48201423401", "under5_pop": 390, "licensed_capacity": 449, "children_per_slot": 0.87, "childcare_desert": 0, "pct_zero_car": 0.089}}, {"type": "Feature", "geometry": {"type": "Polygon", "coordinates": [[[-95.26554, 29.76828], [-95.26557, 29.76736], [-95.2649, 29.74477], [-95.265, 29.74136], [-95.26542, 29.73825], [-95.26306, 29.73676], [-95.25778, 29.73321], [-95.256, 29.73213], [-95.25509, 29.73198], [-95.25512, 29.73272], [-95.25361, 29.73275], [-95.2536, 29.73344], [-95.25429, 29.7576], [-95.25162, 29.75761], [-95.25171, 29.7597], [-95.25184, 29.75995], [-95.25586, 29.75989], [-95.25607, 29.76792], [-95.25606, 29.76818], [-95.2594, 29.7687], [-95.2594, 29.76824], [-95.26554, 29.76828]]]}, "properties": {"GEOID": "48201233600", "under5_pop": 140, "licensed_capacity": 97, "children_per_slot": 1.44, "childcare_desert": 0, "pct_zero_car": 0.1476}}, {"type": "Feature", "geometry": {"type": "Polygon", "coordinates": [[[-95.19279, 29.63137], [-95.19318, 29.62632], [-95.19559, 29.62455], [-95.19629, 29.62354], [-95.19751, 29.6225], [-95.19594, 29.62089], [-95.19444, 29.61897], [-95.1919, 29.61617], [-95.18998, 29.61748], [-95.18418, 29.6204], [-95.18143, 29.62195], [-95.17921, 29.62348], [-95.17364, 29.6275], [-95.17031, 29.63058], [-95.16281, 29.63759], [-95.1595, 29.64076], [-95.15839, 29.6424], [-95.15678, 29.64646], [-95.15614, 29.64967], [-95.15601, 29.65178], [-95.15614, 29.65969], [-95.15573, 29.6633], [-95.15565, 29.66565], [-95.17223, 29.66532], [-95.17211, 29.66478], [-95.17197, 29.6578], [-95.17154, 29.65604], [-95.17136, 29.64952], [-95.17111, 29.64063], [-95.17165, 29.64044], [-95.17792, 29.64033], [-95.17975, 29.64078], [-95.18129, 29.64078], [-95.18138, 29.63861], [-95.18121, 29.63036], [-95.19078, 29.63025], [-95.19082, 29.6314], [-95.19279, 29.63137]]]}, "properties": {"GEOID": "48201324000", "under5_pop": 295, "licensed_capacity": 218, "children_per_slot": 1.35, "childcare_desert": 0, "pct_zero_car": 0.0335}}, {"type": "Feature", "geometry": {"type": "Polygon", "coordinates": [[[-95.30897, 29.70633], [-95.30522, 29.70358], [-95.30436, 29.70275], [-95.3015, 29.69838], [-95.30038, 29.69587], [-95.29673, 29.69553], [-95.29469, 29.69565], [-95.29154, 29.69669], [-95.28873, 29.69745], [-95.29118, 29.69939], [-95.29545, 29.70213], [-95.30155, 29.70604], [-95.3051, 29.70843], [-95.30897, 29.70633]]]}, "properties": {"GEOID": "48201311702", "under5_pop": 138, "licensed_capacity": 0, "children_per_slot": null, "childcare_desert": 1, "pct_zero_car": 0.1909}}, {"type": "Feature", "geometry": {"type": "Polygon", "coordinates": [[[-95.40792, 29.86987], [-95.40506, 29.86426], [-95.39773, 29.86432], [-95.39783, 29.86991], [-95.40649, 29.86983], [-95.40792, 29.86987]]]}, "properties": {"GEOID": "48201221502", "under5_pop": 387, "licensed_capacity": 0, "children_per_slot": null, "childcare_desert": 1, "pct_zero_car": 0.0743}}, {"type": "Feature", "geometry": {"type": "Polygon", "coordinates": [[[-95.45659, 29.74767], [-95.45831, 29.74094], [-95.45772, 29.74108], [-95.44816, 29.74163], [-95.44826, 29.74666], [-95.45444, 29.74663], [-95.45659, 29.74767]]]}, "properties": {"GEOID": "48201411302", "under5_pop": 0, "licensed_capacity": 0, "children_per_slot": null, "childcare_desert": 0, "pct_zero_car": 0.027}}, {"type": "Feature", "geometry": {"type": "Polygon", "coordinates": [[[-95.66042, 29.716], [-95.66052, 29.71343], [-95.66049, 29.70965], [-95.65276, 29.71026], [-95.64406, 29.71105], [-95.6442, 29.71619], [-95.64414, 29.71992], [-95.64732, 29.7197], [-95.64953, 29.7189], [-95.65155, 29.71859], [-95.65388, 29.71858], [-95.65594, 29.71815], [-95.66042, 29.716]]]}, "properties": {"GEOID": "48201454303", "under5_pop": 219, "licensed_capacity": 102, "children_per_slot": 2.15, "childcare_desert": 0, "pct_zero_car": 0.0447}}, {"type": "Feature", "geometry": {"type": "Polygon", "coordinates": [[[-95.59226, 30.12002], [-95.59218, 30.11735], [-95.59266, 30.11411], [-95.59257, 30.10669], [-95.59302, 30.10424], [-95.59396, 30.10033], [-95.594, 30.09509], [-95.59413, 30.09267], [-95.59406, 30.08612], [-95.59389, 30.08516], [-95.59007, 30.07551], [-95.58901, 30.07248], [-95.5891, 30.06942], [-95.5967, 30.06855], [-95.59216, 30.06059], [-95.59134, 30.06052], [-95.58944, 30.06185], [-95.58753, 30.06131], [-95.58674, 30.06168], [-95.58505, 30.06102], [-95.58342, 30.06124], [-95.58253, 30.06251], [-95.58255, 30.06371], [-95.58343, 30.06441], [-95.58313, 30.06503], [-95.58209, 30.06525], [-95.58148, 30.06612], [-95.58058, 30.06588], [-95.57959, 30.0665], [-95.57927, 30.06761], [-95.57808, 30.06813], [-95.57729, 30.06804], [-95.57611, 30.06944], [-95.57496, 30.06996], [-95.5752, 30.07127], [-95.57378, 30.07185], [-95.57186, 30.0748], [-95.56967, 30.07477], [-95.56919, 30.07603], [-95.57016, 30.07648], [-95.57043, 30.07712], [-95.56996, 30.07862], [-95.56871, 30.07897], [-95.56691, 30.08048], [-95.56629, 30.08063], [-95.56506, 30.08246], [-95.56406, 30.08329], [-95.56301, 30.08303], [-95.56256, 30.08361], [-95.56113, 30.08398], [-95.56075, 30.08485], [-95.55947, 30.08524], [-95.55763, 30.08625], [-95.55707, 30.08717], [-95.55614, 30.08728], [-95.55519, 30.08969], [-95.55437, 30.09111], [-95.55344, 30.09136], [-95.5534, 30.09233], [-95.55419, 30.09324], [-95.55373, 30.09382], [-95.55457, 30.09553], [-95.55363, 30.09602], [-95.5533, 30.09677], [-95.55208, 30.09796], [-95.55215, 30.09912], [-95.55288, 30.09976], [-95.5525, 30.10033], [-95.55, 30.10081], [-95.54866, 30.10135], [-95.54809, 30.10209], [-95.54759, 30.10185], [-95.54736, 30.10397], [-95.54999, 30.10447], [-95.56532, 30.10718], [-95.56928, 30.10791], [-95.57226, 30.10876], [-95.59226, 30.12002]]]}, "properties": {"GEOID": "48201554803", "under5_pop": 491, "licensed_capacity": 229, "children_per_slot": 2.14, "childcare_desert": 0, "pct_zero_car": 0.0}}, {"type": "Feature", "geometry": {"type": "Polygon", "coordinates": [[[-95.44619, 29.70593], [-95.44616, 29.70458], [-95.44016, 29.70464], [-95.43717, 29.70458], [-95.43312, 29.70475], [-95.43313, 29.70604], [-95.43318, 29.70892], [-95.433, 29.70974], [-95.43313, 29.7149], [-95.43735, 29.71485], [-95.43794, 29.71459], [-95.43788, 29.70802], [-95.43776, 29.70601], [-95.44098, 29.70597], [-95.44619, 29.70593]]]}, "properties": {"GEOID": "48201412500", "under5_pop": 68, "licensed_capacity": 227, "children_per_slot": 0.3, "childcare_desert": 0, "pct_zero_car": 0.0369}}, {"type": "Feature", "geometry": {"type": "Polygon", "coordinates": [[[-95.34116, 29.76964], [-95.34195, 29.7689], [-95.34325, 29.76828], [-95.3465, 29.76714], [-95.34768, 29.76651], [-95.34678, 29.76616], [-95.3466, 29.76557], [-95.34661, 29.76263], [-95.34584, 29.762], [-95.34343, 29.76216], [-95.34064, 29.76134], [-95.33857, 29.76209], [-95.33764, 29.76219], [-95.33354, 29.76134], [-95.33338, 29.76087], [-95.33346, 29.75929], [-95.3331, 29.75861], [-95.33193, 29.75851], [-95.33047, 29.75951], [-95.32887, 29.75984], [-95.32621, 29.75992], [-95.32518, 29.75965], [-95.32298, 29.75733], [-95.32005, 29.75612], [-95.3181, 29.75906], [-95.31548, 29.76363], [-95.31541, 29.77163], [-95.31559, 29.77442], [-95.3203, 29.77441], [-95.32294, 29.77416], [-95.32482, 29.77353], [-95.33379, 29.77011], [-95.33572, 29.76931], [-95.33862, 29.76906], [-95.34116, 29.76964]]]}, "properties": {"GEOID": "48201211400", "under5_pop": 205, "licensed_capacity": 0, "children_per_slot": null, "childcare_desert": 1, "pct_zero_car": 0.1556}}, {"type": "Feature", "geometry": {"type": "Polygon", "coordinates": [[[-95.35758, 29.81385], [-95.37111, 29.81364], [-95.37528, 29.81321], [-95.37358, 29.80869], [-95.37214, 29.80143], [-95.37194, 29.80004], [-95.36793, 29.80005], [-95.36793, 29.7999], [-95.3582, 29.80002], [-95.35724, 29.79997], [-95.35742, 29.80428], [-95.35758, 29.81385]]]}, "properties": {"GEOID": "48201210600", "under5_pop": 433, "licensed_capacity": 0, "children_per_slot": null, "childcare_desert": 1, "pct_zero_car": 0.0768}}, {"type": "Feature", "geometry": {"type": "Polygon", "coordinates": [[[-95.30343, 29.93983], [-95.30334, 29.93772], [-95.31061, 29.93767], [-95.31048, 29.93048], [-95.30305, 29.93059], [-95.30007, 29.93071], [-95.29755, 29.93627], [-95.29598, 29.93996], [-95.30343, 29.93983]]]}, "properties": {"GEOID": "48201222701", "under5_pop": 582, "licensed_capacity": 0, "children_per_slot": null, "childcare_desert": 1, "pct_zero_car": 0.3613}}, {"type": "Feature", "geometry": {"type": "Polygon", "coordinates": [[[-95.39842, 29.76186], [-95.39818, 29.76112], [-95.39812, 29.75733], [-95.38571, 29.75762], [-95.38573, 29.76168], [-95.38793, 29.76157], [-95.39118, 29.76256], [-95.39228, 29.76253], [-95.39468, 29.76293], [-95.39602, 29.76281], [-95.39842, 29.76186]]]}, "properties": {"GEOID": "48201410201", "under5_pop": 0, "licensed_capacity": 0, "children_per_slot": null, "childcare_desert": 0, "pct_zero_car": 0.0378}}, {"type": "Feature", "geometry": {"type": "Polygon", "coordinates": [[[-95.44479, 29.83275], [-95.45073, 29.83261], [-95.46019, 29.8325], [-95.46279, 29.83253], [-95.45962, 29.82691], [-95.45814, 29.82423], [-95.45691, 29.82258], [-95.45512, 29.82124], [-95.45219, 29.82005], [-95.45094, 29.81985], [-95.44448, 29.81971], [-95.44479, 29.83275]]]}, "properties": {"GEOID": "48201531200", "under5_pop": 338, "licensed_capacity": 206, "children_per_slot": 1.64, "childcare_desert": 0, "pct_zero_car": 0.04}}, {"type": "Feature", "geometry": {"type": "Polygon", "coordinates": [[[-95.12328, 29.6792], [-95.12298, 29.6667], [-95.12295, 29.66373], [-95.10356, 29.66402], [-95.08692, 29.66438], [-95.08707, 29.67088], [-95.08761, 29.67245], [-95.08771, 29.6746], [-95.08781, 29.67982], [-95.09258, 29.67976], [-95.10996, 29.67946], [-95.11312, 29.67937], [-95.12328, 29.6792]]]}, "properties": {"GEOID": "48201342900", "under5_pop": 476, "licensed_capacity": 528, "children_per_slot": 0.9, "childcare_desert": 0, "pct_zero_car": 0.0647}}, {"type": "Feature", "geometry": {"type": "Polygon", "coordinates": [[[-95.36908, 29.73683], [-95.36501, 29.73447], [-95.35946, 29.7311], [-95.35813, 29.73042], [-95.35388, 29.73586], [-95.35172, 29.73847], [-95.35922, 29.74327], [-95.36268, 29.74487], [-95.36908, 29.73683]]]}, "properties": {"GEOID": "48201312300", "under5_pop": 72, "licensed_capacity": 47, "children_per_slot": 1.53, "childcare_desert": 0, "pct_zero_car": 0.2567}}, {"type": "Feature", "geometry": {"type": "Polygon", "coordinates": [[[-95.46011, 29.73192], [-95.46043, 29.72895], [-95.45754, 29.72993], [-95.45583, 29.73026], [-95.45049, 29.7303], [-95.44793, 29.73005], [-95.44816, 29.74163], [-95.45772, 29.74108], [-95.45831, 29.74094], [-95.45883, 29.73786], [-95.46011, 29.73192]]]}, "properties": {"GEOID": "48201411600", "under5_pop": 36, "licensed_capacity": 42, "children_per_slot": 0.86, "childcare_desert": 0, "pct_zero_car": 0.0}}, {"type": "Feature", "geometry": {"type": "Polygon", "coordinates": [[[-95.30038, 29.69587], [-95.299, 29.69271], [-95.29877, 29.68961], [-95.29843, 29.68845], [-95.29631, 29.68515], [-95.2785, 29.68553], [-95.27811, 29.68575], [-95.28477, 29.69258], [-95.28641, 29.69466], [-95.28701, 29.69604], [-95.28873, 29.69745], [-95.29154, 29.69669], [-95.29469, 29.69565], [-95.29673, 29.69553], [-95.30038, 29.69587]]]}, "properties": {"GEOID": "48201332900", "under5_pop": 225, "licensed_capacity": 80, "children_per_slot": 2.81, "childcare_desert": 0, "pct_zero_car": 0.0773}}, {"type": "Feature", "geometry": {"type": "Polygon", "coordinates": [[[-95.2972, 29.75406], [-95.30003, 29.75197], [-95.3032, 29.74436], [-95.29907, 29.74307], [-95.29894, 29.73925], [-95.29051, 29.73655], [-95.28802, 29.74274], [-95.2882, 29.74758], [-95.2886, 29.74976], [-95.28884, 29.74992], [-95.29061, 29.74864], [-95.29335, 29.7472], [-95.2957, 29.74722], [-95.29652, 29.7478], [-95.29631, 29.74882], [-95.29502, 29.75035], [-95.29499, 29.75152], [-95.2972, 29.75406]]]}, "properties": {"GEOID": "48201311002", "under5_pop": 218, "licensed_capacity": 0, "children_per_slot": null, "childcare_desert": 1, "pct_zero_car": 0.1386}}, {"type": "Feature", "geometry": {"type": "Polygon", "coordinates": [[[-95.19703, 29.77153], [-95.19663, 29.77022], [-95.19569, 29.76975], [-95.19286, 29.77018], [-95.19142, 29.77012], [-95.1902, 29.76946], [-95.18881, 29.76738], [-95.1882, 29.76578], [-95.18819, 29.76443], [-95.18934, 29.76258], [-95.19036, 29.76203], [-95.1915, 29.76038], [-95.19176, 29.75941], [-95.19141, 29.75828], [-95.19057, 29.75816], [-95.1895, 29.75875], [-95.18842, 29.75979], [-95.18682, 29.76074], [-95.18418, 29.76101], [-95.18209, 29.76032], [-95.18012, 29.7583], [-95.17892, 29.75731], [-95.17772, 29.75581], [-95.1776, 29.75529], [-95.17611, 29.75353], [-95.17447, 29.75299], [-95.16838, 29.75226], [-95.16665, 29.75236], [-95.16511, 29.75179], [-95.1653, 29.75035], [-95.16723, 29.74964], [-95.17018, 29.74682], [-95.16894, 29.7469], [-95.16628, 29.74549], [-95.16508, 29.74522], [-95.16337, 29.74348], [-95.15926, 29.74203], [-95.1581, 29.74026], [-95.15684, 29.73919], [-95.15633, 29.73837], [-95.15453, 29.73715], [-95.15286, 29.73629], [-95.15169, 29.73604], [-95.14844, 29.73626], [-95.14606, 29.7361], [-95.14392, 29.73583], [-95.14214, 29.73539], [-95.13705, 29.735], [-95.13423, 29.73443], [-95.13251, 29.73428], [-95.13119, 29.73378], [-95.12914, 29.73432], [-95.12804, 29.73488], [-95.12629, 29.73424], [-95.12468, 29.7343], [-95.12279, 29.73503], [-95.11978, 29.73693], [-95.11741, 29.73861], [-95.11528, 29.73956], [-95.11388, 29.73953], [-95.11221, 29.74015], [-95.11023, 29.74014], [-95.10885, 29.74048], [-95.10661, 29.7416], [-95.10461, 29.7431], [-95.10341, 29.74461], [-95.10069, 29.747], [-95.1004, 29.74802], [-95.09807, 29.74986], [-95.09611, 29.75093], [-95.09401, 29.75285], [-95.09299, 29.75497], [-95.09304, 29.75565], [-95.09245, 29.75694], [-95.09104, 29.7584], [-95.09001, 29.76063], [-95.08751, 29.76293], [-95.08653, 29.76345], [-95.08269, 29.76414], [-95.08131, 29.76452], [-95.08005, 29.76524], [-95.07828, 29.76738], [-95.07699, 29.77015], [-95.07731, 29.77265], [-95.07731, 29.77537], [-95.07568, 29.78008], [-95.07361, 29.78218], [-95.07083, 29.7846], [-95.0653, 29.78874], [-95.06183, 29.79188], [-95.06082, 29.79251], [-95.06596, 29.79482], [-95.06837, 29.79539], [-95.07101, 29.79535], [-95.07279, 29.7949], [-95.08114, 29.79191], [-95.08374, 29.79123], [-95.08856, 29.79071], [-95.09218, 29.78989], [-95.10501, 29.78567], [-95.10814, 29.7846], [-95.12081, 29.77929], [-95.12451, 29.7782], [-95.14227, 29.7739], [-95.15112, 29.77172], [-95.15344, 29.77129], [-95.15557, 29.77113], [-95.16166, 29.77105], [-95.16945, 29.77091], [-95.18284, 29.77063], [-95.18826, 29.77087], [-95.19703, 29.77153]]]}, "properties": {"GEOID": "48201252500", "under5_pop": 496, "licensed_capacity": 46, "children_per_slot": 10.78, "childcare_desert": 1, "pct_zero_car": 0.0452}}, {"type": "Feature", "geometry": {"type": "Polygon", "coordinates": [[[-95.57145, 29.71706], [-95.57135, 29.71171], [-95.57121, 29.70393], [-95.56749, 29.70397], [-95.55738, 29.7045], [-95.55747, 29.71176], [-95.55758, 29.71826], [-95.56336, 29.71783], [-95.57145, 29.71706]]]}, "properties": {"GEOID": "48201452300", "under5_pop": 72, "licensed_capacity": 180, "children_per_slot": 0.4, "childcare_desert": 0, "pct_zero_car": 0.0067}}, {"type": "Feature", "geometry": {"type": "Polygon", "coordinates": [[[-95.37297, 29.90221], [-95.37054, 29.89255], [-95.36869, 29.89264], [-95.36797, 29.89198], [-95.36553, 29.8913], [-95.3641, 29.89236], [-95.36166, 29.89247], [-95.35983, 29.89357], [-95.35704, 29.89477], [-95.35593, 29.89441], [-95.35474, 29.89454], [-95.35335, 29.89461], [-95.35079, 29.89443], [-95.3492, 29.89317], [-95.34799, 29.89293], [-95.3478, 29.89188], [-95.34686, 29.89062], [-95.34595, 29.89084], [-95.34456, 29.88991], [-95.34432, 29.88796], [-95.34296, 29.88674], [-95.33305, 29.88674], [-95.33053, 29.8869], [-95.33058, 29.89091], [-95.33104, 29.89089], [-95.33118, 29.90251], [-95.33246, 29.9025], [-95.35505, 29.90234], [-95.37297, 29.90221]]]}, "properties": {"GEOID": "48201222300", "under5_pop": 259, "licensed_capacity": 0, "children_per_slot": null, "childcare_desert": 1, "pct_zero_car": 0.0392}}, {"type": "Feature", "geometry": {"type": "Polygon", "coordinates": [[[-95.35596, 29.68036], [-95.35571, 29.66909], [-95.35311, 29.66777], [-95.35048, 29.66699], [-95.3476, 29.66678], [-95.34534, 29.6662], [-95.3372, 29.66634], [-95.3373, 29.66998], [-95.33696, 29.67188], [-95.33641, 29.67387], [-95.33644, 29.67542], [-95.33898, 29.67556], [-95.3503, 29.67899], [-95.35242, 29.67933], [-95.35596, 29.68036]]]}, "properties": {"GEOID": "48201332000", "under5_pop": 716, "licensed_capacity": 136, "children_per_slot": 5.26, "childcare_desert": 1, "pct_zero_car": 0.2311}}, {"type": "Feature", "geometry": {"type": "Polygon", "coordinates": [[[-95.35474, 29.89454], [-95.35522, 29.87721], [-95.35189, 29.87099], [-95.3411, 29.87107], [-95.34085, 29.87293], [-95.34164, 29.87457], [-95.34227, 29.87515], [-95.34403, 29.87721], [-95.34386, 29.87926], [-95.34447, 29.88106], [-95.3428, 29.8831], [-95.34256, 29.88507], [-95.34296, 29.88674], [-95.34432, 29.88796], [-95.34456, 29.88991], [-95.34595, 29.89084], [-95.34686, 29.89062], [-95.3478, 29.89188], [-95.34799, 29.89293], [-95.3492, 29.89317], [-95.35079, 29.89443], [-95.35335, 29.89461], [-95.35474, 29.89454]]]}, "properties": {"GEOID": "48201221900", "under5_pop": 184, "licensed_capacity": 0, "children_per_slot": null, "childcare_desert": 1, "pct_zero_car": 0.0}}, {"type": "Feature", "geometry": {"type": "Polygon", "coordinates": [[[-95.3411, 29.87107], [-95.34158, 29.86983], [-95.34124, 29.86824], [-95.3427, 29.86756], [-95.34252, 29.86612], [-95.34161, 29.8644], [-95.34032, 29.86342], [-95.33905, 29.86311], [-95.33799, 29.86218], [-95.33484, 29.86191], [-95.33359, 29.86134], [-95.33311, 29.86476], [-95.33226, 29.86685], [-95.3302, 29.87035], [-95.33229, 29.87103], [-95.33542, 29.87101], [-95.33549, 29.87524], [-95.34227, 29.87515], [-95.34164, 29.87457], [-95.34085, 29.87293], [-95.3411, 29.87107]]]}, "properties": {"GEOID": "48201222000", "under5_pop": 139, "licensed_capacity": 0, "children_per_slot": null, "childcare_desert": 1, "pct_zero_car": 0.0534}}, {"type": "Feature", "geometry": {"type": "Polygon", "coordinates": [[[-95.31651, 29.86667], [-95.31487, 29.86682], [-95.30056, 29.86687], [-95.3006, 29.87138], [-95.30063, 29.88179], [-95.30085, 29.88718], [-95.30093, 29.89119], [-95.30659, 29.89119], [-95.30783, 29.88832], [-95.31123, 29.8796], [-95.31651, 29.86667]]]}, "properties": {"GEOID": "48201231800", "under5_pop": 262, "licensed_capacity": 409, "children_per_slot": 0.64, "childcare_desert": 0, "pct_zero_car": 0.0168}}, {"type": "Feature", "geometry": {"type": "Polygon", "coordinates": [[[-95.30093, 29.89119], [-95.30085, 29.88718], [-95.30063, 29.88179], [-95.3006, 29.87138], [-95.28786, 29.8716], [-95.28151, 29.87175], [-95.27304, 29.87184], [-95.26832, 29.87195], [-95.26276, 29.87724], [-95.25405, 29.88568], [-95.24777, 29.89186], [-95.25902, 29.89175], [-95.29871, 29.89128], [-95.30093, 29.89119]]]}, "properties": {"GEOID": "48201231900", "under5_pop": 0, "licensed_capacity": 250, "children_per_slot": 0, "childcare_desert": 0, "pct_zero_car": 0.079}}, {"type": "Feature", "geometry": {"type": "Polygon", "coordinates": [[[-95.32288, 29.72822], [-95.32837, 29.7228], [-95.32507, 29.72077], [-95.31947, 29.71787], [-95.31622, 29.71585], [-95.31069, 29.7122], [-95.30939, 29.7136], [-95.30919, 29.71447], [-95.30771, 29.71561], [-95.30753, 29.7171], [-95.30885, 29.71836], [-95.30844, 29.71953], [-95.30543, 29.72115], [-95.30503, 29.72238], [-95.30819, 29.72379], [-95.31142, 29.72481], [-95.32288, 29.72822]]]}, "properties": {"GEOID": "48201310700", "under5_pop": 183, "licensed_capacity": 91, "children_per_slot": 2.01, "childcare_desert": 0, "pct_zero_car": 0.1222}}, {"type": "Feature", "geometry": {"type": "Polygon", "coordinates": [[[-95.26276, 29.87724], [-95.26256, 29.87676], [-95.26255, 29.87206], [-95.26232, 29.8481], [-95.26055, 29.84747], [-95.25734, 29.8468], [-95.25685, 29.84645], [-95.25574, 29.84668], [-95.25589, 29.84727], [-95.25511, 29.84827], [-95.25285, 29.84775], [-95.25258, 29.84699], [-95.25183, 29.84669], [-95.25014, 29.84719], [-95.24988, 29.84537], [-95.24917, 29.84436], [-95.24741, 29.84414], [-95.24498, 29.84516], [-95.24403, 29.84466], [-95.24285, 29.84482], [-95.24251, 29.84412], [-95.24116, 29.84342], [-95.24045, 29.84344], [-95.24062, 29.84129], [-95.24002, 29.84075], [-95.23831, 29.84054], [-95.23785, 29.83968], [-95.23678, 29.83905], [-95.23657, 29.83828], [-95.23487, 29.83833], [-95.23418, 29.83809], [-95.23368, 29.83927], [-95.23243, 29.83959], [-95.23162, 29.84032], [-95.23142, 29.84126], [-95.2319, 29.84238], [-95.23148, 29.84304], [-95.22986, 29.84418], [-95.22889, 29.84424], [-95.22835, 29.84639], [-95.22852, 29.84719], [-95.2285, 29.84996], [-95.22826, 29.85281], [-95.22853, 29.8531], [-95.2284, 29.85687], [-95.22879, 29.85742], [-95.23102, 29.85838], [-95.23168, 29.85975], [-95.23105, 29.86081], [-95.23047, 29.86107], [-95.23067, 29.86212], [-95.23349, 29.86605], [-95.23547, 29.86757], [-95.23557, 29.86841], [-95.2373, 29.8699], [-95.2383, 29.87225], [-95.23865, 29.87448], [-95.23828, 29.8775], [-95.23766, 29.87829], [-95.23633, 29.87852], [-95.23599, 29.87931], [-95.2367, 29.88006], [-95.23703, 29.88145], [-95.23664, 29.88204], [-95.23675, 29.8831], [-95.23665, 29.88461], [-95.23511, 29.88682], [-95.23511, 29.88759], [-95.23661, 29.88912], [-95.2375, 29.88962], [-95.23821, 29.89083], [-95.23817, 29.89207], [-95.23997, 29.8925], [-95.24033, 29.89302], [-95.24007, 29.89464], [-95.2387, 29.89601], [-95.23934, 29.8977], [-95.24068, 29.89864], [-95.24777, 29.89186], [-95.25405, 29.88568], [-95.26276, 29.87724]]]}, "properties": {"GEOID": "48201231200", "under5_pop": 223, "licensed_capacity": 39, "children_per_slot": 5.72, "childcare_desert": 1, "pct_zero_car": 0.1735}}, {"type": "Feature", "geometry": {"type": "Polygon", "coordinates": [[[-95.35758, 29.81385], [-95.35742, 29.80428], [-95.35724, 29.79997], [-95.35039, 29.80006], [-95.35051, 29.80331], [-95.34786, 29.8031], [-95.34872, 29.80607], [-95.35029, 29.81241], [-95.35075, 29.81255], [-95.35436, 29.81367], [-95.35758, 29.81385]]]}, "properties": {"GEOID": "48201210700", "under5_pop": 22, "licensed_capacity": 0, "children_per_slot": null, "childcare_desert": 1, "pct_zero_car": 0.0417}}, {"type": "Feature", "geometry": {"type": "Polygon", "coordinates": [[[-95.21099, 29.83258], [-95.20937, 29.83015], [-95.2083, 29.82789], [-95.20816, 29.82662], [-95.20668, 29.82672], [-95.18798, 29.82676], [-95.18019, 29.82987], [-95.17827, 29.83097], [-95.17552, 29.83213], [-95.17877, 29.83551], [-95.18161, 29.83862], [-95.18424, 29.8413], [-95.18568, 29.84349], [-95.19352, 29.84013], [-95.19993, 29.83732], [-95.21099, 29.83258]]]}, "properties": {"GEOID": "48201232404", "under5_pop": 145, "licensed_capacity": 0, "children_per_slot": null, "childcare_desert": 1, "pct_zero_car": 0.0719}}, {"type": "Feature", "geometry": {"type": "Polygon", "coordinates": [[[-95.35542, 29.61661], [-95.35543, 29.61219], [-95.35543, 29.60658], [-95.35506, 29.60456], [-95.35293, 29.59796], [-95.35224, 29.59533], [-95.3521, 29.59385], [-95.35191, 29.58546], [-95.35038, 29.58632], [-95.34883, 29.58651], [-95.34832, 29.58592], [-95.34626, 29.58559], [-95.34589, 29.58632], [-95.3442, 29.5874], [-95.3444, 29.5891], [-95.34356, 29.59012], [-95.34232, 29.59107], [-95.34186, 29.59193], [-95.34058, 29.59274], [-95.3406, 29.59344], [-95.33811, 29.59347], [-95.33742, 29.59386], [-95.33728, 29.5951], [-95.33506, 29.5963], [-95.33384, 29.59794], [-95.33216, 29.59899], [-95.32999, 29.59901], [-95.32822, 29.59812], [-95.32555, 29.59806], [-95.32355, 29.59743], [-95.32208, 29.59669], [-95.3197, 29.59823], [-95.31826, 29.59796], [-95.31626, 29.59825], [-95.3147, 29.59801], [-95.31224, 29.5964], [-95.30975, 29.59504], [-95.30865, 29.59492], [-95.30575, 29.59524], [-95.30394, 29.59517], [-95.29971, 29.59612], [-95.29859, 29.59704], [-95.29716, 29.59655], [-95.29797, 29.59975], [-95.30031, 29.60756], [-95.30437, 29.62085], [-95.34091, 29.621], [-95.34466, 29.62051], [-95.34624, 29.62012], [-95.34854, 29.61926], [-95.35416, 29.61662], [-95.35542, 29.61661]]]}, "properties": {"GEOID": "48201330801", "under5_pop": 680, "licensed_capacity": 24, "children_per_slot": 28.33, "childcare_desert": 1, "pct_zero_car": 0.0}}, {"type": "Feature", "geometry": {"type": "Polygon", "coordinates": [[[-95.28906, 29.67318], [-95.28885, 29.66211], [-95.28127, 29.66229], [-95.27871, 29.66212], [-95.2788, 29.66525], [-95.28134, 29.66491], [-95.28152, 29.67141], [-95.28145, 29.67228], [-95.28622, 29.67241], [-95.28906, 29.67318]]]}, "properties": {"GEOID": "48201333502", "under5_pop": 241, "licensed_capacity": 79, "children_per_slot": 3.05, "childcare_desert": 1, "pct_zero_car": 0.1299}}, {"type": "Feature", "geometry": {"type": "Polygon", "coordinates": [[[-95.56395, 29.96693], [-95.56372, 29.96073], [-95.56395, 29.95858], [-95.55363, 29.95552], [-95.54705, 29.96121], [-95.5492, 29.96291], [-95.5523, 29.96508], [-95.55664, 29.96776], [-95.55752, 29.96678], [-95.55978, 29.96695], [-95.56395, 29.96693]]]}, "properties": {"GEOID": "48201552603", "under5_pop": 768, "licensed_capacity": 28, "children_per_slot": 27.43, "childcare_desert": 1, "pct_zero_car": 0.0807}}, {"type": "Feature", "geometry": {"type": "Polygon", "coordinates": [[[-95.53063, 29.99807], [-95.53258, 29.99644], [-95.5321, 29.99516], [-95.53224, 29.99439], [-95.53408, 29.99443], [-95.53547, 29.99275], [-95.53661, 29.99287], [-95.53831, 29.9911], [-95.53941, 29.99111], [-95.54035, 29.99069], [-95.5409, 29.98946], [-95.54227, 29.98911], [-95.54277, 29.98842], [-95.54568, 29.98711], [-95.54751, 29.988], [-95.54946, 29.99071], [-95.54929, 29.99193], [-95.54976, 29.99311], [-95.55149, 29.99304], [-95.55184, 29.99254], [-95.55353, 29.99268], [-95.54601, 29.97947], [-95.54465, 29.98007], [-95.54161, 29.97881], [-95.54042, 29.97769], [-95.53752, 29.97928], [-95.5361, 29.97726], [-95.53579, 29.97612], [-95.53465, 29.97455], [-95.53221, 29.97582], [-95.53237, 29.97626], [-95.52953, 29.97807], [-95.52897, 29.97731], [-95.52839, 29.97762], [-95.53142, 29.98188], [-95.52913, 29.98279], [-95.52695, 29.98416], [-95.52428, 29.98457], [-95.5215, 29.98604], [-95.51983, 29.98727], [-95.52179, 29.98938], [-95.52387, 29.99058], [-95.52465, 29.99129], [-95.52689, 29.9943], [-95.52981, 29.9969], [-95.53063, 29.99807]]]}, "properties": {"GEOID": "48201552801", "under5_pop": 309, "licensed_capacity": 168, "children_per_slot": 1.84, "childcare_desert": 0, "pct_zero_car": 0.0138}}, {"type": "Feature", "geometry": {"type": "Polygon", "coordinates": [[[-95.37202, 29.74801], [-95.37704, 29.74165], [-95.36908, 29.73683], [-95.36268, 29.74487], [-95.36519, 29.74588], [-95.37095, 29.74932], [-95.37202, 29.74801]]]}, "properties": {"GEOID": "48201312501", "under5_pop": 221, "licensed_capacity": 102, "children_per_slot": 2.17, "childcare_desert": 0, "pct_zero_car": 0.1756}}, {"type": "Feature", "geometry": {"type": "Polygon", "coordinates": [[[-95.29631, 29.68515], [-95.2939, 29.68145], [-95.2895, 29.67527], [-95.28908, 29.67402], [-95.28813, 29.67501], [-95.28855, 29.67688], [-95.28812, 29.67759], [-95.28505, 29.67772], [-95.28325, 29.67728], [-95.28264, 29.67822], [-95.28148, 29.6784], [-95.27989, 29.67938], [-95.27848, 29.67878], [-95.27681, 29.67949], [-95.2754, 29.67929], [-95.2742, 29.67855], [-95.27349, 29.67866], [-95.27341, 29.67999], [-95.27267, 29.68035], [-95.27811, 29.68575], [-95.2785, 29.68553], [-95.29631, 29.68515]]]}, "properties": {"GEOID": "48201333000", "under5_pop": 212, "licensed_capacity": 334, "children_per_slot": 0.63, "childcare_desert": 0, "pct_zero_car": 0.024}}, {"type": "Feature", "geometry": {"type": "Polygon", "coordinates": [[[-95.63411, 29.90229], [-95.63119, 29.90084], [-95.62917, 29.90045], [-95.62769, 29.90046], [-95.62638, 29.90041], [-95.62303, 29.89959], [-95.62061, 29.89948], [-95.62008, 29.91334], [-95.6206, 29.91452], [-95.62505, 29.91244], [-95.62784, 29.91058], [-95.62934, 29.90918], [-95.63086, 29.90735], [-95.63411, 29.90229]]]}, "properties": {"GEOID": "48201540903", "under5_pop": 335, "licensed_capacity": 69, "children_per_slot": 4.86, "childcare_desert": 1, "pct_zero_car": 0.0098}}, {"type": "Feature", "geometry": {"type": "Polygon", "coordinates": [[[-95.15265, 29.90124], [-95.15949, 29.88578], [-95.16104, 29.88462], [-95.1611, 29.87692], [-95.16189, 29.87342], [-95.166, 29.85474], [-95.16645, 29.85172], [-95.16314, 29.85307], [-95.15377, 29.85715], [-95.1476, 29.85992], [-95.13644, 29.86465], [-95.12819, 29.86819], [-95.12266, 29.87061], [-95.11485, 29.87414], [-95.11236, 29.87502], [-95.10659, 29.87759], [-95.10521, 29.8781], [-95.09538, 29.88024], [-95.09651, 29.88167], [-95.0968, 29.88329], [-95.09701, 29.88768], [-95.0974, 29.8885], [-95.09937, 29.89066], [-95.10189, 29.89259], [-95.10343, 29.8933], [-95.1047, 29.89342], [-95.10667, 29.893], [-95.10867, 29.89231], [-95.11089, 29.89103], [-95.11324, 29.89098], [-95.11414, 29.89179], [-95.116, 29.89446], [-95.11712, 29.89858], [-95.11753, 29.89925], [-95.119, 29.90045], [-95.12056, 29.90127], [-95.12161, 29.90238], [-95.12344, 29.90383], [-95.12507, 29.90596], [-95.1248, 29.90803], [-95.12389, 29.91151], [-95.12383, 29.9128], [-95.12478, 29.91468], [-95.1259, 29.91586], [-95.12869, 29.91749], [-95.13292, 29.91948], [-95.14401, 29.91427], [-95.14476, 29.91421], [-95.14683, 29.91324], [-95.14775, 29.9123], [-95.15265, 29.90124]]]}, "properties": {"GEOID": "48201252100", "under5_pop": 318, "licensed_capacity": 12, "children_per_slot": 26.5, "childcare_desert": 1, "pct_zero_car": 0.0}}, {"type": "Feature", "geometry": {"type": "Polygon", "coordinates": [[[-95.24541, 29.68318], [-95.24575, 29.68138], [-95.24646, 29.67981], [-95.24554, 29.67891], [-95.24532, 29.67813], [-95.24407, 29.67658], [-95.24088, 29.67641], [-95.24001, 29.67533], [-95.23913, 29.67332], [-95.23733, 29.67279], [-95.23622, 29.67159], [-95.23554, 29.67031], [-95.23413, 29.66974], [-95.23054, 29.66978], [-95.23066, 29.67574], [-95.22414, 29.67588], [-95.22722, 29.68002], [-95.22951, 29.68332], [-95.23032, 29.68338], [-95.24286, 29.6833], [-95.24541, 29.68318]]]}, "properties": {"GEOID": "48201321700", "under5_pop": 234, "licensed_capacity": 145, "children_per_slot": 1.61, "childcare_desert": 0, "pct_zero_car": 0.0299}}, {"type": "Feature", "geometry": {"type": "Polygon", "coordinates": [[[-95.46374, 29.64749], [-95.46357, 29.64081], [-95.46348, 29.63198], [-95.4641, 29.63034], [-95.46502, 29.62871], [-95.46519, 29.62728], [-95.44935, 29.62746], [-95.44616, 29.62757], [-95.4466, 29.6539], [-95.45088, 29.65257], [-95.46374, 29.64749]]]}, "properties": {"GEOID": "48201330200", "under5_pop": 410, "licensed_capacity": 686, "children_per_slot": 0.6, "childcare_desert": 0, "pct_zero_car": 0.0379}}, {"type": "Feature", "geometry": {"type": "Polygon", "coordinates": [[[-95.46519, 29.62728], [-95.46502, 29.61743], [-95.46491, 29.61524], [-95.46497, 29.61165], [-95.46491, 29.60761], [-95.46472, 29.60579], [-95.44595, 29.6061], [-95.44605, 29.61173], [-95.44589, 29.61333], [-95.44597, 29.61878], [-95.44616, 29.62757], [-95.44935, 29.62746], [-95.46519, 29.62728]]]}, "properties": {"GEOID": "48201330400", "under5_pop": 526, "licensed_capacity": 194, "children_per_slot": 2.71, "childcare_desert": 0, "pct_zero_car": 0.0823}}, {"type": "Feature", "geometry": {"type": "Polygon", "coordinates": [[[-95.44616, 29.62757], [-95.44597, 29.61878], [-95.44194, 29.62051], [-95.44045, 29.62043], [-95.43803, 29.61918], [-95.43671, 29.61888], [-95.43248, 29.61892], [-95.43111, 29.61953], [-95.42954, 29.61899], [-95.42791, 29.61947], [-95.42559, 29.61906], [-95.42448, 29.61986], [-95.42243, 29.62007], [-95.41838, 29.61911], [-95.41744, 29.61903], [-95.41398, 29.62769], [-95.4169, 29.62804], [-95.42163, 29.62799], [-95.42956, 29.62785], [-95.44616, 29.62757]]]}, "properties": {"GEOID": "48201330500", "under5_pop": 448, "licensed_capacity": 0, "children_per_slot": null, "childcare_desert": 1, "pct_zero_car": 0.0573}}, {"type": "Feature", "geometry": {"type": "Polygon", "coordinates": [[[-95.44597, 29.61878], [-95.44589, 29.61333], [-95.44605, 29.61173], [-95.44595, 29.6061], [-95.42241, 29.60635], [-95.42177, 29.60817], [-95.41959, 29.61363], [-95.41744, 29.61903], [-95.41838, 29.61911], [-95.42243, 29.62007], [-95.42448, 29.61986], [-95.42559, 29.61906], [-95.42791, 29.61947], [-95.42954, 29.61899], [-95.43111, 29.61953], [-95.43248, 29.61892], [-95.43671, 29.61888], [-95.43803, 29.61918], [-95.44045, 29.62043], [-95.44194, 29.62051], [-95.44597, 29.61878]]]}, "properties": {"GEOID": "48201330600", "under5_pop": 643, "licensed_capacity": 196, "children_per_slot": 3.28, "childcare_desert": 1, "pct_zero_car": 0.0363}}, {"type": "Feature", "geometry": {"type": "Polygon", "coordinates": [[[-95.46472, 29.60579], [-95.46447, 29.60312], [-95.46459, 29.60067], [-95.46505, 29.5996], [-95.46014, 29.59743], [-95.45642, 29.5959], [-95.44699, 29.59171], [-95.43725, 29.58691], [-95.43505, 29.58573], [-95.43096, 29.5838], [-95.43068, 29.5858], [-95.42969, 29.58803], [-95.42826, 29.59175], [-95.42751, 29.59447], [-95.42558, 29.59923], [-95.42387, 29.60271], [-95.42241, 29.60635], [-95.44595, 29.6061], [-95.46472, 29.60579]]]}, "properties": {"GEOID": "48201330700", "under5_pop": 483, "licensed_capacity": 12, "children_per_slot": 40.25, "childcare_desert": 1, "pct_zero_car": 0.0527}}, {"type": "Feature", "geometry": {"type": "Polygon", "coordinates": [[[-95.49847, 29.96116], [-95.49833, 29.95687], [-95.4953, 29.95695], [-95.49432, 29.95724], [-95.49178, 29.95865], [-95.4911, 29.95762], [-95.4913, 29.95606], [-95.49259, 29.9542], [-95.49001, 29.95299], [-95.48509, 29.95311], [-95.48537, 29.96359], [-95.48469, 29.96407], [-95.4805, 29.96432], [-95.48435, 29.96936], [-95.48445, 29.96925], [-95.49285, 29.96463], [-95.49516, 29.9627], [-95.49626, 29.962], [-95.49847, 29.96116]]]}, "properties": {"GEOID": "48201550902", "under5_pop": 478, "licensed_capacity": 60, "children_per_slot": 7.97, "childcare_desert": 1, "pct_zero_car": 0.0584}}, {"type": "Feature", "geometry": {"type": "Polygon", "coordinates": [[[-95.54591, 29.76518], [-95.54624, 29.76431], [-95.54594, 29.76261], [-95.54591, 29.76082], [-95.54641, 29.75998], [-95.54608, 29.75888], [-95.54486, 29.75866], [-95.54485, 29.75903], [-95.54226, 29.75892], [-95.52967, 29.75909], [-95.52962, 29.75403], [-95.52655, 29.754], [-95.52596, 29.7534], [-95.52592, 29.75113], [-95.52274, 29.75108], [-95.5228, 29.75477], [-95.52225, 29.76312], [-95.52222, 29.76449], [-95.52244, 29.77333], [-95.52328, 29.77332], [-95.52342, 29.77403], [-95.52412, 29.77403], [-95.52442, 29.77693], [-95.52667, 29.77691], [-95.52663, 29.77326], [-95.53156, 29.77323], [-95.53757, 29.77315], [-95.53758, 29.77576], [-95.54023, 29.77581], [-95.54021, 29.77315], [-95.5399, 29.77315], [-95.53985, 29.76536], [-95.54068, 29.76522], [-95.54436, 29.76523], [-95.54591, 29.76518]]]}, "properties": {"GEOID": "48201430600", "under5_pop": 95, "licensed_capacity": 360, "children_per_slot": 0.26, "childcare_desert": 0, "pct_zero_car": 0.0}}, {"type": "Feature", "geometry": {"type": "Polygon", "coordinates": [[[-95.54398, 29.78474], [-95.54405, 29.78212], [-95.54449, 29.77984], [-95.54436, 29.76523], [-95.54068, 29.76522], [-95.53985, 29.76536], [-95.5399, 29.77315], [-95.54021, 29.77315], [-95.54023, 29.77581], [-95.53758, 29.77576], [-95.53757, 29.77315], [-95.53156, 29.77323], [-95.53178, 29.78381], [-95.53178, 29.78474], [-95.54398, 29.78474]]]}, "properties": {"GEOID": "48201430700", "under5_pop": 204, "licensed_capacity": 205, "children_per_slot": 1, "childcare_desert": 0, "pct_zero_car": 0.0799}}, {"type": "Feature", "geometry": {"type": "Polygon", "coordinates": [[[-95.56319, 29.78481], [-95.56288, 29.77277], [-95.56009, 29.77257], [-95.5587, 29.7717], [-95.55788, 29.76983], [-95.55785, 29.76791], [-95.55757, 29.7671], [-95.55614, 29.7662], [-95.54831, 29.7663], [-95.54708, 29.76597], [-95.54591, 29.76518], [-95.54436, 29.76523], [-95.54449, 29.77984], [-95.54405, 29.78212], [-95.54398, 29.78474], [-95.55358, 29.78465], [-95.56319, 29.78481]]]}, "properties": {"GEOID": "48201430800", "under5_pop": 568, "licensed_capacity": 553, "children_per_slot": 1.03, "childcare_desert": 0, "pct_zero_car": 0.0044}}, {"type": "Feature", "geometry": {"type": "Polygon", "coordinates": [[[-95.56288, 29.77277], [-95.56283, 29.77064], [-95.56251, 29.76861], [-95.56173, 29.76697], [-95.55932, 29.76414], [-95.55834, 29.76221], [-95.55662, 29.76247], [-95.55593, 29.76227], [-95.55558, 29.76126], [-95.5544, 29.76068], [-95.5547, 29.75931], [-95.55287, 29.75963], [-95.55266, 29.76067], [-95.55128, 29.76077], [-95.55039, 29.76035], [-95.54891, 29.75912], [-95.54784, 29.75912], [-95.5483, 29.75738], [-95.54689, 29.75662], [-95.54528, 29.75527], [-95.54513, 29.75461], [-95.54585, 29.75356], [-95.54559, 29.75299], [-95.5445, 29.75318], [-95.54256, 29.7531], [-95.54171, 29.75165], [-95.53976, 29.75191], [-95.5387, 29.75262], [-95.53742, 29.7514], [-95.5358, 29.75123], [-95.53371, 29.74957], [-95.53197, 29.75029], [-95.53098, 29.74943], [-95.53208, 29.74839], [-95.53139, 29.74721], [-95.52918, 29.74579], [-95.52841, 29.74607], [-95.52795, 29.74645], [-95.52616, 29.74676], [-95.52571, 29.74819], [-95.52592, 29.75113], [-95.52596, 29.7534], [-95.52655, 29.754], [-95.52962, 29.75403], [-95.52967, 29.75909], [-95.54226, 29.75892], [-95.54485, 29.75903], [-95.54486, 29.75866], [-95.54608, 29.75888], [-95.54641, 29.75998], [-95.54591, 29.76082], [-95.54594, 29.76261], [-95.54624, 29.76431], [-95.54591, 29.76518], [-95.54708, 29.76597], [-95.54831, 29.7663], [-95.55614, 29.7662], [-95.55757, 29.7671], [-95.55785, 29.76791], [-95.55788, 29.76983], [-95.5587, 29.7717], [-95.56009, 29.77257], [-95.56288, 29.77277]]]}, "properties": {"GEOID": "48201430900", "under5_pop": 124, "licensed_capacity": 0, "children_per_slot": null, "childcare_desert": 1, "pct_zero_car": 0.0191}}, {"type": "Feature", "geometry": {"type": "Polygon", "coordinates": [[[-95.0491, 29.84173], [-95.05769, 29.84166], [-95.05789, 29.83523], [-95.05759, 29.83282], [-95.05743, 29.82491], [-95.05699, 29.81092], [-95.0559, 29.8043], [-95.05597, 29.80043], [-95.05526, 29.79626], [-95.05661, 29.79266], [-95.05736, 29.79102], [-95.05491, 29.79048], [-95.05175, 29.79059], [-95.04944, 29.79108], [-95.03188, 29.79762], [-95.03207, 29.80726], [-95.03227, 29.80821], [-95.03535, 29.8193], [-95.03631, 29.82337], [-95.0344, 29.8235], [-95.03491, 29.82734], [-95.03902, 29.82744], [-95.04286, 29.8274], [-95.04302, 29.82897], [-95.04338, 29.82918], [-95.04351, 29.83104], [-95.04446, 29.8312], [-95.04452, 29.83475], [-95.04769, 29.83482], [-95.04782, 29.83651], [-95.04877, 29.83685], [-95.04886, 29.8402], [-95.0491, 29.84173]]]}, "properties": {"GEOID": "48201252902", "under5_pop": 330, "licensed_capacity": 68, "children_per_slot": 4.85, "childcare_desert": 1, "pct_zero_car": 0.0601}}, {"type": "Feature", "geometry": {"type": "Polygon", "coordinates": [[[-95.47844, 29.9834], [-95.48267, 29.98113], [-95.48412, 29.98095], [-95.48545, 29.98148], [-95.485, 29.98256], [-95.48978, 29.98399], [-95.49176, 29.9791], [-95.48435, 29.96936], [-95.4805, 29.96432], [-95.4711, 29.96457], [-95.47132, 29.97407], [-95.471, 29.97437], [-95.47214, 29.97656], [-95.47367, 29.97791], [-95.47579, 29.97968], [-95.47844, 29.9834]]]}, "properties": {"GEOID": "48201551102", "under5_pop": 319, "licensed_capacity": 204, "children_per_slot": 1.56, "childcare_desert": 0, "pct_zero_car": 0.0389}}, {"type": "Feature", "geometry": {"type": "Polygon", "coordinates": [[[-95.4562, 29.77323], [-95.45613, 29.76842], [-95.4558, 29.76336], [-95.45572, 29.75996], [-95.45506, 29.75989], [-95.45266, 29.75858], [-95.45284, 29.75729], [-95.45152, 29.75706], [-95.45075, 29.75647], [-95.4484, 29.7561], [-95.4465, 29.7551], [-95.44628, 29.75424], [-95.44339, 29.75398], [-95.44265, 29.75359], [-95.4415, 29.75405], [-95.44115, 29.75522], [-95.43935, 29.75713], [-95.43802, 29.75713], [-95.43821, 29.75778], [-95.4392, 29.75878], [-95.43838, 29.75959], [-95.43552, 29.75798], [-95.43375, 29.75766], [-95.43324, 29.75815], [-95.4332, 29.75968], [-95.43192, 29.75967], [-95.43108, 29.75877], [-95.42995, 29.75827], [-95.4285, 29.75892], [-95.42869, 29.7598], [-95.4294, 29.76006], [-95.42832, 29.76054], [-95.42776, 29.7619], [-95.42716, 29.76249], [-95.42731, 29.76351], [-95.42579, 29.76354], [-95.4246, 29.76296], [-95.42363, 29.76198], [-95.42268, 29.7615], [-95.42226, 29.76343], [-95.42245, 29.76501], [-95.4221, 29.76571], [-95.42098, 29.76586], [-95.42102, 29.77013], [-95.42115, 29.77096], [-95.42294, 29.77116], [-95.42419, 29.77241], [-95.4273, 29.77599], [-95.42916, 29.77765], [-95.43822, 29.77867], [-95.44128, 29.77909], [-95.44302, 29.77915], [-95.44975, 29.77916], [-95.45232, 29.77994], [-95.45387, 29.78094], [-95.45508, 29.77938], [-95.45569, 29.77787], [-95.4562, 29.77323]]]}, "properties": {"GEOID": "48201510802", "under5_pop": 116, "licensed_capacity": 52, "children_per_slot": 2.23, "childcare_desert": 0, "pct_zero_car": 0.0384}}, {"type": "Feature", "geometry": {"type": "Polygon", "coordinates": [[[-95.44718, 30.00977], [-95.44242, 30.00311], [-95.4399, 29.99983], [-95.43751, 29.99681], [-95.43608, 29.99584], [-95.43318, 29.99714], [-95.43202, 29.9973], [-95.42896, 29.99733], [-95.42561, 29.99764], [-95.42716, 30.00593], [-95.43013, 30.00563], [-95.4303, 30.00635], [-95.43107, 30.0062], [-95.4315, 30.00752], [-95.4329, 30.0096], [-95.43711, 30.01525], [-95.44718, 30.00977]]]}, "properties": {"GEOID": "48201550305", "under5_pop": 419, "licensed_capacity": 420, "children_per_slot": 1, "childcare_desert": 0, "pct_zero_car": 0.097}}, {"type": "Feature", "geometry": {"type": "Polygon", "coordinates": [[[-95.5903, 29.96702], [-95.59084, 29.96639], [-95.59447, 29.96328], [-95.59289, 29.96194], [-95.59425, 29.96088], [-95.59258, 29.9595], [-95.59227, 29.95893], [-95.59218, 29.95249], [-95.58487, 29.95255], [-95.58505, 29.96126], [-95.5852, 29.96683], [-95.5903, 29.96702]]]}, "properties": {"GEOID": "48201552303", "under5_pop": 127, "licensed_capacity": 516, "children_per_slot": 0.25, "childcare_desert": 0, "pct_zero_car": 0.31}}, {"type": "Feature", "geometry": {"type": "Polygon", "coordinates": [[[-95.44684, 29.67947], [-95.44657, 29.66878], [-95.44652, 29.6645], [-95.44638, 29.65801], [-95.4467, 29.65637], [-95.4466, 29.6539], [-95.44378, 29.65476], [-95.44284, 29.65533], [-95.44228, 29.65615], [-95.44178, 29.65951], [-95.44148, 29.66019], [-95.4397, 29.66247], [-95.43977, 29.66558], [-95.43995, 29.67951], [-95.44684, 29.67947]]]}, "properties": {"GEOID": "48201420200", "under5_pop": 172, "licensed_capacity": 153, "children_per_slot": 1.12, "childcare_desert": 0, "pct_zero_car": 0.0294}}, {"type": "Feature", "geometry": {"type": "Polygon", "coordinates": [[[-95.43519, 29.97269], [-95.4324, 29.97018], [-95.43449, 29.96853], [-95.44617, 29.96849], [-95.44617, 29.96791], [-95.44757, 29.96787], [-95.44752, 29.96514], [-95.43657, 29.96542], [-95.43369, 29.96556], [-95.43145, 29.96526], [-95.42951, 29.9653], [-95.42622, 29.96535], [-95.42291, 29.96598], [-95.42316, 29.96794], [-95.42406, 29.96956], [-95.42491, 29.97044], [-95.42815, 29.97304], [-95.43727, 29.98103], [-95.43805, 29.97953], [-95.43829, 29.97821], [-95.43801, 29.97606], [-95.43697, 29.97432], [-95.43519, 29.97269]]]}, "properties": {"GEOID": "48201550403", "under5_pop": 450, "licensed_capacity": 0, "children_per_slot": null, "childcare_desert": 1, "pct_zero_car": 0.0617}}, {"type": "Feature", "geometry": {"type": "Polygon", "coordinates": [[[-95.71889, 29.78992], [-95.71893, 29.78518], [-95.71406, 29.78524], [-95.69886, 29.78523], [-95.69095, 29.78503], [-95.68835, 29.78504], [-95.68842, 29.79094], [-95.68826, 29.79094], [-95.68833, 29.80033], [-95.70397, 29.80031], [-95.70422, 29.79775], [-95.70576, 29.79275], [-95.70615, 29.79031], [-95.70907, 29.79118], [-95.71072, 29.79141], [-95.71303, 29.79136], [-95.71693, 29.79002], [-95.71889, 29.78992]]]}, "properties": {"GEOID": "48201541802", "under5_pop": 215, "licensed_capacity": 85, "children_per_slot": 2.53, "childcare_desert": 0, "pct_zero_car": 0.0203}}, {"type": "Feature", "geometry": {"type": "Polygon", "coordinates": [[[-95.39737, 29.76657], [-95.39883, 29.76424], [-95.39902, 29.76353], [-95.39842, 29.76186], [-95.39602, 29.76281], [-95.39468, 29.76293], [-95.39228, 29.76253], [-95.39223, 29.76754], [-95.39182, 29.76896], [-95.38274, 29.76831], [-95.38245, 29.76698], [-95.38154, 29.7662], [-95.38135, 29.76554], [-95.37559, 29.76549], [-95.37561, 29.76833], [-95.37723, 29.76855], [-95.37721, 29.77001], [-95.37583, 29.77001], [-95.37593, 29.77729], [-95.37243, 29.77728], [-95.37246, 29.77836], [-95.3755, 29.77917], [-95.37725, 29.77915], [-95.37878, 29.77879], [-95.38113, 29.77793], [-95.38439, 29.77714], [-95.38845, 29.77687], [-95.39744, 29.77667], [-95.39727, 29.76956], [-95.39711, 29.76733], [-95.39737, 29.76657]]]}, "properties": {"GEOID": "48201510202", "under5_pop": 234, "licensed_capacity": 0, "children_per_slot": null, "childcare_desert": 1, "pct_zero_car": 0.0577}}, {"type": "Feature", "geometry": {"type": "Polygon", "coordinates": [[[-95.35849, 29.74976], [-95.3564, 29.74851], [-95.35462, 29.75074], [-95.35377, 29.75022], [-95.35317, 29.75097], [-95.34378, 29.74529], [-95.3427, 29.74372], [-95.34207, 29.74189], [-95.33946, 29.74516], [-95.33418, 29.75185], [-95.33011, 29.75713], [-95.33079, 29.75751], [-95.32887, 29.75984], [-95.33047, 29.75951], [-95.33193, 29.75851], [-95.3331, 29.75861], [-95.33346, 29.75929], [-95.33338, 29.76087], [-95.33453, 29.76005], [-95.33509, 29.759], [-95.33801, 29.75507], [-95.33939, 29.75542], [-95.34138, 29.75289], [-95.34868, 29.75726], [-95.35127, 29.75875], [-95.35781, 29.75051], [-95.35849, 29.74976]]]}, "properties": {"GEOID": "48201310101", "under5_pop": 121, "licensed_capacity": 140, "children_per_slot": 0.86, "childcare_desert": 0, "pct_zero_car": 0.0488}}, {"type": "Feature", "geometry": {"type": "Polygon", "coordinates": [[[-95.38745, 29.78097], [-95.38706, 29.77906], [-95.38733, 29.77818], [-95.38845, 29.77687], [-95.38439, 29.77714], [-95.38113, 29.77793], [-95.37878, 29.77879], [-95.37725, 29.77915], [-95.3755, 29.77917], [-95.37246, 29.77836], [-95.37011, 29.77753], [-95.36931, 29.77699], [-95.36905, 29.77932], [-95.36858, 29.78097], [-95.36858, 29.7826], [-95.36929, 29.78482], [-95.3713, 29.78776], [-95.37189, 29.79], [-95.37275, 29.79064], [-95.37419, 29.79063], [-95.37418, 29.79013], [-95.37563, 29.79005], [-95.37562, 29.7889], [-95.37498, 29.78891], [-95.37497, 29.78815], [-95.37642, 29.78814], [-95.3764, 29.78461], [-95.38201, 29.78441], [-95.38202, 29.7841], [-95.38426, 29.78408], [-95.38422, 29.78073], [-95.38745, 29.78097]]]}, "properties": {"GEOID": "48201510301", "under5_pop": 251, "licensed_capacity": 192, "children_per_slot": 1.31, "childcare_desert": 0, "pct_zero_car": 0.0}}, {"type": "Feature", "geometry": {"type": "Polygon", "coordinates": [[[-95.6716, 29.9783], [-95.67596, 29.97645], [-95.67748, 29.97595], [-95.68723, 29.97345], [-95.68719, 29.96737], [-95.68699, 29.96425], [-95.68788, 29.9629], [-95.67834, 29.95633], [-95.67767, 29.95783], [-95.67777, 29.95971], [-95.6762, 29.9613], [-95.67495, 29.96116], [-95.67393, 29.9624], [-95.67305, 29.96266], [-95.67339, 29.96529], [-95.6694, 29.96534], [-95.66756, 29.9651], [-95.66504, 29.96433], [-95.66391, 29.96427], [-95.65659, 29.96429], [-95.6566, 29.96549], [-95.65702, 29.96703], [-95.65964, 29.97059], [-95.66081, 29.97144], [-95.65916, 29.97364], [-95.65767, 29.97427], [-95.65441, 29.97427], [-95.65202, 29.97474], [-95.65314, 29.979], [-95.65449, 29.98575], [-95.65616, 29.98523], [-95.65935, 29.98315], [-95.6716, 29.9783]]]}, "properties": {"GEOID": "48201554409", "under5_pop": 217, "licensed_capacity": 53, "children_per_slot": 4.09, "childcare_desert": 1, "pct_zero_car": 0.0246}}, {"type": "Feature", "geometry": {"type": "Polygon", "coordinates": [[[-95.16209, 29.99863], [-95.16166, 29.99705], [-95.16167, 29.99503], [-95.16138, 29.98554], [-95.16154, 29.984], [-95.16203, 29.98276], [-95.16295, 29.98151], [-95.16474, 29.98017], [-95.16403, 29.97953], [-95.16287, 29.97936], [-95.16191, 29.97964], [-95.15972, 29.97961], [-95.1579, 29.97889], [-95.15643, 29.98023], [-95.15352, 29.98208], [-95.15125, 29.98297], [-95.14814, 29.98363], [-95.14125, 29.98419], [-95.13785, 29.98482], [-95.13544, 29.98583], [-95.13154, 29.98767], [-95.13173, 29.9885], [-95.13732, 29.99159], [-95.14389, 29.99093], [-95.14607, 29.99036], [-95.14806, 29.98949], [-95.14892, 29.98964], [-95.15129, 29.99176], [-95.15246, 29.99403], [-95.15044, 29.9967], [-95.1507, 29.99784], [-95.14979, 29.99782], [-95.14956, 29.99895], [-95.15001, 29.99972], [-95.15272, 30.00135], [-95.15361, 30.00309], [-95.15951, 29.99956], [-95.16209, 29.99863]]]}, "properties": {"GEOID": "48201250404", "under5_pop": 450, "licensed_capacity": 435, "children_per_slot": 1.03, "childcare_desert": 0, "pct_zero_car": 0.0}}, {"type": "Feature", "geometry": {"type": "Polygon", "coordinates": [[[-95.58456, 29.90997], [-95.5845, 29.89769], [-95.58329, 29.89753], [-95.58006, 29.89569], [-95.57785, 29.89542], [-95.56774, 29.89557], [-95.56807, 29.8962], [-95.56761, 29.89837], [-95.57013, 29.89947], [-95.57073, 29.90187], [-95.57018, 29.90587], [-95.57018, 29.90786], [-95.57055, 29.90914], [-95.5718, 29.90882], [-95.57371, 29.90874], [-95.58116, 29.90989], [-95.58456, 29.90997]]]}, "properties": {"GEOID": "48201551704", "under5_pop": 124, "licensed_capacity": 467, "children_per_slot": 0.27, "childcare_desert": 0, "pct_zero_car": 0.0112}}, {"type": "Feature", "geometry": {"type": "Polygon", "coordinates": [[[-95.58625, 29.90996], [-95.58808, 29.90972], [-95.59002, 29.90884], [-95.59095, 29.90808], [-95.59462, 29.90421], [-95.59636, 29.90292], [-95.59772, 29.90228], [-95.59959, 29.90066], [-95.58867, 29.89294], [-95.58497, 29.89038], [-95.5844, 29.89106], [-95.5844, 29.89558], [-95.5845, 29.89769], [-95.58512, 29.89772], [-95.58736, 29.89864], [-95.58885, 29.89879], [-95.58807, 29.89972], [-95.58761, 29.90091], [-95.58758, 29.90344], [-95.58803, 29.90515], [-95.58878, 29.90613], [-95.58654, 29.90746], [-95.58626, 29.90813], [-95.58625, 29.90996]]]}, "properties": {"GEOID": "48201551902", "under5_pop": 265, "licensed_capacity": 0, "children_per_slot": null, "childcare_desert": 1, "pct_zero_car": 0.0486}}, {"type": "Feature", "geometry": {"type": "Polygon", "coordinates": [[[-95.49307, 30.03791], [-95.48987, 30.0335], [-95.48968, 30.03181], [-95.48504, 30.02542], [-95.48646, 30.02513], [-95.49078, 30.02326], [-95.49207, 30.02253], [-95.49397, 30.02111], [-95.49639, 30.02008], [-95.49587, 30.01889], [-95.49509, 30.01607], [-95.49361, 30.01583], [-95.49253, 30.01506], [-95.49114, 30.01656], [-95.49108, 30.01772], [-95.49032, 30.01993], [-95.48844, 30.02033], [-95.48786, 30.02178], [-95.48716, 30.02207], [-95.48579, 30.02447], [-95.48494, 30.02433], [-95.48413, 30.02335], [-95.48471, 30.02191], [-95.48463, 30.02091], [-95.48371, 30.02015], [-95.48004, 30.01991], [-95.47908, 30.02098], [-95.47886, 30.02176], [-95.47781, 30.02231], [-95.47729, 30.02397], [-95.47637, 30.02437], [-95.47757, 30.0264], [-95.47908, 30.02841], [-95.48131, 30.0305], [-95.48856, 30.04039], [-95.49307, 30.03791]]]}, "properties": {"GEOID": "48201553602", "under5_pop": 176, "licensed_capacity": 1124, "children_per_slot": 0.16, "childcare_desert": 0, "pct_zero_car": 0.0678}}, {"type": "Feature", "geometry": {"type": "Polygon", "coordinates": [[[-95.55737, 30.0304], [-95.55657, 30.02903], [-95.55121, 30.02178], [-95.5498, 30.01951], [-95.5487, 30.01803], [-95.54736, 30.01848], [-95.54448, 30.01531], [-95.54244, 30.01438], [-95.54065, 30.01315], [-95.54084, 30.0116], [-95.53847, 30.01288], [-95.53238, 30.01625], [-95.53692, 30.02246], [-95.53901, 30.02228], [-95.54432, 30.02948], [-95.55042, 30.0261], [-95.55258, 30.02904], [-95.55413, 30.03198], [-95.55535, 30.03309], [-95.55737, 30.0304]]]}, "properties": {"GEOID": "48201556100", "under5_pop": 225, "licensed_capacity": 206, "children_per_slot": 1.09, "childcare_desert": 0, "pct_zero_car": 0.0095}}, {"type": "Feature", "geometry": {"type": "Polygon", "coordinates": [[[-95.38789, 30.05012], [-95.39006, 30.04944], [-95.39246, 30.0481], [-95.392, 30.0472], [-95.39285, 30.04692], [-95.39229, 30.04454], [-95.39456, 30.04442], [-95.3963, 30.04479], [-95.39983, 30.04509], [-95.40259, 30.04374], [-95.40011, 30.04022], [-95.39697, 30.03597], [-95.39525, 30.03574], [-95.39411, 30.0363], [-95.39283, 30.03617], [-95.39073, 30.03687], [-95.38884, 30.03647], [-95.38706, 30.03737], [-95.38451, 30.03822], [-95.38309, 30.03993], [-95.38241, 30.04036], [-95.38304, 30.04203], [-95.38789, 30.05012]]]}, "properties": {"GEOID": "48201241201", "under5_pop": 110, "licensed_capacity": 85, "children_per_slot": 1.29, "childcare_desert": 0, "pct_zero_car": 0.0}}, {"type": "Feature", "geometry": {"type": "Polygon", "coordinates": [[[-95.35496, 30.04054], [-95.35808, 30.04478], [-95.36, 30.04565], [-95.36104, 30.04539], [-95.36706, 30.05328], [-95.36908, 30.05224], [-95.37108, 30.05184], [-95.37166, 30.05121], [-95.37453, 30.04966], [-95.3704, 30.04342], [-95.37195, 30.04256], [-95.37011, 30.04052], [-95.36786, 30.03905], [-95.36689, 30.03777], [-95.36685, 30.03615], [-95.36578, 30.03464], [-95.35496, 30.04054]]]}, "properties": {"GEOID": "48201241105", "under5_pop": 485, "licensed_capacity": 130, "children_per_slot": 3.73, "childcare_desert": 1, "pct_zero_car": 0.024}}, {"type": "Feature", "geometry": {"type": "Polygon", "coordinates": [[[-95.64563, 29.83599], [-95.64564, 29.8306], [-95.6455, 29.81945], [-95.64553, 29.81482], [-95.64519, 29.81064], [-95.64503, 29.80015], [-95.64506, 29.79784], [-95.64487, 29.79077], [-95.64479, 29.78504], [-95.63887, 29.78518], [-95.63049, 29.78513], [-95.62758, 29.78502], [-95.62377, 29.78506], [-95.6065, 29.78496], [-95.59029, 29.78492], [-95.58101, 29.78489], [-95.58113, 29.79875], [-95.58176, 29.79877], [-95.57737, 29.80585], [-95.57654, 29.80774], [-95.57614, 29.80976], [-95.57606, 29.81308], [-95.57585, 29.83179], [-95.59675, 29.83152], [-95.60107, 29.83262], [-95.60484, 29.83374], [-95.61166, 29.83582], [-95.61365, 29.83605], [-95.6188, 29.83596], [-95.62561, 29.83598], [-95.63012, 29.83595], [-95.64048, 29.83601], [-95.64563, 29.83599]]]}, "properties": {"GEOID": "48201543202", "under5_pop": 330, "licensed_capacity": 494, "children_per_slot": 0.67, "childcare_desert": 0, "pct_zero_car": 0.0465}}, {"type": "Feature", "geometry": {"type": "Polygon", "coordinates": [[[-95.75224, 29.83169], [-95.74949, 29.82912], [-95.74956, 29.8269], [-95.75015, 29.826], [-95.74923, 29.82498], [-95.74865, 29.82321], [-95.7471, 29.82278], [-95.74618, 29.82209], [-95.74523, 29.82048], [-95.74297, 29.81892], [-95.74107, 29.81706], [-95.73797, 29.81687], [-95.73392, 29.81523], [-95.7335, 29.81742], [-95.73278, 29.81808], [-95.73161, 29.81811], [-95.73108, 29.8187], [-95.73096, 29.82539], [-95.73029, 29.82654], [-95.7302, 29.82886], [-95.73127, 29.83031], [-95.73133, 29.83122], [-95.73763, 29.83126], [-95.74042, 29.83182], [-95.75224, 29.83169]]]}, "properties": {"GEOID": "48201542305", "under5_pop": 271, "licensed_capacity": 36, "children_per_slot": 7.53, "childcare_desert": 1, "pct_zero_car": 0.0}}, {"type": "Feature", "geometry": {"type": "Polygon", "coordinates": [[[-95.18421, 30.05002], [-95.18251, 30.04702], [-95.18124, 30.04551], [-95.17711, 30.0415], [-95.17663, 30.04079], [-95.17464, 30.03686], [-95.17414, 30.03513], [-95.17443, 30.0325], [-95.17653, 30.02732], [-95.17427, 30.02892], [-95.16826, 30.03053], [-95.16584, 30.03152], [-95.1562, 30.03661], [-95.15398, 30.03496], [-95.15494, 30.04085], [-95.1557, 30.04249], [-95.15705, 30.04344], [-95.15741, 30.04496], [-95.15926, 30.04683], [-95.15977, 30.04684], [-95.16073, 30.04793], [-95.16186, 30.048], [-95.1621, 30.04855], [-95.16059, 30.05327], [-95.16091, 30.05432], [-95.1622, 30.05385], [-95.16419, 30.05355], [-95.168, 30.05355], [-95.17067, 30.05289], [-95.17483, 30.05106], [-95.17777, 30.0507], [-95.17976, 30.05095], [-95.18227, 30.05073], [-95.18421, 30.05002]]]}, "properties": {"GEOID": "48201250901", "under5_pop": 144, "licensed_capacity": 130, "children_per_slot": 1.11, "childcare_desert": 0, "pct_zero_car": 0.0583}}, {"type": "Feature", "geometry": {"type": "Polygon", "coordinates": [[[-95.58471, 29.92462], [-95.58462, 29.91548], [-95.58456, 29.90997], [-95.58116, 29.90989], [-95.57371, 29.90874], [-95.5718, 29.90882], [-95.57055, 29.90914], [-95.57186, 29.91104], [-95.57089, 29.91535], [-95.57126, 29.9174], [-95.57094, 29.92261], [-95.57041, 29.92297], [-95.56853, 29.92322], [-95.56844, 29.9249], [-95.56739, 29.92755], [-95.57028, 29.9274], [-95.57149, 29.92697], [-95.57357, 29.92556], [-95.57511, 29.9248], [-95.577, 29.92444], [-95.57922, 29.92443], [-95.58163, 29.92465], [-95.58471, 29.92462]]]}, "properties": {"GEOID": "48201551705", "under5_pop": 295, "licensed_capacity": 196, "children_per_slot": 1.51, "childcare_desert": 0, "pct_zero_car": 0.0}}, {"type": "Feature", "geometry": {"type": "Polygon", "coordinates": [[[-95.59866, 29.97358], [-95.60007, 29.97349], [-95.60206, 29.97267], [-95.60325, 29.97189], [-95.60361, 29.9711], [-95.6029, 29.97035], [-95.60415, 29.9697], [-95.60562, 29.96758], [-95.60697, 29.96593], [-95.60527, 29.96381], [-95.60471, 29.96284], [-95.60323, 29.95927], [-95.60314, 29.95753], [-95.60357, 29.956], [-95.6044, 29.95449], [-95.60484, 29.95234], [-95.59218, 29.95249], [-95.59227, 29.95893], [-95.59258, 29.9595], [-95.59425, 29.96088], [-95.59289, 29.96194], [-95.59447, 29.96328], [-95.59084, 29.96639], [-95.5903, 29.96702], [-95.59118, 29.96723], [-95.59866, 29.97358]]]}, "properties": {"GEOID": "48201552304", "under5_pop": 451, "licensed_capacity": 0, "children_per_slot": null, "childcare_desert": 1, "pct_zero_car": 0.0384}}, {"type": "Feature", "geometry": {"type": "Polygon", "coordinates": [[[-95.42561, 29.99764], [-95.42896, 29.99733], [-95.43202, 29.9973], [-95.43318, 29.99714], [-95.43608, 29.99584], [-95.43363, 29.99437], [-95.43235, 29.99322], [-95.43139, 29.99151], [-95.43115, 29.9903], [-95.43144, 29.98828], [-95.43222, 29.98688], [-95.43423, 29.98455], [-95.43137, 29.98266], [-95.4299, 29.98197], [-95.42833, 29.98164], [-95.42547, 29.98162], [-95.42277, 29.98196], [-95.42364, 29.98652], [-95.42464, 29.99252], [-95.42561, 29.99764]]]}, "properties": {"GEOID": "48201550308", "under5_pop": 260, "licensed_capacity": 339, "children_per_slot": 0.77, "childcare_desert": 0, "pct_zero_car": 0.0997}}, {"type": "Feature", "geometry": {"type": "Polygon", "coordinates": [[[-95.14279, 29.81545], [-95.14246, 29.81107], [-95.14207, 29.79881], [-95.14192, 29.7964], [-95.14049, 29.79253], [-95.14028, 29.78897], [-95.12631, 29.78915], [-95.12464, 29.78902], [-95.12397, 29.80128], [-95.124, 29.80199], [-95.12555, 29.81177], [-95.12716, 29.82051], [-95.1294, 29.81999], [-95.13431, 29.81843], [-95.14279, 29.81545]]]}, "properties": {"GEOID": "48201252306", "under5_pop": 869, "licensed_capacity": 341, "children_per_slot": 2.55, "childcare_desert": 0, "pct_zero_car": 0.0249}}, {"type": "Feature", "geometry": {"type": "Polygon", "coordinates": [[[-95.56317, 30.00975], [-95.56345, 30.00974], [-95.56457, 30.01167], [-95.57587, 30.01153], [-95.5775, 30.01113], [-95.57655, 30.01038], [-95.57413, 30.00617], [-95.57349, 30.00313], [-95.57277, 30.00217], [-95.57156, 30.00127], [-95.5697, 30.00082], [-95.56934, 29.99935], [-95.56799, 29.99879], [-95.56745, 29.99614], [-95.56845, 29.99357], [-95.56796, 29.99245], [-95.56706, 29.99203], [-95.56558, 29.99062], [-95.56388, 29.98941], [-95.56255, 29.99007], [-95.56053, 29.99032], [-95.55853, 29.99081], [-95.55837, 29.99163], [-95.5558, 29.9918], [-95.55563, 29.99311], [-95.55362, 29.99226], [-95.55353, 29.99268], [-95.5587, 30.00182], [-95.56317, 30.00975]]]}, "properties": {"GEOID": "48201554201", "under5_pop": 698, "licensed_capacity": 149, "children_per_slot": 4.68, "childcare_desert": 1, "pct_zero_car": 0.038}}, {"type": "Feature", "geometry": {"type": "Polygon", "coordinates": [[[-95.58289, 29.93413], [-95.58229, 29.9336], [-95.56452, 29.93369], [-95.56445, 29.94281], [-95.56141, 29.94279], [-95.5614, 29.94392], [-95.54743, 29.94399], [-95.54744, 29.94763], [-95.54782, 29.94875], [-95.54686, 29.949], [-95.54222, 29.94909], [-95.54147, 29.94945], [-95.53716, 29.9503], [-95.5365, 29.95064], [-95.53338, 29.95071], [-95.5365, 29.95297], [-95.53901, 29.95457], [-95.54341, 29.95794], [-95.54705, 29.96121], [-95.55363, 29.95552], [-95.55882, 29.95085], [-95.56404, 29.94625], [-95.56583, 29.94462], [-95.56774, 29.94328], [-95.5798, 29.93595], [-95.58289, 29.93413]]]}, "properties": {"GEOID": "48201551501", "under5_pop": 189, "licensed_capacity": 246, "children_per_slot": 0.77, "childcare_desert": 0, "pct_zero_car": 0.0283}}, {"type": "Feature", "geometry": {"type": "Polygon", "coordinates": [[[-95.26824, 30.00502], [-95.27028, 30.00033], [-95.27122, 29.99746], [-95.27459, 29.98901], [-95.27716, 29.9824], [-95.27392, 29.9811], [-95.27208, 29.9808], [-95.26981, 29.98089], [-95.26093, 29.97931], [-95.25825, 29.98999], [-95.25821, 29.99277], [-95.25736, 29.99558], [-95.2574, 29.99916], [-95.24525, 29.99922], [-95.24449, 29.99963], [-95.24696, 30.00076], [-95.25201, 30.0038], [-95.25328, 30.00442], [-95.25558, 30.00502], [-95.25687, 30.00512], [-95.26824, 30.00502]]]}, "properties": {"GEOID": "48201250601", "under5_pop": 336, "licensed_capacity": 298, "children_per_slot": 1.13, "childcare_desert": 0, "pct_zero_car": 0.0}}, {"type": "Feature", "geometry": {"type": "Polygon", "coordinates": [[[-95.1096, 29.57238], [-95.10679, 29.5712], [-95.10477, 29.57068], [-95.10359, 29.5707], [-95.10295, 29.56964], [-95.10178, 29.56919], [-95.10389, 29.56539], [-95.10795, 29.5578], [-95.09751, 29.55357], [-95.09427, 29.5522], [-95.0936, 29.55176], [-95.09281, 29.55051], [-95.08637, 29.55252], [-95.07819, 29.55518], [-95.07635, 29.55634], [-95.07448, 29.55916], [-95.07282, 29.56197], [-95.07188, 29.56306], [-95.07216, 29.56368], [-95.07171, 29.56527], [-95.07135, 29.57138], [-95.07187, 29.5733], [-95.07118, 29.57432], [-95.07106, 29.57535], [-95.07138, 29.57688], [-95.06952, 29.57814], [-95.06906, 29.5791], [-95.06707, 29.58074], [-95.06903, 29.58254], [-95.06989, 29.58177], [-95.071, 29.58194], [-95.07132, 29.58331], [-95.07292, 29.58516], [-95.07408, 29.58529], [-95.07539, 29.58676], [-95.07667, 29.58738], [-95.07652, 29.58591], [-95.07743, 29.58572], [-95.0788, 29.58606], [-95.07979, 29.58706], [-95.08084, 29.58755], [-95.08249, 29.5876], [-95.08338, 29.5869], [-95.08465, 29.58826], [-95.08563, 29.58784], [-95.08566, 29.58599], [-95.08613, 29.58557], [-95.08711, 29.58601], [-95.08739, 29.58702], [-95.08837, 29.58739], [-95.09016, 29.58563], [-95.09043, 29.58441], [-95.08969, 29.5826], [-95.09085, 29.58089], [-95.09075, 29.5798], [-95.09123, 29.57951], [-95.09253, 29.57985], [-95.09426, 29.5789], [-95.09652, 29.57901], [-95.09782, 29.57968], [-95.10089, 29.57983], [-95.10149, 29.58012], [-95.10192, 29.58179], [-95.10241, 29.58254], [-95.10356, 29.58336], [-95.10364, 29.58343], [-95.1096, 29.57238]]]}, "properties": {"GEOID": "48201341304", "under5_pop": 112, "licensed_capacity": 152, "children_per_slot": 0.74, "childcare_desert": 0, "pct_zero_car": 0.0914}}, {"type": "Feature", "geometry": {"type": "Polygon", "coordinates": [[[-95.21871, 29.96287], [-95.21867, 29.9522], [-95.21852, 29.95115], [-95.21699, 29.95198], [-95.21635, 29.95374], [-95.21532, 29.95471], [-95.21464, 29.95592], [-95.21285, 29.95593], [-95.21139, 29.95668], [-95.21044, 29.9588], [-95.21047, 29.96044], [-95.20848, 29.96207], [-95.20668, 29.9621], [-95.20542, 29.96329], [-95.20549, 29.97192], [-95.20544, 29.97438], [-95.19828, 29.97438], [-95.1972, 29.97493], [-95.19649, 29.97636], [-95.1958, 29.97933], [-95.19799, 29.97898], [-95.20021, 29.97839], [-95.20359, 29.97794], [-95.21234, 29.97795], [-95.21227, 29.97395], [-95.21045, 29.96512], [-95.21035, 29.9633], [-95.21444, 29.96327], [-95.21811, 29.96336], [-95.21871, 29.96287]]]}, "properties": {"GEOID": "48201250306", "under5_pop": 177, "licensed_capacity": 0, "children_per_slot": null, "childcare_desert": 1, "pct_zero_car": 0.009}}, {"type": "Feature", "geometry": {"type": "Polygon", "coordinates": [[[-95.4579, 29.99995], [-95.46114, 29.99782], [-95.46059, 29.99678], [-95.46136, 29.9948], [-95.46252, 29.9937], [-95.46566, 29.99233], [-95.46616, 29.99193], [-95.46759, 29.98894], [-95.46571, 29.98749], [-95.46411, 29.98555], [-95.46258, 29.98331], [-95.46161, 29.98342], [-95.4601, 29.98422], [-95.45943, 29.98526], [-95.45829, 29.98532], [-95.45561, 29.98641], [-95.4542, 29.98648], [-95.45385, 29.98611], [-95.45258, 29.98233], [-95.44577, 29.98243], [-95.44576, 29.97402], [-95.44267, 29.97388], [-95.44046, 29.97305], [-95.43779, 29.97252], [-95.43583, 29.97241], [-95.43519, 29.97269], [-95.43697, 29.97432], [-95.43801, 29.97606], [-95.43829, 29.97821], [-95.43805, 29.97953], [-95.43727, 29.98103], [-95.44597, 29.98861], [-95.45195, 29.99366], [-95.45453, 29.99584], [-95.45609, 29.9975], [-95.4579, 29.99995]]]}, "properties": {"GEOID": "48201550406", "under5_pop": 612, "licensed_capacity": 0, "children_per_slot": null, "childcare_desert": 1, "pct_zero_car": 0.0}}, {"type": "Feature", "geometry": {"type": "Polygon", "coordinates": [[[-95.60493, 29.92181], [-95.60375, 29.91943], [-95.60361, 29.91843], [-95.60354, 29.91272], [-95.59497, 29.91279], [-95.59408, 29.91469], [-95.59212, 29.91603], [-95.58986, 29.91633], [-95.58652, 29.91546], [-95.58462, 29.91548], [-95.58471, 29.92462], [-95.5848, 29.93299], [-95.59466, 29.92698], [-95.59806, 29.92495], [-95.60493, 29.92181]]]}, "properties": {"GEOID": "48201552003", "under5_pop": 330, "licensed_capacity": 68, "children_per_slot": 4.85, "childcare_desert": 1, "pct_zero_car": 0.0929}}, {"type": "Feature", "geometry": {"type": "Polygon", "coordinates": [[[-95.18568, 29.84349], [-95.18424, 29.8413], [-95.18161, 29.83862], [-95.17877, 29.83551], [-95.17552, 29.83213], [-95.1753, 29.83223], [-95.17203, 29.83371], [-95.16875, 29.83544], [-95.16083, 29.83886], [-95.16001, 29.83666], [-95.15864, 29.83238], [-95.1589, 29.83079], [-95.158, 29.82882], [-95.15698, 29.8244], [-95.15673, 29.82206], [-95.15706, 29.82023], [-95.1594, 29.81812], [-95.16013, 29.81786], [-95.16198, 29.81624], [-95.16215, 29.81536], [-95.16182, 29.81377], [-95.15912, 29.81068], [-95.15869, 29.80995], [-95.15654, 29.81049], [-95.15183, 29.81196], [-95.14963, 29.81303], [-95.14279, 29.81545], [-95.13431, 29.81843], [-95.1294, 29.81999], [-95.12716, 29.82051], [-95.12758, 29.83644], [-95.12755, 29.83794], [-95.12799, 29.85463], [-95.12793, 29.85617], [-95.12808, 29.86569], [-95.12819, 29.86819], [-95.13644, 29.86465], [-95.1476, 29.85992], [-95.15377, 29.85715], [-95.16314, 29.85307], [-95.16645, 29.85172], [-95.17403, 29.84853], [-95.18568, 29.84349]]]}, "properties": {"GEOID": "48201252202", "under5_pop": 410, "licensed_capacity": 202, "children_per_slot": 2.03, "childcare_desert": 0, "pct_zero_car": 0.0178}}, {"type": "Feature", "geometry": {"type": "Polygon", "coordinates": [[[-95.6065, 29.78496], [-95.60631, 29.77632], [-95.60627, 29.7701], [-95.60042, 29.77019], [-95.60047, 29.7724], [-95.60028, 29.77341], [-95.59903, 29.77614], [-95.59878, 29.77735], [-95.59666, 29.77717], [-95.59471, 29.77625], [-95.59486, 29.78211], [-95.59332, 29.78214], [-95.59143, 29.78268], [-95.59025, 29.78269], [-95.59029, 29.78492], [-95.6065, 29.78496]]]}, "properties": {"GEOID": "48201450302", "under5_pop": 477, "licensed_capacity": 0, "children_per_slot": null, "childcare_desert": 1, "pct_zero_car": 0.0643}}, {"type": "Feature", "geometry": {"type": "Polygon", "coordinates": [[[-95.53338, 29.95071], [-95.5365, 29.95064], [-95.53716, 29.9503], [-95.54147, 29.94945], [-95.54222, 29.94909], [-95.54686, 29.949], [-95.54782, 29.94875], [-95.54744, 29.94763], [-95.54743, 29.94399], [-95.5614, 29.94392], [-95.56141, 29.94279], [-95.56445, 29.94281], [-95.56452, 29.93369], [-95.54865, 29.93373], [-95.54791, 29.93309], [-95.5479, 29.92835], [-95.54623, 29.92892], [-95.53814, 29.93206], [-95.52998, 29.93544], [-95.52649, 29.93636], [-95.52172, 29.93668], [-95.51532, 29.9369], [-95.51912, 29.9398], [-95.5261, 29.94493], [-95.52987, 29.94814], [-95.53338, 29.95071]]]}, "properties": {"GEOID": "48201551502", "under5_pop": 510, "licensed_capacity": 24, "children_per_slot": 21.25, "childcare_desert": 1, "pct_zero_car": 0.0224}}, {"type": "Feature", "geometry": {"type": "Polygon", "coordinates": [[[-95.30891, 30.00437], [-95.30875, 29.99425], [-95.30861, 29.99041], [-95.30857, 29.98554], [-95.30534, 29.98531], [-95.29695, 29.98359], [-95.29708, 29.98295], [-95.29593, 29.98278], [-95.29603, 29.98232], [-95.29607, 29.9755], [-95.2967, 29.97387], [-95.29799, 29.97301], [-95.29916, 29.97282], [-95.30718, 29.97282], [-95.30832, 29.97206], [-95.30823, 29.96875], [-95.30431, 29.95224], [-95.30225, 29.95217], [-95.29059, 29.95219], [-95.28543, 29.96368], [-95.28459, 29.96571], [-95.27985, 29.97635], [-95.2786, 29.97865], [-95.27716, 29.9824], [-95.27459, 29.98901], [-95.27122, 29.99746], [-95.27028, 30.00033], [-95.26824, 30.00502], [-95.29387, 30.00505], [-95.29751, 30.00491], [-95.30891, 30.00437]]]}, "properties": {"GEOID": "48201241501", "under5_pop": 566, "licensed_capacity": 215, "children_per_slot": 2.63, "childcare_desert": 0, "pct_zero_car": 0.1308}}, {"type": "Feature", "geometry": {"type": "Polygon", "coordinates": [[[-95.58487, 29.95255], [-95.58469, 29.93937], [-95.58486, 29.93451], [-95.5848, 29.93299], [-95.58289, 29.93413], [-95.5798, 29.93595], [-95.56774, 29.94328], [-95.56583, 29.94462], [-95.56404, 29.94625], [-95.56394, 29.95085], [-95.57242, 29.95061], [-95.5759, 29.95133], [-95.57878, 29.9513], [-95.58191, 29.95234], [-95.58487, 29.95255]]]}, "properties": {"GEOID": "48201552501", "under5_pop": 433, "licensed_capacity": 68, "children_per_slot": 6.37, "childcare_desert": 1, "pct_zero_car": 0.0258}}, {"type": "Feature", "geometry": {"type": "Polygon", "coordinates": [[[-95.56053, 29.99032], [-95.55998, 29.98874], [-95.55962, 29.98644], [-95.56126, 29.98634], [-95.56183, 29.98525], [-95.56401, 29.98536], [-95.56499, 29.98461], [-95.56603, 29.98491], [-95.56679, 29.98448], [-95.568, 29.9856], [-95.5697, 29.98596], [-95.57008, 29.98577], [-95.56729, 29.98167], [-95.56286, 29.97357], [-95.56168, 29.97191], [-95.55999, 29.97015], [-95.55664, 29.96776], [-95.55624, 29.96847], [-95.55636, 29.97416], [-95.55437, 29.9742], [-95.55437, 29.9749], [-95.55234, 29.97493], [-95.55241, 29.97738], [-95.55223, 29.97772], [-95.54991, 29.97781], [-95.54978, 29.97942], [-95.546, 29.97946], [-95.54601, 29.97947], [-95.55353, 29.99268], [-95.55362, 29.99226], [-95.55563, 29.99311], [-95.5558, 29.9918], [-95.55837, 29.99163], [-95.55853, 29.99081], [-95.56053, 29.99032]]]}, "properties": {"GEOID": "48201552702", "under5_pop": 250, "licensed_capacity": 390, "children_per_slot": 0.64, "childcare_desert": 0, "pct_zero_car": 0.0176}}, {"type": "Feature", "geometry": {"type": "Polygon", "coordinates": [[[-95.52492, 29.89796], [-95.52492, 29.89685], [-95.5248, 29.88838], [-95.52485, 29.88624], [-95.52483, 29.88512], [-95.52052, 29.88518], [-95.5205, 29.88313], [-95.51941, 29.88245], [-95.51371, 29.88251], [-95.5132, 29.88237], [-95.51054, 29.88268], [-95.51081, 29.88434], [-95.51086, 29.88841], [-95.51117, 29.88957], [-95.51123, 29.89444], [-95.51178, 29.89441], [-95.51179, 29.896], [-95.51331, 29.89621], [-95.51333, 29.89806], [-95.52492, 29.89796]]]}, "properties": {"GEOID": "48201532503", "under5_pop": 325, "licensed_capacity": 131, "children_per_slot": 2.48, "childcare_desert": 0, "pct_zero_car": 0.0}}, {"type": "Feature", "geometry": {"type": "Polygon", "coordinates": [[[-95.54934, 29.8907], [-95.54935, 29.88804], [-95.54872, 29.88407], [-95.54639, 29.88405], [-95.54555, 29.88361], [-95.54487, 29.88248], [-95.54363, 29.88209], [-95.54061, 29.88221], [-95.53918, 29.8819], [-95.53757, 29.87986], [-95.53262, 29.87967], [-95.53162, 29.87888], [-95.53042, 29.87748], [-95.5299, 29.87725], [-95.52763, 29.87779], [-95.5247, 29.87707], [-95.52469, 29.8812], [-95.52483, 29.88512], [-95.52485, 29.88624], [-95.52642, 29.88623], [-95.52643, 29.88775], [-95.52778, 29.88783], [-95.5288, 29.88838], [-95.53129, 29.88857], [-95.53147, 29.88708], [-95.53284, 29.88714], [-95.53469, 29.8864], [-95.53588, 29.88743], [-95.53591, 29.88853], [-95.53743, 29.8886], [-95.53744, 29.89184], [-95.54168, 29.89169], [-95.5451, 29.89047], [-95.54734, 29.89073], [-95.54934, 29.8907]]]}, "properties": {"GEOID": "48201534204", "under5_pop": 251, "licensed_capacity": 24, "children_per_slot": 10.46, "childcare_desert": 1, "pct_zero_car": 0.0161}}, {"type": "Feature", "geometry": {"type": "Polygon", "coordinates": [[[-95.5414, 30.17028], [-95.54294, 30.17048], [-95.54495, 30.16899], [-95.5457, 30.16953], [-95.54718, 30.16905], [-95.54813, 30.17006], [-95.5484, 30.16929], [-95.54921, 30.16944], [-95.54987, 30.17018], [-95.55142, 30.17061], [-95.55295, 30.1699], [-95.55297, 30.16884], [-95.55533, 30.16731], [-95.55598, 30.16737], [-95.55686, 30.16583], [-95.55735, 30.16588], [-95.55743, 30.16489], [-95.55804, 30.16553], [-95.55859, 30.16497], [-95.5585, 30.16395], [-95.55925, 30.16311], [-95.55823, 30.16253], [-95.55858, 30.16163], [-95.55771, 30.16163], [-95.55737, 30.16104], [-95.56025, 30.15833], [-95.56063, 30.15941], [-95.56213, 30.15884], [-95.56268, 30.16026], [-95.56336, 30.16007], [-95.56519, 30.16068], [-95.56595, 30.1605], [-95.56725, 30.1592], [-95.56805, 30.15924], [-95.56803, 30.15851], [-95.56955, 30.15786], [-95.56992, 30.15741], [-95.56929, 30.15653], [-95.57026, 30.15621], [-95.57051, 30.15557], [-95.56984, 30.15364], [-95.5718, 30.15271], [-95.5719, 30.15178], [-95.57366, 30.15155], [-95.57423, 30.152], [-95.57535, 30.15169], [-95.57595, 30.15083], [-95.5775, 30.15011], [-95.57862, 30.15019], [-95.58061, 30.14991], [-95.58228, 30.1482], [-95.58226, 30.14744], [-95.58294, 30.14755], [-95.58423, 30.14656], [-95.58414, 30.14548], [-95.58519, 30.1448], [-95.58546, 30.14201], [-95.58689, 30.1409], [-95.58688, 30.14011], [-95.5881, 30.13783], [-95.58955, 30.13688], [-95.59028, 30.13673], [-95.59046, 30.13603], [-95.59096, 30.13663], [-95.59193, 30.13562], [-95.59331, 30.13531], [-95.59413, 30.13557], [-95.59447, 30.13435], [-95.59501, 30.13513], [-95.59739, 30.13426], [-95.59738, 30.13358], [-95.60018, 30.13337], [-95.60113, 30.13278], [-95.60216, 30.13366], [-95.60187, 30.13296], [-95.60315, 30.13383], [-95.60366, 30.13347], [-95.60442, 30.13391], [-95.60551, 30.13359], [-95.60597, 30.13445], [-95.60628, 30.13399], [-95.60808, 30.13422], [-95.60951, 30.13477], [-95.6111, 30.13505], [-95.61219, 30.13488], [-95.61349, 30.13541], [-95.61607, 30.13497], [-95.61687, 30.13572], [-95.61734, 30.13501], [-95.61856, 30.13531], [-95.61892, 30.13591], [-95.61963, 30.13549], [-95.60786, 30.12879], [-95.60026, 30.12455], [-95.59226, 30.12002], [-95.57226, 30.10876], [-95.56928, 30.10791], [-95.56532, 30.10718], [-95.54999, 30.10447], [-95.54736, 30.10397], [-95.54665, 30.10547], [-95.55345, 30.1113], [-95.55439, 30.1131], [-95.55462, 30.11433], [-95.55393, 30.12574], [-95.55358, 30.13077], [-95.55347, 30.13542], [-95.55315, 30.13662], [-95.55169, 30.13892], [-95.55105, 30.14024], [-95.54987, 30.14667], [-95.54972, 30.14824], [-95.54985, 30.15048], [-95.54926, 30.15394], [-95.54819, 30.15874], [-95.54762, 30.16181], [-95.54713, 30.16335], [-95.54634, 30.16447], [-95.5436, 30.16706], [-95.5414, 30.17028]]]}, "properties": {"GEOID": "48201555303", "under5_pop": 1248, "licensed_capacity": 286, "children_per_slot": 4.36, "childcare_desert": 1, "pct_zero_car": 0.0123}}, {"type": "Feature", "geometry": {"type": "Polygon", "coordinates": [[[-95.63047, 29.97745], [-95.62838, 29.97723], [-95.62804, 29.97611], [-95.62858, 29.97532], [-95.62639, 29.97324], [-95.62563, 29.97297], [-95.62364, 29.97311], [-95.62276, 29.97231], [-95.62236, 29.97044], [-95.62259, 29.96887], [-95.62086, 29.96791], [-95.61968, 29.96665], [-95.61953, 29.96575], [-95.6205, 29.96441], [-95.61916, 29.96319], [-95.61733, 29.96286], [-95.61711, 29.96149], [-95.61578, 29.95941], [-95.61513, 29.95934], [-95.61344, 29.9599], [-95.61267, 29.96211], [-95.61208, 29.96242], [-95.6113, 29.96198], [-95.61051, 29.96213], [-95.60924, 29.96351], [-95.60788, 29.96428], [-95.60697, 29.96593], [-95.60562, 29.96758], [-95.60415, 29.9697], [-95.6029, 29.97035], [-95.60361, 29.9711], [-95.60325, 29.97189], [-95.60206, 29.97267], [-95.60007, 29.97349], [-95.59866, 29.97358], [-95.59782, 29.97391], [-95.59749, 29.97339], [-95.59564, 29.97242], [-95.59474, 29.9747], [-95.59407, 29.97489], [-95.59324, 29.9739], [-95.59226, 29.97331], [-95.5915, 29.97457], [-95.59016, 29.97294], [-95.58941, 29.97368], [-95.58874, 29.97372], [-95.58799, 29.97477], [-95.58869, 29.97579], [-95.5888, 29.97684], [-95.58838, 29.97754], [-95.59096, 29.9788], [-95.593, 29.97938], [-95.59461, 29.97951], [-95.59597, 29.97991], [-95.60144, 29.98229], [-95.60324, 29.9827], [-95.60942, 29.98268], [-95.61567, 29.98799], [-95.61693, 29.98712], [-95.61832, 29.98748], [-95.61965, 29.98694], [-95.63047, 29.97745]]]}, "properties": {"GEOID": "48201554302", "under5_pop": 328, "licensed_capacity": 257, "children_per_slot": 1.28, "childcare_desert": 0, "pct_zero_car": 0.0}}, {"type": "Feature", "geometry": {"type": "Polygon", "coordinates": [[[-95.6356, 30.00429], [-95.64022, 30.00017], [-95.64921, 29.99226], [-95.65027, 29.99174], [-95.65329, 29.99099], [-95.65332, 29.9897], [-95.65378, 29.98851], [-95.65241, 29.98841], [-95.65029, 29.99015], [-95.64686, 29.99008], [-95.64607, 29.99036], [-95.64447, 29.99006], [-95.64247, 29.99041], [-95.64181, 29.98924], [-95.64105, 29.98859], [-95.64146, 29.98589], [-95.64246, 29.98517], [-95.64142, 29.9844], [-95.63948, 29.98359], [-95.63684, 29.98291], [-95.63641, 29.98225], [-95.63407, 29.98159], [-95.63321, 29.97988], [-95.63093, 29.97939], [-95.63114, 29.97794], [-95.63047, 29.97745], [-95.61965, 29.98694], [-95.61832, 29.98748], [-95.61693, 29.98712], [-95.61567, 29.98799], [-95.6251, 29.99607], [-95.63429, 30.00372], [-95.6356, 30.00429]]]}, "properties": {"GEOID": "48201554502", "under5_pop": 103, "licensed_capacity": 0, "children_per_slot": null, "childcare_desert": 1, "pct_zero_car": 0.0}}, {"type": "Feature", "geometry": {"type": "Polygon", "coordinates": [[[-95.61174, 29.99148], [-95.61567, 29.98799], [-95.60942, 29.98268], [-95.60324, 29.9827], [-95.60144, 29.98229], [-95.59597, 29.97991], [-95.59461, 29.97951], [-95.593, 29.97938], [-95.59096, 29.9788], [-95.58838, 29.97754], [-95.58799, 29.97889], [-95.58678, 29.97962], [-95.58628, 29.98047], [-95.58691, 29.98121], [-95.58698, 29.98204], [-95.58554, 29.98354], [-95.58446, 29.98408], [-95.58524, 29.98604], [-95.58428, 29.98644], [-95.58401, 29.98739], [-95.58328, 29.98719], [-95.58282, 29.98632], [-95.58176, 29.98701], [-95.58062, 29.98683], [-95.57955, 29.98809], [-95.57715, 29.98745], [-95.57636, 29.98634], [-95.57495, 29.98605], [-95.57304, 29.98516], [-95.57111, 29.98511], [-95.57008, 29.98577], [-95.57118, 29.98746], [-95.57461, 29.99225], [-95.57586, 29.99381], [-95.57854, 29.99666], [-95.58436, 29.9966], [-95.59334, 29.99666], [-95.6029, 29.99659], [-95.60575, 29.99652], [-95.60704, 29.99567], [-95.61174, 29.99148]]]}, "properties": {"GEOID": "48201554301", "under5_pop": 500, "licensed_capacity": 350, "children_per_slot": 1.43, "childcare_desert": 0, "pct_zero_car": 0.0}}, {"type": "Feature", "geometry": {"type": "Polygon", "coordinates": [[[-95.49784, 29.93715], [-95.49782, 29.93459], [-95.49699, 29.93218], [-95.49624, 29.93128], [-95.49334, 29.92898], [-95.49253, 29.9281], [-95.49088, 29.92902], [-95.48999, 29.92905], [-95.48984, 29.93066], [-95.48933, 29.93058], [-95.4875, 29.92943], [-95.48665, 29.92916], [-95.48282, 29.9292], [-95.4814, 29.92954], [-95.48181, 29.93118], [-95.48301, 29.93381], [-95.48323, 29.93513], [-95.48325, 29.93735], [-95.49784, 29.93715]]]}, "properties": {"GEOID": "48201533904", "under5_pop": 189, "licensed_capacity": 6, "children_per_slot": 31.5, "childcare_desert": 1, "pct_zero_car": 0.0391}}, {"type": "Feature", "geometry": {"type": "Polygon", "coordinates": [[[-95.48896, 29.71638], [-95.49399, 29.71632], [-95.49622, 29.71564], [-95.49713, 29.71494], [-95.49476, 29.71291], [-95.49378, 29.71186], [-95.49328, 29.71083], [-95.49308, 29.7127], [-95.48889, 29.71275], [-95.48896, 29.71638]]]}, "properties": {"GEOID": "48201421401", "under5_pop": 377, "licensed_capacity": 0, "children_per_slot": null, "childcare_desert": 1, "pct_zero_car": 0.178}}, {"type": "Feature", "geometry": {"type": "Polygon", "coordinates": [[[-95.49566, 29.74994], [-95.49568, 29.7382], [-95.49561, 29.73758], [-95.48985, 29.73768], [-95.48429, 29.73772], [-95.48458, 29.74004], [-95.48531, 29.74153], [-95.48548, 29.74601], [-95.48593, 29.74733], [-95.48603, 29.74994], [-95.49038, 29.74988], [-95.49285, 29.75012], [-95.49566, 29.74994]]]}, "properties": {"GEOID": "48201431302", "under5_pop": 334, "licensed_capacity": 33, "children_per_slot": 10.12, "childcare_desert": 1, "pct_zero_car": 0.0111}}, {"type": "Feature", "geometry": {"type": "Polygon", "coordinates": [[[-95.57163, 29.72773], [-95.57145, 29.71706], [-95.56336, 29.71783], [-95.55758, 29.71826], [-95.55762, 29.72764], [-95.56131, 29.72765], [-95.56355, 29.72781], [-95.56802, 29.72776], [-95.57163, 29.72773]]]}, "properties": {"GEOID": "48201452202", "under5_pop": 228, "licensed_capacity": 240, "children_per_slot": 0.95, "childcare_desert": 0, "pct_zero_car": 0.0705}}, {"type": "Feature", "geometry": {"type": "Polygon", "coordinates": [[[-95.61961, 29.72807], [-95.61956, 29.72332], [-95.61903, 29.72128], [-95.6186, 29.7206], [-95.61512, 29.71639], [-95.61355, 29.71742], [-95.61345, 29.71926], [-95.61303, 29.71953], [-95.60659, 29.71958], [-95.60477, 29.71979], [-95.60488, 29.72429], [-95.60566, 29.72729], [-95.60573, 29.72978], [-95.60956, 29.72968], [-95.61116, 29.72923], [-95.61303, 29.72836], [-95.61504, 29.72793], [-95.61961, 29.72807]]]}, "properties": {"GEOID": "48201451904", "under5_pop": 59, "licensed_capacity": 250, "children_per_slot": 0.24, "childcare_desert": 0, "pct_zero_car": 0.085}}, {"type": "Feature", "geometry": {"type": "Polygon", "coordinates": [[[-95.62377, 29.78506], [-95.62382, 29.77991], [-95.62137, 29.77975], [-95.62028, 29.77931], [-95.61709, 29.77656], [-95.61618, 29.77539], [-95.61512, 29.77341], [-95.6134, 29.77377], [-95.6134, 29.77574], [-95.61246, 29.77614], [-95.60764, 29.77612], [-95.60631, 29.77632], [-95.6065, 29.78496], [-95.62377, 29.78506]]]}, "properties": {"GEOID": "48201450402", "under5_pop": 77, "licensed_capacity": 161, "children_per_slot": 0.48, "childcare_desert": 0, "pct_zero_car": 0.0347}}, {"type": "Feature", "geometry": {"type": "Polygon", "coordinates": [[[-95.21234, 29.66049], [-95.21314, 29.66078], [-95.22041, 29.66063], [-95.23011, 29.66053], [-95.23371, 29.66437], [-95.23563, 29.6631], [-95.23042, 29.65759], [-95.22906, 29.65601], [-95.22578, 29.65266], [-95.21652, 29.65278], [-95.21646, 29.65101], [-95.21134, 29.65089], [-95.20797, 29.65098], [-95.20813, 29.65496], [-95.21234, 29.66049]]]}, "properties": {"GEOID": "48201321402", "under5_pop": 441, "licensed_capacity": 0, "children_per_slot": null, "childcare_desert": 1, "pct_zero_car": 0.0895}}, {"type": "Feature", "geometry": {"type": "Polygon", "coordinates": [[[-95.08771, 29.6746], [-95.08761, 29.67245], [-95.08707, 29.67088], [-95.08692, 29.66438], [-95.07057, 29.66459], [-95.0557, 29.66486], [-95.04638, 29.665], [-95.04656, 29.67537], [-95.0596, 29.67516], [-95.08771, 29.6746]]]}, "properties": {"GEOID": "48201343302", "under5_pop": 417, "licensed_capacity": 0, "children_per_slot": null, "childcare_desert": 1, "pct_zero_car": 0.024}}, {"type": "Feature", "geometry": {"type": "Polygon", "coordinates": [[[-95.39802, 29.75323], [-95.40228, 29.75315], [-95.40221, 29.75243], [-95.40207, 29.74279], [-95.39931, 29.7428], [-95.39714, 29.74281], [-95.39312, 29.74466], [-95.39377, 29.74583], [-95.39793, 29.75241], [-95.39802, 29.75323]]]}, "properties": {"GEOID": "48201410402", "under5_pop": 155, "licensed_capacity": 147, "children_per_slot": 1.05, "childcare_desert": 0, "pct_zero_car": 0.0622}}, {"type": "Feature", "geometry": {"type": "Polygon", "coordinates": [[[-95.60445, 29.70349], [-95.60442, 29.69777], [-95.60426, 29.68894], [-95.60037, 29.68908], [-95.5959, 29.68909], [-95.59615, 29.70362], [-95.60445, 29.70349]]]}, "properties": {"GEOID": "48201452802", "under5_pop": 452, "licensed_capacity": 92, "children_per_slot": 4.91, "childcare_desert": 1, "pct_zero_car": 0.1051}}, {"type": "Feature", "geometry": {"type": "Polygon", "coordinates": [[[-95.75224, 29.83169], [-95.75431, 29.83166], [-95.75422, 29.82755], [-95.75397, 29.82596], [-95.75242, 29.82017], [-95.75219, 29.81608], [-95.75199, 29.80392], [-95.752, 29.8021], [-95.74487, 29.80212], [-95.74191, 29.80174], [-95.73975, 29.80175], [-95.73598, 29.80102], [-95.73055, 29.80097], [-95.72497, 29.80103], [-95.72127, 29.80033], [-95.719, 29.80029], [-95.71907, 29.80153], [-95.72026, 29.80464], [-95.72337, 29.80481], [-95.7266, 29.80604], [-95.72734, 29.80731], [-95.7291, 29.80819], [-95.7304, 29.80754], [-95.73119, 29.80922], [-95.73173, 29.80874], [-95.7327, 29.80897], [-95.73283, 29.80963], [-95.73384, 29.80984], [-95.73503, 29.81214], [-95.7371, 29.81404], [-95.74001, 29.81606], [-95.74107, 29.81706], [-95.74297, 29.81892], [-95.74523, 29.82048], [-95.74618, 29.82209], [-95.7471, 29.82278], [-95.74865, 29.82321], [-95.74923, 29.82498], [-95.75015, 29.826], [-95.74956, 29.8269], [-95.74949, 29.82912], [-95.75224, 29.83169]]]}, "properties": {"GEOID": "48201542302", "under5_pop": 665, "licensed_capacity": 239, "children_per_slot": 2.78, "childcare_desert": 0, "pct_zero_car": 0.0547}}, {"type": "Feature", "geometry": {"type": "Polygon", "coordinates": [[[-95.48325, 29.93735], [-95.48323, 29.93513], [-95.48301, 29.93381], [-95.48181, 29.93118], [-95.4814, 29.92954], [-95.48135, 29.92547], [-95.48162, 29.92356], [-95.48159, 29.91955], [-95.47908, 29.91961], [-95.47137, 29.91947], [-95.46556, 29.91952], [-95.46128, 29.91852], [-95.46011, 29.91855], [-95.4525, 29.92038], [-95.45021, 29.92055], [-95.44842, 29.92041], [-95.44684, 29.92064], [-95.45718, 29.93396], [-95.46, 29.93752], [-95.4667, 29.93757], [-95.48325, 29.93735]]]}, "properties": {"GEOID": "48201533802", "under5_pop": 728, "licensed_capacity": 64, "children_per_slot": 11.38, "childcare_desert": 1, "pct_zero_car": 0.0391}}, {"type": "Feature", "geometry": {"type": "Polygon", "coordinates": [[[-95.4107, 29.75202], [-95.41064, 29.74439], [-95.41073, 29.74258], [-95.40827, 29.74277], [-95.40207, 29.74279], [-95.40221, 29.75243], [-95.4095, 29.75229], [-95.4107, 29.75202]]]}, "properties": {"GEOID": "48201410401", "under5_pop": 163, "licensed_capacity": 0, "children_per_slot": null, "childcare_desert": 1, "pct_zero_car": 0.012}}, {"type": "Feature", "geometry": {"type": "Polygon", "coordinates": [[[-95.47697, 29.75013], [-95.47728, 29.74592], [-95.47712, 29.74404], [-95.4772, 29.74056], [-95.47658, 29.73781], [-95.47408, 29.73795], [-95.46694, 29.74041], [-95.46706, 29.74606], [-95.46723, 29.75028], [-95.47697, 29.75013]]]}, "properties": {"GEOID": "48201431801", "under5_pop": 175, "licensed_capacity": 0, "children_per_slot": null, "childcare_desert": 1, "pct_zero_car": 0.0459}}, {"type": "Feature", "geometry": {"type": "Polygon", "coordinates": [[[-95.77706, 30.03707], [-95.78157, 30.037], [-95.78143, 30.02792], [-95.78158, 30.02765], [-95.77094, 30.02776], [-95.7686, 30.02763], [-95.76852, 30.02743], [-95.76845, 30.02042], [-95.76466, 30.02032], [-95.74316, 30.02056], [-95.74301, 30.02039], [-95.7429, 30.01273], [-95.74297, 30.01144], [-95.7435, 30.00868], [-95.74344, 30.00677], [-95.7424, 30.00467], [-95.74023, 30.00261], [-95.73834, 30.00038], [-95.73777, 29.99864], [-95.73771, 29.99762], [-95.73829, 29.9946], [-95.73879, 29.99304], [-95.74115, 29.98831], [-95.72014, 29.98029], [-95.71696, 29.97904], [-95.71671, 29.98048], [-95.71745, 29.98153], [-95.72028, 29.98765], [-95.72448, 29.99679], [-95.72464, 29.99751], [-95.72472, 30.00335], [-95.72475, 30.01238], [-95.72492, 30.01613], [-95.72498, 30.022], [-95.72638, 30.02182], [-95.72724, 30.02231], [-95.72938, 30.02208], [-95.73239, 30.02539], [-95.73333, 30.02577], [-95.73309, 30.02699], [-95.73364, 30.02824], [-95.7353, 30.0275], [-95.73697, 30.02839], [-95.73767, 30.02771], [-95.73853, 30.02764], [-95.7392, 30.02852], [-95.7389, 30.02924], [-95.74043, 30.02974], [-95.74084, 30.02886], [-95.74256, 30.02892], [-95.74326, 30.0296], [-95.74558, 30.02984], [-95.74595, 30.02799], [-95.74671, 30.02832], [-95.74946, 30.02812], [-95.75154, 30.02724], [-95.75296, 30.02788], [-95.75473, 30.02699], [-95.75745, 30.02705], [-95.75825, 30.02593], [-95.75959, 30.02508], [-95.75956, 30.0242], [-95.76168, 30.02397], [-95.7625, 30.02431], [-95.7637, 30.02388], [-95.76466, 30.02417], [-95.76532, 30.02579], [-95.76481, 30.02673], [-95.7657, 30.02758], [-95.76565, 30.02944], [-95.76626, 30.03073], [-95.7676, 30.03121], [-95.76894, 30.03251], [-95.7703, 30.03302], [-95.77075, 30.03204], [-95.77161, 30.03189], [-95.77376, 30.03453], [-95.7747, 30.03461], [-95.77571, 30.03541], [-95.77612, 30.03526], [-95.77706, 30.03707]]]}, "properties": {"GEOID": "48201555701", "under5_pop": 911, "licensed_capacity": 829, "children_per_slot": 1.1, "childcare_desert": 0, "pct_zero_car": 0.0}}, {"type": "Feature", "geometry": {"type": "Polygon", "coordinates": [[[-95.55772, 29.73686], [-95.55762, 29.72764], [-95.55501, 29.72762], [-95.55314, 29.72783], [-95.5511, 29.72841], [-95.54898, 29.72875], [-95.54908, 29.73311], [-95.54647, 29.73306], [-95.54325, 29.73225], [-95.54314, 29.73289], [-95.54362, 29.73483], [-95.54366, 29.73706], [-95.55772, 29.73686]]]}, "properties": {"GEOID": "48201432303", "under5_pop": 281, "licensed_capacity": 0, "children_per_slot": null, "childcare_desert": 1, "pct_zero_car": 0.0172}}, {"type": "Feature", "geometry": {"type": "Polygon", "coordinates": [[[-95.625, 29.74672], [-95.62411, 29.74437], [-95.62358, 29.74117], [-95.62352, 29.73836], [-95.62382, 29.73586], [-95.61969, 29.73592], [-95.61811, 29.73595], [-95.61811, 29.73706], [-95.61772, 29.73815], [-95.61794, 29.73981], [-95.61927, 29.74165], [-95.61919, 29.74301], [-95.61862, 29.74413], [-95.61849, 29.74643], [-95.61902, 29.74656], [-95.62263, 29.74643], [-95.625, 29.74672]]]}, "properties": {"GEOID": "48201451405", "under5_pop": 112, "licensed_capacity": 200, "children_per_slot": 0.56, "childcare_desert": 0, "pct_zero_car": 0.0}}, {"type": "Feature", "geometry": {"type": "Polygon", "coordinates": [[[-95.55789, 29.74755], [-95.55772, 29.73686], [-95.54366, 29.73706], [-95.53887, 29.73712], [-95.53836, 29.73959], [-95.53844, 29.7475], [-95.5395, 29.7476], [-95.54601, 29.74754], [-95.54851, 29.74739], [-95.55151, 29.74757], [-95.55336, 29.7474], [-95.55789, 29.74755]]]}, "properties": {"GEOID": "48201431001", "under5_pop": 204, "licensed_capacity": 249, "children_per_slot": 0.82, "childcare_desert": 0, "pct_zero_car": 0.0845}}, {"type": "Feature", "geometry": {"type": "Polygon", "coordinates": [[[-95.22001, 29.71609], [-95.2261, 29.71604], [-95.22618, 29.71588], [-95.22609, 29.70995], [-95.22821, 29.70977], [-95.22814, 29.70766], [-95.22419, 29.70952], [-95.22215, 29.71002], [-95.21997, 29.71029], [-95.21657, 29.7107], [-95.20953, 29.71135], [-95.20944, 29.70535], [-95.20949, 29.7035], [-95.20937, 29.69806], [-95.20105, 29.69813], [-95.20109, 29.70762], [-95.20127, 29.71211], [-95.1974, 29.71246], [-95.19758, 29.71353], [-95.19845, 29.71484], [-95.1994, 29.71547], [-95.20764, 29.7183], [-95.20868, 29.71851], [-95.21124, 29.71856], [-95.21169, 29.71616], [-95.22001, 29.71609]]]}, "properties": {"GEOID": "48201324101", "under5_pop": 504, "licensed_capacity": 0, "children_per_slot": null, "childcare_desert": 1, "pct_zero_car": 0.0564}}, {"type": "Feature", "geometry": {"type": "Polygon", "coordinates": [[[-95.22354, 29.72528], [-95.22415, 29.72331], [-95.22364, 29.721], [-95.22144, 29.72012], [-95.22002, 29.71875], [-95.22001, 29.71609], [-95.21169, 29.71616], [-95.21124, 29.71856], [-95.20868, 29.71851], [-95.20764, 29.7183], [-95.1994, 29.71547], [-95.19845, 29.71484], [-95.19758, 29.71353], [-95.1974, 29.71246], [-95.19022, 29.71307], [-95.17149, 29.71257], [-95.16121, 29.71231], [-95.15337, 29.71208], [-95.15332, 29.71337], [-95.1528, 29.71504], [-95.14845, 29.72033], [-95.1479, 29.72154], [-95.14768, 29.72292], [-95.14606, 29.7361], [-95.14844, 29.73626], [-95.15169, 29.73604], [-95.15286, 29.73629], [-95.15453, 29.73715], [-95.15633, 29.73837], [-95.15684, 29.73919], [-95.1581, 29.74026], [-95.15926, 29.74203], [-95.16337, 29.74348], [-95.16508, 29.74522], [-95.16628, 29.74549], [-95.16894, 29.7469], [-95.17018, 29.74682], [-95.1711, 29.74699], [-95.1734, 29.74692], [-95.17852, 29.7459], [-95.18211, 29.74553], [-95.18661, 29.74583], [-95.19261, 29.74363], [-95.19841, 29.74183], [-95.20011, 29.74093], [-95.20231, 29.73913], [-95.20491, 29.73613], [-95.20661, 29.73333], [-95.20931, 29.72813], [-95.21189, 29.72653], [-95.21521, 29.72453], [-95.21931, 29.72413], [-95.22354, 29.72528]]]}, "properties": {"GEOID": "48201324102", "under5_pop": 0, "licensed_capacity": 0, "children_per_slot": null, "childcare_desert": 0, "pct_zero_car": 0.1992}}, {"type": "Feature", "geometry": {"type": "Polygon", "coordinates": [[[-95.54521, 29.81269], [-95.54514, 29.80601], [-95.54033, 29.806], [-95.53992, 29.80639], [-95.53085, 29.80648], [-95.53064, 29.79596], [-95.52662, 29.79706], [-95.52392, 29.798], [-95.52418, 29.79901], [-95.52442, 29.80673], [-95.52442, 29.8071], [-95.52569, 29.80764], [-95.52617, 29.80848], [-95.52616, 29.8098], [-95.52892, 29.80921], [-95.53285, 29.80936], [-95.53498, 29.81021], [-95.53789, 29.81217], [-95.54014, 29.81271], [-95.54521, 29.81269]]]}, "properties": {"GEOID": "48201522201", "under5_pop": 810, "licensed_capacity": 217, "children_per_slot": 3.73, "childcare_desert": 1, "pct_zero_car": 0.056}}, {"type": "Feature", "geometry": {"type": "Polygon", "coordinates": [[[-95.45065, 29.79456], [-95.4433, 29.78917], [-95.43784, 29.78922], [-95.43787, 29.79274], [-95.43806, 29.7955], [-95.43808, 29.80161], [-95.43003, 29.80164], [-95.42966, 29.80317], [-95.4332, 29.80385], [-95.43408, 29.80437], [-95.43525, 29.80566], [-95.43658, 29.80659], [-95.43921, 29.80778], [-95.44088, 29.80887], [-95.44376, 29.80756], [-95.44491, 29.8068], [-95.44801, 29.80344], [-95.44916, 29.80154], [-95.44945, 29.79906], [-95.45065, 29.79456]]]}, "properties": {"GEOID": "48201511001", "under5_pop": 366, "licensed_capacity": 312, "children_per_slot": 1.17, "childcare_desert": 0, "pct_zero_car": 0.0489}}, {"type": "Feature", "geometry": {"type": "Polygon", "coordinates": [[[-95.17921, 29.62348], [-95.17898, 29.62331], [-95.17111, 29.62313], [-95.17091, 29.62063], [-95.16241, 29.62078], [-95.16256, 29.62694], [-95.15416, 29.62709], [-95.15403, 29.62699], [-95.15384, 29.62291], [-95.15367, 29.61167], [-95.14474, 29.61707], [-95.14221, 29.61493], [-95.15384, 29.60478], [-95.15373, 29.60129], [-95.1536, 29.5926], [-95.15313, 29.59172], [-95.16123, 29.59152], [-95.16465, 29.59163], [-95.16618, 29.59137], [-95.16836, 29.59147], [-95.1578, 29.5802], [-95.15652, 29.5811], [-95.15443, 29.58208], [-95.15016, 29.58332], [-95.14811, 29.58455], [-95.1469, 29.58575], [-95.14568, 29.58739], [-95.14387, 29.58916], [-95.14243, 29.59002], [-95.1397, 29.59124], [-95.13814, 29.59212], [-95.13696, 29.59322], [-95.13591, 29.59486], [-95.13507, 29.59762], [-95.13425, 29.5989], [-95.13266, 29.60063], [-95.1282, 29.60285], [-95.12423, 29.60512], [-95.12012, 29.60674], [-95.11788, 29.60723], [-95.11331, 29.60754], [-95.11415, 29.62247], [-95.11641, 29.62311], [-95.11822, 29.62404], [-95.12055, 29.62608], [-95.1221, 29.62881], [-95.12255, 29.6311], [-95.12238, 29.63348], [-95.1282, 29.63331], [-95.13915, 29.6332], [-95.14019, 29.63272], [-95.14148, 29.63158], [-95.14274, 29.63122], [-95.15748, 29.6309], [-95.17031, 29.63058], [-95.17364, 29.6275], [-95.17921, 29.62348]]]}, "properties": {"GEOID": "48201340202", "under5_pop": 607, "licensed_capacity": 247, "children_per_slot": 2.46, "childcare_desert": 0, "pct_zero_car": 0.0177}}, {"type": "Feature", "geometry": {"type": "Polygon", "coordinates": [[[-95.26718, 29.70991], [-95.26165, 29.70862], [-95.2569, 29.70782], [-95.24629, 29.70607], [-95.24488, 29.70603], [-95.2319, 29.7072], [-95.22814, 29.70766], [-95.22821, 29.70977], [-95.22609, 29.70995], [-95.22618, 29.71588], [-95.2261, 29.71604], [-95.22001, 29.71609], [-95.22002, 29.71875], [-95.22144, 29.72012], [-95.22364, 29.721], [-95.22415, 29.72331], [-95.22354, 29.72528], [-95.22605, 29.72585], [-95.22829, 29.72547], [-95.2321, 29.72426], [-95.23375, 29.72359], [-95.23568, 29.72237], [-95.2375, 29.72061], [-95.23891, 29.71952], [-95.24023, 29.71929], [-95.24171, 29.71942], [-95.24302, 29.71909], [-95.24452, 29.71936], [-95.24792, 29.72064], [-95.2497, 29.72205], [-95.2526, 29.72498], [-95.25403, 29.72602], [-95.25579, 29.72681], [-95.25846, 29.72695], [-95.2627, 29.7262], [-95.2648, 29.72537], [-95.26652, 29.72494], [-95.2662, 29.72234], [-95.26631, 29.7119], [-95.26718, 29.70991]]]}, "properties": {"GEOID": "48201324200", "under5_pop": 25, "licensed_capacity": 0, "children_per_slot": null, "childcare_desert": 1, "pct_zero_car": 0.0337}}, {"type": "Feature", "geometry": {"type": "Polygon", "coordinates": [[[-95.54308, 29.70495], [-95.54309, 29.70341], [-95.5434, 29.70216], [-95.5459, 29.69594], [-95.54622, 29.69402], [-95.54617, 29.69056], [-95.53767, 29.69067], [-95.5352, 29.69114], [-95.53678, 29.69335], [-95.53753, 29.69522], [-95.5379, 29.6989], [-95.53798, 29.705], [-95.54308, 29.70495]]]}, "properties": {"GEOID": "48201433202", "under5_pop": 151, "licensed_capacity": 12, "children_per_slot": 12.58, "childcare_desert": 1, "pct_zero_car": 0.0917}}, {"type": "Feature", "geometry": {"type": "Polygon", "coordinates": [[[-95.55146, 29.70482], [-95.5515, 29.70377], [-95.5523, 29.70137], [-95.55212, 29.69341], [-95.5512, 29.69026], [-95.54942, 29.69053], [-95.54617, 29.69056], [-95.54622, 29.69402], [-95.5459, 29.69594], [-95.5434, 29.70216], [-95.54309, 29.70341], [-95.54308, 29.70495], [-95.54529, 29.70494], [-95.55146, 29.70482]]]}, "properties": {"GEOID": "48201433201", "under5_pop": 302, "licensed_capacity": 0, "children_per_slot": null, "childcare_desert": 1, "pct_zero_car": 0.0699}}, {"type": "Feature", "geometry": {"type": "Polygon", "coordinates": [[[-95.50057, 29.65449], [-95.50037, 29.64437], [-95.49334, 29.64447], [-95.49343, 29.64796], [-95.49269, 29.6506], [-95.49757, 29.65433], [-95.50057, 29.65449]]]}, "properties": {"GEOID": "48201422302", "under5_pop": 166, "licensed_capacity": 0, "children_per_slot": null, "childcare_desert": 1, "pct_zero_car": 0.0486}}, {"type": "Feature", "geometry": {"type": "Polygon", "coordinates": [[[-95.6356, 30.00429], [-95.63429, 30.00372], [-95.6251, 29.99607], [-95.61567, 29.98799], [-95.61174, 29.99148], [-95.61323, 29.9933], [-95.61377, 29.99434], [-95.61412, 29.99598], [-95.61393, 29.99752], [-95.61345, 29.99867], [-95.61225, 30.00009], [-95.6097, 30.00234], [-95.60863, 30.00371], [-95.60802, 30.00579], [-95.60798, 30.01272], [-95.6127, 30.01288], [-95.61669, 30.01264], [-95.61766, 30.01229], [-95.62635, 30.00589], [-95.62693, 30.0058], [-95.63318, 30.00567], [-95.63412, 30.00532], [-95.6356, 30.00429]]]}, "properties": {"GEOID": "48201554600", "under5_pop": 357, "licensed_capacity": 631, "children_per_slot": 0.57, "childcare_desert": 0, "pct_zero_car": 0.0245}}, {"type": "Feature", "geometry": {"type": "Polygon", "coordinates": [[[-95.62071, 29.94749], [-95.62116, 29.94661], [-95.62093, 29.93611], [-95.62026, 29.93352], [-95.62021, 29.92929], [-95.61815, 29.92913], [-95.61591, 29.92823], [-95.61284, 29.92614], [-95.6107, 29.92553], [-95.60632, 29.92548], [-95.60637, 29.93186], [-95.60668, 29.93341], [-95.60745, 29.93504], [-95.60775, 29.93668], [-95.6079, 29.94478], [-95.60785, 29.94722], [-95.60712, 29.94866], [-95.60537, 29.95045], [-95.60484, 29.95234], [-95.60617, 29.95229], [-95.60783, 29.95183], [-95.60902, 29.95108], [-95.61162, 29.94873], [-95.61342, 29.94776], [-95.61456, 29.9475], [-95.62071, 29.94749]]]}, "properties": {"GEOID": "48201552102", "under5_pop": 531, "licensed_capacity": 48, "children_per_slot": 11.06, "childcare_desert": 1, "pct_zero_car": 0.0075}}, {"type": "Feature", "geometry": {"type": "Polygon", "coordinates": [[[-95.53139, 29.74721], [-95.53379, 29.7463], [-95.53476, 29.7463], [-95.53493, 29.74468], [-95.53447, 29.74244], [-95.53483, 29.7415], [-95.53371, 29.74099], [-95.53148, 29.74087], [-95.53144, 29.73722], [-95.52117, 29.73733], [-95.52136, 29.74089], [-95.52178, 29.74206], [-95.5229, 29.74212], [-95.52312, 29.74297], [-95.52661, 29.74294], [-95.52851, 29.74486], [-95.52841, 29.74607], [-95.52918, 29.74579], [-95.53139, 29.74721]]]}, "properties": {"GEOID": "48201431102", "under5_pop": 98, "licensed_capacity": 136, "children_per_slot": 0.72, "childcare_desert": 0, "pct_zero_car": 0.0949}}, {"type": "Feature", "geometry": {"type": "Polygon", "coordinates": [[[-95.53139, 29.74721], [-95.53208, 29.74839], [-95.53098, 29.74943], [-95.53197, 29.75029], [-95.53371, 29.74957], [-95.5358, 29.75123], [-95.53742, 29.7514], [-95.5387, 29.75262], [-95.53976, 29.75191], [-95.5389, 29.75074], [-95.53848, 29.74962], [-95.53844, 29.7475], [-95.53836, 29.73959], [-95.53887, 29.73712], [-95.53144, 29.73722], [-95.53148, 29.74087], [-95.53371, 29.74099], [-95.53483, 29.7415], [-95.53447, 29.74244], [-95.53493, 29.74468], [-95.53476, 29.7463], [-95.53379, 29.7463], [-95.53139, 29.74721]]]}, "properties": {"GEOID": "48201431101", "under5_pop": 154, "licensed_capacity": 0, "children_per_slot": null, "childcare_desert": 1, "pct_zero_car": 0.0567}}, {"type": "Feature", "geometry": {"type": "Polygon", "coordinates": [[[-95.55747, 29.71176], [-95.55738, 29.7045], [-95.55146, 29.70482], [-95.54529, 29.70494], [-95.54532, 29.70766], [-95.54555, 29.71154], [-95.546, 29.71289], [-95.5478, 29.71214], [-95.54957, 29.71184], [-95.55747, 29.71176]]]}, "properties": {"GEOID": "48201433003", "under5_pop": 510, "licensed_capacity": 148, "children_per_slot": 3.45, "childcare_desert": 1, "pct_zero_car": 0.1926}}, {"type": "Feature", "geometry": {"type": "Polygon", "coordinates": [[[-95.53906, 29.71971], [-95.53893, 29.71449], [-95.5351, 29.71454], [-95.52417, 29.71465], [-95.52407, 29.70663], [-95.52381, 29.7064], [-95.52129, 29.70642], [-95.52131, 29.71134], [-95.52081, 29.71317], [-95.51999, 29.71543], [-95.51999, 29.71775], [-95.52003, 29.72026], [-95.52025, 29.72124], [-95.529, 29.7205], [-95.53906, 29.71971]]]}, "properties": {"GEOID": "48201432901", "under5_pop": 163, "licensed_capacity": 0, "children_per_slot": null, "childcare_desert": 1, "pct_zero_car": 0.0706}}, {"type": "Feature", "geometry": {"type": "Polygon", "coordinates": [[[-95.14469, 29.71172], [-95.14494, 29.71135], [-95.145, 29.70118], [-95.14379, 29.7012], [-95.14368, 29.69465], [-95.14291, 29.69465], [-95.14272, 29.68948], [-95.14262, 29.68174], [-95.12927, 29.68191], [-95.12735, 29.681], [-95.12624, 29.67988], [-95.12456, 29.67922], [-95.12328, 29.6792], [-95.12349, 29.68954], [-95.12375, 29.69858], [-95.124, 29.7115], [-95.13043, 29.7116], [-95.13508, 29.71142], [-95.14469, 29.71172]]]}, "properties": {"GEOID": "48201342500", "under5_pop": 271, "licensed_capacity": 301, "children_per_slot": 0.9, "childcare_desert": 0, "pct_zero_car": 0.0551}}, {"type": "Feature", "geometry": {"type": "Polygon", "coordinates": [[[-95.124, 29.7115], [-95.12375, 29.69858], [-95.12349, 29.68954], [-95.12328, 29.6792], [-95.11312, 29.67937], [-95.11336, 29.68973], [-95.11351, 29.69929], [-95.1138, 29.71015], [-95.11298, 29.71052], [-95.11613, 29.71118], [-95.11795, 29.71132], [-95.124, 29.7115]]]}, "properties": {"GEOID": "48201342700", "under5_pop": 223, "licensed_capacity": 142, "children_per_slot": 1.57, "childcare_desert": 0, "pct_zero_car": 0.0311}}, {"type": "Feature", "geometry": {"type": "Polygon", "coordinates": [[[-95.54467, 29.79428], [-95.54456, 29.78919], [-95.54412, 29.7874], [-95.54398, 29.78474], [-95.53178, 29.78474], [-95.53133, 29.7867], [-95.5314, 29.78973], [-95.532, 29.79179], [-95.5334, 29.79398], [-95.53354, 29.79516], [-95.53743, 29.79413], [-95.54467, 29.79428]]]}, "properties": {"GEOID": "48201522302", "under5_pop": 16, "licensed_capacity": 337, "children_per_slot": 0.05, "childcare_desert": 0, "pct_zero_car": 0.0125}}, {"type": "Feature", "geometry": {"type": "Polygon", "coordinates": [[[-95.1335, 29.92003], [-95.13292, 29.91948], [-95.12869, 29.91749], [-95.1259, 29.91586], [-95.12478, 29.91468], [-95.12383, 29.9128], [-95.12389, 29.91151], [-95.1248, 29.90803], [-95.12507, 29.90596], [-95.12344, 29.90383], [-95.12161, 29.90238], [-95.12056, 29.90127], [-95.119, 29.90045], [-95.11753, 29.89925], [-95.11712, 29.89858], [-95.116, 29.89446], [-95.11414, 29.89179], [-95.11324, 29.89098], [-95.11089, 29.89103], [-95.10867, 29.89231], [-95.10667, 29.893], [-95.1047, 29.89342], [-95.10343, 29.8933], [-95.10189, 29.89259], [-95.09937, 29.89066], [-95.0974, 29.8885], [-95.09701, 29.88768], [-95.0968, 29.88329], [-95.09651, 29.88167], [-95.09538, 29.88024], [-95.09211, 29.88091], [-95.09019, 29.88193], [-95.08867, 29.88339], [-95.08813, 29.88422], [-95.08452, 29.89586], [-95.08366, 29.89787], [-95.07761, 29.90269], [-95.07228, 29.90669], [-95.06378, 29.91324], [-95.06394, 29.92263], [-95.06742, 29.92467], [-95.06816, 29.92485], [-95.07813, 29.92335], [-95.08424, 29.92297], [-95.09619, 29.9261], [-95.09705, 29.92587], [-95.09975, 29.92414], [-95.10233, 29.92095], [-95.10274, 29.92067], [-95.11035, 29.91878], [-95.11563, 29.91718], [-95.11667, 29.91729], [-95.12074, 29.91982], [-95.12206, 29.92005], [-95.12288, 29.92129], [-95.12297, 29.92267], [-95.12484, 29.9243], [-95.12538, 29.92409], [-95.1335, 29.92003]]]}, "properties": {"GEOID": "48201251902", "under5_pop": 1119, "licensed_capacity": 249, "children_per_slot": 4.49, "childcare_desert": 1, "pct_zero_car": 0.0231}}, {"type": "Feature", "geometry": {"type": "Polygon", "coordinates": [[[-95.23454, 29.69049], [-95.22951, 29.68332], [-95.22153, 29.68335], [-95.22161, 29.69063], [-95.21967, 29.69067], [-95.21983, 29.69719], [-95.21987, 29.70525], [-95.21997, 29.71029], [-95.22215, 29.71002], [-95.22419, 29.70952], [-95.22814, 29.70766], [-95.2281, 29.69982], [-95.22795, 29.69283], [-95.22809, 29.69056], [-95.23454, 29.69049]]]}, "properties": {"GEOID": "48201321900", "under5_pop": 739, "licensed_capacity": 12, "children_per_slot": 61.58, "childcare_desert": 1, "pct_zero_car": 0.0441}}, {"type": "Feature", "geometry": {"type": "Polygon", "coordinates": [[[-95.21997, 29.71029], [-95.21987, 29.70525], [-95.21983, 29.69719], [-95.21967, 29.69067], [-95.21753, 29.69074], [-95.2166, 29.69193], [-95.21634, 29.69484], [-95.21695, 29.69642], [-95.21679, 29.698], [-95.21634, 29.70178], [-95.21662, 29.70372], [-95.21656, 29.70575], [-95.21567, 29.70739], [-95.21551, 29.70838], [-95.21657, 29.7107], [-95.21997, 29.71029]]]}, "properties": {"GEOID": "48201322000", "under5_pop": 541, "licensed_capacity": 88, "children_per_slot": 6.15, "childcare_desert": 1, "pct_zero_car": 0.089}}, {"type": "Feature", "geometry": {"type": "Polygon", "coordinates": [[[-95.1919, 29.61617], [-95.18823, 29.61257], [-95.17894, 29.60263], [-95.17697, 29.60062], [-95.16836, 29.59147], [-95.16618, 29.59137], [-95.16465, 29.59163], [-95.16123, 29.59152], [-95.15313, 29.59172], [-95.1536, 29.5926], [-95.15373, 29.60129], [-95.15384, 29.60478], [-95.14221, 29.61493], [-95.14474, 29.61707], [-95.15367, 29.61167], [-95.15384, 29.62291], [-95.15403, 29.62699], [-95.15416, 29.62709], [-95.16256, 29.62694], [-95.16241, 29.62078], [-95.17091, 29.62063], [-95.17111, 29.62313], [-95.17898, 29.62331], [-95.17921, 29.62348], [-95.18143, 29.62195], [-95.18418, 29.6204], [-95.18998, 29.61748], [-95.1919, 29.61617]]]}, "properties": {"GEOID": "48201340201", "under5_pop": 0, "licensed_capacity": 0, "children_per_slot": null, "childcare_desert": 0, "pct_zero_car": 0.0}}, {"type": "Feature", "geometry": {"type": "Polygon", "coordinates": [[[-95.12447, 30.14451], [-95.12433, 30.14386], [-95.12481, 30.14136], [-95.12426, 30.14094], [-95.12406, 30.13979], [-95.12455, 30.13898], [-95.12552, 30.13922], [-95.12614, 30.1389], [-95.12552, 30.13794], [-95.12608, 30.13671], [-95.12685, 30.13701], [-95.1277, 30.13637], [-95.12823, 30.13356], [-95.12919, 30.13291], [-95.12875, 30.13193], [-95.12795, 30.13155], [-95.12853, 30.12913], [-95.13034, 30.12775], [-95.13098, 30.12825], [-95.13075, 30.12705], [-95.13122, 30.12531], [-95.13125, 30.12404], [-95.1334, 30.12118], [-95.13376, 30.1203], [-95.13463, 30.11983], [-95.13561, 30.1187], [-95.1376, 30.11771], [-95.13821, 30.11619], [-95.13786, 30.11368], [-95.13849, 30.11299], [-95.14013, 30.11219], [-95.14143, 30.11244], [-95.14346, 30.1109], [-95.14476, 30.10925], [-95.14702, 30.1092], [-95.14714, 30.10841], [-95.14803, 30.10775], [-95.14972, 30.10758], [-95.15027, 30.10791], [-95.15142, 30.10761], [-95.15111, 30.10674], [-95.14982, 30.10525], [-95.14992, 30.10477], [-95.15121, 30.10436], [-95.15091, 30.10234], [-95.14968, 30.10148], [-95.14953, 30.1008], [-95.15069, 30.10006], [-95.15066, 30.09954], [-95.14924, 30.09874], [-95.14971, 30.09693], [-95.14858, 30.09606], [-95.14871, 30.09537], [-95.14786, 30.09368], [-95.14851, 30.09242], [-95.1488, 30.091], [-95.14957, 30.08998], [-95.15053, 30.08967], [-95.15022, 30.08844], [-95.14875, 30.08796], [-95.14855, 30.0874], [-95.14913, 30.08649], [-95.15295, 30.08556], [-95.15431, 30.08408], [-95.15542, 30.08345], [-95.15578, 30.08284], [-95.15478, 30.08179], [-95.15471, 30.08083], [-95.15353, 30.07954], [-95.15323, 30.07845], [-95.15357, 30.07717], [-95.15524, 30.07585], [-95.15569, 30.07488], [-95.1555, 30.07393], [-95.15418, 30.07249], [-95.15275, 30.07168], [-95.15067, 30.07107], [-95.1492, 30.07127], [-95.14823, 30.07177], [-95.14702, 30.07188], [-95.14601, 30.07083], [-95.14391, 30.06582], [-95.14121, 30.06142], [-95.13851, 30.05932], [-95.13231, 30.05272], [-95.12291, 30.04362], [-95.12433, 30.04102], [-95.1195, 30.0439], [-95.11858, 30.04495], [-95.11844, 30.04676], [-95.11567, 30.04744], [-95.11424, 30.04761], [-95.11157, 30.04746], [-95.10982, 30.04845], [-95.10766, 30.04866], [-95.10668, 30.04941], [-95.10547, 30.05086], [-95.10323, 30.05205], [-95.10239, 30.05406], [-95.10137, 30.05421], [-95.09978, 30.05596], [-95.10008, 30.05662], [-95.1015, 30.0574], [-95.10176, 30.05807], [-95.10209, 30.06081], [-95.10158, 30.06127], [-95.10138, 30.06277], [-95.10062, 30.0634], [-95.10116, 30.06467], [-95.10108, 30.06546], [-95.10013, 30.06545], [-95.09871, 30.06642], [-95.09773, 30.06744], [-95.09755, 30.06867], [-95.0963, 30.06875], [-95.09546, 30.06938], [-95.09549, 30.07013], [-95.09412, 30.07061], [-95.09511, 30.07164], [-95.0946, 30.07202], [-95.09276, 30.07217], [-95.09202, 30.07289], [-95.09277, 30.07339], [-95.09207, 30.07656], [-95.09252, 30.07787], [-95.09149, 30.07899], [-95.09256, 30.07965], [-95.09181, 30.08011], [-95.09179, 30.08097], [-95.09056, 30.08083], [-95.09066, 30.08167], [-95.09163, 30.08211], [-95.09186, 30.08334], [-95.09077, 30.08439], [-95.09054, 30.08367], [-95.08964, 30.08378], [-95.09043, 30.08475], [-95.08916, 30.08642], [-95.08703, 30.08608], [-95.08442, 30.0881], [-95.08388, 30.08893], [-95.08423, 30.08976], [-95.08547, 30.09082], [-95.08467, 30.09123], [-95.08395, 30.0923], [-95.08364, 30.09147], [-95.08167, 30.09162], [-95.08203, 30.09242], [-95.08059, 30.09342], [-95.08033, 30.09411], [-95.08073, 30.09492], [-95.08014, 30.0953], [-95.07871, 30.09514], [-95.07862, 30.09625], [-95.07989, 30.09686], [-95.07901, 30.09764], [-95.07921, 30.09842], [-95.07812, 30.099], [-95.07874, 30.1002], [-95.07794, 30.10071], [-95.07656, 30.10098], [-95.07653, 30.10194], [-95.07543, 30.1017], [-95.07519, 30.10265], [-95.07448, 30.10291], [-95.07409, 30.10174], [-95.0726, 30.10305], [-95.07328, 30.10371], [-95.08459, 30.1355], [-95.08525, 30.13718], [-95.09306, 30.15809], [-95.09547, 30.16379], [-95.09671, 30.16721], [-95.11545, 30.15209], [-95.12401, 30.14502], [-95.12447, 30.14451]]]}, "properties": {"GEOID": "48201251600", "under5_pop": 411, "licensed_capacity": 0, "children_per_slot": null, "childcare_desert": 1, "pct_zero_car": 0.0098}}, {"type": "Feature", "geometry": {"type": "Polygon", "coordinates": [[[-95.64405, 29.73564], [-95.64396, 29.72914], [-95.63051, 29.72929], [-95.62752, 29.72958], [-95.62573, 29.7294], [-95.62254, 29.72823], [-95.61961, 29.72807], [-95.61969, 29.73592], [-95.62382, 29.73586], [-95.62674, 29.73588], [-95.63435, 29.73581], [-95.64405, 29.73564]]]}, "properties": {"GEOID": "48201451700", "under5_pop": 405, "licensed_capacity": 116, "children_per_slot": 3.49, "childcare_desert": 1, "pct_zero_car": 0.0498}}, {"type": "Feature", "geometry": {"type": "Polygon", "coordinates": [[[-95.49269, 29.6506], [-95.49343, 29.64796], [-95.49334, 29.64447], [-95.49317, 29.6361], [-95.4855, 29.6391], [-95.48234, 29.64027], [-95.48245, 29.64341], [-95.4821, 29.64464], [-95.48227, 29.65047], [-95.48125, 29.65272], [-95.47801, 29.6558], [-95.4773, 29.65668], [-95.47671, 29.6593], [-95.47886, 29.65828], [-95.48135, 29.65756], [-95.483, 29.65732], [-95.49205, 29.65719], [-95.4922, 29.65699], [-95.49213, 29.65247], [-95.49269, 29.6506]]]}, "properties": {"GEOID": "48201422100", "under5_pop": 168, "licensed_capacity": 92, "children_per_slot": 1.83, "childcare_desert": 0, "pct_zero_car": 0.0519}}, {"type": "Feature", "geometry": {"type": "Polygon", "coordinates": [[[-95.35629, 29.64822], [-95.35602, 29.64241], [-95.35595, 29.63822], [-95.34937, 29.63817], [-95.34883, 29.63793], [-95.34891, 29.63628], [-95.3487, 29.63622], [-95.33939, 29.63696], [-95.33685, 29.63724], [-95.33194, 29.63759], [-95.32399, 29.63752], [-95.32399, 29.63882], [-95.30979, 29.63905], [-95.3119, 29.64599], [-95.31465, 29.655], [-95.31659, 29.65416], [-95.31745, 29.65234], [-95.31894, 29.65117], [-95.32013, 29.65063], [-95.32496, 29.65043], [-95.32707, 29.64946], [-95.32852, 29.64967], [-95.32969, 29.64893], [-95.33132, 29.64669], [-95.33231, 29.64634], [-95.33381, 29.64641], [-95.33513, 29.64543], [-95.33653, 29.64549], [-95.33698, 29.64512], [-95.33771, 29.64441], [-95.33846, 29.64434], [-95.3405, 29.64525], [-95.34133, 29.64602], [-95.34437, 29.64667], [-95.34492, 29.64767], [-95.34569, 29.64781], [-95.34856, 29.64706], [-95.35166, 29.64811], [-95.35219, 29.64905], [-95.35469, 29.64936], [-95.35629, 29.64822]]]}, "properties": {"GEOID": "48201331700", "under5_pop": 542, "licensed_capacity": 119, "children_per_slot": 4.55, "childcare_desert": 1, "pct_zero_car": 0.1674}}, {"type": "Feature", "geometry": {"type": "Polygon", "coordinates": [[[-95.35552, 29.65844], [-95.35541, 29.65349], [-95.35606, 29.6505], [-95.35629, 29.64822], [-95.35469, 29.64936], [-95.35219, 29.64905], [-95.35166, 29.64811], [-95.34856, 29.64706], [-95.34569, 29.64781], [-95.34492, 29.64767], [-95.34437, 29.64667], [-95.34133, 29.64602], [-95.3405, 29.64525], [-95.33846, 29.64434], [-95.33771, 29.64441], [-95.33698, 29.64512], [-95.33728, 29.64801], [-95.33638, 29.65184], [-95.33651, 29.65862], [-95.33731, 29.65857], [-95.35485, 29.65837], [-95.35552, 29.65844]]]}, "properties": {"GEOID": "48201331800", "under5_pop": 516, "licensed_capacity": 12, "children_per_slot": 43, "childcare_desert": 1, "pct_zero_car": 0.2527}}, {"type": "Feature", "geometry": {"type": "Polygon", "coordinates": [[[-95.35571, 29.66909], [-95.35552, 29.65844], [-95.35485, 29.65837], [-95.33731, 29.65857], [-95.33651, 29.65862], [-95.33666, 29.66193], [-95.33713, 29.6639], [-95.3372, 29.66634], [-95.34534, 29.6662], [-95.3476, 29.66678], [-95.35048, 29.66699], [-95.35311, 29.66777], [-95.35571, 29.66909]]]}, "properties": {"GEOID": "48201331900", "under5_pop": 144, "licensed_capacity": 0, "children_per_slot": null, "childcare_desert": 1, "pct_zero_car": 0.0734}}, {"type": "Feature", "geometry": {"type": "Polygon", "coordinates": [[[-95.35596, 29.68092], [-95.35596, 29.68036], [-95.35242, 29.67933], [-95.3503, 29.67899], [-95.33898, 29.67556], [-95.33644, 29.67542], [-95.33661, 29.67845], [-95.33713, 29.67935], [-95.33911, 29.68116], [-95.34094, 29.68571], [-95.3492, 29.68325], [-95.35276, 29.68178], [-95.35596, 29.68092]]]}, "properties": {"GEOID": "48201332100", "under5_pop": 192, "licensed_capacity": 0, "children_per_slot": null, "childcare_desert": 1, "pct_zero_car": 0.0401}}, {"type": "Feature", "geometry": {"type": "Polygon", "coordinates": [[[-95.50829, 29.64423], [-95.50826, 29.63851], [-95.50811, 29.63265], [-95.50754, 29.63062], [-95.50195, 29.63283], [-95.49317, 29.6361], [-95.49334, 29.64447], [-95.50037, 29.64437], [-95.50316, 29.64433], [-95.50829, 29.64423]]]}, "properties": {"GEOID": "48201422200", "under5_pop": 400, "licensed_capacity": 543, "children_per_slot": 0.74, "childcare_desert": 0, "pct_zero_car": 0.2113}}, {"type": "Feature", "geometry": {"type": "Polygon", "coordinates": [[[-95.15565, 29.66565], [-95.15573, 29.6633], [-95.15614, 29.65969], [-95.15601, 29.65178], [-95.15614, 29.64967], [-95.1521, 29.64959], [-95.14357, 29.64973], [-95.13312, 29.64992], [-95.12749, 29.65021], [-95.12218, 29.65028], [-95.12358, 29.65222], [-95.12422, 29.65345], [-95.13186, 29.66204], [-95.13267, 29.6635], [-95.13549, 29.66346], [-95.1374, 29.66398], [-95.13978, 29.66531], [-95.14219, 29.66586], [-95.15565, 29.66565]]]}, "properties": {"GEOID": "48201342100", "under5_pop": 230, "licensed_capacity": 586, "children_per_slot": 0.39, "childcare_desert": 0, "pct_zero_car": 0.0}}, {"type": "Feature", "geometry": {"type": "Polygon", "coordinates": [[[-95.15526, 29.68152], [-95.156, 29.6789], [-95.15608, 29.67758], [-95.15595, 29.67068], [-95.15565, 29.66565], [-95.14219, 29.66586], [-95.13978, 29.66531], [-95.1374, 29.66398], [-95.13549, 29.66346], [-95.13267, 29.6635], [-95.13654, 29.67259], [-95.1376, 29.67382], [-95.1441, 29.67764], [-95.151, 29.68167], [-95.15526, 29.68152]]]}, "properties": {"GEOID": "48201342200", "under5_pop": 208, "licensed_capacity": 125, "children_per_slot": 1.66, "childcare_desert": 0, "pct_zero_car": 0.0}}, {"type": "Feature", "geometry": {"type": "Polygon", "coordinates": [[[-95.14262, 29.68174], [-95.14261, 29.6781], [-95.14427, 29.67807], [-95.1441, 29.67764], [-95.1376, 29.67382], [-95.13654, 29.67259], [-95.13267, 29.6635], [-95.12295, 29.66373], [-95.12298, 29.6667], [-95.12328, 29.6792], [-95.12456, 29.67922], [-95.12624, 29.67988], [-95.12735, 29.681], [-95.12927, 29.68191], [-95.14262, 29.68174]]]}, "properties": {"GEOID": "48201342300", "under5_pop": 332, "licensed_capacity": 240, "children_per_slot": 1.38, "childcare_desert": 0, "pct_zero_car": 0.0791}}, {"type": "Feature", "geometry": {"type": "Polygon", "coordinates": [[[-95.54218, 29.67587], [-95.53605, 29.67623], [-95.53052, 29.67642], [-95.52836, 29.67689], [-95.52248, 29.67987], [-95.5238, 29.6811], [-95.52408, 29.68204], [-95.52412, 29.68526], [-95.5238, 29.68603], [-95.52385, 29.69064], [-95.52603, 29.69058], [-95.52579, 29.69171], [-95.52717, 29.6921], [-95.52867, 29.69071], [-95.53075, 29.68806], [-95.53523, 29.68242], [-95.53679, 29.68086], [-95.54218, 29.67587]]]}, "properties": {"GEOID": "48201422900", "under5_pop": 342, "licensed_capacity": 100, "children_per_slot": 3.42, "childcare_desert": 1, "pct_zero_car": 0.1518}}, {"type": "Feature", "geometry": {"type": "Polygon", "coordinates": [[[-95.21679, 29.698], [-95.21695, 29.69642], [-95.21634, 29.69484], [-95.2166, 29.69193], [-95.21753, 29.69074], [-95.21725, 29.68697], [-95.21608, 29.68511], [-95.21616, 29.684], [-95.2156, 29.68267], [-95.21453, 29.68106], [-95.21368, 29.67915], [-95.2118, 29.67861], [-95.21063, 29.67774], [-95.20956, 29.67532], [-95.20854, 29.67423], [-95.20801, 29.67417], [-95.20804, 29.67527], [-95.20817, 29.67649], [-95.20884, 29.67808], [-95.20899, 29.68359], [-95.20915, 29.68797], [-95.21077, 29.68983], [-95.21127, 29.69077], [-95.20098, 29.69087], [-95.20105, 29.69813], [-95.20937, 29.69806], [-95.21679, 29.698]]]}, "properties": {"GEOID": "48201322100", "under5_pop": 279, "licensed_capacity": 232, "children_per_slot": 1.2, "childcare_desert": 0, "pct_zero_car": 0.0688}}, {"type": "Feature", "geometry": {"type": "Polygon", "coordinates": [[[-95.21679, 29.698], [-95.20937, 29.69806], [-95.20949, 29.7035], [-95.20944, 29.70535], [-95.20953, 29.71135], [-95.21657, 29.7107], [-95.21551, 29.70838], [-95.21567, 29.70739], [-95.21656, 29.70575], [-95.21662, 29.70372], [-95.21634, 29.70178], [-95.21679, 29.698]]]}, "properties": {"GEOID": "48201322200", "under5_pop": 93, "licensed_capacity": 0, "children_per_slot": null, "childcare_desert": 1, "pct_zero_car": 0.1538}}, {"type": "Feature", "geometry": {"type": "Polygon", "coordinates": [[[-95.51786, 29.70038], [-95.52444, 29.69458], [-95.52717, 29.6921], [-95.52579, 29.69171], [-95.52603, 29.69058], [-95.52385, 29.69064], [-95.5238, 29.68603], [-95.52412, 29.68526], [-95.52408, 29.68204], [-95.5238, 29.6811], [-95.52248, 29.67987], [-95.51099, 29.68563], [-95.50874, 29.68678], [-95.50896, 29.68892], [-95.50996, 29.69201], [-95.51116, 29.69423], [-95.5127, 29.69596], [-95.51786, 29.70038]]]}, "properties": {"GEOID": "48201422800", "under5_pop": 14, "licensed_capacity": 148, "children_per_slot": 0.09, "childcare_desert": 0, "pct_zero_car": 0.1494}}, {"type": "Feature", "geometry": {"type": "Polygon", "coordinates": [[[-95.01884, 29.64595], [-95.01948, 29.64551], [-95.02047, 29.6456], [-95.02228, 29.64749], [-95.02321, 29.6476], [-95.0238, 29.64881], [-95.02454, 29.64908], [-95.0253, 29.65024], [-95.02624, 29.65045], [-95.02754, 29.65026], [-95.02808, 29.65082], [-95.02799, 29.65233], [-95.02988, 29.65233], [-95.02978, 29.64569], [-95.02951, 29.63819], [-95.02958, 29.63652], [-95.03001, 29.63445], [-95.03066, 29.63275], [-95.03309, 29.62784], [-95.03418, 29.6247], [-95.03425, 29.62276], [-95.03354, 29.61439], [-95.03292, 29.61038], [-95.03247, 29.61057], [-95.03231, 29.61191], [-95.03254, 29.61334], [-95.03246, 29.61502], [-95.03211, 29.61643], [-95.02289, 29.61656], [-95.02142, 29.61669], [-95.01829, 29.61787], [-95.0185, 29.62993], [-95.01885, 29.64471], [-95.01884, 29.64595]]]}, "properties": {"GEOID": "48201341800", "under5_pop": 248, "licensed_capacity": 0, "children_per_slot": null, "childcare_desert": 1, "pct_zero_car": 0.036}}, {"type": "Feature", "geometry": {"type": "Polygon", "coordinates": [[[-95.41236, 29.68206], [-95.41913, 29.68219], [-95.4192, 29.67781], [-95.41227, 29.67808], [-95.41236, 29.68206]]]}, "properties": {"GEOID": "48201314301", "under5_pop": 113, "licensed_capacity": 0, "children_per_slot": null, "childcare_desert": 1, "pct_zero_car": 0.0949}}, {"type": "Feature", "geometry": {"type": "Polygon", "coordinates": [[[-95.48207, 29.62841], [-95.48262, 29.62707], [-95.48404, 29.62574], [-95.48711, 29.62429], [-95.48885, 29.62284], [-95.49051, 29.61955], [-95.49178, 29.61756], [-95.49504, 29.61339], [-95.49266, 29.61237], [-95.47412, 29.60373], [-95.46912, 29.60133], [-95.46505, 29.5996], [-95.46459, 29.60067], [-95.46447, 29.60312], [-95.46472, 29.60579], [-95.46491, 29.60761], [-95.46497, 29.61165], [-95.46491, 29.61524], [-95.46502, 29.61743], [-95.46519, 29.62728], [-95.47068, 29.6273], [-95.47593, 29.6284], [-95.48207, 29.62841]]]}, "properties": {"GEOID": "48201330302", "under5_pop": 269, "licensed_capacity": 260, "children_per_slot": 1.03, "childcare_desert": 0, "pct_zero_car": 0.0393}}, {"type": "Feature", "geometry": {"type": "Polygon", "coordinates": [[[-95.27711, 29.67241], [-95.27691, 29.66556], [-95.27501, 29.66559], [-95.27203, 29.66563], [-95.2698, 29.66532], [-95.26315, 29.66545], [-95.26319, 29.66792], [-95.26248, 29.66913], [-95.26401, 29.67135], [-95.26514, 29.67265], [-95.268, 29.67556], [-95.2709, 29.67335], [-95.272, 29.67273], [-95.27339, 29.67249], [-95.27711, 29.67241]]]}, "properties": {"GEOID": "48201333201", "under5_pop": 498, "licensed_capacity": 151, "children_per_slot": 3.3, "childcare_desert": 1, "pct_zero_car": 0.1706}}, {"type": "Feature", "geometry": {"type": "Polygon", "coordinates": [[[-95.13814, 29.59212], [-95.13525, 29.58947], [-95.1337, 29.58693], [-95.13033, 29.58381], [-95.12617, 29.57951], [-95.12464, 29.57858], [-95.12201, 29.57749], [-95.11969, 29.58179], [-95.11852, 29.58422], [-95.11789, 29.58658], [-95.11771, 29.58815], [-95.11776, 29.59061], [-95.11847, 29.5938], [-95.11906, 29.59527], [-95.12423, 29.60512], [-95.1282, 29.60285], [-95.13266, 29.60063], [-95.13425, 29.5989], [-95.13507, 29.59762], [-95.13591, 29.59486], [-95.13696, 29.59322], [-95.13814, 29.59212]]]}, "properties": {"GEOID": "48201340301", "under5_pop": 215, "licensed_capacity": 175, "children_per_slot": 1.23, "childcare_desert": 0, "pct_zero_car": 0.0049}}, {"type": "Feature", "geometry": {"type": "Polygon", "coordinates": [[[-95.17653, 30.02732], [-95.17882, 30.02152], [-95.18035, 30.01746], [-95.18067, 30.0153], [-95.17989, 30.01289], [-95.17832, 30.01115], [-95.17587, 30.00943], [-95.17401, 30.00881], [-95.16961, 30.00788], [-95.16874, 30.00965], [-95.16733, 30.01047], [-95.16665, 30.00988], [-95.16577, 30.01058], [-95.16536, 30.01168], [-95.16082, 30.01041], [-95.15983, 30.01239], [-95.15606, 30.01343], [-95.15651, 30.01405], [-95.15784, 30.01468], [-95.15778, 30.0169], [-95.15718, 30.01753], [-95.15538, 30.01758], [-95.15516, 30.01845], [-95.15709, 30.02015], [-95.1551, 30.02077], [-95.15502, 30.02014], [-95.15244, 30.01991], [-95.15227, 30.0202], [-95.14858, 30.0186], [-95.1473, 30.01694], [-95.14522, 30.01487], [-95.14377, 30.01308], [-95.14334, 30.01308], [-95.14189, 30.02093], [-95.14568, 30.02207], [-95.14788, 30.02431], [-95.15208, 30.03354], [-95.15398, 30.03496], [-95.1562, 30.03661], [-95.16584, 30.03152], [-95.16826, 30.03053], [-95.17427, 30.02892], [-95.17653, 30.02732]]]}, "properties": {"GEOID": "48201250802", "under5_pop": 507, "licensed_capacity": 0, "children_per_slot": null, "childcare_desert": 1, "pct_zero_car": 0.0}}, {"type": "Feature", "geometry": {"type": "Polygon", "coordinates": [[[-95.20009, 29.92467], [-95.19999, 29.92294], [-95.20147, 29.91266], [-95.20323, 29.90139], [-95.20319, 29.89202], [-95.20311, 29.89154], [-95.20285, 29.88987], [-95.20226, 29.88844], [-95.20068, 29.88633], [-95.1978, 29.88292], [-95.18974, 29.87364], [-95.18838, 29.87177], [-95.1877, 29.87044], [-95.18735, 29.86801], [-95.18735, 29.86472], [-95.18715, 29.85334], [-95.18705, 29.84859], [-95.18661, 29.84573], [-95.18568, 29.84349], [-95.17403, 29.84853], [-95.16645, 29.85172], [-95.166, 29.85474], [-95.16189, 29.87342], [-95.1611, 29.87692], [-95.16104, 29.88462], [-95.15949, 29.88578], [-95.15265, 29.90124], [-95.15603, 29.89977], [-95.1579, 29.89914], [-95.16037, 29.89856], [-95.15802, 29.9003], [-95.15605, 29.90268], [-95.1556, 29.90504], [-95.15571, 29.90753], [-95.1563, 29.90911], [-95.15756, 29.91088], [-95.16035, 29.91354], [-95.16205, 29.9155], [-95.16443, 29.91914], [-95.16749, 29.92276], [-95.17242, 29.9268], [-95.1756, 29.93032], [-95.17675, 29.93071], [-95.17821, 29.92805], [-95.17956, 29.92675], [-95.18116, 29.92577], [-95.18365, 29.92492], [-95.18602, 29.9247], [-95.18861, 29.9247], [-95.1903, 29.92441], [-95.19289, 29.92441], [-95.19603, 29.92498], [-95.19817, 29.92493], [-95.20009, 29.92467]]]}, "properties": {"GEOID": "48201252002", "under5_pop": 624, "licensed_capacity": 524, "children_per_slot": 1.19, "childcare_desert": 0, "pct_zero_car": 0.0121}}, {"type": "Feature", "geometry": {"type": "Polygon", "coordinates": [[[-95.26848, 29.93479], [-95.27922, 29.93471], [-95.28759, 29.93459], [-95.28735, 29.91621], [-95.28725, 29.91335], [-95.28638, 29.91342], [-95.28543, 29.91429], [-95.28216, 29.91523], [-95.28049, 29.91618], [-95.27413, 29.91627], [-95.27238, 29.91675], [-95.26649, 29.91544], [-95.26518, 29.91542], [-95.26275, 29.91667], [-95.25933, 29.91744], [-95.25427, 29.92089], [-95.25518, 29.92144], [-95.2552, 29.92226], [-95.25459, 29.92312], [-95.25485, 29.92484], [-95.25757, 29.92478], [-95.25635, 29.92704], [-95.25854, 29.92868], [-95.26006, 29.92906], [-95.26204, 29.92886], [-95.26349, 29.92907], [-95.26455, 29.92979], [-95.26564, 29.93142], [-95.26714, 29.93261], [-95.26877, 29.93311], [-95.26848, 29.93479]]]}, "properties": {"GEOID": "48201232202", "under5_pop": 656, "licensed_capacity": 0, "children_per_slot": null, "childcare_desert": 1, "pct_zero_car": 0.0113}}, {"type": "Feature", "geometry": {"type": "Polygon", "coordinates": [[[-95.21891, 29.80261], [-95.21869, 29.7921], [-95.21869, 29.78667], [-95.21849, 29.77653], [-95.21827, 29.77584], [-95.21732, 29.77448], [-95.21389, 29.77138], [-95.21366, 29.77074], [-95.20794, 29.77132], [-95.2006, 29.77166], [-95.19703, 29.77153], [-95.19673, 29.7726], [-95.19542, 29.77389], [-95.19515, 29.77452], [-95.19596, 29.77609], [-95.19779, 29.7769], [-95.19918, 29.77633], [-95.20011, 29.77545], [-95.20135, 29.775], [-95.20473, 29.77535], [-95.20642, 29.7755], [-95.20706, 29.77547], [-95.2081, 29.77653], [-95.20805, 29.77836], [-95.20854, 29.77904], [-95.21072, 29.77893], [-95.21193, 29.77954], [-95.21284, 29.78062], [-95.21297, 29.78215], [-95.21386, 29.78332], [-95.21488, 29.78577], [-95.21448, 29.78686], [-95.21354, 29.78753], [-95.21154, 29.78811], [-95.20932, 29.78968], [-95.2058, 29.78952], [-95.20536, 29.79015], [-95.20561, 29.79131], [-95.20638, 29.79226], [-95.20639, 29.79428], [-95.2068, 29.79555], [-95.20415, 29.79562], [-95.2037, 29.79629], [-95.20406, 29.79712], [-95.20728, 29.80009], [-95.20894, 29.80295], [-95.20988, 29.80346], [-95.21116, 29.80495], [-95.2128, 29.8052], [-95.21461, 29.80405], [-95.21891, 29.80261]]]}, "properties": {"GEOID": "48201232704", "under5_pop": 110, "licensed_capacity": 0, "children_per_slot": null, "childcare_desert": 1, "pct_zero_car": 0.1463}}, {"type": "Feature", "geometry": {"type": "Polygon", "coordinates": [[[-95.23514, 29.58546], [-95.23694, 29.58477], [-95.23868, 29.58443], [-95.24096, 29.58438], [-95.24385, 29.58482], [-95.24648, 29.5847], [-95.24822, 29.58403], [-95.24986, 29.58267], [-95.25101, 29.58102], [-95.2523, 29.57971], [-95.25588, 29.57645], [-95.25748, 29.57444], [-95.25868, 29.57329], [-95.25825, 29.572], [-95.25851, 29.57108], [-95.25721, 29.56976], [-95.25665, 29.56865], [-95.25545, 29.56718], [-95.25566, 29.56549], [-95.255, 29.56388], [-95.2538, 29.56268], [-95.25339, 29.56171], [-95.25249, 29.56079], [-95.25278, 29.55855], [-95.25248, 29.5578], [-95.25306, 29.55736], [-95.25473, 29.55742], [-95.25517, 29.55684], [-95.25476, 29.55499], [-95.25395, 29.55394], [-95.25187, 29.55643], [-95.25153, 29.55777], [-95.24494, 29.5638], [-95.23539, 29.57244], [-95.23791, 29.5745], [-95.23724, 29.57505], [-95.23443, 29.57587], [-95.23238, 29.57772], [-95.2334, 29.57895], [-95.23403, 29.5805], [-95.23483, 29.58465], [-95.23514, 29.58546]]]}, "properties": {"GEOID": "48201350103", "under5_pop": 544, "licensed_capacity": 36, "children_per_slot": 15.11, "childcare_desert": 1, "pct_zero_car": 0.0}}, {"type": "Feature", "geometry": {"type": "Polygon", "coordinates": [[[-95.5498, 30.01951], [-95.55336, 30.01762], [-95.55388, 30.01821], [-95.5583, 30.01593], [-95.56176, 30.01863], [-95.56504, 30.01678], [-95.56684, 30.01611], [-95.56317, 30.00975], [-95.5587, 30.00182], [-95.55468, 30.00389], [-95.54084, 30.0116], [-95.54065, 30.01315], [-95.54244, 30.01438], [-95.54448, 30.01531], [-95.54736, 30.01848], [-95.5487, 30.01803], [-95.5498, 30.01951]]]}, "properties": {"GEOID": "48201554103", "under5_pop": 212, "licensed_capacity": 375, "children_per_slot": 0.57, "childcare_desert": 0, "pct_zero_car": 0.0181}}, {"type": "Feature", "geometry": {"type": "Polygon", "coordinates": [[[-95.46887, 30.08267], [-95.46888, 30.07851], [-95.46839, 30.07639], [-95.4684, 30.07541], [-95.46923, 30.0733], [-95.46934, 30.07064], [-95.45993, 30.07069], [-95.44757, 30.07032], [-95.44616, 30.07037], [-95.44412, 30.07082], [-95.44303, 30.07123], [-95.4376, 30.07419], [-95.43613, 30.07481], [-95.43696, 30.07925], [-95.43718, 30.08113], [-95.43673, 30.08371], [-95.43775, 30.08303], [-95.4617, 30.08281], [-95.46887, 30.08267]]]}, "properties": {"GEOID": "48201555102", "under5_pop": 620, "licensed_capacity": 336, "children_per_slot": 1.85, "childcare_desert": 0, "pct_zero_car": 0.0}}, {"type": "Feature", "geometry": {"type": "Polygon", "coordinates": [[[-95.68396, 29.8969], [-95.68344, 29.89392], [-95.6833, 29.87994], [-95.68158, 29.87975], [-95.67848, 29.87895], [-95.66815, 29.87901], [-95.66831, 29.88903], [-95.66846, 29.89025], [-95.67046, 29.88981], [-95.67167, 29.88984], [-95.67254, 29.8905], [-95.67543, 29.88953], [-95.67717, 29.89116], [-95.67612, 29.89196], [-95.67715, 29.89319], [-95.677, 29.89421], [-95.67841, 29.89433], [-95.67856, 29.89531], [-95.67814, 29.89564], [-95.6787, 29.89633], [-95.67893, 29.89763], [-95.68396, 29.8969]]]}, "properties": {"GEOID": "48201541206", "under5_pop": 406, "licensed_capacity": 785, "children_per_slot": 0.52, "childcare_desert": 0, "pct_zero_car": 0.0}}, {"type": "Feature", "geometry": {"type": "Polygon", "coordinates": [[[-95.68485, 29.83111], [-95.68515, 29.83014], [-95.68637, 29.82802], [-95.68685, 29.82584], [-95.68656, 29.82398], [-95.68664, 29.82198], [-95.68656, 29.81389], [-95.68679, 29.81227], [-95.68448, 29.81206], [-95.66956, 29.81216], [-95.66945, 29.81228], [-95.6695, 29.81648], [-95.66926, 29.81661], [-95.66152, 29.81671], [-95.66154, 29.81473], [-95.64553, 29.81482], [-95.6455, 29.81945], [-95.64564, 29.8306], [-95.64563, 29.83599], [-95.65018, 29.836], [-95.65163, 29.83585], [-95.65513, 29.8349], [-95.65721, 29.83392], [-95.66023, 29.83164], [-95.66279, 29.83102], [-95.66693, 29.83101], [-95.67368, 29.83111], [-95.68485, 29.83111]]]}, "properties": {"GEOID": "48201541701", "under5_pop": 308, "licensed_capacity": 166, "children_per_slot": 1.86, "childcare_desert": 0, "pct_zero_car": 0.0305}}, {"type": "Feature", "geometry": {"type": "Polygon", "coordinates": [[[-95.70346, 29.82197], [-95.7034, 29.81568], [-95.70364, 29.81505], [-95.70034, 29.81496], [-95.69695, 29.81557], [-95.69464, 29.81526], [-95.69198, 29.81408], [-95.68937, 29.81335], [-95.68679, 29.81227], [-95.68656, 29.81389], [-95.68664, 29.82198], [-95.68656, 29.82398], [-95.68685, 29.82584], [-95.68637, 29.82802], [-95.68515, 29.83014], [-95.68485, 29.83111], [-95.68989, 29.83107], [-95.70231, 29.83112], [-95.70263, 29.82954], [-95.70352, 29.82764], [-95.70346, 29.82197]]]}, "properties": {"GEOID": "48201541902", "under5_pop": 240, "licensed_capacity": 243, "children_per_slot": 0.99, "childcare_desert": 0, "pct_zero_car": 0.0287}}, {"type": "Feature", "geometry": {"type": "Polygon", "coordinates": [[[-95.49833, 29.95687], [-95.49806, 29.94869], [-95.4958, 29.94881], [-95.49437, 29.94792], [-95.49151, 29.9477], [-95.48975, 29.94783], [-95.48671, 29.94625], [-95.4838, 29.94586], [-95.48331, 29.94829], [-95.48341, 29.95465], [-95.48317, 29.95604], [-95.48266, 29.95714], [-95.48102, 29.95922], [-95.47799, 29.96104], [-95.4805, 29.96432], [-95.48469, 29.96407], [-95.48537, 29.96359], [-95.48509, 29.95311], [-95.49001, 29.95299], [-95.49259, 29.9542], [-95.4913, 29.95606], [-95.4911, 29.95762], [-95.49178, 29.95865], [-95.49432, 29.95724], [-95.4953, 29.95695], [-95.49833, 29.95687]]]}, "properties": {"GEOID": "48201550901", "under5_pop": 193, "licensed_capacity": 116, "children_per_slot": 1.66, "childcare_desert": 0, "pct_zero_car": 0.0}}, {"type": "Feature", "geometry": {"type": "Polygon", "coordinates": [[[-95.00215, 29.78223], [-95.00174, 29.78092], [-95.002, 29.77848], [-95.00137, 29.7778], [-95.00014, 29.77574], [-95.00018, 29.77506], [-94.99962, 29.77181], [-94.99973, 29.77105], [-94.99488, 29.77107], [-94.99379, 29.77097], [-94.99131, 29.77008], [-94.98968, 29.76974], [-94.98151, 29.7698], [-94.97755, 29.76975], [-94.97767, 29.77688], [-94.9776, 29.77795], [-94.98721, 29.7798], [-95.00215, 29.78223]]]}, "properties": {"GEOID": "48201253501", "under5_pop": 1205, "licensed_capacity": 146, "children_per_slot": 8.25, "childcare_desert": 1, "pct_zero_car": 0.0792}}, {"type": "Feature", "geometry": {"type": "Polygon", "coordinates": [[[-95.76304, 29.76476], [-95.76447, 29.76449], [-95.76745, 29.76449], [-95.76852, 29.7648], [-95.76933, 29.76558], [-95.77038, 29.76749], [-95.77098, 29.76724], [-95.76746, 29.76076], [-95.76662, 29.75789], [-95.76153, 29.7583], [-95.75863, 29.75887], [-95.75693, 29.75882], [-95.75425, 29.75838], [-95.75159, 29.75855], [-95.7516, 29.76514], [-95.7517, 29.76966], [-95.75401, 29.76906], [-95.75533, 29.76943], [-95.75883, 29.76654], [-95.75959, 29.76723], [-95.76162, 29.76554], [-95.76304, 29.76476]]]}, "properties": {"GEOID": "48201455103", "under5_pop": 209, "licensed_capacity": 130, "children_per_slot": 1.61, "childcare_desert": 0, "pct_zero_car": 0.0}}, {"type": "Feature", "geometry": {"type": "Polygon", "coordinates": [[[-95.76883, 29.77514], [-95.769, 29.77325], [-95.76774, 29.77321], [-95.76774, 29.77224], [-95.76835, 29.77104], [-95.76487, 29.7679], [-95.76387, 29.76659], [-95.76304, 29.76476], [-95.76162, 29.76554], [-95.75959, 29.76723], [-95.75883, 29.76654], [-95.75533, 29.76943], [-95.75401, 29.76906], [-95.7517, 29.76966], [-95.75177, 29.77475], [-95.75659, 29.77475], [-95.76144, 29.77518], [-95.76883, 29.77514]]]}, "properties": {"GEOID": "48201455104", "under5_pop": 112, "licensed_capacity": 133, "children_per_slot": 0.84, "childcare_desert": 0, "pct_zero_car": 0.0377}}, {"type": "Feature", "geometry": {"type": "Polygon", "coordinates": [[[-95.33933, 29.62737], [-95.3396, 29.62516], [-95.34069, 29.62213], [-95.34091, 29.621], [-95.30437, 29.62085], [-95.3059, 29.6259], [-95.30818, 29.63401], [-95.30979, 29.63905], [-95.32399, 29.63882], [-95.32399, 29.63752], [-95.33194, 29.63759], [-95.33685, 29.63724], [-95.33939, 29.63696], [-95.33933, 29.62737]]]}, "properties": {"GEOID": "48201331602", "under5_pop": 369, "licensed_capacity": 136, "children_per_slot": 2.71, "childcare_desert": 0, "pct_zero_car": 0.2337}}, {"type": "Feature", "geometry": {"type": "Polygon", "coordinates": [[[-95.59866, 29.97358], [-95.59118, 29.96723], [-95.5903, 29.96702], [-95.5852, 29.96683], [-95.57655, 29.96727], [-95.57034, 29.96741], [-95.56629, 29.96724], [-95.56395, 29.96693], [-95.55978, 29.96695], [-95.55752, 29.96678], [-95.55664, 29.96776], [-95.55999, 29.97015], [-95.56168, 29.97191], [-95.56286, 29.97357], [-95.56729, 29.98167], [-95.57008, 29.98577], [-95.57111, 29.98511], [-95.57304, 29.98516], [-95.57495, 29.98605], [-95.57636, 29.98634], [-95.57715, 29.98745], [-95.57955, 29.98809], [-95.58062, 29.98683], [-95.58176, 29.98701], [-95.58282, 29.98632], [-95.58328, 29.98719], [-95.58401, 29.98739], [-95.58428, 29.98644], [-95.58524, 29.98604], [-95.58446, 29.98408], [-95.58554, 29.98354], [-95.58698, 29.98204], [-95.58691, 29.98121], [-95.58628, 29.98047], [-95.58678, 29.97962], [-95.58799, 29.97889], [-95.58838, 29.97754], [-95.5888, 29.97684], [-95.58869, 29.97579], [-95.58799, 29.97477], [-95.58874, 29.97372], [-95.58941, 29.97368], [-95.59016, 29.97294], [-95.5915, 29.97457], [-95.59226, 29.97331], [-95.59324, 29.9739], [-95.59407, 29.97489], [-95.59474, 29.9747], [-95.59564, 29.97242], [-95.59749, 29.97339], [-95.59782, 29.97391], [-95.59866, 29.97358]]]}, "properties": {"GEOID": "48201552602", "under5_pop": 619, "licensed_capacity": 468, "children_per_slot": 1.32, "childcare_desert": 0, "pct_zero_car": 0.0165}}, {"type": "Feature", "geometry": {"type": "Polygon", "coordinates": [[[-95.48889, 29.71275], [-95.49308, 29.7127], [-95.49328, 29.71083], [-95.49314, 29.71018], [-95.49305, 29.70545], [-95.48672, 29.70553], [-95.48463, 29.70553], [-95.48468, 29.70918], [-95.48476, 29.7128], [-95.48889, 29.71275]]]}, "properties": {"GEOID": "48201421403", "under5_pop": 476, "licensed_capacity": 12, "children_per_slot": 39.67, "childcare_desert": 1, "pct_zero_car": 0.2086}}, {"type": "Feature", "geometry": {"type": "Polygon", "coordinates": [[[-95.48896, 29.71638], [-95.48889, 29.71275], [-95.48476, 29.7128], [-95.4848, 29.71642], [-95.48896, 29.71638]]]}, "properties": {"GEOID": "48201421402", "under5_pop": 493, "licensed_capacity": 0, "children_per_slot": null, "childcare_desert": 1, "pct_zero_car": 0.0879}}, {"type": "Feature", "geometry": {"type": "Polygon", "coordinates": [[[-95.51832, 29.62659], [-95.52105, 29.62548], [-95.50863, 29.61973], [-95.49993, 29.61574], [-95.49504, 29.61339], [-95.49178, 29.61756], [-95.49051, 29.61955], [-95.48885, 29.62284], [-95.48711, 29.62429], [-95.48404, 29.62574], [-95.48262, 29.62707], [-95.48207, 29.62841], [-95.48206, 29.6325], [-95.48237, 29.63397], [-95.48245, 29.63739], [-95.48234, 29.64027], [-95.4855, 29.6391], [-95.49317, 29.6361], [-95.50195, 29.63283], [-95.50754, 29.63062], [-95.51832, 29.62659]]]}, "properties": {"GEOID": "48201330303", "under5_pop": 347, "licensed_capacity": 0, "children_per_slot": null, "childcare_desert": 1, "pct_zero_car": 0.0381}}, {"type": "Feature", "geometry": {"type": "Polygon", "coordinates": [[[-95.2476, 29.60082], [-95.24781, 29.60061], [-95.23767, 29.60064], [-95.23295, 29.60072], [-95.21752, 29.60095], [-95.21599, 29.60104], [-95.21647, 29.60453], [-95.21735, 29.60622], [-95.21804, 29.607], [-95.22142, 29.60985], [-95.22302, 29.61218], [-95.22439, 29.61174], [-95.22647, 29.61143], [-95.23808, 29.61122], [-95.24124, 29.6083], [-95.2406, 29.60719], [-95.2476, 29.60082]]]}, "properties": {"GEOID": "48201334003", "under5_pop": 471, "licensed_capacity": 203, "children_per_slot": 2.32, "childcare_desert": 0, "pct_zero_car": 0.0381}}, {"type": "Feature", "geometry": {"type": "Polygon", "coordinates": [[[-95.12423, 29.60512], [-95.11906, 29.59527], [-95.11847, 29.5938], [-95.11776, 29.59061], [-95.11771, 29.58815], [-95.11789, 29.58658], [-95.11852, 29.58422], [-95.11681, 29.58407], [-95.1156, 29.58425], [-95.11381, 29.58519], [-95.11262, 29.58537], [-95.10992, 29.58494], [-95.10852, 29.58535], [-95.1059, 29.58503], [-95.10364, 29.58343], [-95.10356, 29.58336], [-95.10251, 29.58581], [-95.10266, 29.58868], [-95.10254, 29.58974], [-95.10394, 29.59122], [-95.10525, 29.59295], [-95.10686, 29.59628], [-95.10758, 29.59963], [-95.10811, 29.60778], [-95.11331, 29.60754], [-95.11788, 29.60723], [-95.12012, 29.60674], [-95.12423, 29.60512]]]}, "properties": {"GEOID": "48201340302", "under5_pop": 310, "licensed_capacity": 256, "children_per_slot": 1.21, "childcare_desert": 0, "pct_zero_car": 0.0163}}, {"type": "Feature", "geometry": {"type": "Polygon", "coordinates": [[[-95.33097, 29.92072], [-95.33097, 29.91775], [-95.33145, 29.91619], [-95.33158, 29.91478], [-95.33138, 29.91123], [-95.32679, 29.91126], [-95.32362, 29.91074], [-95.32347, 29.90281], [-95.31354, 29.90295], [-95.31174, 29.90276], [-95.31123, 29.90445], [-95.30868, 29.91537], [-95.30783, 29.91735], [-95.30712, 29.91843], [-95.30946, 29.91845], [-95.31221, 29.91916], [-95.31516, 29.91913], [-95.31745, 29.91955], [-95.32555, 29.91925], [-95.3278, 29.91955], [-95.32931, 29.92044], [-95.33097, 29.92072]]]}, "properties": {"GEOID": "48201223001", "under5_pop": 221, "licensed_capacity": 0, "children_per_slot": null, "childcare_desert": 1, "pct_zero_car": 0.0751}}, {"type": "Feature", "geometry": {"type": "Polygon", "coordinates": [[[-95.04149, 29.59118], [-95.04138, 29.59023], [-95.04254, 29.58987], [-95.04215, 29.58715], [-95.04231, 29.58638], [-95.044, 29.58543], [-95.04667, 29.58443], [-95.04774, 29.58223], [-95.04734, 29.57783], [-95.04765, 29.57659], [-95.0487, 29.57428], [-95.05018, 29.57262], [-95.05349, 29.57008], [-95.05399, 29.56924], [-95.05412, 29.56729], [-95.05379, 29.56605], [-95.05422, 29.56543], [-95.0524, 29.56438], [-95.0508, 29.56411], [-95.0449, 29.56436], [-95.04327, 29.56387], [-95.04236, 29.5629], [-95.04126, 29.56566], [-95.03589, 29.5738], [-95.03495, 29.57496], [-95.03361, 29.5761], [-95.03268, 29.57734], [-95.02988, 29.57614], [-95.02783, 29.57597], [-95.02929, 29.58474], [-95.0289, 29.58832], [-95.0376, 29.59061], [-95.0397, 29.59103], [-95.04149, 29.59118]]]}, "properties": {"GEOID": "48201341501", "under5_pop": 198, "licensed_capacity": 69, "children_per_slot": 2.87, "childcare_desert": 0, "pct_zero_car": 0.0125}}, {"type": "Feature", "geometry": {"type": "Polygon", "coordinates": [[[-95.05422, 29.56543], [-95.05607, 29.56521], [-95.05676, 29.5646], [-95.05535, 29.5636], [-95.05647, 29.56129], [-95.05721, 29.55911], [-95.05379, 29.55898], [-95.05013, 29.55855], [-95.04677, 29.55736], [-95.04518, 29.55594], [-95.04189, 29.5546], [-95.03829, 29.55399], [-95.03294, 29.55223], [-95.02956, 29.55219], [-95.02882, 29.55134], [-95.02881, 29.54833], [-95.0285, 29.54745], [-95.02774, 29.54763], [-95.02507, 29.54924], [-95.02308, 29.54944], [-95.02404, 29.5537], [-95.02783, 29.57597], [-95.02988, 29.57614], [-95.03268, 29.57734], [-95.03361, 29.5761], [-95.03495, 29.57496], [-95.03589, 29.5738], [-95.04126, 29.56566], [-95.04236, 29.5629], [-95.04327, 29.56387], [-95.0449, 29.56436], [-95.0508, 29.56411], [-95.0524, 29.56438], [-95.05422, 29.56543]]]}, "properties": {"GEOID": "48201341502", "under5_pop": 110, "licensed_capacity": 0, "children_per_slot": null, "childcare_desert": 1, "pct_zero_car": 0.0182}}, {"type": "Feature", "geometry": {"type": "Polygon", "coordinates": [[[-95.24211, 29.6702], [-95.23777, 29.66536], [-95.23563, 29.6631], [-95.23371, 29.66437], [-95.23011, 29.66053], [-95.22041, 29.66063], [-95.21314, 29.66078], [-95.21234, 29.66049], [-95.21559, 29.66465], [-95.21953, 29.66995], [-95.23054, 29.66978], [-95.23413, 29.66974], [-95.23554, 29.67031], [-95.23905, 29.67032], [-95.24211, 29.6702]]]}, "properties": {"GEOID": "48201321401", "under5_pop": 77, "licensed_capacity": 66, "children_per_slot": 1.17, "childcare_desert": 0, "pct_zero_car": 0.0225}}, {"type": "Feature", "geometry": {"type": "Polygon", "coordinates": [[[-95.17136, 29.64952], [-95.17608, 29.64947], [-95.17716, 29.64959], [-95.18035, 29.65067], [-95.18341, 29.6508], [-95.18254, 29.64935], [-95.18147, 29.64672], [-95.18129, 29.64078], [-95.17975, 29.64078], [-95.17792, 29.64033], [-95.17165, 29.64044], [-95.17111, 29.64063], [-95.17136, 29.64952]]]}, "properties": {"GEOID": "48201323702", "under5_pop": 179, "licensed_capacity": 120, "children_per_slot": 1.49, "childcare_desert": 0, "pct_zero_car": 0.0101}}, {"type": "Feature", "geometry": {"type": "Polygon", "coordinates": [[[-95.49384, 29.91999], [-95.49539, 29.91753], [-95.49575, 29.91613], [-95.49586, 29.91209], [-95.49575, 29.90868], [-95.49569, 29.89968], [-95.48043, 29.89975], [-95.47016, 29.89968], [-95.46858, 29.89907], [-95.46734, 29.89878], [-95.46473, 29.89873], [-95.46354, 29.89921], [-95.46726, 29.90314], [-95.46825, 29.90385], [-95.47999, 29.9113], [-95.49384, 29.91999]]]}, "properties": {"GEOID": "48201534001", "under5_pop": 149, "licensed_capacity": 162, "children_per_slot": 0.92, "childcare_desert": 0, "pct_zero_car": 0.0653}}, {"type": "Feature", "geometry": {"type": "Polygon", "coordinates": [[[-95.26004, 29.6902], [-95.26156, 29.68991], [-95.26205, 29.68899], [-95.2628, 29.6887], [-95.26441, 29.68882], [-95.26555, 29.68631], [-95.26685, 29.68415], [-95.26844, 29.68235], [-95.26999, 29.68106], [-95.27182, 29.68075], [-95.27267, 29.68035], [-95.268, 29.67556], [-95.25565, 29.68478], [-95.25156, 29.68749], [-95.25262, 29.68875], [-95.25407, 29.68923], [-95.25513, 29.68916], [-95.25654, 29.69019], [-95.25672, 29.69172], [-95.25802, 29.69143], [-95.25901, 29.69058], [-95.26004, 29.6902]]]}, "properties": {"GEOID": "48201320601", "under5_pop": 188, "licensed_capacity": 0, "children_per_slot": null, "childcare_desert": 1, "pct_zero_car": 0.0654}}, {"type": "Feature", "geometry": {"type": "Polygon", "coordinates": [[[-95.19315, 29.55952], [-95.19359, 29.5576], [-95.19491, 29.55723], [-95.19426, 29.55637], [-95.19465, 29.55591], [-95.19592, 29.55763], [-95.19657, 29.55694], [-95.19768, 29.55728], [-95.19849, 29.5551], [-95.19996, 29.55233], [-95.19903, 29.55124], [-95.19826, 29.55103], [-95.19843, 29.5505], [-95.1974, 29.54949], [-95.1973, 29.54807], [-95.19774, 29.54705], [-95.1991, 29.54624], [-95.19948, 29.54472], [-95.19822, 29.54298], [-95.19723, 29.54199], [-95.19629, 29.5436], [-95.19546, 29.54453], [-95.19342, 29.54565], [-95.19179, 29.54662], [-95.18734, 29.55068], [-95.17973, 29.54439], [-95.17623, 29.54154], [-95.17489, 29.54093], [-95.17295, 29.53931], [-95.1709, 29.5406], [-95.16947, 29.53886], [-95.16749, 29.53732], [-95.1614, 29.53235], [-95.1573, 29.53615], [-95.15622, 29.53689], [-95.15471, 29.53748], [-95.14448, 29.53916], [-95.14182, 29.54041], [-95.14601, 29.54486], [-95.15419, 29.5534], [-95.16228, 29.56184], [-95.16902, 29.56962], [-95.18094, 29.58347], [-95.1844, 29.58662], [-95.18725, 29.58405], [-95.1855, 29.58291], [-95.18472, 29.58155], [-95.18346, 29.58042], [-95.18097, 29.57526], [-95.18166, 29.57409], [-95.18295, 29.57384], [-95.18329, 29.57319], [-95.18427, 29.57348], [-95.18483, 29.57273], [-95.18583, 29.57223], [-95.18662, 29.57112], [-95.18638, 29.56969], [-95.1873, 29.56715], [-95.18723, 29.56542], [-95.1868, 29.56435], [-95.18805, 29.56383], [-95.19015, 29.56217], [-95.1907, 29.56132], [-95.19168, 29.56082], [-95.19315, 29.55952]]]}, "properties": {"GEOID": "48201350601", "under5_pop": 338, "licensed_capacity": 149, "children_per_slot": 2.27, "childcare_desert": 0, "pct_zero_car": 0.0152}}, {"type": "Feature", "geometry": {"type": "Polygon", "coordinates": [[[-95.49784, 29.93715], [-95.50723, 29.93708], [-95.51532, 29.9369], [-95.51177, 29.93424], [-95.5087, 29.93121], [-95.50489, 29.92816], [-95.50055, 29.92489], [-95.4999, 29.92452], [-95.49384, 29.91999], [-95.49227, 29.92245], [-95.49171, 29.9237], [-95.49154, 29.92561], [-95.49173, 29.92655], [-95.49253, 29.9281], [-95.49334, 29.92898], [-95.49624, 29.93128], [-95.49699, 29.93218], [-95.49782, 29.93459], [-95.49784, 29.93715]]]}, "properties": {"GEOID": "48201533902", "under5_pop": 609, "licensed_capacity": 87, "children_per_slot": 7, "childcare_desert": 1, "pct_zero_car": 0.1229}}, {"type": "Feature", "geometry": {"type": "Polygon", "coordinates": [[[-95.48603, 29.74994], [-95.48593, 29.74733], [-95.48548, 29.74601], [-95.48531, 29.74153], [-95.48458, 29.74004], [-95.48429, 29.73772], [-95.48249, 29.73776], [-95.48264, 29.75004], [-95.48603, 29.74994]]]}, "properties": {"GEOID": "48201431401", "under5_pop": 166, "licensed_capacity": 0, "children_per_slot": null, "childcare_desert": 1, "pct_zero_car": 0.0872}}, {"type": "Feature", "geometry": {"type": "Polygon", "coordinates": [[[-95.41226, 29.80376], [-95.41218, 29.80099], [-95.4117, 29.7997], [-95.41156, 29.79329], [-95.4118, 29.79038], [-95.4099, 29.79051], [-95.39897, 29.79068], [-95.39922, 29.80396], [-95.41226, 29.80376]]]}, "properties": {"GEOID": "48201511301", "under5_pop": 482, "licensed_capacity": 306, "children_per_slot": 1.58, "childcare_desert": 0, "pct_zero_car": 0.0398}}, {"type": "Feature", "geometry": {"type": "Polygon", "coordinates": [[[-95.73361, 29.73627], [-95.7304, 29.7343], [-95.72795, 29.73298], [-95.70821, 29.72185], [-95.70826, 29.72385], [-95.70888, 29.72517], [-95.70824, 29.72665], [-95.70954, 29.72862], [-95.70775, 29.72962], [-95.70802, 29.73021], [-95.7093, 29.73046], [-95.70916, 29.73118], [-95.70823, 29.73206], [-95.70864, 29.7332], [-95.70663, 29.73361], [-95.70529, 29.7353], [-95.70513, 29.73614], [-95.70085, 29.73983], [-95.6994, 29.74121], [-95.69868, 29.74234], [-95.69676, 29.74393], [-95.6981, 29.74424], [-95.6998, 29.74398], [-95.70059, 29.74517], [-95.70275, 29.74714], [-95.70299, 29.75055], [-95.70365, 29.7521], [-95.70476, 29.75344], [-95.70624, 29.75443], [-95.70914, 29.75528], [-95.71287, 29.75585], [-95.71342, 29.75616], [-95.71772, 29.7595], [-95.71907, 29.75809], [-95.72117, 29.75461], [-95.72235, 29.75356], [-95.72836, 29.74739], [-95.72939, 29.74615], [-95.73084, 29.74357], [-95.73305, 29.7372], [-95.73361, 29.73627]]]}, "properties": {"GEOID": "48201454502", "under5_pop": 82, "licensed_capacity": 0, "children_per_slot": null, "childcare_desert": 1, "pct_zero_car": 0.0}}, {"type": "Feature", "geometry": {"type": "Polygon", "coordinates": [[[-95.32859, 29.67206], [-95.32873, 29.66857], [-95.32855, 29.66136], [-95.31658, 29.66157], [-95.31797, 29.66618], [-95.31998, 29.67289], [-95.32051, 29.67206], [-95.32109, 29.67223], [-95.32859, 29.67206]]]}, "properties": {"GEOID": "48201332300", "under5_pop": 113, "licensed_capacity": 22, "children_per_slot": 5.14, "childcare_desert": 1, "pct_zero_car": 0.0863}}, {"type": "Feature", "geometry": {"type": "Polygon", "coordinates": [[[-95.30659, 29.89119], [-95.30093, 29.89119], [-95.29871, 29.89128], [-95.25902, 29.89175], [-95.24777, 29.89186], [-95.24068, 29.89864], [-95.24107, 29.89912], [-95.24074, 29.90233], [-95.24027, 29.90329], [-95.2371, 29.90608], [-95.23689, 29.90703], [-95.23853, 29.90846], [-95.23963, 29.91054], [-95.24183, 29.91212], [-95.24266, 29.91292], [-95.24345, 29.91426], [-95.24371, 29.91549], [-95.24406, 29.91987], [-95.24457, 29.92107], [-95.24631, 29.92232], [-95.24924, 29.9229], [-95.25139, 29.92275], [-95.25427, 29.92089], [-95.25933, 29.91744], [-95.26275, 29.91667], [-95.26518, 29.91542], [-95.26649, 29.91544], [-95.27238, 29.91675], [-95.27413, 29.91627], [-95.28049, 29.91618], [-95.28216, 29.91523], [-95.28543, 29.91429], [-95.28638, 29.91342], [-95.28725, 29.91335], [-95.28861, 29.9139], [-95.29218, 29.91466], [-95.29329, 29.91539], [-95.29487, 29.91714], [-95.2956, 29.91864], [-95.29856, 29.91091], [-95.30245, 29.90159], [-95.30329, 29.89932], [-95.30659, 29.89119]]]}, "properties": {"GEOID": "48201232000", "under5_pop": 488, "licensed_capacity": 0, "children_per_slot": null, "childcare_desert": 1, "pct_zero_car": 0.0409}}, {"type": "Feature", "geometry": {"type": "Polygon", "coordinates": [[[-95.04145, 29.60424], [-95.04165, 29.60367], [-95.04306, 29.60288], [-95.04389, 29.60186], [-95.04279, 29.59906], [-95.04341, 29.59804], [-95.04449, 29.59726], [-95.04382, 29.59572], [-95.04491, 29.59452], [-95.04507, 29.59312], [-95.04414, 29.59255], [-95.04297, 29.59234], [-95.04226, 29.59146], [-95.04149, 29.59118], [-95.0397, 29.59103], [-95.0376, 29.59061], [-95.0289, 29.58832], [-95.02929, 29.58474], [-95.02783, 29.57597], [-95.02404, 29.5537], [-95.02308, 29.54944], [-95.02219, 29.54936], [-95.0205, 29.54872], [-95.01871, 29.54843], [-95.01735, 29.54876], [-95.0174, 29.54973], [-95.01803, 29.55041], [-95.02094, 29.55237], [-95.02088, 29.55301], [-95.01957, 29.55421], [-95.01821, 29.5546], [-95.01732, 29.55666], [-95.01645, 29.55755], [-95.01682, 29.55847], [-95.01638, 29.55896], [-95.01489, 29.56232], [-95.01451, 29.56248], [-95.01222, 29.56785], [-95.01153, 29.56835], [-95.01053, 29.57044], [-95.01021, 29.57051], [-95.00732, 29.57494], [-95.00682, 29.57537], [-95.00608, 29.57707], [-95.00482, 29.5776], [-95.00426, 29.57901], [-95.00317, 29.58001], [-95.00203, 29.58064], [-95.00245, 29.58108], [-95.00156, 29.58178], [-95.0013, 29.58282], [-95.00055, 29.58293], [-94.99862, 29.58467], [-94.99744, 29.58476], [-94.99731, 29.58595], [-94.99617, 29.58676], [-94.99505, 29.58823], [-94.99381, 29.58816], [-94.99459, 29.58911], [-94.99424, 29.59036], [-94.99287, 29.59094], [-94.99072, 29.59334], [-94.9898, 29.59338], [-94.98919, 29.59459], [-94.98759, 29.5941], [-94.98609, 29.59577], [-94.9846, 29.5981], [-94.98406, 29.5993], [-94.98286, 29.60098], [-94.98261, 29.60177], [-94.98402, 29.60431], [-94.98559, 29.60493], [-94.98862, 29.60899], [-94.98924, 29.6103], [-94.99475, 29.61372], [-95.00433, 29.61363], [-95.01819, 29.61305], [-95.01829, 29.61787], [-95.02142, 29.61669], [-95.02289, 29.61656], [-95.03211, 29.61643], [-95.03246, 29.61502], [-95.03254, 29.61334], [-95.03231, 29.61191], [-95.03247, 29.61057], [-95.03292, 29.61038], [-95.03181, 29.60372], [-95.0378, 29.60369], [-95.04145, 29.60424]]]}, "properties": {"GEOID": "48201341600", "under5_pop": 398, "licensed_capacity": 150, "children_per_slot": 2.65, "childcare_desert": 0, "pct_zero_car": 0.024}}, {"type": "Feature", "geometry": {"type": "Polygon", "coordinates": [[[-95.31425, 29.73726], [-95.31528, 29.73585], [-95.32288, 29.72822], [-95.31142, 29.72481], [-95.30819, 29.72379], [-95.30503, 29.72238], [-95.30522, 29.72427], [-95.30498, 29.72558], [-95.30544, 29.72658], [-95.30516, 29.72728], [-95.30424, 29.72765], [-95.30383, 29.729], [-95.30319, 29.73], [-95.3022, 29.72982], [-95.30179, 29.729], [-95.2996, 29.72822], [-95.29927, 29.72908], [-95.30072, 29.72953], [-95.29949, 29.73265], [-95.31425, 29.73726]]]}, "properties": {"GEOID": "48201310800", "under5_pop": 202, "licensed_capacity": 0, "children_per_slot": null, "childcare_desert": 1, "pct_zero_car": 0.1788}}, {"type": "Feature", "geometry": {"type": "Polygon", "coordinates": [[[-95.22797, 29.77212], [-95.22706, 29.7704], [-95.22715, 29.76917], [-95.22634, 29.76899], [-95.22526, 29.7695], [-95.2251, 29.76871], [-95.22357, 29.76835], [-95.22395, 29.76709], [-95.22234, 29.76632], [-95.22088, 29.76591], [-95.22155, 29.76455], [-95.22414, 29.76555], [-95.22393, 29.75948], [-95.22329, 29.7595], [-95.21773, 29.75965], [-95.21685, 29.75941], [-95.21525, 29.75986], [-95.21414, 29.76049], [-95.21361, 29.75943], [-95.21305, 29.75944], [-95.21236, 29.74106], [-95.21206, 29.7341], [-95.2127, 29.73273], [-95.21192, 29.73167], [-95.21189, 29.72653], [-95.20931, 29.72813], [-95.20661, 29.73333], [-95.20491, 29.73613], [-95.20231, 29.73913], [-95.20011, 29.74093], [-95.19841, 29.74183], [-95.19261, 29.74363], [-95.18661, 29.74583], [-95.18211, 29.74553], [-95.17852, 29.7459], [-95.1734, 29.74692], [-95.1711, 29.74699], [-95.17018, 29.74682], [-95.16723, 29.74964], [-95.1653, 29.75035], [-95.16511, 29.75179], [-95.16665, 29.75236], [-95.16838, 29.75226], [-95.17447, 29.75299], [-95.17611, 29.75353], [-95.1776, 29.75529], [-95.17772, 29.75581], [-95.17892, 29.75731], [-95.18012, 29.7583], [-95.18209, 29.76032], [-95.18418, 29.76101], [-95.18682, 29.76074], [-95.18842, 29.75979], [-95.1895, 29.75875], [-95.19057, 29.75816], [-95.19141, 29.75828], [-95.19176, 29.75941], [-95.1915, 29.76038], [-95.19036, 29.76203], [-95.18934, 29.76258], [-95.18819, 29.76443], [-95.1882, 29.76578], [-95.18881, 29.76738], [-95.1902, 29.76946], [-95.19142, 29.77012], [-95.19286, 29.77018], [-95.19569, 29.76975], [-95.19663, 29.77022], [-95.19703, 29.77153], [-95.2006, 29.77166], [-95.20794, 29.77132], [-95.21366, 29.77074], [-95.21879, 29.77043], [-95.22111, 29.7706], [-95.22797, 29.77212]]]}, "properties": {"GEOID": "48201233300", "under5_pop": 109, "licensed_capacity": 0, "children_per_slot": null, "childcare_desert": 1, "pct_zero_car": 0.0646}}, {"type": "Feature", "geometry": {"type": "Polygon", "coordinates": [[[-95.23675, 29.8831], [-95.23664, 29.88204], [-95.23703, 29.88145], [-95.2367, 29.88006], [-95.23599, 29.87931], [-95.23633, 29.87852], [-95.23766, 29.87829], [-95.23828, 29.8775], [-95.23865, 29.87448], [-95.2383, 29.87225], [-95.2373, 29.8699], [-95.23557, 29.86841], [-95.23547, 29.86757], [-95.23349, 29.86605], [-95.23067, 29.86212], [-95.23047, 29.86107], [-95.23105, 29.86081], [-95.23168, 29.85975], [-95.23102, 29.85838], [-95.22879, 29.85742], [-95.2284, 29.85687], [-95.22853, 29.8531], [-95.22826, 29.85281], [-95.2285, 29.84996], [-95.22852, 29.84719], [-95.22835, 29.84639], [-95.22889, 29.84424], [-95.22986, 29.84418], [-95.23148, 29.84304], [-95.2319, 29.84238], [-95.23142, 29.84126], [-95.23162, 29.84032], [-95.23243, 29.83959], [-95.23368, 29.83927], [-95.23418, 29.83809], [-95.23112, 29.83536], [-95.23014, 29.834], [-95.23047, 29.8321], [-95.23179, 29.83032], [-95.23056, 29.82832], [-95.23038, 29.82586], [-95.22993, 29.82456], [-95.2268, 29.82578], [-95.21613, 29.83041], [-95.21099, 29.83258], [-95.2134, 29.83584], [-95.21391, 29.83731], [-95.21416, 29.8501], [-95.2141, 29.8532], [-95.21306, 29.85679], [-95.21102, 29.86037], [-95.20935, 29.86436], [-95.20883, 29.86628], [-95.20831, 29.86945], [-95.20825, 29.87334], [-95.20848, 29.88301], [-95.21002, 29.88301], [-95.23333, 29.88274], [-95.23675, 29.8831]]]}, "properties": {"GEOID": "48201232304", "under5_pop": 360, "licensed_capacity": 70, "children_per_slot": 5.14, "childcare_desert": 1, "pct_zero_car": 0.0691}}, {"type": "Feature", "geometry": {"type": "Polygon", "coordinates": [[[-95.28817, 29.85123], [-95.28839, 29.84936], [-95.28848, 29.84267], [-95.28842, 29.83862], [-95.28847, 29.83132], [-95.28347, 29.83133], [-95.27009, 29.83145], [-95.27015, 29.83617], [-95.26959, 29.83657], [-95.26272, 29.83659], [-95.26221, 29.83719], [-95.26232, 29.8481], [-95.26288, 29.84805], [-95.26473, 29.84681], [-95.26623, 29.84687], [-95.26811, 29.846], [-95.26953, 29.84448], [-95.27064, 29.84518], [-95.27245, 29.84493], [-95.27451, 29.84574], [-95.27547, 29.84781], [-95.27794, 29.84855], [-95.28241, 29.84864], [-95.28532, 29.8504], [-95.28817, 29.85123]]]}, "properties": {"GEOID": "48201231000", "under5_pop": 602, "licensed_capacity": 110, "children_per_slot": 5.47, "childcare_desert": 1, "pct_zero_car": 0.1173}}, {"type": "Feature", "geometry": {"type": "Polygon", "coordinates": [[[-95.37993, 29.93274], [-95.37846, 29.92707], [-95.37816, 29.92503], [-95.37699, 29.92032], [-95.3761, 29.91805], [-95.37607, 29.91667], [-95.37628, 29.91469], [-95.37611, 29.91314], [-95.37506, 29.91081], [-95.37297, 29.90221], [-95.35505, 29.90234], [-95.35518, 29.90717], [-95.35556, 29.91677], [-95.35562, 29.92047], [-95.35584, 29.9241], [-95.35607, 29.93135], [-95.35749, 29.93137], [-95.37209, 29.93344], [-95.37651, 29.93329], [-95.37993, 29.93274]]]}, "properties": {"GEOID": "48201222800", "under5_pop": 427, "licensed_capacity": 0, "children_per_slot": null, "childcare_desert": 1, "pct_zero_car": 0.0314}}, {"type": "Feature", "geometry": {"type": "Polygon", "coordinates": [[[-95.35607, 29.93135], [-95.35584, 29.9241], [-95.35562, 29.92047], [-95.35556, 29.91677], [-95.35518, 29.90717], [-95.35505, 29.90234], [-95.33246, 29.9025], [-95.33242, 29.90352], [-95.33137, 29.90661], [-95.33138, 29.91123], [-95.33158, 29.91478], [-95.33145, 29.91619], [-95.33097, 29.91775], [-95.33097, 29.92072], [-95.33349, 29.92066], [-95.33567, 29.9213], [-95.33789, 29.92132], [-95.33975, 29.92058], [-95.34183, 29.9209], [-95.34513, 29.92346], [-95.34579, 29.92453], [-95.34704, 29.92839], [-95.3471, 29.93036], [-95.34958, 29.93055], [-95.35228, 29.9314], [-95.35607, 29.93135]]]}, "properties": {"GEOID": "48201222900", "under5_pop": 256, "licensed_capacity": 385, "children_per_slot": 0.66, "childcare_desert": 0, "pct_zero_car": 0.0185}}, {"type": "Feature", "geometry": {"type": "Polygon", "coordinates": [[[-95.3471, 29.93036], [-95.34704, 29.92839], [-95.34579, 29.92453], [-95.34513, 29.92346], [-95.34183, 29.9209], [-95.33975, 29.92058], [-95.33789, 29.92132], [-95.33567, 29.9213], [-95.33349, 29.92066], [-95.33097, 29.92072], [-95.32931, 29.92044], [-95.3278, 29.91955], [-95.32555, 29.91925], [-95.31745, 29.91955], [-95.31516, 29.91913], [-95.31221, 29.91916], [-95.30946, 29.91845], [-95.30712, 29.91843], [-95.30382, 29.92317], [-95.30168, 29.92696], [-95.30007, 29.93071], [-95.30305, 29.93059], [-95.31048, 29.93048], [-95.32262, 29.93032], [-95.33217, 29.93013], [-95.33481, 29.92989], [-95.34224, 29.93037], [-95.3471, 29.93036]]]}, "properties": {"GEOID": "48201223100", "under5_pop": 124, "licensed_capacity": 34, "children_per_slot": 3.65, "childcare_desert": 1, "pct_zero_car": 0.0885}}, {"type": "Feature", "geometry": {"type": "Polygon", "coordinates": [[[-95.22951, 29.68332], [-95.22722, 29.68002], [-95.22414, 29.67588], [-95.23066, 29.67574], [-95.23054, 29.66978], [-95.21953, 29.66995], [-95.20796, 29.67009], [-95.20801, 29.67417], [-95.20854, 29.67423], [-95.20956, 29.67532], [-95.21063, 29.67774], [-95.2118, 29.67861], [-95.21368, 29.67915], [-95.21453, 29.68106], [-95.2156, 29.68267], [-95.21616, 29.684], [-95.21608, 29.68511], [-95.21725, 29.68697], [-95.21753, 29.69074], [-95.21967, 29.69067], [-95.22161, 29.69063], [-95.22153, 29.68335], [-95.22951, 29.68332]]]}, "properties": {"GEOID": "48201321600", "under5_pop": 576, "licensed_capacity": 93, "children_per_slot": 6.19, "childcare_desert": 1, "pct_zero_car": 0.0222}}, {"type": "Feature", "geometry": {"type": "Polygon", "coordinates": [[[-95.49509, 30.01607], [-95.49452, 30.01427], [-95.49306, 30.01251], [-95.49033, 30.01075], [-95.48954, 30.00992], [-95.48606, 30.00538], [-95.48511, 30.00371], [-95.48091, 29.99755], [-95.47578, 30.00051], [-95.46537, 30.00629], [-95.46379, 30.00703], [-95.46915, 30.0145], [-95.4743, 30.02174], [-95.47522, 30.0227], [-95.47637, 30.02437], [-95.47729, 30.02397], [-95.47781, 30.02231], [-95.47886, 30.02176], [-95.47908, 30.02098], [-95.48004, 30.01991], [-95.48371, 30.02015], [-95.48463, 30.02091], [-95.48471, 30.02191], [-95.48413, 30.02335], [-95.48494, 30.02433], [-95.48579, 30.02447], [-95.48716, 30.02207], [-95.48786, 30.02178], [-95.48844, 30.02033], [-95.49032, 30.01993], [-95.49108, 30.01772], [-95.49114, 30.01656], [-95.49253, 30.01506], [-95.49361, 30.01583], [-95.49509, 30.01607]]]}, "properties": {"GEOID": "48201553002", "under5_pop": 409, "licensed_capacity": 100, "children_per_slot": 4.09, "childcare_desert": 1, "pct_zero_car": 0.0466}}, {"type": "Feature", "geometry": {"type": "Polygon", "coordinates": [[[-95.41069, 29.73855], [-95.41065, 29.73424], [-95.40206, 29.73432], [-95.39948, 29.73442], [-95.39926, 29.73523], [-95.39931, 29.73869], [-95.41069, 29.73855]]]}, "properties": {"GEOID": "48201410801", "under5_pop": 81, "licensed_capacity": 152, "children_per_slot": 0.53, "childcare_desert": 0, "pct_zero_car": 0.088}}, {"type": "Feature", "geometry": {"type": "Polygon", "coordinates": [[[-95.41267, 29.71511], [-95.41257, 29.70531], [-95.41172, 29.7032], [-95.4106, 29.70356], [-95.40822, 29.70381], [-95.40725, 29.70344], [-95.40507, 29.70625], [-95.40088, 29.71149], [-95.41131, 29.71491], [-95.41267, 29.71511]]]}, "properties": {"GEOID": "48201412201", "under5_pop": 168, "licensed_capacity": 0, "children_per_slot": null, "childcare_desert": 1, "pct_zero_car": 0.0578}}, {"type": "Feature", "geometry": {"type": "Polygon", "coordinates": [[[-95.51203, 30.0067], [-95.51272, 30.00564], [-95.51354, 30.00543], [-95.51403, 30.00476], [-95.5173, 30.00561], [-95.51835, 30.00622], [-95.5198, 30.00588], [-95.52151, 30.00305], [-95.52273, 30.00209], [-95.52478, 30.00213], [-95.52731, 30.0003], [-95.52911, 29.99848], [-95.53063, 29.99807], [-95.52981, 29.9969], [-95.52689, 29.9943], [-95.52465, 29.99129], [-95.52387, 29.99058], [-95.52179, 29.98938], [-95.51983, 29.98727], [-95.51703, 29.98342], [-95.51636, 29.98266], [-95.51417, 29.98103], [-95.51313, 29.97974], [-95.50691, 29.98316], [-95.50519, 29.98406], [-95.50783, 29.98771], [-95.51023, 29.99069], [-95.51246, 29.98917], [-95.51912, 29.99818], [-95.50959, 30.00342], [-95.51203, 30.0067]]]}, "properties": {"GEOID": "48201552902", "under5_pop": 363, "licensed_capacity": 0, "children_per_slot": null, "childcare_desert": 1, "pct_zero_car": 0.0241}}, {"type": "Feature", "geometry": {"type": "Polygon", "coordinates": [[[-95.3812, 29.68072], [-95.38171, 29.67798], [-95.38188, 29.67211], [-95.3821, 29.67093], [-95.38339, 29.66789], [-95.38151, 29.66795], [-95.37697, 29.66927], [-95.37207, 29.66938], [-95.35747, 29.66956], [-95.35571, 29.66909], [-95.35596, 29.68036], [-95.35596, 29.68092], [-95.35828, 29.68059], [-95.36054, 29.68055], [-95.36665, 29.68097], [-95.37166, 29.68093], [-95.3812, 29.68072]]]}, "properties": {"GEOID": "48201331100", "under5_pop": 280, "licensed_capacity": 140, "children_per_slot": 2, "childcare_desert": 0, "pct_zero_car": 0.2126}}, {"type": "Feature", "geometry": {"type": "Polygon", "coordinates": [[[-95.38339, 29.66789], [-95.38584, 29.66327], [-95.38647, 29.6619], [-95.38716, 29.6596], [-95.38751, 29.65763], [-95.38157, 29.65789], [-95.37561, 29.65803], [-95.37534, 29.65814], [-95.36801, 29.65826], [-95.35552, 29.65844], [-95.35571, 29.66909], [-95.35747, 29.66956], [-95.37207, 29.66938], [-95.37697, 29.66927], [-95.38151, 29.66795], [-95.38339, 29.66789]]]}, "properties": {"GEOID": "48201331200", "under5_pop": 435, "licensed_capacity": 262, "children_per_slot": 1.66, "childcare_desert": 0, "pct_zero_car": 0.2233}}, {"type": "Feature", "geometry": {"type": "Polygon", "coordinates": [[[-95.51203, 30.0067], [-95.50959, 30.00342], [-95.50825, 30.0015], [-95.50056, 29.99086], [-95.49834, 29.98787], [-95.48494, 29.99524], [-95.48091, 29.99755], [-95.48511, 30.00371], [-95.48606, 30.00538], [-95.48954, 30.00992], [-95.49033, 30.01075], [-95.49306, 30.01251], [-95.49452, 30.01427], [-95.49509, 30.01607], [-95.4959, 30.01504], [-95.49674, 30.01332], [-95.49731, 30.01246], [-95.49873, 30.01148], [-95.50053, 30.01194], [-95.50123, 30.0116], [-95.50107, 30.01035], [-95.50172, 30.00965], [-95.50149, 30.00868], [-95.50245, 30.00842], [-95.50346, 30.00933], [-95.50528, 30.00928], [-95.50798, 30.00952], [-95.50915, 30.00904], [-95.51032, 30.00951], [-95.51092, 30.00927], [-95.51203, 30.0067]]]}, "properties": {"GEOID": "48201553001", "under5_pop": 334, "licensed_capacity": 270, "children_per_slot": 1.24, "childcare_desert": 0, "pct_zero_car": 0.028}}, {"type": "Feature", "geometry": {"type": "Polygon", "coordinates": [[[-95.19197, 30.07907], [-95.19112, 30.07529], [-95.18922, 30.07246], [-95.18861, 30.07085], [-95.18821, 30.06799], [-95.18614, 30.06839], [-95.18417, 30.06905], [-95.18171, 30.07015], [-95.17936, 30.07193], [-95.17618, 30.07548], [-95.17845, 30.07685], [-95.18, 30.07586], [-95.18118, 30.0754], [-95.18262, 30.07522], [-95.18451, 30.0755], [-95.18589, 30.07619], [-95.18779, 30.07819], [-95.18898, 30.07901], [-95.18999, 30.07919], [-95.19197, 30.07907]]]}, "properties": {"GEOID": "48201251503", "under5_pop": 94, "licensed_capacity": 0, "children_per_slot": null, "childcare_desert": 1, "pct_zero_car": 0.0239}}, {"type": "Feature", "geometry": {"type": "Polygon", "coordinates": [[[-95.20034, 30.08345], [-95.204, 30.08022], [-95.21865, 30.06876], [-95.21906, 30.06848], [-95.21135, 30.06847], [-95.20705, 30.06823], [-95.20468, 30.06852], [-95.19856, 30.06855], [-95.19648, 30.06833], [-95.19395, 30.06765], [-95.1922, 30.06745], [-95.18818, 30.0678], [-95.18821, 30.06799], [-95.18861, 30.07085], [-95.18922, 30.07246], [-95.19112, 30.07529], [-95.19197, 30.07907], [-95.19562, 30.07873], [-95.19754, 30.07837], [-95.19934, 30.079], [-95.20015, 30.07999], [-95.20035, 30.08104], [-95.20034, 30.08345]]]}, "properties": {"GEOID": "48201251402", "under5_pop": 236, "licensed_capacity": 295, "children_per_slot": 0.8, "childcare_desert": 0, "pct_zero_car": 0.0}}, {"type": "Feature", "geometry": {"type": "Polygon", "coordinates": [[[-95.62382, 29.77991], [-95.62387, 29.77459], [-95.62313, 29.77246], [-95.62133, 29.77138], [-95.6189, 29.76996], [-95.61846, 29.76887], [-95.61921, 29.76515], [-95.61852, 29.76375], [-95.61292, 29.7609], [-95.6117, 29.76057], [-95.60721, 29.76185], [-95.60619, 29.76189], [-95.60627, 29.7701], [-95.6089, 29.77009], [-95.61024, 29.77043], [-95.61451, 29.7728], [-95.61512, 29.77341], [-95.61618, 29.77539], [-95.61709, 29.77656], [-95.62028, 29.77931], [-95.62137, 29.77975], [-95.62382, 29.77991]]]}, "properties": {"GEOID": "48201450600", "under5_pop": 743, "licensed_capacity": 0, "children_per_slot": null, "childcare_desert": 1, "pct_zero_car": 0.0072}}, {"type": "Feature", "geometry": {"type": "Polygon", "coordinates": [[[-95.60627, 29.7701], [-95.60619, 29.76189], [-95.60244, 29.76191], [-95.60152, 29.76173], [-95.59534, 29.75945], [-95.59393, 29.75925], [-95.5906, 29.75956], [-95.58937, 29.75992], [-95.58818, 29.76083], [-95.5864, 29.76428], [-95.58548, 29.76534], [-95.5841, 29.76586], [-95.58139, 29.76572], [-95.5784, 29.76702], [-95.57601, 29.76586], [-95.57083, 29.7626], [-95.56972, 29.76207], [-95.56851, 29.76192], [-95.56271, 29.76196], [-95.56066, 29.76156], [-95.55987, 29.76077], [-95.55901, 29.76101], [-95.55834, 29.76221], [-95.55932, 29.76414], [-95.56173, 29.76697], [-95.56251, 29.76861], [-95.56283, 29.77064], [-95.56288, 29.77277], [-95.57025, 29.77264], [-95.57876, 29.77258], [-95.58296, 29.77328], [-95.58575, 29.77324], [-95.58812, 29.77237], [-95.5898, 29.77124], [-95.59155, 29.77032], [-95.59371, 29.76996], [-95.59779, 29.77022], [-95.60042, 29.77019], [-95.60627, 29.7701]]]}, "properties": {"GEOID": "48201450700", "under5_pop": 324, "licensed_capacity": 327, "children_per_slot": 0.99, "childcare_desert": 0, "pct_zero_car": 0.0127}}, {"type": "Feature", "geometry": {"type": "Polygon", "coordinates": [[[-95.49281, 29.68181], [-95.4928, 29.67943], [-95.49319, 29.67817], [-95.49234, 29.67785], [-95.48863, 29.6758], [-95.48706, 29.67528], [-95.48426, 29.67531], [-95.4842, 29.67913], [-95.48446, 29.69103], [-95.48457, 29.69919], [-95.48663, 29.69809], [-95.49299, 29.6948], [-95.49289, 29.69069], [-95.49251, 29.68916], [-95.49244, 29.68668], [-95.49276, 29.68538], [-95.49281, 29.68181]]]}, "properties": {"GEOID": "48201421700", "under5_pop": 246, "licensed_capacity": 246, "children_per_slot": 1, "childcare_desert": 0, "pct_zero_car": 0.0649}}, {"type": "Feature", "geometry": {"type": "Polygon", "coordinates": [[[-95.49319, 29.67817], [-95.4936, 29.67712], [-95.49365, 29.67518], [-95.49263, 29.6727], [-95.49226, 29.67105], [-95.49222, 29.66635], [-95.47683, 29.66653], [-95.47675, 29.66879], [-95.47687, 29.67739], [-95.48426, 29.67531], [-95.48706, 29.67528], [-95.48863, 29.6758], [-95.49234, 29.67785], [-95.49319, 29.67817]]]}, "properties": {"GEOID": "48201421900", "under5_pop": 249, "licensed_capacity": 590, "children_per_slot": 0.42, "childcare_desert": 0, "pct_zero_car": 0.0374}}, {"type": "Feature", "geometry": {"type": "Polygon", "coordinates": [[[-95.64414, 29.71992], [-95.6442, 29.71619], [-95.64406, 29.71105], [-95.64172, 29.71118], [-95.63448, 29.71178], [-95.6147, 29.71341], [-95.61466, 29.71496], [-95.61512, 29.71639], [-95.6186, 29.7206], [-95.61903, 29.72128], [-95.61956, 29.72332], [-95.61961, 29.72807], [-95.62254, 29.72823], [-95.62573, 29.7294], [-95.62752, 29.72958], [-95.63051, 29.72929], [-95.64396, 29.72914], [-95.64393, 29.72598], [-95.6442, 29.72136], [-95.64414, 29.71992]]]}, "properties": {"GEOID": "48201451800", "under5_pop": 287, "licensed_capacity": 402, "children_per_slot": 0.71, "childcare_desert": 0, "pct_zero_car": 0.0676}}, {"type": "Feature", "geometry": {"type": "Polygon", "coordinates": [[[-95.44127, 29.72124], [-95.44098, 29.70597], [-95.43776, 29.70601], [-95.43788, 29.70802], [-95.43794, 29.71459], [-95.43735, 29.71485], [-95.43313, 29.7149], [-95.433, 29.70974], [-95.43318, 29.70892], [-95.43313, 29.70604], [-95.42977, 29.70607], [-95.43011, 29.7253], [-95.43336, 29.72524], [-95.44127, 29.72124]]]}, "properties": {"GEOID": "48201412400", "under5_pop": 264, "licensed_capacity": 586, "children_per_slot": 0.45, "childcare_desert": 0, "pct_zero_car": 0.007}}, {"type": "Feature", "geometry": {"type": "Polygon", "coordinates": [[[-95.57063, 30.02278], [-95.56684, 30.01611], [-95.56504, 30.01678], [-95.56176, 30.01863], [-95.5583, 30.01593], [-95.55388, 30.01821], [-95.55336, 30.01762], [-95.5498, 30.01951], [-95.55121, 30.02178], [-95.55657, 30.02903], [-95.55737, 30.0304], [-95.56308, 30.02712], [-95.57021, 30.02309], [-95.57063, 30.02278]]]}, "properties": {"GEOID": "48201554104", "under5_pop": 42, "licensed_capacity": 196, "children_per_slot": 0.21, "childcare_desert": 0, "pct_zero_car": 0.0}}, {"type": "Feature", "geometry": {"type": "Polygon", "coordinates": [[[-95.33011, 30.01624], [-95.33012, 30.01154], [-95.31597, 30.00619], [-95.31248, 30.00482], [-95.31022, 30.0044], [-95.30891, 30.00437], [-95.3089, 30.00634], [-95.30676, 30.0163], [-95.3185, 30.01629], [-95.33011, 30.01624]]]}, "properties": {"GEOID": "48201240905", "under5_pop": 272, "licensed_capacity": 12, "children_per_slot": 22.67, "childcare_desert": 1, "pct_zero_car": 0.033}}, {"type": "Feature", "geometry": {"type": "Polygon", "coordinates": [[[-95.15454, 29.68374], [-95.15526, 29.68152], [-95.151, 29.68167], [-95.1441, 29.67764], [-95.14427, 29.67807], [-95.14261, 29.6781], [-95.14262, 29.68174], [-95.14272, 29.68948], [-95.14291, 29.69465], [-95.14368, 29.69465], [-95.14379, 29.7012], [-95.145, 29.70118], [-95.14494, 29.71135], [-95.14469, 29.71172], [-95.14916, 29.71196], [-95.15337, 29.71208], [-95.15342, 29.69782], [-95.15351, 29.68793], [-95.15454, 29.68374]]]}, "properties": {"GEOID": "48201342400", "under5_pop": 217, "licensed_capacity": 123, "children_per_slot": 1.76, "childcare_desert": 0, "pct_zero_car": 0.0417}}, {"type": "Feature", "geometry": {"type": "Polygon", "coordinates": [[[-95.5512, 29.69026], [-95.55218, 29.68992], [-95.54911, 29.68782], [-95.54875, 29.68663], [-95.54944, 29.68446], [-95.5486, 29.68231], [-95.54755, 29.68166], [-95.54392, 29.68086], [-95.53902, 29.68019], [-95.53748, 29.68104], [-95.53679, 29.68086], [-95.53523, 29.68242], [-95.53075, 29.68806], [-95.5328, 29.68926], [-95.5352, 29.69114], [-95.53767, 29.69067], [-95.54617, 29.69056], [-95.54942, 29.69053], [-95.5512, 29.69026]]]}, "properties": {"GEOID": "48201433400", "under5_pop": 316, "licensed_capacity": 0, "children_per_slot": null, "childcare_desert": 1, "pct_zero_car": 0.0649}}, {"type": "Feature", "geometry": {"type": "Polygon", "coordinates": [[[-95.56593, 29.78481], [-95.56518, 29.78426], [-95.56534, 29.78299], [-95.5667, 29.78117], [-95.56937, 29.77911], [-95.57099, 29.77817], [-95.57176, 29.77743], [-95.57373, 29.77612], [-95.57349, 29.77517], [-95.57227, 29.7745], [-95.57025, 29.77264], [-95.56288, 29.77277], [-95.56319, 29.78481], [-95.56593, 29.78481]]]}, "properties": {"GEOID": "48201450100", "under5_pop": 77, "licensed_capacity": 0, "children_per_slot": null, "childcare_desert": 1, "pct_zero_car": 0.0628}}, {"type": "Feature", "geometry": {"type": "Polygon", "coordinates": [[[-95.55036, 29.65349], [-95.55279, 29.65279], [-95.55262, 29.64249], [-95.55586, 29.64236], [-95.55773, 29.64243], [-95.55112, 29.63943], [-95.54392, 29.63603], [-95.54206, 29.63525], [-95.53758, 29.63311], [-95.53054, 29.62994], [-95.52105, 29.62548], [-95.51832, 29.62659], [-95.5278, 29.63457], [-95.53121, 29.63731], [-95.53372, 29.63957], [-95.53692, 29.64223], [-95.54046, 29.64524], [-95.5463, 29.65003], [-95.55036, 29.65349]]]}, "properties": {"GEOID": "48201440102", "under5_pop": 144, "licensed_capacity": 0, "children_per_slot": null, "childcare_desert": 1, "pct_zero_car": 0.0176}}, {"type": "Feature", "geometry": {"type": "Polygon", "coordinates": [[[-95.34891, 29.63628], [-95.34893, 29.62754], [-95.33933, 29.62737], [-95.33939, 29.63696], [-95.3487, 29.63622], [-95.34891, 29.63628]]]}, "properties": {"GEOID": "48201331604", "under5_pop": 170, "licensed_capacity": 68, "children_per_slot": 2.5, "childcare_desert": 0, "pct_zero_car": 0.1653}}, {"type": "Feature", "geometry": {"type": "Polygon", "coordinates": [[[-95.44007, 29.69064], [-95.43998, 29.68659], [-95.43995, 29.67951], [-95.43672, 29.67956], [-95.43535, 29.67936], [-95.42764, 29.67772], [-95.42604, 29.67988], [-95.42689, 29.6808], [-95.42716, 29.68175], [-95.42725, 29.69136], [-95.42662, 29.6931], [-95.42649, 29.69467], [-95.42693, 29.69582], [-95.42859, 29.69378], [-95.42882, 29.69218], [-95.42945, 29.69153], [-95.43084, 29.69113], [-95.43261, 29.6913], [-95.43418, 29.6921], [-95.43499, 29.69194], [-95.43612, 29.69086], [-95.4382, 29.68991], [-95.44007, 29.69064]]]}, "properties": {"GEOID": "48201413302", "under5_pop": 167, "licensed_capacity": 177, "children_per_slot": 0.94, "childcare_desert": 0, "pct_zero_car": 0.0362}}, {"type": "Feature", "geometry": {"type": "Polygon", "coordinates": [[[-95.60605, 29.74622], [-95.60584, 29.73618], [-95.60082, 29.73615], [-95.59263, 29.7363], [-95.58862, 29.7364], [-95.58868, 29.74065], [-95.59354, 29.7406], [-95.59358, 29.74302], [-95.59445, 29.74301], [-95.59448, 29.74417], [-95.5953, 29.74417], [-95.5952, 29.74498], [-95.59822, 29.74494], [-95.59826, 29.74764], [-95.59961, 29.7474], [-95.6019, 29.74637], [-95.60605, 29.74622]]]}, "properties": {"GEOID": "48201451301", "under5_pop": 126, "licensed_capacity": 718, "children_per_slot": 0.18, "childcare_desert": 0, "pct_zero_car": 0.0157}}, {"type": "Feature", "geometry": {"type": "Polygon", "coordinates": [[[-95.31825, 29.89096], [-95.31551, 29.89106], [-95.30659, 29.89119], [-95.30329, 29.89932], [-95.30245, 29.90159], [-95.29856, 29.91091], [-95.2956, 29.91864], [-95.29596, 29.91893], [-95.29846, 29.91966], [-95.3001, 29.9196], [-95.30099, 29.91912], [-95.30272, 29.91908], [-95.30529, 29.91851], [-95.30712, 29.91843], [-95.30783, 29.91735], [-95.30868, 29.91537], [-95.31123, 29.90445], [-95.31174, 29.90276], [-95.31339, 29.89931], [-95.31825, 29.89096]]]}, "properties": {"GEOID": "48201232100", "under5_pop": 443, "licensed_capacity": 40, "children_per_slot": 11.07, "childcare_desert": 1, "pct_zero_car": 0.0397}}, {"type": "Feature", "geometry": {"type": "Polygon", "coordinates": [[[-95.3355, 29.82008], [-95.33549, 29.81989], [-95.32977, 29.81999], [-95.32732, 29.82012], [-95.32378, 29.82084], [-95.31857, 29.82332], [-95.3188, 29.82814], [-95.31894, 29.84053], [-95.31903, 29.8438], [-95.32445, 29.84372], [-95.3257, 29.84392], [-95.33069, 29.83154], [-95.33431, 29.82271], [-95.3355, 29.82008]]]}, "properties": {"GEOID": "48201230400", "under5_pop": 243, "licensed_capacity": 72, "children_per_slot": 3.38, "childcare_desert": 1, "pct_zero_car": 0.1133}}, {"type": "Feature", "geometry": {"type": "Polygon", "coordinates": [[[-95.38804, 29.80408], [-95.38805, 29.80256], [-95.38783, 29.79083], [-95.38426, 29.79092], [-95.38433, 29.79053], [-95.37419, 29.79063], [-95.37275, 29.79064], [-95.38182, 29.79736], [-95.38191, 29.80309], [-95.38745, 29.8032], [-95.38804, 29.80408]]]}, "properties": {"GEOID": "48201511400", "under5_pop": 301, "licensed_capacity": 307, "children_per_slot": 0.98, "childcare_desert": 0, "pct_zero_car": 0.0676}}, {"type": "Feature", "geometry": {"type": "Polygon", "coordinates": [[[-95.31548, 29.76363], [-95.3181, 29.75906], [-95.32005, 29.75612], [-95.3181, 29.75503], [-95.31574, 29.75475], [-95.31384, 29.75551], [-95.3122, 29.75541], [-95.30945, 29.75469], [-95.30826, 29.75461], [-95.3068, 29.755], [-95.30529, 29.75583], [-95.30419, 29.75554], [-95.30291, 29.75395], [-95.3018, 29.75305], [-95.30084, 29.75273], [-95.29968, 29.75311], [-95.29861, 29.75416], [-95.2972, 29.75406], [-95.29499, 29.75152], [-95.29502, 29.75035], [-95.29631, 29.74882], [-95.29652, 29.7478], [-95.2957, 29.74722], [-95.29335, 29.7472], [-95.29061, 29.74864], [-95.28884, 29.74992], [-95.2886, 29.74976], [-95.28665, 29.74829], [-95.28495, 29.74544], [-95.28477, 29.74462], [-95.28384, 29.74348], [-95.28287, 29.74276], [-95.28022, 29.73952], [-95.27905, 29.73766], [-95.27691, 29.73294], [-95.27614, 29.72915], [-95.27518, 29.72739], [-95.27164, 29.72505], [-95.26989, 29.72465], [-95.26652, 29.72494], [-95.26679, 29.7272], [-95.26647, 29.7312], [-95.26542, 29.73825], [-95.265, 29.74136], [-95.2649, 29.74477], [-95.26557, 29.76736], [-95.26554, 29.76828], [-95.26546, 29.76939], [-95.26408, 29.77572], [-95.26688, 29.77615], [-95.27823, 29.77806], [-95.2796, 29.77816], [-95.28404, 29.77811], [-95.28391, 29.77218], [-95.28381, 29.76822], [-95.28348, 29.75067], [-95.2835, 29.7501], [-95.29126, 29.75519], [-95.29313, 29.75701], [-95.29682, 29.75677], [-95.29854, 29.7571], [-95.30431, 29.76015], [-95.30538, 29.76072], [-95.31548, 29.76363]]]}, "properties": {"GEOID": "48201212500", "under5_pop": 152, "licensed_capacity": 0, "children_per_slot": null, "childcare_desert": 1, "pct_zero_car": 0.0729}}, {"type": "Feature", "geometry": {"type": "Polygon", "coordinates": [[[-95.42604, 29.67988], [-95.42764, 29.67772], [-95.4245, 29.67762], [-95.4192, 29.67781], [-95.41913, 29.68219], [-95.41236, 29.68206], [-95.41255, 29.69066], [-95.41276, 29.69204], [-95.41353, 29.69353], [-95.41436, 29.69445], [-95.4167, 29.69135], [-95.41797, 29.69005], [-95.42195, 29.68491], [-95.42604, 29.67988]]]}, "properties": {"GEOID": "48201314302", "under5_pop": 40, "licensed_capacity": 0, "children_per_slot": null, "childcare_desert": 1, "pct_zero_car": 0.1521}}, {"type": "Feature", "geometry": {"type": "Polygon", "coordinates": [[[-95.42693, 29.69582], [-95.42649, 29.69467], [-95.42662, 29.6931], [-95.42725, 29.69136], [-95.42716, 29.68175], [-95.42689, 29.6808], [-95.42604, 29.67988], [-95.42195, 29.68491], [-95.41797, 29.69005], [-95.4167, 29.69135], [-95.41436, 29.69445], [-95.41213, 29.69731], [-95.41478, 29.69783], [-95.41722, 29.69773], [-95.41802, 29.69739], [-95.41964, 29.69591], [-95.42094, 29.6957], [-95.42283, 29.6967], [-95.42498, 29.69693], [-95.42625, 29.69644], [-95.42693, 29.69582]]]}, "properties": {"GEOID": "48201413301", "under5_pop": 203, "licensed_capacity": 0, "children_per_slot": null, "childcare_desert": 1, "pct_zero_car": 0.1244}}, {"type": "Feature", "geometry": {"type": "Polygon", "coordinates": [[[-95.64516, 29.86767], [-95.64512, 29.86597], [-95.64418, 29.86589], [-95.64246, 29.86493], [-95.6426, 29.86444], [-95.64187, 29.86299], [-95.64056, 29.86246], [-95.63866, 29.86225], [-95.63758, 29.8618], [-95.63509, 29.85953], [-95.63277, 29.85778], [-95.63038, 29.8561], [-95.62941, 29.85588], [-95.6276, 29.85628], [-95.62058, 29.85625], [-95.62098, 29.85764], [-95.62289, 29.85944], [-95.62437, 29.86184], [-95.62432, 29.863], [-95.62567, 29.86311], [-95.62723, 29.86359], [-95.62859, 29.8644], [-95.63175, 29.86692], [-95.63383, 29.86764], [-95.63502, 29.86774], [-95.64516, 29.86767]]]}, "properties": {"GEOID": "48201540601", "under5_pop": 218, "licensed_capacity": 24, "children_per_slot": 9.08, "childcare_desert": 1, "pct_zero_car": 0.0205}}, {"type": "Feature", "geometry": {"type": "Polygon", "coordinates": [[[-95.65634, 29.89667], [-95.65677, 29.89585], [-95.65674, 29.89401], [-95.65634, 29.8928], [-95.65529, 29.89108], [-95.6541, 29.88981], [-95.6529, 29.88936], [-95.65199, 29.88748], [-95.65193, 29.88501], [-95.6511, 29.88266], [-95.64975, 29.88052], [-95.64957, 29.87916], [-95.64531, 29.87921], [-95.64533, 29.88095], [-95.64503, 29.88375], [-95.64434, 29.8859], [-95.64357, 29.88751], [-95.64131, 29.89109], [-95.64517, 29.89273], [-95.64824, 29.8952], [-95.65072, 29.896], [-95.65504, 29.89622], [-95.65634, 29.89667]]]}, "properties": {"GEOID": "48201541203", "under5_pop": 78, "licensed_capacity": 79, "children_per_slot": 0.99, "childcare_desert": 0, "pct_zero_car": 0.0266}}, {"type": "Feature", "geometry": {"type": "Polygon", "coordinates": [[[-94.98346, 29.74274], [-94.98474, 29.74061], [-94.98362, 29.73859], [-94.9834, 29.73692], [-94.98197, 29.73639], [-94.98071, 29.7364], [-94.96782, 29.73209], [-94.96611, 29.73603], [-94.96367, 29.74159], [-94.96378, 29.7476], [-94.96373, 29.7503], [-94.96998, 29.74996], [-94.97483, 29.75], [-94.97947, 29.74985], [-94.97988, 29.74924], [-94.98266, 29.74848], [-94.98231, 29.74707], [-94.9833, 29.74545], [-94.98274, 29.74387], [-94.98346, 29.74274]]]}, "properties": {"GEOID": "48201254300", "under5_pop": 460, "licensed_capacity": 528, "children_per_slot": 0.87, "childcare_desert": 0, "pct_zero_car": 0.0538}}, {"type": "Feature", "geometry": {"type": "Polygon", "coordinates": [[[-95.77564, 29.80193], [-95.77746, 29.78824], [-95.77752, 29.78548], [-95.76747, 29.78545], [-95.76248, 29.78552], [-95.75702, 29.78539], [-95.75187, 29.78539], [-95.752, 29.8021], [-95.77564, 29.80193]]]}, "properties": {"GEOID": "48201542500", "under5_pop": 218, "licensed_capacity": 202, "children_per_slot": 1.08, "childcare_desert": 0, "pct_zero_car": 0.0355}}, {"type": "Feature", "geometry": {"type": "Polygon", "coordinates": [[[-95.80184, 29.80172], [-95.80176, 29.78554], [-95.79127, 29.78561], [-95.78515, 29.78548], [-95.77752, 29.78548], [-95.77746, 29.78824], [-95.77564, 29.80193], [-95.80184, 29.80172]]]}, "properties": {"GEOID": "48201542600", "under5_pop": 361, "licensed_capacity": 425, "children_per_slot": 0.85, "childcare_desert": 0, "pct_zero_car": 0.0085}}, {"type": "Feature", "geometry": {"type": "Polygon", "coordinates": [[[-95.4983, 29.9628], [-95.49847, 29.96116], [-95.49626, 29.962], [-95.49516, 29.9627], [-95.49285, 29.96463], [-95.48445, 29.96925], [-95.48435, 29.96936], [-95.49176, 29.9791], [-95.4983, 29.9628]]]}, "properties": {"GEOID": "48201551000", "under5_pop": 234, "licensed_capacity": 0, "children_per_slot": null, "childcare_desert": 1, "pct_zero_car": 0.016}}, {"type": "Feature", "geometry": {"type": "Polygon", "coordinates": [[[-95.4842, 29.67913], [-95.48426, 29.67531], [-95.47687, 29.67739], [-95.47702, 29.68328], [-95.47929, 29.68328], [-95.47925, 29.67997], [-95.47941, 29.679], [-95.48228, 29.67898], [-95.4842, 29.67913]]]}, "properties": {"GEOID": "48201421801", "under5_pop": 50, "licensed_capacity": 0, "children_per_slot": null, "childcare_desert": 1, "pct_zero_car": 0.0618}}, {"type": "Feature", "geometry": {"type": "Polygon", "coordinates": [[[-95.489, 29.72], [-95.48896, 29.71638], [-95.4848, 29.71642], [-95.48485, 29.72005], [-95.489, 29.72]]]}, "properties": {"GEOID": "48201421206", "under5_pop": 250, "licensed_capacity": 0, "children_per_slot": null, "childcare_desert": 1, "pct_zero_car": 0.2077}}, {"type": "Feature", "geometry": {"type": "Polygon", "coordinates": [[[-95.50091, 29.73754], [-95.50085, 29.73619], [-95.50122, 29.73404], [-95.50119, 29.73166], [-95.49544, 29.73175], [-95.49548, 29.73592], [-95.49561, 29.73758], [-95.49634, 29.73756], [-95.50091, 29.73754]]]}, "properties": {"GEOID": "48201432006", "under5_pop": 196, "licensed_capacity": 0, "children_per_slot": null, "childcare_desert": 1, "pct_zero_car": 0.1429}}, {"type": "Feature", "geometry": {"type": "Polygon", "coordinates": [[[-95.60393, 30.03653], [-95.60627, 30.03541], [-95.60861, 30.03355], [-95.60999, 30.03302], [-95.61274, 30.03267], [-95.61842, 30.03245], [-95.6198, 30.03225], [-95.62149, 30.03152], [-95.6229, 30.03053], [-95.62488, 30.0295], [-95.62718, 30.02901], [-95.63037, 30.02952], [-95.63175, 30.0296], [-95.63473, 30.02877], [-95.637, 30.02839], [-95.64093, 30.0284], [-95.64102, 30.02626], [-95.64088, 30.02247], [-95.64232, 30.02225], [-95.64233, 30.02137], [-95.64093, 30.0203], [-95.63999, 30.01994], [-95.63489, 30.01991], [-95.63298, 30.01895], [-95.63138, 30.01898], [-95.62757, 30.01705], [-95.62587, 30.01636], [-95.62577, 30.02068], [-95.62547, 30.02159], [-95.6255, 30.02317], [-95.62496, 30.02438], [-95.6236, 30.0254], [-95.62266, 30.02557], [-95.6099, 30.02587], [-95.60824, 30.02702], [-95.60883, 30.02836], [-95.60574, 30.03063], [-95.60469, 30.03184], [-95.6022, 30.0334], [-95.60393, 30.03653]]]}, "properties": {"GEOID": "48201555504", "under5_pop": 503, "licensed_capacity": 363, "children_per_slot": 1.39, "childcare_desert": 0, "pct_zero_car": 0.0174}}, {"type": "Feature", "geometry": {"type": "Polygon", "coordinates": [[[-95.5812, 29.73656], [-95.5806, 29.73451], [-95.58058, 29.73328], [-95.57797, 29.73271], [-95.57568, 29.7327], [-95.57605, 29.73479], [-95.57617, 29.73662], [-95.5812, 29.73656]]]}, "properties": {"GEOID": "48201452102", "under5_pop": 94, "licensed_capacity": 0, "children_per_slot": null, "childcare_desert": 1, "pct_zero_car": 0.1126}}, {"type": "Feature", "geometry": {"type": "Polygon", "coordinates": [[[-95.48485, 29.72005], [-95.4848, 29.71642], [-95.47641, 29.71653], [-95.47644, 29.72014], [-95.48485, 29.72005]]]}, "properties": {"GEOID": "48201421103", "under5_pop": 221, "licensed_capacity": 0, "children_per_slot": null, "childcare_desert": 1, "pct_zero_car": 0.0101}}, {"type": "Feature", "geometry": {"type": "Polygon", "coordinates": [[[-95.55531, 30.03316], [-95.55535, 30.03309], [-95.55413, 30.03198], [-95.55258, 30.02904], [-95.55042, 30.0261], [-95.54432, 30.02948], [-95.53901, 30.02228], [-95.53692, 30.02246], [-95.53238, 30.01625], [-95.52377, 30.02102], [-95.52715, 30.02374], [-95.53097, 30.02793], [-95.53519, 30.03445], [-95.53736, 30.04], [-95.5384, 30.04592], [-95.53951, 30.04563], [-95.54455, 30.0428], [-95.54557, 30.04179], [-95.54709, 30.03934], [-95.54839, 30.03824], [-95.55352, 30.03533], [-95.55531, 30.03316]]]}, "properties": {"GEOID": "48201553901", "under5_pop": 532, "licensed_capacity": 249, "children_per_slot": 2.14, "childcare_desert": 0, "pct_zero_car": 0.0084}}, {"type": "Feature", "geometry": {"type": "Polygon", "coordinates": [[[-94.9834, 29.73692], [-94.98326, 29.73521], [-94.98454, 29.73399], [-94.9854, 29.73412], [-94.98693, 29.73382], [-94.9887, 29.73183], [-94.98679, 29.73158], [-94.98565, 29.73171], [-94.98396, 29.73243], [-94.98301, 29.73031], [-94.98291, 29.72499], [-94.98324, 29.725], [-94.98319, 29.72101], [-94.97949, 29.72018], [-94.97998, 29.7166], [-94.98083, 29.7146], [-94.97108, 29.71812], [-94.96509, 29.72022], [-94.96267, 29.72114], [-94.961, 29.72242], [-94.96028, 29.72385], [-94.96, 29.72616], [-94.96067, 29.72492], [-94.96299, 29.72325], [-94.96455, 29.72279], [-94.96652, 29.7227], [-94.97018, 29.7229], [-94.97155, 29.72276], [-94.97155, 29.72354], [-94.96951, 29.7286], [-94.96895, 29.72947], [-94.96782, 29.73209], [-94.98071, 29.7364], [-94.98197, 29.73639], [-94.9834, 29.73692]]]}, "properties": {"GEOID": "48201254400", "under5_pop": 77, "licensed_capacity": 0, "children_per_slot": null, "childcare_desert": 1, "pct_zero_car": 0.0979}}, {"type": "Feature", "geometry": {"type": "Polygon", "coordinates": [[[-95.02089, 29.72033], [-95.02044, 29.70916], [-95.01978, 29.70719], [-95.01769, 29.70375], [-95.01714, 29.70321], [-95.01282, 29.7067], [-95.00894, 29.70938], [-95.00581, 29.71104], [-95.00477, 29.71114], [-94.99821, 29.70787], [-94.99478, 29.70635], [-94.99391, 29.70706], [-94.99352, 29.70788], [-94.99374, 29.70919], [-94.99131, 29.70939], [-94.98967, 29.70892], [-94.98907, 29.70835], [-94.98726, 29.70892], [-94.98604, 29.70901], [-94.98409, 29.70956], [-94.98299, 29.70936], [-94.98083, 29.7146], [-94.97998, 29.7166], [-94.97949, 29.72018], [-94.98319, 29.72101], [-94.98324, 29.725], [-94.98291, 29.72499], [-94.98301, 29.73031], [-94.98396, 29.73243], [-94.98565, 29.73171], [-94.98679, 29.73158], [-94.9887, 29.73183], [-94.98956, 29.7305], [-94.98999, 29.72729], [-94.9897, 29.7262], [-94.98838, 29.72348], [-94.98879, 29.72262], [-94.9923, 29.72396], [-94.99638, 29.72521], [-95.00012, 29.7257], [-95.00143, 29.72658], [-95.00427, 29.72465], [-95.00393, 29.72675], [-95.00686, 29.72716], [-95.00769, 29.72211], [-95.00913, 29.72205], [-95.01116, 29.72242], [-95.01251, 29.72233], [-95.01356, 29.72274], [-95.01689, 29.72063], [-95.01835, 29.72015], [-95.02089, 29.72033]]]}, "properties": {"GEOID": "48201254600", "under5_pop": 206, "licensed_capacity": 0, "children_per_slot": null, "childcare_desert": 1, "pct_zero_car": 0.0392}}, {"type": "Feature", "geometry": {"type": "Polygon", "coordinates": [[[-95.46764, 29.88329], [-95.46772, 29.88145], [-95.46897, 29.87964], [-95.46832, 29.87858], [-95.46823, 29.87768], [-95.46673, 29.87637], [-95.46612, 29.8754], [-95.46676, 29.87457], [-95.46844, 29.87378], [-95.47037, 29.8714], [-95.47027, 29.87005], [-95.46934, 29.86826], [-95.46241, 29.8705], [-95.46125, 29.87064], [-95.45424, 29.87064], [-95.44913, 29.87072], [-95.43662, 29.87076], [-95.44035, 29.87423], [-95.44603, 29.87992], [-95.45066, 29.88469], [-95.45178, 29.88414], [-95.45437, 29.88335], [-95.45674, 29.88305], [-95.46441, 29.88298], [-95.46764, 29.88329]]]}, "properties": {"GEOID": "48201533100", "under5_pop": 1025, "licensed_capacity": 19, "children_per_slot": 53.95, "childcare_desert": 1, "pct_zero_car": 0.1245}}, {"type": "Feature", "geometry": {"type": "Polygon", "coordinates": [[[-95.46934, 29.86826], [-95.46861, 29.8673], [-95.46732, 29.86676], [-95.46679, 29.86599], [-95.46698, 29.86488], [-95.46683, 29.86332], [-95.46155, 29.86345], [-95.45382, 29.86346], [-95.45154, 29.86317], [-95.44909, 29.86314], [-95.4464, 29.86348], [-95.43969, 29.86349], [-95.42942, 29.86358], [-95.42817, 29.86359], [-95.42945, 29.86467], [-95.43435, 29.86865], [-95.43662, 29.87076], [-95.44913, 29.87072], [-95.45424, 29.87064], [-95.46125, 29.87064], [-95.46241, 29.8705], [-95.46934, 29.86826]]]}, "properties": {"GEOID": "48201533200", "under5_pop": 245, "licensed_capacity": 124, "children_per_slot": 1.98, "childcare_desert": 0, "pct_zero_car": 0.097}}, {"type": "Feature", "geometry": {"type": "Polygon", "coordinates": [[[-95.809, 29.80165], [-95.81098, 29.80157], [-95.81989, 29.80159], [-95.82496, 29.80151], [-95.82497, 29.80044], [-95.8302, 29.80042], [-95.82933, 29.79813], [-95.82598, 29.78862], [-95.81238, 29.78097], [-95.80946, 29.78377], [-95.80695, 29.78511], [-95.8049, 29.78551], [-95.80176, 29.78554], [-95.80184, 29.80172], [-95.809, 29.80165]]]}, "properties": {"GEOID": "48201542700", "under5_pop": 0, "licensed_capacity": 1363, "children_per_slot": 0, "childcare_desert": 0, "pct_zero_car": 0.0652}}, {"type": "Feature", "geometry": {"type": "Polygon", "coordinates": [[[-95.42942, 29.86358], [-95.42918, 29.86213], [-95.42907, 29.85142], [-95.42884, 29.84245], [-95.42884, 29.84104], [-95.42797, 29.84093], [-95.4109, 29.84115], [-95.41101, 29.84642], [-95.41163, 29.8493], [-95.41245, 29.85335], [-95.41251, 29.85712], [-95.41275, 29.86918], [-95.41425, 29.86861], [-95.42817, 29.86359], [-95.42942, 29.86358]]]}, "properties": {"GEOID": "48201530800", "under5_pop": 194, "licensed_capacity": 97, "children_per_slot": 2, "childcare_desert": 0, "pct_zero_car": 0.1278}}, {"type": "Feature", "geometry": {"type": "Polygon", "coordinates": [[[-95.48887, 29.84148], [-95.49273, 29.84143], [-95.49087, 29.83991], [-95.48357, 29.83313], [-95.48109, 29.83296], [-95.47178, 29.83298], [-95.46961, 29.83245], [-95.46649, 29.83242], [-95.46279, 29.83253], [-95.46759, 29.84096], [-95.47319, 29.84095], [-95.47608, 29.84036], [-95.48498, 29.8404], [-95.48887, 29.84148]]]}, "properties": {"GEOID": "48201531500", "under5_pop": 146, "licensed_capacity": 84, "children_per_slot": 1.74, "childcare_desert": 0, "pct_zero_car": 0.0621}}, {"type": "Feature", "geometry": {"type": "Polygon", "coordinates": [[[-95.4683, 29.8423], [-95.46759, 29.84096], [-95.46279, 29.83253], [-95.46019, 29.8325], [-95.45073, 29.83261], [-95.44479, 29.83275], [-95.44472, 29.83369], [-95.44233, 29.83717], [-95.44185, 29.83877], [-95.44187, 29.84241], [-95.45496, 29.8423], [-95.45865, 29.84234], [-95.4683, 29.8423]]]}, "properties": {"GEOID": "48201531600", "under5_pop": 302, "licensed_capacity": 368, "children_per_slot": 0.82, "childcare_desert": 0, "pct_zero_car": 0.0218}}, {"type": "Feature", "geometry": {"type": "Polygon", "coordinates": [[[-95.44187, 29.84241], [-95.44185, 29.83877], [-95.44233, 29.83717], [-95.44472, 29.83369], [-95.44479, 29.83275], [-95.4432, 29.83267], [-95.44197, 29.83216], [-95.43704, 29.82902], [-95.43577, 29.82838], [-95.4345, 29.82822], [-95.42962, 29.82828], [-95.42967, 29.83228], [-95.42972, 29.83725], [-95.42893, 29.83914], [-95.42884, 29.84104], [-95.42884, 29.84245], [-95.44187, 29.84241]]]}, "properties": {"GEOID": "48201531700", "under5_pop": 454, "licensed_capacity": 0, "children_per_slot": null, "childcare_desert": 1, "pct_zero_car": 0.0196}}, {"type": "Feature", "geometry": {"type": "Polygon", "coordinates": [[[-95.64531, 29.87921], [-95.64531, 29.87599], [-95.64516, 29.86767], [-95.63502, 29.86774], [-95.63383, 29.86764], [-95.63175, 29.86692], [-95.62859, 29.8644], [-95.62723, 29.86359], [-95.62567, 29.86311], [-95.62432, 29.863], [-95.62429, 29.86395], [-95.62486, 29.86548], [-95.62417, 29.86694], [-95.62379, 29.86901], [-95.62396, 29.86959], [-95.62517, 29.87008], [-95.62607, 29.87124], [-95.62594, 29.87188], [-95.625, 29.87222], [-95.62439, 29.87303], [-95.62532, 29.87402], [-95.62599, 29.87685], [-95.62516, 29.8783], [-95.62538, 29.87943], [-95.63302, 29.87932], [-95.64531, 29.87921]]]}, "properties": {"GEOID": "48201540602", "under5_pop": 356, "licensed_capacity": 257, "children_per_slot": 1.39, "childcare_desert": 0, "pct_zero_car": 0.093}}, {"type": "Feature", "geometry": {"type": "Polygon", "coordinates": [[[-95.33292, 29.71437], [-95.33249, 29.71299], [-95.32756, 29.6984], [-95.32666, 29.69547], [-95.31513, 29.70269], [-95.30897, 29.70633], [-95.3051, 29.70843], [-95.31069, 29.7122], [-95.31267, 29.71035], [-95.31281, 29.7094], [-95.31424, 29.70875], [-95.31657, 29.70947], [-95.31756, 29.71004], [-95.31914, 29.71016], [-95.32083, 29.71197], [-95.32164, 29.71252], [-95.32331, 29.71218], [-95.32495, 29.71245], [-95.32737, 29.71163], [-95.32837, 29.71156], [-95.32913, 29.7122], [-95.3307, 29.71249], [-95.33141, 29.71301], [-95.33182, 29.71411], [-95.33292, 29.71437]]]}, "properties": {"GEOID": "48201311800", "under5_pop": 247, "licensed_capacity": 0, "children_per_slot": null, "childcare_desert": 1, "pct_zero_car": 0.0518}}, {"type": "Feature", "geometry": {"type": "Polygon", "coordinates": [[[-95.33752, 29.72858], [-95.33722, 29.72733], [-95.33292, 29.71437], [-95.33182, 29.71411], [-95.33141, 29.71301], [-95.3307, 29.71249], [-95.32913, 29.7122], [-95.32837, 29.71156], [-95.32737, 29.71163], [-95.32495, 29.71245], [-95.32331, 29.71218], [-95.32164, 29.71252], [-95.32083, 29.71197], [-95.31914, 29.71016], [-95.31756, 29.71004], [-95.31657, 29.70947], [-95.31424, 29.70875], [-95.31281, 29.7094], [-95.31267, 29.71035], [-95.31069, 29.7122], [-95.31622, 29.71585], [-95.31947, 29.71787], [-95.32507, 29.72077], [-95.32837, 29.7228], [-95.33319, 29.72589], [-95.33752, 29.72858]]]}, "properties": {"GEOID": "48201311900", "under5_pop": 89, "licensed_capacity": 0, "children_per_slot": null, "childcare_desert": 1, "pct_zero_car": 0.073}}, {"type": "Feature", "geometry": {"type": "Polygon", "coordinates": [[[-95.35369, 29.71685], [-95.35655, 29.7097], [-95.35458, 29.70934], [-95.35301, 29.70945], [-95.34865, 29.7108], [-95.34693, 29.71114], [-95.34515, 29.71234], [-95.34389, 29.71251], [-95.34151, 29.7118], [-95.34029, 29.71131], [-95.33934, 29.71227], [-95.33922, 29.71359], [-95.33872, 29.71465], [-95.33776, 29.7148], [-95.33493, 29.71327], [-95.33412, 29.71322], [-95.33292, 29.71437], [-95.33722, 29.72733], [-95.33752, 29.72858], [-95.34049, 29.73053], [-95.34207, 29.73182], [-95.34396, 29.72727], [-95.34075, 29.72628], [-95.3378, 29.72565], [-95.33711, 29.72378], [-95.3397, 29.71737], [-95.34018, 29.71589], [-95.35256, 29.71964], [-95.35369, 29.71685]]]}, "properties": {"GEOID": "48201312000", "under5_pop": 47, "licensed_capacity": 114, "children_per_slot": 0.41, "childcare_desert": 0, "pct_zero_car": 0.0629}}, {"type": "Feature", "geometry": {"type": "Polygon", "coordinates": [[[-95.38751, 29.65763], [-95.38767, 29.65576], [-95.38728, 29.63221], [-95.38522, 29.63078], [-95.38447, 29.62971], [-95.38238, 29.62927], [-95.38141, 29.62941], [-95.37989, 29.63014], [-95.37972, 29.63178], [-95.37807, 29.63266], [-95.37755, 29.63627], [-95.37612, 29.6368], [-95.37549, 29.63758], [-95.37586, 29.63991], [-95.37517, 29.64047], [-95.37356, 29.64061], [-95.37261, 29.6419], [-95.37084, 29.64234], [-95.37046, 29.64332], [-95.36836, 29.64432], [-95.3686, 29.65419], [-95.36857, 29.65613], [-95.36801, 29.65826], [-95.37534, 29.65814], [-95.37561, 29.65803], [-95.38157, 29.65789], [-95.38751, 29.65763]]]}, "properties": {"GEOID": "48201331300", "under5_pop": 278, "licensed_capacity": 72, "children_per_slot": 3.86, "childcare_desert": 1, "pct_zero_car": 0.0792}}, {"type": "Feature", "geometry": {"type": "Polygon", "coordinates": [[[-95.36801, 29.65826], [-95.36857, 29.65613], [-95.3686, 29.65419], [-95.36836, 29.64432], [-95.36746, 29.64448], [-95.36716, 29.64545], [-95.36582, 29.64644], [-95.36405, 29.64648], [-95.36009, 29.64728], [-95.35917, 29.64808], [-95.3576, 29.64793], [-95.35629, 29.64822], [-95.35606, 29.6505], [-95.35541, 29.65349], [-95.35552, 29.65844], [-95.36801, 29.65826]]]}, "properties": {"GEOID": "48201331400", "under5_pop": 574, "licensed_capacity": 0, "children_per_slot": null, "childcare_desert": 1, "pct_zero_car": 0.4553}}, {"type": "Feature", "geometry": {"type": "Polygon", "coordinates": [[[-95.60426, 29.68894], [-95.60419, 29.68395], [-95.60372, 29.682], [-95.60271, 29.67971], [-95.60264, 29.67805], [-95.59566, 29.67606], [-95.5959, 29.68909], [-95.60037, 29.68908], [-95.60426, 29.68894]]]}, "properties": {"GEOID": "48201453702", "under5_pop": 139, "licensed_capacity": 144, "children_per_slot": 0.97, "childcare_desert": 0, "pct_zero_car": 0.0196}}, {"type": "Feature", "geometry": {"type": "Polygon", "coordinates": [[[-95.28618, 29.72263], [-95.28691, 29.7211], [-95.28609, 29.72017], [-95.28511, 29.71965], [-95.28608, 29.71911], [-95.28595, 29.71677], [-95.2836, 29.7166], [-95.28203, 29.71593], [-95.28028, 29.71565], [-95.2782, 29.71382], [-95.27385, 29.71181], [-95.27056, 29.71071], [-95.26718, 29.70991], [-95.26631, 29.7119], [-95.2662, 29.72234], [-95.26652, 29.72494], [-95.26989, 29.72465], [-95.27164, 29.72505], [-95.27518, 29.72739], [-95.27651, 29.72665], [-95.27804, 29.7274], [-95.28167, 29.72738], [-95.28211, 29.72647], [-95.28202, 29.72491], [-95.28338, 29.72262], [-95.28414, 29.72237], [-95.28618, 29.72263]]]}, "properties": {"GEOID": "48201311400", "under5_pop": 180, "licensed_capacity": 126, "children_per_slot": 1.43, "childcare_desert": 0, "pct_zero_car": 0.1313}}, {"type": "Feature", "geometry": {"type": "Polygon", "coordinates": [[[-95.1937, 29.78838], [-95.19529, 29.78645], [-95.19687, 29.78741], [-95.19859, 29.78594], [-95.19967, 29.78616], [-95.20151, 29.78547], [-95.20257, 29.78417], [-95.20241, 29.78304], [-95.20308, 29.78166], [-95.20292, 29.78109], [-95.20464, 29.77848], [-95.205, 29.77665], [-95.20473, 29.77535], [-95.20135, 29.775], [-95.20011, 29.77545], [-95.19918, 29.77633], [-95.19779, 29.7769], [-95.19596, 29.77609], [-95.19515, 29.77452], [-95.19542, 29.77389], [-95.19673, 29.7726], [-95.19703, 29.77153], [-95.18826, 29.77087], [-95.18284, 29.77063], [-95.1828, 29.77157], [-95.18308, 29.78271], [-95.18323, 29.78808], [-95.19332, 29.78789], [-95.1937, 29.78838]]]}, "properties": {"GEOID": "48201233200", "under5_pop": 527, "licensed_capacity": 0, "children_per_slot": null, "childcare_desert": 1, "pct_zero_car": 0.0598}}, {"type": "Feature", "geometry": {"type": "Polygon", "coordinates": [[[-95.84109, 29.83114], [-95.83995, 29.82834], [-95.83769, 29.82138], [-95.8302, 29.80042], [-95.82497, 29.80044], [-95.82496, 29.80151], [-95.81989, 29.80159], [-95.81098, 29.80157], [-95.809, 29.80165], [-95.80907, 29.81456], [-95.80912, 29.81685], [-95.80672, 29.81686], [-95.8067, 29.83112], [-95.80683, 29.83136], [-95.81523, 29.83127], [-95.83472, 29.83114], [-95.84109, 29.83114]]]}, "properties": {"GEOID": "48201542800", "under5_pop": 654, "licensed_capacity": 364, "children_per_slot": 1.8, "childcare_desert": 0, "pct_zero_car": 0.0292}}, {"type": "Feature", "geometry": {"type": "Polygon", "coordinates": [[[-95.45962, 29.82691], [-95.46101, 29.82649], [-95.46303, 29.82713], [-95.4637, 29.82701], [-95.46546, 29.82807], [-95.46827, 29.82735], [-95.47026, 29.82829], [-95.47317, 29.82828], [-95.47452, 29.82762], [-95.4759, 29.82751], [-95.47668, 29.82671], [-95.46888, 29.81944], [-95.45945, 29.81962], [-95.45813, 29.81962], [-95.456, 29.81912], [-95.45359, 29.81803], [-95.45105, 29.81737], [-95.44947, 29.81721], [-95.44533, 29.81722], [-95.4456, 29.81793], [-95.44638, 29.8183], [-95.44969, 29.81836], [-95.45041, 29.81861], [-95.45094, 29.81985], [-95.45219, 29.82005], [-95.45512, 29.82124], [-95.45691, 29.82258], [-95.45814, 29.82423], [-95.45962, 29.82691]]]}, "properties": {"GEOID": "48201531300", "under5_pop": 205, "licensed_capacity": 85, "children_per_slot": 2.41, "childcare_desert": 0, "pct_zero_car": 0.049}}, {"type": "Feature", "geometry": {"type": "Polygon", "coordinates": [[[-95.46279, 29.83253], [-95.46649, 29.83242], [-95.46961, 29.83245], [-95.47178, 29.83298], [-95.48109, 29.83296], [-95.48357, 29.83313], [-95.47668, 29.82671], [-95.4759, 29.82751], [-95.47452, 29.82762], [-95.47317, 29.82828], [-95.47026, 29.82829], [-95.46827, 29.82735], [-95.46546, 29.82807], [-95.4637, 29.82701], [-95.46303, 29.82713], [-95.46101, 29.82649], [-95.45962, 29.82691], [-95.46279, 29.83253]]]}, "properties": {"GEOID": "48201531400", "under5_pop": 98, "licensed_capacity": 44, "children_per_slot": 2.23, "childcare_desert": 0, "pct_zero_car": 0.0428}}, {"type": "Feature", "geometry": {"type": "Polygon", "coordinates": [[[-95.49569, 29.89968], [-95.49559, 29.89357], [-95.49469, 29.8914], [-95.49443, 29.88847], [-95.49231, 29.8847], [-95.48529, 29.88476], [-95.48523, 29.88422], [-95.48268, 29.88472], [-95.47826, 29.88484], [-95.4739, 29.88431], [-95.47439, 29.88683], [-95.47597, 29.88884], [-95.4781, 29.89028], [-95.47921, 29.89148], [-95.47977, 29.89253], [-95.48011, 29.89414], [-95.48017, 29.89798], [-95.48043, 29.89975], [-95.49569, 29.89968]]]}, "properties": {"GEOID": "48201532600", "under5_pop": 306, "licensed_capacity": 379, "children_per_slot": 0.81, "childcare_desert": 0, "pct_zero_car": 0.0901}}, {"type": "Feature", "geometry": {"type": "Polygon", "coordinates": [[[-95.51971, 29.94922], [-95.52211, 29.94947], [-95.52446, 29.94937], [-95.52805, 29.95067], [-95.53154, 29.95053], [-95.53338, 29.95071], [-95.52987, 29.94814], [-95.5261, 29.94493], [-95.51912, 29.9398], [-95.51532, 29.9369], [-95.50723, 29.93708], [-95.49784, 29.93715], [-95.48325, 29.93735], [-95.4667, 29.93757], [-95.46, 29.93752], [-95.46276, 29.94111], [-95.46416, 29.94083], [-95.46596, 29.9419], [-95.46835, 29.94396], [-95.46996, 29.94432], [-95.47214, 29.94444], [-95.47529, 29.94497], [-95.47786, 29.94512], [-95.4838, 29.94586], [-95.48671, 29.94625], [-95.48975, 29.94783], [-95.49151, 29.9477], [-95.49437, 29.94792], [-95.4958, 29.94881], [-95.49806, 29.94869], [-95.49889, 29.94853], [-95.49957, 29.94767], [-95.5018, 29.94684], [-95.50315, 29.94659], [-95.50523, 29.94688], [-95.50813, 29.94605], [-95.51119, 29.9464], [-95.51257, 29.9464], [-95.51506, 29.94728], [-95.51761, 29.94881], [-95.51971, 29.94922]]]}, "properties": {"GEOID": "48201550700", "under5_pop": 639, "licensed_capacity": 12, "children_per_slot": 53.25, "childcare_desert": 1, "pct_zero_car": 0.0254}}, {"type": "Feature", "geometry": {"type": "Polygon", "coordinates": [[[-95.63986, 29.85656], [-95.64009, 29.8562], [-95.64005, 29.85263], [-95.64046, 29.85226], [-95.64048, 29.84832], [-95.64119, 29.84445], [-95.64008, 29.84283], [-95.64118, 29.84108], [-95.64119, 29.84], [-95.64059, 29.83769], [-95.64048, 29.83601], [-95.63012, 29.83595], [-95.62561, 29.83598], [-95.62613, 29.83677], [-95.62491, 29.83722], [-95.62575, 29.83785], [-95.62509, 29.83836], [-95.6252, 29.83938], [-95.6262, 29.84025], [-95.62534, 29.84049], [-95.6251, 29.84126], [-95.6241, 29.8416], [-95.62354, 29.84269], [-95.62379, 29.8437], [-95.62255, 29.84417], [-95.62289, 29.84565], [-95.62145, 29.84632], [-95.61882, 29.84789], [-95.61818, 29.84859], [-95.61778, 29.84979], [-95.61779, 29.8522], [-95.61835, 29.8538], [-95.62058, 29.85625], [-95.6276, 29.85628], [-95.62941, 29.85588], [-95.63038, 29.8561], [-95.63277, 29.85778], [-95.63308, 29.85604], [-95.63499, 29.8566], [-95.63986, 29.85656]]]}, "properties": {"GEOID": "48201540502", "under5_pop": 275, "licensed_capacity": 0, "children_per_slot": null, "childcare_desert": 1, "pct_zero_car": 0.0176}}, {"type": "Feature", "geometry": {"type": "Polygon", "coordinates": [[[-95.51786, 29.70038], [-95.5127, 29.69596], [-95.51116, 29.69423], [-95.50996, 29.69201], [-95.5087, 29.69209], [-95.50614, 29.69171], [-95.5042, 29.69649], [-95.50353, 29.69921], [-95.50366, 29.70246], [-95.50441, 29.70498], [-95.50707, 29.7041], [-95.50876, 29.70382], [-95.51123, 29.70388], [-95.51327, 29.70443], [-95.51786, 29.70038]]]}, "properties": {"GEOID": "48201422702", "under5_pop": 16, "licensed_capacity": 12, "children_per_slot": 1.33, "childcare_desert": 0, "pct_zero_car": 0.0068}}, {"type": "Feature", "geometry": {"type": "Polygon", "coordinates": [[[-95.40302, 29.84586], [-95.40412, 29.84672], [-95.40519, 29.84712], [-95.40828, 29.84718], [-95.40973, 29.84778], [-95.41163, 29.8493], [-95.41101, 29.84642], [-95.4109, 29.84115], [-95.41069, 29.8314], [-95.41044, 29.81909], [-95.40882, 29.81905], [-95.39956, 29.81919], [-95.39959, 29.8205], [-95.39614, 29.82053], [-95.39618, 29.82219], [-95.39462, 29.82221], [-95.39514, 29.82351], [-95.39636, 29.82567], [-95.39876, 29.83054], [-95.40279, 29.83049], [-95.40286, 29.8334], [-95.40302, 29.84586]]]}, "properties": {"GEOID": "48201530600", "under5_pop": 125, "licensed_capacity": 362, "children_per_slot": 0.35, "childcare_desert": 0, "pct_zero_car": 0.2164}}, {"type": "Feature", "geometry": {"type": "Polygon", "coordinates": [[[-95.39462, 29.82221], [-95.39618, 29.82219], [-95.39614, 29.82053], [-95.39959, 29.8205], [-95.39956, 29.81919], [-95.3994, 29.8129], [-95.39775, 29.81293], [-95.39313, 29.81383], [-95.38261, 29.81394], [-95.37915, 29.81398], [-95.37528, 29.81321], [-95.3763, 29.81574], [-95.37805, 29.81939], [-95.38325, 29.81938], [-95.38371, 29.82324], [-95.38524, 29.82306], [-95.38542, 29.82228], [-95.39462, 29.82221]]]}, "properties": {"GEOID": "48201530300", "under5_pop": 159, "licensed_capacity": 12, "children_per_slot": 13.25, "childcare_desert": 1, "pct_zero_car": 0.2568}}, {"type": "Feature", "geometry": {"type": "Polygon", "coordinates": [[[-95.50253, 29.95956], [-95.50414, 29.95919], [-95.50679, 29.95781], [-95.52045, 29.95023], [-95.51971, 29.94922], [-95.51761, 29.94881], [-95.51506, 29.94728], [-95.51257, 29.9464], [-95.51119, 29.9464], [-95.50813, 29.94605], [-95.50523, 29.94688], [-95.50315, 29.94659], [-95.5018, 29.94684], [-95.49957, 29.94767], [-95.49889, 29.94853], [-95.49806, 29.94869], [-95.49833, 29.95687], [-95.50069, 29.95723], [-95.50166, 29.95793], [-95.50253, 29.95956]]]}, "properties": {"GEOID": "48201551300", "under5_pop": 161, "licensed_capacity": 0, "children_per_slot": null, "childcare_desert": 1, "pct_zero_car": 0.0172}}, {"type": "Feature", "geometry": {"type": "Polygon", "coordinates": [[[-95.76662, 29.75789], [-95.77066, 29.75735], [-95.76857, 29.75598], [-95.76407, 29.75356], [-95.7579, 29.75005], [-95.75227, 29.74702], [-95.75145, 29.74647], [-95.75159, 29.75855], [-95.75425, 29.75838], [-95.75693, 29.75882], [-95.75863, 29.75887], [-95.76153, 29.7583], [-95.76662, 29.75789]]]}, "properties": {"GEOID": "48201455000", "under5_pop": 404, "licensed_capacity": 307, "children_per_slot": 1.32, "childcare_desert": 0, "pct_zero_car": 0.0415}}, {"type": "Feature", "geometry": {"type": "Polygon", "coordinates": [[[-95.55445, 29.81268], [-95.55444, 29.80937], [-95.55386, 29.80913], [-95.55399, 29.80477], [-95.5538, 29.79693], [-95.55358, 29.78465], [-95.54398, 29.78474], [-95.54412, 29.7874], [-95.54456, 29.78919], [-95.54467, 29.79428], [-95.54484, 29.80263], [-95.54514, 29.80601], [-95.54521, 29.81269], [-95.55445, 29.81268]]]}, "properties": {"GEOID": "48201522401", "under5_pop": 469, "licensed_capacity": 140, "children_per_slot": 3.35, "childcare_desert": 1, "pct_zero_car": 0.0626}}, {"type": "Feature", "geometry": {"type": "Polygon", "coordinates": [[[-95.6198, 29.9149], [-95.60857, 29.90705], [-95.60279, 29.90294], [-95.60224, 29.9041], [-95.60238, 29.90588], [-95.60322, 29.90728], [-95.6035, 29.90836], [-95.60354, 29.91272], [-95.60361, 29.91843], [-95.60375, 29.91943], [-95.60493, 29.92181], [-95.61119, 29.91891], [-95.61486, 29.91706], [-95.61623, 29.91655], [-95.6198, 29.9149]]]}, "properties": {"GEOID": "48201552002", "under5_pop": 101, "licensed_capacity": 0, "children_per_slot": null, "childcare_desert": 1, "pct_zero_car": 0.0}}, {"type": "Feature", "geometry": {"type": "Polygon", "coordinates": [[[-95.62867, 29.92932], [-95.62851, 29.92207], [-95.62873, 29.92118], [-95.6198, 29.9149], [-95.61623, 29.91655], [-95.61486, 29.91706], [-95.61119, 29.91891], [-95.60493, 29.92181], [-95.60577, 29.92324], [-95.60632, 29.92548], [-95.6107, 29.92553], [-95.61284, 29.92614], [-95.61591, 29.92823], [-95.61815, 29.92913], [-95.62021, 29.92929], [-95.62867, 29.92932]]]}, "properties": {"GEOID": "48201552101", "under5_pop": 463, "licensed_capacity": 453, "children_per_slot": 1.02, "childcare_desert": 0, "pct_zero_car": 0.012}}, {"type": "Feature", "geometry": {"type": "Polygon", "coordinates": [[[-95.28875, 29.65753], [-95.2919, 29.65587], [-95.3119, 29.64599], [-95.30979, 29.63905], [-95.30818, 29.63401], [-95.3059, 29.6259], [-95.30437, 29.62085], [-95.28534, 29.62078], [-95.28547, 29.62545], [-95.28039, 29.62557], [-95.27844, 29.62594], [-95.26673, 29.62644], [-95.26682, 29.63243], [-95.26666, 29.63243], [-95.26667, 29.63335], [-95.26892, 29.63511], [-95.27154, 29.6357], [-95.27285, 29.63549], [-95.27595, 29.63542], [-95.27587, 29.63445], [-95.28569, 29.63427], [-95.28664, 29.63432], [-95.28811, 29.63645], [-95.28875, 29.63816], [-95.28882, 29.63958], [-95.2885, 29.64194], [-95.28875, 29.65753]]]}, "properties": {"GEOID": "48201333700", "under5_pop": 379, "licensed_capacity": 109, "children_per_slot": 3.48, "childcare_desert": 1, "pct_zero_car": 0.0082}}, {"type": "Feature", "geometry": {"type": "Polygon", "coordinates": [[[-95.40849, 29.75973], [-95.4084, 29.75641], [-95.40898, 29.75565], [-95.41073, 29.75456], [-95.4107, 29.75202], [-95.4095, 29.75229], [-95.40221, 29.75243], [-95.40228, 29.75315], [-95.39802, 29.75323], [-95.39812, 29.75733], [-95.39818, 29.76112], [-95.39842, 29.76186], [-95.40049, 29.76201], [-95.40224, 29.76165], [-95.40359, 29.76092], [-95.40699, 29.76076], [-95.40863, 29.76052], [-95.40849, 29.75973]]]}, "properties": {"GEOID": "48201410300", "under5_pop": 100, "licensed_capacity": 168, "children_per_slot": 0.6, "childcare_desert": 0, "pct_zero_car": 0.0905}}, {"type": "Feature", "geometry": {"type": "Polygon", "coordinates": [[[-95.75187, 29.78539], [-95.75177, 29.77475], [-95.74911, 29.77477], [-95.74644, 29.775], [-95.74303, 29.77502], [-95.74125, 29.7753], [-95.73935, 29.77603], [-95.73759, 29.77638], [-95.73563, 29.77625], [-95.73315, 29.77593], [-95.7298, 29.77604], [-95.72392, 29.77596], [-95.72118, 29.77543], [-95.71885, 29.77524], [-95.71893, 29.78518], [-95.72651, 29.78535], [-95.73417, 29.78542], [-95.74943, 29.78536], [-95.75187, 29.78539]]]}, "properties": {"GEOID": "48201454600", "under5_pop": 265, "licensed_capacity": 519, "children_per_slot": 0.51, "childcare_desert": 0, "pct_zero_car": 0.1176}}, {"type": "Feature", "geometry": {"type": "Polygon", "coordinates": [[[-95.55918, 29.87225], [-95.56093, 29.87138], [-95.56208, 29.8704], [-95.56346, 29.8683], [-95.56374, 29.86704], [-95.56368, 29.86047], [-95.56367, 29.85029], [-95.56366, 29.83845], [-95.56369, 29.83193], [-95.54532, 29.83224], [-95.54503, 29.83444], [-95.5451, 29.85013], [-95.54519, 29.85872], [-95.54515, 29.86011], [-95.54413, 29.86166], [-95.55246, 29.86755], [-95.55918, 29.87225]]]}, "properties": {"GEOID": "48201521800", "under5_pop": 68, "licensed_capacity": 48, "children_per_slot": 1.42, "childcare_desert": 0, "pct_zero_car": 0.0327}}, {"type": "Feature", "geometry": {"type": "Polygon", "coordinates": [[[-95.56369, 29.83193], [-95.56358, 29.81271], [-95.55445, 29.81268], [-95.54521, 29.81269], [-95.54526, 29.82271], [-95.54532, 29.83224], [-95.56369, 29.83193]]]}, "properties": {"GEOID": "48201521900", "under5_pop": 435, "licensed_capacity": 0, "children_per_slot": null, "childcare_desert": 1, "pct_zero_car": 0.0689}}, {"type": "Feature", "geometry": {"type": "Polygon", "coordinates": [[[-95.50996, 29.69201], [-95.50896, 29.68892], [-95.50874, 29.68678], [-95.50382, 29.68929], [-95.49961, 29.69148], [-95.49299, 29.6948], [-95.49295, 29.69729], [-95.49305, 29.70545], [-95.49724, 29.70542], [-95.5027, 29.70531], [-95.50441, 29.70498], [-95.50366, 29.70246], [-95.50353, 29.69921], [-95.5042, 29.69649], [-95.50614, 29.69171], [-95.5087, 29.69209], [-95.50996, 29.69201]]]}, "properties": {"GEOID": "48201422701", "under5_pop": 217, "licensed_capacity": 12, "children_per_slot": 18.08, "childcare_desert": 1, "pct_zero_car": 0.0789}}, {"type": "Feature", "geometry": {"type": "Polygon", "coordinates": [[[-95.42884, 29.84104], [-95.42893, 29.83914], [-95.42972, 29.83725], [-95.42967, 29.83228], [-95.42854, 29.83234], [-95.42833, 29.83074], [-95.41639, 29.83078], [-95.41621, 29.83133], [-95.41069, 29.8314], [-95.4109, 29.84115], [-95.42797, 29.84093], [-95.42884, 29.84104]]]}, "properties": {"GEOID": "48201530900", "under5_pop": 501, "licensed_capacity": 61, "children_per_slot": 8.21, "childcare_desert": 1, "pct_zero_car": 0.0944}}, {"type": "Feature", "geometry": {"type": "Polygon", "coordinates": [[[-95.44479, 29.83275], [-95.44448, 29.81971], [-95.44085, 29.81968], [-95.4295, 29.81944], [-95.42962, 29.82828], [-95.4345, 29.82822], [-95.43577, 29.82838], [-95.43704, 29.82902], [-95.44197, 29.83216], [-95.4432, 29.83267], [-95.44479, 29.83275]]]}, "properties": {"GEOID": "48201531100", "under5_pop": 283, "licensed_capacity": 12, "children_per_slot": 23.58, "childcare_desert": 1, "pct_zero_car": 0.0089}}, {"type": "Feature", "geometry": {"type": "Polygon", "coordinates": [[[-95.59615, 29.70362], [-95.5959, 29.68909], [-95.59241, 29.68887], [-95.58759, 29.68893], [-95.58763, 29.69334], [-95.58786, 29.70374], [-95.59615, 29.70362]]]}, "properties": {"GEOID": "48201452900", "under5_pop": 111, "licensed_capacity": 467, "children_per_slot": 0.24, "childcare_desert": 0, "pct_zero_car": 0.0178}}, {"type": "Feature", "geometry": {"type": "Polygon", "coordinates": [[[-95.57121, 29.70393], [-95.57106, 29.69244], [-95.57091, 29.69083], [-95.57026, 29.68838], [-95.56715, 29.68902], [-95.56276, 29.68925], [-95.56008, 29.68966], [-95.55748, 29.68942], [-95.55715, 29.6921], [-95.55718, 29.69611], [-95.55738, 29.7045], [-95.56749, 29.70397], [-95.57121, 29.70393]]]}, "properties": {"GEOID": "48201453100", "under5_pop": 277, "licensed_capacity": 24, "children_per_slot": 11.54, "childcare_desert": 1, "pct_zero_car": 0.1414}}, {"type": "Feature", "geometry": {"type": "Polygon", "coordinates": [[[-95.629, 29.94743], [-95.62867, 29.92932], [-95.62021, 29.92929], [-95.62026, 29.93352], [-95.62093, 29.93611], [-95.62116, 29.94661], [-95.62071, 29.94749], [-95.629, 29.94743]]]}, "properties": {"GEOID": "48201552103", "under5_pop": 262, "licensed_capacity": 306, "children_per_slot": 0.86, "childcare_desert": 0, "pct_zero_car": 0.0254}}, {"type": "Feature", "geometry": {"type": "Polygon", "coordinates": [[[-95.57078, 29.65621], [-95.57041, 29.65362], [-95.56853, 29.65139], [-95.56421, 29.65546], [-95.56233, 29.6571], [-95.55812, 29.66105], [-95.55965, 29.66428], [-95.56022, 29.66739], [-95.56036, 29.67005], [-95.56048, 29.67463], [-95.56863, 29.67413], [-95.57039, 29.67422], [-95.57027, 29.6712], [-95.56928, 29.66822], [-95.56882, 29.66624], [-95.5687, 29.66361], [-95.56896, 29.6616], [-95.56967, 29.65937], [-95.57078, 29.65621]]]}, "properties": {"GEOID": "48201453300", "under5_pop": 255, "licensed_capacity": 119, "children_per_slot": 2.14, "childcare_desert": 0, "pct_zero_car": 0.1117}}, {"type": "Feature", "geometry": {"type": "Polygon", "coordinates": [[[-95.43017, 29.89912], [-95.42931, 29.89803], [-95.42175, 29.88831], [-95.41749, 29.88287], [-95.41305, 29.87697], [-95.41023, 29.8736], [-95.41144, 29.87567], [-95.4119, 29.87686], [-95.41211, 29.87856], [-95.41211, 29.8822], [-95.41224, 29.88906], [-95.41245, 29.89965], [-95.41474, 29.90203], [-95.41611, 29.90237], [-95.42281, 29.90222], [-95.42615, 29.90077], [-95.42762, 29.9007], [-95.42969, 29.89919], [-95.43017, 29.89912]]]}, "properties": {"GEOID": "48201533500", "under5_pop": 245, "licensed_capacity": 149, "children_per_slot": 1.64, "childcare_desert": 0, "pct_zero_car": 0.0417}}, {"type": "Feature", "geometry": {"type": "Polygon", "coordinates": [[[-95.43272, 29.91474], [-95.44216, 29.91459], [-95.43017, 29.89912], [-95.42969, 29.89919], [-95.42762, 29.9007], [-95.42615, 29.90077], [-95.42281, 29.90222], [-95.41611, 29.90237], [-95.41474, 29.90203], [-95.41245, 29.89965], [-95.41269, 29.91507], [-95.42378, 29.91492], [-95.43272, 29.91474]]]}, "properties": {"GEOID": "48201533600", "under5_pop": 548, "licensed_capacity": 63, "children_per_slot": 8.7, "childcare_desert": 1, "pct_zero_car": 0.0821}}, {"type": "Feature", "geometry": {"type": "Polygon", "coordinates": [[[-95.39788, 29.92598], [-95.39769, 29.92594], [-95.39394, 29.92201], [-95.39354, 29.92103], [-95.39352, 29.91932], [-95.39567, 29.91898], [-95.40196, 29.91623], [-95.40499, 29.91543], [-95.40208, 29.91543], [-95.39349, 29.9156], [-95.38985, 29.91578], [-95.37607, 29.91667], [-95.3761, 29.91805], [-95.37699, 29.92032], [-95.37816, 29.92503], [-95.37846, 29.92707], [-95.37993, 29.93274], [-95.38403, 29.932], [-95.38681, 29.93189], [-95.39235, 29.93191], [-95.40008, 29.93179], [-95.40004, 29.92959], [-95.39969, 29.92883], [-95.39805, 29.92712], [-95.39788, 29.92598]]]}, "properties": {"GEOID": "48201222502", "under5_pop": 323, "licensed_capacity": 75, "children_per_slot": 4.31, "childcare_desert": 1, "pct_zero_car": 0.0207}}, {"type": "Feature", "geometry": {"type": "Polygon", "coordinates": [[[-95.40849, 29.75973], [-95.41062, 29.75901], [-95.41374, 29.75867], [-95.4148, 29.7579], [-95.4159, 29.75667], [-95.4173, 29.75456], [-95.41788, 29.75332], [-95.41863, 29.7509], [-95.41882, 29.7484], [-95.41878, 29.74232], [-95.41073, 29.74258], [-95.41064, 29.74439], [-95.4107, 29.75202], [-95.41073, 29.75456], [-95.40898, 29.75565], [-95.4084, 29.75641], [-95.40849, 29.75973]]]}, "properties": {"GEOID": "48201411100", "under5_pop": 96, "licensed_capacity": 0, "children_per_slot": null, "childcare_desert": 1, "pct_zero_car": 0.0363}}, {"type": "Feature", "geometry": {"type": "Polygon", "coordinates": [[[-95.71987, 29.83117], [-95.71983, 29.82427], [-95.71185, 29.82433], [-95.71072, 29.824], [-95.70769, 29.82238], [-95.70574, 29.82198], [-95.70346, 29.82197], [-95.70352, 29.82764], [-95.70263, 29.82954], [-95.70231, 29.83112], [-95.71987, 29.83117]]]}, "properties": {"GEOID": "48201542002", "under5_pop": 162, "licensed_capacity": 216, "children_per_slot": 0.75, "childcare_desert": 0, "pct_zero_car": 0.0285}}, {"type": "Feature", "geometry": {"type": "Polygon", "coordinates": [[[-95.81523, 30.01628], [-95.81513, 29.99622], [-95.81447, 29.99553], [-95.80909, 29.9956], [-95.80931, 29.99492], [-95.80918, 29.98824], [-95.8082, 29.94406], [-95.80818, 29.94109], [-95.80775, 29.92183], [-95.80753, 29.90397], [-95.80724, 29.87492], [-95.77383, 29.87515], [-95.75666, 29.87526], [-95.75016, 29.87527], [-95.74819, 29.87573], [-95.74665, 29.87653], [-95.74423, 29.87865], [-95.74218, 29.87948], [-95.74081, 29.87962], [-95.7319, 29.87966], [-95.72384, 29.8797], [-95.72387, 29.8818], [-95.72333, 29.8837], [-95.72259, 29.88478], [-95.71967, 29.88729], [-95.7187, 29.88884], [-95.71834, 29.89054], [-95.71848, 29.89447], [-95.71857, 29.89617], [-95.71942, 29.89822], [-95.72489, 29.90339], [-95.72569, 29.90448], [-95.72627, 29.90609], [-95.72631, 29.90838], [-95.7294, 29.90927], [-95.73237, 29.9121], [-95.74109, 29.91201], [-95.74114, 29.91872], [-95.74149, 29.91907], [-95.74654, 29.919], [-95.76188, 29.91896], [-95.76214, 29.92345], [-95.76247, 29.92643], [-95.7634, 29.93341], [-95.76397, 29.93644], [-95.76537, 29.93956], [-95.76795, 29.94342], [-95.7686, 29.94458], [-95.76944, 29.94691], [-95.76957, 29.94806], [-95.7696, 29.95201], [-95.76948, 29.97763], [-95.76937, 29.98617], [-95.76905, 29.9909], [-95.76873, 29.99298], [-95.76866, 29.99506], [-95.76885, 29.99876], [-95.77422, 30.00076], [-95.78046, 30.00325], [-95.78195, 30.00373], [-95.78675, 30.0054], [-95.79295, 30.00776], [-95.79953, 30.01014], [-95.80677, 30.01294], [-95.81523, 30.01628]]]}, "properties": {"GEOID": "48201543005", "under5_pop": 1089, "licensed_capacity": 533, "children_per_slot": 2.04, "childcare_desert": 0, "pct_zero_car": 0.0}}, {"type": "Feature", "geometry": {"type": "Polygon", "coordinates": [[[-95.49305, 29.70545], [-95.49295, 29.69729], [-95.49299, 29.6948], [-95.48663, 29.69809], [-95.48672, 29.70553], [-95.49305, 29.70545]]]}, "properties": {"GEOID": "48201421601", "under5_pop": 458, "licensed_capacity": 0, "children_per_slot": null, "childcare_desert": 1, "pct_zero_car": 0.228}}, {"type": "Feature", "geometry": {"type": "Polygon", "coordinates": [[[-95.53052, 29.67642], [-95.53026, 29.67382], [-95.52979, 29.67336], [-95.5282, 29.67272], [-95.52518, 29.67187], [-95.52093, 29.67219], [-95.51576, 29.67362], [-95.51605, 29.67494], [-95.51464, 29.67673], [-95.51439, 29.67835], [-95.51082, 29.6784], [-95.51099, 29.68563], [-95.52248, 29.67987], [-95.52836, 29.67689], [-95.53052, 29.67642]]]}, "properties": {"GEOID": "48201423002", "under5_pop": 224, "licensed_capacity": 280, "children_per_slot": 0.8, "childcare_desert": 0, "pct_zero_car": 0.0687}}, {"type": "Feature", "geometry": {"type": "Polygon", "coordinates": [[[-95.2569, 29.70782], [-95.25751, 29.70719], [-95.25963, 29.70587], [-95.2632, 29.70456], [-95.26434, 29.7039], [-95.26523, 29.70273], [-95.26516, 29.70152], [-95.26314, 29.69938], [-95.26203, 29.69741], [-95.26267, 29.69712], [-95.26244, 29.69619], [-95.26162, 29.69608], [-95.26087, 29.69509], [-95.25959, 29.69435], [-95.25854, 29.69463], [-95.25755, 29.69417], [-95.25577, 29.69404], [-95.25541, 29.69295], [-95.25672, 29.69172], [-95.25654, 29.69019], [-95.25513, 29.68916], [-95.25407, 29.68923], [-95.25262, 29.68875], [-95.25156, 29.68749], [-95.24948, 29.68754], [-95.24813, 29.6882], [-95.24723, 29.68691], [-95.24614, 29.68742], [-95.24461, 29.68876], [-95.23912, 29.69603], [-95.23856, 29.6963], [-95.23454, 29.69049], [-95.22809, 29.69056], [-95.22795, 29.69283], [-95.2281, 29.69982], [-95.22814, 29.70766], [-95.2319, 29.7072], [-95.24488, 29.70603], [-95.24629, 29.70607], [-95.2569, 29.70782]]]}, "properties": {"GEOID": "48201320500", "under5_pop": 289, "licensed_capacity": 97, "children_per_slot": 2.98, "childcare_desert": 0, "pct_zero_car": 0.0152}}, {"type": "Feature", "geometry": {"type": "Polygon", "coordinates": [[[-95.41875, 29.73848], [-95.41866, 29.73074], [-95.41061, 29.73098], [-95.41065, 29.73424], [-95.41069, 29.73855], [-95.41875, 29.73848]]]}, "properties": {"GEOID": "48201411003", "under5_pop": 78, "licensed_capacity": 0, "children_per_slot": null, "childcare_desert": 1, "pct_zero_car": 0.1164}}, {"type": "Feature", "geometry": {"type": "Polygon", "coordinates": [[[-95.43003, 29.74207], [-95.42997, 29.73834], [-95.41875, 29.73848], [-95.41878, 29.74232], [-95.42114, 29.74218], [-95.43003, 29.74207]]]}, "properties": {"GEOID": "48201411001", "under5_pop": 40, "licensed_capacity": 478, "children_per_slot": 0.08, "childcare_desert": 0, "pct_zero_car": 0.0}}, {"type": "Feature", "geometry": {"type": "Polygon", "coordinates": [[[-95.54464, 29.71349], [-95.54411, 29.71209], [-95.54397, 29.70873], [-95.53883, 29.70896], [-95.53893, 29.71363], [-95.54301, 29.71406], [-95.54464, 29.71349]]]}, "properties": {"GEOID": "48201433006", "under5_pop": 132, "licensed_capacity": 0, "children_per_slot": null, "childcare_desert": 1, "pct_zero_car": 0.2533}}, {"type": "Feature", "geometry": {"type": "Polygon", "coordinates": [[[-95.53893, 29.71449], [-95.53893, 29.71363], [-95.53883, 29.70896], [-95.53809, 29.70619], [-95.53798, 29.705], [-95.53615, 29.70502], [-95.53616, 29.7065], [-95.53419, 29.70654], [-95.53376, 29.70706], [-95.53499, 29.71055], [-95.5351, 29.71454], [-95.53893, 29.71449]]]}, "properties": {"GEOID": "48201432903", "under5_pop": 289, "licensed_capacity": 0, "children_per_slot": null, "childcare_desert": 1, "pct_zero_car": 0.1153}}, {"type": "Feature", "geometry": {"type": "Polygon", "coordinates": [[[-95.47644, 29.73151], [-95.4764, 29.72605], [-95.47329, 29.72606], [-95.46825, 29.7264], [-95.46825, 29.73152], [-95.47644, 29.73151]]]}, "properties": {"GEOID": "48201432703", "under5_pop": 54, "licensed_capacity": 0, "children_per_slot": null, "childcare_desert": 1, "pct_zero_car": 0.0389}}, {"type": "Feature", "geometry": {"type": "Polygon", "coordinates": [[[-95.50114, 29.75416], [-95.50111, 29.75297], [-95.5011, 29.75048], [-95.49911, 29.75045], [-95.49566, 29.74994], [-95.49565, 29.75632], [-95.49978, 29.7551], [-95.50114, 29.75416]]]}, "properties": {"GEOID": "48201431503", "under5_pop": 117, "licensed_capacity": 131, "children_per_slot": 0.89, "childcare_desert": 0, "pct_zero_car": 0.0}}, {"type": "Feature", "geometry": {"type": "Polygon", "coordinates": [[[-95.39881, 29.72249], [-95.41094, 29.71779], [-95.41271, 29.71749], [-95.41267, 29.71511], [-95.41131, 29.71491], [-95.40088, 29.71149], [-95.39365, 29.72064], [-95.39711, 29.72269], [-95.39881, 29.72249]]]}, "properties": {"GEOID": "48201980300", "under5_pop": 4, "licensed_capacity": 0, "children_per_slot": null, "childcare_desert": 1, "pct_zero_car": 0.0}}, {"type": "Feature", "geometry": {"type": "Polygon", "coordinates": [[[-95.51806, 29.71302], [-95.51802, 29.70973], [-95.51358, 29.70976], [-95.51119, 29.70915], [-95.50942, 29.70787], [-95.50646, 29.71048], [-95.50941, 29.71281], [-95.51059, 29.71309], [-95.51362, 29.71306], [-95.51806, 29.71302]]]}, "properties": {"GEOID": "48201432806", "under5_pop": 328, "licensed_capacity": 50, "children_per_slot": 6.56, "childcare_desert": 1, "pct_zero_car": 0.3149}}, {"type": "Feature", "geometry": {"type": "Polygon", "coordinates": [[[-95.55399, 29.68565], [-95.55358, 29.68482], [-95.55562, 29.684], [-95.55531, 29.68284], [-95.55566, 29.68103], [-95.55395, 29.6805], [-95.553, 29.68205], [-95.55166, 29.68084], [-95.55048, 29.68148], [-95.55141, 29.68356], [-95.55139, 29.68606], [-95.55158, 29.68662], [-95.55399, 29.68565]]]}, "properties": {"GEOID": "48201433505", "under5_pop": 183, "licensed_capacity": 12, "children_per_slot": 15.25, "childcare_desert": 1, "pct_zero_car": 0.2833}}, {"type": "Feature", "geometry": {"type": "Polygon", "coordinates": [[[-95.55845, 29.68466], [-95.56025, 29.67621], [-95.56048, 29.67463], [-95.55365, 29.67509], [-95.55375, 29.67642], [-95.55346, 29.67749], [-95.5562, 29.67751], [-95.55622, 29.67842], [-95.55566, 29.68103], [-95.55531, 29.68284], [-95.55562, 29.684], [-95.55358, 29.68482], [-95.55399, 29.68565], [-95.55606, 29.68484], [-95.55845, 29.68466]]]}, "properties": {"GEOID": "48201433507", "under5_pop": 187, "licensed_capacity": 64, "children_per_slot": 2.92, "childcare_desert": 0, "pct_zero_car": 0.1456}}, {"type": "Feature", "geometry": {"type": "Polygon", "coordinates": [[[-95.45455, 29.94945], [-95.45501, 29.94659], [-95.4549, 29.93755], [-95.45107, 29.93773], [-95.4497, 29.93882], [-95.44828, 29.93949], [-95.44745, 29.94023], [-95.446, 29.94091], [-95.44165, 29.9433], [-95.4364, 29.9452], [-95.43416, 29.94612], [-95.43618, 29.94621], [-95.43653, 29.965], [-95.43657, 29.96542], [-95.44752, 29.96514], [-95.45366, 29.96492], [-95.45303, 29.96264], [-95.45185, 29.96085], [-95.45156, 29.95951], [-95.4515, 29.95549], [-95.4518, 29.95368], [-95.45239, 29.95255], [-95.45404, 29.95045], [-95.45455, 29.94945]]]}, "properties": {"GEOID": "48201550500", "under5_pop": 145, "licensed_capacity": 370, "children_per_slot": 0.39, "childcare_desert": 0, "pct_zero_car": 0.0229}}, {"type": "Feature", "geometry": {"type": "Polygon", "coordinates": [[[-95.55845, 29.68466], [-95.55606, 29.68484], [-95.55399, 29.68565], [-95.55158, 29.68662], [-95.54911, 29.68782], [-95.55218, 29.68992], [-95.55384, 29.6894], [-95.55608, 29.68922], [-95.55748, 29.68942], [-95.55845, 29.68466]]]}, "properties": {"GEOID": "48201433503", "under5_pop": 450, "licensed_capacity": 0, "children_per_slot": null, "childcare_desert": 1, "pct_zero_car": 0.1511}}, {"type": "Feature", "geometry": {"type": "Polygon", "coordinates": [[[-95.3977, 29.79069], [-95.39744, 29.77667], [-95.38845, 29.77687], [-95.38733, 29.77818], [-95.38706, 29.77906], [-95.38745, 29.78097], [-95.38768, 29.78163], [-95.38783, 29.79083], [-95.3977, 29.79069]]]}, "properties": {"GEOID": "48201510400", "under5_pop": 423, "licensed_capacity": 0, "children_per_slot": null, "childcare_desert": 1, "pct_zero_car": 0.0204}}, {"type": "Feature", "geometry": {"type": "Polygon", "coordinates": [[[-95.4099, 29.79051], [-95.40966, 29.78332], [-95.40917, 29.7815], [-95.40963, 29.7795], [-95.40961, 29.77766], [-95.40784, 29.77758], [-95.40296, 29.77682], [-95.39901, 29.77659], [-95.39744, 29.77667], [-95.3977, 29.79069], [-95.39897, 29.79068], [-95.4099, 29.79051]]]}, "properties": {"GEOID": "48201510500", "under5_pop": 596, "licensed_capacity": 347, "children_per_slot": 1.72, "childcare_desert": 0, "pct_zero_car": 0.0301}}, {"type": "Feature", "geometry": {"type": "Polygon", "coordinates": [[[-95.6833, 29.86536], [-95.68324, 29.85642], [-95.68981, 29.8564], [-95.68977, 29.8486], [-95.6753, 29.84871], [-95.67153, 29.8492], [-95.6682, 29.84922], [-95.66824, 29.85356], [-95.66842, 29.8548], [-95.66968, 29.85947], [-95.66987, 29.86102], [-95.66905, 29.86528], [-95.67, 29.86541], [-95.6833, 29.86536]]]}, "properties": {"GEOID": "48201541500", "under5_pop": 146, "licensed_capacity": 569, "children_per_slot": 0.26, "childcare_desert": 0, "pct_zero_car": 0.0361}}, {"type": "Feature", "geometry": {"type": "Polygon", "coordinates": [[[-95.23514, 29.58546], [-95.23483, 29.58465], [-95.23403, 29.5805], [-95.2334, 29.57895], [-95.23238, 29.57772], [-95.23015, 29.57605], [-95.22838, 29.57535], [-95.2259, 29.57357], [-95.21337, 29.58496], [-95.22195, 29.59203], [-95.22337, 29.59099], [-95.22707, 29.58769], [-95.2299, 29.5867], [-95.23211, 29.58648], [-95.23514, 29.58546]]]}, "properties": {"GEOID": "48201350300", "under5_pop": 225, "licensed_capacity": 73, "children_per_slot": 3.08, "childcare_desert": 1, "pct_zero_car": 0.0109}}, {"type": "Feature", "geometry": {"type": "Polygon", "coordinates": [[[-95.22195, 29.59203], [-95.21337, 29.58496], [-95.21132, 29.58682], [-95.20933, 29.58824], [-95.20447, 29.59277], [-95.20253, 29.59521], [-95.19781, 29.59889], [-95.20216, 29.60323], [-95.20555, 29.60635], [-95.20955, 29.60344], [-95.21163, 29.60226], [-95.2134, 29.60156], [-95.21599, 29.60104], [-95.21624, 29.59845], [-95.21718, 29.59684], [-95.22067, 29.59355], [-95.22195, 29.59203]]]}, "properties": {"GEOID": "48201350400", "under5_pop": 175, "licensed_capacity": 175, "children_per_slot": 1, "childcare_desert": 0, "pct_zero_car": 0.0612}}, {"type": "Feature", "geometry": {"type": "Polygon", "coordinates": [[[-95.21337, 29.58496], [-95.20806, 29.5805], [-95.20714, 29.5796], [-95.19909, 29.57309], [-95.19833, 29.57236], [-95.18805, 29.56383], [-95.1868, 29.56435], [-95.18723, 29.56542], [-95.1873, 29.56715], [-95.18638, 29.56969], [-95.18662, 29.57112], [-95.18583, 29.57223], [-95.18483, 29.57273], [-95.18427, 29.57348], [-95.18329, 29.57319], [-95.18295, 29.57384], [-95.18166, 29.57409], [-95.18097, 29.57526], [-95.18346, 29.58042], [-95.18472, 29.58155], [-95.1855, 29.58291], [-95.18725, 29.58405], [-95.1844, 29.58662], [-95.19179, 29.59302], [-95.19781, 29.59889], [-95.20253, 29.59521], [-95.20447, 29.59277], [-95.20933, 29.58824], [-95.21132, 29.58682], [-95.21337, 29.58496]]]}, "properties": {"GEOID": "48201350500", "under5_pop": 503, "licensed_capacity": 136, "children_per_slot": 3.7, "childcare_desert": 1, "pct_zero_car": 0.0286}}, {"type": "Feature", "geometry": {"type": "Polygon", "coordinates": [[[-95.26408, 29.77572], [-95.26546, 29.76939], [-95.26554, 29.76828], [-95.2594, 29.76824], [-95.2594, 29.7687], [-95.25606, 29.76818], [-95.25607, 29.76792], [-95.25114, 29.76722], [-95.24736, 29.76723], [-95.22542, 29.76755], [-95.22395, 29.76709], [-95.22357, 29.76835], [-95.2251, 29.76871], [-95.22526, 29.7695], [-95.22634, 29.76899], [-95.22715, 29.76917], [-95.22706, 29.7704], [-95.22797, 29.77212], [-95.23524, 29.77372], [-95.2367, 29.77389], [-95.24755, 29.77376], [-95.25152, 29.7738], [-95.25506, 29.77425], [-95.26408, 29.77572]]]}, "properties": {"GEOID": "48201233400", "under5_pop": 189, "licensed_capacity": 0, "children_per_slot": null, "childcare_desert": 1, "pct_zero_car": 0.157}}, {"type": "Feature", "geometry": {"type": "Polygon", "coordinates": [[[-95.46805, 29.71659], [-95.46799, 29.71298], [-95.47259, 29.7129], [-95.47251, 29.70748], [-95.47629, 29.70743], [-95.47628, 29.7056], [-95.46222, 29.70582], [-95.45945, 29.70577], [-95.46004, 29.70823], [-95.46023, 29.70986], [-95.46031, 29.72024], [-95.46039, 29.72621], [-95.46404, 29.72586], [-95.46396, 29.72026], [-95.4681, 29.72021], [-95.46805, 29.71659]]]}, "properties": {"GEOID": "48201421000", "under5_pop": 123, "licensed_capacity": 248, "children_per_slot": 0.5, "childcare_desert": 0, "pct_zero_car": 0.0}}, {"type": "Feature", "geometry": {"type": "Polygon", "coordinates": [[[-95.17832, 30.01115], [-95.17999, 30.00943], [-95.18114, 30.00855], [-95.18357, 30.00758], [-95.18483, 30.00742], [-95.19379, 30.00703], [-95.19332, 29.9988], [-95.18458, 29.99864], [-95.16777, 29.99823], [-95.16503, 29.99822], [-95.16209, 29.99863], [-95.16462, 30.00469], [-95.16565, 30.00593], [-95.16784, 30.00736], [-95.16961, 30.00788], [-95.17401, 30.00881], [-95.17587, 30.00943], [-95.17832, 30.01115]]]}, "properties": {"GEOID": "48201250702", "under5_pop": 208, "licensed_capacity": 639, "children_per_slot": 0.33, "childcare_desert": 0, "pct_zero_car": 0.0139}}, {"type": "Feature", "geometry": {"type": "Polygon", "coordinates": [[[-95.21621, 30.04894], [-95.21777, 30.0455], [-95.21881, 30.04176], [-95.21896, 30.03917], [-95.21788, 30.03538], [-95.21711, 30.03375], [-95.21338, 30.02796], [-95.21199, 30.02556], [-95.21179, 30.02404], [-95.21094, 30.02409], [-95.20672, 30.0253], [-95.2046, 30.02608], [-95.20084, 30.02604], [-95.19777, 30.02461], [-95.19288, 30.02317], [-95.18702, 30.02209], [-95.1833, 30.02162], [-95.1809, 30.0218], [-95.17909, 30.02315], [-95.17755, 30.02661], [-95.17653, 30.02732], [-95.17443, 30.0325], [-95.17414, 30.03513], [-95.17464, 30.03686], [-95.17663, 30.04079], [-95.17711, 30.0415], [-95.18124, 30.04551], [-95.18251, 30.04702], [-95.18421, 30.05002], [-95.18799, 30.04841], [-95.18903, 30.04753], [-95.19032, 30.0456], [-95.19113, 30.04484], [-95.19315, 30.04382], [-95.19442, 30.04351], [-95.19848, 30.04301], [-95.20155, 30.0435], [-95.20753, 30.04572], [-95.21102, 30.04659], [-95.21384, 30.04802], [-95.21621, 30.04894]]]}, "properties": {"GEOID": "48201251000", "under5_pop": 170, "licensed_capacity": 145, "children_per_slot": 1.17, "childcare_desert": 0, "pct_zero_car": 0.0493}}, {"type": "Feature", "geometry": {"type": "Polygon", "coordinates": [[[-95.67305, 29.96266], [-95.67393, 29.9624], [-95.67495, 29.96116], [-95.6762, 29.9613], [-95.67777, 29.95971], [-95.67767, 29.95783], [-95.67834, 29.95633], [-95.67347, 29.95307], [-95.67025, 29.95075], [-95.66802, 29.949], [-95.65418, 29.93936], [-95.64999, 29.9365], [-95.63886, 29.92861], [-95.63754, 29.92741], [-95.62873, 29.92118], [-95.62851, 29.92207], [-95.62867, 29.92932], [-95.629, 29.94743], [-95.63082, 29.94741], [-95.63092, 29.95861], [-95.63122, 29.96129], [-95.6326, 29.96092], [-95.63402, 29.9596], [-95.63466, 29.9595], [-95.63569, 29.96009], [-95.63539, 29.96095], [-95.6359, 29.96133], [-95.63698, 29.96098], [-95.63752, 29.95953], [-95.63831, 29.95911], [-95.63795, 29.95779], [-95.63838, 29.95652], [-95.64038, 29.95522], [-95.64144, 29.95517], [-95.64216, 29.95423], [-95.64206, 29.95326], [-95.64504, 29.95296], [-95.64882, 29.9529], [-95.64982, 29.95301], [-95.65064, 29.95406], [-95.65295, 29.95454], [-95.65399, 29.95598], [-95.65506, 29.95601], [-95.65581, 29.95724], [-95.659, 29.95871], [-95.65965, 29.95859], [-95.66045, 29.9594], [-95.66125, 29.95922], [-95.66226, 29.95978], [-95.66358, 29.9596], [-95.66412, 29.96013], [-95.66462, 29.96147], [-95.66676, 29.96268], [-95.66864, 29.96309], [-95.67027, 29.9621], [-95.67058, 29.96132], [-95.67121, 29.96153], [-95.67211, 29.96256], [-95.67305, 29.96266]]]}, "properties": {"GEOID": "48201552200", "under5_pop": 439, "licensed_capacity": 1239, "children_per_slot": 0.35, "childcare_desert": 0, "pct_zero_car": 0.0812}}, {"type": "Feature", "geometry": {"type": "Polygon", "coordinates": [[[-95.01884, 29.64595], [-95.01885, 29.64471], [-95.0185, 29.62993], [-95.01829, 29.61787], [-95.01819, 29.61305], [-95.00433, 29.61363], [-94.99475, 29.61372], [-94.99709, 29.61528], [-94.9986, 29.61652], [-94.99933, 29.61762], [-94.99787, 29.62004], [-94.99812, 29.62023], [-94.99923, 29.61857], [-95.00017, 29.61775], [-95.00114, 29.61826], [-95.0002, 29.61933], [-94.99928, 29.61989], [-94.99866, 29.62077], [-95.00028, 29.61985], [-95.00134, 29.61871], [-95.00237, 29.61896], [-95.00468, 29.62065], [-95.00718, 29.62269], [-95.00856, 29.62362], [-95.00958, 29.62525], [-95.012, 29.6284], [-95.01257, 29.62851], [-95.01372, 29.62993], [-95.0145, 29.63157], [-95.01504, 29.63195], [-95.01527, 29.63408], [-95.01594, 29.63697], [-95.01604, 29.6385], [-95.01419, 29.64254], [-95.01558, 29.64353], [-95.0164, 29.64456], [-95.01761, 29.64493], [-95.01796, 29.64569], [-95.01884, 29.64595]]]}, "properties": {"GEOID": "48201341700", "under5_pop": 132, "licensed_capacity": 0, "children_per_slot": null, "childcare_desert": 1, "pct_zero_car": 0.0293}}, {"type": "Feature", "geometry": {"type": "Polygon", "coordinates": [[[-95.23454, 29.69049], [-95.23856, 29.6963], [-95.23912, 29.69603], [-95.24461, 29.68876], [-95.24614, 29.68742], [-95.24723, 29.68691], [-95.24674, 29.68607], [-95.24533, 29.68516], [-95.24541, 29.68318], [-95.24286, 29.6833], [-95.23032, 29.68338], [-95.22951, 29.68332], [-95.23454, 29.69049]]]}, "properties": {"GEOID": "48201321800", "under5_pop": 223, "licensed_capacity": 0, "children_per_slot": null, "childcare_desert": 1, "pct_zero_car": 0.0132}}, {"type": "Feature", "geometry": {"type": "Polygon", "coordinates": [[[-95.31069, 29.7122], [-95.3051, 29.70843], [-95.28608, 29.71911], [-95.28511, 29.71965], [-95.28609, 29.72017], [-95.28691, 29.7211], [-95.28618, 29.72263], [-95.28781, 29.72346], [-95.28984, 29.72336], [-95.29049, 29.72392], [-95.29106, 29.72557], [-95.29169, 29.72607], [-95.29289, 29.72632], [-95.2949, 29.72794], [-95.2973, 29.72754], [-95.2996, 29.72822], [-95.30179, 29.729], [-95.3022, 29.72982], [-95.30319, 29.73], [-95.30383, 29.729], [-95.30424, 29.72765], [-95.30516, 29.72728], [-95.30544, 29.72658], [-95.30498, 29.72558], [-95.30522, 29.72427], [-95.30503, 29.72238], [-95.30543, 29.72115], [-95.30844, 29.71953], [-95.30885, 29.71836], [-95.30753, 29.7171], [-95.30771, 29.71561], [-95.30919, 29.71447], [-95.30939, 29.7136], [-95.31069, 29.7122]]]}, "properties": {"GEOID": "48201311200", "under5_pop": 291, "licensed_capacity": 0, "children_per_slot": null, "childcare_desert": 1, "pct_zero_car": 0.0961}}, {"type": "Feature", "geometry": {"type": "Polygon", "coordinates": [[[-95.34011, 29.80151], [-95.33996, 29.79789], [-95.33994, 29.79391], [-95.33099, 29.79397], [-95.32984, 29.79355], [-95.32579, 29.79353], [-95.324, 29.79395], [-95.32409, 29.80016], [-95.33309, 29.80005], [-95.33486, 29.80017], [-95.34011, 29.80151]]]}, "properties": {"GEOID": "48201211000", "under5_pop": 62, "licensed_capacity": 143, "children_per_slot": 0.43, "childcare_desert": 0, "pct_zero_car": 0.2067}}, {"type": "Feature", "geometry": {"type": "Polygon", "coordinates": [[[-95.0629, 29.94315], [-95.06285, 29.94072], [-95.06248, 29.94034], [-95.06233, 29.92902], [-95.06232, 29.92527], [-95.06395, 29.92514], [-95.06394, 29.92263], [-95.06378, 29.91324], [-95.05612, 29.91923], [-95.05298, 29.92157], [-95.04776, 29.92566], [-95.04152, 29.93034], [-95.03365, 29.93645], [-95.03179, 29.93779], [-95.02806, 29.9407], [-95.01159, 29.95322], [-95.00612, 29.95736], [-94.98959, 29.97011], [-94.98591, 29.97301], [-94.98784, 29.97451], [-94.99417, 29.97739], [-94.99542, 29.97783], [-94.99527, 29.97945], [-94.99839, 29.98747], [-94.99979, 29.9909], [-94.99981, 29.99144], [-95.00315, 29.99233], [-95.00737, 29.99332], [-95.01706, 29.9958], [-95.01867, 29.99646], [-95.02191, 29.99691], [-95.02473, 29.99658], [-95.02677, 29.99674], [-95.02582, 29.99195], [-95.02552, 29.99164], [-95.0222, 29.99168], [-95.02183, 29.99147], [-95.02181, 29.98977], [-95.03524, 29.98962], [-95.03976, 29.9895], [-95.04159, 29.98905], [-95.04972, 29.98897], [-95.04907, 29.98053], [-95.06163, 29.98038], [-95.06185, 29.98027], [-95.06167, 29.96992], [-95.06363, 29.96989], [-95.06351, 29.95971], [-95.06341, 29.95538], [-95.0629, 29.94315]]]}, "properties": {"GEOID": "48201251800", "under5_pop": 215, "licensed_capacity": 0, "children_per_slot": null, "childcare_desert": 1, "pct_zero_car": 0.0311}}, {"type": "Feature", "geometry": {"type": "Polygon", "coordinates": [[[-95.62058, 29.85625], [-95.61835, 29.8538], [-95.61779, 29.8522], [-95.61778, 29.84979], [-95.61818, 29.84859], [-95.61882, 29.84789], [-95.62145, 29.84632], [-95.62289, 29.84565], [-95.62255, 29.84417], [-95.62379, 29.8437], [-95.62354, 29.84269], [-95.6241, 29.8416], [-95.6251, 29.84126], [-95.62534, 29.84049], [-95.6262, 29.84025], [-95.6252, 29.83938], [-95.62509, 29.83836], [-95.62575, 29.83785], [-95.62491, 29.83722], [-95.62613, 29.83677], [-95.62561, 29.83598], [-95.6188, 29.83596], [-95.61365, 29.83605], [-95.61166, 29.83582], [-95.60484, 29.83374], [-95.605, 29.84154], [-95.60806, 29.86311], [-95.60828, 29.86573], [-95.60846, 29.87246], [-95.60842, 29.87675], [-95.60852, 29.87954], [-95.62067, 29.87945], [-95.62538, 29.87943], [-95.62516, 29.8783], [-95.62599, 29.87685], [-95.62532, 29.87402], [-95.62439, 29.87303], [-95.625, 29.87222], [-95.62594, 29.87188], [-95.62607, 29.87124], [-95.62517, 29.87008], [-95.62396, 29.86959], [-95.62379, 29.86901], [-95.62417, 29.86694], [-95.62486, 29.86548], [-95.62429, 29.86395], [-95.62432, 29.863], [-95.62437, 29.86184], [-95.62289, 29.85944], [-95.62098, 29.85764], [-95.62058, 29.85625]]]}, "properties": {"GEOID": "48201540700", "under5_pop": 261, "licensed_capacity": 48, "children_per_slot": 5.44, "childcare_desert": 1, "pct_zero_car": 0.0116}}, {"type": "Feature", "geometry": {"type": "Polygon", "coordinates": [[[-95.37194, 29.80004], [-95.37179, 29.79387], [-95.37184, 29.79221], [-95.36874, 29.79224], [-95.36816, 29.79272], [-95.36642, 29.79241], [-95.36501, 29.79117], [-95.36243, 29.79028], [-95.36181, 29.78975], [-95.3511, 29.78983], [-95.35013, 29.78984], [-95.35039, 29.80006], [-95.35724, 29.79997], [-95.3582, 29.80002], [-95.36793, 29.7999], [-95.36793, 29.80005], [-95.37194, 29.80004]]]}, "properties": {"GEOID": "48201210500", "under5_pop": 406, "licensed_capacity": 72, "children_per_slot": 5.64, "childcare_desert": 1, "pct_zero_car": 0.1273}}, {"type": "Feature", "geometry": {"type": "Polygon", "coordinates": [[[-95.55485, 29.92388], [-95.55543, 29.92278], [-95.55596, 29.92093], [-95.55588, 29.91758], [-95.55588, 29.9096], [-95.55532, 29.90712], [-95.55393, 29.90494], [-95.55178, 29.90281], [-95.54934, 29.9028], [-95.54895, 29.90148], [-95.53846, 29.90148], [-95.53856, 29.91476], [-95.53941, 29.91546], [-95.54715, 29.91543], [-95.54781, 29.9161], [-95.5479, 29.92835], [-95.55171, 29.92676], [-95.5535, 29.92551], [-95.55485, 29.92388]]]}, "properties": {"GEOID": "48201534201", "under5_pop": 188, "licensed_capacity": 0, "children_per_slot": null, "childcare_desert": 1, "pct_zero_car": 0.0078}}, {"type": "Feature", "geometry": {"type": "Polygon", "coordinates": [[[-95.56739, 29.92755], [-95.56844, 29.9249], [-95.56853, 29.92322], [-95.57041, 29.92297], [-95.57094, 29.92261], [-95.57126, 29.9174], [-95.57089, 29.91535], [-95.57186, 29.91104], [-95.57055, 29.90914], [-95.56868, 29.90964], [-95.56727, 29.90974], [-95.56473, 29.9092], [-95.56297, 29.90809], [-95.55926, 29.90467], [-95.55753, 29.90345], [-95.55659, 29.90309], [-95.55449, 29.90278], [-95.55178, 29.90281], [-95.55393, 29.90494], [-95.55532, 29.90712], [-95.55588, 29.9096], [-95.55588, 29.91758], [-95.55596, 29.92093], [-95.55543, 29.92278], [-95.55485, 29.92388], [-95.55573, 29.92412], [-95.55992, 29.92616], [-95.56203, 29.92662], [-95.56346, 29.92664], [-95.56589, 29.92716], [-95.56739, 29.92755]]]}, "properties": {"GEOID": "48201551703", "under5_pop": 372, "licensed_capacity": 168, "children_per_slot": 2.21, "childcare_desert": 0, "pct_zero_car": 0.0122}}, {"type": "Feature", "geometry": {"type": "Polygon", "coordinates": [[[-95.62874, 30.12777], [-95.62267, 30.11524], [-95.61867, 30.10711], [-95.6136, 30.09821], [-95.60167, 30.07724], [-95.5967, 30.06855], [-95.5891, 30.06942], [-95.58901, 30.07248], [-95.59007, 30.07551], [-95.59389, 30.08516], [-95.59406, 30.08612], [-95.59413, 30.09267], [-95.594, 30.09509], [-95.59396, 30.10033], [-95.59302, 30.10424], [-95.59257, 30.10669], [-95.59266, 30.11411], [-95.59218, 30.11735], [-95.59226, 30.12002], [-95.60026, 30.12455], [-95.60786, 30.12879], [-95.61963, 30.13549], [-95.62191, 30.13599], [-95.62315, 30.13584], [-95.62389, 30.13463], [-95.62377, 30.13375], [-95.62528, 30.13195], [-95.62548, 30.13093], [-95.62473, 30.13037], [-95.626, 30.12893], [-95.62404, 30.1285], [-95.6234, 30.12732], [-95.62393, 30.12674], [-95.62639, 30.12639], [-95.62743, 30.1277], [-95.62874, 30.12777]]]}, "properties": {"GEOID": "48201555401", "under5_pop": 440, "licensed_capacity": 139, "children_per_slot": 3.17, "childcare_desert": 1, "pct_zero_car": 0.0231}}, {"type": "Feature", "geometry": {"type": "Polygon", "coordinates": [[[-95.62769, 29.90046], [-95.62764, 29.89408], [-95.62816, 29.89397], [-95.62813, 29.89164], [-95.62832, 29.88968], [-95.62894, 29.88736], [-95.62892, 29.88456], [-95.62856, 29.88132], [-95.62711, 29.88176], [-95.62571, 29.88061], [-95.62538, 29.87943], [-95.62067, 29.87945], [-95.62073, 29.89545], [-95.62061, 29.89948], [-95.62303, 29.89959], [-95.62638, 29.90041], [-95.62769, 29.90046]]]}, "properties": {"GEOID": "48201540901", "under5_pop": 85, "licensed_capacity": 0, "children_per_slot": null, "childcare_desert": 1, "pct_zero_car": 0.0105}}, {"type": "Feature", "geometry": {"type": "Polygon", "coordinates": [[[-95.42967, 29.83228], [-95.42962, 29.82828], [-95.4295, 29.81944], [-95.42467, 29.81946], [-95.42027, 29.81928], [-95.41589, 29.81926], [-95.41044, 29.81909], [-95.41069, 29.8314], [-95.41621, 29.83133], [-95.41639, 29.83078], [-95.42833, 29.83074], [-95.42854, 29.83234], [-95.42967, 29.83228]]]}, "properties": {"GEOID": "48201531000", "under5_pop": 475, "licensed_capacity": 445, "children_per_slot": 1.07, "childcare_desert": 0, "pct_zero_car": 0.0194}}, {"type": "Feature", "geometry": {"type": "Polygon", "coordinates": [[[-95.14357, 29.64973], [-95.14337, 29.64187], [-95.14293, 29.64043], [-95.14274, 29.63122], [-95.14148, 29.63158], [-95.14019, 29.63272], [-95.13915, 29.6332], [-95.1282, 29.63331], [-95.12238, 29.63348], [-95.11588, 29.63359], [-95.11251, 29.63452], [-95.10823, 29.63491], [-95.11184, 29.63839], [-95.11839, 29.64589], [-95.11897, 29.64706], [-95.12165, 29.64959], [-95.12218, 29.65028], [-95.12749, 29.65021], [-95.13312, 29.64992], [-95.14357, 29.64973]]]}, "properties": {"GEOID": "48201342001", "under5_pop": 438, "licensed_capacity": 12, "children_per_slot": 36.5, "childcare_desert": 1, "pct_zero_car": 0.0091}}, {"type": "Feature", "geometry": {"type": "Polygon", "coordinates": [[[-95.4764, 29.72605], [-95.47652, 29.72445], [-95.47644, 29.72014], [-95.47641, 29.71653], [-95.46805, 29.71659], [-95.4681, 29.72021], [-95.46396, 29.72026], [-95.46404, 29.72586], [-95.46039, 29.72621], [-95.46043, 29.72895], [-95.4638, 29.72764], [-95.46666, 29.72668], [-95.46825, 29.7264], [-95.47329, 29.72606], [-95.4764, 29.72605]]]}, "properties": {"GEOID": "48201421101", "under5_pop": 334, "licensed_capacity": 430, "children_per_slot": 0.78, "childcare_desert": 0, "pct_zero_car": 0.0885}}, {"type": "Feature", "geometry": {"type": "Polygon", "coordinates": [[[-95.5282, 29.67272], [-95.5281, 29.66497], [-95.52651, 29.6653], [-95.52431, 29.66546], [-95.51232, 29.66561], [-95.50854, 29.66563], [-95.50853, 29.66656], [-95.50858, 29.67087], [-95.50864, 29.67617], [-95.51071, 29.67609], [-95.51256, 29.67534], [-95.51445, 29.67406], [-95.51576, 29.67362], [-95.52093, 29.67219], [-95.52518, 29.67187], [-95.5282, 29.67272]]]}, "properties": {"GEOID": "48201423301", "under5_pop": 185, "licensed_capacity": 162, "children_per_slot": 1.14, "childcare_desert": 0, "pct_zero_car": 0.1565}}, {"type": "Feature", "geometry": {"type": "Polygon", "coordinates": [[[-95.19435, 29.81749], [-95.19433, 29.81655], [-95.1933, 29.81176], [-95.19335, 29.80602], [-95.19138, 29.80607], [-95.18735, 29.80566], [-95.18408, 29.80611], [-95.18226, 29.80615], [-95.18233, 29.80802], [-95.18245, 29.8177], [-95.19435, 29.81749]]]}, "properties": {"GEOID": "48201232402", "under5_pop": 468, "licensed_capacity": 0, "children_per_slot": null, "childcare_desert": 1, "pct_zero_car": 0.103}}, {"type": "Feature", "geometry": {"type": "Polygon", "coordinates": [[[-95.21262, 29.80988], [-95.21322, 29.80786], [-95.21423, 29.80664], [-95.21408, 29.80614], [-95.2128, 29.8052], [-95.21158, 29.80612], [-95.20955, 29.8068], [-95.20582, 29.8067], [-95.20078, 29.80594], [-95.19335, 29.80602], [-95.1933, 29.81176], [-95.19433, 29.81655], [-95.19435, 29.81749], [-95.20256, 29.81733], [-95.20636, 29.81731], [-95.20704, 29.81666], [-95.20849, 29.81437], [-95.21032, 29.81222], [-95.21262, 29.80988]]]}, "properties": {"GEOID": "48201232403", "under5_pop": 205, "licensed_capacity": 157, "children_per_slot": 1.31, "childcare_desert": 0, "pct_zero_car": 0.0637}}, {"type": "Feature", "geometry": {"type": "Polygon", "coordinates": [[[-95.18308, 29.78271], [-95.1828, 29.77157], [-95.18284, 29.77063], [-95.16945, 29.77091], [-95.16941, 29.77108], [-95.16972, 29.78227], [-95.18239, 29.78201], [-95.1824, 29.78273], [-95.18308, 29.78271]]]}, "properties": {"GEOID": "48201233103", "under5_pop": 255, "licensed_capacity": 0, "children_per_slot": null, "childcare_desert": 1, "pct_zero_car": 0.0884}}, {"type": "Feature", "geometry": {"type": "Polygon", "coordinates": [[[-95.40534, 30.06625], [-95.40111, 30.06054], [-95.39922, 30.059], [-95.39161, 30.05517], [-95.38159, 30.06072], [-95.37679, 30.06335], [-95.37562, 30.06419], [-95.37553, 30.06514], [-95.37895, 30.06992], [-95.37904, 30.07037], [-95.37927, 30.0703], [-95.3917, 30.06348], [-95.39397, 30.06286], [-95.3956, 30.06294], [-95.39786, 30.0638], [-95.40029, 30.06562], [-95.40184, 30.0662], [-95.40386, 30.06642], [-95.40534, 30.06625]]]}, "properties": {"GEOID": "48201241101", "under5_pop": 206, "licensed_capacity": 12, "children_per_slot": 17.17, "childcare_desert": 1, "pct_zero_car": 0.0346}}, {"type": "Feature", "geometry": {"type": "Polygon", "coordinates": [[[-95.1937, 29.78838], [-95.19332, 29.78789], [-95.18323, 29.78808], [-95.18308, 29.78271], [-95.1824, 29.78273], [-95.18239, 29.78201], [-95.16972, 29.78227], [-95.16994, 29.79037], [-95.17174, 29.79049], [-95.17671, 29.79183], [-95.17844, 29.79197], [-95.18566, 29.79181], [-95.18783, 29.79195], [-95.18999, 29.7929], [-95.1937, 29.78838]]]}, "properties": {"GEOID": "48201233101", "under5_pop": 464, "licensed_capacity": 83, "children_per_slot": 5.59, "childcare_desert": 1, "pct_zero_car": 0.0626}}, {"type": "Feature", "geometry": {"type": "Polygon", "coordinates": [[[-95.17888, 29.79809], [-95.1803, 29.79589], [-95.17885, 29.79396], [-95.17844, 29.79197], [-95.17671, 29.79183], [-95.17174, 29.79049], [-95.16994, 29.79037], [-95.16105, 29.79066], [-95.16207, 29.79315], [-95.16291, 29.79609], [-95.16606, 29.79585], [-95.16979, 29.7958], [-95.17183, 29.79615], [-95.17888, 29.79809]]]}, "properties": {"GEOID": "48201233003", "under5_pop": 216, "licensed_capacity": 217, "children_per_slot": 1, "childcare_desert": 0, "pct_zero_car": 0.0075}}, {"type": "Feature", "geometry": {"type": "Polygon", "coordinates": [[[-95.5587, 30.00182], [-95.55353, 29.99268], [-95.55184, 29.99254], [-95.55149, 29.99304], [-95.54976, 29.99311], [-95.54929, 29.99193], [-95.54946, 29.99071], [-95.54751, 29.988], [-95.54568, 29.98711], [-95.54277, 29.98842], [-95.54227, 29.98911], [-95.5409, 29.98946], [-95.54035, 29.99069], [-95.53941, 29.99111], [-95.53831, 29.9911], [-95.53661, 29.99287], [-95.53547, 29.99275], [-95.53408, 29.99443], [-95.53224, 29.99439], [-95.5321, 29.99516], [-95.53258, 29.99644], [-95.53063, 29.99807], [-95.53273, 30.00127], [-95.53349, 30.00314], [-95.53366, 30.0051], [-95.53466, 30.00738], [-95.53751, 30.0113], [-95.53847, 30.01288], [-95.54084, 30.0116], [-95.55468, 30.00389], [-95.5587, 30.00182]]]}, "properties": {"GEOID": "48201554002", "under5_pop": 310, "licensed_capacity": 141, "children_per_slot": 2.2, "childcare_desert": 0, "pct_zero_car": 0.0}}, {"type": "Feature", "geometry": {"type": "Polygon", "coordinates": [[[-95.17784, 29.53093], [-95.18213, 29.52699], [-95.18457, 29.52491], [-95.18585, 29.5241], [-95.18629, 29.52342], [-95.1848, 29.52321], [-95.18517, 29.52164], [-95.1844, 29.52051], [-95.18277, 29.52018], [-95.1831, 29.51906], [-95.18197, 29.51855], [-95.17997, 29.51844], [-95.18023, 29.51983], [-95.17929, 29.51985], [-95.17879, 29.51799], [-95.17648, 29.52001], [-95.17551, 29.52052], [-95.17342, 29.52113], [-95.16186, 29.52235], [-95.16267, 29.52819], [-95.16268, 29.52966], [-95.1642, 29.52981], [-95.16835, 29.526], [-95.1695, 29.52591], [-95.17679, 29.53192], [-95.17784, 29.53093]]]}, "properties": {"GEOID": "48201350801", "under5_pop": 254, "licensed_capacity": 0, "children_per_slot": null, "childcare_desert": 1, "pct_zero_car": 0.0277}}, {"type": "Feature", "geometry": {"type": "Polygon", "coordinates": [[[-95.13079, 29.52862], [-95.12761, 29.52523], [-95.12594, 29.5229], [-95.12343, 29.51851], [-95.11715, 29.50805], [-95.11583, 29.50868], [-95.11417, 29.51036], [-95.11237, 29.51093], [-95.11099, 29.51063], [-95.10936, 29.50978], [-95.10805, 29.5096], [-95.10434, 29.5107], [-95.10387, 29.51129], [-95.10404, 29.51256], [-95.10482, 29.51419], [-95.10602, 29.51578], [-95.10607, 29.51686], [-95.10563, 29.51723], [-95.10355, 29.5179], [-95.10299, 29.51882], [-95.1034, 29.52054], [-95.10228, 29.52145], [-95.10132, 29.52131], [-95.09996, 29.51988], [-95.09882, 29.51817], [-95.09758, 29.51895], [-95.09738, 29.52038], [-95.09487, 29.52239], [-95.09398, 29.52398], [-95.09362, 29.5258], [-95.09388, 29.52666], [-95.09507, 29.52816], [-95.09543, 29.53074], [-95.09682, 29.53318], [-95.09695, 29.53407], [-95.09626, 29.53518], [-95.10401, 29.54366], [-95.10641, 29.54594], [-95.10967, 29.54391], [-95.11579, 29.53952], [-95.11804, 29.53778], [-95.1181, 29.53762], [-95.12825, 29.53033], [-95.13079, 29.52862]]]}, "properties": {"GEOID": "48201341201", "under5_pop": 590, "licensed_capacity": 0, "children_per_slot": null, "childcare_desert": 1, "pct_zero_car": 0.0172}}, {"type": "Feature", "geometry": {"type": "Polygon", "coordinates": [[[-95.44739, 29.70592], [-95.44705, 29.68996], [-95.44701, 29.68731], [-95.44611, 29.68757], [-95.44278, 29.69058], [-95.44087, 29.69099], [-95.44007, 29.69064], [-95.44008, 29.69166], [-95.43904, 29.69166], [-95.43905, 29.69078], [-95.43818, 29.69056], [-95.43607, 29.69155], [-95.43594, 29.69196], [-95.43708, 29.6943], [-95.43731, 29.69599], [-95.43712, 29.69853], [-95.43717, 29.70458], [-95.44016, 29.70464], [-95.44616, 29.70458], [-95.44619, 29.70593], [-95.44739, 29.70592]]]}, "properties": {"GEOID": "48201413000", "under5_pop": 153, "licensed_capacity": 0, "children_per_slot": null, "childcare_desert": 1, "pct_zero_car": 0.0384}}, {"type": "Feature", "geometry": {"type": "Polygon", "coordinates": [[[-95.47624, 29.68988], [-95.477, 29.68732], [-95.47702, 29.68328], [-95.47687, 29.67739], [-95.46888, 29.67852], [-95.46262, 29.67974], [-95.46067, 29.68105], [-95.45905, 29.6814], [-95.4591, 29.69008], [-95.47156, 29.68996], [-95.47624, 29.68988]]]}, "properties": {"GEOID": "48201420800", "under5_pop": 150, "licensed_capacity": 112, "children_per_slot": 1.34, "childcare_desert": 0, "pct_zero_car": 0.0078}}, {"type": "Feature", "geometry": {"type": "Polygon", "coordinates": [[[-95.62061, 29.89948], [-95.62073, 29.89545], [-95.62067, 29.87945], [-95.60852, 29.87954], [-95.60603, 29.8796], [-95.60093, 29.87991], [-95.58556, 29.88011], [-95.58251, 29.88022], [-95.57647, 29.88026], [-95.57363, 29.8795], [-95.5695, 29.87948], [-95.57112, 29.88059], [-95.58497, 29.89038], [-95.58867, 29.89294], [-95.59959, 29.90066], [-95.60279, 29.90294], [-95.60857, 29.90705], [-95.6198, 29.9149], [-95.6206, 29.91452], [-95.62008, 29.91334], [-95.62061, 29.89948]]]}, "properties": {"GEOID": "48201540800", "under5_pop": 174, "licensed_capacity": 198, "children_per_slot": 0.88, "childcare_desert": 0, "pct_zero_car": 0.0134}}, {"type": "Feature", "geometry": {"type": "Polygon", "coordinates": [[[-95.28875, 29.65753], [-95.2885, 29.64194], [-95.28882, 29.63958], [-95.28875, 29.63816], [-95.28811, 29.63645], [-95.28664, 29.63432], [-95.28569, 29.63427], [-95.27587, 29.63445], [-95.27595, 29.63542], [-95.27285, 29.63549], [-95.27154, 29.6357], [-95.26892, 29.63511], [-95.26667, 29.63335], [-95.26666, 29.63243], [-95.26461, 29.63247], [-95.26463, 29.63596], [-95.26557, 29.63596], [-95.26688, 29.63676], [-95.26719, 29.65193], [-95.265, 29.65195], [-95.26491, 29.65317], [-95.26397, 29.65561], [-95.266, 29.65715], [-95.26763, 29.65786], [-95.2696, 29.65806], [-95.27231, 29.65798], [-95.2767, 29.6579], [-95.28327, 29.65776], [-95.28556, 29.65738], [-95.28577, 29.6576], [-95.28875, 29.65753]]]}, "properties": {"GEOID": "48201980000", "under5_pop": 0, "licensed_capacity": 0, "children_per_slot": null, "childcare_desert": 0, "pct_zero_car": 0.0}}, {"type": "Feature", "geometry": {"type": "Polygon", "coordinates": [[[-95.31465, 29.655], [-95.3119, 29.64599], [-95.2919, 29.65587], [-95.28875, 29.65753], [-95.28885, 29.66211], [-95.28906, 29.67318], [-95.29032, 29.67354], [-95.29128, 29.67284], [-95.29293, 29.67312], [-95.29544, 29.67264], [-95.29693, 29.67193], [-95.29726, 29.67122], [-95.29715, 29.66854], [-95.29839, 29.66719], [-95.30018, 29.66601], [-95.30427, 29.66355], [-95.30718, 29.66096], [-95.30786, 29.65935], [-95.30877, 29.65793], [-95.31135, 29.6572], [-95.31263, 29.65534], [-95.31465, 29.655]]]}, "properties": {"GEOID": "48201333600", "under5_pop": 341, "licensed_capacity": 0, "children_per_slot": null, "childcare_desert": 1, "pct_zero_car": 0.023}}, {"type": "Feature", "geometry": {"type": "Polygon", "coordinates": [[[-95.4464, 29.86348], [-95.44638, 29.86258], [-95.44581, 29.86117], [-95.44563, 29.85788], [-95.44281, 29.85789], [-95.44274, 29.84665], [-95.44189, 29.84401], [-95.44187, 29.84241], [-95.42884, 29.84245], [-95.42907, 29.85142], [-95.42918, 29.86213], [-95.42942, 29.86358], [-95.43969, 29.86349], [-95.4464, 29.86348]]]}, "properties": {"GEOID": "48201531800", "under5_pop": 103, "licensed_capacity": 140, "children_per_slot": 0.74, "childcare_desert": 0, "pct_zero_car": 0.0517}}, {"type": "Feature", "geometry": {"type": "Polygon", "coordinates": [[[-95.46683, 29.86332], [-95.46684, 29.8619], [-95.46589, 29.86025], [-95.46461, 29.8592], [-95.46304, 29.85858], [-95.46205, 29.85811], [-95.462, 29.85733], [-95.46455, 29.85485], [-95.46436, 29.85397], [-95.46313, 29.85335], [-95.46301, 29.85263], [-95.46365, 29.8519], [-95.4635, 29.85108], [-95.4612, 29.84916], [-95.46111, 29.84749], [-95.46029, 29.84593], [-95.45983, 29.84439], [-95.45865, 29.84234], [-95.45496, 29.8423], [-95.44187, 29.84241], [-95.44189, 29.84401], [-95.44274, 29.84665], [-95.44281, 29.85789], [-95.44563, 29.85788], [-95.44581, 29.86117], [-95.44638, 29.86258], [-95.4464, 29.86348], [-95.44909, 29.86314], [-95.45154, 29.86317], [-95.45382, 29.86346], [-95.46155, 29.86345], [-95.46683, 29.86332]]]}, "properties": {"GEOID": "48201531900", "under5_pop": 565, "licensed_capacity": 12, "children_per_slot": 47.08, "childcare_desert": 1, "pct_zero_car": 0.0579}}, {"type": "Feature", "geometry": {"type": "Polygon", "coordinates": [[[-95.61444, 29.6754], [-95.62308, 29.67534], [-95.62318, 29.6745], [-95.6163, 29.67053], [-95.60547, 29.66447], [-95.59784, 29.66096], [-95.59806, 29.66364], [-95.59943, 29.66588], [-95.60259, 29.66841], [-95.60367, 29.66959], [-95.6043, 29.67105], [-95.60449, 29.6725], [-95.60421, 29.67392], [-95.60264, 29.67805], [-95.60824, 29.6797], [-95.60975, 29.67567], [-95.61015, 29.67543], [-95.61444, 29.6754]]]}, "properties": {"GEOID": "48201453800", "under5_pop": 148, "licensed_capacity": 12, "children_per_slot": 12.33, "childcare_desert": 1, "pct_zero_car": 0.0819}}, {"type": "Feature", "geometry": {"type": "Polygon", "coordinates": [[[-95.31591, 29.78676], [-95.31587, 29.77835], [-95.31559, 29.77442], [-95.30741, 29.77436], [-95.30738, 29.78014], [-95.30736, 29.78746], [-95.31349, 29.78741], [-95.31455, 29.78733], [-95.31591, 29.78676]]]}, "properties": {"GEOID": "48201211600", "under5_pop": 118, "licensed_capacity": 0, "children_per_slot": null, "childcare_desert": 1, "pct_zero_car": 0.2205}}, {"type": "Feature", "geometry": {"type": "Polygon", "coordinates": [[[-95.31721, 29.80925], [-95.31707, 29.80807], [-95.31686, 29.79504], [-95.31616, 29.79368], [-95.31594, 29.78793], [-95.31592, 29.78761], [-95.29945, 29.79464], [-95.29694, 29.79565], [-95.28854, 29.79937], [-95.28434, 29.80102], [-95.28014, 29.80247], [-95.28157, 29.80343], [-95.28407, 29.80428], [-95.29017, 29.80422], [-95.29458, 29.80427], [-95.29769, 29.80517], [-95.30454, 29.80883], [-95.30626, 29.80936], [-95.30813, 29.80942], [-95.31721, 29.80925]]]}, "properties": {"GEOID": "48201211700", "under5_pop": 460, "licensed_capacity": 41, "children_per_slot": 11.22, "childcare_desert": 1, "pct_zero_car": 0.1693}}, {"type": "Feature", "geometry": {"type": "Polygon", "coordinates": [[[-95.37246, 29.77836], [-95.37243, 29.77728], [-95.37593, 29.77729], [-95.37583, 29.77001], [-95.37721, 29.77001], [-95.37723, 29.76855], [-95.37561, 29.76833], [-95.37559, 29.76549], [-95.37555, 29.76266], [-95.37536, 29.76134], [-95.3732, 29.76116], [-95.37165, 29.76255], [-95.36785, 29.76447], [-95.36728, 29.76509], [-95.3654, 29.76906], [-95.36504, 29.77055], [-95.36855, 29.77623], [-95.36931, 29.77699], [-95.37011, 29.77753], [-95.37246, 29.77836]]]}, "properties": {"GEOID": "48201510100", "under5_pop": 147, "licensed_capacity": 0, "children_per_slot": null, "childcare_desert": 1, "pct_zero_car": 0.047}}, {"type": "Feature", "geometry": {"type": "Polygon", "coordinates": [[[-95.47671, 29.6593], [-95.4773, 29.65668], [-95.47801, 29.6558], [-95.48125, 29.65272], [-95.47988, 29.65255], [-95.4775, 29.6529], [-95.4704, 29.65737], [-95.4691, 29.65733], [-95.46883, 29.65809], [-95.46815, 29.65818], [-95.46715, 29.65915], [-95.46583, 29.65927], [-95.46402, 29.66048], [-95.464, 29.6643], [-95.46374, 29.66535], [-95.46187, 29.67075], [-95.46399, 29.67011], [-95.46522, 29.66937], [-95.47441, 29.6609], [-95.47671, 29.6593]]]}, "properties": {"GEOID": "48201420600", "under5_pop": 99, "licensed_capacity": 0, "children_per_slot": null, "childcare_desert": 1, "pct_zero_car": 0.0395}}, {"type": "Feature", "geometry": {"type": "Polygon", "coordinates": [[[-95.47687, 29.67739], [-95.47675, 29.66879], [-95.47683, 29.66653], [-95.47671, 29.6593], [-95.47441, 29.6609], [-95.46522, 29.66937], [-95.46399, 29.67011], [-95.46187, 29.67075], [-95.46007, 29.67517], [-95.45957, 29.67664], [-95.45908, 29.67916], [-95.45905, 29.6814], [-95.46067, 29.68105], [-95.46262, 29.67974], [-95.46888, 29.67852], [-95.47687, 29.67739]]]}, "properties": {"GEOID": "48201420700", "under5_pop": 141, "licensed_capacity": 96, "children_per_slot": 1.47, "childcare_desert": 0, "pct_zero_car": 0.0157}}, {"type": "Feature", "geometry": {"type": "Polygon", "coordinates": [[[-95.48457, 29.69919], [-95.48446, 29.69103], [-95.47631, 29.69106], [-95.47624, 29.68988], [-95.47156, 29.68996], [-95.4591, 29.69008], [-95.45922, 29.69685], [-95.45921, 29.70072], [-95.45932, 29.70497], [-95.45945, 29.70577], [-95.46222, 29.70582], [-95.47628, 29.7056], [-95.47625, 29.7034], [-95.47416, 29.70442], [-95.47408, 29.69838], [-95.48036, 29.69832], [-95.48041, 29.70125], [-95.48457, 29.69919]]]}, "properties": {"GEOID": "48201420900", "under5_pop": 505, "licensed_capacity": 221, "children_per_slot": 2.29, "childcare_desert": 0, "pct_zero_car": 0.0334}}, {"type": "Feature", "geometry": {"type": "Polygon", "coordinates": [[[-95.58497, 29.89038], [-95.57112, 29.88059], [-95.5695, 29.87948], [-95.55918, 29.87225], [-95.55578, 29.87352], [-95.55191, 29.8751], [-95.55035, 29.87636], [-95.54941, 29.8775], [-95.54875, 29.87935], [-95.54872, 29.88407], [-95.54935, 29.88804], [-95.54934, 29.8907], [-95.5494, 29.89638], [-95.55364, 29.89616], [-95.56117, 29.89604], [-95.56652, 29.89586], [-95.56774, 29.89557], [-95.57785, 29.89542], [-95.58006, 29.89569], [-95.58329, 29.89753], [-95.5845, 29.89769], [-95.5844, 29.89558], [-95.5844, 29.89106], [-95.58497, 29.89038]]]}, "properties": {"GEOID": "48201551800", "under5_pop": 240, "licensed_capacity": 590, "children_per_slot": 0.41, "childcare_desert": 0, "pct_zero_car": 0.0256}}, {"type": "Feature", "geometry": {"type": "Polygon", "coordinates": [[[-95.25899, 30.02662], [-95.26312, 30.01654], [-95.26603, 30.01014], [-95.26824, 30.00502], [-95.25687, 30.00512], [-95.25558, 30.00502], [-95.25328, 30.00442], [-95.25201, 30.0038], [-95.24696, 30.00076], [-95.24449, 29.99963], [-95.24211, 29.99925], [-95.22782, 29.99942], [-95.21242, 29.99945], [-95.2105, 29.99947], [-95.19637, 29.99885], [-95.19332, 29.9988], [-95.19379, 30.00703], [-95.18483, 30.00742], [-95.18357, 30.00758], [-95.18114, 30.00855], [-95.17999, 30.00943], [-95.17832, 30.01115], [-95.17989, 30.01289], [-95.18067, 30.0153], [-95.18035, 30.01746], [-95.17882, 30.02152], [-95.17653, 30.02732], [-95.17755, 30.02661], [-95.17909, 30.02315], [-95.1809, 30.0218], [-95.1833, 30.02162], [-95.18702, 30.02209], [-95.19288, 30.02317], [-95.19777, 30.02461], [-95.20084, 30.02604], [-95.2046, 30.02608], [-95.20672, 30.0253], [-95.21094, 30.02409], [-95.21179, 30.02404], [-95.21273, 30.02399], [-95.21776, 30.02433], [-95.21966, 30.02393], [-95.22277, 30.02267], [-95.22618, 30.01956], [-95.22761, 30.01911], [-95.23139, 30.01875], [-95.23606, 30.02017], [-95.23932, 30.02202], [-95.24222, 30.02415], [-95.24529, 30.02622], [-95.2499, 30.02628], [-95.25307, 30.02618], [-95.25446, 30.02647], [-95.25899, 30.02662]]]}, "properties": {"GEOID": "48201250701", "under5_pop": 167, "licensed_capacity": 422, "children_per_slot": 0.4, "childcare_desert": 0, "pct_zero_car": 0.0088}}, {"type": "Feature", "geometry": {"type": "Polygon", "coordinates": [[[-95.39876, 29.83054], [-95.39636, 29.82567], [-95.39514, 29.82351], [-95.39462, 29.82221], [-95.38542, 29.82228], [-95.38524, 29.82306], [-95.38371, 29.82324], [-95.38325, 29.81938], [-95.37805, 29.81939], [-95.37928, 29.82186], [-95.38018, 29.82435], [-95.38075, 29.82702], [-95.38177, 29.82972], [-95.38451, 29.8332], [-95.38442, 29.83085], [-95.3863, 29.83077], [-95.39001, 29.83062], [-95.39876, 29.83054]]]}, "properties": {"GEOID": "48201530400", "under5_pop": 596, "licensed_capacity": 44, "children_per_slot": 13.55, "childcare_desert": 1, "pct_zero_car": 0.1287}}, {"type": "Feature", "geometry": {"type": "Polygon", "coordinates": [[[-95.81238, 29.78097], [-95.79313, 29.77011], [-95.77638, 29.76075], [-95.77637, 29.7655], [-95.77651, 29.76808], [-95.77734, 29.77215], [-95.7775, 29.77376], [-95.77744, 29.78013], [-95.77752, 29.78548], [-95.78515, 29.78548], [-95.79127, 29.78561], [-95.80176, 29.78554], [-95.8049, 29.78551], [-95.80695, 29.78511], [-95.80946, 29.78377], [-95.81238, 29.78097]]]}, "properties": {"GEOID": "48201455300", "under5_pop": 1180, "licensed_capacity": 24, "children_per_slot": 49.17, "childcare_desert": 1, "pct_zero_car": 0.0386}}, {"type": "Feature", "geometry": {"type": "Polygon", "coordinates": [[[-94.94708, 29.84951], [-94.9567, 29.84793], [-94.96608, 29.84643], [-94.97933, 29.84424], [-94.98407, 29.84364], [-94.98569, 29.84327], [-95.00252, 29.84297], [-95.0028, 29.84239], [-95.00276, 29.84081], [-95.00162, 29.83826], [-94.99762, 29.82009], [-94.99084, 29.82023], [-94.98474, 29.82128], [-94.98174, 29.80475], [-94.97857, 29.80528], [-94.96936, 29.80729], [-94.96525, 29.80805], [-94.94288, 29.81142], [-94.93981, 29.81216], [-94.93743, 29.81314], [-94.92416, 29.81904], [-94.92023, 29.82083], [-94.91783, 29.82137], [-94.90982, 29.82122], [-94.90865, 29.82518], [-94.90915, 29.82691], [-94.91115, 29.82811], [-94.912, 29.82911], [-94.91287, 29.82946], [-94.91778, 29.83063], [-94.92422, 29.83277], [-94.92673, 29.83369], [-94.92785, 29.83384], [-94.9346, 29.83429], [-94.93589, 29.83515], [-94.94189, 29.8414], [-94.94518, 29.84472], [-94.94589, 29.84577], [-94.94688, 29.8485], [-94.94708, 29.84951]]]}, "properties": {"GEOID": "48201253102", "under5_pop": 683, "licensed_capacity": 293, "children_per_slot": 2.33, "childcare_desert": 0, "pct_zero_car": 0.0076}}, {"type": "Feature", "geometry": {"type": "Polygon", "coordinates": [[[-95.38602, 29.73028], [-95.38892, 29.72664], [-95.37941, 29.72088], [-95.37782, 29.72551], [-95.38584, 29.73033], [-95.38602, 29.73028]]]}, "properties": {"GEOID": "48201312602", "under5_pop": 109, "licensed_capacity": 1147, "children_per_slot": 0.1, "childcare_desert": 0, "pct_zero_car": 0.042}}, {"type": "Feature", "geometry": {"type": "Polygon", "coordinates": [[[-95.54705, 29.96121], [-95.54341, 29.95794], [-95.53901, 29.95457], [-95.5365, 29.95297], [-95.53338, 29.95071], [-95.53154, 29.95053], [-95.52805, 29.95067], [-95.52446, 29.94937], [-95.52211, 29.94947], [-95.51971, 29.94922], [-95.52045, 29.95023], [-95.50679, 29.95781], [-95.50414, 29.95919], [-95.50253, 29.95956], [-95.50431, 29.96383], [-95.50646, 29.96684], [-95.50689, 29.96773], [-95.50963, 29.97511], [-95.5105, 29.97665], [-95.51313, 29.97974], [-95.51896, 29.97647], [-95.52513, 29.97312], [-95.53635, 29.96694], [-95.53846, 29.96616], [-95.54164, 29.9648], [-95.5435, 29.96386], [-95.54561, 29.96246], [-95.54705, 29.96121]]]}, "properties": {"GEOID": "48201551400", "under5_pop": 520, "licensed_capacity": 24, "children_per_slot": 21.67, "childcare_desert": 1, "pct_zero_car": 0.0173}}, {"type": "Feature", "geometry": {"type": "Polygon", "coordinates": [[[-95.38885, 29.74539], [-95.38965, 29.74537], [-95.38966, 29.74462], [-95.38884, 29.74451], [-95.38894, 29.74327], [-95.38888, 29.73879], [-95.38222, 29.7389], [-95.38197, 29.73974], [-95.38194, 29.74276], [-95.3817, 29.74444], [-95.38166, 29.74556], [-95.38885, 29.74539]]]}, "properties": {"GEOID": "48201410704", "under5_pop": 79, "licensed_capacity": 0, "children_per_slot": null, "childcare_desert": 1, "pct_zero_car": 0.0767}}, {"type": "Feature", "geometry": {"type": "Polygon", "coordinates": [[[-95.48985, 29.73768], [-95.48978, 29.73179], [-95.48692, 29.73178], [-95.4842, 29.73151], [-95.48429, 29.73772], [-95.48985, 29.73768]]]}, "properties": {"GEOID": "48201432003", "under5_pop": 65, "licensed_capacity": 241, "children_per_slot": 0.27, "childcare_desert": 0, "pct_zero_car": 0.0846}}, {"type": "Feature", "geometry": {"type": "Polygon", "coordinates": [[[-95.56506, 30.08246], [-95.56629, 30.08063], [-95.56691, 30.08048], [-95.56871, 30.07897], [-95.56996, 30.07862], [-95.57043, 30.07712], [-95.57016, 30.07648], [-95.56919, 30.07603], [-95.56967, 30.07477], [-95.57186, 30.0748], [-95.57378, 30.07185], [-95.5752, 30.07127], [-95.57496, 30.06996], [-95.57611, 30.06944], [-95.57729, 30.06804], [-95.57808, 30.06813], [-95.57927, 30.06761], [-95.57959, 30.0665], [-95.58058, 30.06588], [-95.58148, 30.06612], [-95.58209, 30.06525], [-95.58313, 30.06503], [-95.58343, 30.06441], [-95.58255, 30.06371], [-95.58253, 30.06251], [-95.58342, 30.06124], [-95.58505, 30.06102], [-95.58674, 30.06168], [-95.58753, 30.06131], [-95.58944, 30.06185], [-95.59134, 30.06052], [-95.59216, 30.06059], [-95.58671, 30.05103], [-95.5833, 30.05129], [-95.5819, 30.05178], [-95.57984, 30.05292], [-95.57878, 30.05384], [-95.57764, 30.05284], [-95.57738, 30.05153], [-95.57831, 30.04896], [-95.57801, 30.0471], [-95.57649, 30.0457], [-95.57563, 30.04427], [-95.57549, 30.03966], [-95.5753, 30.03787], [-95.57453, 30.03634], [-95.57332, 30.03505], [-95.57065, 30.03374], [-95.56825, 30.03326], [-95.56712, 30.03323], [-95.56673, 30.03171], [-95.56473, 30.02961], [-95.56308, 30.02712], [-95.55737, 30.0304], [-95.55535, 30.03309], [-95.55531, 30.03316], [-95.5562, 30.03375], [-95.55855, 30.0348], [-95.56129, 30.03709], [-95.56206, 30.03804], [-95.56281, 30.04004], [-95.56307, 30.04462], [-95.56342, 30.047], [-95.56452, 30.0485], [-95.5664, 30.0501], [-95.56792, 30.05239], [-95.56935, 30.05386], [-95.57126, 30.05472], [-95.57428, 30.05524], [-95.57628, 30.05622], [-95.57373, 30.05867], [-95.56574, 30.06537], [-95.56358, 30.06754], [-95.5573, 30.07479], [-95.55673, 30.07524], [-95.5615, 30.0792], [-95.56506, 30.08246]]]}, "properties": {"GEOID": "48201554809", "under5_pop": 1473, "licensed_capacity": 0, "children_per_slot": null, "childcare_desert": 1, "pct_zero_car": 0.0023}}, {"type": "Feature", "geometry": {"type": "Polygon", "coordinates": [[[-95.28615, 29.60291], [-95.28649, 29.59789], [-95.2849, 29.59796], [-95.28396, 29.59757], [-95.28281, 29.59775], [-95.28171, 29.59722], [-95.28024, 29.59552], [-95.27883, 29.59545], [-95.27749, 29.59612], [-95.27666, 29.59485], [-95.27492, 29.5952], [-95.2738, 29.5944], [-95.27258, 29.59503], [-95.27197, 29.59431], [-95.27042, 29.59471], [-95.26863, 29.59386], [-95.26757, 29.59384], [-95.26692, 29.59457], [-95.2654, 29.59411], [-95.26357, 29.59386], [-95.26146, 29.59304], [-95.26088, 29.59174], [-95.26104, 29.59082], [-95.2604, 29.59026], [-95.2605, 29.58949], [-95.26127, 29.58919], [-95.26152, 29.58803], [-95.26213, 29.58714], [-95.26111, 29.58552], [-95.26106, 29.58453], [-95.26015, 29.58385], [-95.26054, 29.58196], [-95.26115, 29.58108], [-95.2588, 29.57788], [-95.25878, 29.57687], [-95.25967, 29.57585], [-95.25967, 29.57442], [-95.25868, 29.57329], [-95.25748, 29.57444], [-95.25588, 29.57645], [-95.2523, 29.57971], [-95.25101, 29.58102], [-95.24986, 29.58267], [-95.24822, 29.58403], [-95.24648, 29.5847], [-95.24385, 29.58482], [-95.24096, 29.58438], [-95.23868, 29.58443], [-95.23694, 29.58477], [-95.23514, 29.58546], [-95.23682, 29.58747], [-95.24494, 29.59416], [-95.24589, 29.59545], [-95.24641, 29.5952], [-95.2503, 29.59833], [-95.24781, 29.60061], [-95.25296, 29.60046], [-95.26633, 29.60027], [-95.26632, 29.60163], [-95.27777, 29.60142], [-95.27823, 29.60302], [-95.28615, 29.60291]]]}, "properties": {"GEOID": "48201350104", "under5_pop": 506, "licensed_capacity": 48, "children_per_slot": 10.54, "childcare_desert": 1, "pct_zero_car": 0.0643}}, {"type": "Feature", "geometry": {"type": "Polygon", "coordinates": [[[-95.43665, 29.74156], [-95.43653, 29.73561], [-95.43638, 29.73271], [-95.43635, 29.72921], [-95.43169, 29.72949], [-95.42815, 29.73004], [-95.42866, 29.73212], [-95.42973, 29.73528], [-95.42997, 29.73834], [-95.43003, 29.74207], [-95.43262, 29.74192], [-95.43439, 29.74155], [-95.43665, 29.74156]]]}, "properties": {"GEOID": "48201411504", "under5_pop": 68, "licensed_capacity": 740, "children_per_slot": 0.09, "childcare_desert": 0, "pct_zero_car": 0.0337}}, {"type": "Feature", "geometry": {"type": "Polygon", "coordinates": [[[-95.44161, 29.73821], [-95.44142, 29.72901], [-95.43635, 29.72921], [-95.43638, 29.73271], [-95.43844, 29.73269], [-95.43862, 29.73825], [-95.44161, 29.73821]]]}, "properties": {"GEOID": "48201411506", "under5_pop": 37, "licensed_capacity": 0, "children_per_slot": null, "childcare_desert": 1, "pct_zero_car": 0.1058}}, {"type": "Feature", "geometry": {"type": "Polygon", "coordinates": [[[-95.70211, 30.09904], [-95.70231, 30.09816], [-95.70196, 30.08738], [-95.70152, 30.08511], [-95.70121, 30.0816], [-95.70023, 30.08092], [-95.70011, 30.07102], [-95.70014, 30.06704], [-95.69788, 30.06694], [-95.6974, 30.06629], [-95.69719, 30.05437], [-95.69752, 30.05214], [-95.69143, 30.05067], [-95.6872, 30.05006], [-95.68489, 30.04993], [-95.67185, 30.05008], [-95.6583, 30.05065], [-95.65622, 30.05079], [-95.64573, 30.05185], [-95.64322, 30.05203], [-95.63496, 30.05227], [-95.62118, 30.0517], [-95.61452, 30.05172], [-95.61448, 30.05172], [-95.61546, 30.05413], [-95.61639, 30.05692], [-95.61712, 30.05844], [-95.61909, 30.0613], [-95.62135, 30.06531], [-95.62253, 30.06685], [-95.62449, 30.06976], [-95.62626, 30.07271], [-95.62841, 30.07698], [-95.63048, 30.0819], [-95.63118, 30.08424], [-95.63246, 30.08942], [-95.63408, 30.09494], [-95.63579, 30.09757], [-95.63736, 30.09945], [-95.63811, 30.10126], [-95.63907, 30.10497], [-95.64031, 30.10774], [-95.64122, 30.11054], [-95.64261, 30.11408], [-95.64569, 30.11918], [-95.64861, 30.11734], [-95.64991, 30.11531], [-95.65131, 30.11488], [-95.65257, 30.11368], [-95.65303, 30.11148], [-95.65439, 30.11066], [-95.65364, 30.11018], [-95.65391, 30.1093], [-95.65543, 30.10899], [-95.65636, 30.10967], [-95.65749, 30.1097], [-95.65848, 30.11015], [-95.65908, 30.11102], [-95.65822, 30.11122], [-95.65923, 30.1123], [-95.66022, 30.11157], [-95.66162, 30.1114], [-95.66186, 30.11036], [-95.66127, 30.11036], [-95.66129, 30.1095], [-95.66231, 30.10819], [-95.66509, 30.10724], [-95.66648, 30.10594], [-95.66729, 30.10564], [-95.6671, 30.1051], [-95.66772, 30.10452], [-95.66768, 30.10215], [-95.66902, 30.10144], [-95.67109, 30.10124], [-95.67254, 30.10151], [-95.67607, 30.10298], [-95.67715, 30.10397], [-95.67798, 30.10421], [-95.67924, 30.10524], [-95.67956, 30.10589], [-95.68163, 30.10624], [-95.68365, 30.10733], [-95.68473, 30.10684], [-95.6857, 30.10691], [-95.68643, 30.10631], [-95.68698, 30.10502], [-95.68812, 30.10362], [-95.6871, 30.10363], [-95.68672, 30.10301], [-95.68681, 30.10145], [-95.68758, 30.10061], [-95.69, 30.09957], [-95.69083, 30.09882], [-95.69382, 30.09888], [-95.69643, 30.09931], [-95.69745, 30.0987], [-95.69889, 30.09833], [-95.70128, 30.09848], [-95.70211, 30.09904]]]}, "properties": {"GEOID": "48201555501", "under5_pop": 177, "licensed_capacity": 319, "children_per_slot": 0.55, "childcare_desert": 0, "pct_zero_car": 0.0135}}, {"type": "Feature", "geometry": {"type": "Polygon", "coordinates": [[[-95.13154, 29.98767], [-95.12928, 29.97787], [-95.14824, 29.95763], [-95.14921, 29.94882], [-95.14517, 29.94872], [-95.143, 29.94924], [-95.14269, 29.94803], [-95.1335, 29.94813], [-95.10857, 29.94848], [-95.10647, 29.94858], [-95.10503, 29.94897], [-95.09586, 29.94911], [-95.07766, 29.94931], [-95.07598, 29.94637], [-95.07509, 29.94296], [-95.0629, 29.94315], [-95.06341, 29.95538], [-95.06351, 29.95971], [-95.06363, 29.96989], [-95.08669, 29.96962], [-95.08812, 29.97592], [-95.09, 29.98388], [-95.09148, 29.98985], [-95.09451, 29.98976], [-95.09814, 29.98925], [-95.10052, 29.98956], [-95.11523, 29.98949], [-95.11711, 29.99007], [-95.11877, 29.99003], [-95.12075, 29.9895], [-95.12168, 29.98951], [-95.12377, 29.99046], [-95.12586, 29.99036], [-95.1313, 29.98779], [-95.13154, 29.98767]]]}, "properties": {"GEOID": "48201251903", "under5_pop": 238, "licensed_capacity": 0, "children_per_slot": null, "childcare_desert": 1, "pct_zero_car": 0.0409}}, {"type": "Feature", "geometry": {"type": "Polygon", "coordinates": [[[-95.46355, 30.03297], [-95.46315, 30.03174], [-95.45907, 30.02616], [-95.45457, 30.0199], [-95.45184, 30.01623], [-95.45051, 30.01428], [-95.44792, 30.01558], [-95.43665, 30.01903], [-95.43684, 30.01996], [-95.43779, 30.02185], [-95.43984, 30.02445], [-95.44293, 30.02262], [-95.44465, 30.0232], [-95.44548, 30.02387], [-95.44715, 30.02613], [-95.44941, 30.0249], [-95.45545, 30.03316], [-95.45609, 30.03377], [-95.45709, 30.03276], [-95.4581, 30.034], [-95.45902, 30.03561], [-95.46134, 30.03495], [-95.46274, 30.03263], [-95.46355, 30.03297]]]}, "properties": {"GEOID": "48201553201", "under5_pop": 150, "licensed_capacity": 445, "children_per_slot": 0.34, "childcare_desert": 0, "pct_zero_car": 0.0931}}, {"type": "Feature", "geometry": {"type": "Polygon", "coordinates": [[[-95.3814, 29.9387], [-95.37993, 29.93274], [-95.37651, 29.93329], [-95.37209, 29.93344], [-95.35749, 29.93137], [-95.35607, 29.93135], [-95.35228, 29.9314], [-95.34958, 29.93055], [-95.3471, 29.93036], [-95.34224, 29.93037], [-95.33481, 29.92989], [-95.33217, 29.93013], [-95.32262, 29.93032], [-95.31048, 29.93048], [-95.31061, 29.93767], [-95.30334, 29.93772], [-95.30343, 29.93983], [-95.30344, 29.93994], [-95.30709, 29.93987], [-95.31164, 29.93929], [-95.31448, 29.93921], [-95.32042, 29.93923], [-95.33021, 29.93911], [-95.35359, 29.93897], [-95.36452, 29.93881], [-95.3814, 29.9387]]]}, "properties": {"GEOID": "48201222702", "under5_pop": 136, "licensed_capacity": 150, "children_per_slot": 0.91, "childcare_desert": 0, "pct_zero_car": 0.1264}}, {"type": "Feature", "geometry": {"type": "Polygon", "coordinates": [[[-95.24802, 29.96197], [-95.24793, 29.95677], [-95.24812, 29.95547], [-95.24916, 29.95299], [-95.24965, 29.95117], [-95.24794, 29.94966], [-95.24328, 29.94877], [-95.24146, 29.94902], [-95.24067, 29.94882], [-95.23706, 29.94592], [-95.2359, 29.94469], [-95.23607, 29.94275], [-95.23589, 29.93734], [-95.23519, 29.93594], [-95.23432, 29.93517], [-95.23408, 29.93396], [-95.22576, 29.93412], [-95.21893, 29.93416], [-95.21902, 29.93744], [-95.21852, 29.95115], [-95.21867, 29.9522], [-95.21871, 29.96287], [-95.21867, 29.97101], [-95.21921, 29.97126], [-95.21906, 29.97847], [-95.23004, 29.97246], [-95.24414, 29.96277], [-95.24616, 29.96201], [-95.24802, 29.96197]]]}, "properties": {"GEOID": "48201250304", "under5_pop": 492, "licensed_capacity": 93, "children_per_slot": 5.29, "childcare_desert": 1, "pct_zero_car": 0.0162}}, {"type": "Feature", "geometry": {"type": "Polygon", "coordinates": [[[-95.20034, 30.08345], [-95.20035, 30.08104], [-95.20015, 30.07999], [-95.19934, 30.079], [-95.19754, 30.07837], [-95.19562, 30.07873], [-95.19197, 30.07907], [-95.18999, 30.07919], [-95.18898, 30.07901], [-95.18779, 30.07819], [-95.18589, 30.07619], [-95.18451, 30.0755], [-95.18262, 30.07522], [-95.18118, 30.0754], [-95.18, 30.07586], [-95.17845, 30.07685], [-95.18404, 30.08021], [-95.19014, 30.08398], [-95.19572, 30.08732], [-95.20034, 30.08345]]]}, "properties": {"GEOID": "48201251401", "under5_pop": 200, "licensed_capacity": 0, "children_per_slot": null, "childcare_desert": 1, "pct_zero_car": 0.0076}}, {"type": "Feature", "geometry": {"type": "Polygon", "coordinates": [[[-95.26093, 29.97931], [-95.25893, 29.97901], [-95.24382, 29.9792], [-95.24173, 29.97903], [-95.23761, 29.97815], [-95.2353, 29.97804], [-95.2334, 29.97828], [-95.2254, 29.98035], [-95.22365, 29.98062], [-95.22032, 29.98063], [-95.21897, 29.98027], [-95.21743, 29.97934], [-95.21522, 29.98056], [-95.21239, 29.98185], [-95.21242, 29.99945], [-95.22782, 29.99942], [-95.24211, 29.99925], [-95.24449, 29.99963], [-95.24525, 29.99922], [-95.2574, 29.99916], [-95.25736, 29.99558], [-95.25821, 29.99277], [-95.25825, 29.98999], [-95.26093, 29.97931]]]}, "properties": {"GEOID": "48201250602", "under5_pop": 242, "licensed_capacity": 320, "children_per_slot": 0.76, "childcare_desert": 0, "pct_zero_car": 0.0645}}, {"type": "Feature", "geometry": {"type": "Polygon", "coordinates": [[[-95.48159, 29.91955], [-95.48116, 29.91741], [-95.47987, 29.91493], [-95.47964, 29.91351], [-95.47999, 29.9113], [-95.46825, 29.90385], [-95.46398, 29.90387], [-95.46413, 29.91029], [-95.44659, 29.91039], [-95.44355, 29.90796], [-95.44224, 29.90709], [-95.44203, 29.90656], [-95.44014, 29.90479], [-95.43765, 29.90404], [-95.4369, 29.90207], [-95.43545, 29.90104], [-95.43395, 29.89891], [-95.43176, 29.89865], [-95.43106, 29.89925], [-95.43017, 29.89912], [-95.44216, 29.91459], [-95.44684, 29.92064], [-95.44842, 29.92041], [-95.45021, 29.92055], [-95.4525, 29.92038], [-95.46011, 29.91855], [-95.46128, 29.91852], [-95.46556, 29.91952], [-95.47137, 29.91947], [-95.47908, 29.91961], [-95.48159, 29.91955]]]}, "properties": {"GEOID": "48201533804", "under5_pop": 347, "licensed_capacity": 12, "children_per_slot": 28.92, "childcare_desert": 1, "pct_zero_car": 0.0}}, {"type": "Feature", "geometry": {"type": "Polygon", "coordinates": [[[-95.27844, 29.62594], [-95.28039, 29.62557], [-95.28547, 29.62545], [-95.28534, 29.62078], [-95.30437, 29.62085], [-95.30031, 29.60756], [-95.29797, 29.59975], [-95.29716, 29.59655], [-95.29611, 29.59617], [-95.29448, 29.59664], [-95.29357, 29.59652], [-95.29272, 29.59764], [-95.29084, 29.59752], [-95.28803, 29.59833], [-95.28649, 29.59789], [-95.28615, 29.60291], [-95.28598, 29.60643], [-95.28554, 29.61165], [-95.27552, 29.61173], [-95.27572, 29.62503], [-95.27841, 29.62502], [-95.27844, 29.62594]]]}, "properties": {"GEOID": "48201333801", "under5_pop": 420, "licensed_capacity": 97, "children_per_slot": 4.33, "childcare_desert": 1, "pct_zero_car": 0.0699}}, {"type": "Feature", "geometry": {"type": "Polygon", "coordinates": [[[-95.42716, 30.00593], [-95.42561, 29.99764], [-95.42211, 29.9982], [-95.41979, 29.99821], [-95.41828, 29.99794], [-95.41415, 29.99684], [-95.41201, 29.99658], [-95.40769, 29.99662], [-95.4063, 29.99655], [-95.40331, 29.99573], [-95.39881, 29.99567], [-95.39706, 29.99593], [-95.39884, 30.00304], [-95.39917, 30.004], [-95.40269, 30.00181], [-95.40525, 30.00042], [-95.40774, 30.00015], [-95.40817, 30.00231], [-95.40896, 30.00401], [-95.41169, 30.00754], [-95.41966, 30.0029], [-95.42078, 30.00342], [-95.42146, 30.00652], [-95.42716, 30.00593]]]}, "properties": {"GEOID": "48201240703", "under5_pop": 613, "licensed_capacity": 140, "children_per_slot": 4.38, "childcare_desert": 1, "pct_zero_car": 0.0174}}, {"type": "Feature", "geometry": {"type": "Polygon", "coordinates": [[[-95.15869, 29.80995], [-95.15855, 29.80905], [-95.15713, 29.80821], [-95.15656, 29.8071], [-95.15734, 29.80626], [-95.15885, 29.80533], [-95.16043, 29.80516], [-95.16122, 29.80431], [-95.16041, 29.80292], [-95.15892, 29.80231], [-95.15587, 29.80165], [-95.1555, 29.80087], [-95.15649, 29.79994], [-95.1557, 29.79908], [-95.1543, 29.79858], [-95.1528, 29.79861], [-95.14207, 29.79881], [-95.14246, 29.81107], [-95.14279, 29.81545], [-95.14963, 29.81303], [-95.15183, 29.81196], [-95.15654, 29.81049], [-95.15869, 29.80995]]]}, "properties": {"GEOID": "48201252305", "under5_pop": 331, "licensed_capacity": 12, "children_per_slot": 27.58, "childcare_desert": 1, "pct_zero_car": 0.0278}}, {"type": "Feature", "geometry": {"type": "Polygon", "coordinates": [[[-95.55178, 29.90281], [-95.55037, 29.90099], [-95.54978, 29.89963], [-95.5494, 29.89638], [-95.54934, 29.8907], [-95.54734, 29.89073], [-95.5451, 29.89047], [-95.54168, 29.89169], [-95.53744, 29.89184], [-95.53743, 29.8886], [-95.53591, 29.88853], [-95.53588, 29.88743], [-95.53469, 29.8864], [-95.53284, 29.88714], [-95.53147, 29.88708], [-95.53129, 29.88857], [-95.5288, 29.88838], [-95.52778, 29.88783], [-95.52643, 29.88775], [-95.52642, 29.88623], [-95.52485, 29.88624], [-95.5248, 29.88838], [-95.52492, 29.89685], [-95.52809, 29.89656], [-95.53125, 29.89652], [-95.5349, 29.89614], [-95.5383, 29.89612], [-95.53846, 29.90148], [-95.54895, 29.90148], [-95.54934, 29.9028], [-95.55178, 29.90281]]]}, "properties": {"GEOID": "48201534205", "under5_pop": 177, "licensed_capacity": 12, "children_per_slot": 14.75, "childcare_desert": 1, "pct_zero_car": 0.0415}}, {"type": "Feature", "geometry": {"type": "Polygon", "coordinates": [[[-95.5479, 29.92835], [-95.54781, 29.9161], [-95.54715, 29.91543], [-95.53941, 29.91546], [-95.53856, 29.91476], [-95.53846, 29.90148], [-95.5383, 29.89612], [-95.5349, 29.89614], [-95.53125, 29.89652], [-95.52809, 29.89656], [-95.52492, 29.89685], [-95.52492, 29.89796], [-95.52502, 29.90541], [-95.52508, 29.91935], [-95.52517, 29.92522], [-95.51535, 29.92537], [-95.52172, 29.93668], [-95.52649, 29.93636], [-95.52998, 29.93544], [-95.53814, 29.93206], [-95.54623, 29.92892], [-95.5479, 29.92835]]]}, "properties": {"GEOID": "48201534101", "under5_pop": 216, "licensed_capacity": 12, "children_per_slot": 18, "childcare_desert": 1, "pct_zero_car": 0.0168}}, {"type": "Feature", "geometry": {"type": "Polygon", "coordinates": [[[-95.54665, 30.10547], [-95.54736, 30.10397], [-95.54527, 30.10361], [-95.54494, 30.10316], [-95.53513, 30.09477], [-95.52694, 30.08694], [-95.51342, 30.0741], [-95.50853, 30.07412], [-95.49682, 30.07405], [-95.49667, 30.08091], [-95.49671, 30.08347], [-95.50073, 30.08301], [-95.50374, 30.08365], [-95.50693, 30.08389], [-95.50691, 30.09016], [-95.50681, 30.09136], [-95.50677, 30.09918], [-95.50688, 30.10672], [-95.50689, 30.11212], [-95.50674, 30.11443], [-95.50852, 30.11402], [-95.50942, 30.11428], [-95.51, 30.11495], [-95.51138, 30.11515], [-95.51321, 30.11718], [-95.51314, 30.11796], [-95.51399, 30.1188], [-95.51354, 30.12021], [-95.51374, 30.1208], [-95.51475, 30.12068], [-95.51571, 30.12189], [-95.51695, 30.12153], [-95.51827, 30.1203], [-95.51931, 30.11994], [-95.52023, 30.12021], [-95.52066, 30.11972], [-95.52033, 30.11883], [-95.52087, 30.11828], [-95.52196, 30.11817], [-95.52209, 30.11625], [-95.5224, 30.1158], [-95.52161, 30.11464], [-95.52195, 30.11393], [-95.52541, 30.11306], [-95.52725, 30.11423], [-95.52725, 30.11464], [-95.52838, 30.11511], [-95.52989, 30.11708], [-95.53111, 30.11642], [-95.53182, 30.11559], [-95.5332, 30.11578], [-95.53312, 30.11489], [-95.53574, 30.11396], [-95.5356, 30.1131], [-95.53643, 30.11247], [-95.53669, 30.11152], [-95.53777, 30.11069], [-95.53849, 30.11064], [-95.53958, 30.11157], [-95.54014, 30.11112], [-95.54142, 30.11122], [-95.54265, 30.1101], [-95.54264, 30.10919], [-95.54389, 30.10843], [-95.54518, 30.10878], [-95.54568, 30.10807], [-95.54657, 30.10795], [-95.54635, 30.10601], [-95.54665, 30.10547]]]}, "properties": {"GEOID": "48201554902", "under5_pop": 734, "licensed_capacity": 414, "children_per_slot": 1.77, "childcare_desert": 0, "pct_zero_car": 0.0133}}, {"type": "Feature", "geometry": {"type": "Polygon", "coordinates": [[[-95.55345, 30.1113], [-95.54665, 30.10547], [-95.54635, 30.10601], [-95.54657, 30.10795], [-95.54568, 30.10807], [-95.54518, 30.10878], [-95.54389, 30.10843], [-95.54264, 30.10919], [-95.54265, 30.1101], [-95.54142, 30.11122], [-95.54014, 30.11112], [-95.53958, 30.11157], [-95.53849, 30.11064], [-95.53777, 30.11069], [-95.53669, 30.11152], [-95.53643, 30.11247], [-95.5356, 30.1131], [-95.53574, 30.11396], [-95.53312, 30.11489], [-95.5332, 30.11578], [-95.53182, 30.11559], [-95.53111, 30.11642], [-95.52989, 30.11708], [-95.52838, 30.11511], [-95.52725, 30.11464], [-95.52725, 30.11423], [-95.52541, 30.11306], [-95.52195, 30.11393], [-95.52161, 30.11464], [-95.5224, 30.1158], [-95.52209, 30.11625], [-95.52196, 30.11817], [-95.52087, 30.11828], [-95.52033, 30.11883], [-95.52066, 30.11972], [-95.52023, 30.12021], [-95.51931, 30.11994], [-95.51827, 30.1203], [-95.51695, 30.12153], [-95.51571, 30.12189], [-95.51475, 30.12068], [-95.51374, 30.1208], [-95.51354, 30.12021], [-95.51399, 30.1188], [-95.51314, 30.11796], [-95.51321, 30.11718], [-95.51138, 30.11515], [-95.51, 30.11495], [-95.50942, 30.11428], [-95.50852, 30.11402], [-95.50674, 30.11443], [-95.50348, 30.11548], [-95.50261, 30.11438], [-95.5024, 30.11339], [-95.50123, 30.11242], [-95.50011, 30.11285], [-95.49982, 30.11183], [-95.49874, 30.11089], [-95.49874, 30.10975], [-95.4977, 30.10917], [-95.49631, 30.10906], [-95.49517, 30.10968], [-95.49408, 30.10982], [-95.49291, 30.11079], [-95.49134, 30.11082], [-95.49225, 30.11278], [-95.4919, 30.11309], [-95.49246, 30.11386], [-95.49176, 30.11492], [-95.49271, 30.11567], [-95.4925, 30.11621], [-95.49336, 30.11768], [-95.49483, 30.11845], [-95.49639, 30.11994], [-95.49591, 30.12023], [-95.49634, 30.12167], [-95.49712, 30.1217], [-95.49772, 30.12371], [-95.49704, 30.12386], [-95.49717, 30.12518], [-95.49773, 30.12585], [-95.49681, 30.1266], [-95.49593, 30.12601], [-95.49568, 30.12742], [-95.49704, 30.12883], [-95.49603, 30.12972], [-95.49654, 30.13007], [-95.49577, 30.13181], [-95.497, 30.13266], [-95.49663, 30.13386], [-95.49801, 30.13528], [-95.49724, 30.13575], [-95.49861, 30.13743], [-95.49855, 30.13915], [-95.49938, 30.13966], [-95.49984, 30.14247], [-95.50055, 30.14283], [-95.50096, 30.14369], [-95.50211, 30.14422], [-95.5027, 30.14402], [-95.50348, 30.14523], [-95.5047, 30.14513], [-95.50443, 30.14377], [-95.50489, 30.14079], [-95.50481, 30.13953], [-95.50492, 30.1333], [-95.50501, 30.13252], [-95.50584, 30.13071], [-95.50577, 30.12862], [-95.50594, 30.12714], [-95.51032, 30.12735], [-95.51319, 30.12787], [-95.51684, 30.12979], [-95.51901, 30.13006], [-95.52015, 30.12987], [-95.52174, 30.12939], [-95.52315, 30.12861], [-95.52563, 30.12689], [-95.5275, 30.12465], [-95.53135, 30.12146], [-95.53402, 30.11777], [-95.53606, 30.11615], [-95.54043, 30.11432], [-95.54208, 30.11386], [-95.54392, 30.11374], [-95.54699, 30.11419], [-95.55002, 30.11372], [-95.55264, 30.11226], [-95.55345, 30.1113]]]}, "properties": {"GEOID": "48201555301", "under5_pop": 485, "licensed_capacity": 606, "children_per_slot": 0.8, "childcare_desert": 0, "pct_zero_car": 0.0101}}, {"type": "Feature", "geometry": {"type": "Polygon", "coordinates": [[[-95.57606, 29.81308], [-95.57614, 29.80976], [-95.57654, 29.80774], [-95.57737, 29.80585], [-95.58176, 29.79877], [-95.58113, 29.79875], [-95.58101, 29.78489], [-95.56593, 29.78481], [-95.56319, 29.78481], [-95.56334, 29.79248], [-95.56357, 29.79525], [-95.56373, 29.80624], [-95.56378, 29.8127], [-95.56621, 29.81267], [-95.5687, 29.81294], [-95.57355, 29.81286], [-95.57606, 29.81308]]]}, "properties": {"GEOID": "48201543201", "under5_pop": 641, "licensed_capacity": 249, "children_per_slot": 2.57, "childcare_desert": 0, "pct_zero_car": 0.0069}}, {"type": "Feature", "geometry": {"type": "Polygon", "coordinates": [[[-95.24528, 29.79495], [-95.24411, 29.79386], [-95.24276, 29.79354], [-95.24053, 29.792], [-95.23958, 29.79083], [-95.23946, 29.78902], [-95.23897, 29.78814], [-95.23803, 29.7876], [-95.23777, 29.7867], [-95.23817, 29.78604], [-95.23785, 29.78533], [-95.23635, 29.785], [-95.23587, 29.78388], [-95.23484, 29.78375], [-95.23557, 29.78222], [-95.23383, 29.78075], [-95.23361, 29.77972], [-95.23303, 29.77942], [-95.23185, 29.77713], [-95.22996, 29.77634], [-95.22888, 29.77509], [-95.22669, 29.77639], [-95.22527, 29.77642], [-95.22319, 29.77572], [-95.21827, 29.77584], [-95.21849, 29.77653], [-95.21869, 29.78667], [-95.21869, 29.7921], [-95.21891, 29.80261], [-95.23177, 29.79815], [-95.24026, 29.7951], [-95.24528, 29.79495]]]}, "properties": {"GEOID": "48201232701", "under5_pop": 231, "licensed_capacity": 354, "children_per_slot": 0.65, "childcare_desert": 0, "pct_zero_car": 0.0572}}, {"type": "Feature", "geometry": {"type": "Polygon", "coordinates": [[[-95.24719, 29.75943], [-95.24681, 29.7568], [-95.24579, 29.75513], [-95.24138, 29.75079], [-95.24059, 29.74947], [-95.24031, 29.74786], [-95.24026, 29.73976], [-95.24013, 29.73244], [-95.23275, 29.73248], [-95.23301, 29.74124], [-95.23345, 29.75312], [-95.23356, 29.75903], [-95.24198, 29.75879], [-95.24328, 29.7596], [-95.24719, 29.75943]]]}, "properties": {"GEOID": "48201233702", "under5_pop": 294, "licensed_capacity": 0, "children_per_slot": null, "childcare_desert": 1, "pct_zero_car": 0.0172}}, {"type": "Feature", "geometry": {"type": "Polygon", "coordinates": [[[-95.41231, 29.92468], [-95.40998, 29.92458], [-95.40856, 29.92495], [-95.40779, 29.92513], [-95.40161, 29.92527], [-95.39973, 29.92595], [-95.39788, 29.92598], [-95.39805, 29.92712], [-95.39969, 29.92883], [-95.40004, 29.92959], [-95.40008, 29.93179], [-95.40212, 29.93177], [-95.40975, 29.93169], [-95.41198, 29.9318], [-95.41197, 29.93041], [-95.41231, 29.92468]]]}, "properties": {"GEOID": "48201222501", "under5_pop": 566, "licensed_capacity": 0, "children_per_slot": null, "childcare_desert": 1, "pct_zero_car": 0.1766}}, {"type": "Feature", "geometry": {"type": "Polygon", "coordinates": [[[-95.43673, 30.08371], [-95.43718, 30.08113], [-95.43696, 30.07925], [-95.43613, 30.07481], [-95.43302, 30.07603], [-95.43242, 30.07503], [-95.43232, 30.07295], [-95.43122, 30.07166], [-95.43122, 30.07041], [-95.43058, 30.07007], [-95.42906, 30.06834], [-95.42865, 30.06707], [-95.42552, 30.06355], [-95.42428, 30.06285], [-95.42274, 30.06297], [-95.42187, 30.06266], [-95.42177, 30.06383], [-95.42214, 30.06633], [-95.42093, 30.06934], [-95.42097, 30.07091], [-95.42044, 30.07276], [-95.41137, 30.07452], [-95.41136, 30.07456], [-95.41058, 30.0786], [-95.41067, 30.08012], [-95.41471, 30.09468], [-95.41516, 30.09561], [-95.41658, 30.09707], [-95.41736, 30.09753], [-95.42508, 30.10109], [-95.43346, 30.10487], [-95.43427, 30.10549], [-95.43578, 30.10537], [-95.43563, 30.09756], [-95.43533, 30.0904], [-95.43541, 30.08945], [-95.43673, 30.08371]]]}, "properties": {"GEOID": "48201241301", "under5_pop": 492, "licensed_capacity": 294, "children_per_slot": 1.67, "childcare_desert": 0, "pct_zero_car": 0.0382}}, {"type": "Feature", "geometry": {"type": "Polygon", "coordinates": [[[-95.37054, 29.89255], [-95.37213, 29.8921], [-95.37285, 29.89245], [-95.37521, 29.89269], [-95.37691, 29.89222], [-95.37872, 29.8932], [-95.37955, 29.89329], [-95.3817, 29.89286], [-95.38457, 29.8916], [-95.38509, 29.89174], [-95.38638, 29.89295], [-95.38705, 29.89309], [-95.38795, 29.89226], [-95.39089, 29.89185], [-95.39268, 29.89206], [-95.39587, 29.89332], [-95.39689, 29.89286], [-95.39485, 29.88945], [-95.39109, 29.88323], [-95.3845, 29.88318], [-95.3735, 29.88327], [-95.36823, 29.88338], [-95.37054, 29.89255]]]}, "properties": {"GEOID": "48201221702", "under5_pop": 222, "licensed_capacity": 136, "children_per_slot": 1.63, "childcare_desert": 0, "pct_zero_car": 0.0514}}, {"type": "Feature", "geometry": {"type": "Polygon", "coordinates": [[[-95.30712, 29.91843], [-95.30529, 29.91851], [-95.30272, 29.91908], [-95.30099, 29.91912], [-95.3001, 29.9196], [-95.29846, 29.91966], [-95.29596, 29.91893], [-95.2956, 29.91864], [-95.29487, 29.91714], [-95.29329, 29.91539], [-95.29218, 29.91466], [-95.28861, 29.9139], [-95.28725, 29.91335], [-95.28735, 29.91621], [-95.28759, 29.93459], [-95.27922, 29.93471], [-95.26848, 29.93479], [-95.26832, 29.93839], [-95.27289, 29.93987], [-95.27722, 29.94059], [-95.28057, 29.94079], [-95.28333, 29.94055], [-95.28833, 29.94012], [-95.29598, 29.93996], [-95.29755, 29.93627], [-95.30007, 29.93071], [-95.30168, 29.92696], [-95.30382, 29.92317], [-95.30712, 29.91843]]]}, "properties": {"GEOID": "48201232201", "under5_pop": 875, "licensed_capacity": 132, "children_per_slot": 6.63, "childcare_desert": 1, "pct_zero_car": 0.0739}}, {"type": "Feature", "geometry": {"type": "Polygon", "coordinates": [[[-95.77752, 29.78548], [-95.77744, 29.78013], [-95.7775, 29.77376], [-95.77734, 29.77215], [-95.77529, 29.77254], [-95.77117, 29.77481], [-95.76883, 29.77514], [-95.76144, 29.77518], [-95.75659, 29.77475], [-95.75177, 29.77475], [-95.75187, 29.78539], [-95.75702, 29.78539], [-95.76248, 29.78552], [-95.76747, 29.78545], [-95.77752, 29.78548]]]}, "properties": {"GEOID": "48201455200", "under5_pop": 514, "licensed_capacity": 176, "children_per_slot": 2.92, "childcare_desert": 0, "pct_zero_car": 0.0}}, {"type": "Feature", "geometry": {"type": "Polygon", "coordinates": [[[-95.15614, 29.64967], [-95.15678, 29.64646], [-95.15839, 29.6424], [-95.1595, 29.64076], [-95.16281, 29.63759], [-95.17031, 29.63058], [-95.15748, 29.6309], [-95.14274, 29.63122], [-95.14293, 29.64043], [-95.14337, 29.64187], [-95.14357, 29.64973], [-95.1521, 29.64959], [-95.15614, 29.64967]]]}, "properties": {"GEOID": "48201342002", "under5_pop": 290, "licensed_capacity": 274, "children_per_slot": 1.06, "childcare_desert": 0, "pct_zero_car": 0.0251}}, {"type": "Feature", "geometry": {"type": "Polygon", "coordinates": [[[-95.4711, 29.96457], [-95.4805, 29.96432], [-95.47799, 29.96104], [-95.46921, 29.94958], [-95.46639, 29.94582], [-95.4646, 29.94594], [-95.46467, 29.94953], [-95.46497, 29.96474], [-95.4711, 29.96457]]]}, "properties": {"GEOID": "48201550603", "under5_pop": 374, "licensed_capacity": 304, "children_per_slot": 1.23, "childcare_desert": 0, "pct_zero_car": 0.0262}}, {"type": "Feature", "geometry": {"type": "Polygon", "coordinates": [[[-95.49603, 30.05849], [-95.49674, 30.05969], [-95.50146, 30.06358], [-95.50263, 30.06262], [-95.50457, 30.06262], [-95.5048, 30.06018], [-95.50596, 30.05908], [-95.50701, 30.05761], [-95.5036, 30.05614], [-95.50782, 30.05383], [-95.50984, 30.05197], [-95.5074, 30.05036], [-95.50673, 30.04953], [-95.50643, 30.04806], [-95.50692, 30.04724], [-95.50685, 30.04603], [-95.50608, 30.04386], [-95.50512, 30.04403], [-95.50294, 30.04493], [-95.50055, 30.04612], [-95.49277, 30.05046], [-95.49603, 30.05849]]]}, "properties": {"GEOID": "48201554906", "under5_pop": 242, "licensed_capacity": 0, "children_per_slot": null, "childcare_desert": 1, "pct_zero_car": 0.0278}}, {"type": "Feature", "geometry": {"type": "Polygon", "coordinates": [[[-95.5384, 30.04592], [-95.53736, 30.04], [-95.53519, 30.03445], [-95.53097, 30.02793], [-95.52715, 30.02374], [-95.52377, 30.02102], [-95.51674, 30.02485], [-95.51669, 30.02572], [-95.51849, 30.02826], [-95.52847, 30.04183], [-95.52861, 30.04172], [-95.53295, 30.04741], [-95.53628, 30.04611], [-95.5384, 30.04592]]]}, "properties": {"GEOID": "48201553804", "under5_pop": 247, "licensed_capacity": 73, "children_per_slot": 3.38, "childcare_desert": 1, "pct_zero_car": 0.0498}}, {"type": "Feature", "geometry": {"type": "Polygon", "coordinates": [[[-95.73055, 29.80097], [-95.73053, 29.79906], [-95.72983, 29.79772], [-95.72836, 29.79679], [-95.72766, 29.79595], [-95.72836, 29.79513], [-95.72928, 29.79319], [-95.73082, 29.79126], [-95.73088, 29.78964], [-95.72718, 29.78966], [-95.72619, 29.78979], [-95.72442, 29.7905], [-95.72181, 29.79054], [-95.71889, 29.78992], [-95.719, 29.80029], [-95.72127, 29.80033], [-95.72497, 29.80103], [-95.73055, 29.80097]]]}, "properties": {"GEOID": "48201542401", "under5_pop": 264, "licensed_capacity": 24, "children_per_slot": 11, "childcare_desert": 1, "pct_zero_car": 0.0306}}, {"type": "Feature", "geometry": {"type": "Polygon", "coordinates": [[[-95.69849, 29.9972], [-95.69935, 29.99614], [-95.69942, 29.99318], [-95.69922, 29.97983], [-95.69951, 29.97467], [-95.6998, 29.9736], [-95.69761, 29.97307], [-95.6953, 29.97209], [-95.6939, 29.97114], [-95.69195, 29.9691], [-95.69007, 29.9654], [-95.6893, 29.96418], [-95.68788, 29.9629], [-95.68699, 29.96425], [-95.68719, 29.96737], [-95.68723, 29.97345], [-95.67748, 29.97595], [-95.67596, 29.97645], [-95.6716, 29.9783], [-95.67217, 29.9799], [-95.67237, 29.98185], [-95.67329, 29.98377], [-95.67669, 29.98695], [-95.67585, 29.98733], [-95.66987, 29.98734], [-95.67007, 29.98748], [-95.67366, 29.99442], [-95.67383, 29.99494], [-95.68379, 29.99494], [-95.69698, 29.99711], [-95.69849, 29.9972]]]}, "properties": {"GEOID": "48201554407", "under5_pop": 304, "licensed_capacity": 12, "children_per_slot": 25.33, "childcare_desert": 1, "pct_zero_car": 0.0084}}, {"type": "Feature", "geometry": {"type": "Polygon", "coordinates": [[[-95.719, 29.80029], [-95.71889, 29.78992], [-95.71693, 29.79002], [-95.71303, 29.79136], [-95.71072, 29.79141], [-95.70907, 29.79118], [-95.70615, 29.79031], [-95.70576, 29.79275], [-95.70422, 29.79775], [-95.70397, 29.80031], [-95.719, 29.80029]]]}, "properties": {"GEOID": "48201541801", "under5_pop": 308, "licensed_capacity": 304, "children_per_slot": 1.01, "childcare_desert": 0, "pct_zero_car": 0.0478}}, {"type": "Feature", "geometry": {"type": "Polygon", "coordinates": [[[-95.16329, 29.80874], [-95.16322, 29.79823], [-95.16291, 29.79609], [-95.16207, 29.79315], [-95.16105, 29.79066], [-95.15861, 29.79057], [-95.15526, 29.78933], [-95.15243, 29.78884], [-95.1528, 29.79861], [-95.1543, 29.79858], [-95.1557, 29.79908], [-95.15649, 29.79994], [-95.1555, 29.80087], [-95.15587, 29.80165], [-95.15892, 29.80231], [-95.16041, 29.80292], [-95.16122, 29.80431], [-95.16043, 29.80516], [-95.15885, 29.80533], [-95.15734, 29.80626], [-95.15656, 29.8071], [-95.15713, 29.80821], [-95.15855, 29.80905], [-95.15869, 29.80995], [-95.16329, 29.80874]]]}, "properties": {"GEOID": "48201252304", "under5_pop": 180, "licensed_capacity": 207, "children_per_slot": 0.87, "childcare_desert": 0, "pct_zero_car": 0.0163}}, {"type": "Feature", "geometry": {"type": "Polygon", "coordinates": [[[-95.54514, 29.80601], [-95.54484, 29.80263], [-95.54467, 29.79428], [-95.53743, 29.79413], [-95.53354, 29.79516], [-95.53064, 29.79596], [-95.53085, 29.80648], [-95.53992, 29.80639], [-95.54033, 29.806], [-95.54514, 29.80601]]]}, "properties": {"GEOID": "48201522202", "under5_pop": 334, "licensed_capacity": 136, "children_per_slot": 2.46, "childcare_desert": 0, "pct_zero_car": 0.0906}}, {"type": "Feature", "geometry": {"type": "Polygon", "coordinates": [[[-95.53354, 29.79516], [-95.5334, 29.79398], [-95.532, 29.79179], [-95.5314, 29.78973], [-95.53133, 29.7867], [-95.53178, 29.78474], [-95.53178, 29.78381], [-95.52746, 29.78383], [-95.52126, 29.78373], [-95.52134, 29.78576], [-95.52178, 29.78735], [-95.52177, 29.79184], [-95.52216, 29.79325], [-95.5231, 29.79476], [-95.52344, 29.79689], [-95.52392, 29.798], [-95.52662, 29.79706], [-95.53064, 29.79596], [-95.53354, 29.79516]]]}, "properties": {"GEOID": "48201522301", "under5_pop": 90, "licensed_capacity": 218, "children_per_slot": 0.41, "childcare_desert": 0, "pct_zero_car": 0.0897}}, {"type": "Feature", "geometry": {"type": "Polygon", "coordinates": [[[-95.41137, 30.07452], [-95.41169, 30.07252], [-95.41136, 30.07052], [-95.41063, 30.06928], [-95.40682, 30.06416], [-95.4059, 30.06233], [-95.40492, 30.05868], [-95.40359, 30.05298], [-95.40382, 30.05086], [-95.40745, 30.04287], [-95.40774, 30.0418], [-95.4077, 30.04016], [-95.40543, 30.03112], [-95.40452, 30.03154], [-95.40426, 30.03324], [-95.40235, 30.03388], [-95.4011, 30.03457], [-95.40015, 30.03596], [-95.39928, 30.03622], [-95.39812, 30.03554], [-95.39697, 30.03597], [-95.40011, 30.04022], [-95.40259, 30.04374], [-95.39983, 30.04509], [-95.3963, 30.04479], [-95.39456, 30.04442], [-95.39229, 30.04454], [-95.39285, 30.04692], [-95.392, 30.0472], [-95.39246, 30.0481], [-95.39006, 30.04944], [-95.38789, 30.05012], [-95.39003, 30.05372], [-95.39161, 30.05517], [-95.39922, 30.059], [-95.40111, 30.06054], [-95.40534, 30.06625], [-95.41136, 30.07456], [-95.41137, 30.07452]]]}, "properties": {"GEOID": "48201241202", "under5_pop": 471, "licensed_capacity": 143, "children_per_slot": 3.29, "childcare_desert": 1, "pct_zero_car": 0.0303}}, {"type": "Feature", "geometry": {"type": "Polygon", "coordinates": [[[-95.4484, 29.7561], [-95.44826, 29.74666], [-95.4417, 29.74676], [-95.43015, 29.74776], [-95.42225, 29.74779], [-95.41882, 29.7484], [-95.41863, 29.7509], [-95.41788, 29.75332], [-95.4173, 29.75456], [-95.4159, 29.75667], [-95.4148, 29.7579], [-95.41374, 29.75867], [-95.41062, 29.75901], [-95.40849, 29.75973], [-95.40863, 29.76052], [-95.41174, 29.76205], [-95.41298, 29.76238], [-95.41317, 29.76055], [-95.41368, 29.75992], [-95.41603, 29.76016], [-95.41699, 29.75867], [-95.41829, 29.75755], [-95.41929, 29.75872], [-95.42028, 29.75928], [-95.42173, 29.75774], [-95.42248, 29.75734], [-95.42363, 29.7584], [-95.42441, 29.75807], [-95.42467, 29.75683], [-95.42547, 29.75675], [-95.42591, 29.75793], [-95.42682, 29.75839], [-95.42718, 29.75957], [-95.42832, 29.76054], [-95.4294, 29.76006], [-95.42869, 29.7598], [-95.4285, 29.75892], [-95.42995, 29.75827], [-95.43108, 29.75877], [-95.43192, 29.75967], [-95.4332, 29.75968], [-95.43324, 29.75815], [-95.43375, 29.75766], [-95.43552, 29.75798], [-95.43838, 29.75959], [-95.4392, 29.75878], [-95.43821, 29.75778], [-95.43802, 29.75713], [-95.43935, 29.75713], [-95.44115, 29.75522], [-95.4415, 29.75405], [-95.44265, 29.75359], [-95.44339, 29.75398], [-95.44628, 29.75424], [-95.4465, 29.7551], [-95.4484, 29.7561]]]}, "properties": {"GEOID": "48201411200", "under5_pop": 13, "licensed_capacity": 0, "children_per_slot": null, "childcare_desert": 1, "pct_zero_car": 0.0228}}, {"type": "Feature", "geometry": {"type": "Polygon", "coordinates": [[[-95.44826, 29.74666], [-95.44816, 29.74163], [-95.44166, 29.74173], [-95.43665, 29.74156], [-95.43439, 29.74155], [-95.43262, 29.74192], [-95.43003, 29.74207], [-95.42114, 29.74218], [-95.41878, 29.74232], [-95.41882, 29.7484], [-95.42225, 29.74779], [-95.43015, 29.74776], [-95.4417, 29.74676], [-95.44826, 29.74666]]]}, "properties": {"GEOID": "48201411400", "under5_pop": 129, "licensed_capacity": 140, "children_per_slot": 0.92, "childcare_desert": 0, "pct_zero_car": 0.0302}}, {"type": "Feature", "geometry": {"type": "Polygon", "coordinates": [[[-95.64367, 29.68969], [-95.64364, 29.68593], [-95.63442, 29.68081], [-95.61442, 29.68115], [-95.61446, 29.68508], [-95.61433, 29.68851], [-95.62234, 29.68847], [-95.62665, 29.68793], [-95.62853, 29.68823], [-95.63115, 29.68951], [-95.63267, 29.69002], [-95.63427, 29.69018], [-95.63999, 29.69011], [-95.64367, 29.68969]]]}, "properties": {"GEOID": "48201453901", "under5_pop": 284, "licensed_capacity": 200, "children_per_slot": 1.42, "childcare_desert": 0, "pct_zero_car": 0.043}}, {"type": "Feature", "geometry": {"type": "Polygon", "coordinates": [[[-95.46662, 30.03804], [-95.46566, 30.03674], [-95.46355, 30.03297], [-95.46274, 30.03263], [-95.46134, 30.03495], [-95.45902, 30.03561], [-95.45725, 30.03566], [-95.45516, 30.03612], [-95.45316, 30.03618], [-95.45123, 30.03775], [-95.45046, 30.03698], [-95.44828, 30.03648], [-95.44756, 30.03559], [-95.44623, 30.03652], [-95.44397, 30.0368], [-95.44273, 30.03626], [-95.44159, 30.03535], [-95.44123, 30.03417], [-95.43972, 30.03441], [-95.43871, 30.03406], [-95.43766, 30.03468], [-95.43674, 30.03425], [-95.43582, 30.0345], [-95.43465, 30.03407], [-95.43343, 30.03569], [-95.43162, 30.03564], [-95.43105, 30.03456], [-95.42937, 30.03564], [-95.42947, 30.03857], [-95.43074, 30.04678], [-95.43189, 30.05258], [-95.43315, 30.05288], [-95.43457, 30.05263], [-95.43794, 30.05016], [-95.43993, 30.04832], [-95.44361, 30.04629], [-95.44644, 30.0446], [-95.44798, 30.04402], [-95.45015, 30.04387], [-95.45158, 30.04406], [-95.45382, 30.04393], [-95.4555, 30.04335], [-95.45865, 30.04162], [-95.46217, 30.0399], [-95.46494, 30.03885], [-95.46662, 30.03804]]]}, "properties": {"GEOID": "48201553401", "under5_pop": 227, "licensed_capacity": 80, "children_per_slot": 2.84, "childcare_desert": 0, "pct_zero_car": 0.0112}}, {"type": "Feature", "geometry": {"type": "Polygon", "coordinates": [[[-95.46497, 29.96474], [-95.46467, 29.94953], [-95.45684, 29.94963], [-95.45455, 29.94945], [-95.45404, 29.95045], [-95.45239, 29.95255], [-95.4518, 29.95368], [-95.4515, 29.95549], [-95.45156, 29.95951], [-95.45185, 29.96085], [-95.45303, 29.96264], [-95.45366, 29.96492], [-95.46497, 29.96474]]]}, "properties": {"GEOID": "48201550601", "under5_pop": 346, "licensed_capacity": 177, "children_per_slot": 1.95, "childcare_desert": 0, "pct_zero_car": 0.014}}, {"type": "Feature", "geometry": {"type": "Polygon", "coordinates": [[[-95.60775, 29.93668], [-95.60745, 29.93504], [-95.60668, 29.93341], [-95.60637, 29.93186], [-95.60632, 29.92548], [-95.60577, 29.92324], [-95.60493, 29.92181], [-95.59806, 29.92495], [-95.59466, 29.92698], [-95.5848, 29.93299], [-95.58486, 29.93451], [-95.58469, 29.93937], [-95.58946, 29.93931], [-95.59116, 29.93914], [-95.59384, 29.93931], [-95.59407, 29.93669], [-95.60775, 29.93668]]]}, "properties": {"GEOID": "48201552401", "under5_pop": 167, "licensed_capacity": 0, "children_per_slot": null, "childcare_desert": 1, "pct_zero_car": 0.0796}}, {"type": "Feature", "geometry": {"type": "Polygon", "coordinates": [[[-95.60484, 29.95234], [-95.60537, 29.95045], [-95.60712, 29.94866], [-95.60785, 29.94722], [-95.6079, 29.94478], [-95.60775, 29.93668], [-95.59407, 29.93669], [-95.59384, 29.93931], [-95.59116, 29.93914], [-95.58946, 29.93931], [-95.58469, 29.93937], [-95.58487, 29.95255], [-95.59218, 29.95249], [-95.60484, 29.95234]]]}, "properties": {"GEOID": "48201552402", "under5_pop": 128, "licensed_capacity": 357, "children_per_slot": 0.36, "childcare_desert": 0, "pct_zero_car": 0.0511}}, {"type": "Feature", "geometry": {"type": "Polygon", "coordinates": [[[-95.47668, 29.82671], [-95.47854, 29.82627], [-95.48003, 29.82655], [-95.48145, 29.8261], [-95.48218, 29.82734], [-95.48223, 29.83042], [-95.48454, 29.83039], [-95.48515, 29.82885], [-95.4888, 29.82914], [-95.48885, 29.83301], [-95.49082, 29.83331], [-95.49108, 29.83249], [-95.49139, 29.82917], [-95.49178, 29.82789], [-95.49368, 29.82576], [-95.48327, 29.81834], [-95.46897, 29.80799], [-95.46696, 29.80662], [-95.46253, 29.80323], [-95.45863, 29.80047], [-95.45126, 29.79501], [-95.45065, 29.79456], [-95.44945, 29.79906], [-95.44916, 29.80154], [-95.45086, 29.80152], [-95.45151, 29.80289], [-95.45282, 29.80453], [-95.46888, 29.81944], [-95.47668, 29.82671]]]}, "properties": {"GEOID": "48201520501", "under5_pop": 221, "licensed_capacity": 12, "children_per_slot": 18.42, "childcare_desert": 1, "pct_zero_car": 0.117}}, {"type": "Feature", "geometry": {"type": "Polygon", "coordinates": [[[-95.50519, 29.98406], [-95.50691, 29.98316], [-95.5025, 29.97712], [-95.50183, 29.97536], [-95.50068, 29.97354], [-95.49996, 29.97187], [-95.50134, 29.97117], [-95.50415, 29.97018], [-95.50373, 29.96934], [-95.49933, 29.96327], [-95.4983, 29.9628], [-95.49176, 29.9791], [-95.49839, 29.98784], [-95.50519, 29.98406]]]}, "properties": {"GEOID": "48201551201", "under5_pop": 411, "licensed_capacity": 314, "children_per_slot": 1.31, "childcare_desert": 0, "pct_zero_car": 0.128}}, {"type": "Feature", "geometry": {"type": "Polygon", "coordinates": [[[-95.58505, 29.96126], [-95.58487, 29.95255], [-95.58191, 29.95234], [-95.57878, 29.9513], [-95.5759, 29.95133], [-95.57242, 29.95061], [-95.56394, 29.95085], [-95.56404, 29.94625], [-95.55882, 29.95085], [-95.55363, 29.95552], [-95.56395, 29.95858], [-95.57289, 29.96122], [-95.57398, 29.96143], [-95.58505, 29.96126]]]}, "properties": {"GEOID": "48201552502", "under5_pop": 501, "licensed_capacity": 11, "children_per_slot": 45.55, "childcare_desert": 1, "pct_zero_car": 0.0068}}, {"type": "Feature", "geometry": {"type": "Polygon", "coordinates": [[[-95.37904, 30.07037], [-95.37895, 30.06992], [-95.37553, 30.06514], [-95.37562, 30.06419], [-95.37679, 30.06335], [-95.38159, 30.06072], [-95.37961, 30.05763], [-95.38026, 30.05724], [-95.37453, 30.04966], [-95.37166, 30.05121], [-95.37108, 30.05184], [-95.36908, 30.05224], [-95.36706, 30.05328], [-95.36104, 30.04539], [-95.36, 30.04565], [-95.35808, 30.04478], [-95.35496, 30.04054], [-95.34639, 30.04528], [-95.34749, 30.04698], [-95.35107, 30.05141], [-95.35288, 30.0534], [-95.35392, 30.05578], [-95.35477, 30.05686], [-95.35784, 30.05965], [-95.35953, 30.06104], [-95.36076, 30.06166], [-95.36439, 30.06259], [-95.36642, 30.06386], [-95.37174, 30.0691], [-95.37353, 30.07029], [-95.37484, 30.07072], [-95.37728, 30.07083], [-95.37904, 30.07037]]]}, "properties": {"GEOID": "48201241104", "under5_pop": 1373, "licensed_capacity": 172, "children_per_slot": 7.98, "childcare_desert": 1, "pct_zero_car": 0.0}}, {"type": "Feature", "geometry": {"type": "Polygon", "coordinates": [[[-95.66905, 29.86528], [-95.66987, 29.86102], [-95.66968, 29.85947], [-95.66526, 29.8594], [-95.66057, 29.85945], [-95.65956, 29.85981], [-95.65968, 29.86199], [-95.65888, 29.86201], [-95.65886, 29.86142], [-95.65738, 29.86131], [-95.65762, 29.86323], [-95.65719, 29.8637], [-95.65595, 29.86388], [-95.65587, 29.86497], [-95.65411, 29.86542], [-95.65406, 29.86432], [-95.65239, 29.86443], [-95.65151, 29.86489], [-95.65004, 29.86349], [-95.64815, 29.86239], [-95.64694, 29.86208], [-95.64685, 29.86087], [-95.64621, 29.8604], [-95.64508, 29.86039], [-95.64512, 29.86597], [-95.64516, 29.86767], [-95.65369, 29.8676], [-95.65575, 29.86734], [-95.65688, 29.86692], [-95.65872, 29.86582], [-95.66029, 29.86526], [-95.66227, 29.86508], [-95.66631, 29.86509], [-95.66905, 29.86528]]]}, "properties": {"GEOID": "48201541404", "under5_pop": 301, "licensed_capacity": 181, "children_per_slot": 1.66, "childcare_desert": 0, "pct_zero_car": 0.011}}, {"type": "Feature", "geometry": {"type": "Polygon", "coordinates": [[[-95.65634, 29.89667], [-95.6606, 29.89919], [-95.66236, 29.89989], [-95.6637, 29.90017], [-95.66592, 29.90022], [-95.66936, 29.89955], [-95.66871, 29.89723], [-95.66854, 29.89596], [-95.66846, 29.89025], [-95.66525, 29.89021], [-95.66325, 29.88898], [-95.66208, 29.88851], [-95.65882, 29.88828], [-95.65653, 29.88877], [-95.6541, 29.88981], [-95.65529, 29.89108], [-95.65634, 29.8928], [-95.65674, 29.89401], [-95.65677, 29.89585], [-95.65634, 29.89667]]]}, "properties": {"GEOID": "48201541205", "under5_pop": 46, "licensed_capacity": 308, "children_per_slot": 0.15, "childcare_desert": 0, "pct_zero_car": 0.0}}, {"type": "Feature", "geometry": {"type": "Polygon", "coordinates": [[[-95.70607, 29.86513], [-95.70625, 29.86374], [-95.70577, 29.86111], [-95.70592, 29.8594], [-95.70589, 29.85607], [-95.70544, 29.85419], [-95.70303, 29.85076], [-95.70265, 29.84935], [-95.7026, 29.84515], [-95.69057, 29.84522], [-95.68975, 29.84617], [-95.68977, 29.8486], [-95.68981, 29.8564], [-95.68324, 29.85642], [-95.6833, 29.86536], [-95.69147, 29.86521], [-95.69189, 29.8651], [-95.69332, 29.86481], [-95.70361, 29.86473], [-95.70597, 29.86511], [-95.70607, 29.86513]]]}, "properties": {"GEOID": "48201542103", "under5_pop": 799, "licensed_capacity": 312, "children_per_slot": 2.56, "childcare_desert": 0, "pct_zero_car": 0.0439}}, {"type": "Feature", "geometry": {"type": "Polygon", "coordinates": [[[-95.44228, 29.65615], [-95.43405, 29.65933], [-95.43104, 29.66041], [-95.41314, 29.66572], [-95.39672, 29.67071], [-95.39798, 29.66801], [-95.40004, 29.66268], [-95.40898, 29.64027], [-95.41398, 29.62769], [-95.41744, 29.61903], [-95.41661, 29.61895], [-95.41355, 29.61976], [-95.41251, 29.62045], [-95.41186, 29.62176], [-95.41005, 29.62237], [-95.40861, 29.62326], [-95.40817, 29.62419], [-95.40807, 29.62558], [-95.4067, 29.62832], [-95.40611, 29.62867], [-95.40222, 29.62923], [-95.39925, 29.63052], [-95.3981, 29.63079], [-95.39604, 29.6308], [-95.39483, 29.63103], [-95.38969, 29.63277], [-95.38806, 29.6326], [-95.38728, 29.63221], [-95.38767, 29.65576], [-95.38751, 29.65763], [-95.38716, 29.6596], [-95.38647, 29.6619], [-95.38584, 29.66327], [-95.38339, 29.66789], [-95.3821, 29.67093], [-95.38188, 29.67211], [-95.38171, 29.67798], [-95.3812, 29.68072], [-95.39325, 29.68059], [-95.39664, 29.68038], [-95.40315, 29.67905], [-95.40766, 29.67827], [-95.41227, 29.67808], [-95.4192, 29.67781], [-95.4245, 29.67762], [-95.42764, 29.67772], [-95.4397, 29.66247], [-95.44148, 29.66019], [-95.44178, 29.65951], [-95.44228, 29.65615]]]}, "properties": {"GEOID": "48201334101", "under5_pop": 637, "licensed_capacity": 272, "children_per_slot": 2.34, "childcare_desert": 0, "pct_zero_car": 0.0399}}, {"type": "Feature", "geometry": {"type": "Polygon", "coordinates": [[[-95.46354, 29.89921], [-95.46473, 29.89873], [-95.45853, 29.8921], [-95.45623, 29.89029], [-95.45066, 29.88469], [-95.44603, 29.87992], [-95.44035, 29.87423], [-95.43662, 29.87076], [-95.43435, 29.86865], [-95.42945, 29.86467], [-95.42964, 29.87096], [-95.42976, 29.87797], [-95.42998, 29.88564], [-95.43113, 29.88559], [-95.44078, 29.88526], [-95.44098, 29.89789], [-95.45333, 29.89765], [-95.4601, 29.89762], [-95.4622, 29.89817], [-95.46354, 29.89921]]]}, "properties": {"GEOID": "48201533402", "under5_pop": 472, "licensed_capacity": 122, "children_per_slot": 3.87, "childcare_desert": 1, "pct_zero_car": 0.0653}}, {"type": "Feature", "geometry": {"type": "Polygon", "coordinates": [[[-95.7517, 29.76966], [-95.7516, 29.76514], [-95.75159, 29.75855], [-95.74157, 29.75866], [-95.73682, 29.75945], [-95.73433, 29.75952], [-95.73435, 29.76102], [-95.73487, 29.76375], [-95.7349, 29.7666], [-95.73772, 29.76649], [-95.74342, 29.76545], [-95.74507, 29.7717], [-95.74762, 29.77106], [-95.75007, 29.76986], [-95.7517, 29.76966]]]}, "properties": {"GEOID": "48201454802", "under5_pop": 180, "licensed_capacity": 12, "children_per_slot": 15, "childcare_desert": 1, "pct_zero_car": 0.0}}, {"type": "Feature", "geometry": {"type": "Polygon", "coordinates": [[[-95.20639, 29.93191], [-95.21521, 29.92334], [-95.22418, 29.91471], [-95.22684, 29.91208], [-95.24068, 29.89864], [-95.23934, 29.8977], [-95.2387, 29.89601], [-95.24007, 29.89464], [-95.24033, 29.89302], [-95.23997, 29.8925], [-95.23817, 29.89207], [-95.23821, 29.89083], [-95.2375, 29.88962], [-95.23661, 29.88912], [-95.23511, 29.88759], [-95.23511, 29.88682], [-95.23665, 29.88461], [-95.23675, 29.8831], [-95.23333, 29.88274], [-95.21002, 29.88301], [-95.20848, 29.88301], [-95.20837, 29.88459], [-95.20764, 29.88689], [-95.20599, 29.88927], [-95.20311, 29.89154], [-95.20319, 29.89202], [-95.20323, 29.90139], [-95.20147, 29.91266], [-95.19999, 29.92294], [-95.20009, 29.92467], [-95.20095, 29.92693], [-95.20204, 29.92838], [-95.20639, 29.93191]]]}, "properties": {"GEOID": "48201232303", "under5_pop": 369, "licensed_capacity": 30, "children_per_slot": 12.3, "childcare_desert": 1, "pct_zero_car": 0.0238}}, {"type": "Feature", "geometry": {"type": "Polygon", "coordinates": [[[-95.64131, 29.89109], [-95.64357, 29.88751], [-95.64434, 29.8859], [-95.64503, 29.88375], [-95.64533, 29.88095], [-95.64531, 29.87921], [-95.63302, 29.87932], [-95.62538, 29.87943], [-95.62571, 29.88061], [-95.62711, 29.88176], [-95.62856, 29.88132], [-95.62892, 29.88456], [-95.62894, 29.88736], [-95.62832, 29.88968], [-95.62813, 29.89164], [-95.62816, 29.89397], [-95.62764, 29.89408], [-95.62769, 29.90046], [-95.62917, 29.90045], [-95.63119, 29.90084], [-95.63411, 29.90229], [-95.64131, 29.89109]]]}, "properties": {"GEOID": "48201540904", "under5_pop": 253, "licensed_capacity": 581, "children_per_slot": 0.44, "childcare_desert": 0, "pct_zero_car": 0.0094}}, {"type": "Feature", "geometry": {"type": "Polygon", "coordinates": [[[-95.49253, 29.9281], [-95.49173, 29.92655], [-95.49154, 29.92561], [-95.49171, 29.9237], [-95.49227, 29.92245], [-95.49384, 29.91999], [-95.47999, 29.9113], [-95.47964, 29.91351], [-95.47987, 29.91493], [-95.48116, 29.91741], [-95.48159, 29.91955], [-95.48162, 29.92356], [-95.48135, 29.92547], [-95.4814, 29.92954], [-95.48282, 29.9292], [-95.48665, 29.92916], [-95.4875, 29.92943], [-95.48933, 29.93058], [-95.48984, 29.93066], [-95.48999, 29.92905], [-95.49088, 29.92902], [-95.49253, 29.9281]]]}, "properties": {"GEOID": "48201533903", "under5_pop": 70, "licensed_capacity": 12, "children_per_slot": 5.83, "childcare_desert": 1, "pct_zero_car": 0.0255}}, {"type": "Feature", "geometry": {"type": "Polygon", "coordinates": [[[-95.50715, 30.03016], [-95.50782, 30.02706], [-95.50845, 30.02629], [-95.50801, 30.02491], [-95.50702, 30.02425], [-95.50603, 30.02203], [-95.50525, 30.02187], [-95.50333, 30.01976], [-95.50168, 30.01914], [-95.5, 30.01918], [-95.49873, 30.01752], [-95.49845, 30.01555], [-95.49959, 30.01426], [-95.49825, 30.01367], [-95.49723, 30.01405], [-95.49674, 30.01332], [-95.4959, 30.01504], [-95.49509, 30.01607], [-95.49587, 30.01889], [-95.49639, 30.02008], [-95.49397, 30.02111], [-95.49207, 30.02253], [-95.49078, 30.02326], [-95.48646, 30.02513], [-95.48504, 30.02542], [-95.48968, 30.03181], [-95.48987, 30.0335], [-95.49307, 30.03791], [-95.50715, 30.03016]]]}, "properties": {"GEOID": "48201553601", "under5_pop": 212, "licensed_capacity": 0, "children_per_slot": null, "childcare_desert": 1, "pct_zero_car": 0.0}}, {"type": "Feature", "geometry": {"type": "Polygon", "coordinates": [[[-95.42937, 30.03564], [-95.42929, 30.03303], [-95.42615, 30.03275], [-95.42286, 30.03263], [-95.4223, 30.0311], [-95.42095, 30.02922], [-95.42048, 30.02724], [-95.42056, 30.02357], [-95.40454, 30.02659], [-95.40429, 30.02664], [-95.40543, 30.03112], [-95.40633, 30.03093], [-95.40818, 30.03211], [-95.40828, 30.03383], [-95.40996, 30.036], [-95.41221, 30.03728], [-95.41477, 30.03761], [-95.41677, 30.03732], [-95.41825, 30.03648], [-95.41943, 30.0355], [-95.42118, 30.03523], [-95.42239, 30.03529], [-95.42382, 30.03444], [-95.42535, 30.03496], [-95.42672, 30.03588], [-95.42937, 30.03564]]]}, "properties": {"GEOID": "48201240803", "under5_pop": 187, "licensed_capacity": 0, "children_per_slot": null, "childcare_desert": 1, "pct_zero_car": 0.0077}}, {"type": "Feature", "geometry": {"type": "Polygon", "coordinates": [[[-95.6147, 29.71341], [-95.61478, 29.7106], [-95.61464, 29.70351], [-95.60983, 29.70343], [-95.60445, 29.70349], [-95.60467, 29.71432], [-95.6147, 29.71341]]]}, "properties": {"GEOID": "48201452502", "under5_pop": 53, "licensed_capacity": 34, "children_per_slot": 1.56, "childcare_desert": 0, "pct_zero_car": 0.0598}}, {"type": "Feature", "geometry": {"type": "Polygon", "coordinates": [[[-95.57199, 29.74278], [-95.57331, 29.7432], [-95.5763, 29.74336], [-95.57617, 29.73662], [-95.57176, 29.73669], [-95.57192, 29.73838], [-95.57199, 29.74278]]]}, "properties": {"GEOID": "48201451005", "under5_pop": 221, "licensed_capacity": 0, "children_per_slot": null, "childcare_desert": 1, "pct_zero_car": 0.0933}}, {"type": "Feature", "geometry": {"type": "Polygon", "coordinates": [[[-95.29051, 29.73655], [-95.29298, 29.73045], [-95.29462, 29.72868], [-95.2949, 29.72794], [-95.29289, 29.72632], [-95.29169, 29.72607], [-95.29106, 29.72557], [-95.29049, 29.72392], [-95.28984, 29.72336], [-95.28781, 29.72346], [-95.28618, 29.72263], [-95.28414, 29.72237], [-95.28338, 29.72262], [-95.28202, 29.72491], [-95.28211, 29.72647], [-95.28167, 29.72738], [-95.27804, 29.7274], [-95.27651, 29.72665], [-95.27518, 29.72739], [-95.27614, 29.72915], [-95.27691, 29.73294], [-95.27905, 29.73766], [-95.28022, 29.73952], [-95.28287, 29.74276], [-95.28384, 29.74348], [-95.28477, 29.74462], [-95.28495, 29.74544], [-95.28665, 29.74829], [-95.2886, 29.74976], [-95.2882, 29.74758], [-95.28802, 29.74274], [-95.29051, 29.73655]]]}, "properties": {"GEOID": "48201311100", "under5_pop": 332, "licensed_capacity": 108, "children_per_slot": 3.07, "childcare_desert": 1, "pct_zero_car": 0.0964}}, {"type": "Feature", "geometry": {"type": "Polygon", "coordinates": [[[-95.3051, 29.70843], [-95.30155, 29.70604], [-95.29545, 29.70213], [-95.29442, 29.70332], [-95.29338, 29.70384], [-95.29051, 29.70404], [-95.28972, 29.70487], [-95.29005, 29.7064], [-95.29013, 29.70936], [-95.29019, 29.7122], [-95.28717, 29.71448], [-95.2859, 29.71479], [-95.28595, 29.71677], [-95.28608, 29.71911], [-95.3051, 29.70843]]]}, "properties": {"GEOID": "48201311300", "under5_pop": 265, "licensed_capacity": 291, "children_per_slot": 0.91, "childcare_desert": 0, "pct_zero_car": 0.0622}}, {"type": "Feature", "geometry": {"type": "Polygon", "coordinates": [[[-95.50382, 29.68929], [-95.50372, 29.68899], [-95.50366, 29.68183], [-95.50009, 29.68176], [-95.49281, 29.68181], [-95.49276, 29.68538], [-95.49244, 29.68668], [-95.49251, 29.68916], [-95.49289, 29.69069], [-95.49299, 29.6948], [-95.49961, 29.69148], [-95.50382, 29.68929]]]}, "properties": {"GEOID": "48201422602", "under5_pop": 101, "licensed_capacity": 129, "children_per_slot": 0.78, "childcare_desert": 0, "pct_zero_car": 0.0567}}, {"type": "Feature", "geometry": {"type": "Polygon", "coordinates": [[[-95.50557, 29.65603], [-95.5056, 29.65456], [-95.50518, 29.65446], [-95.50057, 29.65449], [-95.49757, 29.65433], [-95.49269, 29.6506], [-95.49213, 29.65247], [-95.4922, 29.65699], [-95.49205, 29.65719], [-95.49892, 29.65712], [-95.5009, 29.65668], [-95.5033, 29.65607], [-95.50557, 29.65603]]]}, "properties": {"GEOID": "48201422404", "under5_pop": 335, "licensed_capacity": 0, "children_per_slot": null, "childcare_desert": 1, "pct_zero_car": 0.2134}}, {"type": "Feature", "geometry": {"type": "Polygon", "coordinates": [[[-95.42745, 29.70609], [-95.42735, 29.70055], [-95.42522, 29.70059], [-95.42517, 29.701], [-95.42291, 29.70124], [-95.42302, 29.70613], [-95.42745, 29.70609]]]}, "properties": {"GEOID": "48201413203", "under5_pop": 29, "licensed_capacity": 0, "children_per_slot": null, "childcare_desert": 1, "pct_zero_car": 0.0601}}, {"type": "Feature", "geometry": {"type": "Polygon", "coordinates": [[[-95.20797, 29.65098], [-95.20774, 29.6419], [-95.20807, 29.64007], [-95.20919, 29.63836], [-95.21102, 29.63698], [-95.20369, 29.62914], [-95.19801, 29.623], [-95.19751, 29.6225], [-95.19629, 29.62354], [-95.19559, 29.62455], [-95.19318, 29.62632], [-95.19279, 29.63137], [-95.19263, 29.63457], [-95.1957, 29.63862], [-95.20735, 29.65401], [-95.20813, 29.65496], [-95.20797, 29.65098]]]}, "properties": {"GEOID": "48201321200", "under5_pop": 467, "licensed_capacity": 0, "children_per_slot": null, "childcare_desert": 1, "pct_zero_car": 0.1153}}, {"type": "Feature", "geometry": {"type": "Polygon", "coordinates": [[[-95.20796, 29.67009], [-95.21953, 29.66995], [-95.21559, 29.66465], [-95.21234, 29.66049], [-95.20813, 29.65496], [-95.20824, 29.66144], [-95.20783, 29.6648], [-95.20796, 29.67009]]]}, "properties": {"GEOID": "48201321500", "under5_pop": 226, "licensed_capacity": 48, "children_per_slot": 4.71, "childcare_desert": 1, "pct_zero_car": 0.167}}, {"type": "Feature", "geometry": {"type": "Polygon", "coordinates": [[[-95.64569, 30.11918], [-95.64261, 30.11408], [-95.64122, 30.11054], [-95.64031, 30.10774], [-95.63907, 30.10497], [-95.63811, 30.10126], [-95.63736, 30.09945], [-95.63579, 30.09757], [-95.63408, 30.09494], [-95.63246, 30.08942], [-95.63162, 30.08953], [-95.62252, 30.09441], [-95.6136, 30.09821], [-95.61867, 30.10711], [-95.62267, 30.11524], [-95.62874, 30.12777], [-95.62966, 30.12781], [-95.6316, 30.12686], [-95.63392, 30.12644], [-95.6349, 30.1256], [-95.63575, 30.12634], [-95.63661, 30.12642], [-95.63692, 30.12577], [-95.63785, 30.12531], [-95.63761, 30.12463], [-95.63846, 30.12422], [-95.63818, 30.12328], [-95.63883, 30.12335], [-95.63892, 30.12258], [-95.63985, 30.12222], [-95.64126, 30.12078], [-95.64304, 30.12001], [-95.6438, 30.12039], [-95.64569, 30.11918]]]}, "properties": {"GEOID": "48201555403", "under5_pop": 232, "licensed_capacity": 340, "children_per_slot": 0.68, "childcare_desert": 0, "pct_zero_car": 0.0715}}, {"type": "Feature", "geometry": {"type": "Polygon", "coordinates": [[[-95.77383, 29.87515], [-95.77365, 29.85121], [-95.77292, 29.85117], [-95.77082, 29.85004], [-95.77132, 29.8489], [-95.7706, 29.84839], [-95.77053, 29.8475], [-95.76972, 29.84757], [-95.76949, 29.84654], [-95.76663, 29.84467], [-95.7657, 29.84483], [-95.7637, 29.84295], [-95.76269, 29.84318], [-95.76235, 29.84251], [-95.76294, 29.84154], [-95.7622, 29.84074], [-95.75892, 29.83869], [-95.76002, 29.83738], [-95.75916, 29.83623], [-95.75962, 29.83489], [-95.76018, 29.8346], [-95.75956, 29.83366], [-95.75901, 29.83348], [-95.7582, 29.83402], [-95.75608, 29.83387], [-95.75533, 29.83307], [-95.75459, 29.83298], [-95.75342, 29.83355], [-95.75301, 29.83208], [-95.75224, 29.83169], [-95.74042, 29.83182], [-95.73763, 29.83126], [-95.73133, 29.83122], [-95.71987, 29.83117], [-95.71982, 29.83297], [-95.71903, 29.83561], [-95.71883, 29.83698], [-95.71889, 29.84229], [-95.71918, 29.84575], [-95.72372, 29.84578], [-95.7369, 29.84567], [-95.73841, 29.84597], [-95.7396, 29.84553], [-95.74022, 29.84638], [-95.74036, 29.86065], [-95.75651, 29.86078], [-95.75666, 29.87526], [-95.77383, 29.87515]]]}, "properties": {"GEOID": "48201542202", "under5_pop": 1092, "licensed_capacity": 290, "children_per_slot": 3.77, "childcare_desert": 1, "pct_zero_car": 0.021}}, {"type": "Feature", "geometry": {"type": "Polygon", "coordinates": [[[-95.49929, 29.71684], [-95.49713, 29.71494], [-95.49622, 29.71564], [-95.49399, 29.71632], [-95.48896, 29.71638], [-95.489, 29.72], [-95.49315, 29.71996], [-95.49318, 29.72225], [-95.49929, 29.71684]]]}, "properties": {"GEOID": "48201421205", "under5_pop": 379, "licensed_capacity": 121, "children_per_slot": 3.13, "childcare_desert": 1, "pct_zero_car": 0.1384}}, {"type": "Feature", "geometry": {"type": "Polygon", "coordinates": [[[-95.24674, 29.68607], [-95.24834, 29.68509], [-95.24843, 29.68458], [-95.24951, 29.6845], [-95.25245, 29.68323], [-95.25373, 29.68219], [-95.25379, 29.6809], [-95.25472, 29.67879], [-95.2545, 29.67792], [-95.2552, 29.67683], [-95.25588, 29.67452], [-95.25739, 29.67316], [-95.25746, 29.67258], [-95.25908, 29.67147], [-95.25901, 29.67047], [-95.26079, 29.66754], [-95.261, 29.66687], [-95.25837, 29.66278], [-95.25159, 29.6525], [-95.24918, 29.6533], [-95.24951, 29.666], [-95.24947, 29.67034], [-95.24768, 29.67011], [-95.24211, 29.6702], [-95.23905, 29.67032], [-95.23554, 29.67031], [-95.23622, 29.67159], [-95.23733, 29.67279], [-95.23913, 29.67332], [-95.24001, 29.67533], [-95.24088, 29.67641], [-95.24407, 29.67658], [-95.24532, 29.67813], [-95.24554, 29.67891], [-95.24646, 29.67981], [-95.24575, 29.68138], [-95.24541, 29.68318], [-95.24533, 29.68516], [-95.24674, 29.68607]]]}, "properties": {"GEOID": "48201320700", "under5_pop": 104, "licensed_capacity": 153, "children_per_slot": 0.68, "childcare_desert": 0, "pct_zero_car": 0.1539}}, {"type": "Feature", "geometry": {"type": "Polygon", "coordinates": [[[-95.24211, 29.6702], [-95.24768, 29.67011], [-95.24947, 29.67034], [-95.24951, 29.666], [-95.24918, 29.6533], [-95.24917, 29.65221], [-95.24457, 29.65245], [-95.23928, 29.65253], [-95.22578, 29.65266], [-95.22906, 29.65601], [-95.23042, 29.65759], [-95.23563, 29.6631], [-95.23777, 29.66536], [-95.24211, 29.6702]]]}, "properties": {"GEOID": "48201320800", "under5_pop": 326, "licensed_capacity": 0, "children_per_slot": null, "childcare_desert": 1, "pct_zero_car": 0.0886}}, {"type": "Feature", "geometry": {"type": "Polygon", "coordinates": [[[-95.40211, 29.70139], [-95.40083, 29.69578], [-95.39306, 29.6977], [-95.3923, 29.69529], [-95.3922, 29.69315], [-95.39268, 29.69178], [-95.39442, 29.68901], [-95.39157, 29.68901], [-95.39047, 29.6888], [-95.38744, 29.69767], [-95.38462, 29.7057], [-95.38644, 29.70636], [-95.38852, 29.70661], [-95.39023, 29.7059], [-95.39194, 29.7015], [-95.3966, 29.703], [-95.39839, 29.70191], [-95.40211, 29.70139]]]}, "properties": {"GEOID": "48201314001", "under5_pop": 58, "licensed_capacity": 0, "children_per_slot": null, "childcare_desert": 1, "pct_zero_car": 0.0638}}, {"type": "Feature", "geometry": {"type": "Polygon", "coordinates": [[[-95.25156, 29.68749], [-95.25565, 29.68478], [-95.268, 29.67556], [-95.26514, 29.67265], [-95.26401, 29.67135], [-95.26248, 29.66913], [-95.261, 29.66687], [-95.26079, 29.66754], [-95.25901, 29.67047], [-95.25908, 29.67147], [-95.25746, 29.67258], [-95.25739, 29.67316], [-95.25588, 29.67452], [-95.2552, 29.67683], [-95.2545, 29.67792], [-95.25472, 29.67879], [-95.25379, 29.6809], [-95.25373, 29.68219], [-95.25245, 29.68323], [-95.24951, 29.6845], [-95.24843, 29.68458], [-95.24834, 29.68509], [-95.24674, 29.68607], [-95.24723, 29.68691], [-95.24813, 29.6882], [-95.24948, 29.68754], [-95.25156, 29.68749]]]}, "properties": {"GEOID": "48201320602", "under5_pop": 270, "licensed_capacity": 0, "children_per_slot": null, "childcare_desert": 1, "pct_zero_car": 0.1503}}, {"type": "Feature", "geometry": {"type": "Polygon", "coordinates": [[[-95.5041, 29.89916], [-95.50392, 29.89831], [-95.50374, 29.89133], [-95.50332, 29.89033], [-95.5033, 29.88591], [-95.50696, 29.88552], [-95.507, 29.87415], [-95.50202, 29.87333], [-95.50106, 29.87354], [-95.50045, 29.8743], [-95.49971, 29.87614], [-95.49848, 29.87664], [-95.49446, 29.87664], [-95.49443, 29.88847], [-95.49469, 29.8914], [-95.49559, 29.89357], [-95.49569, 29.89968], [-95.50075, 29.89962], [-95.5041, 29.89916]]]}, "properties": {"GEOID": "48201532502", "under5_pop": 759, "licensed_capacity": 94, "children_per_slot": 8.07, "childcare_desert": 1, "pct_zero_car": 0.0046}}, {"type": "Feature", "geometry": {"type": "Polygon", "coordinates": [[[-95.51013, 29.79885], [-95.51011, 29.79724], [-95.5128, 29.79727], [-95.51281, 29.79431], [-95.51392, 29.79431], [-95.51394, 29.78969], [-95.51541, 29.78955], [-95.51671, 29.78893], [-95.52032, 29.78891], [-95.52, 29.78798], [-95.52012, 29.78456], [-95.51446, 29.78455], [-95.50956, 29.78474], [-95.50185, 29.78466], [-95.49441, 29.78431], [-95.48825, 29.78434], [-95.48822, 29.78352], [-95.4864, 29.78358], [-95.48638, 29.78427], [-95.48485, 29.78414], [-95.48493, 29.79491], [-95.4892, 29.79496], [-95.49548, 29.79483], [-95.49667, 29.79464], [-95.49773, 29.7956], [-95.49971, 29.79596], [-95.50259, 29.79679], [-95.50526, 29.79601], [-95.50609, 29.79701], [-95.50893, 29.79796], [-95.51013, 29.79885]]]}, "properties": {"GEOID": "48201522500", "under5_pop": 365, "licensed_capacity": 952, "children_per_slot": 0.38, "childcare_desert": 0, "pct_zero_car": 0.0226}}, {"type": "Feature", "geometry": {"type": "Polygon", "coordinates": [[[-95.3225, 29.69351], [-95.32571, 29.69196], [-95.32146, 29.6778], [-95.30557, 29.68142], [-95.2939, 29.68145], [-95.29631, 29.68515], [-95.3057, 29.68517], [-95.30752, 29.68574], [-95.3139, 29.69066], [-95.3151, 29.69124], [-95.3225, 29.69351]]]}, "properties": {"GEOID": "48201332700", "under5_pop": 97, "licensed_capacity": 0, "children_per_slot": null, "childcare_desert": 1, "pct_zero_car": 0.1142}}, {"type": "Feature", "geometry": {"type": "Polygon", "coordinates": [[[-95.3225, 29.69351], [-95.3151, 29.69124], [-95.3139, 29.69066], [-95.30752, 29.68574], [-95.3057, 29.68517], [-95.29631, 29.68515], [-95.29843, 29.68845], [-95.29877, 29.68961], [-95.299, 29.69271], [-95.30038, 29.69587], [-95.3103, 29.69714], [-95.31168, 29.69723], [-95.31402, 29.697], [-95.31688, 29.69605], [-95.3225, 29.69351]]]}, "properties": {"GEOID": "48201332800", "under5_pop": 367, "licensed_capacity": 0, "children_per_slot": null, "childcare_desert": 1, "pct_zero_car": 0.1849}}, {"type": "Feature", "geometry": {"type": "Polygon", "coordinates": [[[-95.30431, 29.95224], [-95.30399, 29.95079], [-95.30344, 29.93994], [-95.30343, 29.93983], [-95.29598, 29.93996], [-95.29236, 29.94806], [-95.29059, 29.95219], [-95.30225, 29.95217], [-95.30431, 29.95224]]]}, "properties": {"GEOID": "48201241502", "under5_pop": 523, "licensed_capacity": 0, "children_per_slot": null, "childcare_desert": 1, "pct_zero_car": 0.3613}}, {"type": "Feature", "geometry": {"type": "Polygon", "coordinates": [[[-95.37054, 29.89255], [-95.36823, 29.88338], [-95.36509, 29.87073], [-95.35189, 29.87099], [-95.35522, 29.87721], [-95.35474, 29.89454], [-95.35593, 29.89441], [-95.35704, 29.89477], [-95.35983, 29.89357], [-95.36166, 29.89247], [-95.3641, 29.89236], [-95.36553, 29.8913], [-95.36797, 29.89198], [-95.36869, 29.89264], [-95.37054, 29.89255]]]}, "properties": {"GEOID": "48201221800", "under5_pop": 269, "licensed_capacity": 0, "children_per_slot": null, "childcare_desert": 1, "pct_zero_car": 0.0536}}, {"type": "Feature", "geometry": {"type": "Polygon", "coordinates": [[[-95.48327, 29.81834], [-95.48531, 29.81704], [-95.48519, 29.81618], [-95.48499, 29.81057], [-95.48483, 29.80284], [-95.47546, 29.80284], [-95.46823, 29.80291], [-95.46289, 29.80293], [-95.46253, 29.80323], [-95.46696, 29.80662], [-95.46897, 29.80799], [-95.48327, 29.81834]]]}, "properties": {"GEOID": "48201520400", "under5_pop": 362, "licensed_capacity": 0, "children_per_slot": null, "childcare_desert": 1, "pct_zero_car": 0.1575}}, {"type": "Feature", "geometry": {"type": "Polygon", "coordinates": [[[-95.44782, 29.72453], [-95.44777, 29.72271], [-95.44739, 29.70592], [-95.44619, 29.70593], [-95.44098, 29.70597], [-95.44127, 29.72124], [-95.44303, 29.72035], [-95.44312, 29.72459], [-95.44782, 29.72453]]]}, "properties": {"GEOID": "48201412600", "under5_pop": 387, "licensed_capacity": 0, "children_per_slot": null, "childcare_desert": 1, "pct_zero_car": 0.0}}, {"type": "Feature", "geometry": {"type": "Polygon", "coordinates": [[[-95.36665, 30.07765], [-95.36825, 30.07714], [-95.36912, 30.07533], [-95.36915, 30.07465], [-95.36988, 30.07389], [-95.37083, 30.07368], [-95.37293, 30.07403], [-95.37927, 30.0703], [-95.37904, 30.07037], [-95.37728, 30.07083], [-95.37484, 30.07072], [-95.37353, 30.07029], [-95.37174, 30.0691], [-95.36642, 30.06386], [-95.36439, 30.06259], [-95.36076, 30.06166], [-95.35953, 30.06104], [-95.35784, 30.05965], [-95.35477, 30.05686], [-95.35392, 30.05578], [-95.35288, 30.0534], [-95.35107, 30.05141], [-95.34749, 30.04698], [-95.34639, 30.04528], [-95.34345, 30.04694], [-95.34191, 30.04547], [-95.34167, 30.04468], [-95.34018, 30.04334], [-95.34091, 30.04309], [-95.3409, 30.04228], [-95.33915, 30.04222], [-95.33663, 30.0402], [-95.33781, 30.03914], [-95.33689, 30.03862], [-95.33558, 30.0391], [-95.33401, 30.03792], [-95.3351, 30.03711], [-95.33129, 30.03368], [-95.33024, 30.03194], [-95.33004, 30.03049], [-95.32837, 30.02956], [-95.32718, 30.02849], [-95.32702, 30.02683], [-95.32654, 30.02628], [-95.32507, 30.02729], [-95.3244, 30.02819], [-95.32314, 30.0288], [-95.32281, 30.02938], [-95.32146, 30.03006], [-95.32247, 30.03109], [-95.32245, 30.03245], [-95.32208, 30.03309], [-95.31935, 30.03391], [-95.31846, 30.03437], [-95.31732, 30.03435], [-95.31654, 30.0333], [-95.31662, 30.03246], [-95.31591, 30.0314], [-95.31492, 30.03173], [-95.31338, 30.03306], [-95.31155, 30.03233], [-95.31099, 30.03289], [-95.3122, 30.03433], [-95.31281, 30.03599], [-95.31277, 30.03682], [-95.31202, 30.04044], [-95.3115, 30.04189], [-95.30941, 30.04366], [-95.30924, 30.04458], [-95.30975, 30.04589], [-95.31139, 30.04698], [-95.31259, 30.04852], [-95.31324, 30.05078], [-95.31498, 30.05255], [-95.31595, 30.05384], [-95.31743, 30.05426], [-95.31977, 30.05272], [-95.32117, 30.05284], [-95.32233, 30.05362], [-95.3234, 30.05587], [-95.3243, 30.05665], [-95.32552, 30.0571], [-95.32703, 30.05804], [-95.328, 30.05975], [-95.32809, 30.0613], [-95.32932, 30.06249], [-95.33287, 30.06342], [-95.33502, 30.06288], [-95.33629, 30.06281], [-95.33732, 30.06333], [-95.33814, 30.06608], [-95.33931, 30.06662], [-95.34109, 30.06694], [-95.34313, 30.0683], [-95.34395, 30.07067], [-95.34469, 30.07175], [-95.34603, 30.07257], [-95.34833, 30.07293], [-95.34952, 30.07394], [-95.34933, 30.07609], [-95.35025, 30.07665], [-95.35264, 30.07629], [-95.35363, 30.07634], [-95.35552, 30.07723], [-95.35723, 30.07709], [-95.35867, 30.07654], [-95.35972, 30.0767], [-95.3611, 30.07816], [-95.36214, 30.07839], [-95.36326, 30.07796], [-95.36468, 30.07682], [-95.36554, 30.07659], [-95.36665, 30.07765]]]}, "properties": {"GEOID": "48201241002", "under5_pop": 345, "licensed_capacity": 191, "children_per_slot": 1.81, "childcare_desert": 0, "pct_zero_car": 0.0088}}, {"type": "Feature", "geometry": {"type": "Polygon", "coordinates": [[[-95.50932, 29.83271], [-95.50927, 29.82934], [-95.50292, 29.82936], [-95.50287, 29.82557], [-95.49556, 29.82559], [-95.49484, 29.826], [-95.494, 29.82542], [-95.49368, 29.82576], [-95.50472, 29.83367], [-95.50663, 29.83285], [-95.50932, 29.83271]]]}, "properties": {"GEOID": "48201521401", "under5_pop": 383, "licensed_capacity": 238, "children_per_slot": 1.61, "childcare_desert": 0, "pct_zero_car": 0.0692}}, {"type": "Feature", "geometry": {"type": "Polygon", "coordinates": [[[-95.72014, 29.98029], [-95.72045, 29.97941], [-95.72014, 29.96071], [-95.71775, 29.95919], [-95.71793, 29.95669], [-95.71916, 29.95637], [-95.71836, 29.95526], [-95.71808, 29.95355], [-95.71832, 29.95214], [-95.71952, 29.94996], [-95.72024, 29.94775], [-95.72568, 29.94762], [-95.72757, 29.94719], [-95.73, 29.94641], [-95.73, 29.94381], [-95.72954, 29.94214], [-95.73015, 29.94062], [-95.73025, 29.93948], [-95.72821, 29.93894], [-95.72683, 29.93814], [-95.72599, 29.93732], [-95.72783, 29.93536], [-95.72837, 29.93408], [-95.72847, 29.93237], [-95.72842, 29.92636], [-95.72429, 29.92592], [-95.71116, 29.92429], [-95.70719, 29.92367], [-95.70214, 29.92306], [-95.6972, 29.92169], [-95.69004, 29.92075], [-95.68764, 29.92021], [-95.68627, 29.92033], [-95.68639, 29.92565], [-95.68588, 29.92721], [-95.67855, 29.94249], [-95.67631, 29.94715], [-95.67347, 29.95307], [-95.67834, 29.95633], [-95.68788, 29.9629], [-95.6893, 29.96418], [-95.69007, 29.9654], [-95.69195, 29.9691], [-95.6939, 29.97114], [-95.6953, 29.97209], [-95.69761, 29.97307], [-95.6998, 29.9736], [-95.70674, 29.97528], [-95.7104, 29.97654], [-95.71696, 29.97904], [-95.72014, 29.98029]]]}, "properties": {"GEOID": "48201543007", "under5_pop": 2621, "licensed_capacity": 1240, "children_per_slot": 2.11, "childcare_desert": 0, "pct_zero_car": 0.018}}, {"type": "Feature", "geometry": {"type": "Polygon", "coordinates": [[[-95.69705, 29.89522], [-95.69693, 29.88639], [-95.69742, 29.88639], [-95.69733, 29.87986], [-95.68846, 29.87991], [-95.6833, 29.87994], [-95.68344, 29.89392], [-95.68396, 29.8969], [-95.68554, 29.89659], [-95.68731, 29.89593], [-95.68912, 29.89567], [-95.69545, 29.89557], [-95.69705, 29.89522]]]}, "properties": {"GEOID": "48201543008", "under5_pop": 531, "licensed_capacity": 286, "children_per_slot": 1.86, "childcare_desert": 0, "pct_zero_car": 0.0032}}, {"type": "Feature", "geometry": {"type": "Polygon", "coordinates": [[[-95.53789, 29.81217], [-95.53498, 29.81021], [-95.53285, 29.80936], [-95.52892, 29.80921], [-95.52616, 29.8098], [-95.52628, 29.82195], [-95.53424, 29.82186], [-95.53689, 29.82248], [-95.53681, 29.81846], [-95.53688, 29.81352], [-95.53789, 29.81217]]]}, "properties": {"GEOID": "48201522102", "under5_pop": 451, "licensed_capacity": 163, "children_per_slot": 2.77, "childcare_desert": 0, "pct_zero_car": 0.0027}}, {"type": "Feature", "geometry": {"type": "Polygon", "coordinates": [[[-95.65202, 29.97474], [-95.65441, 29.97427], [-95.65767, 29.97427], [-95.65916, 29.97364], [-95.66081, 29.97144], [-95.65964, 29.97059], [-95.65702, 29.96703], [-95.6566, 29.96549], [-95.65659, 29.96429], [-95.66391, 29.96427], [-95.66504, 29.96433], [-95.66756, 29.9651], [-95.6694, 29.96534], [-95.67339, 29.96529], [-95.67305, 29.96266], [-95.67211, 29.96256], [-95.67121, 29.96153], [-95.67058, 29.96132], [-95.67027, 29.9621], [-95.66864, 29.96309], [-95.66676, 29.96268], [-95.66462, 29.96147], [-95.66412, 29.96013], [-95.66358, 29.9596], [-95.66226, 29.95978], [-95.66125, 29.95922], [-95.66045, 29.9594], [-95.65965, 29.95859], [-95.659, 29.95871], [-95.65581, 29.95724], [-95.65506, 29.95601], [-95.65399, 29.95598], [-95.65295, 29.95454], [-95.65064, 29.95406], [-95.64982, 29.95301], [-95.64882, 29.9529], [-95.64504, 29.95296], [-95.64206, 29.95326], [-95.64216, 29.95423], [-95.64144, 29.95517], [-95.64038, 29.95522], [-95.63838, 29.95652], [-95.63795, 29.95779], [-95.63831, 29.95911], [-95.63752, 29.95953], [-95.63698, 29.96098], [-95.6359, 29.96133], [-95.63539, 29.96095], [-95.63569, 29.96009], [-95.63466, 29.9595], [-95.63402, 29.9596], [-95.6326, 29.96092], [-95.63122, 29.96129], [-95.6316, 29.96256], [-95.63397, 29.96235], [-95.63484, 29.96247], [-95.64069, 29.9642], [-95.64203, 29.96442], [-95.64495, 29.96429], [-95.65012, 29.96433], [-95.65049, 29.96909], [-95.65202, 29.97474]]]}, "properties": {"GEOID": "48201554410", "under5_pop": 295, "licensed_capacity": 0, "children_per_slot": null, "childcare_desert": 1, "pct_zero_car": 0.0215}}, {"type": "Feature", "geometry": {"type": "Polygon", "coordinates": [[[-95.4864, 29.78358], [-95.48646, 29.78267], [-95.48599, 29.78207], [-95.48443, 29.78167], [-95.484, 29.78046], [-95.48451, 29.77941], [-95.48321, 29.77844], [-95.48177, 29.77653], [-95.48064, 29.77565], [-95.4798, 29.77558], [-95.47946, 29.77406], [-95.47888, 29.77334], [-95.47763, 29.77268], [-95.47645, 29.77115], [-95.47548, 29.7716], [-95.47503, 29.77242], [-95.47324, 29.77218], [-95.47196, 29.77033], [-95.47013, 29.77026], [-95.46854, 29.77063], [-95.46773, 29.76947], [-95.46624, 29.76863], [-95.46518, 29.76866], [-95.46498, 29.76697], [-95.46326, 29.76776], [-95.46228, 29.76741], [-95.46161, 29.76594], [-95.45978, 29.76514], [-95.45838, 29.76485], [-95.45802, 29.76367], [-95.45921, 29.76287], [-95.46035, 29.76296], [-95.46016, 29.76211], [-95.45802, 29.76158], [-95.45818, 29.76043], [-95.45762, 29.75937], [-95.45572, 29.75996], [-95.4558, 29.76336], [-95.45613, 29.76842], [-95.4562, 29.77323], [-95.4601, 29.77323], [-95.46152, 29.77436], [-95.462, 29.77668], [-95.46279, 29.77757], [-95.465, 29.77897], [-95.4667, 29.77934], [-95.47068, 29.77929], [-95.47234, 29.77899], [-95.47544, 29.77893], [-95.4755, 29.78401], [-95.47982, 29.78397], [-95.48485, 29.78414], [-95.48638, 29.78427], [-95.4864, 29.78358]]]}, "properties": {"GEOID": "48201430102", "under5_pop": 110, "licensed_capacity": 0, "children_per_slot": null, "childcare_desert": 1, "pct_zero_car": 0.0}}, {"type": "Feature", "geometry": {"type": "Polygon", "coordinates": [[[-95.19342, 29.54565], [-95.19546, 29.54453], [-95.19629, 29.5436], [-95.19723, 29.54199], [-95.19569, 29.54239], [-95.19573, 29.54365], [-95.19439, 29.54329], [-95.19401, 29.54285], [-95.19466, 29.54214], [-95.19462, 29.54134], [-95.1931, 29.54098], [-95.19265, 29.54131], [-95.19225, 29.5405], [-95.19294, 29.54015], [-95.19303, 29.53938], [-95.19223, 29.53866], [-95.19453, 29.53827], [-95.19398, 29.53657], [-95.19299, 29.53652], [-95.1922, 29.5359], [-95.18999, 29.53561], [-95.18867, 29.5358], [-95.18812, 29.53508], [-95.18851, 29.53429], [-95.18751, 29.53404], [-95.18944, 29.53225], [-95.18943, 29.53117], [-95.1906, 29.53072], [-95.18992, 29.52972], [-95.18771, 29.52851], [-95.18761, 29.52791], [-95.18945, 29.5278], [-95.18967, 29.52706], [-95.18693, 29.5274], [-95.1867, 29.52591], [-95.18699, 29.525], [-95.18785, 29.52434], [-95.18629, 29.52342], [-95.18585, 29.5241], [-95.18457, 29.52491], [-95.18213, 29.52699], [-95.17784, 29.53093], [-95.18306, 29.53548], [-95.18883, 29.5404], [-95.19017, 29.54235], [-95.19217, 29.54419], [-95.19342, 29.54565]]]}, "properties": {"GEOID": "48201350700", "under5_pop": 89, "licensed_capacity": 0, "children_per_slot": null, "childcare_desert": 1, "pct_zero_car": 0.0}}, {"type": "Feature", "geometry": {"type": "Polygon", "coordinates": [[[-95.08424, 29.61311], [-95.08452, 29.61047], [-95.08567, 29.60839], [-95.08585, 29.60591], [-95.08689, 29.60338], [-95.08855, 29.60142], [-95.09001, 29.59878], [-95.09181, 29.59868], [-95.09224, 29.59777], [-95.08994, 29.59499], [-95.09001, 29.5936], [-95.08966, 29.59315], [-95.08762, 29.59333], [-95.08634, 29.59307], [-95.08543, 29.59229], [-95.08473, 29.59262], [-95.08404, 29.59374], [-95.08243, 29.59308], [-95.08052, 29.59182], [-95.07939, 29.59181], [-95.07947, 29.59103], [-95.08083, 29.58971], [-95.08223, 29.58931], [-95.08262, 29.58881], [-95.08249, 29.5876], [-95.08084, 29.58755], [-95.07979, 29.58706], [-95.0788, 29.58606], [-95.07743, 29.58572], [-95.07652, 29.58591], [-95.07667, 29.58738], [-95.07539, 29.58676], [-95.07408, 29.58529], [-95.07292, 29.58516], [-95.07132, 29.58331], [-95.071, 29.58194], [-95.06989, 29.58177], [-95.06903, 29.58254], [-95.06707, 29.58074], [-95.06906, 29.5791], [-95.06952, 29.57814], [-95.07138, 29.57688], [-95.07106, 29.57535], [-95.07118, 29.57432], [-95.07187, 29.5733], [-95.07135, 29.57138], [-95.07171, 29.56527], [-95.07216, 29.56368], [-95.07188, 29.56306], [-95.07156, 29.56277], [-95.06996, 29.55905], [-95.06901, 29.55638], [-95.06833, 29.55749], [-95.06685, 29.5582], [-95.06483, 29.55877], [-95.06072, 29.55911], [-95.05721, 29.55911], [-95.05647, 29.56129], [-95.05535, 29.5636], [-95.05676, 29.5646], [-95.05607, 29.56521], [-95.05422, 29.56543], [-95.05379, 29.56605], [-95.05412, 29.56729], [-95.05399, 29.56924], [-95.05349, 29.57008], [-95.05018, 29.57262], [-95.0487, 29.57428], [-95.04765, 29.57659], [-95.04734, 29.57783], [-95.04774, 29.58223], [-95.04667, 29.58443], [-95.044, 29.58543], [-95.04231, 29.58638], [-95.04215, 29.58715], [-95.04254, 29.58987], [-95.04138, 29.59023], [-95.04149, 29.59118], [-95.04226, 29.59146], [-95.04297, 29.59234], [-95.04414, 29.59255], [-95.04507, 29.59312], [-95.04491, 29.59452], [-95.04382, 29.59572], [-95.04449, 29.59726], [-95.04341, 29.59804], [-95.04279, 29.59906], [-95.04389, 29.60186], [-95.04306, 29.60288], [-95.04165, 29.60367], [-95.04145, 29.60424], [-95.04377, 29.60472], [-95.04516, 29.60547], [-95.04595, 29.60631], [-95.0486, 29.61109], [-95.05556, 29.60817], [-95.06984, 29.60224], [-95.07599, 29.60684], [-95.08424, 29.61311]]]}, "properties": {"GEOID": "48201341400", "under5_pop": 147, "licensed_capacity": 0, "children_per_slot": null, "childcare_desert": 1, "pct_zero_car": 0.0147}}, {"type": "Feature", "geometry": {"type": "Polygon", "coordinates": [[[-95.32552, 29.74083], [-95.32855, 29.737], [-95.3307, 29.73201], [-95.33319, 29.72589], [-95.32837, 29.7228], [-95.32288, 29.72822], [-95.31528, 29.73585], [-95.31425, 29.73726], [-95.32552, 29.74083]]]}, "properties": {"GEOID": "48201310600", "under5_pop": 149, "licensed_capacity": 0, "children_per_slot": null, "childcare_desert": 1, "pct_zero_car": 0.1364}}, {"type": "Feature", "geometry": {"type": "Polygon", "coordinates": [[[-95.3006, 29.87138], [-95.30056, 29.86687], [-95.29296, 29.86701], [-95.29278, 29.85296], [-95.29224, 29.8532], [-95.29152, 29.85249], [-95.28977, 29.85239], [-95.28904, 29.85175], [-95.28667, 29.85394], [-95.28407, 29.85656], [-95.27688, 29.86354], [-95.26832, 29.87195], [-95.27304, 29.87184], [-95.28151, 29.87175], [-95.28786, 29.8716], [-95.3006, 29.87138]]]}, "properties": {"GEOID": "48201231400", "under5_pop": 249, "licensed_capacity": 0, "children_per_slot": null, "childcare_desert": 1, "pct_zero_car": 0.0545}}, {"type": "Feature", "geometry": {"type": "Polygon", "coordinates": [[[-94.98083, 29.7146], [-94.98299, 29.70936], [-94.98409, 29.70956], [-94.98604, 29.70901], [-94.98726, 29.70892], [-94.98907, 29.70835], [-94.98967, 29.70892], [-94.99131, 29.70939], [-94.99374, 29.70919], [-94.99352, 29.70788], [-94.99391, 29.70706], [-94.99478, 29.70635], [-94.99821, 29.70787], [-95.00477, 29.71114], [-95.00581, 29.71104], [-95.00894, 29.70938], [-95.01282, 29.7067], [-95.01714, 29.70321], [-95.01628, 29.70269], [-95.01377, 29.70173], [-95.01213, 29.7013], [-95.006, 29.70063], [-95.00346, 29.70011], [-94.99936, 29.69866], [-94.99461, 29.69534], [-94.98996, 29.69185], [-94.9875, 29.68926], [-94.98313, 29.68394], [-94.9817, 29.68193], [-94.97927, 29.6776], [-94.97884, 29.67673], [-94.97005, 29.68152], [-94.96913, 29.68207], [-94.9697, 29.6828], [-94.96858, 29.68255], [-94.9326, 29.67512], [-94.93148, 29.67403], [-94.93027, 29.6737], [-94.92954, 29.6746], [-94.92947, 29.67647], [-94.92858, 29.6781], [-94.92843, 29.67983], [-94.92716, 29.68122], [-94.92419, 29.6828], [-94.92242, 29.6839], [-94.92043, 29.6858], [-94.91987, 29.68686], [-94.91967, 29.68845], [-94.92079, 29.69053], [-94.92146, 29.69114], [-94.92185, 29.69232], [-94.92161, 29.69323], [-94.92085, 29.69408], [-94.91908, 29.69478], [-94.91816, 29.69486], [-94.91628, 29.69615], [-94.91558, 29.69818], [-94.91632, 29.69899], [-94.91706, 29.69914], [-94.91856, 29.69875], [-94.92017, 29.6996], [-94.9218, 29.69967], [-94.92386, 29.69916], [-94.92536, 29.6968], [-94.92695, 29.69666], [-94.92991, 29.69737], [-94.93029, 29.69919], [-94.92892, 29.70035], [-94.9265, 29.70091], [-94.92521, 29.70251], [-94.92527, 29.70369], [-94.9274, 29.70431], [-94.93098, 29.70443], [-94.93296, 29.70521], [-94.93367, 29.70639], [-94.93437, 29.70891], [-94.93456, 29.71042], [-94.9342, 29.71163], [-94.93288, 29.71279], [-94.93257, 29.71434], [-94.93395, 29.71513], [-94.935, 29.71517], [-94.94149, 29.71323], [-94.94252, 29.71334], [-94.9438, 29.71428], [-94.9454, 29.71624], [-94.94522, 29.7183], [-94.94354, 29.71941], [-94.94235, 29.72092], [-94.942, 29.72365], [-94.94147, 29.72467], [-94.94006, 29.72582], [-94.93918, 29.72684], [-94.94222, 29.72781], [-94.95742, 29.73228], [-94.95959, 29.72732], [-94.96, 29.72616], [-94.96028, 29.72385], [-94.961, 29.72242], [-94.96267, 29.72114], [-94.96509, 29.72022], [-94.97108, 29.71812], [-94.98083, 29.7146]]]}, "properties": {"GEOID": "48201254700", "under5_pop": 81, "licensed_capacity": 0, "children_per_slot": null, "childcare_desert": 1, "pct_zero_car": 0.0453}}, {"type": "Feature", "geometry": {"type": "Polygon", "coordinates": [[[-95.16234, 29.69932], [-95.16209, 29.68926], [-95.16328, 29.68939], [-95.16356, 29.68904], [-95.15454, 29.68374], [-95.15351, 29.68793], [-95.15342, 29.69782], [-95.15337, 29.71208], [-95.16121, 29.71231], [-95.16125, 29.71017], [-95.16314, 29.7098], [-95.16312, 29.70868], [-95.16254, 29.7087], [-95.16234, 29.69932]]]}, "properties": {"GEOID": "48201322600", "under5_pop": 342, "licensed_capacity": 100, "children_per_slot": 3.42, "childcare_desert": 1, "pct_zero_car": 0.0069}}, {"type": "Feature", "geometry": {"type": "Polygon", "coordinates": [[[-95.13172, 30.01286], [-95.12951, 29.99393], [-95.13071, 29.99032], [-95.1313, 29.98779], [-95.12586, 29.99036], [-95.12377, 29.99046], [-95.12168, 29.98951], [-95.12075, 29.9895], [-95.11877, 29.99003], [-95.11711, 29.99007], [-95.11523, 29.98949], [-95.10052, 29.98956], [-95.09814, 29.98925], [-95.09451, 29.98976], [-95.09148, 29.98985], [-95.09, 29.98388], [-95.08812, 29.97592], [-95.08669, 29.96962], [-95.06363, 29.96989], [-95.06167, 29.96992], [-95.06185, 29.98027], [-95.06163, 29.98038], [-95.04907, 29.98053], [-95.04972, 29.98897], [-95.04159, 29.98905], [-95.03976, 29.9895], [-95.03524, 29.98962], [-95.02181, 29.98977], [-95.02183, 29.99147], [-95.0222, 29.99168], [-95.02552, 29.99164], [-95.02582, 29.99195], [-95.02677, 29.99674], [-95.0275, 29.99642], [-95.02867, 29.99463], [-95.0308, 29.9938], [-95.03118, 29.99332], [-95.03969, 30.01549], [-95.04461, 30.02805], [-95.04513, 30.02921], [-95.04621, 30.03318], [-95.04982, 30.04204], [-95.05684, 30.06098], [-95.06254, 30.07665], [-95.0644, 30.08139], [-95.0726, 30.10305], [-95.07409, 30.10174], [-95.07448, 30.10291], [-95.07519, 30.10265], [-95.07543, 30.1017], [-95.07653, 30.10194], [-95.07656, 30.10098], [-95.07794, 30.10071], [-95.07874, 30.1002], [-95.07812, 30.099], [-95.07921, 30.09842], [-95.07901, 30.09764], [-95.07989, 30.09686], [-95.07862, 30.09625], [-95.07871, 30.09514], [-95.08014, 30.0953], [-95.08073, 30.09492], [-95.08033, 30.09411], [-95.08059, 30.09342], [-95.08203, 30.09242], [-95.08167, 30.09162], [-95.08364, 30.09147], [-95.08395, 30.0923], [-95.08467, 30.09123], [-95.08547, 30.09082], [-95.08423, 30.08976], [-95.08388, 30.08893], [-95.08442, 30.0881], [-95.08703, 30.08608], [-95.08916, 30.08642], [-95.09043, 30.08475], [-95.08964, 30.08378], [-95.09054, 30.08367], [-95.09077, 30.08439], [-95.09186, 30.08334], [-95.09163, 30.08211], [-95.09066, 30.08167], [-95.09056, 30.08083], [-95.09179, 30.08097], [-95.09181, 30.08011], [-95.09256, 30.07965], [-95.09149, 30.07899], [-95.09252, 30.07787], [-95.09207, 30.07656], [-95.09277, 30.07339], [-95.09202, 30.07289], [-95.09276, 30.07217], [-95.0946, 30.07202], [-95.09511, 30.07164], [-95.09412, 30.07061], [-95.09549, 30.07013], [-95.09546, 30.06938], [-95.0963, 30.06875], [-95.09755, 30.06867], [-95.09773, 30.06744], [-95.09871, 30.06642], [-95.10013, 30.06545], [-95.10108, 30.06546], [-95.10116, 30.06467], [-95.10062, 30.0634], [-95.10138, 30.06277], [-95.10158, 30.06127], [-95.10209, 30.06081], [-95.10176, 30.05807], [-95.1015, 30.0574], [-95.10008, 30.05662], [-95.09978, 30.05596], [-95.09571, 30.05731], [-95.08718, 30.05736], [-95.08683, 30.05471], [-95.08717, 30.05213], [-95.08789, 30.04923], [-95.08836, 30.04674], [-95.08912, 30.04447], [-95.08933, 30.04238], [-95.08924, 30.03884], [-95.08982, 30.03582], [-95.08974, 30.03438], [-95.08866, 30.0311], [-95.0883, 30.02936], [-95.08834, 30.02803], [-95.08878, 30.02631], [-95.08994, 30.02291], [-95.09182, 30.02212], [-95.09461, 30.02138], [-95.09751, 30.02085], [-95.10299, 30.02008], [-95.1102, 30.01886], [-95.1155, 30.01806], [-95.11717, 30.01763], [-95.13172, 30.01286]]]}, "properties": {"GEOID": "48201251702", "under5_pop": 151, "licensed_capacity": 12, "children_per_slot": 12.58, "childcare_desert": 1, "pct_zero_car": 0.0438}}, {"type": "Feature", "geometry": {"type": "Polygon", "coordinates": [[[-95.04944, 29.79108], [-95.04912, 29.79085], [-95.05078, 29.78978], [-95.04485, 29.78799], [-95.03983, 29.78594], [-95.03931, 29.78664], [-95.03261, 29.787], [-95.03161, 29.78693], [-95.02366, 29.78562], [-95.00215, 29.78223], [-94.98721, 29.7798], [-94.9776, 29.77795], [-94.97486, 29.77743], [-94.9671, 29.77761], [-94.96411, 29.77831], [-94.96191, 29.7786], [-94.95629, 29.77957], [-94.94658, 29.7811], [-94.95959, 29.79716], [-94.95982, 29.7974], [-94.96207, 29.80802], [-94.96516, 29.80757], [-94.96525, 29.80805], [-94.96936, 29.80729], [-94.97857, 29.80528], [-94.98174, 29.80475], [-94.99759, 29.80228], [-95.00989, 29.80035], [-95.0119, 29.80017], [-95.01669, 29.8001], [-95.02507, 29.79984], [-95.02785, 29.79912], [-95.03188, 29.79762], [-95.04944, 29.79108]]]}, "properties": {"GEOID": "48201253202", "under5_pop": 293, "licensed_capacity": 0, "children_per_slot": null, "childcare_desert": 1, "pct_zero_car": 0.0162}}, {"type": "Feature", "geometry": {"type": "Polygon", "coordinates": [[[-95.50852, 29.66279], [-95.50843, 29.65602], [-95.50557, 29.65603], [-95.50565, 29.66308], [-95.50852, 29.66279]]]}, "properties": {"GEOID": "48201422405", "under5_pop": 122, "licensed_capacity": 110, "children_per_slot": 1.11, "childcare_desert": 0, "pct_zero_car": 0.4814}}, {"type": "Feature", "geometry": {"type": "Polygon", "coordinates": [[[-95.39442, 29.68901], [-95.40006, 29.68893], [-95.39998, 29.68527], [-95.39553, 29.68531], [-95.39547, 29.68719], [-95.39442, 29.68901]]]}, "properties": {"GEOID": "48201314004", "under5_pop": 0, "licensed_capacity": 0, "children_per_slot": null, "childcare_desert": 0, "pct_zero_car": 0.103}}, {"type": "Feature", "geometry": {"type": "Polygon", "coordinates": [[[-95.39987, 29.95382], [-95.39948, 29.9506], [-95.39318, 29.95065], [-95.38807, 29.95076], [-95.38626, 29.951], [-95.38648, 29.95178], [-95.38983, 29.95175], [-95.38986, 29.95296], [-95.39322, 29.95291], [-95.39324, 29.9539], [-95.39987, 29.95382]]]}, "properties": {"GEOID": "48201240505", "under5_pop": 180, "licensed_capacity": 343, "children_per_slot": 0.52, "childcare_desert": 0, "pct_zero_car": 0.0}}, {"type": "Feature", "geometry": {"type": "Polygon", "coordinates": [[[-95.55315, 30.13662], [-95.54684, 30.13666], [-95.54685, 30.13684], [-95.51717, 30.13693], [-95.51719, 30.13488], [-95.51804, 30.13394], [-95.51985, 30.13273], [-95.52053, 30.13177], [-95.52015, 30.12987], [-95.51901, 30.13006], [-95.51684, 30.12979], [-95.51319, 30.12787], [-95.51032, 30.12735], [-95.50594, 30.12714], [-95.50577, 30.12862], [-95.50584, 30.13071], [-95.50501, 30.13252], [-95.50492, 30.1333], [-95.50481, 30.13953], [-95.50489, 30.14079], [-95.50443, 30.14377], [-95.5047, 30.14513], [-95.50676, 30.14559], [-95.50691, 30.14622], [-95.50892, 30.14736], [-95.50969, 30.14847], [-95.51085, 30.14871], [-95.51255, 30.14957], [-95.51309, 30.15039], [-95.5146, 30.15119], [-95.5152, 30.15117], [-95.51616, 30.15269], [-95.51687, 30.15318], [-95.5172, 30.15419], [-95.51853, 30.1534], [-95.51857, 30.15218], [-95.52, 30.1529], [-95.51957, 30.1536], [-95.52074, 30.15404], [-95.52096, 30.15494], [-95.52222, 30.15497], [-95.52227, 30.15637], [-95.52321, 30.15706], [-95.52356, 30.15785], [-95.52303, 30.15837], [-95.52436, 30.15874], [-95.52393, 30.16141], [-95.52455, 30.16209], [-95.52498, 30.16335], [-95.52633, 30.16348], [-95.52806, 30.16495], [-95.52911, 30.16483], [-95.52953, 30.16582], [-95.53045, 30.16577], [-95.53163, 30.16459], [-95.53168, 30.16511], [-95.53407, 30.1666], [-95.5339, 30.16717], [-95.53509, 30.1675], [-95.53472, 30.16807], [-95.53605, 30.16845], [-95.53685, 30.16826], [-95.537, 30.16923], [-95.5376, 30.16925], [-95.5387, 30.16854], [-95.53951, 30.1694], [-95.5414, 30.17028], [-95.5436, 30.16706], [-95.54634, 30.16447], [-95.54713, 30.16335], [-95.54762, 30.16181], [-95.54819, 30.15874], [-95.54926, 30.15394], [-95.54985, 30.15048], [-95.54972, 30.14824], [-95.54987, 30.14667], [-95.55105, 30.14024], [-95.55169, 30.13892], [-95.55315, 30.13662]]]}, "properties": {"GEOID": "48201555305", "under5_pop": 1018, "licensed_capacity": 703, "children_per_slot": 1.45, "childcare_desert": 0, "pct_zero_car": 0.0113}}, {"type": "Feature", "geometry": {"type": "Polygon", "coordinates": [[[-95.56853, 29.65139], [-95.57136, 29.64873], [-95.55773, 29.64243], [-95.55586, 29.64236], [-95.55262, 29.64249], [-95.55279, 29.65279], [-95.55036, 29.65349], [-95.55393, 29.65646], [-95.55611, 29.65846], [-95.55812, 29.66105], [-95.56233, 29.6571], [-95.56421, 29.65546], [-95.56853, 29.65139]]]}, "properties": {"GEOID": "48201440101", "under5_pop": 267, "licensed_capacity": 56, "children_per_slot": 4.77, "childcare_desert": 1, "pct_zero_car": 0.3036}}, {"type": "Feature", "geometry": {"type": "Polygon", "coordinates": [[[-95.26802, 29.79181], [-95.26722, 29.79016], [-95.2647, 29.78393], [-95.26366, 29.78118], [-95.26342, 29.77959], [-95.26408, 29.77572], [-95.25506, 29.77425], [-95.25152, 29.7738], [-95.24755, 29.77376], [-95.2367, 29.77389], [-95.23524, 29.77372], [-95.22797, 29.77212], [-95.22838, 29.77309], [-95.22854, 29.77471], [-95.22888, 29.77509], [-95.22996, 29.77634], [-95.23185, 29.77713], [-95.23303, 29.77942], [-95.23361, 29.77972], [-95.23383, 29.78075], [-95.23557, 29.78222], [-95.23484, 29.78375], [-95.23587, 29.78388], [-95.23635, 29.785], [-95.23785, 29.78533], [-95.23817, 29.78604], [-95.23777, 29.7867], [-95.23803, 29.7876], [-95.23897, 29.78814], [-95.23946, 29.78902], [-95.23958, 29.79083], [-95.24053, 29.792], [-95.24276, 29.79354], [-95.24411, 29.79386], [-95.24528, 29.79495], [-95.24728, 29.79489], [-95.25768, 29.79283], [-95.2616, 29.7921], [-95.26802, 29.79181]]]}, "properties": {"GEOID": "48201232600", "under5_pop": 18, "licensed_capacity": 0, "children_per_slot": null, "childcare_desert": 1, "pct_zero_car": 0.0196}}, {"type": "Feature", "geometry": {"type": "Polygon", "coordinates": [[[-95.40966, 29.78332], [-95.41483, 29.78335], [-95.4189, 29.78369], [-95.43675, 29.78393], [-95.43117, 29.78057], [-95.42656, 29.77818], [-95.42494, 29.77747], [-95.41096, 29.77767], [-95.40961, 29.77766], [-95.40963, 29.7795], [-95.40917, 29.7815], [-95.40966, 29.78332]]]}, "properties": {"GEOID": "48201510901", "under5_pop": 868, "licensed_capacity": 80, "children_per_slot": 10.85, "childcare_desert": 1, "pct_zero_car": 0.0}}, {"type": "Feature", "geometry": {"type": "Polygon", "coordinates": [[[-95.35089, 29.69615], [-95.34488, 29.69428], [-95.34049, 29.69328], [-95.33877, 29.69278], [-95.34104, 29.68712], [-95.34094, 29.68571], [-95.33506, 29.68758], [-95.33211, 29.68891], [-95.32571, 29.69196], [-95.32666, 29.69547], [-95.32751, 29.69502], [-95.32952, 29.69553], [-95.33894, 29.69861], [-95.34045, 29.69923], [-95.34567, 29.70087], [-95.34855, 29.70177], [-95.35089, 29.69615]]]}, "properties": {"GEOID": "48201313400", "under5_pop": 135, "licensed_capacity": 161, "children_per_slot": 0.84, "childcare_desert": 0, "pct_zero_car": 0.1444}}, {"type": "Feature", "geometry": {"type": "Polygon", "coordinates": [[[-95.35089, 29.69615], [-95.35574, 29.68404], [-95.35595, 29.68322], [-95.35596, 29.68092], [-95.35276, 29.68178], [-95.3492, 29.68325], [-95.34094, 29.68571], [-95.34104, 29.68712], [-95.33877, 29.69278], [-95.34049, 29.69328], [-95.34488, 29.69428], [-95.35089, 29.69615]]]}, "properties": {"GEOID": "48201313500", "under5_pop": 44, "licensed_capacity": 168, "children_per_slot": 0.26, "childcare_desert": 0, "pct_zero_car": 0.1331}}, {"type": "Feature", "geometry": {"type": "Polygon", "coordinates": [[[-95.36581, 29.68311], [-95.36665, 29.68097], [-95.36054, 29.68055], [-95.35828, 29.68059], [-95.35596, 29.68092], [-95.35595, 29.68322], [-95.35574, 29.68404], [-95.35089, 29.69615], [-95.34855, 29.70177], [-95.3524, 29.70293], [-95.35415, 29.70266], [-95.35942, 29.70237], [-95.35931, 29.70049], [-95.35956, 29.69878], [-95.36312, 29.68997], [-95.36581, 29.68311]]]}, "properties": {"GEOID": "48201313600", "under5_pop": 619, "licensed_capacity": 12, "children_per_slot": 51.58, "childcare_desert": 1, "pct_zero_car": 0.2872}}, {"type": "Feature", "geometry": {"type": "Polygon", "coordinates": [[[-95.37628, 29.69806], [-95.36779, 29.69546], [-95.36838, 29.69401], [-95.36921, 29.69188], [-95.36312, 29.68997], [-95.35956, 29.69878], [-95.35931, 29.70049], [-95.35942, 29.70237], [-95.3613, 29.70227], [-95.37233, 29.70161], [-95.37521, 29.70186], [-95.37628, 29.69806]]]}, "properties": {"GEOID": "48201313700", "under5_pop": 251, "licensed_capacity": 86, "children_per_slot": 2.92, "childcare_desert": 0, "pct_zero_car": 0.1832}}, {"type": "Feature", "geometry": {"type": "Polygon", "coordinates": [[[-95.18667, 29.66507], [-95.18646, 29.65778], [-95.18604, 29.65676], [-95.18604, 29.65432], [-95.18581, 29.65321], [-95.18499, 29.65211], [-95.18341, 29.6508], [-95.18035, 29.65067], [-95.17716, 29.64959], [-95.17608, 29.64947], [-95.17136, 29.64952], [-95.17154, 29.65604], [-95.17197, 29.6578], [-95.17211, 29.66478], [-95.17223, 29.66532], [-95.18667, 29.66507]]]}, "properties": {"GEOID": "48201323701", "under5_pop": 325, "licensed_capacity": 202, "children_per_slot": 1.61, "childcare_desert": 0, "pct_zero_car": 0.0742}}, {"type": "Feature", "geometry": {"type": "Polygon", "coordinates": [[[-95.55738, 29.7045], [-95.55718, 29.69611], [-95.55715, 29.6921], [-95.55748, 29.68942], [-95.55608, 29.68922], [-95.55384, 29.6894], [-95.55218, 29.68992], [-95.5512, 29.69026], [-95.55212, 29.69341], [-95.5523, 29.70137], [-95.5515, 29.70377], [-95.55146, 29.70482], [-95.55738, 29.7045]]]}, "properties": {"GEOID": "48201433100", "under5_pop": 242, "licensed_capacity": 87, "children_per_slot": 2.78, "childcare_desert": 0, "pct_zero_car": 0.1805}}, {"type": "Feature", "geometry": {"type": "Polygon", "coordinates": [[[-95.21242, 29.99945], [-95.21239, 29.98185], [-95.19814, 29.98662], [-95.17801, 29.99333], [-95.16923, 29.99623], [-95.16573, 29.9973], [-95.16503, 29.99822], [-95.16777, 29.99823], [-95.18458, 29.99864], [-95.19332, 29.9988], [-95.19637, 29.99885], [-95.2105, 29.99947], [-95.21242, 29.99945]]]}, "properties": {"GEOID": "48201250500", "under5_pop": 329, "licensed_capacity": 222, "children_per_slot": 1.48, "childcare_desert": 0, "pct_zero_car": 0.0248}}, {"type": "Feature", "geometry": {"type": "Polygon", "coordinates": [[[-95.53606, 29.6454], [-95.53601, 29.64323], [-95.53692, 29.64223], [-95.53372, 29.63957], [-95.53121, 29.63731], [-95.5278, 29.63457], [-95.51832, 29.62659], [-95.50754, 29.63062], [-95.50811, 29.63265], [-95.50826, 29.63851], [-95.50829, 29.64423], [-95.51168, 29.64421], [-95.51402, 29.64367], [-95.5162, 29.64254], [-95.51867, 29.64188], [-95.52109, 29.64188], [-95.52377, 29.64155], [-95.52675, 29.64164], [-95.52911, 29.64247], [-95.53161, 29.64446], [-95.53332, 29.64521], [-95.53606, 29.6454]]]}, "properties": {"GEOID": "48201423600", "under5_pop": 273, "licensed_capacity": 105, "children_per_slot": 2.6, "childcare_desert": 0, "pct_zero_car": 0.0866}}, {"type": "Feature", "geometry": {"type": "Polygon", "coordinates": [[[-95.52049, 29.72907], [-95.52063, 29.72824], [-95.52048, 29.72247], [-95.52025, 29.72124], [-95.50104, 29.72279], [-95.50115, 29.7281], [-95.50119, 29.73166], [-95.50265, 29.73151], [-95.50766, 29.72963], [-95.50912, 29.72934], [-95.51406, 29.7293], [-95.51686, 29.72928], [-95.52049, 29.72907]]]}, "properties": {"GEOID": "48201432600", "under5_pop": 291, "licensed_capacity": 239, "children_per_slot": 1.22, "childcare_desert": 0, "pct_zero_car": 0.1114}}, {"type": "Feature", "geometry": {"type": "Polygon", "coordinates": [[[-95.34094, 29.68571], [-95.33911, 29.68116], [-95.33713, 29.67935], [-95.33661, 29.67845], [-95.33644, 29.67542], [-95.33641, 29.67387], [-95.33696, 29.67188], [-95.32859, 29.67206], [-95.32109, 29.67223], [-95.32051, 29.67206], [-95.31998, 29.67289], [-95.32146, 29.6778], [-95.32571, 29.69196], [-95.33211, 29.68891], [-95.33506, 29.68758], [-95.34094, 29.68571]]]}, "properties": {"GEOID": "48201332200", "under5_pop": 173, "licensed_capacity": 303, "children_per_slot": 0.57, "childcare_desert": 0, "pct_zero_car": 0.0488}}, {"type": "Feature", "geometry": {"type": "Polygon", "coordinates": [[[-95.33696, 29.67188], [-95.3373, 29.66998], [-95.3372, 29.66634], [-95.33713, 29.6639], [-95.33666, 29.66193], [-95.33651, 29.65862], [-95.33638, 29.65184], [-95.33728, 29.64801], [-95.33698, 29.64512], [-95.33653, 29.64549], [-95.33513, 29.64543], [-95.33381, 29.64641], [-95.33231, 29.64634], [-95.33132, 29.64669], [-95.32969, 29.64893], [-95.32852, 29.64967], [-95.32707, 29.64946], [-95.32496, 29.65043], [-95.32013, 29.65063], [-95.31894, 29.65117], [-95.31745, 29.65234], [-95.31659, 29.65416], [-95.31465, 29.655], [-95.31658, 29.66157], [-95.32855, 29.66136], [-95.32873, 29.66857], [-95.32859, 29.67206], [-95.33696, 29.67188]]]}, "properties": {"GEOID": "48201332400", "under5_pop": 132, "licensed_capacity": 99, "children_per_slot": 1.33, "childcare_desert": 0, "pct_zero_car": 0.0469}}, {"type": "Feature", "geometry": {"type": "Polygon", "coordinates": [[[-95.29032, 29.67354], [-95.29174, 29.67376], [-95.29457, 29.67365], [-95.29978, 29.67282], [-95.30134, 29.67223], [-95.30388, 29.67024], [-95.30667, 29.66868], [-95.30873, 29.66811], [-95.31449, 29.66683], [-95.31797, 29.66618], [-95.31658, 29.66157], [-95.31465, 29.655], [-95.31263, 29.65534], [-95.31135, 29.6572], [-95.30877, 29.65793], [-95.30786, 29.65935], [-95.30718, 29.66096], [-95.30427, 29.66355], [-95.30018, 29.66601], [-95.29839, 29.66719], [-95.29715, 29.66854], [-95.29726, 29.67122], [-95.29693, 29.67193], [-95.29544, 29.67264], [-95.29293, 29.67312], [-95.29128, 29.67284], [-95.29032, 29.67354]]]}, "properties": {"GEOID": "48201332500", "under5_pop": 0, "licensed_capacity": 12, "children_per_slot": 0, "childcare_desert": 0, "pct_zero_car": 0.0774}}, {"type": "Feature", "geometry": {"type": "Polygon", "coordinates": [[[-95.12218, 29.65028], [-95.12165, 29.64959], [-95.11897, 29.64706], [-95.11839, 29.64589], [-95.11184, 29.63839], [-95.10823, 29.63491], [-95.10583, 29.6325], [-95.10145, 29.62747], [-95.09863, 29.62467], [-95.09312, 29.62054], [-95.08812, 29.61606], [-95.08424, 29.61311], [-95.07599, 29.60684], [-95.06984, 29.60224], [-95.05556, 29.60817], [-95.0486, 29.61109], [-95.04595, 29.60631], [-95.04516, 29.60547], [-95.04377, 29.60472], [-95.04145, 29.60424], [-95.0378, 29.60369], [-95.03181, 29.60372], [-95.03292, 29.61038], [-95.03354, 29.61439], [-95.03425, 29.62276], [-95.03418, 29.6247], [-95.03309, 29.62784], [-95.03066, 29.63275], [-95.03001, 29.63445], [-95.02958, 29.63652], [-95.02951, 29.63819], [-95.02978, 29.64569], [-95.02988, 29.65233], [-95.02799, 29.65233], [-95.02808, 29.65082], [-95.02754, 29.65026], [-95.02624, 29.65045], [-95.0253, 29.65024], [-95.02454, 29.64908], [-95.0238, 29.64881], [-95.02321, 29.6476], [-95.02228, 29.64749], [-95.02047, 29.6456], [-95.01948, 29.64551], [-95.01884, 29.64595], [-95.01913, 29.65638], [-95.0192, 29.66286], [-95.01933, 29.66682], [-95.01943, 29.67325], [-95.01962, 29.68163], [-95.03662, 29.68674], [-95.03759, 29.68669], [-95.03887, 29.68584], [-95.03962, 29.6844], [-95.03944, 29.68114], [-95.03917, 29.66514], [-95.03874, 29.65179], [-95.04674, 29.65162], [-95.05842, 29.65146], [-95.06277, 29.65181], [-95.07331, 29.65162], [-95.08333, 29.65142], [-95.08641, 29.65112], [-95.08956, 29.65082], [-95.10438, 29.65055], [-95.12218, 29.65028]]]}, "properties": {"GEOID": "48201343700", "under5_pop": 189, "licensed_capacity": 173, "children_per_slot": 1.09, "childcare_desert": 0, "pct_zero_car": 0.042}}, {"type": "Feature", "geometry": {"type": "Polygon", "coordinates": [[[-95.22302, 29.61218], [-95.22142, 29.60985], [-95.21804, 29.607], [-95.21735, 29.60622], [-95.21647, 29.60453], [-95.21599, 29.60104], [-95.2134, 29.60156], [-95.21163, 29.60226], [-95.20955, 29.60344], [-95.20555, 29.60635], [-95.21145, 29.61163], [-95.21612, 29.61599], [-95.21924, 29.61357], [-95.22302, 29.61218]]]}, "properties": {"GEOID": "48201334002", "under5_pop": 179, "licensed_capacity": 0, "children_per_slot": null, "childcare_desert": 1, "pct_zero_car": 0.0129}}, {"type": "Feature", "geometry": {"type": "Polygon", "coordinates": [[[-95.46467, 29.94953], [-95.4646, 29.94594], [-95.46639, 29.94582], [-95.46276, 29.94111], [-95.46, 29.93752], [-95.4549, 29.93755], [-95.45501, 29.94659], [-95.45455, 29.94945], [-95.45684, 29.94963], [-95.46467, 29.94953]]]}, "properties": {"GEOID": "48201550602", "under5_pop": 148, "licensed_capacity": 188, "children_per_slot": 0.79, "childcare_desert": 0, "pct_zero_car": 0.0324}}, {"type": "Feature", "geometry": {"type": "Polygon", "coordinates": [[[-95.63122, 29.96129], [-95.63092, 29.95861], [-95.63082, 29.94741], [-95.629, 29.94743], [-95.62071, 29.94749], [-95.61456, 29.9475], [-95.61342, 29.94776], [-95.61162, 29.94873], [-95.60902, 29.95108], [-95.60783, 29.95183], [-95.60617, 29.95229], [-95.60484, 29.95234], [-95.6044, 29.95449], [-95.60357, 29.956], [-95.60314, 29.95753], [-95.60323, 29.95927], [-95.60471, 29.96284], [-95.60527, 29.96381], [-95.60697, 29.96593], [-95.60788, 29.96428], [-95.60924, 29.96351], [-95.61051, 29.96213], [-95.6113, 29.96198], [-95.61208, 29.96242], [-95.61267, 29.96211], [-95.61344, 29.9599], [-95.61513, 29.95934], [-95.61578, 29.95941], [-95.61711, 29.96149], [-95.61733, 29.96286], [-95.61916, 29.96319], [-95.6205, 29.96441], [-95.62153, 29.96431], [-95.62401, 29.96549], [-95.625, 29.96651], [-95.62696, 29.9668], [-95.62912, 29.9662], [-95.62965, 29.96452], [-95.62878, 29.96269], [-95.6289, 29.96239], [-95.63122, 29.96129]]]}, "properties": {"GEOID": "48201552301", "under5_pop": 313, "licensed_capacity": 105, "children_per_slot": 2.98, "childcare_desert": 0, "pct_zero_car": 0.0126}}, {"type": "Feature", "geometry": {"type": "Polygon", "coordinates": [[[-95.61464, 29.70351], [-95.61454, 29.69259], [-95.61433, 29.68851], [-95.61128, 29.68882], [-95.60426, 29.68894], [-95.60442, 29.69777], [-95.60445, 29.70349], [-95.60983, 29.70343], [-95.61464, 29.70351]]]}, "properties": {"GEOID": "48201452801", "under5_pop": 241, "licensed_capacity": 33, "children_per_slot": 7.3, "childcare_desert": 1, "pct_zero_car": 0.0246}}, {"type": "Feature", "geometry": {"type": "Polygon", "coordinates": [[[-95.76317, 30.08693], [-95.76401, 30.08718], [-95.76484, 30.08842], [-95.76605, 30.08859], [-95.76842, 30.08848], [-95.76903, 30.08753], [-95.77111, 30.0875], [-95.77192, 30.0895], [-95.77246, 30.09016], [-95.77448, 30.09119], [-95.77543, 30.09104], [-95.77693, 30.09032], [-95.77738, 30.08965], [-95.77836, 30.08965], [-95.78154, 30.09042], [-95.78271, 30.09093], [-95.78311, 30.09235], [-95.78452, 30.09294], [-95.78587, 30.09401], [-95.78702, 30.09427], [-95.78837, 30.09403], [-95.78924, 30.09459], [-95.78914, 30.09353], [-95.78851, 30.0922], [-95.78984, 30.0921], [-95.79121, 30.09151], [-95.79388, 30.09156], [-95.79562, 30.09068], [-95.79678, 30.09073], [-95.79817, 30.09021], [-95.79961, 30.09017], [-95.80028, 30.09129], [-95.80138, 30.09128], [-95.80263, 30.09035], [-95.80456, 30.08978], [-95.80564, 30.0898], [-95.80914, 30.08844], [-95.80962, 30.08784], [-95.80909, 30.08697], [-95.80914, 30.08585], [-95.8096, 30.08531], [-95.81152, 30.08496], [-95.81228, 30.08432], [-95.8144, 30.08469], [-95.81578, 30.08532], [-95.81625, 30.08491], [-95.81647, 30.08262], [-95.81704, 30.08178], [-95.81818, 30.08219], [-95.81927, 30.08309], [-95.82036, 30.08301], [-95.82202, 30.08221], [-95.82435, 30.08244], [-95.82802, 30.08201], [-95.82849, 30.08173], [-95.83004, 30.08303], [-95.8301, 30.08394], [-95.83086, 30.08438], [-95.83194, 30.08435], [-95.83264, 30.08495], [-95.83383, 30.08491], [-95.83465, 30.08418], [-95.83742, 30.08325], [-95.83862, 30.08309], [-95.83916, 30.08357], [-95.83914, 30.08451], [-95.8423, 30.08613], [-95.8439, 30.08719], [-95.84474, 30.08891], [-95.84376, 30.0914], [-95.84299, 30.09262], [-95.84275, 30.09483], [-95.84391, 30.09657], [-95.84503, 30.09672], [-95.8461, 30.09747], [-95.84594, 30.0979], [-95.84632, 30.10005], [-95.84665, 30.1005], [-95.84868, 30.10015], [-95.85009, 30.10088], [-95.85057, 30.10209], [-95.85445, 30.10168], [-95.85628, 30.10205], [-95.8569, 30.1018], [-95.85719, 30.10422], [-95.8577, 30.1046], [-95.86002, 30.10527], [-95.86193, 30.10561], [-95.86312, 30.10697], [-95.86342, 30.11023], [-95.86246, 30.1107], [-95.86255, 30.11145], [-95.86343, 30.11253], [-95.86542, 30.11429], [-95.86697, 30.11471], [-95.86851, 30.11567], [-95.8682, 30.11608], [-95.86828, 30.11741], [-95.87018, 30.11798], [-95.87232, 30.11795], [-95.87279, 30.11855], [-95.87269, 30.11953], [-95.87221, 30.11963], [-95.87216, 30.12059], [-95.87405, 30.12222], [-95.87572, 30.12089], [-95.87873, 30.12036], [-95.87958, 30.12089], [-95.8797, 30.12178], [-95.88069, 30.12318], [-95.88145, 30.12311], [-95.88177, 30.1219], [-95.88258, 30.12096], [-95.88312, 30.11977], [-95.88515, 30.11978], [-95.88656, 30.12091], [-95.88779, 30.11991], [-95.88837, 30.12023], [-95.88982, 30.12024], [-95.88937, 30.11917], [-95.8908, 30.11902], [-95.89226, 30.12016], [-95.89379, 30.12022], [-95.89488, 30.12085], [-95.89493, 30.12167], [-95.89554, 30.12226], [-95.897, 30.12269], [-95.89788, 30.12214], [-95.89846, 30.12092], [-95.89941, 30.12122], [-95.89933, 30.12253], [-95.90231, 30.12321], [-95.90247, 30.12469], [-95.90479, 30.12608], [-95.90475, 30.12689], [-95.90536, 30.12751], [-95.90714, 30.12682], [-95.90924, 30.1275], [-95.91013, 30.12808], [-95.91108, 30.12811], [-95.91106, 30.12953], [-95.91161, 30.12979], [-95.91273, 30.13114], [-95.9151, 30.13113], [-95.91551, 30.13093], [-95.9174, 30.13275], [-95.91728, 30.13358], [-95.91883, 30.13419], [-95.919, 30.13539], [-95.92017, 30.13526], [-95.92132, 30.13586], [-95.92198, 30.13667], [-95.92177, 30.13874], [-95.92356, 30.13864], [-95.92455, 30.13965], [-95.92402, 30.14116], [-95.92442, 30.14242], [-95.9266, 30.14156], [-95.92906, 30.14417], [-95.93148, 30.14446], [-95.93229, 30.14327], [-95.93465, 30.14475], [-95.93561, 30.1441], [-95.93773, 30.14529], [-95.93845, 30.14453], [-95.93973, 30.14394], [-95.94086, 30.14433], [-95.94056, 30.1457], [-95.94107, 30.1458], [-95.94259, 30.14706], [-95.9445, 30.14817], [-95.94548, 30.1492], [-95.94519, 30.15049], [-95.94581, 30.15113], [-95.94583, 30.15196], [-95.9471, 30.15314], [-95.94671, 30.15377], [-95.94828, 30.15521], [-95.94969, 30.15548], [-95.94988, 30.15611], [-95.95073, 30.15599], [-95.95184, 30.15639], [-95.95286, 30.15748], [-95.95279, 30.15824], [-95.95364, 30.15801], [-95.9544, 30.15855], [-95.95457, 30.15965], [-95.95557, 30.16046], [-95.95582, 30.16126], [-95.95708, 30.16199], [-95.95797, 30.16212], [-95.95911, 30.16324], [-95.96073, 30.16341], [-95.95738, 30.15372], [-95.95412, 30.14467], [-95.94709, 30.12493], [-95.93656, 30.09582], [-95.92831, 30.07346], [-95.92656, 30.06868], [-95.92472, 30.06873], [-95.92478, 30.06636], [-95.92511, 30.06635], [-95.92508, 30.06391], [-95.9215, 30.06403], [-95.92142, 30.05535], [-95.91794, 30.05451], [-95.90859, 30.05095], [-95.88222, 30.04109], [-95.85857, 30.03218], [-95.8517, 30.02957], [-95.83019, 30.02155], [-95.8262, 30.02033], [-95.82234, 30.0188], [-95.81523, 30.01628], [-95.80677, 30.01294], [-95.79953, 30.01014], [-95.79295, 30.00776], [-95.78675, 30.0054], [-95.78195, 30.00373], [-95.78235, 30.02745], [-95.78158, 30.02765], [-95.78143, 30.02792], [-95.78157, 30.037], [-95.77706, 30.03707], [-95.77017, 30.03716], [-95.77029, 30.05359], [-95.77069, 30.05936], [-95.77061, 30.06269], [-95.77078, 30.06284], [-95.78147, 30.06269], [-95.78154, 30.06688], [-95.78102, 30.06821], [-95.77627, 30.07032], [-95.76419, 30.07426], [-95.763, 30.07478], [-95.76317, 30.08693]]]}, "properties": {"GEOID": "48201556000", "under5_pop": 1170, "licensed_capacity": 36, "children_per_slot": 32.5, "childcare_desert": 1, "pct_zero_car": 0.0422}}, {"type": "Feature", "geometry": {"type": "Polygon", "coordinates": [[[-95.24192, 30.04976], [-95.24971, 30.04362], [-95.25449, 30.03991], [-95.26385, 30.03236], [-95.26313, 30.03211], [-95.2622, 30.03106], [-95.26168, 30.02988], [-95.26125, 30.02791], [-95.25899, 30.02662], [-95.25446, 30.02647], [-95.25307, 30.02618], [-95.2499, 30.02628], [-95.24529, 30.02622], [-95.24222, 30.02415], [-95.23932, 30.02202], [-95.23606, 30.02017], [-95.23139, 30.01875], [-95.22761, 30.01911], [-95.22618, 30.01956], [-95.22277, 30.02267], [-95.21966, 30.02393], [-95.21776, 30.02433], [-95.21273, 30.02399], [-95.21179, 30.02404], [-95.21199, 30.02556], [-95.21338, 30.02796], [-95.21711, 30.03375], [-95.21788, 30.03538], [-95.21896, 30.03917], [-95.21881, 30.04176], [-95.21777, 30.0455], [-95.21621, 30.04894], [-95.21953, 30.05023], [-95.22311, 30.0509], [-95.22664, 30.05107], [-95.22862, 30.05096], [-95.23133, 30.04988], [-95.23296, 30.04946], [-95.23914, 30.04931], [-95.24192, 30.04976]]]}, "properties": {"GEOID": "48201251100", "under5_pop": 831, "licensed_capacity": 696, "children_per_slot": 1.19, "childcare_desert": 0, "pct_zero_car": 0.0262}}, {"type": "Feature", "geometry": {"type": "Polygon", "coordinates": [[[-95.24192, 30.04976], [-95.23914, 30.04931], [-95.23296, 30.04946], [-95.23133, 30.04988], [-95.22862, 30.05096], [-95.22664, 30.05107], [-95.22311, 30.0509], [-95.21953, 30.05023], [-95.21621, 30.04894], [-95.21394, 30.05347], [-95.21293, 30.05595], [-95.21233, 30.05791], [-95.21155, 30.06226], [-95.21135, 30.06847], [-95.21906, 30.06848], [-95.21971, 30.06782], [-95.22704, 30.06195], [-95.23289, 30.057], [-95.23386, 30.05635], [-95.23963, 30.05154], [-95.24192, 30.04976]]]}, "properties": {"GEOID": "48201251200", "under5_pop": 269, "licensed_capacity": 77, "children_per_slot": 3.49, "childcare_desert": 1, "pct_zero_car": 0.0208}}, {"type": "Feature", "geometry": {"type": "Polygon", "coordinates": [[[-95.26658, 29.61183], [-95.26654, 29.60464], [-95.26632, 29.60163], [-95.26633, 29.60027], [-95.25296, 29.60046], [-95.24781, 29.60061], [-95.2476, 29.60082], [-95.24843, 29.60298], [-95.24936, 29.60411], [-95.24994, 29.60578], [-95.24998, 29.60861], [-95.24982, 29.611], [-95.26054, 29.61089], [-95.26395, 29.6117], [-95.26658, 29.61183]]]}, "properties": {"GEOID": "48201333906", "under5_pop": 162, "licensed_capacity": 80, "children_per_slot": 2.02, "childcare_desert": 0, "pct_zero_car": 0.0}}, {"type": "Feature", "geometry": {"type": "Polygon", "coordinates": [[[-95.76885, 29.99876], [-95.76866, 29.99506], [-95.76873, 29.99298], [-95.76905, 29.9909], [-95.76937, 29.98617], [-95.76948, 29.97763], [-95.7696, 29.95201], [-95.76957, 29.94806], [-95.76944, 29.94691], [-95.7686, 29.94458], [-95.76795, 29.94342], [-95.76537, 29.93956], [-95.76397, 29.93644], [-95.7634, 29.93341], [-95.76247, 29.92643], [-95.76214, 29.92345], [-95.76188, 29.91896], [-95.74654, 29.919], [-95.74149, 29.91907], [-95.74114, 29.91872], [-95.74109, 29.91201], [-95.73237, 29.9121], [-95.7294, 29.90927], [-95.72631, 29.90838], [-95.72627, 29.91121], [-95.72644, 29.91185], [-95.7277, 29.91391], [-95.72832, 29.91612], [-95.72842, 29.92636], [-95.72847, 29.93237], [-95.72837, 29.93408], [-95.72783, 29.93536], [-95.72599, 29.93732], [-95.72683, 29.93814], [-95.72821, 29.93894], [-95.73025, 29.93948], [-95.73015, 29.94062], [-95.72954, 29.94214], [-95.73, 29.94381], [-95.73, 29.94641], [-95.72757, 29.94719], [-95.72568, 29.94762], [-95.72024, 29.94775], [-95.71952, 29.94996], [-95.71832, 29.95214], [-95.71808, 29.95355], [-95.71836, 29.95526], [-95.71916, 29.95637], [-95.71793, 29.95669], [-95.71775, 29.95919], [-95.72014, 29.96071], [-95.72045, 29.97941], [-95.72014, 29.98029], [-95.74115, 29.98831], [-95.74921, 29.99139], [-95.7544, 29.99325], [-95.76049, 29.9956], [-95.76885, 29.99876]]]}, "properties": {"GEOID": "48201543004", "under5_pop": 1187, "licensed_capacity": 630, "children_per_slot": 1.88, "childcare_desert": 0, "pct_zero_car": 0.0103}}, {"type": "Feature", "geometry": {"type": "Polygon", "coordinates": [[[-95.50117, 29.66675], [-95.50107, 29.65726], [-95.5009, 29.65668], [-95.49892, 29.65712], [-95.49205, 29.65719], [-95.49222, 29.66635], [-95.49818, 29.66631], [-95.49873, 29.66677], [-95.50117, 29.66675]]]}, "properties": {"GEOID": "48201422403", "under5_pop": 218, "licensed_capacity": 97, "children_per_slot": 2.25, "childcare_desert": 0, "pct_zero_car": 0.1308}}, {"type": "Feature", "geometry": {"type": "Polygon", "coordinates": [[[-95.42558, 29.59923], [-95.42751, 29.59447], [-95.42826, 29.59175], [-95.42969, 29.58803], [-95.43068, 29.5858], [-95.43096, 29.5838], [-95.4242, 29.58068], [-95.41866, 29.5826], [-95.41711, 29.58328], [-95.41627, 29.58289], [-95.41478, 29.58278], [-95.41309, 29.5833], [-95.40985, 29.5827], [-95.40835, 29.58287], [-95.40733, 29.58241], [-95.40536, 29.58234], [-95.40464, 29.58191], [-95.39906, 29.58198], [-95.39604, 29.58271], [-95.39281, 29.58166], [-95.39115, 29.58296], [-95.38998, 29.58446], [-95.38815, 29.58567], [-95.38571, 29.58556], [-95.38398, 29.58692], [-95.38287, 29.58679], [-95.3809, 29.58702], [-95.3783, 29.58789], [-95.37711, 29.58779], [-95.37606, 29.58837], [-95.37541, 29.58828], [-95.37193, 29.58682], [-95.37066, 29.58589], [-95.36822, 29.58471], [-95.36736, 29.58483], [-95.36439, 29.58594], [-95.36303, 29.58569], [-95.36049, 29.58488], [-95.35881, 29.58542], [-95.35622, 29.58698], [-95.35514, 29.58674], [-95.35255, 29.58535], [-95.35191, 29.58546], [-95.3521, 29.59385], [-95.35224, 29.59533], [-95.35293, 29.59796], [-95.35506, 29.60456], [-95.35543, 29.60658], [-95.35543, 29.61219], [-95.38023, 29.6123], [-95.38024, 29.61411], [-95.3872, 29.61403], [-95.38684, 29.59929], [-95.38788, 29.5995], [-95.39242, 29.59947], [-95.41509, 29.59919], [-95.42502, 29.5991], [-95.42558, 29.59923]]]}, "properties": {"GEOID": "48201330802", "under5_pop": 413, "licensed_capacity": 115, "children_per_slot": 3.59, "childcare_desert": 1, "pct_zero_car": 0.0531}}, {"type": "Feature", "geometry": {"type": "Polygon", "coordinates": [[[-95.85685, 29.87458], [-95.8514, 29.85981], [-95.84629, 29.84532], [-95.84109, 29.83114], [-95.83472, 29.83114], [-95.81523, 29.83127], [-95.80683, 29.83136], [-95.8067, 29.83112], [-95.80672, 29.81686], [-95.80912, 29.81685], [-95.80907, 29.81456], [-95.809, 29.80165], [-95.80184, 29.80172], [-95.77564, 29.80193], [-95.77383, 29.81144], [-95.77341, 29.81293], [-95.77251, 29.81507], [-95.77143, 29.81693], [-95.766, 29.82423], [-95.75956, 29.83366], [-95.76018, 29.8346], [-95.75962, 29.83489], [-95.75916, 29.83623], [-95.76002, 29.83738], [-95.75892, 29.83869], [-95.7622, 29.84074], [-95.76294, 29.84154], [-95.76235, 29.84251], [-95.76269, 29.84318], [-95.7637, 29.84295], [-95.7657, 29.84483], [-95.76663, 29.84467], [-95.76949, 29.84654], [-95.76972, 29.84757], [-95.77053, 29.8475], [-95.7706, 29.84839], [-95.77132, 29.8489], [-95.77082, 29.85004], [-95.77292, 29.85117], [-95.77365, 29.85121], [-95.77383, 29.87515], [-95.80724, 29.87492], [-95.84062, 29.87467], [-95.85685, 29.87458]]]}, "properties": {"GEOID": "48201542902", "under5_pop": 4035, "licensed_capacity": 1251, "children_per_slot": 3.23, "childcare_desert": 1, "pct_zero_car": 0.0262}}, {"type": "Feature", "geometry": {"type": "Polygon", "coordinates": [[[-95.50864, 29.67617], [-95.50858, 29.67087], [-95.50246, 29.67094], [-95.5025, 29.67341], [-95.49714, 29.67347], [-95.49713, 29.67266], [-95.49263, 29.6727], [-95.49365, 29.67518], [-95.4936, 29.67712], [-95.49319, 29.67817], [-95.49484, 29.67851], [-95.49631, 29.67846], [-95.50285, 29.67737], [-95.50592, 29.67632], [-95.50864, 29.67617]]]}, "properties": {"GEOID": "48201422501", "under5_pop": 155, "licensed_capacity": 0, "children_per_slot": null, "childcare_desert": 1, "pct_zero_car": 0.1368}}, {"type": "Feature", "geometry": {"type": "Polygon", "coordinates": [[[-95.42205, 29.64047], [-95.42173, 29.62828], [-95.42163, 29.62799], [-95.4169, 29.62804], [-95.41398, 29.62769], [-95.40898, 29.64027], [-95.41029, 29.64059], [-95.42205, 29.64047]]]}, "properties": {"GEOID": "48201330102", "under5_pop": 44, "licensed_capacity": 0, "children_per_slot": null, "childcare_desert": 1, "pct_zero_car": 0.0}}, {"type": "Feature", "geometry": {"type": "Polygon", "coordinates": [[[-95.39931, 29.73869], [-95.39926, 29.73523], [-95.39948, 29.73442], [-95.38885, 29.73451], [-95.38888, 29.73879], [-95.39931, 29.73869]]]}, "properties": {"GEOID": "48201410705", "under5_pop": 8, "licensed_capacity": 0, "children_per_slot": null, "childcare_desert": 1, "pct_zero_car": 0.1148}}, {"type": "Feature", "geometry": {"type": "Polygon", "coordinates": [[[-95.71883, 29.77219], [-95.7188, 29.77049], [-95.7184, 29.76895], [-95.71611, 29.76525], [-95.71579, 29.7634], [-95.71611, 29.76177], [-95.71772, 29.7595], [-95.71342, 29.75616], [-95.71287, 29.75585], [-95.70914, 29.75528], [-95.70624, 29.75443], [-95.70476, 29.75344], [-95.70365, 29.7521], [-95.70299, 29.75055], [-95.70275, 29.74714], [-95.70059, 29.74517], [-95.6998, 29.74398], [-95.6981, 29.74424], [-95.69676, 29.74393], [-95.69574, 29.74569], [-95.69217, 29.74923], [-95.69215, 29.75085], [-95.69082, 29.75164], [-95.6896, 29.753], [-95.68825, 29.75389], [-95.68534, 29.75421], [-95.685, 29.75526], [-95.68535, 29.7572], [-95.68542, 29.75959], [-95.68551, 29.77485], [-95.68545, 29.7756], [-95.68361, 29.77755], [-95.68253, 29.78128], [-95.68555, 29.78127], [-95.68555, 29.78272], [-95.68827, 29.7827], [-95.68825, 29.77742], [-95.68811, 29.77662], [-95.69095, 29.77636], [-95.69321, 29.77596], [-95.69695, 29.77591], [-95.70055, 29.77536], [-95.70187, 29.77535], [-95.70179, 29.76642], [-95.71215, 29.76637], [-95.71426, 29.76839], [-95.71309, 29.76953], [-95.71569, 29.77133], [-95.71627, 29.77227], [-95.71883, 29.77219]]]}, "properties": {"GEOID": "48201454504", "under5_pop": 197, "licensed_capacity": 384, "children_per_slot": 0.51, "childcare_desert": 0, "pct_zero_car": 0.0}}, {"type": "Feature", "geometry": {"type": "Polygon", "coordinates": [[[-95.27501, 29.66559], [-95.27494, 29.66297], [-95.27171, 29.66299], [-95.27242, 29.66146], [-95.27231, 29.65798], [-95.2696, 29.65806], [-95.26763, 29.65786], [-95.266, 29.65715], [-95.26397, 29.65561], [-95.26118, 29.65331], [-95.25949, 29.65242], [-95.25811, 29.65213], [-95.25337, 29.65218], [-95.25159, 29.6525], [-95.25837, 29.66278], [-95.261, 29.66687], [-95.26248, 29.66913], [-95.26319, 29.66792], [-95.26315, 29.66545], [-95.2698, 29.66532], [-95.27203, 29.66563], [-95.27501, 29.66559]]]}, "properties": {"GEOID": "48201333203", "under5_pop": 65, "licensed_capacity": 0, "children_per_slot": null, "childcare_desert": 1, "pct_zero_car": 0.1227}}, {"type": "Feature", "geometry": {"type": "Polygon", "coordinates": [[[-94.96525, 29.80805], [-94.96516, 29.80757], [-94.96207, 29.80802], [-94.95982, 29.7974], [-94.95959, 29.79716], [-94.94658, 29.7811], [-94.9421, 29.77556], [-94.94084, 29.77149], [-94.93948, 29.76579], [-94.92969, 29.76732], [-94.92623, 29.76702], [-94.92002, 29.7681], [-94.91863, 29.76817], [-94.91662, 29.77027], [-94.91723, 29.77107], [-94.91963, 29.77129], [-94.9199, 29.77245], [-94.91915, 29.77289], [-94.91769, 29.77193], [-94.91652, 29.77229], [-94.91631, 29.77366], [-94.91724, 29.77491], [-94.91798, 29.77519], [-94.92007, 29.77536], [-94.92034, 29.77623], [-94.91977, 29.77715], [-94.92006, 29.77953], [-94.91974, 29.78016], [-94.92003, 29.781], [-94.92102, 29.78127], [-94.92137, 29.78207], [-94.9206, 29.7828], [-94.91837, 29.78355], [-94.91806, 29.78439], [-94.9182, 29.78564], [-94.91711, 29.78622], [-94.91702, 29.78677], [-94.9182, 29.78689], [-94.91861, 29.78754], [-94.91783, 29.78821], [-94.91783, 29.78904], [-94.91856, 29.78972], [-94.91963, 29.79146], [-94.92112, 29.79193], [-94.92129, 29.79253], [-94.92044, 29.79272], [-94.91944, 29.79366], [-94.91926, 29.7944], [-94.91988, 29.79467], [-94.92056, 29.79418], [-94.92384, 29.79472], [-94.9242, 29.79518], [-94.92381, 29.7964], [-94.9225, 29.79664], [-94.9223, 29.79756], [-94.92318, 29.79787], [-94.92327, 29.79847], [-94.92216, 29.8], [-94.9221, 29.80049], [-94.92294, 29.80161], [-94.92244, 29.80301], [-94.92158, 29.80312], [-94.91941, 29.80276], [-94.9186, 29.80319], [-94.91688, 29.8033], [-94.91718, 29.80495], [-94.91597, 29.80563], [-94.91617, 29.80645], [-94.91508, 29.80691], [-94.91448, 29.8076], [-94.91255, 29.80857], [-94.91244, 29.80903], [-94.91363, 29.81048], [-94.91197, 29.81096], [-94.91287, 29.81177], [-94.91325, 29.81292], [-94.91175, 29.81405], [-94.91165, 29.81221], [-94.91039, 29.81212], [-94.91091, 29.8135], [-94.91072, 29.81402], [-94.90922, 29.81363], [-94.90854, 29.81513], [-94.9096, 29.81502], [-94.91073, 29.81585], [-94.91008, 29.81646], [-94.91071, 29.81702], [-94.91113, 29.81817], [-94.91044, 29.81841], [-94.91068, 29.81945], [-94.90998, 29.81953], [-94.90982, 29.82122], [-94.91783, 29.82137], [-94.92023, 29.82083], [-94.92416, 29.81904], [-94.93743, 29.81314], [-94.93981, 29.81216], [-94.94288, 29.81142], [-94.96525, 29.80805]]]}, "properties": {"GEOID": "48201253201", "under5_pop": 247, "licensed_capacity": 12, "children_per_slot": 20.58, "childcare_desert": 1, "pct_zero_car": 0.0}}, {"type": "Feature", "geometry": {"type": "Polygon", "coordinates": [[[-95.53675, 29.67039], [-95.5366, 29.66602], [-95.53415, 29.66601], [-95.52922, 29.66497], [-95.5281, 29.66497], [-95.5282, 29.67272], [-95.52979, 29.67336], [-95.53163, 29.67316], [-95.53506, 29.67184], [-95.53675, 29.67039]]]}, "properties": {"GEOID": "48201423204", "under5_pop": 352, "licensed_capacity": 0, "children_per_slot": null, "childcare_desert": 1, "pct_zero_car": 0.1595}}, {"type": "Feature", "geometry": {"type": "Polygon", "coordinates": [[[-95.53798, 29.705], [-95.5379, 29.6989], [-95.53753, 29.69522], [-95.53678, 29.69335], [-95.5352, 29.69114], [-95.5328, 29.68926], [-95.53075, 29.68806], [-95.52867, 29.69071], [-95.52717, 29.6921], [-95.52444, 29.69458], [-95.51786, 29.70038], [-95.51996, 29.70215], [-95.52089, 29.7034], [-95.5213, 29.70514], [-95.53615, 29.70502], [-95.53798, 29.705]]]}, "properties": {"GEOID": "48201433300", "under5_pop": 248, "licensed_capacity": 12, "children_per_slot": 20.67, "childcare_desert": 1, "pct_zero_car": 0.0514}}, {"type": "Feature", "geometry": {"type": "Polygon", "coordinates": [[[-95.50888, 29.77757], [-95.50886, 29.76973], [-95.50878, 29.76257], [-95.50648, 29.76259], [-95.50646, 29.76112], [-95.50683, 29.75784], [-95.50657, 29.75634], [-95.50668, 29.75491], [-95.50473, 29.75422], [-95.50462, 29.75293], [-95.50111, 29.75297], [-95.50114, 29.75416], [-95.5011, 29.75569], [-95.50066, 29.75823], [-95.50086, 29.76038], [-95.50011, 29.76012], [-95.499, 29.76078], [-95.4983, 29.76211], [-95.49724, 29.76156], [-95.49612, 29.76219], [-95.49579, 29.7634], [-95.49514, 29.76391], [-95.49485, 29.76489], [-95.49408, 29.7651], [-95.49284, 29.76472], [-95.49228, 29.76418], [-95.49234, 29.76324], [-95.49154, 29.76302], [-95.49094, 29.76346], [-95.49097, 29.76436], [-95.49235, 29.76518], [-95.49124, 29.7656], [-95.48963, 29.76485], [-95.48979, 29.7658], [-95.49097, 29.76649], [-95.49073, 29.7668], [-95.48904, 29.76659], [-95.48816, 29.76695], [-95.48724, 29.76819], [-95.48823, 29.76932], [-95.48704, 29.76962], [-95.48698, 29.76962], [-95.48705, 29.77742], [-95.48826, 29.77708], [-95.48822, 29.78352], [-95.48825, 29.78434], [-95.49441, 29.78431], [-95.50185, 29.78466], [-95.50186, 29.78307], [-95.50617, 29.7821], [-95.50582, 29.78124], [-95.50577, 29.77762], [-95.50888, 29.77757]]]}, "properties": {"GEOID": "48201430300", "under5_pop": 219, "licensed_capacity": 0, "children_per_slot": null, "childcare_desert": 1, "pct_zero_car": 0.0}}, {"type": "Feature", "geometry": {"type": "Polygon", "coordinates": [[[-95.52841, 29.74607], [-95.52851, 29.74486], [-95.52661, 29.74294], [-95.52312, 29.74297], [-95.5229, 29.74212], [-95.52178, 29.74206], [-95.52072, 29.74219], [-95.51977, 29.74325], [-95.51892, 29.74333], [-95.51786, 29.74287], [-95.51716, 29.74395], [-95.51645, 29.74331], [-95.51463, 29.74486], [-95.51397, 29.74487], [-95.51298, 29.74376], [-95.51235, 29.74385], [-95.51204, 29.74545], [-95.51021, 29.74572], [-95.50905, 29.7463], [-95.50784, 29.74609], [-95.50671, 29.74723], [-95.50697, 29.74779], [-95.50843, 29.74831], [-95.50758, 29.74875], [-95.50634, 29.74839], [-95.50528, 29.7502], [-95.50513, 29.75152], [-95.50462, 29.75293], [-95.50473, 29.75422], [-95.50668, 29.75491], [-95.50657, 29.75634], [-95.50683, 29.75784], [-95.50646, 29.76112], [-95.50648, 29.76259], [-95.50878, 29.76257], [-95.50886, 29.76973], [-95.50888, 29.77757], [-95.51757, 29.77753], [-95.51766, 29.77334], [-95.52244, 29.77333], [-95.52222, 29.76449], [-95.52225, 29.76312], [-95.5228, 29.75477], [-95.52274, 29.75108], [-95.52592, 29.75113], [-95.52571, 29.74819], [-95.52616, 29.74676], [-95.52795, 29.74645], [-95.52841, 29.74607]]]}, "properties": {"GEOID": "48201430400", "under5_pop": 47, "licensed_capacity": 382, "children_per_slot": 0.12, "childcare_desert": 0, "pct_zero_car": 0.0049}}, {"type": "Feature", "geometry": {"type": "Polygon", "coordinates": [[[-95.12671, 29.56171], [-95.12034, 29.55487], [-95.11816, 29.5567], [-95.11572, 29.56101], [-95.11435, 29.56354], [-95.11798, 29.56492], [-95.11908, 29.5651], [-95.12127, 29.56495], [-95.12343, 29.56406], [-95.12671, 29.56171]]]}, "properties": {"GEOID": "48201340502", "under5_pop": 147, "licensed_capacity": 223, "children_per_slot": 0.66, "childcare_desert": 0, "pct_zero_car": 0.1198}}, {"type": "Feature", "geometry": {"type": "Polygon", "coordinates": [[[-95.45945, 29.81962], [-95.45925, 29.81409], [-95.4501, 29.81412], [-95.45005, 29.81055], [-95.44392, 29.81059], [-95.44252, 29.8107], [-95.44378, 29.8145], [-95.44527, 29.8168], [-95.44533, 29.81722], [-95.44947, 29.81721], [-95.45105, 29.81737], [-95.45359, 29.81803], [-95.456, 29.81912], [-95.45813, 29.81962], [-95.45945, 29.81962]]]}, "properties": {"GEOID": "48201530101", "under5_pop": 146, "licensed_capacity": 64, "children_per_slot": 2.28, "childcare_desert": 0, "pct_zero_car": 0.1182}}, {"type": "Feature", "geometry": {"type": "Polygon", "coordinates": [[[-95.61442, 29.68115], [-95.63442, 29.68081], [-95.62318, 29.6745], [-95.62308, 29.67534], [-95.61444, 29.6754], [-95.61442, 29.68115]]]}, "properties": {"GEOID": "48201453902", "under5_pop": 410, "licensed_capacity": 47, "children_per_slot": 8.72, "childcare_desert": 1, "pct_zero_car": 0.0}}, {"type": "Feature", "geometry": {"type": "Polygon", "coordinates": [[[-95.41275, 29.86918], [-95.41251, 29.85712], [-95.40944, 29.85713], [-95.4081, 29.85747], [-95.40637, 29.85748], [-95.40639, 29.85877], [-95.40461, 29.85884], [-95.40258, 29.8594], [-95.40506, 29.86426], [-95.40792, 29.86987], [-95.41047, 29.86984], [-95.41275, 29.86918]]]}, "properties": {"GEOID": "48201530701", "under5_pop": 95, "licensed_capacity": 76, "children_per_slot": 1.25, "childcare_desert": 0, "pct_zero_car": 0.2951}}, {"type": "Feature", "geometry": {"type": "Polygon", "coordinates": [[[-95.40772, 29.70036], [-95.40588, 29.69887], [-95.40504, 29.69744], [-95.40473, 29.69535], [-95.4048, 29.69266], [-95.40332, 29.68991], [-95.40306, 29.69091], [-95.4006, 29.69339], [-95.40083, 29.69578], [-95.40211, 29.70139], [-95.40244, 29.70237], [-95.40525, 29.70203], [-95.40772, 29.70036]]]}, "properties": {"GEOID": "48201314401", "under5_pop": 36, "licensed_capacity": 0, "children_per_slot": null, "childcare_desert": 1, "pct_zero_car": 0.085}}, {"type": "Feature", "geometry": {"type": "Polygon", "coordinates": [[[-95.41401, 29.94053], [-95.41325, 29.93839], [-95.41217, 29.93466], [-95.41198, 29.9318], [-95.40975, 29.93169], [-95.40212, 29.93177], [-95.40214, 29.9327], [-95.40107, 29.93423], [-95.39946, 29.93477], [-95.39828, 29.93579], [-95.39714, 29.93912], [-95.40295, 29.94049], [-95.40749, 29.94062], [-95.41401, 29.94053]]]}, "properties": {"GEOID": "48201222602", "under5_pop": 97, "licensed_capacity": 0, "children_per_slot": null, "childcare_desert": 1, "pct_zero_car": 0.235}}, {"type": "Feature", "geometry": {"type": "Polygon", "coordinates": [[[-95.50462, 29.75293], [-95.50513, 29.75152], [-95.50528, 29.7502], [-95.50634, 29.74839], [-95.50758, 29.74875], [-95.50843, 29.74831], [-95.50697, 29.74779], [-95.50671, 29.74723], [-95.50784, 29.74609], [-95.50772, 29.74196], [-95.50517, 29.7418], [-95.50504, 29.73747], [-95.50091, 29.73754], [-95.50095, 29.74402], [-95.5011, 29.75048], [-95.50111, 29.75297], [-95.50462, 29.75293]]]}, "properties": {"GEOID": "48201431204", "under5_pop": 366, "licensed_capacity": 0, "children_per_slot": null, "childcare_desert": 1, "pct_zero_car": 0.0842}}, {"type": "Feature", "geometry": {"type": "Polygon", "coordinates": [[[-95.42964, 29.87096], [-95.42945, 29.86467], [-95.42817, 29.86359], [-95.41425, 29.86861], [-95.41275, 29.86918], [-95.41047, 29.86984], [-95.40792, 29.86987], [-95.41023, 29.8736], [-95.41305, 29.87697], [-95.41749, 29.88287], [-95.41823, 29.88232], [-95.42078, 29.88239], [-95.4207, 29.8761], [-95.42125, 29.87448], [-95.42073, 29.87351], [-95.42069, 29.87099], [-95.42964, 29.87096]]]}, "properties": {"GEOID": "48201533301", "under5_pop": 81, "licensed_capacity": 7, "children_per_slot": 11.57, "childcare_desert": 1, "pct_zero_car": 0.1459}}, {"type": "Feature", "geometry": {"type": "Polygon", "coordinates": [[[-95.39783, 29.86991], [-95.39773, 29.86432], [-95.40506, 29.86426], [-95.40258, 29.8594], [-95.40123, 29.85964], [-95.38652, 29.85968], [-95.38471, 29.85944], [-95.38491, 29.87005], [-95.39783, 29.86991]]]}, "properties": {"GEOID": "48201221501", "under5_pop": 180, "licensed_capacity": 0, "children_per_slot": null, "childcare_desert": 1, "pct_zero_car": 0.162}}, {"type": "Feature", "geometry": {"type": "Polygon", "coordinates": [[[-95.39163, 29.68536], [-95.38467, 29.68545], [-95.38285, 29.68595], [-95.38087, 29.6869], [-95.37954, 29.68692], [-95.37815, 29.69157], [-95.37722, 29.69504], [-95.37628, 29.69806], [-95.37521, 29.70186], [-95.38103, 29.70364], [-95.38256, 29.70432], [-95.38462, 29.7057], [-95.38744, 29.69767], [-95.39047, 29.6888], [-95.39163, 29.68536]]]}, "properties": {"GEOID": "48201313901", "under5_pop": 336, "licensed_capacity": 303, "children_per_slot": 1.11, "childcare_desert": 0, "pct_zero_car": 0.0267}}, {"type": "Feature", "geometry": {"type": "Polygon", "coordinates": [[[-95.12238, 29.63348], [-95.12255, 29.6311], [-95.1221, 29.62881], [-95.12055, 29.62608], [-95.11822, 29.62404], [-95.11641, 29.62311], [-95.11415, 29.62247], [-95.11331, 29.60754], [-95.10811, 29.60778], [-95.10758, 29.59963], [-95.10686, 29.59628], [-95.10525, 29.59295], [-95.10394, 29.59122], [-95.10254, 29.58974], [-95.10266, 29.58868], [-95.10251, 29.58581], [-95.10356, 29.58336], [-95.10241, 29.58254], [-95.10192, 29.58179], [-95.10149, 29.58012], [-95.10089, 29.57983], [-95.09782, 29.57968], [-95.09652, 29.57901], [-95.09426, 29.5789], [-95.09253, 29.57985], [-95.09123, 29.57951], [-95.09075, 29.5798], [-95.09085, 29.58089], [-95.08969, 29.5826], [-95.09043, 29.58441], [-95.09016, 29.58563], [-95.08837, 29.58739], [-95.08739, 29.58702], [-95.08711, 29.58601], [-95.08613, 29.58557], [-95.08566, 29.58599], [-95.08563, 29.58784], [-95.08465, 29.58826], [-95.08338, 29.5869], [-95.08249, 29.5876], [-95.08262, 29.58881], [-95.08223, 29.58931], [-95.08083, 29.58971], [-95.07947, 29.59103], [-95.07939, 29.59181], [-95.08052, 29.59182], [-95.08243, 29.59308], [-95.08404, 29.59374], [-95.08473, 29.59262], [-95.08543, 29.59229], [-95.08634, 29.59307], [-95.08762, 29.59333], [-95.08966, 29.59315], [-95.09001, 29.5936], [-95.08994, 29.59499], [-95.09224, 29.59777], [-95.09181, 29.59868], [-95.09001, 29.59878], [-95.08855, 29.60142], [-95.08689, 29.60338], [-95.08585, 29.60591], [-95.08567, 29.60839], [-95.08452, 29.61047], [-95.08424, 29.61311], [-95.08812, 29.61606], [-95.09312, 29.62054], [-95.09863, 29.62467], [-95.10145, 29.62747], [-95.10583, 29.6325], [-95.10823, 29.63491], [-95.11251, 29.63452], [-95.11588, 29.63359], [-95.12238, 29.63348]]]}, "properties": {"GEOID": "48201340203", "under5_pop": 21, "licensed_capacity": 221, "children_per_slot": 0.1, "childcare_desert": 0, "pct_zero_car": 0.0119}}, {"type": "Feature", "geometry": {"type": "Polygon", "coordinates": [[[-95.49277, 30.05046], [-95.48906, 30.04132], [-95.48856, 30.04039], [-95.47387, 30.04848], [-95.46786, 30.05161], [-95.46277, 30.05245], [-95.46103, 30.05328], [-95.45809, 30.05553], [-95.45589, 30.05679], [-95.45439, 30.05806], [-95.45307, 30.05972], [-95.45184, 30.06061], [-95.44695, 30.06324], [-95.44593, 30.06355], [-95.444, 30.06369], [-95.44238, 30.06351], [-95.44121, 30.06365], [-95.43914, 30.061], [-95.43558, 30.05609], [-95.43315, 30.05288], [-95.43189, 30.05258], [-95.43311, 30.05855], [-95.43449, 30.06651], [-95.43613, 30.07481], [-95.4376, 30.07419], [-95.44303, 30.07123], [-95.44412, 30.07082], [-95.44405, 30.07064], [-95.44929, 30.06774], [-95.45061, 30.06722], [-95.46974, 30.06256], [-95.47277, 30.06166], [-95.47735, 30.05919], [-95.48457, 30.05504], [-95.49277, 30.05046]]]}, "properties": {"GEOID": "48201553403", "under5_pop": 586, "licensed_capacity": 179, "children_per_slot": 3.27, "childcare_desert": 1, "pct_zero_car": 0.0094}}, {"type": "Feature", "geometry": {"type": "Polygon", "coordinates": [[[-95.77734, 29.77215], [-95.77651, 29.76808], [-95.77637, 29.7655], [-95.77638, 29.76075], [-95.77167, 29.7581], [-95.77066, 29.75735], [-95.76662, 29.75789], [-95.76746, 29.76076], [-95.77098, 29.76724], [-95.77038, 29.76749], [-95.76933, 29.76558], [-95.76852, 29.7648], [-95.76745, 29.76449], [-95.76447, 29.76449], [-95.76304, 29.76476], [-95.76387, 29.76659], [-95.76487, 29.7679], [-95.76835, 29.77104], [-95.76774, 29.77224], [-95.76774, 29.77321], [-95.769, 29.77325], [-95.76883, 29.77514], [-95.77117, 29.77481], [-95.77529, 29.77254], [-95.77734, 29.77215]]]}, "properties": {"GEOID": "48201455102", "under5_pop": 132, "licensed_capacity": 399, "children_per_slot": 0.33, "childcare_desert": 0, "pct_zero_car": 0.0244}}, {"type": "Feature", "geometry": {"type": "Polygon", "coordinates": [[[-95.39922, 29.80396], [-95.39897, 29.79068], [-95.3977, 29.79069], [-95.38783, 29.79083], [-95.38805, 29.80256], [-95.38804, 29.80408], [-95.39922, 29.80396]]]}, "properties": {"GEOID": "48201511302", "under5_pop": 488, "licensed_capacity": 506, "children_per_slot": 0.96, "childcare_desert": 0, "pct_zero_car": 0.071}}, {"type": "Feature", "geometry": {"type": "Polygon", "coordinates": [[[-95.49912, 29.82004], [-95.50005, 29.81883], [-95.50064, 29.81749], [-95.50085, 29.81508], [-95.50086, 29.81091], [-95.49435, 29.81104], [-95.4917, 29.8107], [-95.48933, 29.81067], [-95.48499, 29.81057], [-95.48519, 29.81618], [-95.48531, 29.81704], [-95.48327, 29.81834], [-95.49368, 29.82576], [-95.494, 29.82542], [-95.49912, 29.82004]]]}, "properties": {"GEOID": "48201520601", "under5_pop": 196, "licensed_capacity": 44, "children_per_slot": 4.45, "childcare_desert": 1, "pct_zero_car": 0.0739}}, {"type": "Feature", "geometry": {"type": "Polygon", "coordinates": [[[-95.53847, 30.01288], [-95.53751, 30.0113], [-95.53466, 30.00738], [-95.53366, 30.0051], [-95.53349, 30.00314], [-95.53273, 30.00127], [-95.53063, 29.99807], [-95.52911, 29.99848], [-95.52731, 30.0003], [-95.52478, 30.00213], [-95.52273, 30.00209], [-95.52151, 30.00305], [-95.5198, 30.00588], [-95.51835, 30.00622], [-95.5173, 30.00561], [-95.51403, 30.00476], [-95.51354, 30.00543], [-95.51272, 30.00564], [-95.51203, 30.0067], [-95.51304, 30.00817], [-95.5203, 30.01815], [-95.52377, 30.02102], [-95.53238, 30.01625], [-95.53847, 30.01288]]]}, "properties": {"GEOID": "48201554001", "under5_pop": 357, "licensed_capacity": 432, "children_per_slot": 0.83, "childcare_desert": 0, "pct_zero_car": 0.0509}}, {"type": "Feature", "geometry": {"type": "Polygon", "coordinates": [[[-95.44816, 29.74163], [-95.44793, 29.73005], [-95.44485, 29.72942], [-95.44142, 29.72901], [-95.44161, 29.73821], [-95.44166, 29.74173], [-95.44816, 29.74163]]]}, "properties": {"GEOID": "48201411505", "under5_pop": 135, "licensed_capacity": 158, "children_per_slot": 0.85, "childcare_desert": 0, "pct_zero_car": 0.0}}, {"type": "Feature", "geometry": {"type": "Polygon", "coordinates": [[[-94.96782, 29.73209], [-94.96895, 29.72947], [-94.96951, 29.7286], [-94.97155, 29.72354], [-94.97155, 29.72276], [-94.97018, 29.7229], [-94.96652, 29.7227], [-94.96455, 29.72279], [-94.96299, 29.72325], [-94.96067, 29.72492], [-94.96, 29.72616], [-94.95959, 29.72732], [-94.95742, 29.73228], [-94.95939, 29.73286], [-94.95911, 29.73371], [-94.96611, 29.73603], [-94.96782, 29.73209]]]}, "properties": {"GEOID": "48201254200", "under5_pop": 242, "licensed_capacity": 56, "children_per_slot": 4.32, "childcare_desert": 1, "pct_zero_car": 0.0214}}, {"type": "Feature", "geometry": {"type": "Polygon", "coordinates": [[[-95.16105, 29.79066], [-95.15879, 29.78507], [-95.15839, 29.78329], [-95.15828, 29.77899], [-95.15767, 29.77676], [-95.1567, 29.77497], [-95.15344, 29.77129], [-95.15112, 29.77172], [-95.14227, 29.7739], [-95.12451, 29.7782], [-95.12462, 29.78285], [-95.12464, 29.78902], [-95.12631, 29.78915], [-95.14028, 29.78897], [-95.15243, 29.78884], [-95.15526, 29.78933], [-95.15861, 29.79057], [-95.16105, 29.79066]]]}, "properties": {"GEOID": "48201252400", "under5_pop": 101, "licensed_capacity": 0, "children_per_slot": null, "childcare_desert": 1, "pct_zero_car": 0.0191}}, {"type": "Feature", "geometry": {"type": "Polygon", "coordinates": [[[-95.41878, 29.74232], [-95.41875, 29.73848], [-95.41069, 29.73855], [-95.41073, 29.74258], [-95.41878, 29.74232]]]}, "properties": {"GEOID": "48201411002", "under5_pop": 51, "licensed_capacity": 80, "children_per_slot": 0.64, "childcare_desert": 0, "pct_zero_car": 0.0663}}, {"type": "Feature", "geometry": {"type": "Polygon", "coordinates": [[[-95.42997, 29.73834], [-95.42973, 29.73528], [-95.42866, 29.73212], [-95.42815, 29.73004], [-95.424, 29.73064], [-95.41866, 29.73074], [-95.41875, 29.73848], [-95.42997, 29.73834]]]}, "properties": {"GEOID": "48201411503", "under5_pop": 142, "licensed_capacity": 207, "children_per_slot": 0.69, "childcare_desert": 0, "pct_zero_car": 0.0778}}, {"type": "Feature", "geometry": {"type": "Polygon", "coordinates": [[[-95.44793, 29.73005], [-95.44782, 29.72453], [-95.44312, 29.72459], [-95.44303, 29.72035], [-95.44127, 29.72124], [-95.43336, 29.72524], [-95.43011, 29.7253], [-95.42483, 29.72537], [-95.42482, 29.7268], [-95.42779, 29.72675], [-95.42815, 29.73004], [-95.43169, 29.72949], [-95.43635, 29.72921], [-95.44142, 29.72901], [-95.44485, 29.72942], [-95.44793, 29.73005]]]}, "properties": {"GEOID": "48201411801", "under5_pop": 436, "licensed_capacity": 0, "children_per_slot": null, "childcare_desert": 1, "pct_zero_car": 0.0217}}, {"type": "Feature", "geometry": {"type": "Polygon", "coordinates": [[[-95.14182, 29.54041], [-95.13894, 29.53742], [-95.13476, 29.53281], [-95.13079, 29.52862], [-95.12825, 29.53033], [-95.1181, 29.53762], [-95.11804, 29.53778], [-95.12168, 29.54166], [-95.12219, 29.54207], [-95.12776, 29.54797], [-95.12859, 29.54896], [-95.13155, 29.5467], [-95.13649, 29.54318], [-95.13824, 29.54216], [-95.14182, 29.54041]]]}, "properties": {"GEOID": "48201341101", "under5_pop": 202, "licensed_capacity": 151, "children_per_slot": 1.34, "childcare_desert": 0, "pct_zero_car": 0.0229}}, {"type": "Feature", "geometry": {"type": "Polygon", "coordinates": [[[-95.17973, 29.54439], [-95.18122, 29.54376], [-95.18162, 29.54307], [-95.18161, 29.5418], [-95.18209, 29.54126], [-95.17793, 29.53785], [-95.17736, 29.53672], [-95.17801, 29.53618], [-95.17736, 29.53498], [-95.17513, 29.53342], [-95.17679, 29.53192], [-95.1695, 29.52591], [-95.16835, 29.526], [-95.1642, 29.52981], [-95.16268, 29.52966], [-95.16224, 29.5311], [-95.1614, 29.53235], [-95.16749, 29.53732], [-95.16947, 29.53886], [-95.1709, 29.5406], [-95.17295, 29.53931], [-95.17489, 29.54093], [-95.17623, 29.54154], [-95.17973, 29.54439]]]}, "properties": {"GEOID": "48201350603", "under5_pop": 293, "licensed_capacity": 125, "children_per_slot": 2.34, "childcare_desert": 0, "pct_zero_car": 0.0235}}, {"type": "Feature", "geometry": {"type": "Polygon", "coordinates": [[[-95.63448, 29.71178], [-95.63438, 29.704], [-95.62396, 29.70371], [-95.61464, 29.70351], [-95.61478, 29.7106], [-95.6147, 29.71341], [-95.63448, 29.71178]]]}, "properties": {"GEOID": "48201452602", "under5_pop": 98, "licensed_capacity": 109, "children_per_slot": 0.9, "childcare_desert": 0, "pct_zero_car": 0.0912}}, {"type": "Feature", "geometry": {"type": "Polygon", "coordinates": [[[-95.26817, 29.95451], [-95.27856, 29.94491], [-95.28333, 29.94055], [-95.28057, 29.94079], [-95.27722, 29.94059], [-95.27289, 29.93987], [-95.26832, 29.93839], [-95.26828, 29.9428], [-95.26797, 29.9439], [-95.26641, 29.94772], [-95.26625, 29.9491], [-95.26632, 29.9536], [-95.26705, 29.95368], [-95.26817, 29.95451]]]}, "properties": {"GEOID": "48201250202", "under5_pop": 238, "licensed_capacity": 240, "children_per_slot": 0.99, "childcare_desert": 0, "pct_zero_car": 0.0}}, {"type": "Feature", "geometry": {"type": "Polygon", "coordinates": [[[-95.35655, 29.7097], [-95.35814, 29.70565], [-95.36126, 29.70658], [-95.36161, 29.70572], [-95.36085, 29.70549], [-95.36137, 29.70398], [-95.3613, 29.70227], [-95.35942, 29.70237], [-95.35415, 29.70266], [-95.3524, 29.70293], [-95.34855, 29.70177], [-95.34567, 29.70087], [-95.34181, 29.71027], [-95.34151, 29.7118], [-95.34389, 29.71251], [-95.34515, 29.71234], [-95.34693, 29.71114], [-95.34865, 29.7108], [-95.35301, 29.70945], [-95.35458, 29.70934], [-95.35655, 29.7097]]]}, "properties": {"GEOID": "48201313201", "under5_pop": 128, "licensed_capacity": 236, "children_per_slot": 0.54, "childcare_desert": 0, "pct_zero_car": 0.2368}}, {"type": "Feature", "geometry": {"type": "Polygon", "coordinates": [[[-95.42302, 29.70613], [-95.42291, 29.70124], [-95.42289, 29.70037], [-95.42164, 29.70014], [-95.41884, 29.70012], [-95.41824, 29.69974], [-95.41824, 29.70071], [-95.41829, 29.70616], [-95.42302, 29.70613]]]}, "properties": {"GEOID": "48201413205", "under5_pop": 31, "licensed_capacity": 0, "children_per_slot": null, "childcare_desert": 1, "pct_zero_car": 0.0432}}, {"type": "Feature", "geometry": {"type": "Polygon", "coordinates": [[[-95.72045, 29.81491], [-95.72039, 29.81081], [-95.71902, 29.81061], [-95.71573, 29.80838], [-95.71249, 29.80837], [-95.71248, 29.80743], [-95.70393, 29.80762], [-95.70393, 29.81178], [-95.70406, 29.81295], [-95.70364, 29.81505], [-95.70695, 29.81506], [-95.72045, 29.81491]]]}, "properties": {"GEOID": "48201542003", "under5_pop": 262, "licensed_capacity": 46, "children_per_slot": 5.7, "childcare_desert": 1, "pct_zero_car": 0.0}}, {"type": "Feature", "geometry": {"type": "Polygon", "coordinates": [[[-95.55104, 30.07319], [-95.5509, 30.0721], [-95.54031, 30.05156], [-95.53916, 30.04919], [-95.5384, 30.04592], [-95.53628, 30.04611], [-95.53295, 30.04741], [-95.53003, 30.04894], [-95.52747, 30.0499], [-95.52555, 30.05031], [-95.52021, 30.05057], [-95.51699, 30.04992], [-95.51476, 30.04914], [-95.51323, 30.04775], [-95.51176, 30.04562], [-95.51033, 30.04458], [-95.50878, 30.04401], [-95.50608, 30.04386], [-95.50685, 30.04603], [-95.50692, 30.04724], [-95.50643, 30.04806], [-95.50673, 30.04953], [-95.5074, 30.05036], [-95.50984, 30.05197], [-95.50782, 30.05383], [-95.5036, 30.05614], [-95.50701, 30.05761], [-95.50596, 30.05908], [-95.5048, 30.06018], [-95.50457, 30.06262], [-95.50263, 30.06262], [-95.50146, 30.06358], [-95.49674, 30.05969], [-95.49603, 30.05849], [-95.49605, 30.0624], [-95.49681, 30.06497], [-95.49682, 30.07405], [-95.50853, 30.07412], [-95.51342, 30.0741], [-95.50841, 30.06937], [-95.51147, 30.06691], [-95.51364, 30.06583], [-95.51464, 30.0656], [-95.51819, 30.06553], [-95.52338, 30.06651], [-95.5244, 30.06635], [-95.52591, 30.06561], [-95.5276, 30.06612], [-95.5315, 30.06789], [-95.53177, 30.0682], [-95.53204, 30.07033], [-95.53263, 30.07122], [-95.53428, 30.07216], [-95.53452, 30.07329], [-95.54237, 30.07316], [-95.54971, 30.0731], [-95.55104, 30.07319]]]}, "properties": {"GEOID": "48201554905", "under5_pop": 606, "licensed_capacity": 0, "children_per_slot": null, "childcare_desert": 1, "pct_zero_car": 0.0}}, {"type": "Feature", "geometry": {"type": "Polygon", "coordinates": [[[-95.45571, 29.75783], [-95.45562, 29.75293], [-95.45574, 29.75159], [-95.45659, 29.74767], [-95.45444, 29.74663], [-95.44826, 29.74666], [-95.4484, 29.7561], [-95.45075, 29.75647], [-95.45152, 29.75706], [-95.45284, 29.75729], [-95.45266, 29.75858], [-95.45506, 29.75989], [-95.45572, 29.75996], [-95.45571, 29.75783]]]}, "properties": {"GEOID": "48201411301", "under5_pop": 49, "licensed_capacity": 0, "children_per_slot": null, "childcare_desert": 1, "pct_zero_car": 0.0891}}, {"type": "Feature", "geometry": {"type": "Polygon", "coordinates": [[[-95.3889, 29.75258], [-95.38885, 29.74539], [-95.38166, 29.74556], [-95.38157, 29.74713], [-95.38328, 29.74816], [-95.38179, 29.75005], [-95.38092, 29.74953], [-95.37982, 29.75141], [-95.37838, 29.75119], [-95.37802, 29.75163], [-95.37875, 29.75209], [-95.38573, 29.752], [-95.38573, 29.75262], [-95.3889, 29.75258]]]}, "properties": {"GEOID": "48201410502", "under5_pop": 111, "licensed_capacity": 0, "children_per_slot": null, "childcare_desert": 1, "pct_zero_car": 0.0749}}, {"type": "Feature", "geometry": {"type": "Polygon", "coordinates": [[[-95.33549, 29.81989], [-95.33549, 29.81767], [-95.33525, 29.81159], [-95.33534, 29.81031], [-95.33625, 29.80826], [-95.33398, 29.80802], [-95.33038, 29.80818], [-95.32423, 29.80907], [-95.32437, 29.81891], [-95.32719, 29.81986], [-95.32977, 29.81999], [-95.33549, 29.81989]]]}, "properties": {"GEOID": "48201230100", "under5_pop": 107, "licensed_capacity": 41, "children_per_slot": 2.61, "childcare_desert": 0, "pct_zero_car": 0.0747}}, {"type": "Feature", "geometry": {"type": "Polygon", "coordinates": [[[-95.31857, 29.82332], [-95.32378, 29.82084], [-95.32732, 29.82012], [-95.32977, 29.81999], [-95.32719, 29.81986], [-95.32437, 29.81891], [-95.32423, 29.80907], [-95.32269, 29.8092], [-95.31721, 29.80925], [-95.30813, 29.80942], [-95.30626, 29.80936], [-95.30454, 29.80883], [-95.29769, 29.80517], [-95.29458, 29.80427], [-95.29017, 29.80422], [-95.29128, 29.80481], [-95.29144, 29.80723], [-95.29172, 29.80832], [-95.29202, 29.81167], [-95.29193, 29.82904], [-95.29196, 29.83134], [-95.29374, 29.83135], [-95.29375, 29.83399], [-95.30203, 29.83401], [-95.30205, 29.83901], [-95.30818, 29.83305], [-95.31385, 29.82763], [-95.31665, 29.82485], [-95.31857, 29.82332]]]}, "properties": {"GEOID": "48201230200", "under5_pop": 281, "licensed_capacity": 246, "children_per_slot": 1.14, "childcare_desert": 0, "pct_zero_car": 0.1355}}, {"type": "Feature", "geometry": {"type": "Polygon", "coordinates": [[[-95.35849, 29.74976], [-95.36268, 29.74487], [-95.35922, 29.74327], [-95.35172, 29.73847], [-95.34519, 29.73424], [-95.34207, 29.74189], [-95.3427, 29.74372], [-95.34378, 29.74529], [-95.35317, 29.75097], [-95.35377, 29.75022], [-95.35462, 29.75074], [-95.3564, 29.74851], [-95.35849, 29.74976]]]}, "properties": {"GEOID": "48201310200", "under5_pop": 63, "licensed_capacity": 0, "children_per_slot": null, "childcare_desert": 1, "pct_zero_car": 0.0756}}, {"type": "Feature", "geometry": {"type": "Polygon", "coordinates": [[[-95.34207, 29.74189], [-95.34519, 29.73424], [-95.34207, 29.73182], [-95.34049, 29.73053], [-95.33752, 29.72858], [-95.33319, 29.72589], [-95.3307, 29.73201], [-95.32855, 29.737], [-95.32552, 29.74083], [-95.32965, 29.74212], [-95.33946, 29.74516], [-95.34207, 29.74189]]]}, "properties": {"GEOID": "48201310300", "under5_pop": 129, "licensed_capacity": 0, "children_per_slot": null, "childcare_desert": 1, "pct_zero_car": 0.0771}}, {"type": "Feature", "geometry": {"type": "Polygon", "coordinates": [[[-95.23238, 29.57772], [-95.23443, 29.57587], [-95.23724, 29.57505], [-95.23791, 29.5745], [-95.23539, 29.57244], [-95.24494, 29.5638], [-95.25153, 29.55777], [-95.25187, 29.55643], [-95.25395, 29.55394], [-95.25362, 29.55368], [-95.25206, 29.55507], [-95.2508, 29.5555], [-95.24987, 29.55512], [-95.24816, 29.5557], [-95.24753, 29.55497], [-95.24793, 29.554], [-95.24737, 29.5531], [-95.24553, 29.55461], [-95.2446, 29.55458], [-95.24269, 29.55517], [-95.24195, 29.55628], [-95.24223, 29.55721], [-95.24161, 29.55971], [-95.24009, 29.56062], [-95.23799, 29.56143], [-95.23652, 29.56019], [-95.23574, 29.55917], [-95.23367, 29.55714], [-95.23119, 29.55772], [-95.22825, 29.56003], [-95.22361, 29.55913], [-95.22204, 29.5582], [-95.22095, 29.55694], [-95.21788, 29.55939], [-95.21646, 29.5585], [-95.21595, 29.55779], [-95.21142, 29.56176], [-95.21598, 29.56561], [-95.21783, 29.56706], [-95.21979, 29.56834], [-95.22362, 29.5715], [-95.2259, 29.57357], [-95.22838, 29.57535], [-95.23015, 29.57605], [-95.23238, 29.57772]]]}, "properties": {"GEOID": "48201350102", "under5_pop": 240, "licensed_capacity": 36, "children_per_slot": 6.67, "childcare_desert": 1, "pct_zero_car": 0.0173}}, {"type": "Feature", "geometry": {"type": "Polygon", "coordinates": [[[-95.65378, 29.98851], [-95.65437, 29.98711], [-95.65449, 29.98575], [-95.65314, 29.979], [-95.65202, 29.97474], [-95.65049, 29.96909], [-95.65012, 29.96433], [-95.64495, 29.96429], [-95.64203, 29.96442], [-95.64069, 29.9642], [-95.63484, 29.96247], [-95.63397, 29.96235], [-95.6316, 29.96256], [-95.63122, 29.96129], [-95.6289, 29.96239], [-95.62878, 29.96269], [-95.62965, 29.96452], [-95.62912, 29.9662], [-95.62696, 29.9668], [-95.625, 29.96651], [-95.62401, 29.96549], [-95.62153, 29.96431], [-95.6205, 29.96441], [-95.61953, 29.96575], [-95.61968, 29.96665], [-95.62086, 29.96791], [-95.62259, 29.96887], [-95.62236, 29.97044], [-95.62276, 29.97231], [-95.62364, 29.97311], [-95.62563, 29.97297], [-95.62639, 29.97324], [-95.62858, 29.97532], [-95.62804, 29.97611], [-95.62838, 29.97723], [-95.63047, 29.97745], [-95.63114, 29.97794], [-95.63093, 29.97939], [-95.63321, 29.97988], [-95.63407, 29.98159], [-95.63641, 29.98225], [-95.63684, 29.98291], [-95.63948, 29.98359], [-95.64142, 29.9844], [-95.64246, 29.98517], [-95.64146, 29.98589], [-95.64105, 29.98859], [-95.64181, 29.98924], [-95.64247, 29.99041], [-95.64447, 29.99006], [-95.64607, 29.99036], [-95.64686, 29.99008], [-95.65029, 29.99015], [-95.65241, 29.98841], [-95.65378, 29.98851]]]}, "properties": {"GEOID": "48201554404", "under5_pop": 298, "licensed_capacity": 393, "children_per_slot": 0.76, "childcare_desert": 0, "pct_zero_car": 0.0}}, {"type": "Feature", "geometry": {"type": "Polygon", "coordinates": [[[-95.64234, 30.01828], [-95.64237, 30.01192], [-95.64145, 30.01062], [-95.64145, 30.00748], [-95.64058, 30.00629], [-95.6356, 30.00429], [-95.63412, 30.00532], [-95.63318, 30.00567], [-95.62693, 30.0058], [-95.62635, 30.00589], [-95.61766, 30.01229], [-95.61669, 30.01264], [-95.6127, 30.01288], [-95.60798, 30.01272], [-95.59325, 30.01303], [-95.59002, 30.01309], [-95.59394, 30.01916], [-95.59907, 30.02758], [-95.6022, 30.0334], [-95.60469, 30.03184], [-95.60574, 30.03063], [-95.60883, 30.02836], [-95.60824, 30.02702], [-95.6099, 30.02587], [-95.62266, 30.02557], [-95.6236, 30.0254], [-95.62496, 30.02438], [-95.6255, 30.02317], [-95.62547, 30.02159], [-95.62577, 30.02068], [-95.62587, 30.01636], [-95.62757, 30.01705], [-95.63138, 30.01898], [-95.63298, 30.01895], [-95.63489, 30.01991], [-95.63999, 30.01994], [-95.64093, 30.0203], [-95.64233, 30.02137], [-95.64234, 30.01828]]]}, "properties": {"GEOID": "48201555505", "under5_pop": 1147, "licensed_capacity": 508, "children_per_slot": 2.26, "childcare_desert": 0, "pct_zero_car": 0.0}}, {"type": "Feature", "geometry": {"type": "Polygon", "coordinates": [[[-95.50927, 29.82934], [-95.5092, 29.8234], [-95.50963, 29.82114], [-95.50666, 29.82116], [-95.50485, 29.82086], [-95.50124, 29.82086], [-95.49912, 29.82004], [-95.494, 29.82542], [-95.49484, 29.826], [-95.49556, 29.82559], [-95.50287, 29.82557], [-95.50292, 29.82936], [-95.50927, 29.82934]]]}, "properties": {"GEOID": "48201521402", "under5_pop": 424, "licensed_capacity": 0, "children_per_slot": null, "childcare_desert": 1, "pct_zero_car": 0.0464}}, {"type": "Feature", "geometry": {"type": "Polygon", "coordinates": [[[-95.30676, 30.0163], [-95.3089, 30.00634], [-95.30891, 30.00437], [-95.29751, 30.00491], [-95.29387, 30.00505], [-95.26824, 30.00502], [-95.26603, 30.01014], [-95.26312, 30.01654], [-95.25899, 30.02662], [-95.26125, 30.02791], [-95.26168, 30.02988], [-95.2622, 30.03106], [-95.26313, 30.03211], [-95.26385, 30.03236], [-95.26829, 30.03168], [-95.27099, 30.0324], [-95.27393, 30.03207], [-95.27691, 30.03111], [-95.28198, 30.03079], [-95.28474, 30.02991], [-95.28473, 30.02284], [-95.28455, 30.01636], [-95.29336, 30.01632], [-95.30676, 30.0163]]]}, "properties": {"GEOID": "48201240904", "under5_pop": 822, "licensed_capacity": 93, "children_per_slot": 8.84, "childcare_desert": 1, "pct_zero_car": 0.0}}, {"type": "Feature", "geometry": {"type": "Polygon", "coordinates": [[[-95.37184, 29.79221], [-95.37189, 29.79], [-95.3713, 29.78776], [-95.36929, 29.78482], [-95.36858, 29.7826], [-95.36858, 29.78097], [-95.36905, 29.77932], [-95.36733, 29.77949], [-95.35686, 29.78332], [-95.35143, 29.78337], [-95.35167, 29.78474], [-95.35075, 29.78474], [-95.351, 29.78557], [-95.3511, 29.78983], [-95.36181, 29.78975], [-95.36243, 29.79028], [-95.36501, 29.79117], [-95.36642, 29.79241], [-95.36816, 29.79272], [-95.36874, 29.79224], [-95.37184, 29.79221]]]}, "properties": {"GEOID": "48201210400", "under5_pop": 115, "licensed_capacity": 0, "children_per_slot": null, "childcare_desert": 1, "pct_zero_car": 0.2163}}, {"type": "Feature", "geometry": {"type": "Polygon", "coordinates": [[[-95.36745, 30.03374], [-95.36624, 30.0316], [-95.36315, 30.03311], [-95.36091, 30.03534], [-95.35917, 30.0361], [-95.35763, 30.03577], [-95.35506, 30.03321], [-95.354, 30.03352], [-95.35235, 30.03195], [-95.35097, 30.03169], [-95.35033, 30.03107], [-95.34985, 30.02931], [-95.34767, 30.02813], [-95.3455, 30.02815], [-95.34437, 30.02849], [-95.34083, 30.02807], [-95.33928, 30.02802], [-95.33702, 30.02871], [-95.33598, 30.03046], [-95.33526, 30.03028], [-95.3346, 30.02942], [-95.33325, 30.02913], [-95.33205, 30.02936], [-95.33092, 30.03065], [-95.33004, 30.03049], [-95.33024, 30.03194], [-95.33129, 30.03368], [-95.3351, 30.03711], [-95.33401, 30.03792], [-95.33558, 30.0391], [-95.33689, 30.03862], [-95.33781, 30.03914], [-95.33663, 30.0402], [-95.33915, 30.04222], [-95.3409, 30.04228], [-95.34091, 30.04309], [-95.34018, 30.04334], [-95.34167, 30.04468], [-95.34191, 30.04547], [-95.34345, 30.04694], [-95.34639, 30.04528], [-95.35496, 30.04054], [-95.36578, 30.03464], [-95.36745, 30.03374]]]}, "properties": {"GEOID": "48201241001", "under5_pop": 209, "licensed_capacity": 216, "children_per_slot": 0.97, "childcare_desert": 0, "pct_zero_car": 0.0197}}, {"type": "Feature", "geometry": {"type": "Polygon", "coordinates": [[[-95.17879, 29.51799], [-95.17873, 29.51752], [-95.17761, 29.51694], [-95.17584, 29.51703], [-95.17503, 29.51829], [-95.17372, 29.5172], [-95.17358, 29.51646], [-95.17433, 29.51518], [-95.17342, 29.51448], [-95.17182, 29.51425], [-95.17059, 29.51515], [-95.16967, 29.51489], [-95.16868, 29.51299], [-95.16738, 29.51234], [-95.16826, 29.51083], [-95.16964, 29.5107], [-95.17106, 29.51002], [-95.1713, 29.50945], [-95.171, 29.50772], [-95.17032, 29.50693], [-95.16819, 29.50638], [-95.16722, 29.50574], [-95.16773, 29.50441], [-95.16709, 29.50402], [-95.16726, 29.50277], [-95.16643, 29.5021], [-95.16407, 29.50233], [-95.16329, 29.50192], [-95.16292, 29.50073], [-95.16336, 29.4997], [-95.16415, 29.49897], [-95.16422, 29.49835], [-95.16285, 29.49754], [-95.1613, 29.49732], [-95.1595, 29.49819], [-95.15767, 29.49814], [-95.15623, 29.49837], [-95.15388, 29.49998], [-95.15277, 29.50037], [-95.1515, 29.50039], [-95.15064, 29.49887], [-95.14995, 29.49847], [-95.14888, 29.4987], [-95.14778, 29.50036], [-95.1475, 29.50153], [-95.14659, 29.50225], [-95.14495, 29.50263], [-95.14318, 29.50544], [-95.14171, 29.50636], [-95.13852, 29.50645], [-95.13644, 29.50622], [-95.13389, 29.50643], [-95.13161, 29.50515], [-95.13083, 29.50494], [-95.12915, 29.50539], [-95.12883, 29.50623], [-95.12881, 29.50794], [-95.12826, 29.50883], [-95.12695, 29.50965], [-95.12509, 29.51026], [-95.12294, 29.51054], [-95.12095, 29.50981], [-95.11936, 29.5073], [-95.1183, 29.50705], [-95.11715, 29.50805], [-95.12343, 29.51851], [-95.12594, 29.5229], [-95.12761, 29.52523], [-95.13079, 29.52862], [-95.13459, 29.52588], [-95.13609, 29.52517], [-95.13817, 29.52478], [-95.15189, 29.52343], [-95.15759, 29.52274], [-95.16186, 29.52235], [-95.17342, 29.52113], [-95.17551, 29.52052], [-95.17648, 29.52001], [-95.17879, 29.51799]]]}, "properties": {"GEOID": "48201350804", "under5_pop": 284, "licensed_capacity": 387, "children_per_slot": 0.73, "childcare_desert": 0, "pct_zero_car": 0.0094}}, {"type": "Feature", "geometry": {"type": "Polygon", "coordinates": [[[-95.42951, 29.9653], [-95.42915, 29.96371], [-95.42909, 29.95992], [-95.42683, 29.96043], [-95.42463, 29.96127], [-95.42349, 29.95927], [-95.42318, 29.95779], [-95.42314, 29.95548], [-95.42203, 29.95553], [-95.41994, 29.95676], [-95.41861, 29.95688], [-95.41867, 29.96231], [-95.41885, 29.96422], [-95.41925, 29.96573], [-95.42291, 29.96598], [-95.42622, 29.96535], [-95.42951, 29.9653]]]}, "properties": {"GEOID": "48201550201", "under5_pop": 278, "licensed_capacity": 9, "children_per_slot": 30.89, "childcare_desert": 1, "pct_zero_car": 0.1779}}, {"type": "Feature", "geometry": {"type": "Polygon", "coordinates": [[[-95.54736, 30.10397], [-95.54759, 30.10185], [-95.54809, 30.10209], [-95.54866, 30.10135], [-95.55, 30.10081], [-95.5525, 30.10033], [-95.55288, 30.09976], [-95.55215, 30.09912], [-95.55208, 30.09796], [-95.5533, 30.09677], [-95.55363, 30.09602], [-95.55457, 30.09553], [-95.55373, 30.09382], [-95.55419, 30.09324], [-95.5534, 30.09233], [-95.55344, 30.09136], [-95.55437, 30.09111], [-95.55519, 30.08969], [-95.55614, 30.08728], [-95.55707, 30.08717], [-95.55763, 30.08625], [-95.55947, 30.08524], [-95.56075, 30.08485], [-95.56113, 30.08398], [-95.56256, 30.08361], [-95.56301, 30.08303], [-95.56406, 30.08329], [-95.56506, 30.08246], [-95.5615, 30.0792], [-95.55673, 30.07524], [-95.55398, 30.07681], [-95.55145, 30.07735], [-95.54479, 30.07746], [-95.54267, 30.07783], [-95.5401, 30.07914], [-95.53875, 30.08049], [-95.53619, 30.08379], [-95.53462, 30.08493], [-95.53313, 30.08558], [-95.52816, 30.08658], [-95.52694, 30.08694], [-95.53513, 30.09477], [-95.54494, 30.10316], [-95.54527, 30.10361], [-95.54736, 30.10397]]]}, "properties": {"GEOID": "48201554908", "under5_pop": 318, "licensed_capacity": 305, "children_per_slot": 1.04, "childcare_desert": 0, "pct_zero_car": 0.0027}}, {"type": "Feature", "geometry": {"type": "Polygon", "coordinates": [[[-95.48933, 29.81067], [-95.48916, 29.80554], [-95.48886, 29.80288], [-95.48483, 29.80284], [-95.48499, 29.81057], [-95.48933, 29.81067]]]}, "properties": {"GEOID": "48201520603", "under5_pop": 176, "licensed_capacity": 0, "children_per_slot": null, "childcare_desert": 1, "pct_zero_car": 0.0414}}, {"type": "Feature", "geometry": {"type": "Polygon", "coordinates": [[[-95.30736, 29.78746], [-95.30738, 29.78014], [-95.30117, 29.78014], [-95.30117, 29.78], [-95.29166, 29.78017], [-95.29176, 29.78762], [-95.30736, 29.78746]]]}, "properties": {"GEOID": "48201211900", "under5_pop": 201, "licensed_capacity": 0, "children_per_slot": null, "childcare_desert": 1, "pct_zero_car": 0.0553}}, {"type": "Feature", "geometry": {"type": "Polygon", "coordinates": [[[-95.16992, 29.96722], [-95.18574, 29.95196], [-95.19965, 29.93843], [-95.20639, 29.93191], [-95.20204, 29.92838], [-95.20095, 29.92693], [-95.20009, 29.92467], [-95.19817, 29.92493], [-95.19603, 29.92498], [-95.19289, 29.92441], [-95.1903, 29.92441], [-95.18861, 29.9247], [-95.18602, 29.9247], [-95.18365, 29.92492], [-95.18116, 29.92577], [-95.17956, 29.92675], [-95.17821, 29.92805], [-95.17675, 29.93071], [-95.17643, 29.93237], [-95.17637, 29.9353], [-95.17573, 29.93928], [-95.17561, 29.9435], [-95.17451, 29.9513], [-95.17409, 29.95306], [-95.17333, 29.95454], [-95.16944, 29.95975], [-95.16857, 29.96199], [-95.16864, 29.96356], [-95.16992, 29.96722]]]}, "properties": {"GEOID": "48201252001", "under5_pop": 183, "licensed_capacity": 505, "children_per_slot": 0.36, "childcare_desert": 0, "pct_zero_car": 0.025}}, {"type": "Feature", "geometry": {"type": "Polygon", "coordinates": [[[-95.49222, 29.66635], [-95.49205, 29.65719], [-95.483, 29.65732], [-95.48135, 29.65756], [-95.47886, 29.65828], [-95.47671, 29.6593], [-95.47683, 29.66653], [-95.49222, 29.66635]]]}, "properties": {"GEOID": "48201422000", "under5_pop": 259, "licensed_capacity": 0, "children_per_slot": null, "childcare_desert": 1, "pct_zero_car": 0.0107}}, {"type": "Feature", "geometry": {"type": "Polygon", "coordinates": [[[-95.24965, 29.95117], [-95.2497, 29.94962], [-95.24954, 29.93967], [-95.24951, 29.9345], [-95.24381, 29.93457], [-95.24074, 29.93443], [-95.23588, 29.93391], [-95.23408, 29.93396], [-95.23432, 29.93517], [-95.23519, 29.93594], [-95.23589, 29.93734], [-95.23607, 29.94275], [-95.2359, 29.94469], [-95.23706, 29.94592], [-95.24067, 29.94882], [-95.24146, 29.94902], [-95.24328, 29.94877], [-95.24794, 29.94966], [-95.24965, 29.95117]]]}, "properties": {"GEOID": "48201250303", "under5_pop": 32, "licensed_capacity": 243, "children_per_slot": 0.13, "childcare_desert": 0, "pct_zero_car": 0.0188}}, {"type": "Feature", "geometry": {"type": "Polygon", "coordinates": [[[-95.52747, 30.0499], [-95.52741, 30.04905], [-95.52646, 30.04788], [-95.52494, 30.04731], [-95.5233, 30.04578], [-95.52055, 30.04517], [-95.51902, 30.04385], [-95.51778, 30.04328], [-95.51579, 30.04159], [-95.51359, 30.03858], [-95.51304, 30.03818], [-95.51284, 30.03709], [-95.51182, 30.03608], [-95.50989, 30.03573], [-95.50741, 30.03192], [-95.50715, 30.03016], [-95.49307, 30.03791], [-95.48856, 30.04039], [-95.48906, 30.04132], [-95.49277, 30.05046], [-95.50055, 30.04612], [-95.50294, 30.04493], [-95.50512, 30.04403], [-95.50608, 30.04386], [-95.50878, 30.04401], [-95.51033, 30.04458], [-95.51176, 30.04562], [-95.51323, 30.04775], [-95.51476, 30.04914], [-95.51699, 30.04992], [-95.52021, 30.05057], [-95.52555, 30.05031], [-95.52747, 30.0499]]]}, "properties": {"GEOID": "48201553801", "under5_pop": 178, "licensed_capacity": 145, "children_per_slot": 1.23, "childcare_desert": 0, "pct_zero_car": 0.019}}, {"type": "Feature", "geometry": {"type": "Polygon", "coordinates": [[[-95.49671, 30.08347], [-95.49667, 30.08091], [-95.49682, 30.07405], [-95.49483, 30.07387], [-95.4927, 30.0734], [-95.48606, 30.07132], [-95.48293, 30.07072], [-95.48104, 30.07058], [-95.47649, 30.0706], [-95.46934, 30.07064], [-95.46923, 30.0733], [-95.4684, 30.07541], [-95.46839, 30.07639], [-95.46888, 30.07851], [-95.46887, 30.08267], [-95.47328, 30.08273], [-95.48986, 30.08377], [-95.4942, 30.08376], [-95.49671, 30.08347]]]}, "properties": {"GEOID": "48201555101", "under5_pop": 246, "licensed_capacity": 242, "children_per_slot": 1.02, "childcare_desert": 0, "pct_zero_car": 0.0161}}, {"type": "Feature", "geometry": {"type": "Polygon", "coordinates": [[[-95.40961, 29.77766], [-95.40946, 29.77047], [-95.40612, 29.7705], [-95.39727, 29.76956], [-95.39744, 29.77667], [-95.39901, 29.77659], [-95.40296, 29.77682], [-95.40784, 29.77758], [-95.40961, 29.77766]]]}, "properties": {"GEOID": "48201510601", "under5_pop": 121, "licensed_capacity": 0, "children_per_slot": null, "childcare_desert": 1, "pct_zero_car": 0.0219}}, {"type": "Feature", "geometry": {"type": "Polygon", "coordinates": [[[-95.34863, 29.84807], [-95.35207, 29.84804], [-95.35517, 29.84721], [-95.35905, 29.8465], [-95.3568, 29.83743], [-95.35549, 29.83232], [-95.35094, 29.83241], [-95.35096, 29.83368], [-95.34812, 29.83387], [-95.34821, 29.83773], [-95.34291, 29.83778], [-95.34277, 29.8379], [-95.34281, 29.84044], [-95.3429, 29.84815], [-95.34863, 29.84807]]]}, "properties": {"GEOID": "48201220701", "under5_pop": 167, "licensed_capacity": 0, "children_per_slot": null, "childcare_desert": 1, "pct_zero_car": 0.1097}}, {"type": "Feature", "geometry": {"type": "Polygon", "coordinates": [[[-95.37954, 29.68692], [-95.38062, 29.68489], [-95.38079, 29.68249], [-95.3812, 29.68072], [-95.37166, 29.68093], [-95.36665, 29.68097], [-95.36581, 29.68311], [-95.37472, 29.6859], [-95.37343, 29.68905], [-95.37541, 29.68969], [-95.37372, 29.69399], [-95.37129, 29.69328], [-95.37075, 29.69472], [-95.36838, 29.69401], [-95.36779, 29.69546], [-95.37628, 29.69806], [-95.37722, 29.69504], [-95.37815, 29.69157], [-95.37954, 29.68692]]]}, "properties": {"GEOID": "48201313802", "under5_pop": 129, "licensed_capacity": 57, "children_per_slot": 2.26, "childcare_desert": 0, "pct_zero_car": 0.1699}}, {"type": "Feature", "geometry": {"type": "Polygon", "coordinates": [[[-95.42916, 29.77765], [-95.4273, 29.77599], [-95.42419, 29.77241], [-95.42294, 29.77116], [-95.42115, 29.77096], [-95.41342, 29.77043], [-95.40946, 29.77047], [-95.40961, 29.77766], [-95.41096, 29.77767], [-95.42494, 29.77747], [-95.42916, 29.77765]]]}, "properties": {"GEOID": "48201510602", "under5_pop": 109, "licensed_capacity": 534, "children_per_slot": 0.2, "childcare_desert": 0, "pct_zero_car": 0.0}}, {"type": "Feature", "geometry": {"type": "Polygon", "coordinates": [[[-95.06378, 29.91324], [-95.07228, 29.90669], [-95.07761, 29.90269], [-95.08366, 29.89787], [-95.08452, 29.89586], [-95.08813, 29.88422], [-95.08867, 29.88339], [-95.09019, 29.88193], [-95.09211, 29.88091], [-95.09538, 29.88024], [-95.09423, 29.87938], [-95.09366, 29.87818], [-95.09424, 29.87619], [-95.08835, 29.87757], [-95.08535, 29.87847], [-95.08213, 29.87961], [-95.06594, 29.88396], [-95.06452, 29.88456], [-95.06339, 29.88571], [-95.06164, 29.88873], [-95.06005, 29.88822], [-95.05925, 29.88883], [-95.05202, 29.88891], [-95.04114, 29.88862], [-95.02405, 29.8879], [-95.02361, 29.88792], [-95.01224, 29.88973], [-95.01057, 29.88993], [-94.99772, 29.89205], [-94.99176, 29.89295], [-94.9845, 29.89426], [-94.98522, 29.89667], [-94.98792, 29.90474], [-94.9905, 29.90835], [-94.99092, 29.90921], [-94.99287, 29.91187], [-94.9937, 29.9124], [-94.99477, 29.91542], [-94.99645, 29.91811], [-94.99866, 29.91977], [-94.99775, 29.92199], [-94.99651, 29.92377], [-94.99546, 29.92404], [-94.99416, 29.92573], [-94.99278, 29.92616], [-94.99268, 29.92733], [-94.99371, 29.92841], [-94.9952, 29.92905], [-94.99614, 29.93008], [-94.99589, 29.93208], [-94.99511, 29.93624], [-94.99473, 29.93734], [-94.99197, 29.94076], [-94.98791, 29.9523], [-94.98751, 29.95304], [-94.98117, 29.95556], [-94.98068, 29.95746], [-94.98138, 29.96025], [-94.9821, 29.96475], [-94.98349, 29.96613], [-94.98476, 29.96803], [-94.98527, 29.97037], [-94.98536, 29.97228], [-94.98591, 29.97301], [-94.98959, 29.97011], [-95.00612, 29.95736], [-95.01159, 29.95322], [-95.02806, 29.9407], [-95.03179, 29.93779], [-95.03365, 29.93645], [-95.04152, 29.93034], [-95.04776, 29.92566], [-95.05298, 29.92157], [-95.05612, 29.91923], [-95.06378, 29.91324]]]}, "properties": {"GEOID": "48201252700", "under5_pop": 363, "licensed_capacity": 165, "children_per_slot": 2.2, "childcare_desert": 0, "pct_zero_car": 0.0676}}, {"type": "Feature", "geometry": {"type": "Polygon", "coordinates": [[[-95.42268, 29.7615], [-95.42363, 29.76198], [-95.4246, 29.76296], [-95.42579, 29.76354], [-95.42731, 29.76351], [-95.42716, 29.76249], [-95.42776, 29.7619], [-95.42832, 29.76054], [-95.42718, 29.75957], [-95.42682, 29.75839], [-95.42591, 29.75793], [-95.42547, 29.75675], [-95.42467, 29.75683], [-95.42441, 29.75807], [-95.42363, 29.7584], [-95.42248, 29.75734], [-95.42173, 29.75774], [-95.42028, 29.75928], [-95.41929, 29.75872], [-95.41829, 29.75755], [-95.41699, 29.75867], [-95.41603, 29.76016], [-95.41368, 29.75992], [-95.41317, 29.76055], [-95.41298, 29.76238], [-95.41174, 29.76205], [-95.40863, 29.76052], [-95.40929, 29.76313], [-95.40938, 29.76607], [-95.41631, 29.76593], [-95.41621, 29.76148], [-95.41756, 29.76138], [-95.42217, 29.76138], [-95.42268, 29.7615]]]}, "properties": {"GEOID": "48201510803", "under5_pop": 79, "licensed_capacity": 0, "children_per_slot": null, "childcare_desert": 1, "pct_zero_car": 0.0114}}, {"type": "Feature", "geometry": {"type": "Polygon", "coordinates": [[[-95.29059, 29.95219], [-95.29236, 29.94806], [-95.29598, 29.93996], [-95.28833, 29.94012], [-95.28333, 29.94055], [-95.27856, 29.94491], [-95.26817, 29.95451], [-95.26636, 29.95596], [-95.26631, 29.95677], [-95.26545, 29.96022], [-95.26263, 29.97233], [-95.26093, 29.97931], [-95.26981, 29.98089], [-95.27208, 29.9808], [-95.27392, 29.9811], [-95.27716, 29.9824], [-95.2786, 29.97865], [-95.27985, 29.97635], [-95.28459, 29.96571], [-95.28543, 29.96368], [-95.29059, 29.95219]]]}, "properties": {"GEOID": "48201250101", "under5_pop": 209, "licensed_capacity": 24, "children_per_slot": 8.71, "childcare_desert": 1, "pct_zero_car": 0.0234}}, {"type": "Feature", "geometry": {"type": "Polygon", "coordinates": [[[-95.49231, 29.8847], [-95.48748, 29.8762], [-95.48625, 29.87393], [-95.48162, 29.86576], [-95.48038, 29.86566], [-95.4791, 29.86559], [-95.47565, 29.86576], [-95.47279, 29.86689], [-95.47387, 29.87324], [-95.47398, 29.87504], [-95.47379, 29.87655], [-95.4739, 29.88431], [-95.47826, 29.88484], [-95.48268, 29.88472], [-95.48523, 29.88422], [-95.48529, 29.88476], [-95.49231, 29.8847]]]}, "properties": {"GEOID": "48201532700", "under5_pop": 506, "licensed_capacity": 160, "children_per_slot": 3.16, "childcare_desert": 1, "pct_zero_car": 0.0568}}, {"type": "Feature", "geometry": {"type": "Polygon", "coordinates": [[[-95.45094, 29.81985], [-95.45041, 29.81861], [-95.44969, 29.81836], [-95.44638, 29.8183], [-95.4456, 29.81793], [-95.44533, 29.81722], [-95.44527, 29.8168], [-95.44378, 29.8145], [-95.44252, 29.8107], [-95.44205, 29.80978], [-95.44088, 29.80887], [-95.43398, 29.81177], [-95.43235, 29.81234], [-95.43045, 29.81262], [-95.41187, 29.81274], [-95.3994, 29.8129], [-95.39956, 29.81919], [-95.40882, 29.81905], [-95.41044, 29.81909], [-95.41589, 29.81926], [-95.42027, 29.81928], [-95.42467, 29.81946], [-95.4295, 29.81944], [-95.44085, 29.81968], [-95.44448, 29.81971], [-95.45094, 29.81985]]]}, "properties": {"GEOID": "48201530200", "under5_pop": 458, "licensed_capacity": 1675, "children_per_slot": 0.27, "childcare_desert": 0, "pct_zero_car": 0.0366}}, {"type": "Feature", "geometry": {"type": "Polygon", "coordinates": [[[-95.76317, 30.08693], [-95.763, 30.07478], [-95.76419, 30.07426], [-95.77627, 30.07032], [-95.78102, 30.06821], [-95.78154, 30.06688], [-95.78147, 30.06269], [-95.77078, 30.06284], [-95.77061, 30.06269], [-95.77069, 30.05936], [-95.77029, 30.05359], [-95.77017, 30.03716], [-95.77706, 30.03707], [-95.77612, 30.03526], [-95.77571, 30.03541], [-95.7747, 30.03461], [-95.77376, 30.03453], [-95.77161, 30.03189], [-95.77075, 30.03204], [-95.7703, 30.03302], [-95.76894, 30.03251], [-95.7676, 30.03121], [-95.76626, 30.03073], [-95.76565, 30.02944], [-95.7657, 30.02758], [-95.76481, 30.02673], [-95.76532, 30.02579], [-95.76466, 30.02417], [-95.7637, 30.02388], [-95.7625, 30.02431], [-95.76168, 30.02397], [-95.75956, 30.0242], [-95.75959, 30.02508], [-95.75825, 30.02593], [-95.75745, 30.02705], [-95.75473, 30.02699], [-95.75296, 30.02788], [-95.75154, 30.02724], [-95.74946, 30.02812], [-95.74671, 30.02832], [-95.74595, 30.02799], [-95.74558, 30.02984], [-95.74326, 30.0296], [-95.74256, 30.02892], [-95.74084, 30.02886], [-95.74043, 30.02974], [-95.7389, 30.02924], [-95.7392, 30.02852], [-95.73853, 30.02764], [-95.73767, 30.02771], [-95.73697, 30.02839], [-95.7353, 30.0275], [-95.73364, 30.02824], [-95.73309, 30.02699], [-95.73333, 30.02577], [-95.73239, 30.02539], [-95.72938, 30.02208], [-95.72724, 30.02231], [-95.72638, 30.02182], [-95.72498, 30.022], [-95.72318, 30.02082], [-95.72227, 30.02138], [-95.72105, 30.0213], [-95.721, 30.02201], [-95.72033, 30.02184], [-95.71951, 30.02093], [-95.71825, 30.02119], [-95.71696, 30.02103], [-95.71693, 30.01956], [-95.71407, 30.01847], [-95.71139, 30.0188], [-95.70885, 30.01766], [-95.70829, 30.01763], [-95.70799, 30.01842], [-95.70702, 30.01847], [-95.70656, 30.01788], [-95.70429, 30.01605], [-95.70311, 30.01662], [-95.70219, 30.01588], [-95.70201, 30.01444], [-95.70033, 30.01488], [-95.70035, 30.01565], [-95.69956, 30.01556], [-95.69921, 30.01463], [-95.69813, 30.01499], [-95.69742, 30.01604], [-95.69728, 30.01709], [-95.69736, 30.0246], [-95.69767, 30.05049], [-95.69752, 30.05214], [-95.69719, 30.05437], [-95.6974, 30.06629], [-95.69788, 30.06694], [-95.70014, 30.06704], [-95.70011, 30.07102], [-95.70023, 30.08092], [-95.70121, 30.0816], [-95.70152, 30.08511], [-95.70196, 30.08738], [-95.70231, 30.09816], [-95.70211, 30.09904], [-95.70301, 30.09981], [-95.70389, 30.10119], [-95.70512, 30.10232], [-95.70692, 30.10287], [-95.70949, 30.10291], [-95.71173, 30.10189], [-95.71291, 30.10175], [-95.71391, 30.10232], [-95.71513, 30.10229], [-95.71606, 30.10136], [-95.7173, 30.09936], [-95.72263, 30.10002], [-95.72347, 30.09871], [-95.72488, 30.09759], [-95.72593, 30.09727], [-95.72762, 30.09595], [-95.72918, 30.09517], [-95.7295, 30.09531], [-95.73299, 30.09445], [-95.73394, 30.09354], [-95.73791, 30.09474], [-95.74075, 30.09613], [-95.74249, 30.09662], [-95.7442, 30.09501], [-95.7453, 30.09504], [-95.74552, 30.09558], [-95.74636, 30.09536], [-95.74895, 30.09585], [-95.74992, 30.09525], [-95.75023, 30.09459], [-95.75173, 30.09372], [-95.75329, 30.09345], [-95.75453, 30.09224], [-95.75602, 30.09182], [-95.75644, 30.09133], [-95.75938, 30.09023], [-95.75968, 30.0899], [-95.75961, 30.08789], [-95.7604, 30.08666], [-95.76153, 30.08638], [-95.76317, 30.08693]]]}, "properties": {"GEOID": "48201555600", "under5_pop": 461, "licensed_capacity": 526, "children_per_slot": 0.88, "childcare_desert": 0, "pct_zero_car": 0.0}}, {"type": "Feature", "geometry": {"type": "Polygon", "coordinates": [[[-95.64397, 29.70396], [-95.64383, 29.69944], [-95.64367, 29.68969], [-95.63999, 29.69011], [-95.63427, 29.69018], [-95.63438, 29.704], [-95.64397, 29.70396]]]}, "properties": {"GEOID": "48201452703", "under5_pop": 338, "licensed_capacity": 255, "children_per_slot": 1.33, "childcare_desert": 0, "pct_zero_car": 0.1189}}, {"type": "Feature", "geometry": {"type": "Polygon", "coordinates": [[[-95.14921, 29.94882], [-95.14983, 29.94327], [-95.14044, 29.92672], [-95.1335, 29.92003], [-95.12538, 29.92409], [-95.12484, 29.9243], [-95.12297, 29.92267], [-95.12288, 29.92129], [-95.12206, 29.92005], [-95.12074, 29.91982], [-95.11667, 29.91729], [-95.11563, 29.91718], [-95.11035, 29.91878], [-95.10274, 29.92067], [-95.10233, 29.92095], [-95.09975, 29.92414], [-95.09705, 29.92587], [-95.09619, 29.9261], [-95.08424, 29.92297], [-95.07813, 29.92335], [-95.06816, 29.92485], [-95.06742, 29.92467], [-95.06394, 29.92263], [-95.06395, 29.92514], [-95.06232, 29.92527], [-95.06233, 29.92902], [-95.06248, 29.94034], [-95.06285, 29.94072], [-95.0629, 29.94315], [-95.07509, 29.94296], [-95.07598, 29.94637], [-95.07766, 29.94931], [-95.09586, 29.94911], [-95.10503, 29.94897], [-95.10647, 29.94858], [-95.10857, 29.94848], [-95.1335, 29.94813], [-95.14269, 29.94803], [-95.143, 29.94924], [-95.14517, 29.94872], [-95.14921, 29.94882]]]}, "properties": {"GEOID": "48201251904", "under5_pop": 800, "licensed_capacity": 24, "children_per_slot": 33.33, "childcare_desert": 1, "pct_zero_car": 0.0}}, {"type": "Feature", "geometry": {"type": "Polygon", "coordinates": [[[-94.99762, 29.82009], [-94.99935, 29.82007], [-94.99923, 29.80848], [-94.99759, 29.80228], [-94.98174, 29.80475], [-94.98474, 29.82128], [-94.99084, 29.82023], [-94.99762, 29.82009]]]}, "properties": {"GEOID": "48201253101", "under5_pop": 565, "licensed_capacity": 351, "children_per_slot": 1.61, "childcare_desert": 0, "pct_zero_car": 0.0}}, {"type": "Feature", "geometry": {"type": "Polygon", "coordinates": [[[-95.55566, 29.68103], [-95.55622, 29.67842], [-95.5562, 29.67751], [-95.55346, 29.67749], [-95.55248, 29.67984], [-95.55166, 29.68084], [-95.553, 29.68205], [-95.55395, 29.6805], [-95.55566, 29.68103]]]}, "properties": {"GEOID": "48201433506", "under5_pop": 263, "licensed_capacity": 0, "children_per_slot": null, "childcare_desert": 1, "pct_zero_car": 0.2489}}, {"type": "Feature", "geometry": {"type": "Polygon", "coordinates": [[[-95.56048, 29.67463], [-95.56036, 29.67005], [-95.55702, 29.67019], [-95.55578, 29.67054], [-95.55193, 29.6707], [-95.55087, 29.67109], [-95.54892, 29.66962], [-95.54218, 29.67587], [-95.55365, 29.67509], [-95.56048, 29.67463]]]}, "properties": {"GEOID": "48201433602", "under5_pop": 360, "licensed_capacity": 178, "children_per_slot": 2.02, "childcare_desert": 0, "pct_zero_car": 0.1259}}, {"type": "Feature", "geometry": {"type": "Polygon", "coordinates": [[[-95.22116, 29.62975], [-95.22141, 29.63483], [-95.22375, 29.63482], [-95.22379, 29.63737], [-95.22468, 29.63793], [-95.22979, 29.63784], [-95.23044, 29.63773], [-95.23665, 29.63765], [-95.23774, 29.63739], [-95.23885, 29.63663], [-95.22906, 29.6277], [-95.22512, 29.62777], [-95.22256, 29.62875], [-95.22116, 29.62975]]]}, "properties": {"GEOID": "48201321001", "under5_pop": 181, "licensed_capacity": 32, "children_per_slot": 5.66, "childcare_desert": 1, "pct_zero_car": 0.0556}}, {"type": "Feature", "geometry": {"type": "Polygon", "coordinates": [[[-95.55346, 29.67749], [-95.55375, 29.67642], [-95.55365, 29.67509], [-95.54218, 29.67587], [-95.53679, 29.68086], [-95.53748, 29.68104], [-95.53902, 29.68019], [-95.54392, 29.68086], [-95.54755, 29.68166], [-95.5486, 29.68231], [-95.54944, 29.68446], [-95.54875, 29.68663], [-95.54911, 29.68782], [-95.55158, 29.68662], [-95.55139, 29.68606], [-95.55141, 29.68356], [-95.55048, 29.68148], [-95.55166, 29.68084], [-95.55248, 29.67984], [-95.55346, 29.67749]]]}, "properties": {"GEOID": "48201433504", "under5_pop": 392, "licensed_capacity": 0, "children_per_slot": null, "childcare_desert": 1, "pct_zero_car": 0.2083}}, {"type": "Feature", "geometry": {"type": "Polygon", "coordinates": [[[-95.58786, 29.70374], [-95.58763, 29.69334], [-95.58759, 29.68893], [-95.58297, 29.68894], [-95.58124, 29.68882], [-95.57658, 29.68805], [-95.57465, 29.68804], [-95.57469, 29.6919], [-95.57528, 29.69675], [-95.57538, 29.70386], [-95.58786, 29.70374]]]}, "properties": {"GEOID": "48201453002", "under5_pop": 413, "licensed_capacity": 348, "children_per_slot": 1.19, "childcare_desert": 0, "pct_zero_car": 0.0276}}, {"type": "Feature", "geometry": {"type": "Polygon", "coordinates": [[[-95.63292, 29.7559], [-95.63317, 29.75424], [-95.63243, 29.75286], [-95.6307, 29.7532], [-95.62997, 29.75287], [-95.62961, 29.75176], [-95.62987, 29.74959], [-95.6288, 29.74954], [-95.62829, 29.74887], [-95.62821, 29.74315], [-95.62672, 29.74313], [-95.62674, 29.73588], [-95.62382, 29.73586], [-95.62352, 29.73836], [-95.62358, 29.74117], [-95.62411, 29.74437], [-95.625, 29.74672], [-95.6252, 29.74766], [-95.62526, 29.75491], [-95.62755, 29.75573], [-95.62923, 29.75592], [-95.63292, 29.7559]]]}, "properties": {"GEOID": "48201451605", "under5_pop": 147, "licensed_capacity": 300, "children_per_slot": 0.49, "childcare_desert": 0, "pct_zero_car": 0.0245}}, {"type": "Feature", "geometry": {"type": "Polygon", "coordinates": [[[-95.75159, 29.75855], [-95.75145, 29.74647], [-95.74988, 29.74543], [-95.74254, 29.74118], [-95.73867, 29.73931], [-95.73739, 29.73853], [-95.73663, 29.73759], [-95.73564, 29.73778], [-95.73451, 29.73711], [-95.73513, 29.73637], [-95.7343, 29.73588], [-95.73361, 29.73627], [-95.73305, 29.7372], [-95.73084, 29.74357], [-95.72939, 29.74615], [-95.73177, 29.74749], [-95.7336, 29.74925], [-95.73429, 29.75147], [-95.73433, 29.75952], [-95.73682, 29.75945], [-95.74157, 29.75866], [-95.75159, 29.75855]]]}, "properties": {"GEOID": "48201454902", "under5_pop": 363, "licensed_capacity": 232, "children_per_slot": 1.56, "childcare_desert": 0, "pct_zero_car": 0.0325}}, {"type": "Feature", "geometry": {"type": "Polygon", "coordinates": [[[-95.37372, 29.76005], [-95.3746, 29.75761], [-95.37449, 29.75288], [-95.37376, 29.75126], [-95.37273, 29.75035], [-95.37095, 29.74932], [-95.36519, 29.74588], [-95.36268, 29.74487], [-95.35849, 29.74976], [-95.35781, 29.75051], [-95.35127, 29.75875], [-95.35028, 29.76082], [-95.34934, 29.76448], [-95.34838, 29.76596], [-95.34768, 29.76651], [-95.34833, 29.76639], [-95.34994, 29.76529], [-95.35128, 29.76522], [-95.35263, 29.76575], [-95.35353, 29.76558], [-95.35386, 29.7647], [-95.35338, 29.76252], [-95.35381, 29.76204], [-95.35683, 29.76289], [-95.3579, 29.76361], [-95.35886, 29.76296], [-95.36582, 29.75419], [-95.36928, 29.75629], [-95.3687, 29.75703], [-95.37291, 29.75968], [-95.37372, 29.76005]]]}, "properties": {"GEOID": "48201100001", "under5_pop": 233, "licensed_capacity": 779, "children_per_slot": 0.3, "childcare_desert": 0, "pct_zero_car": 0.2306}}, {"type": "Feature", "geometry": {"type": "Polygon", "coordinates": [[[-95.67347, 29.95307], [-95.67631, 29.94715], [-95.6742, 29.94649], [-95.67146, 29.94536], [-95.67034, 29.94472], [-95.66897, 29.94343], [-95.66751, 29.94039], [-95.66751, 29.93796], [-95.66785, 29.93466], [-95.66766, 29.93328], [-95.66712, 29.93186], [-95.66614, 29.93017], [-95.66561, 29.92865], [-95.66569, 29.9266], [-95.6661, 29.92558], [-95.66819, 29.92157], [-95.66847, 29.91987], [-95.66842, 29.91763], [-95.6588, 29.91772], [-95.65005, 29.91772], [-95.6479, 29.9174], [-95.64643, 29.91938], [-95.64587, 29.92163], [-95.64593, 29.92716], [-95.64661, 29.92946], [-95.64907, 29.93246], [-95.65021, 29.93479], [-95.64999, 29.9365], [-95.65418, 29.93936], [-95.66802, 29.949], [-95.67025, 29.95075], [-95.67347, 29.95307]]]}, "properties": {"GEOID": "48201541008", "under5_pop": 361, "licensed_capacity": 297, "children_per_slot": 1.22, "childcare_desert": 0, "pct_zero_car": 0.0597}}, {"type": "Feature", "geometry": {"type": "Polygon", "coordinates": [[[-95.69849, 29.9972], [-95.70999, 29.99707], [-95.71178, 29.99669], [-95.71305, 29.99611], [-95.7152, 29.99434], [-95.71609, 29.99287], [-95.71695, 29.99042], [-95.71862, 29.98856], [-95.72028, 29.98765], [-95.71745, 29.98153], [-95.71671, 29.98048], [-95.71696, 29.97904], [-95.7104, 29.97654], [-95.70674, 29.97528], [-95.6998, 29.9736], [-95.69951, 29.97467], [-95.69922, 29.97983], [-95.69942, 29.99318], [-95.69935, 29.99614], [-95.69849, 29.9972]]]}, "properties": {"GEOID": "48201554405", "under5_pop": 528, "licensed_capacity": 36, "children_per_slot": 14.67, "childcare_desert": 1, "pct_zero_car": 0.0187}}, {"type": "Feature", "geometry": {"type": "Polygon", "coordinates": [[[-94.99973, 29.77105], [-95.00269, 29.77094], [-95.01105, 29.77082], [-95.01333, 29.76987], [-95.0106, 29.76745], [-95.00623, 29.76302], [-95.00479, 29.76319], [-95.0033, 29.76279], [-95.00016, 29.76275], [-94.9994, 29.7631], [-94.99811, 29.76256], [-94.99676, 29.76161], [-94.99554, 29.76137], [-94.99453, 29.76046], [-94.99359, 29.76045], [-94.99148, 29.7593], [-94.98839, 29.76033], [-94.98596, 29.7607], [-94.98018, 29.76087], [-94.97737, 29.76128], [-94.97755, 29.76975], [-94.98151, 29.7698], [-94.98968, 29.76974], [-94.99131, 29.77008], [-94.99379, 29.77097], [-94.99488, 29.77107], [-94.99973, 29.77105]]]}, "properties": {"GEOID": "48201253601", "under5_pop": 188, "licensed_capacity": 0, "children_per_slot": null, "childcare_desert": 1, "pct_zero_car": 0.0168}}, {"type": "Feature", "geometry": {"type": "Polygon", "coordinates": [[[-95.72028, 29.86135], [-95.71871, 29.8572], [-95.71861, 29.85193], [-95.71919, 29.84694], [-95.71918, 29.84575], [-95.71889, 29.84229], [-95.71715, 29.84233], [-95.71566, 29.84323], [-95.71386, 29.84374], [-95.71288, 29.84368], [-95.71093, 29.84263], [-95.71012, 29.84251], [-95.70733, 29.84292], [-95.70493, 29.844], [-95.70254, 29.84443], [-95.7026, 29.84515], [-95.70265, 29.84935], [-95.70303, 29.85076], [-95.70544, 29.85419], [-95.70589, 29.85607], [-95.70592, 29.8594], [-95.70577, 29.86111], [-95.70625, 29.86374], [-95.70607, 29.86513], [-95.70778, 29.86522], [-95.71013, 29.86466], [-95.71506, 29.86247], [-95.71663, 29.86199], [-95.72028, 29.86135]]]}, "properties": {"GEOID": "48201542105", "under5_pop": 505, "licensed_capacity": 324, "children_per_slot": 1.56, "childcare_desert": 0, "pct_zero_car": 0.0439}}, {"type": "Feature", "geometry": {"type": "Polygon", "coordinates": [[[-95.14189, 30.02093], [-95.14334, 30.01308], [-95.14377, 30.01308], [-95.14522, 30.01487], [-95.1473, 30.01694], [-95.14858, 30.0186], [-95.15227, 30.0202], [-95.15244, 30.01991], [-95.15502, 30.02014], [-95.1551, 30.02077], [-95.15709, 30.02015], [-95.15516, 30.01845], [-95.15538, 30.01758], [-95.15718, 30.01753], [-95.15778, 30.0169], [-95.15784, 30.01468], [-95.15651, 30.01405], [-95.15606, 30.01343], [-95.15983, 30.01239], [-95.16082, 30.01041], [-95.16536, 30.01168], [-95.16577, 30.01058], [-95.16665, 30.00988], [-95.16733, 30.01047], [-95.16874, 30.00965], [-95.16961, 30.00788], [-95.16784, 30.00736], [-95.16565, 30.00593], [-95.16462, 30.00469], [-95.16209, 29.99863], [-95.15951, 29.99956], [-95.15361, 30.00309], [-95.14622, 30.00756], [-95.14239, 30.00936], [-95.13172, 30.01286], [-95.13291, 30.01692], [-95.13205, 30.02116], [-95.13676, 30.02182], [-95.14189, 30.02093]]]}, "properties": {"GEOID": "48201250801", "under5_pop": 148, "licensed_capacity": 0, "children_per_slot": null, "childcare_desert": 1, "pct_zero_car": 0.0133}}, {"type": "Feature", "geometry": {"type": "Polygon", "coordinates": [[[-95.92142, 30.05535], [-95.92116, 30.05383], [-95.9024, 30.0024], [-95.89948, 29.9946], [-95.89418, 29.98101], [-95.8931, 29.97771], [-95.89221, 29.97563], [-95.89019, 29.96834], [-95.88894, 29.96501], [-95.88765, 29.96109], [-95.87871, 29.93621], [-95.86709, 29.90371], [-95.86201, 29.88905], [-95.85721, 29.87579], [-95.85685, 29.87458], [-95.84062, 29.87467], [-95.80724, 29.87492], [-95.80753, 29.90397], [-95.80775, 29.92183], [-95.80818, 29.94109], [-95.8082, 29.94406], [-95.80918, 29.98824], [-95.80931, 29.99492], [-95.80909, 29.9956], [-95.81447, 29.99553], [-95.81513, 29.99622], [-95.81523, 30.01628], [-95.82234, 30.0188], [-95.8262, 30.02033], [-95.83019, 30.02155], [-95.8517, 30.02957], [-95.85857, 30.03218], [-95.88222, 30.04109], [-95.90859, 30.05095], [-95.91794, 30.05451], [-95.92142, 30.05535]]]}, "properties": {"GEOID": "48201543100", "under5_pop": 435, "licensed_capacity": 0, "children_per_slot": null, "childcare_desert": 1, "pct_zero_car": 0.0421}}, {"type": "Feature", "geometry": {"type": "Polygon", "coordinates": [[[-95.47387, 30.04848], [-95.47119, 30.04571], [-95.46865, 30.04223], [-95.468, 30.041], [-95.46752, 30.03941], [-95.46662, 30.03804], [-95.46494, 30.03885], [-95.46217, 30.0399], [-95.45865, 30.04162], [-95.4555, 30.04335], [-95.45382, 30.04393], [-95.45158, 30.04406], [-95.45015, 30.04387], [-95.44798, 30.04402], [-95.44644, 30.0446], [-95.44693, 30.04523], [-95.45349, 30.04769], [-95.45433, 30.0476], [-95.45562, 30.04687], [-95.45825, 30.0505], [-95.45931, 30.05108], [-95.46103, 30.05328], [-95.46277, 30.05245], [-95.46786, 30.05161], [-95.47387, 30.04848]]]}, "properties": {"GEOID": "48201553404", "under5_pop": 92, "licensed_capacity": 99, "children_per_slot": 0.93, "childcare_desert": 0, "pct_zero_car": 0.0}}, {"type": "Feature", "geometry": {"type": "Polygon", "coordinates": [[[-95.26093, 29.97931], [-95.26263, 29.97233], [-95.26545, 29.96022], [-95.26631, 29.95677], [-95.26636, 29.95596], [-95.26147, 29.95816], [-95.25911, 29.95932], [-95.25381, 29.96168], [-95.25034, 29.96199], [-95.24802, 29.96197], [-95.24616, 29.96201], [-95.24414, 29.96277], [-95.23004, 29.97246], [-95.21906, 29.97847], [-95.21743, 29.97934], [-95.21897, 29.98027], [-95.22032, 29.98063], [-95.22365, 29.98062], [-95.2254, 29.98035], [-95.2334, 29.97828], [-95.2353, 29.97804], [-95.23761, 29.97815], [-95.24173, 29.97903], [-95.24382, 29.9792], [-95.25893, 29.97901], [-95.26093, 29.97931]]]}, "properties": {"GEOID": "48201250102", "under5_pop": 377, "licensed_capacity": 163, "children_per_slot": 2.31, "childcare_desert": 0, "pct_zero_car": 0.0}}, {"type": "Feature", "geometry": {"type": "Polygon", "coordinates": [[[-95.47637, 30.02437], [-95.47522, 30.0227], [-95.4743, 30.02174], [-95.46915, 30.0145], [-95.46656, 30.01573], [-95.4662, 30.01524], [-95.46429, 30.01652], [-95.46308, 30.01518], [-95.46014, 30.01731], [-95.46022, 30.01776], [-95.45871, 30.01858], [-95.45791, 30.01754], [-95.45709, 30.018], [-95.46216, 30.02498], [-95.45907, 30.02616], [-95.46315, 30.03174], [-95.46355, 30.03297], [-95.46454, 30.03253], [-95.46508, 30.03141], [-95.46538, 30.02998], [-95.46719, 30.02847], [-95.46729, 30.02683], [-95.46762, 30.02642], [-95.46906, 30.02632], [-95.47137, 30.02735], [-95.47253, 30.02738], [-95.47408, 30.02625], [-95.47541, 30.02476], [-95.47637, 30.02437]]]}, "properties": {"GEOID": "48201553101", "under5_pop": 131, "licensed_capacity": 0, "children_per_slot": null, "childcare_desert": 1, "pct_zero_car": 0.0165}}, {"type": "Feature", "geometry": {"type": "Polygon", "coordinates": [[[-95.45387, 29.78094], [-95.45232, 29.77994], [-95.44975, 29.77916], [-95.44302, 29.77915], [-95.44128, 29.77909], [-95.43822, 29.77867], [-95.42916, 29.77765], [-95.42494, 29.77747], [-95.42656, 29.77818], [-95.43117, 29.78057], [-95.43675, 29.78393], [-95.4189, 29.78369], [-95.41483, 29.78335], [-95.40966, 29.78332], [-95.4099, 29.79051], [-95.4118, 29.79038], [-95.41706, 29.79012], [-95.42006, 29.79002], [-95.42316, 29.78928], [-95.42989, 29.78925], [-95.43784, 29.78922], [-95.4433, 29.78917], [-95.45065, 29.79456], [-95.45126, 29.79501], [-95.45222, 29.79116], [-95.45231, 29.78985], [-95.45202, 29.78581], [-95.45215, 29.78378], [-95.45277, 29.78242], [-95.45387, 29.78094]]]}, "properties": {"GEOID": "48201510902", "under5_pop": 571, "licensed_capacity": 0, "children_per_slot": null, "childcare_desert": 1, "pct_zero_car": 0.0161}}, {"type": "Feature", "geometry": {"type": "Polygon", "coordinates": [[[-95.50959, 30.00342], [-95.51912, 29.99818], [-95.51246, 29.98917], [-95.51023, 29.99069], [-95.50783, 29.98771], [-95.50519, 29.98406], [-95.49839, 29.98784], [-95.49834, 29.98787], [-95.50056, 29.99086], [-95.50825, 30.0015], [-95.50959, 30.00342]]]}, "properties": {"GEOID": "48201552901", "under5_pop": 336, "licensed_capacity": 196, "children_per_slot": 1.71, "childcare_desert": 0, "pct_zero_car": 0.0212}}, {"type": "Feature", "geometry": {"type": "Polygon", "coordinates": [[[-95.51313, 29.97974], [-95.5105, 29.97665], [-95.50963, 29.97511], [-95.50689, 29.96773], [-95.50646, 29.96684], [-95.50431, 29.96383], [-95.50253, 29.95956], [-95.50166, 29.95793], [-95.50069, 29.95723], [-95.49833, 29.95687], [-95.49847, 29.96116], [-95.4983, 29.9628], [-95.49933, 29.96327], [-95.50373, 29.96934], [-95.50415, 29.97018], [-95.50134, 29.97117], [-95.49996, 29.97187], [-95.50068, 29.97354], [-95.50183, 29.97536], [-95.5025, 29.97712], [-95.50691, 29.98316], [-95.51313, 29.97974]]]}, "properties": {"GEOID": "48201551202", "under5_pop": 581, "licensed_capacity": 421, "children_per_slot": 1.38, "childcare_desert": 0, "pct_zero_car": 0.0164}}, {"type": "Feature", "geometry": {"type": "Polygon", "coordinates": [[[-95.78158, 30.02765], [-95.78235, 30.02745], [-95.78195, 30.00373], [-95.78046, 30.00325], [-95.77422, 30.00076], [-95.76885, 29.99876], [-95.76049, 29.9956], [-95.7589, 29.99914], [-95.7581, 30.00049], [-95.75659, 30.00197], [-95.75564, 30.0032], [-95.75509, 30.00488], [-95.75509, 30.00678], [-95.75633, 30.00962], [-95.75654, 30.01118], [-95.75644, 30.01266], [-95.75347, 30.01267], [-95.74973, 30.01346], [-95.74763, 30.01335], [-95.74472, 30.01273], [-95.7429, 30.01273], [-95.74301, 30.02039], [-95.74316, 30.02056], [-95.76466, 30.02032], [-95.76845, 30.02042], [-95.76852, 30.02743], [-95.7686, 30.02763], [-95.77094, 30.02776], [-95.78158, 30.02765]]]}, "properties": {"GEOID": "48201555704", "under5_pop": 800, "licensed_capacity": 12, "children_per_slot": 66.67, "childcare_desert": 1, "pct_zero_car": 0.0151}}, {"type": "Feature", "geometry": {"type": "Polygon", "coordinates": [[[-95.49834, 29.98787], [-95.49839, 29.98784], [-95.49176, 29.9791], [-95.48978, 29.98399], [-95.485, 29.98256], [-95.48545, 29.98148], [-95.48412, 29.98095], [-95.48267, 29.98113], [-95.47844, 29.9834], [-95.47887, 29.98479], [-95.47894, 29.9862], [-95.47954, 29.98791], [-95.48494, 29.99524], [-95.49834, 29.98787]]]}, "properties": {"GEOID": "48201551101", "under5_pop": 369, "licensed_capacity": 412, "children_per_slot": 0.9, "childcare_desert": 0, "pct_zero_car": 0.1271}}, {"type": "Feature", "geometry": {"type": "Polygon", "coordinates": [[[-95.75177, 29.77475], [-95.7517, 29.76966], [-95.75007, 29.76986], [-95.74762, 29.77106], [-95.74507, 29.7717], [-95.74342, 29.76545], [-95.73772, 29.76649], [-95.7349, 29.7666], [-95.7355, 29.76993], [-95.73563, 29.77625], [-95.73759, 29.77638], [-95.73935, 29.77603], [-95.74125, 29.7753], [-95.74303, 29.77502], [-95.74644, 29.775], [-95.74911, 29.77477], [-95.75177, 29.77475]]]}, "properties": {"GEOID": "48201454801", "under5_pop": 137, "licensed_capacity": 0, "children_per_slot": null, "childcare_desert": 1, "pct_zero_car": 0.0765}}, {"type": "Feature", "geometry": {"type": "Polygon", "coordinates": [[[-95.56308, 30.02712], [-95.56473, 30.02961], [-95.56673, 30.03171], [-95.56712, 30.03323], [-95.56825, 30.03326], [-95.57065, 30.03374], [-95.57332, 30.03505], [-95.57453, 30.03634], [-95.5753, 30.03787], [-95.57549, 30.03966], [-95.57563, 30.04427], [-95.57649, 30.0457], [-95.57801, 30.0471], [-95.57831, 30.04896], [-95.57738, 30.05153], [-95.57764, 30.05284], [-95.57878, 30.05384], [-95.57984, 30.05292], [-95.5819, 30.05178], [-95.5833, 30.05129], [-95.58671, 30.05103], [-95.57063, 30.02278], [-95.57021, 30.02309], [-95.56308, 30.02712]]]}, "properties": {"GEOID": "48201554808", "under5_pop": 489, "licensed_capacity": 495, "children_per_slot": 0.99, "childcare_desert": 0, "pct_zero_car": 0.0303}}, {"type": "Feature", "geometry": {"type": "Polygon", "coordinates": [[[-95.43657, 29.96542], [-95.43653, 29.965], [-95.43618, 29.94621], [-95.43416, 29.94612], [-95.43282, 29.9472], [-95.43254, 29.94808], [-95.43065, 29.95011], [-95.42934, 29.95187], [-95.42891, 29.95309], [-95.42796, 29.95375], [-95.42695, 29.95381], [-95.42621, 29.95436], [-95.42445, 29.95484], [-95.42314, 29.95548], [-95.42318, 29.95779], [-95.42349, 29.95927], [-95.42463, 29.96127], [-95.42683, 29.96043], [-95.42909, 29.95992], [-95.42915, 29.96371], [-95.42951, 29.9653], [-95.43145, 29.96526], [-95.43369, 29.96556], [-95.43657, 29.96542]]]}, "properties": {"GEOID": "48201550202", "under5_pop": 354, "licensed_capacity": 0, "children_per_slot": null, "childcare_desert": 1, "pct_zero_car": 0.2474}}, {"type": "Feature", "geometry": {"type": "Polygon", "coordinates": [[[-95.70364, 29.81505], [-95.70406, 29.81295], [-95.70393, 29.81178], [-95.70393, 29.80762], [-95.70397, 29.80031], [-95.68833, 29.80033], [-95.68807, 29.80233], [-95.6872, 29.80482], [-95.68709, 29.81106], [-95.68679, 29.81227], [-95.68937, 29.81335], [-95.69198, 29.81408], [-95.69464, 29.81526], [-95.69695, 29.81557], [-95.70034, 29.81496], [-95.70364, 29.81505]]]}, "properties": {"GEOID": "48201541901", "under5_pop": 87, "licensed_capacity": 139, "children_per_slot": 0.63, "childcare_desert": 0, "pct_zero_car": 0.0274}}, {"type": "Feature", "geometry": {"type": "Polygon", "coordinates": [[[-95.12464, 29.78902], [-95.12462, 29.78285], [-95.12451, 29.7782], [-95.12081, 29.77929], [-95.10814, 29.7846], [-95.10501, 29.78567], [-95.10496, 29.78609], [-95.10589, 29.78787], [-95.10605, 29.78924], [-95.10541, 29.79051], [-95.10548, 29.79154], [-95.10602, 29.79219], [-95.10524, 29.79317], [-95.10417, 29.79382], [-95.10462, 29.79502], [-95.10637, 29.79688], [-95.10652, 29.7974], [-95.10775, 29.79798], [-95.10867, 29.7989], [-95.1103, 29.79982], [-95.1106, 29.80037], [-95.11151, 29.80043], [-95.11318, 29.80161], [-95.124, 29.80199], [-95.12397, 29.80128], [-95.12464, 29.78902]]]}, "properties": {"GEOID": "48201252601", "under5_pop": 516, "licensed_capacity": 100, "children_per_slot": 5.16, "childcare_desert": 1, "pct_zero_car": 0.0278}}, {"type": "Feature", "geometry": {"type": "Polygon", "coordinates": [[[-95.062, 29.8309], [-95.06145, 29.82993], [-95.06121, 29.82837], [-95.06209, 29.82643], [-95.06366, 29.82496], [-95.06629, 29.82395], [-95.06927, 29.82429], [-95.07432, 29.82585], [-95.07589, 29.82609], [-95.07771, 29.82582], [-95.07838, 29.82541], [-95.07924, 29.82398], [-95.0795, 29.82235], [-95.07908, 29.81987], [-95.07914, 29.81845], [-95.0802, 29.81763], [-95.08531, 29.81734], [-95.08703, 29.81666], [-95.08795, 29.81604], [-95.08967, 29.81396], [-95.08996, 29.80991], [-95.09022, 29.80787], [-95.08992, 29.80571], [-95.08981, 29.80021], [-95.08921, 29.79925], [-95.08808, 29.79854], [-95.08666, 29.79819], [-95.08494, 29.79837], [-95.08186, 29.79902], [-95.07927, 29.79976], [-95.07516, 29.80203], [-95.07344, 29.80261], [-95.07013, 29.80333], [-95.06801, 29.80321], [-95.06541, 29.80286], [-95.06401, 29.80249], [-95.06001, 29.80088], [-95.05783, 29.79967], [-95.05671, 29.79776], [-95.05696, 29.79582], [-95.05813, 29.79424], [-95.06082, 29.79251], [-95.05736, 29.79102], [-95.05661, 29.79266], [-95.05526, 29.79626], [-95.05597, 29.80043], [-95.0559, 29.8043], [-95.05699, 29.81092], [-95.05743, 29.82491], [-95.05759, 29.83282], [-95.05812, 29.83247], [-95.05971, 29.83245], [-95.0602, 29.83165], [-95.06109, 29.83169], [-95.062, 29.8309]]]}, "properties": {"GEOID": "48201252901", "under5_pop": 280, "licensed_capacity": 123, "children_per_slot": 2.28, "childcare_desert": 0, "pct_zero_car": 0.0579}}, {"type": "Feature", "geometry": {"type": "Polygon", "coordinates": [[[-95.62538, 29.764], [-95.62526, 29.75491], [-95.62353, 29.75444], [-95.61844, 29.75446], [-95.61868, 29.75616], [-95.61873, 29.7608], [-95.61909, 29.76161], [-95.62086, 29.76264], [-95.62139, 29.76353], [-95.6214, 29.76581], [-95.62213, 29.76693], [-95.62254, 29.76843], [-95.62313, 29.76881], [-95.62474, 29.76642], [-95.62538, 29.764]]]}, "properties": {"GEOID": "48201451501", "under5_pop": 102, "licensed_capacity": 198, "children_per_slot": 0.52, "childcare_desert": 0, "pct_zero_car": 0.0429}}, {"type": "Feature", "geometry": {"type": "Polygon", "coordinates": [[[-95.52616, 29.8098], [-95.52617, 29.80848], [-95.52569, 29.80764], [-95.52442, 29.8071], [-95.52442, 29.80673], [-95.52383, 29.80613], [-95.52082, 29.80513], [-95.51795, 29.80336], [-95.51422, 29.80216], [-95.51251, 29.80213], [-95.51138, 29.80102], [-95.50939, 29.80277], [-95.50652, 29.80308], [-95.50659, 29.811], [-95.51168, 29.81105], [-95.51564, 29.81064], [-95.51965, 29.80983], [-95.52616, 29.8098]]]}, "properties": {"GEOID": "48201521202", "under5_pop": 219, "licensed_capacity": 80, "children_per_slot": 2.74, "childcare_desert": 0, "pct_zero_car": 0.0404}}, {"type": "Feature", "geometry": {"type": "Polygon", "coordinates": [[[-95.45195, 29.99366], [-95.44597, 29.98861], [-95.43727, 29.98103], [-95.43423, 29.98455], [-95.43222, 29.98688], [-95.43144, 29.98828], [-95.43115, 29.9903], [-95.43139, 29.99151], [-95.43235, 29.99322], [-95.43363, 29.99437], [-95.43608, 29.99584], [-95.43751, 29.99681], [-95.4399, 29.99983], [-95.44055, 29.99963], [-95.44582, 29.99704], [-95.4473, 29.9953], [-95.4506, 29.99464], [-95.45195, 29.99366]]]}, "properties": {"GEOID": "48201550306", "under5_pop": 432, "licensed_capacity": 145, "children_per_slot": 2.98, "childcare_desert": 0, "pct_zero_car": 0.1855}}, {"type": "Feature", "geometry": {"type": "Polygon", "coordinates": [[[-95.7045, 29.89468], [-95.70452, 29.89394], [-95.70362, 29.89094], [-95.70347, 29.88951], [-95.70343, 29.88394], [-95.70361, 29.87982], [-95.69733, 29.87986], [-95.69742, 29.88639], [-95.69693, 29.88639], [-95.69705, 29.89522], [-95.69876, 29.89485], [-95.7045, 29.89468]]]}, "properties": {"GEOID": "48201543009", "under5_pop": 742, "licensed_capacity": 12, "children_per_slot": 61.83, "childcare_desert": 1, "pct_zero_car": 0.0032}}, {"type": "Feature", "geometry": {"type": "Polygon", "coordinates": [[[-95.41436, 29.69445], [-95.41353, 29.69353], [-95.41276, 29.69204], [-95.41255, 29.69066], [-95.41236, 29.68206], [-95.41227, 29.67808], [-95.40766, 29.67827], [-95.40315, 29.67905], [-95.40323, 29.68524], [-95.40332, 29.68991], [-95.4048, 29.69266], [-95.40473, 29.69535], [-95.40504, 29.69744], [-95.40588, 29.69887], [-95.40772, 29.70036], [-95.40901, 29.69831], [-95.41051, 29.69734], [-95.41213, 29.69731], [-95.41436, 29.69445]]]}, "properties": {"GEOID": "48201314402", "under5_pop": 10, "licensed_capacity": 130, "children_per_slot": 0.08, "childcare_desert": 0, "pct_zero_car": 0.0709}}, {"type": "Feature", "geometry": {"type": "Polygon", "coordinates": [[[-95.39944, 29.72573], [-95.39953, 29.72319], [-95.39881, 29.72249], [-95.39711, 29.72269], [-95.39365, 29.72064], [-95.39132, 29.72358], [-95.39072, 29.72393], [-95.39062, 29.72453], [-95.38892, 29.72664], [-95.38602, 29.73028], [-95.38447, 29.73225], [-95.38864, 29.73219], [-95.39109, 29.73201], [-95.39104, 29.72856], [-95.39463, 29.72852], [-95.39512, 29.72801], [-95.39945, 29.72788], [-95.39944, 29.72573]]]}, "properties": {"GEOID": "48201411902", "under5_pop": 83, "licensed_capacity": 344, "children_per_slot": 0.24, "childcare_desert": 0, "pct_zero_car": 0.0351}}, {"type": "Feature", "geometry": {"type": "Polygon", "coordinates": [[[-95.36838, 29.69401], [-95.37075, 29.69472], [-95.37129, 29.69328], [-95.37372, 29.69399], [-95.37541, 29.68969], [-95.37343, 29.68905], [-95.37472, 29.6859], [-95.36581, 29.68311], [-95.36312, 29.68997], [-95.36921, 29.69188], [-95.36838, 29.69401]]]}, "properties": {"GEOID": "48201313801", "under5_pop": 222, "licensed_capacity": 86, "children_per_slot": 2.58, "childcare_desert": 0, "pct_zero_car": 0.2442}}, {"type": "Feature", "geometry": {"type": "Polygon", "coordinates": [[[-95.19342, 29.54565], [-95.19217, 29.54419], [-95.19017, 29.54235], [-95.18883, 29.5404], [-95.18306, 29.53548], [-95.17784, 29.53093], [-95.17679, 29.53192], [-95.17513, 29.53342], [-95.17736, 29.53498], [-95.17801, 29.53618], [-95.17736, 29.53672], [-95.17793, 29.53785], [-95.18209, 29.54126], [-95.18161, 29.5418], [-95.18162, 29.54307], [-95.18122, 29.54376], [-95.17973, 29.54439], [-95.18734, 29.55068], [-95.19179, 29.54662], [-95.19342, 29.54565]]]}, "properties": {"GEOID": "48201350604", "under5_pop": 151, "licensed_capacity": 0, "children_per_slot": null, "childcare_desert": 1, "pct_zero_car": 0.0078}}, {"type": "Feature", "geometry": {"type": "Polygon", "coordinates": [[[-95.40856, 29.92495], [-95.40675, 29.91993], [-95.40438, 29.9207], [-95.40293, 29.92082], [-95.40213, 29.9213], [-95.40286, 29.92211], [-95.40262, 29.92256], [-95.40053, 29.92406], [-95.40161, 29.92527], [-95.40779, 29.92513], [-95.40856, 29.92495]]]}, "properties": {"GEOID": "48201222504", "under5_pop": 378, "licensed_capacity": 0, "children_per_slot": null, "childcare_desert": 1, "pct_zero_car": 0.2185}}, {"type": "Feature", "geometry": {"type": "Polygon", "coordinates": [[[-95.23295, 29.60072], [-95.22787, 29.59656], [-95.23541, 29.58967], [-95.2326, 29.58735], [-95.23211, 29.58648], [-95.2299, 29.5867], [-95.22707, 29.58769], [-95.22337, 29.59099], [-95.22195, 29.59203], [-95.22067, 29.59355], [-95.21718, 29.59684], [-95.21624, 29.59845], [-95.21599, 29.60104], [-95.21752, 29.60095], [-95.23295, 29.60072]]]}, "properties": {"GEOID": "48201350201", "under5_pop": 62, "licensed_capacity": 361, "children_per_slot": 0.17, "childcare_desert": 0, "pct_zero_car": 0.0538}}, {"type": "Feature", "geometry": {"type": "Polygon", "coordinates": [[[-95.19801, 29.623], [-95.2196, 29.62213], [-95.22078, 29.62253], [-95.22072, 29.62084], [-95.22117, 29.62058], [-95.21612, 29.61599], [-95.21145, 29.61163], [-95.20555, 29.60635], [-95.204, 29.60751], [-95.19625, 29.61299], [-95.1919, 29.61617], [-95.19444, 29.61897], [-95.19594, 29.62089], [-95.19751, 29.6225], [-95.19801, 29.623]]]}, "properties": {"GEOID": "48201321101", "under5_pop": 257, "licensed_capacity": 22, "children_per_slot": 11.68, "childcare_desert": 1, "pct_zero_car": 0.0401}}, {"type": "Feature", "geometry": {"type": "Polygon", "coordinates": [[[-95.57726, 29.67463], [-95.5774, 29.67195], [-95.57697, 29.66984], [-95.57716, 29.66886], [-95.57973, 29.6624], [-95.56967, 29.65937], [-95.56896, 29.6616], [-95.5687, 29.66361], [-95.56882, 29.66624], [-95.56928, 29.66822], [-95.57027, 29.6712], [-95.57039, 29.67422], [-95.57447, 29.67447], [-95.57726, 29.67463]]]}, "properties": {"GEOID": "48201453405", "under5_pop": 383, "licensed_capacity": 113, "children_per_slot": 3.39, "childcare_desert": 1, "pct_zero_car": 0.0338}}, {"type": "Feature", "geometry": {"type": "Polygon", "coordinates": [[[-95.58537, 29.66206], [-95.58434, 29.66083], [-95.58373, 29.65943], [-95.58148, 29.65956], [-95.57562, 29.65769], [-95.5738, 29.65731], [-95.57078, 29.65621], [-95.56967, 29.65937], [-95.57973, 29.6624], [-95.57716, 29.66886], [-95.57697, 29.66984], [-95.5774, 29.67195], [-95.57726, 29.67463], [-95.58152, 29.67488], [-95.58127, 29.67305], [-95.58171, 29.67034], [-95.58537, 29.66206]]]}, "properties": {"GEOID": "48201453404", "under5_pop": 245, "licensed_capacity": 36, "children_per_slot": 6.81, "childcare_desert": 1, "pct_zero_car": 0.0288}}, {"type": "Feature", "geometry": {"type": "Polygon", "coordinates": [[[-95.16268, 29.52966], [-95.16267, 29.52819], [-95.16186, 29.52235], [-95.15759, 29.52274], [-95.15189, 29.52343], [-95.13817, 29.52478], [-95.13609, 29.52517], [-95.13459, 29.52588], [-95.13079, 29.52862], [-95.13476, 29.53281], [-95.13894, 29.53742], [-95.14182, 29.54041], [-95.14448, 29.53916], [-95.15471, 29.53748], [-95.15622, 29.53689], [-95.1573, 29.53615], [-95.1614, 29.53235], [-95.16224, 29.5311], [-95.16268, 29.52966]]]}, "properties": {"GEOID": "48201350803", "under5_pop": 108, "licensed_capacity": 112, "children_per_slot": 0.96, "childcare_desert": 0, "pct_zero_car": 0.1177}}, {"type": "Feature", "geometry": {"type": "Polygon", "coordinates": [[[-95.50095, 29.74402], [-95.50091, 29.73754], [-95.49634, 29.73756], [-95.49665, 29.73871], [-95.49666, 29.74243], [-95.49759, 29.74242], [-95.49761, 29.74381], [-95.49944, 29.74379], [-95.50095, 29.74402]]]}, "properties": {"GEOID": "48201431303", "under5_pop": 52, "licensed_capacity": 110, "children_per_slot": 0.47, "childcare_desert": 0, "pct_zero_car": 0.0146}}, {"type": "Feature", "geometry": {"type": "Polygon", "coordinates": [[[-95.40938, 29.76607], [-95.40929, 29.76313], [-95.40863, 29.76052], [-95.40699, 29.76076], [-95.40359, 29.76092], [-95.40224, 29.76165], [-95.40049, 29.76201], [-95.39842, 29.76186], [-95.39902, 29.76353], [-95.39883, 29.76424], [-95.39737, 29.76657], [-95.40332, 29.76617], [-95.40938, 29.76607]]]}, "properties": {"GEOID": "48201510701", "under5_pop": 56, "licensed_capacity": 0, "children_per_slot": null, "childcare_desert": 1, "pct_zero_car": 0.0345}}, {"type": "Feature", "geometry": {"type": "Polygon", "coordinates": [[[-95.546, 29.97946], [-95.54978, 29.97942], [-95.54991, 29.97781], [-95.55223, 29.97772], [-95.55241, 29.97738], [-95.55234, 29.97493], [-95.55437, 29.9749], [-95.55437, 29.9742], [-95.55636, 29.97416], [-95.55624, 29.96847], [-95.55664, 29.96776], [-95.5523, 29.96508], [-95.5492, 29.96291], [-95.54705, 29.96121], [-95.54561, 29.96246], [-95.5435, 29.96386], [-95.54164, 29.9648], [-95.53846, 29.96616], [-95.546, 29.97946]]]}, "properties": {"GEOID": "48201552701", "under5_pop": 134, "licensed_capacity": 12, "children_per_slot": 11.17, "childcare_desert": 1, "pct_zero_car": 0.2365}}, {"type": "Feature", "geometry": {"type": "Polygon", "coordinates": [[[-95.6445, 29.75587], [-95.64454, 29.75282], [-95.64451, 29.74389], [-95.64417, 29.74098], [-95.64405, 29.73564], [-95.63435, 29.73581], [-95.62674, 29.73588], [-95.62672, 29.74313], [-95.62821, 29.74315], [-95.62829, 29.74887], [-95.6288, 29.74954], [-95.62987, 29.74959], [-95.62961, 29.75176], [-95.62997, 29.75287], [-95.6307, 29.7532], [-95.63243, 29.75286], [-95.63317, 29.75424], [-95.63292, 29.7559], [-95.6445, 29.75587]]]}, "properties": {"GEOID": "48201451606", "under5_pop": 276, "licensed_capacity": 93, "children_per_slot": 2.97, "childcare_desert": 0, "pct_zero_car": 0.0147}}, {"type": "Feature", "geometry": {"type": "Polygon", "coordinates": [[[-95.57538, 29.70386], [-95.57528, 29.69675], [-95.57469, 29.6919], [-95.57465, 29.68804], [-95.572, 29.68808], [-95.57026, 29.68838], [-95.57091, 29.69083], [-95.57106, 29.69244], [-95.57121, 29.70393], [-95.57538, 29.70386]]]}, "properties": {"GEOID": "48201453001", "under5_pop": 192, "licensed_capacity": 12, "children_per_slot": 16, "childcare_desert": 1, "pct_zero_car": 0.0673}}, {"type": "Feature", "geometry": {"type": "Polygon", "coordinates": [[[-95.52868, 29.72899], [-95.52915, 29.72674], [-95.529, 29.7205], [-95.52025, 29.72124], [-95.52048, 29.72247], [-95.52063, 29.72824], [-95.52049, 29.72907], [-95.52868, 29.72899]]]}, "properties": {"GEOID": "48201432502", "under5_pop": 250, "licensed_capacity": 257, "children_per_slot": 0.97, "childcare_desert": 0, "pct_zero_car": 0.0645}}, {"type": "Feature", "geometry": {"type": "Polygon", "coordinates": [[[-95.73433, 29.75952], [-95.73429, 29.75147], [-95.7336, 29.74925], [-95.73177, 29.74749], [-95.72939, 29.74615], [-95.72836, 29.74739], [-95.72235, 29.75356], [-95.72841, 29.75803], [-95.7297, 29.75877], [-95.7323, 29.75946], [-95.73433, 29.75952]]]}, "properties": {"GEOID": "48201454901", "under5_pop": 206, "licensed_capacity": 0, "children_per_slot": null, "childcare_desert": 1, "pct_zero_car": 0.022}}, {"type": "Feature", "geometry": {"type": "Polygon", "coordinates": [[[-95.546, 29.71289], [-95.54555, 29.71154], [-95.54532, 29.70766], [-95.54529, 29.70494], [-95.54308, 29.70495], [-95.53798, 29.705], [-95.53809, 29.70619], [-95.53883, 29.70896], [-95.54397, 29.70873], [-95.54411, 29.71209], [-95.54464, 29.71349], [-95.546, 29.71289]]]}, "properties": {"GEOID": "48201433007", "under5_pop": 153, "licensed_capacity": 0, "children_per_slot": null, "childcare_desert": 1, "pct_zero_car": 0.2981}}, {"type": "Feature", "geometry": {"type": "Polygon", "coordinates": [[[-95.37802, 29.75163], [-95.37838, 29.75119], [-95.37982, 29.75141], [-95.38092, 29.74953], [-95.38179, 29.75005], [-95.38328, 29.74816], [-95.38157, 29.74713], [-95.38166, 29.74556], [-95.3817, 29.74444], [-95.38132, 29.74423], [-95.37631, 29.7506], [-95.37202, 29.74801], [-95.37095, 29.74932], [-95.37273, 29.75035], [-95.37376, 29.75126], [-95.37449, 29.75288], [-95.37514, 29.75207], [-95.37684, 29.75312], [-95.37802, 29.75163]]]}, "properties": {"GEOID": "48201410602", "under5_pop": 96, "licensed_capacity": 0, "children_per_slot": null, "childcare_desert": 1, "pct_zero_car": 0.0142}}, {"type": "Feature", "geometry": {"type": "Polygon", "coordinates": [[[-95.64512, 29.86597], [-95.64508, 29.86039], [-95.64502, 29.85683], [-95.64293, 29.85685], [-95.64186, 29.85657], [-95.63986, 29.85656], [-95.63499, 29.8566], [-95.63308, 29.85604], [-95.63277, 29.85778], [-95.63509, 29.85953], [-95.63758, 29.8618], [-95.63866, 29.86225], [-95.64056, 29.86246], [-95.64187, 29.86299], [-95.6426, 29.86444], [-95.64246, 29.86493], [-95.64418, 29.86589], [-95.64512, 29.86597]]]}, "properties": {"GEOID": "48201540503", "under5_pop": 458, "licensed_capacity": 0, "children_per_slot": null, "childcare_desert": 1, "pct_zero_car": 0.057}}, {"type": "Feature", "geometry": {"type": "Polygon", "coordinates": [[[-95.46773, 29.76947], [-95.46768, 29.76295], [-95.46629, 29.76224], [-95.46337, 29.76226], [-95.46308, 29.75421], [-95.45873, 29.75432], [-95.45873, 29.7549], [-95.45771, 29.7549], [-95.45772, 29.7574], [-95.45743, 29.75816], [-95.45599, 29.75821], [-95.45571, 29.75783], [-95.45572, 29.75996], [-95.45762, 29.75937], [-95.45818, 29.76043], [-95.45802, 29.76158], [-95.46016, 29.76211], [-95.46035, 29.76296], [-95.45921, 29.76287], [-95.45802, 29.76367], [-95.45838, 29.76485], [-95.45978, 29.76514], [-95.46161, 29.76594], [-95.46228, 29.76741], [-95.46326, 29.76776], [-95.46498, 29.76697], [-95.46518, 29.76866], [-95.46624, 29.76863], [-95.46773, 29.76947]]]}, "properties": {"GEOID": "48201431701", "under5_pop": 45, "licensed_capacity": 0, "children_per_slot": null, "childcare_desert": 1, "pct_zero_car": 0.0928}}, {"type": "Feature", "geometry": {"type": "Polygon", "coordinates": [[[-95.47794, 29.76379], [-95.47741, 29.76147], [-95.47728, 29.75238], [-95.47697, 29.75013], [-95.46723, 29.75028], [-95.46296, 29.75032], [-95.46308, 29.75421], [-95.46337, 29.76226], [-95.46629, 29.76224], [-95.46768, 29.76295], [-95.47034, 29.76327], [-95.47196, 29.76384], [-95.47794, 29.76379]]]}, "properties": {"GEOID": "48201431702", "under5_pop": 7, "licensed_capacity": 255, "children_per_slot": 0.03, "childcare_desert": 0, "pct_zero_car": 0.013}}, {"type": "Feature", "geometry": {"type": "Polygon", "coordinates": [[[-95.23928, 29.65253], [-95.23914, 29.64624], [-95.23812, 29.64625], [-95.23809, 29.64442], [-95.23782, 29.64379], [-95.23511, 29.64489], [-95.23314, 29.64522], [-95.22572, 29.6453], [-95.22352, 29.64596], [-95.22222, 29.64676], [-95.22117, 29.64779], [-95.22578, 29.65266], [-95.23928, 29.65253]]]}, "properties": {"GEOID": "48201320902", "under5_pop": 268, "licensed_capacity": 0, "children_per_slot": null, "childcare_desert": 1, "pct_zero_car": 0.0107}}, {"type": "Feature", "geometry": {"type": "Polygon", "coordinates": [[[-95.11336, 29.68973], [-95.11312, 29.67937], [-95.10996, 29.67946], [-95.09258, 29.67976], [-95.0928, 29.69008], [-95.10655, 29.68987], [-95.11336, 29.68973]]]}, "properties": {"GEOID": "48201342801", "under5_pop": 388, "licensed_capacity": 12, "children_per_slot": 32.33, "childcare_desert": 1, "pct_zero_car": 0.007}}, {"type": "Feature", "geometry": {"type": "Polygon", "coordinates": [[[-95.17121, 29.69941], [-95.17107, 29.69368], [-95.1712, 29.69358], [-95.16916, 29.69246], [-95.16356, 29.68904], [-95.16328, 29.68939], [-95.16209, 29.68926], [-95.16234, 29.69932], [-95.16615, 29.69921], [-95.16616, 29.69947], [-95.17121, 29.69941]]]}, "properties": {"GEOID": "48201322701", "under5_pop": 217, "licensed_capacity": 0, "children_per_slot": null, "childcare_desert": 1, "pct_zero_car": 0.0393}}, {"type": "Feature", "geometry": {"type": "Polygon", "coordinates": [[[-95.42175, 29.88831], [-95.42462, 29.88674], [-95.42638, 29.88636], [-95.43115, 29.88627], [-95.43113, 29.88559], [-95.42998, 29.88564], [-95.42976, 29.87797], [-95.42964, 29.87096], [-95.42069, 29.87099], [-95.42073, 29.87351], [-95.42125, 29.87448], [-95.4207, 29.8761], [-95.42078, 29.88239], [-95.41823, 29.88232], [-95.41749, 29.88287], [-95.42175, 29.88831]]]}, "properties": {"GEOID": "48201533302", "under5_pop": 589, "licensed_capacity": 0, "children_per_slot": null, "childcare_desert": 1, "pct_zero_car": 0.2271}}, {"type": "Feature", "geometry": {"type": "Polygon", "coordinates": [[[-95.52117, 29.73733], [-95.52108, 29.736], [-95.52056, 29.73373], [-95.52049, 29.72907], [-95.51686, 29.72928], [-95.51406, 29.7293], [-95.51419, 29.73738], [-95.51711, 29.73737], [-95.52117, 29.73733]]]}, "properties": {"GEOID": "48201432101", "under5_pop": 158, "licensed_capacity": 140, "children_per_slot": 1.13, "childcare_desert": 0, "pct_zero_car": 0.1432}}, {"type": "Feature", "geometry": {"type": "Polygon", "coordinates": [[[-95.3994, 29.8129], [-95.39922, 29.80396], [-95.38804, 29.80408], [-95.38745, 29.8032], [-95.38191, 29.80309], [-95.38204, 29.81137], [-95.38261, 29.81394], [-95.39313, 29.81383], [-95.39775, 29.81293], [-95.3994, 29.8129]]]}, "properties": {"GEOID": "48201511502", "under5_pop": 388, "licensed_capacity": 445, "children_per_slot": 0.87, "childcare_desert": 0, "pct_zero_car": 0.0598}}, {"type": "Feature", "geometry": {"type": "Polygon", "coordinates": [[[-95.09543, 29.54967], [-95.09768, 29.54884], [-95.10641, 29.54594], [-95.10401, 29.54366], [-95.09626, 29.53518], [-95.0952, 29.53555], [-95.09404, 29.53538], [-95.09233, 29.53435], [-95.0918, 29.53508], [-95.09145, 29.53648], [-95.09014, 29.53729], [-95.08991, 29.53838], [-95.091, 29.54033], [-95.09086, 29.54202], [-95.0914, 29.54304], [-95.09323, 29.54519], [-95.09413, 29.54725], [-95.09504, 29.54861], [-95.09543, 29.54967]]]}, "properties": {"GEOID": "48201341203", "under5_pop": 35, "licensed_capacity": 0, "children_per_slot": null, "childcare_desert": 1, "pct_zero_car": 0.0529}}, {"type": "Feature", "geometry": {"type": "Polygon", "coordinates": [[[-95.32666, 29.69547], [-95.32571, 29.69196], [-95.3225, 29.69351], [-95.31688, 29.69605], [-95.31402, 29.697], [-95.31168, 29.69723], [-95.3103, 29.69714], [-95.30038, 29.69587], [-95.3015, 29.69838], [-95.30436, 29.70275], [-95.30522, 29.70358], [-95.30897, 29.70633], [-95.31513, 29.70269], [-95.32666, 29.69547]]]}, "properties": {"GEOID": "48201311701", "under5_pop": 86, "licensed_capacity": 0, "children_per_slot": null, "childcare_desert": 1, "pct_zero_car": 0.0315}}, {"type": "Feature", "geometry": {"type": "Polygon", "coordinates": [[[-95.37866, 29.71196], [-95.37797, 29.71025], [-95.37581, 29.70626], [-95.37524, 29.7045], [-95.37521, 29.70186], [-95.37233, 29.70161], [-95.3613, 29.70227], [-95.36137, 29.70398], [-95.36085, 29.70549], [-95.36161, 29.70572], [-95.36126, 29.70658], [-95.35814, 29.70565], [-95.35655, 29.7097], [-95.35807, 29.71053], [-95.36071, 29.71], [-95.36241, 29.71022], [-95.36724, 29.70977], [-95.3694, 29.70926], [-95.3702, 29.70984], [-95.37033, 29.71184], [-95.37084, 29.71307], [-95.37147, 29.71359], [-95.37281, 29.71394], [-95.3737, 29.71384], [-95.37866, 29.71196]]]}, "properties": {"GEOID": "48201313202", "under5_pop": 118, "licensed_capacity": 527, "children_per_slot": 0.22, "childcare_desert": 0, "pct_zero_car": 0.098}}, {"type": "Feature", "geometry": {"type": "Polygon", "coordinates": [[[-95.38462, 29.7057], [-95.38256, 29.70432], [-95.38103, 29.70364], [-95.37521, 29.70186], [-95.37524, 29.7045], [-95.37581, 29.70626], [-95.37797, 29.71025], [-95.37866, 29.71196], [-95.38006, 29.71268], [-95.38209, 29.7131], [-95.38281, 29.71124], [-95.38462, 29.7057]]]}, "properties": {"GEOID": "48201313101", "under5_pop": 114, "licensed_capacity": 0, "children_per_slot": null, "childcare_desert": 1, "pct_zero_car": 0.1279}}, {"type": "Feature", "geometry": {"type": "Polygon", "coordinates": [[[-95.54525, 29.7286], [-95.54508, 29.72633], [-95.54565, 29.72448], [-95.54553, 29.72299], [-95.54887, 29.72271], [-95.54886, 29.71898], [-95.5434, 29.71944], [-95.53906, 29.71971], [-95.53915, 29.72773], [-95.54215, 29.72781], [-95.54409, 29.72835], [-95.54525, 29.7286]]]}, "properties": {"GEOID": "48201432401", "under5_pop": 445, "licensed_capacity": 210, "children_per_slot": 2.12, "childcare_desert": 0, "pct_zero_car": 0.0885}}, {"type": "Feature", "geometry": {"type": "Polygon", "coordinates": [[[-95.58834, 29.7157], [-95.58806, 29.71495], [-95.58799, 29.71098], [-95.58338, 29.71106], [-95.58329, 29.71155], [-95.57135, 29.71171], [-95.57145, 29.71706], [-95.58834, 29.7157]]]}, "properties": {"GEOID": "48201452401", "under5_pop": 148, "licensed_capacity": 120, "children_per_slot": 1.23, "childcare_desert": 0, "pct_zero_car": 0.0067}}, {"type": "Feature", "geometry": {"type": "Polygon", "coordinates": [[[-95.31559, 29.77442], [-95.31541, 29.77163], [-95.31548, 29.76363], [-95.30538, 29.76072], [-95.30431, 29.76015], [-95.30429, 29.76738], [-95.30327, 29.76738], [-95.30324, 29.77285], [-95.29781, 29.77284], [-95.29622, 29.77252], [-95.29264, 29.77261], [-95.29156, 29.77287], [-95.28951, 29.77283], [-95.28391, 29.77218], [-95.28404, 29.77811], [-95.28991, 29.77803], [-95.29327, 29.77736], [-95.29884, 29.77506], [-95.30063, 29.77453], [-95.30246, 29.77434], [-95.30741, 29.77436], [-95.31559, 29.77442]]]}, "properties": {"GEOID": "48201211502", "under5_pop": 207, "licensed_capacity": 63, "children_per_slot": 3.29, "childcare_desert": 1, "pct_zero_car": 0.0529}}, {"type": "Feature", "geometry": {"type": "Polygon", "coordinates": [[[-95.34027, 29.77725], [-95.34045, 29.77169], [-95.34116, 29.76964], [-95.33862, 29.76906], [-95.33572, 29.76931], [-95.33574, 29.77129], [-95.33374, 29.77149], [-95.33395, 29.77592], [-95.32641, 29.77616], [-95.32661, 29.77826], [-95.32485, 29.77835], [-95.32491, 29.78376], [-95.33578, 29.77918], [-95.34027, 29.77725]]]}, "properties": {"GEOID": "48201211301", "under5_pop": 221, "licensed_capacity": 0, "children_per_slot": null, "childcare_desert": 1, "pct_zero_car": 0.3041}}, {"type": "Feature", "geometry": {"type": "Polygon", "coordinates": [[[-95.34022, 29.77859], [-95.34027, 29.77725], [-95.33578, 29.77918], [-95.33583, 29.78282], [-95.33099, 29.78288], [-95.3311, 29.79085], [-95.33093, 29.79137], [-95.33099, 29.79397], [-95.33994, 29.79391], [-95.33989, 29.79154], [-95.34007, 29.78521], [-95.34004, 29.78351], [-95.34022, 29.77859]]]}, "properties": {"GEOID": "48201211101", "under5_pop": 59, "licensed_capacity": 0, "children_per_slot": null, "childcare_desert": 1, "pct_zero_car": 0.1507}}, {"type": "Feature", "geometry": {"type": "Polygon", "coordinates": [[[-95.13243, 29.56776], [-95.14067, 29.56188], [-95.12859, 29.54896], [-95.12525, 29.55173], [-95.1226, 29.55326], [-95.12034, 29.55487], [-95.12671, 29.56171], [-95.13243, 29.56776]]]}, "properties": {"GEOID": "48201340701", "under5_pop": 287, "licensed_capacity": 76, "children_per_slot": 3.78, "childcare_desert": 1, "pct_zero_car": 0.0166}}, {"type": "Feature", "geometry": {"type": "Polygon", "coordinates": [[[-95.43003, 29.80164], [-95.43808, 29.80161], [-95.43806, 29.7955], [-95.43787, 29.79274], [-95.43784, 29.78922], [-95.42989, 29.78925], [-95.43003, 29.80164]]]}, "properties": {"GEOID": "48201511003", "under5_pop": 134, "licensed_capacity": 573, "children_per_slot": 0.23, "childcare_desert": 0, "pct_zero_car": 0.0504}}, {"type": "Feature", "geometry": {"type": "Polygon", "coordinates": [[[-95.41235, 29.80884], [-95.42246, 29.80871], [-95.42232, 29.80168], [-95.42227, 29.79964], [-95.4117, 29.7997], [-95.41218, 29.80099], [-95.41226, 29.80376], [-95.41235, 29.80884]]]}, "properties": {"GEOID": "48201511202", "under5_pop": 253, "licensed_capacity": 397, "children_per_slot": 0.64, "childcare_desert": 0, "pct_zero_car": 0.0}}, {"type": "Feature", "geometry": {"type": "Polygon", "coordinates": [[[-95.50119, 29.73166], [-95.50115, 29.7281], [-95.4954, 29.72818], [-95.49537, 29.726], [-95.49214, 29.72608], [-95.49025, 29.72642], [-95.48806, 29.72619], [-95.48791, 29.72577], [-95.48721, 29.72588], [-95.48756, 29.72787], [-95.48728, 29.72929], [-95.48791, 29.73065], [-95.48976, 29.73062], [-95.48978, 29.73179], [-95.49544, 29.73175], [-95.50119, 29.73166]]]}, "properties": {"GEOID": "48201432706", "under5_pop": 240, "licensed_capacity": 0, "children_per_slot": null, "childcare_desert": 1, "pct_zero_car": 0.2614}}, {"type": "Feature", "geometry": {"type": "Polygon", "coordinates": [[[-95.41187, 29.81274], [-95.41229, 29.81191], [-95.41235, 29.80884], [-95.41226, 29.80376], [-95.39922, 29.80396], [-95.3994, 29.8129], [-95.41187, 29.81274]]]}, "properties": {"GEOID": "48201511501", "under5_pop": 252, "licensed_capacity": 49, "children_per_slot": 5.14, "childcare_desert": 1, "pct_zero_car": 0.0365}}, {"type": "Feature", "geometry": {"type": "Polygon", "coordinates": [[[-95.26848, 29.93479], [-95.26877, 29.93311], [-95.26714, 29.93261], [-95.26564, 29.93142], [-95.26455, 29.92979], [-95.26349, 29.92907], [-95.26204, 29.92886], [-95.26006, 29.92906], [-95.25854, 29.92868], [-95.25635, 29.92704], [-95.25757, 29.92478], [-95.25485, 29.92484], [-95.25459, 29.92312], [-95.2552, 29.92226], [-95.25518, 29.92144], [-95.25427, 29.92089], [-95.25139, 29.92275], [-95.24924, 29.9229], [-95.24631, 29.92232], [-95.24457, 29.92107], [-95.24406, 29.91987], [-95.24371, 29.91549], [-95.24345, 29.91426], [-95.24266, 29.91292], [-95.24183, 29.91212], [-95.23963, 29.91054], [-95.23853, 29.90846], [-95.23689, 29.90703], [-95.2371, 29.90608], [-95.24027, 29.90329], [-95.24074, 29.90233], [-95.24107, 29.89912], [-95.24068, 29.89864], [-95.22684, 29.91208], [-95.22418, 29.91471], [-95.21521, 29.92334], [-95.20639, 29.93191], [-95.20778, 29.9329], [-95.21007, 29.93393], [-95.21292, 29.93425], [-95.21893, 29.93416], [-95.22576, 29.93412], [-95.23408, 29.93396], [-95.23588, 29.93391], [-95.24074, 29.93443], [-95.24381, 29.93457], [-95.24951, 29.9345], [-95.25202, 29.93443], [-95.25612, 29.93481], [-95.25919, 29.93552], [-95.26475, 29.93719], [-95.26832, 29.93839], [-95.26848, 29.93479]]]}, "properties": {"GEOID": "48201232203", "under5_pop": 760, "licensed_capacity": 891, "children_per_slot": 0.85, "childcare_desert": 0, "pct_zero_car": 0.0266}}, {"type": "Feature", "geometry": {"type": "Polygon", "coordinates": [[[-95.35813, 29.73042], [-95.3534, 29.72885], [-95.34989, 29.72784], [-95.34687, 29.72803], [-95.34396, 29.72727], [-95.34207, 29.73182], [-95.34519, 29.73424], [-95.35172, 29.73847], [-95.35388, 29.73586], [-95.35813, 29.73042]]]}, "properties": {"GEOID": "48201312200", "under5_pop": 76, "licensed_capacity": 0, "children_per_slot": null, "childcare_desert": 1, "pct_zero_car": 0.3887}}, {"type": "Feature", "geometry": {"type": "Polygon", "coordinates": [[[-95.36908, 29.73683], [-95.37126, 29.73422], [-95.37252, 29.73346], [-95.37176, 29.73299], [-95.36122, 29.72661], [-95.36063, 29.727], [-95.356, 29.72559], [-95.35627, 29.7249], [-95.35473, 29.72489], [-95.35094, 29.72373], [-95.34987, 29.72642], [-95.34989, 29.72784], [-95.3534, 29.72885], [-95.35813, 29.73042], [-95.35946, 29.7311], [-95.36501, 29.73447], [-95.36908, 29.73683]]]}, "properties": {"GEOID": "48201312400", "under5_pop": 127, "licensed_capacity": 116, "children_per_slot": 1.09, "childcare_desert": 0, "pct_zero_car": 0.3227}}, {"type": "Feature", "geometry": {"type": "Polygon", "coordinates": [[[-95.25607, 29.76792], [-95.25586, 29.75989], [-95.25184, 29.75995], [-95.25171, 29.7597], [-95.24719, 29.75943], [-95.24328, 29.7596], [-95.24198, 29.75879], [-95.23356, 29.75903], [-95.23372, 29.76473], [-95.2388, 29.76466], [-95.23876, 29.76317], [-95.24726, 29.76301], [-95.24736, 29.76723], [-95.25114, 29.76722], [-95.25607, 29.76792]]]}, "properties": {"GEOID": "48201233502", "under5_pop": 282, "licensed_capacity": 0, "children_per_slot": null, "childcare_desert": 1, "pct_zero_car": 0.0103}}, {"type": "Feature", "geometry": {"type": "Polygon", "coordinates": [[[-95.32491, 29.78376], [-95.32485, 29.77835], [-95.32661, 29.77826], [-95.32641, 29.77616], [-95.33395, 29.77592], [-95.33374, 29.77149], [-95.33574, 29.77129], [-95.33572, 29.76931], [-95.33379, 29.77011], [-95.32482, 29.77353], [-95.32294, 29.77416], [-95.3203, 29.77441], [-95.31559, 29.77442], [-95.31587, 29.77835], [-95.31591, 29.78676], [-95.31592, 29.78761], [-95.32491, 29.78376]]]}, "properties": {"GEOID": "48201211302", "under5_pop": 110, "licensed_capacity": 139, "children_per_slot": 0.79, "childcare_desert": 0, "pct_zero_car": 0.3008}}, {"type": "Feature", "geometry": {"type": "Polygon", "coordinates": [[[-95.14056, 29.57652], [-95.14881, 29.57058], [-95.14067, 29.56188], [-95.13243, 29.56776], [-95.14056, 29.57652]]]}, "properties": {"GEOID": "48201340702", "under5_pop": 246, "licensed_capacity": 264, "children_per_slot": 0.93, "childcare_desert": 0, "pct_zero_car": 0.055}}, {"type": "Feature", "geometry": {"type": "Polygon", "coordinates": [[[-95.13243, 29.56776], [-95.12671, 29.56171], [-95.12343, 29.56406], [-95.12127, 29.56495], [-95.11908, 29.5651], [-95.11798, 29.56492], [-95.11435, 29.56354], [-95.1096, 29.57238], [-95.12201, 29.57749], [-95.12332, 29.57517], [-95.12423, 29.57397], [-95.12554, 29.57272], [-95.13243, 29.56776]]]}, "properties": {"GEOID": "48201340501", "under5_pop": 180, "licensed_capacity": 102, "children_per_slot": 1.76, "childcare_desert": 0, "pct_zero_car": 0.0382}}, {"type": "Feature", "geometry": {"type": "Polygon", "coordinates": [[[-95.11572, 29.56101], [-95.10795, 29.5578], [-95.10389, 29.56539], [-95.10178, 29.56919], [-95.10295, 29.56964], [-95.10359, 29.5707], [-95.10477, 29.57068], [-95.10679, 29.5712], [-95.1096, 29.57238], [-95.11435, 29.56354], [-95.11572, 29.56101]]]}, "properties": {"GEOID": "48201341303", "under5_pop": 123, "licensed_capacity": 0, "children_per_slot": null, "childcare_desert": 1, "pct_zero_car": 0.2387}}, {"type": "Feature", "geometry": {"type": "Polygon", "coordinates": [[[-95.52454, 29.86555], [-95.52436, 29.85943], [-95.50986, 29.85129], [-95.50551, 29.84882], [-95.50495, 29.85001], [-95.50465, 29.85159], [-95.50467, 29.85326], [-95.50538, 29.85586], [-95.50539, 29.85691], [-95.50484, 29.8593], [-95.50487, 29.86042], [-95.50558, 29.86205], [-95.50666, 29.86366], [-95.50684, 29.8656], [-95.52409, 29.8655], [-95.52454, 29.86555]]]}, "properties": {"GEOID": "48201532301", "under5_pop": 300, "licensed_capacity": 0, "children_per_slot": null, "childcare_desert": 1, "pct_zero_car": 0.0695}}, {"type": "Feature", "geometry": {"type": "Polygon", "coordinates": [[[-95.46723, 29.75028], [-95.46706, 29.74606], [-95.46694, 29.74041], [-95.46419, 29.74061], [-95.46425, 29.74622], [-95.46308, 29.74657], [-95.46332, 29.74864], [-95.46296, 29.75032], [-95.46723, 29.75028]]]}, "properties": {"GEOID": "48201431803", "under5_pop": 111, "licensed_capacity": 0, "children_per_slot": null, "childcare_desert": 1, "pct_zero_car": 0.0428}}, {"type": "Feature", "geometry": {"type": "Polygon", "coordinates": [[[-95.46296, 29.75032], [-95.46332, 29.74864], [-95.46308, 29.74657], [-95.46425, 29.74622], [-95.46419, 29.74061], [-95.45831, 29.74094], [-95.45659, 29.74767], [-95.45574, 29.75159], [-95.45562, 29.75293], [-95.45571, 29.75783], [-95.45599, 29.75821], [-95.45743, 29.75816], [-95.45772, 29.7574], [-95.45771, 29.7549], [-95.45873, 29.7549], [-95.45873, 29.75432], [-95.46308, 29.75421], [-95.46296, 29.75032]]]}, "properties": {"GEOID": "48201431804", "under5_pop": 110, "licensed_capacity": 47, "children_per_slot": 2.34, "childcare_desert": 0, "pct_zero_car": 0.0342}}, {"type": "Feature", "geometry": {"type": "Polygon", "coordinates": [[[-95.53915, 29.72773], [-95.53906, 29.71971], [-95.529, 29.7205], [-95.52915, 29.72674], [-95.52868, 29.72899], [-95.53396, 29.72895], [-95.53814, 29.72776], [-95.53915, 29.72773]]]}, "properties": {"GEOID": "48201432501", "under5_pop": 309, "licensed_capacity": 117, "children_per_slot": 2.64, "childcare_desert": 0, "pct_zero_car": 0.0823}}, {"type": "Feature", "geometry": {"type": "Polygon", "coordinates": [[[-95.45817, 29.68125], [-95.45675, 29.67991], [-95.45579, 29.67951], [-95.45331, 29.67932], [-95.44684, 29.67947], [-95.43995, 29.67951], [-95.43998, 29.68659], [-95.44007, 29.69064], [-95.44087, 29.69099], [-95.44278, 29.69058], [-95.44611, 29.68757], [-95.44701, 29.68731], [-95.44805, 29.68719], [-95.44937, 29.68637], [-95.45057, 29.68459], [-95.45316, 29.68267], [-95.45508, 29.68156], [-95.45636, 29.68117], [-95.45817, 29.68125]]]}, "properties": {"GEOID": "48201412902", "under5_pop": 151, "licensed_capacity": 0, "children_per_slot": null, "childcare_desert": 1, "pct_zero_car": 0.0527}}, {"type": "Feature", "geometry": {"type": "Polygon", "coordinates": [[[-95.72498, 30.022], [-95.72492, 30.01613], [-95.72475, 30.01238], [-95.72472, 30.00335], [-95.72464, 29.99751], [-95.72448, 29.99679], [-95.72028, 29.98765], [-95.71862, 29.98856], [-95.71695, 29.99042], [-95.71609, 29.99287], [-95.7152, 29.99434], [-95.71305, 29.99611], [-95.71178, 29.99669], [-95.70999, 29.99707], [-95.69849, 29.9972], [-95.69761, 29.99858], [-95.69766, 30.00154], [-95.69785, 30.00314], [-95.69793, 30.01264], [-95.69742, 30.01604], [-95.69813, 30.01499], [-95.69921, 30.01463], [-95.69956, 30.01556], [-95.70035, 30.01565], [-95.70033, 30.01488], [-95.70201, 30.01444], [-95.70219, 30.01588], [-95.70311, 30.01662], [-95.70429, 30.01605], [-95.70656, 30.01788], [-95.70702, 30.01847], [-95.70799, 30.01842], [-95.70829, 30.01763], [-95.70885, 30.01766], [-95.71139, 30.0188], [-95.71407, 30.01847], [-95.71693, 30.01956], [-95.71696, 30.02103], [-95.71825, 30.02119], [-95.71951, 30.02093], [-95.72033, 30.02184], [-95.721, 30.02201], [-95.72105, 30.0213], [-95.72227, 30.02138], [-95.72318, 30.02082], [-95.72498, 30.022]]]}, "properties": {"GEOID": "48201554406", "under5_pop": 396, "licensed_capacity": 20, "children_per_slot": 19.8, "childcare_desert": 1, "pct_zero_car": 0.0187}}, {"type": "Feature", "geometry": {"type": "Polygon", "coordinates": [[[-95.45945, 29.81962], [-95.46888, 29.81944], [-95.45282, 29.80453], [-95.45151, 29.80289], [-95.45086, 29.80152], [-95.44916, 29.80154], [-95.44801, 29.80344], [-95.44491, 29.8068], [-95.44376, 29.80756], [-95.44088, 29.80887], [-95.44205, 29.80978], [-95.44252, 29.8107], [-95.44392, 29.81059], [-95.45005, 29.81055], [-95.4501, 29.81412], [-95.45925, 29.81409], [-95.45945, 29.81962]]]}, "properties": {"GEOID": "48201530102", "under5_pop": 209, "licensed_capacity": 97, "children_per_slot": 2.15, "childcare_desert": 0, "pct_zero_car": 0.1445}}, {"type": "Feature", "geometry": {"type": "Polygon", "coordinates": [[[-95.3817, 29.74444], [-95.38194, 29.74276], [-95.38197, 29.73974], [-95.38222, 29.7389], [-95.38113, 29.73864], [-95.37998, 29.73795], [-95.37704, 29.74165], [-95.37202, 29.74801], [-95.37631, 29.7506], [-95.38132, 29.74423], [-95.3817, 29.74444]]]}, "properties": {"GEOID": "48201410601", "under5_pop": 0, "licensed_capacity": 156, "children_per_slot": 0, "childcare_desert": 0, "pct_zero_car": 0.0668}}, {"type": "Feature", "geometry": {"type": "Polygon", "coordinates": [[[-95.42652, 29.80166], [-95.42634, 29.80102], [-95.42487, 29.80018], [-95.42441, 29.79816], [-95.42349, 29.79704], [-95.42277, 29.79484], [-95.42205, 29.79402], [-95.42079, 29.7935], [-95.41947, 29.792], [-95.41738, 29.79067], [-95.41706, 29.79012], [-95.4118, 29.79038], [-95.41156, 29.79329], [-95.4117, 29.7997], [-95.42227, 29.79964], [-95.42232, 29.80168], [-95.4244, 29.80168], [-95.42471, 29.80232], [-95.42533, 29.8018], [-95.42652, 29.80166]]]}, "properties": {"GEOID": "48201511201", "under5_pop": 202, "licensed_capacity": 0, "children_per_slot": null, "childcare_desert": 1, "pct_zero_car": 0.0175}}, {"type": "Feature", "geometry": {"type": "Polygon", "coordinates": [[[-95.47546, 29.80284], [-95.47592, 29.7996], [-95.47574, 29.7982], [-95.47566, 29.79454], [-95.46814, 29.79457], [-95.46823, 29.80291], [-95.47546, 29.80284]]]}, "properties": {"GEOID": "48201520301", "under5_pop": 152, "licensed_capacity": 0, "children_per_slot": null, "childcare_desert": 1, "pct_zero_car": 0.0245}}, {"type": "Feature", "geometry": {"type": "Polygon", "coordinates": [[[-95.27691, 29.66556], [-95.2768, 29.66139], [-95.27242, 29.66146], [-95.27171, 29.66299], [-95.27494, 29.66297], [-95.27501, 29.66559], [-95.27691, 29.66556]]]}, "properties": {"GEOID": "48201333205", "under5_pop": 90, "licensed_capacity": 0, "children_per_slot": null, "childcare_desert": 1, "pct_zero_car": 0.251}}, {"type": "Feature", "geometry": {"type": "Polygon", "coordinates": [[[-95.6652, 29.84923], [-95.66501, 29.84766], [-95.66503, 29.84489], [-95.66485, 29.84003], [-95.66166, 29.84003], [-95.66167, 29.84064], [-95.65737, 29.84064], [-95.65731, 29.83507], [-95.65513, 29.8349], [-95.65163, 29.83585], [-95.65018, 29.836], [-95.64563, 29.83599], [-95.64573, 29.84172], [-95.64576, 29.849], [-95.65168, 29.84902], [-95.66143, 29.84892], [-95.66465, 29.84923], [-95.6652, 29.84923]]]}, "properties": {"GEOID": "48201541603", "under5_pop": 479, "licensed_capacity": 254, "children_per_slot": 1.89, "childcare_desert": 0, "pct_zero_car": 0.0813}}, {"type": "Feature", "geometry": {"type": "Polygon", "coordinates": [[[-95.55673, 30.07524], [-95.5573, 30.07479], [-95.56358, 30.06754], [-95.56574, 30.06537], [-95.57373, 30.05867], [-95.57628, 30.05622], [-95.57428, 30.05524], [-95.57126, 30.05472], [-95.56935, 30.05386], [-95.56792, 30.05239], [-95.5664, 30.0501], [-95.56452, 30.0485], [-95.56342, 30.047], [-95.56307, 30.04462], [-95.56281, 30.04004], [-95.56206, 30.03804], [-95.56129, 30.03709], [-95.55855, 30.0348], [-95.5562, 30.03375], [-95.55531, 30.03316], [-95.55352, 30.03533], [-95.54839, 30.03824], [-95.54709, 30.03934], [-95.54557, 30.04179], [-95.54455, 30.0428], [-95.53951, 30.04563], [-95.5384, 30.04592], [-95.53916, 30.04919], [-95.54031, 30.05156], [-95.5509, 30.0721], [-95.55104, 30.07319], [-95.5539, 30.07384], [-95.55542, 30.0744], [-95.55673, 30.07524]]]}, "properties": {"GEOID": "48201554804", "under5_pop": 228, "licensed_capacity": 427, "children_per_slot": 0.53, "childcare_desert": 0, "pct_zero_car": 0.0023}}, {"type": "Feature", "geometry": {"type": "Polygon", "coordinates": [[[-95.5642, 29.73678], [-95.56387, 29.73464], [-95.56398, 29.73144], [-95.56747, 29.73249], [-95.56804, 29.73083], [-95.56802, 29.72776], [-95.56355, 29.72781], [-95.56131, 29.72765], [-95.55762, 29.72764], [-95.55772, 29.73686], [-95.5642, 29.73678]]]}, "properties": {"GEOID": "48201452203", "under5_pop": 195, "licensed_capacity": 0, "children_per_slot": null, "childcare_desert": 1, "pct_zero_car": 0.032}}, {"type": "Feature", "geometry": {"type": "Polygon", "coordinates": [[[-95.6536, 29.73274], [-95.65178, 29.73127], [-95.65413, 29.729], [-95.65433, 29.72654], [-95.65475, 29.72372], [-95.65469, 29.72228], [-95.65403, 29.71981], [-95.65388, 29.71858], [-95.65155, 29.71859], [-95.64953, 29.7189], [-95.64732, 29.7197], [-95.64414, 29.71992], [-95.6442, 29.72136], [-95.64393, 29.72598], [-95.64396, 29.72914], [-95.64405, 29.73564], [-95.64843, 29.73552], [-95.65086, 29.73482], [-95.65208, 29.73411], [-95.6536, 29.73274]]]}, "properties": {"GEOID": "48201454305", "under5_pop": 174, "licensed_capacity": 381, "children_per_slot": 0.46, "childcare_desert": 0, "pct_zero_car": 0.0}}, {"type": "Feature", "geometry": {"type": "Polygon", "coordinates": [[[-95.66064, 29.72694], [-95.66057, 29.72], [-95.66042, 29.716], [-95.65594, 29.71815], [-95.65388, 29.71858], [-95.65403, 29.71981], [-95.65469, 29.72228], [-95.65475, 29.72372], [-95.65433, 29.72654], [-95.65413, 29.729], [-95.65178, 29.73127], [-95.6536, 29.73274], [-95.65733, 29.72915], [-95.66064, 29.72694]]]}, "properties": {"GEOID": "48201454304", "under5_pop": 715, "licensed_capacity": 39, "children_per_slot": 18.33, "childcare_desert": 1, "pct_zero_car": 0.0872}}, {"type": "Feature", "geometry": {"type": "Polygon", "coordinates": [[[-95.63438, 29.704], [-95.63427, 29.69018], [-95.63267, 29.69002], [-95.63115, 29.68951], [-95.62853, 29.68823], [-95.62665, 29.68793], [-95.62234, 29.68847], [-95.62239, 29.69146], [-95.62263, 29.69254], [-95.62386, 29.69609], [-95.62396, 29.70371], [-95.63438, 29.704]]]}, "properties": {"GEOID": "48201452702", "under5_pop": 101, "licensed_capacity": 231, "children_per_slot": 0.44, "childcare_desert": 0, "pct_zero_car": 0.2437}}, {"type": "Feature", "geometry": {"type": "Polygon", "coordinates": [[[-95.39793, 29.75241], [-95.39377, 29.74583], [-95.39312, 29.74466], [-95.38966, 29.74462], [-95.38965, 29.74537], [-95.38885, 29.74539], [-95.3889, 29.75258], [-95.39793, 29.75241]]]}, "properties": {"GEOID": "48201410501", "under5_pop": 63, "licensed_capacity": 0, "children_per_slot": null, "childcare_desert": 1, "pct_zero_car": 0.0235}}, {"type": "Feature", "geometry": {"type": "Polygon", "coordinates": [[[-95.68826, 29.79094], [-95.68842, 29.79094], [-95.68835, 29.78504], [-95.68547, 29.78501], [-95.67842, 29.78513], [-95.67165, 29.78509], [-95.66636, 29.78513], [-95.66065, 29.78506], [-95.65365, 29.78509], [-95.64479, 29.78504], [-95.64487, 29.79077], [-95.67191, 29.79089], [-95.67611, 29.79087], [-95.68826, 29.79094]]]}, "properties": {"GEOID": "48201541702", "under5_pop": 192, "licensed_capacity": 26, "children_per_slot": 7.38, "childcare_desert": 1, "pct_zero_car": 0.0263}}, {"type": "Feature", "geometry": {"type": "Polygon", "coordinates": [[[-95.42289, 29.70037], [-95.42356, 29.69739], [-95.42141, 29.69675], [-95.41979, 29.69699], [-95.41817, 29.69783], [-95.41802, 29.69739], [-95.41722, 29.69773], [-95.41478, 29.69783], [-95.41509, 29.6983], [-95.41488, 29.70073], [-95.41824, 29.70071], [-95.41824, 29.69974], [-95.41884, 29.70012], [-95.42164, 29.70014], [-95.42289, 29.70037]]]}, "properties": {"GEOID": "48201413206", "under5_pop": 156, "licensed_capacity": 0, "children_per_slot": null, "childcare_desert": 1, "pct_zero_car": 0.0232}}, {"type": "Feature", "geometry": {"type": "Polygon", "coordinates": [[[-95.4184, 29.71505], [-95.41829, 29.70616], [-95.41824, 29.70071], [-95.41488, 29.70073], [-95.41509, 29.6983], [-95.41478, 29.69783], [-95.41213, 29.69731], [-95.41051, 29.69734], [-95.40901, 29.69831], [-95.40772, 29.70036], [-95.40525, 29.70203], [-95.40244, 29.70237], [-95.40299, 29.70472], [-95.40302, 29.70623], [-95.40507, 29.70625], [-95.40725, 29.70344], [-95.40822, 29.70381], [-95.4106, 29.70356], [-95.41172, 29.7032], [-95.41257, 29.70531], [-95.41267, 29.71511], [-95.4184, 29.71505]]]}, "properties": {"GEOID": "48201412202", "under5_pop": 263, "licensed_capacity": 101, "children_per_slot": 2.6, "childcare_desert": 0, "pct_zero_car": 0.0588}}, {"type": "Feature", "geometry": {"type": "Polygon", "coordinates": [[[-95.35483, 29.8289], [-95.3561, 29.8219], [-95.35559, 29.8197], [-95.34249, 29.81986], [-95.34277, 29.8379], [-95.34291, 29.83778], [-95.34821, 29.83773], [-95.34812, 29.83387], [-95.35096, 29.83368], [-95.35094, 29.83241], [-95.35549, 29.83232], [-95.35496, 29.83042], [-95.35483, 29.8289]]]}, "properties": {"GEOID": "48201220702", "under5_pop": 110, "licensed_capacity": 0, "children_per_slot": null, "childcare_desert": 1, "pct_zero_car": 0.0916}}, {"type": "Feature", "geometry": {"type": "Polygon", "coordinates": [[[-95.14424, 29.55956], [-95.13881, 29.55291], [-95.14113, 29.55128], [-95.14041, 29.55073], [-95.13826, 29.55108], [-95.13788, 29.54867], [-95.13696, 29.54821], [-95.13914, 29.54401], [-95.13824, 29.54216], [-95.13649, 29.54318], [-95.13155, 29.5467], [-95.12859, 29.54896], [-95.14067, 29.56188], [-95.14424, 29.55956]]]}, "properties": {"GEOID": "48201341001", "under5_pop": 82, "licensed_capacity": 275, "children_per_slot": 0.3, "childcare_desert": 0, "pct_zero_car": 0.0849}}, {"type": "Feature", "geometry": {"type": "Polygon", "coordinates": [[[-95.17149, 29.71257], [-95.17144, 29.70851], [-95.17121, 29.69941], [-95.16616, 29.69947], [-95.16615, 29.69921], [-95.16234, 29.69932], [-95.16254, 29.7087], [-95.16312, 29.70868], [-95.16314, 29.7098], [-95.16125, 29.71017], [-95.16121, 29.71231], [-95.17149, 29.71257]]]}, "properties": {"GEOID": "48201322702", "under5_pop": 187, "licensed_capacity": 0, "children_per_slot": null, "childcare_desert": 1, "pct_zero_car": 0.0165}}, {"type": "Feature", "geometry": {"type": "Polygon", "coordinates": [[[-95.47408, 29.73795], [-95.46839, 29.73801], [-95.46825, 29.73152], [-95.46315, 29.73187], [-95.46011, 29.73192], [-95.45883, 29.73786], [-95.45831, 29.74094], [-95.46419, 29.74061], [-95.46694, 29.74041], [-95.47408, 29.73795]]]}, "properties": {"GEOID": "48201431902", "under5_pop": 89, "licensed_capacity": 204, "children_per_slot": 0.44, "childcare_desert": 0, "pct_zero_car": 0.193}}, {"type": "Feature", "geometry": {"type": "Polygon", "coordinates": [[[-95.48234, 29.64027], [-95.48245, 29.63739], [-95.48237, 29.63397], [-95.48206, 29.6325], [-95.48207, 29.62841], [-95.47593, 29.6284], [-95.47068, 29.6273], [-95.46519, 29.62728], [-95.46502, 29.62871], [-95.4641, 29.63034], [-95.46348, 29.63198], [-95.46357, 29.64081], [-95.46374, 29.64749], [-95.47285, 29.64404], [-95.48234, 29.64027]]]}, "properties": {"GEOID": "48201330301", "under5_pop": 373, "licensed_capacity": 48, "children_per_slot": 7.77, "childcare_desert": 1, "pct_zero_car": 0.0061}}, {"type": "Feature", "geometry": {"type": "Polygon", "coordinates": [[[-95.22117, 29.62058], [-95.22204, 29.62043], [-95.22943, 29.62033], [-95.22996, 29.61859], [-95.23808, 29.61122], [-95.22647, 29.61143], [-95.22439, 29.61174], [-95.22302, 29.61218], [-95.21924, 29.61357], [-95.21612, 29.61599], [-95.22117, 29.62058]]]}, "properties": {"GEOID": "48201334001", "under5_pop": 236, "licensed_capacity": 0, "children_per_slot": null, "childcare_desert": 1, "pct_zero_car": 0.0517}}, {"type": "Feature", "geometry": {"type": "Polygon", "coordinates": [[[-95.43272, 29.91474], [-95.43277, 29.91484], [-95.43288, 29.92369], [-95.43448, 29.92354], [-95.43695, 29.92278], [-95.44684, 29.92064], [-95.44216, 29.91459], [-95.43272, 29.91474]]]}, "properties": {"GEOID": "48201533702", "under5_pop": 121, "licensed_capacity": 268, "children_per_slot": 0.45, "childcare_desert": 0, "pct_zero_car": 0.0}}, {"type": "Feature", "geometry": {"type": "Polygon", "coordinates": [[[-95.69736, 30.0246], [-95.69728, 30.01709], [-95.69742, 30.01604], [-95.69144, 30.01466], [-95.69035, 30.01422], [-95.68711, 30.01223], [-95.68401, 30.01238], [-95.68313, 30.01147], [-95.68186, 30.01145], [-95.68119, 30.01084], [-95.68001, 30.01099], [-95.67945, 30.01208], [-95.67694, 30.01072], [-95.67621, 30.00941], [-95.66702, 30.00263], [-95.66687, 30.00102], [-95.66585, 30.00086], [-95.66544, 30.0002], [-95.66577, 29.99922], [-95.66329, 29.99942], [-95.66214, 29.99751], [-95.66192, 29.99572], [-95.66152, 29.99496], [-95.66027, 29.99501], [-95.65942, 29.99414], [-95.65745, 29.99315], [-95.65782, 29.99202], [-95.65777, 29.99091], [-95.6571, 29.99054], [-95.65536, 29.99041], [-95.65513, 29.98909], [-95.65378, 29.98851], [-95.65332, 29.9897], [-95.65329, 29.99099], [-95.65027, 29.99174], [-95.64921, 29.99226], [-95.64022, 30.00017], [-95.6356, 30.00429], [-95.64058, 30.00629], [-95.64145, 30.00748], [-95.64145, 30.01062], [-95.64237, 30.01192], [-95.64234, 30.01828], [-95.6445, 30.01863], [-95.65214, 30.0249], [-95.65316, 30.02514], [-95.66175, 30.0251], [-95.66495, 30.02437], [-95.6827, 30.02426], [-95.68585, 30.02466], [-95.69736, 30.0246]]]}, "properties": {"GEOID": "48201554501", "under5_pop": 411, "licensed_capacity": 154, "children_per_slot": 2.67, "childcare_desert": 0, "pct_zero_car": 0.0055}}, {"type": "Feature", "geometry": {"type": "Polygon", "coordinates": [[[-95.48493, 29.79491], [-95.48485, 29.78414], [-95.47982, 29.78397], [-95.4755, 29.78401], [-95.46969, 29.78446], [-95.468, 29.78446], [-95.46814, 29.79457], [-95.47566, 29.79454], [-95.48359, 29.79465], [-95.48493, 29.79491]]]}, "properties": {"GEOID": "48201520200", "under5_pop": 159, "licensed_capacity": 72, "children_per_slot": 2.21, "childcare_desert": 0, "pct_zero_car": 0.0461}}, {"type": "Feature", "geometry": {"type": "Polygon", "coordinates": [[[-95.54413, 29.86166], [-95.54515, 29.86011], [-95.54519, 29.85872], [-95.5451, 29.85013], [-95.54503, 29.83444], [-95.54532, 29.83224], [-95.53156, 29.83243], [-95.52639, 29.83252], [-95.50932, 29.83271], [-95.50663, 29.83285], [-95.50472, 29.83367], [-95.50801, 29.83595], [-95.5151, 29.84103], [-95.53094, 29.85227], [-95.54413, 29.86166]]]}, "properties": {"GEOID": "48201521600", "under5_pop": 81, "licensed_capacity": 51, "children_per_slot": 1.59, "childcare_desert": 0, "pct_zero_car": 0.0194}}, {"type": "Feature", "geometry": {"type": "Polygon", "coordinates": [[[-95.13267, 29.6635], [-95.13186, 29.66204], [-95.12422, 29.65345], [-95.12358, 29.65222], [-95.12218, 29.65028], [-95.10438, 29.65055], [-95.08956, 29.65082], [-95.08641, 29.65112], [-95.08661, 29.65392], [-95.08692, 29.66438], [-95.10356, 29.66402], [-95.12295, 29.66373], [-95.13267, 29.6635]]]}, "properties": {"GEOID": "48201343000", "under5_pop": 801, "licensed_capacity": 666, "children_per_slot": 1.2, "childcare_desert": 0, "pct_zero_car": 0.06}}, {"type": "Feature", "geometry": {"type": "Polygon", "coordinates": [[[-95.07057, 29.66459], [-95.07059, 29.66223], [-95.07085, 29.66099], [-95.07283, 29.65604], [-95.07331, 29.65356], [-95.07331, 29.65162], [-95.06277, 29.65181], [-95.05842, 29.65146], [-95.04674, 29.65162], [-95.03874, 29.65179], [-95.03917, 29.66514], [-95.04638, 29.665], [-95.0557, 29.66486], [-95.07057, 29.66459]]]}, "properties": {"GEOID": "48201343200", "under5_pop": 254, "licensed_capacity": 0, "children_per_slot": null, "childcare_desert": 1, "pct_zero_car": 0.0}}, {"type": "Feature", "geometry": {"type": "Polygon", "coordinates": [[[-95.3732, 29.76116], [-95.37372, 29.76005], [-95.37291, 29.75968], [-95.3687, 29.75703], [-95.36928, 29.75629], [-95.36582, 29.75419], [-95.35886, 29.76296], [-95.3579, 29.76361], [-95.3586, 29.76483], [-95.3577, 29.76615], [-95.35934, 29.76726], [-95.36128, 29.76765], [-95.36394, 29.7695], [-95.36504, 29.77055], [-95.3654, 29.76906], [-95.36728, 29.76509], [-95.36785, 29.76447], [-95.37165, 29.76255], [-95.3732, 29.76116]]]}, "properties": {"GEOID": "48201980700", "under5_pop": 140, "licensed_capacity": 77, "children_per_slot": 1.82, "childcare_desert": 0, "pct_zero_car": 0.0126}}, {"type": "Feature", "geometry": {"type": "Polygon", "coordinates": [[[-95.52081, 29.71317], [-95.52131, 29.71134], [-95.52129, 29.70642], [-95.5213, 29.70514], [-95.52089, 29.7034], [-95.51996, 29.70215], [-95.51786, 29.70038], [-95.51327, 29.70443], [-95.50942, 29.70787], [-95.51119, 29.70915], [-95.51358, 29.70976], [-95.51802, 29.70973], [-95.51806, 29.71302], [-95.52081, 29.71317]]]}, "properties": {"GEOID": "48201432805", "under5_pop": 179, "licensed_capacity": 0, "children_per_slot": null, "childcare_desert": 1, "pct_zero_car": 0.2214}}, {"type": "Feature", "geometry": {"type": "Polygon", "coordinates": [[[-95.50838, 29.65153], [-95.50829, 29.64423], [-95.50316, 29.64433], [-95.50323, 29.65117], [-95.50639, 29.65116], [-95.50838, 29.65153]]]}, "properties": {"GEOID": "48201422303", "under5_pop": 444, "licensed_capacity": 0, "children_per_slot": null, "childcare_desert": 1, "pct_zero_car": 0.1483}}, {"type": "Feature", "geometry": {"type": "Polygon", "coordinates": [[[-95.51999, 29.71775], [-95.51999, 29.71543], [-95.52081, 29.71317], [-95.51806, 29.71302], [-95.51362, 29.71306], [-95.51368, 29.71673], [-95.51355, 29.71772], [-95.51783, 29.71762], [-95.51999, 29.71775]]]}, "properties": {"GEOID": "48201432803", "under5_pop": 421, "licensed_capacity": 0, "children_per_slot": null, "childcare_desert": 1, "pct_zero_car": 0.1171}}, {"type": "Feature", "geometry": {"type": "Polygon", "coordinates": [[[-95.5351, 29.71454], [-95.53499, 29.71055], [-95.53376, 29.70706], [-95.53419, 29.70654], [-95.53616, 29.7065], [-95.53615, 29.70502], [-95.5213, 29.70514], [-95.52129, 29.70642], [-95.52381, 29.7064], [-95.52407, 29.70663], [-95.52417, 29.71465], [-95.5351, 29.71454]]]}, "properties": {"GEOID": "48201432904", "under5_pop": 376, "licensed_capacity": 0, "children_per_slot": null, "childcare_desert": 1, "pct_zero_car": 0.1398}}, {"type": "Feature", "geometry": {"type": "Polygon", "coordinates": [[[-95.61433, 29.68851], [-95.61446, 29.68508], [-95.61442, 29.68115], [-95.61444, 29.6754], [-95.61015, 29.67543], [-95.60975, 29.67567], [-95.60824, 29.6797], [-95.60264, 29.67805], [-95.60271, 29.67971], [-95.60372, 29.682], [-95.60419, 29.68395], [-95.60426, 29.68894], [-95.61128, 29.68882], [-95.61433, 29.68851]]]}, "properties": {"GEOID": "48201453701", "under5_pop": 317, "licensed_capacity": 210, "children_per_slot": 1.51, "childcare_desert": 0, "pct_zero_car": 0.0331}}, {"type": "Feature", "geometry": {"type": "Polygon", "coordinates": [[[-95.73392, 29.81523], [-95.7327, 29.81507], [-95.7295, 29.815], [-95.72789, 29.81482], [-95.72045, 29.81491], [-95.72004, 29.81784], [-95.72004, 29.81996], [-95.71982, 29.82191], [-95.71983, 29.82427], [-95.71987, 29.83117], [-95.73133, 29.83122], [-95.73127, 29.83031], [-95.7302, 29.82886], [-95.73029, 29.82654], [-95.73096, 29.82539], [-95.73108, 29.8187], [-95.73161, 29.81811], [-95.73278, 29.81808], [-95.7335, 29.81742], [-95.73392, 29.81523]]]}, "properties": {"GEOID": "48201542304", "under5_pop": 444, "licensed_capacity": 397, "children_per_slot": 1.12, "childcare_desert": 0, "pct_zero_car": 0.0}}, {"type": "Feature", "geometry": {"type": "Polygon", "coordinates": [[[-95.42205, 29.64047], [-95.42231, 29.6415], [-95.42702, 29.64144], [-95.43002, 29.64178], [-95.42982, 29.63335], [-95.42968, 29.63253], [-95.42956, 29.62785], [-95.42163, 29.62799], [-95.42173, 29.62828], [-95.42205, 29.64047]]]}, "properties": {"GEOID": "48201330101", "under5_pop": 155, "licensed_capacity": 12, "children_per_slot": 12.92, "childcare_desert": 1, "pct_zero_car": 0.0721}}, {"type": "Feature", "geometry": {"type": "Polygon", "coordinates": [[[-95.66968, 29.85947], [-95.66842, 29.8548], [-95.66824, 29.85356], [-95.6682, 29.84922], [-95.6652, 29.84923], [-95.66465, 29.84923], [-95.66462, 29.84992], [-95.66129, 29.85118], [-95.66142, 29.85151], [-95.66145, 29.85902], [-95.66057, 29.85945], [-95.66526, 29.8594], [-95.66968, 29.85947]]]}, "properties": {"GEOID": "48201541403", "under5_pop": 166, "licensed_capacity": 6, "children_per_slot": 27.67, "childcare_desert": 1, "pct_zero_car": 0.0}}, {"type": "Feature", "geometry": {"type": "Polygon", "coordinates": [[[-95.49318, 29.72225], [-95.49315, 29.71996], [-95.489, 29.72], [-95.48485, 29.72005], [-95.48478, 29.7225], [-95.48511, 29.72192], [-95.48903, 29.72181], [-95.48904, 29.72376], [-95.49164, 29.7236], [-95.49318, 29.72225]]]}, "properties": {"GEOID": "48201421204", "under5_pop": 270, "licensed_capacity": 0, "children_per_slot": null, "childcare_desert": 1, "pct_zero_car": 0.1663}}, {"type": "Feature", "geometry": {"type": "Polygon", "coordinates": [[[-95.62253, 30.06685], [-95.62135, 30.06531], [-95.61909, 30.0613], [-95.61712, 30.05844], [-95.61639, 30.05692], [-95.61546, 30.05413], [-95.61448, 30.05172], [-95.60192, 30.05179], [-95.59913, 30.05161], [-95.59494, 30.05101], [-95.59045, 30.05098], [-95.58671, 30.05103], [-95.59216, 30.06059], [-95.5967, 30.06855], [-95.60545, 30.06703], [-95.62253, 30.06685]]]}, "properties": {"GEOID": "48201554806", "under5_pop": 192, "licensed_capacity": 7, "children_per_slot": 27.43, "childcare_desert": 1, "pct_zero_car": 0.1133}}, {"type": "Feature", "geometry": {"type": "Polygon", "coordinates": [[[-95.20105, 29.69813], [-95.20098, 29.69087], [-95.19324, 29.69088], [-95.19326, 29.69159], [-95.18441, 29.69165], [-95.1828, 29.69172], [-95.18294, 29.69832], [-95.1829, 29.69881], [-95.18888, 29.69876], [-95.19328, 29.69861], [-95.19392, 29.69823], [-95.20105, 29.69813]]]}, "properties": {"GEOID": "48201323000", "under5_pop": 428, "licensed_capacity": 0, "children_per_slot": null, "childcare_desert": 1, "pct_zero_car": 0.1105}}, {"type": "Feature", "geometry": {"type": "Polygon", "coordinates": [[[-95.18294, 29.69832], [-95.1828, 29.69172], [-95.17271, 29.69176], [-95.17252, 29.68225], [-95.16977, 29.68147], [-95.16411, 29.68143], [-95.15526, 29.68152], [-95.15454, 29.68374], [-95.16356, 29.68904], [-95.16916, 29.69246], [-95.1712, 29.69358], [-95.17947, 29.69852], [-95.17957, 29.69834], [-95.18294, 29.69832]]]}, "properties": {"GEOID": "48201323100", "under5_pop": 513, "licensed_capacity": 133, "children_per_slot": 3.86, "childcare_desert": 1, "pct_zero_car": 0.1214}}, {"type": "Feature", "geometry": {"type": "Polygon", "coordinates": [[[-95.19324, 29.69088], [-95.19313, 29.68203], [-95.18381, 29.68212], [-95.17252, 29.68225], [-95.17271, 29.69176], [-95.1828, 29.69172], [-95.18441, 29.69165], [-95.19326, 29.69159], [-95.19324, 29.69088]]]}, "properties": {"GEOID": "48201323200", "under5_pop": 169, "licensed_capacity": 106, "children_per_slot": 1.59, "childcare_desert": 0, "pct_zero_car": 0.0456}}, {"type": "Feature", "geometry": {"type": "Polygon", "coordinates": [[[-95.20098, 29.69087], [-95.21127, 29.69077], [-95.21077, 29.68983], [-95.20915, 29.68797], [-95.20899, 29.68359], [-95.19705, 29.68371], [-95.1953, 29.68225], [-95.19313, 29.68203], [-95.19324, 29.69088], [-95.20098, 29.69087]]]}, "properties": {"GEOID": "48201323300", "under5_pop": 264, "licensed_capacity": 160, "children_per_slot": 1.65, "childcare_desert": 0, "pct_zero_car": 0.1057}}, {"type": "Feature", "geometry": {"type": "Polygon", "coordinates": [[[-95.38159, 30.06072], [-95.39161, 30.05517], [-95.39003, 30.05372], [-95.38789, 30.05012], [-95.38304, 30.04203], [-95.38241, 30.04036], [-95.38131, 30.04044], [-95.38017, 30.03952], [-95.3793, 30.03922], [-95.37726, 30.03917], [-95.3747, 30.0376], [-95.37085, 30.03668], [-95.3697, 30.0366], [-95.3688, 30.03603], [-95.3679, 30.03487], [-95.36745, 30.03374], [-95.36578, 30.03464], [-95.36685, 30.03615], [-95.36689, 30.03777], [-95.36786, 30.03905], [-95.37011, 30.04052], [-95.37195, 30.04256], [-95.3704, 30.04342], [-95.37453, 30.04966], [-95.38026, 30.05724], [-95.37961, 30.05763], [-95.38159, 30.06072]]]}, "properties": {"GEOID": "48201241103", "under5_pop": 514, "licensed_capacity": 242, "children_per_slot": 2.12, "childcare_desert": 0, "pct_zero_car": 0.0282}}, {"type": "Feature", "geometry": {"type": "Polygon", "coordinates": [[[-95.59115, 29.67547], [-95.59706, 29.6606], [-95.5827, 29.65395], [-95.58373, 29.65943], [-95.58434, 29.66083], [-95.58537, 29.66206], [-95.58726, 29.66463], [-95.58836, 29.66638], [-95.58869, 29.66893], [-95.58766, 29.67194], [-95.58726, 29.67363], [-95.58728, 29.67522], [-95.59115, 29.67547]]]}, "properties": {"GEOID": "48201453501", "under5_pop": 345, "licensed_capacity": 93, "children_per_slot": 3.71, "childcare_desert": 1, "pct_zero_car": 0.0581}}, {"type": "Feature", "geometry": {"type": "Polygon", "coordinates": [[[-95.51138, 29.80102], [-95.51119, 29.79998], [-95.51013, 29.79885], [-95.50893, 29.79796], [-95.50609, 29.79701], [-95.50526, 29.79601], [-95.50259, 29.79679], [-95.49971, 29.79596], [-95.49773, 29.7956], [-95.49667, 29.79464], [-95.49548, 29.79483], [-95.4892, 29.79496], [-95.48493, 29.79491], [-95.48483, 29.80284], [-95.48886, 29.80288], [-95.49556, 29.80304], [-95.50089, 29.80302], [-95.50652, 29.80308], [-95.50939, 29.80277], [-95.51138, 29.80102]]]}, "properties": {"GEOID": "48201520700", "under5_pop": 259, "licensed_capacity": 781, "children_per_slot": 0.33, "childcare_desert": 0, "pct_zero_car": 0.0184}}, {"type": "Feature", "geometry": {"type": "Polygon", "coordinates": [[[-95.48043, 29.89975], [-95.48017, 29.89798], [-95.48011, 29.89414], [-95.47977, 29.89253], [-95.47921, 29.89148], [-95.4781, 29.89028], [-95.47597, 29.88884], [-95.47439, 29.88683], [-95.4739, 29.88431], [-95.47226, 29.88418], [-95.46937, 29.88334], [-95.46764, 29.88329], [-95.46804, 29.88479], [-95.46689, 29.8873], [-95.46716, 29.88984], [-95.46774, 29.89171], [-95.4673, 29.89256], [-95.46735, 29.89355], [-95.46869, 29.89492], [-95.46904, 29.89727], [-95.46858, 29.89907], [-95.47016, 29.89968], [-95.48043, 29.89975]]]}, "properties": {"GEOID": "48201532900", "under5_pop": 448, "licensed_capacity": 153, "children_per_slot": 2.93, "childcare_desert": 0, "pct_zero_car": 0.0727}}, {"type": "Feature", "geometry": {"type": "Polygon", "coordinates": [[[-95.46858, 29.89907], [-95.46904, 29.89727], [-95.46869, 29.89492], [-95.46735, 29.89355], [-95.4673, 29.89256], [-95.46774, 29.89171], [-95.46716, 29.88984], [-95.46689, 29.8873], [-95.46804, 29.88479], [-95.46764, 29.88329], [-95.46441, 29.88298], [-95.45674, 29.88305], [-95.45437, 29.88335], [-95.45178, 29.88414], [-95.45066, 29.88469], [-95.45623, 29.89029], [-95.45853, 29.8921], [-95.46473, 29.89873], [-95.46734, 29.89878], [-95.46858, 29.89907]]]}, "properties": {"GEOID": "48201533000", "under5_pop": 198, "licensed_capacity": 104, "children_per_slot": 1.9, "childcare_desert": 0, "pct_zero_car": 0.1714}}, {"type": "Feature", "geometry": {"type": "Polygon", "coordinates": [[[-95.14606, 29.7361], [-95.14768, 29.72292], [-95.1479, 29.72154], [-95.14845, 29.72033], [-95.1528, 29.71504], [-95.15332, 29.71337], [-95.15337, 29.71208], [-95.14916, 29.71196], [-95.14469, 29.71172], [-95.13508, 29.71142], [-95.13043, 29.7116], [-95.124, 29.7115], [-95.11795, 29.71132], [-95.11613, 29.71118], [-95.11298, 29.71052], [-95.10258, 29.70757], [-95.09293, 29.70467], [-95.08843, 29.70318], [-95.07611, 29.69945], [-95.07043, 29.69782], [-95.0647, 29.69608], [-95.06189, 29.69514], [-95.05382, 29.69271], [-95.04697, 29.69073], [-95.04694, 29.68988], [-95.03662, 29.68674], [-95.01962, 29.68163], [-95.01943, 29.67325], [-95.00631, 29.67356], [-95.00455, 29.67393], [-94.99988, 29.67608], [-94.9901, 29.67747], [-94.98827, 29.67749], [-94.98744, 29.67608], [-94.98248, 29.67845], [-94.98118, 29.67666], [-94.97927, 29.6776], [-94.9817, 29.68193], [-94.98313, 29.68394], [-94.9875, 29.68926], [-94.98996, 29.69185], [-94.99461, 29.69534], [-94.99936, 29.69866], [-95.00346, 29.70011], [-95.006, 29.70063], [-95.01213, 29.7013], [-95.01377, 29.70173], [-95.01628, 29.70269], [-95.01714, 29.70321], [-95.01769, 29.70375], [-95.01978, 29.70719], [-95.02044, 29.70916], [-95.02089, 29.72033], [-95.02114, 29.72341], [-95.02225, 29.72527], [-95.02488, 29.72768], [-95.0283, 29.72944], [-95.03185, 29.72984], [-95.03366, 29.73033], [-95.03457, 29.73028], [-95.03536, 29.73025], [-95.04185, 29.73075], [-95.04476, 29.73118], [-95.04833, 29.73262], [-95.05398, 29.73606], [-95.05761, 29.7381], [-95.05914, 29.7395], [-95.06595, 29.753], [-95.06726, 29.75526], [-95.06924, 29.75757], [-95.07066, 29.75875], [-95.0726, 29.75977], [-95.07457, 29.76107], [-95.0762, 29.76178], [-95.07812, 29.76305], [-95.07948, 29.7637], [-95.08269, 29.76414], [-95.08653, 29.76345], [-95.08751, 29.76293], [-95.09001, 29.76063], [-95.09104, 29.7584], [-95.09245, 29.75694], [-95.09304, 29.75565], [-95.09299, 29.75497], [-95.09401, 29.75285], [-95.09611, 29.75093], [-95.09807, 29.74986], [-95.1004, 29.74802], [-95.10069, 29.747], [-95.10341, 29.74461], [-95.10461, 29.7431], [-95.10661, 29.7416], [-95.10885, 29.74048], [-95.11023, 29.74014], [-95.11221, 29.74015], [-95.11388, 29.73953], [-95.11528, 29.73956], [-95.11741, 29.73861], [-95.11978, 29.73693], [-95.12279, 29.73503], [-95.12468, 29.7343], [-95.12629, 29.73424], [-95.12804, 29.73488], [-95.12914, 29.73432], [-95.13119, 29.73378], [-95.13251, 29.73428], [-95.13423, 29.73443], [-95.13705, 29.735], [-95.14214, 29.73539], [-95.14392, 29.73583], [-95.14606, 29.7361]]]}, "properties": {"GEOID": "48201343601", "under5_pop": 0, "licensed_capacity": 0, "children_per_slot": null, "childcare_desert": 0, "pct_zero_car": 0.1465}}, {"type": "Feature", "geometry": {"type": "Polygon", "coordinates": [[[-95.01943, 29.67325], [-95.01933, 29.66682], [-95.0192, 29.66286], [-95.01913, 29.65638], [-95.01884, 29.64595], [-95.01796, 29.64569], [-95.01761, 29.64493], [-95.0164, 29.64456], [-95.01558, 29.64353], [-95.01419, 29.64254], [-95.01372, 29.64468], [-95.01305, 29.64652], [-95.01039, 29.65099], [-95.00771, 29.65577], [-95.00711, 29.65718], [-95.00559, 29.65878], [-95.00552, 29.65951], [-95.00202, 29.663], [-95.00164, 29.66439], [-95.00002, 29.66557], [-94.9969, 29.66735], [-94.99328, 29.66994], [-94.99033, 29.6717], [-94.98591, 29.67328], [-94.97884, 29.67673], [-94.97927, 29.6776], [-94.98118, 29.67666], [-94.98248, 29.67845], [-94.98744, 29.67608], [-94.98827, 29.67749], [-94.9901, 29.67747], [-94.99988, 29.67608], [-95.00455, 29.67393], [-95.00631, 29.67356], [-95.01943, 29.67325]]]}, "properties": {"GEOID": "48201343602", "under5_pop": 188, "licensed_capacity": 69, "children_per_slot": 2.72, "childcare_desert": 0, "pct_zero_car": 0.0705}}, {"type": "Feature", "geometry": {"type": "Polygon", "coordinates": [[[-95.70597, 29.86511], [-95.70361, 29.86473], [-95.69332, 29.86481], [-95.69189, 29.8651], [-95.69212, 29.87102], [-95.69582, 29.87101], [-95.68846, 29.87991], [-95.69733, 29.87986], [-95.70361, 29.87982], [-95.70367, 29.87233], [-95.7035, 29.87063], [-95.70385, 29.86886], [-95.7057, 29.86592], [-95.70597, 29.86511]]]}, "properties": {"GEOID": "48201542108", "under5_pop": 403, "licensed_capacity": 34, "children_per_slot": 11.85, "childcare_desert": 1, "pct_zero_car": 0.0159}}, {"type": "Feature", "geometry": {"type": "Polygon", "coordinates": [[[-95.57601, 29.76586], [-95.57559, 29.76362], [-95.57576, 29.76223], [-95.57635, 29.76008], [-95.57623, 29.75724], [-95.57332, 29.75729], [-95.5726, 29.75767], [-95.57181, 29.75733], [-95.57048, 29.75777], [-95.56979, 29.75639], [-95.56698, 29.75641], [-95.56699, 29.75878], [-95.56611, 29.75892], [-95.56331, 29.7587], [-95.5633, 29.75785], [-95.56219, 29.75835], [-95.56048, 29.75849], [-95.55809, 29.758], [-95.5581, 29.76087], [-95.55834, 29.76221], [-95.55901, 29.76101], [-95.55987, 29.76077], [-95.56066, 29.76156], [-95.56271, 29.76196], [-95.56851, 29.76192], [-95.56972, 29.76207], [-95.57083, 29.7626], [-95.57601, 29.76586]]]}, "properties": {"GEOID": "48201450801", "under5_pop": 35, "licensed_capacity": 0, "children_per_slot": null, "childcare_desert": 1, "pct_zero_car": 0.0293}}, {"type": "Feature", "geometry": {"type": "Polygon", "coordinates": [[[-95.60264, 29.67805], [-95.60421, 29.67392], [-95.60449, 29.6725], [-95.6043, 29.67105], [-95.60367, 29.66959], [-95.60259, 29.66841], [-95.59943, 29.66588], [-95.59806, 29.66364], [-95.59784, 29.66096], [-95.59706, 29.6606], [-95.59115, 29.67547], [-95.59467, 29.6758], [-95.59566, 29.67606], [-95.60264, 29.67805]]]}, "properties": {"GEOID": "48201453502", "under5_pop": 95, "licensed_capacity": 67, "children_per_slot": 1.42, "childcare_desert": 0, "pct_zero_car": 0.0111}}, {"type": "Feature", "geometry": {"type": "Polygon", "coordinates": [[[-95.68708, 29.71008], [-95.6834, 29.70804], [-95.6704, 29.70903], [-95.6661, 29.70919], [-95.66049, 29.70965], [-95.66052, 29.71343], [-95.66042, 29.716], [-95.66057, 29.72], [-95.66064, 29.72694], [-95.68708, 29.71008]]]}, "properties": {"GEOID": "48201454302", "under5_pop": 196, "licensed_capacity": 207, "children_per_slot": 0.95, "childcare_desert": 0, "pct_zero_car": 0.0135}}, {"type": "Feature", "geometry": {"type": "Polygon", "coordinates": [[[-95.60573, 29.72978], [-95.60566, 29.72729], [-95.60488, 29.72429], [-95.60477, 29.71979], [-95.60467, 29.71432], [-95.59222, 29.71539], [-95.5925, 29.73073], [-95.59372, 29.73065], [-95.59615, 29.72996], [-95.59912, 29.72985], [-95.60573, 29.72978]]]}, "properties": {"GEOID": "48201451902", "under5_pop": 86, "licensed_capacity": 183, "children_per_slot": 0.47, "childcare_desert": 0, "pct_zero_car": 0.0276}}, {"type": "Feature", "geometry": {"type": "Polygon", "coordinates": [[[-95.58728, 29.67522], [-95.58726, 29.67363], [-95.58766, 29.67194], [-95.58869, 29.66893], [-95.58836, 29.66638], [-95.58726, 29.66463], [-95.58537, 29.66206], [-95.58171, 29.67034], [-95.58127, 29.67305], [-95.58152, 29.67488], [-95.58728, 29.67522]]]}, "properties": {"GEOID": "48201453403", "under5_pop": 592, "licensed_capacity": 332, "children_per_slot": 1.78, "childcare_desert": 0, "pct_zero_car": 0.1688}}, {"type": "Feature", "geometry": {"type": "Polygon", "coordinates": [[[-95.5959, 29.68909], [-95.59566, 29.67606], [-95.59467, 29.6758], [-95.59115, 29.67547], [-95.58728, 29.67522], [-95.58748, 29.68456], [-95.58759, 29.68893], [-95.59241, 29.68887], [-95.5959, 29.68909]]]}, "properties": {"GEOID": "48201453601", "under5_pop": 106, "licensed_capacity": 85, "children_per_slot": 1.25, "childcare_desert": 0, "pct_zero_car": 0.0527}}, {"type": "Feature", "geometry": {"type": "Polygon", "coordinates": [[[-95.48038, 29.86566], [-95.47862, 29.86353], [-95.4776, 29.86328], [-95.46683, 29.86332], [-95.46698, 29.86488], [-95.46679, 29.86599], [-95.46732, 29.86676], [-95.46861, 29.8673], [-95.46934, 29.86826], [-95.47027, 29.87005], [-95.47037, 29.8714], [-95.46844, 29.87378], [-95.46676, 29.87457], [-95.46612, 29.8754], [-95.46673, 29.87637], [-95.46823, 29.87768], [-95.46832, 29.87858], [-95.46897, 29.87964], [-95.46772, 29.88145], [-95.46764, 29.88329], [-95.46937, 29.88334], [-95.47226, 29.88418], [-95.4739, 29.88431], [-95.47379, 29.87655], [-95.47398, 29.87504], [-95.47387, 29.87324], [-95.47279, 29.86689], [-95.47565, 29.86576], [-95.4791, 29.86559], [-95.48038, 29.86566]]]}, "properties": {"GEOID": "48201532800", "under5_pop": 181, "licensed_capacity": 0, "children_per_slot": null, "childcare_desert": 1, "pct_zero_car": 0.0327}}, {"type": "Feature", "geometry": {"type": "Polygon", "coordinates": [[[-95.2939, 29.68145], [-95.30557, 29.68142], [-95.32146, 29.6778], [-95.31998, 29.67289], [-95.31797, 29.66618], [-95.31449, 29.66683], [-95.30873, 29.66811], [-95.30667, 29.66868], [-95.30388, 29.67024], [-95.30134, 29.67223], [-95.29978, 29.67282], [-95.29457, 29.67365], [-95.29174, 29.67376], [-95.29032, 29.67354], [-95.28906, 29.67318], [-95.28908, 29.67402], [-95.2895, 29.67527], [-95.2939, 29.68145]]]}, "properties": {"GEOID": "48201332600", "under5_pop": 579, "licensed_capacity": 39, "children_per_slot": 14.85, "childcare_desert": 1, "pct_zero_car": 0.1586}}, {"type": "Feature", "geometry": {"type": "Polygon", "coordinates": [[[-95.66049, 29.70965], [-95.6606, 29.70755], [-95.66112, 29.70581], [-95.66362, 29.70201], [-95.6644, 29.69987], [-95.66266, 29.69944], [-95.66018, 29.6993], [-95.65752, 29.69972], [-95.65084, 29.70175], [-95.6475, 29.70338], [-95.64551, 29.70388], [-95.64397, 29.70396], [-95.64406, 29.71105], [-95.65276, 29.71026], [-95.66049, 29.70965]]]}, "properties": {"GEOID": "48201454100", "under5_pop": 236, "licensed_capacity": 227, "children_per_slot": 1.04, "childcare_desert": 0, "pct_zero_car": 0.0205}}, {"type": "Feature", "geometry": {"type": "Polygon", "coordinates": [[[-95.6834, 29.70804], [-95.67588, 29.70382], [-95.67248, 29.70183], [-95.66738, 29.69908], [-95.6669, 29.69914], [-95.66468, 29.69791], [-95.6644, 29.69987], [-95.66362, 29.70201], [-95.66112, 29.70581], [-95.6606, 29.70755], [-95.66049, 29.70965], [-95.6661, 29.70919], [-95.6704, 29.70903], [-95.6834, 29.70804]]]}, "properties": {"GEOID": "48201454200", "under5_pop": 144, "licensed_capacity": 116, "children_per_slot": 1.24, "childcare_desert": 0, "pct_zero_car": 0.0083}}, {"type": "Feature", "geometry": {"type": "Polygon", "coordinates": [[[-95.66961, 29.90584], [-95.66977, 29.90473], [-95.66969, 29.90111], [-95.66936, 29.89955], [-95.66592, 29.90022], [-95.6637, 29.90017], [-95.66236, 29.89989], [-95.6606, 29.89919], [-95.65634, 29.89667], [-95.65504, 29.89622], [-95.65072, 29.896], [-95.64824, 29.8952], [-95.64517, 29.89273], [-95.64131, 29.89109], [-95.63411, 29.90229], [-95.63572, 29.90271], [-95.63711, 29.90276], [-95.64075, 29.90247], [-95.6424, 29.90284], [-95.64432, 29.90392], [-95.64598, 29.90586], [-95.6478, 29.90731], [-95.64949, 29.90791], [-95.65229, 29.90811], [-95.6567, 29.90804], [-95.65945, 29.90755], [-95.66294, 29.90605], [-95.66471, 29.90554], [-95.66698, 29.90537], [-95.66961, 29.90584]]]}, "properties": {"GEOID": "48201541100", "under5_pop": 518, "licensed_capacity": 96, "children_per_slot": 5.4, "childcare_desert": 1, "pct_zero_car": 0.0168}}, {"type": "Feature", "geometry": {"type": "Polygon", "coordinates": [[[-95.53887, 29.73712], [-95.53929, 29.73474], [-95.53915, 29.72773], [-95.53814, 29.72776], [-95.53396, 29.72895], [-95.52868, 29.72899], [-95.52049, 29.72907], [-95.52056, 29.73373], [-95.52108, 29.736], [-95.52117, 29.73733], [-95.53144, 29.73722], [-95.53887, 29.73712]]]}, "properties": {"GEOID": "48201432200", "under5_pop": 307, "licensed_capacity": 96, "children_per_slot": 3.2, "childcare_desert": 1, "pct_zero_car": 0.0608}}, {"type": "Feature", "geometry": {"type": "Polygon", "coordinates": [[[-95.6644, 29.69987], [-95.66468, 29.69791], [-95.65443, 29.69209], [-95.64685, 29.68783], [-95.64364, 29.68593], [-95.64367, 29.68969], [-95.64383, 29.69944], [-95.64397, 29.70396], [-95.64551, 29.70388], [-95.6475, 29.70338], [-95.65084, 29.70175], [-95.65752, 29.69972], [-95.66018, 29.6993], [-95.66266, 29.69944], [-95.6644, 29.69987]]]}, "properties": {"GEOID": "48201454000", "under5_pop": 312, "licensed_capacity": 795, "children_per_slot": 0.39, "childcare_desert": 0, "pct_zero_car": 0.0137}}, {"type": "Feature", "geometry": {"type": "Polygon", "coordinates": [[[-95.5247, 29.87707], [-95.52472, 29.87337], [-95.52454, 29.86555], [-95.52409, 29.8655], [-95.50684, 29.8656], [-95.48677, 29.86575], [-95.48162, 29.86576], [-95.48625, 29.87393], [-95.48748, 29.8762], [-95.49231, 29.8847], [-95.49443, 29.88847], [-95.49446, 29.87664], [-95.49848, 29.87664], [-95.49971, 29.87614], [-95.50045, 29.8743], [-95.50106, 29.87354], [-95.50202, 29.87333], [-95.507, 29.87415], [-95.50933, 29.87371], [-95.51058, 29.8738], [-95.5115, 29.87446], [-95.51322, 29.87488], [-95.51335, 29.8763], [-95.51402, 29.8768], [-95.51608, 29.87606], [-95.51748, 29.87652], [-95.51916, 29.87566], [-95.52323, 29.87557], [-95.5242, 29.87692], [-95.5247, 29.87707]]]}, "properties": {"GEOID": "48201532400", "under5_pop": 760, "licensed_capacity": 282, "children_per_slot": 2.7, "childcare_desert": 0, "pct_zero_car": 0.0589}}, {"type": "Feature", "geometry": {"type": "Polygon", "coordinates": [[[-95.51138, 29.80102], [-95.51273, 29.80031], [-95.52222, 29.79855], [-95.52392, 29.798], [-95.52344, 29.79689], [-95.5231, 29.79476], [-95.52216, 29.79325], [-95.52177, 29.79184], [-95.52178, 29.78735], [-95.52134, 29.78576], [-95.52126, 29.78373], [-95.52012, 29.78374], [-95.52012, 29.78456], [-95.52, 29.78798], [-95.52032, 29.78891], [-95.51671, 29.78893], [-95.51541, 29.78955], [-95.51394, 29.78969], [-95.51392, 29.79431], [-95.51281, 29.79431], [-95.5128, 29.79727], [-95.51011, 29.79724], [-95.51013, 29.79885], [-95.51119, 29.79998], [-95.51138, 29.80102]]]}, "properties": {"GEOID": "48201521000", "under5_pop": 119, "licensed_capacity": 0, "children_per_slot": null, "childcare_desert": 1, "pct_zero_car": 0.0864}}, {"type": "Feature", "geometry": {"type": "Polygon", "coordinates": [[[-95.52442, 29.80673], [-95.52418, 29.79901], [-95.52392, 29.798], [-95.52222, 29.79855], [-95.51273, 29.80031], [-95.51138, 29.80102], [-95.51251, 29.80213], [-95.51422, 29.80216], [-95.51795, 29.80336], [-95.52082, 29.80513], [-95.52383, 29.80613], [-95.52442, 29.80673]]]}, "properties": {"GEOID": "48201521100", "under5_pop": 117, "licensed_capacity": 175, "children_per_slot": 0.67, "childcare_desert": 0, "pct_zero_car": 0.1576}}, {"type": "Feature", "geometry": {"type": "Polygon", "coordinates": [[[-95.52628, 29.82195], [-95.52616, 29.8098], [-95.51965, 29.80983], [-95.51564, 29.81064], [-95.51168, 29.81105], [-95.50659, 29.811], [-95.50086, 29.81091], [-95.50085, 29.81508], [-95.50064, 29.81749], [-95.50005, 29.81883], [-95.49912, 29.82004], [-95.50124, 29.82086], [-95.50485, 29.82086], [-95.50666, 29.82116], [-95.50963, 29.82114], [-95.51624, 29.82105], [-95.5174, 29.82113], [-95.52068, 29.82197], [-95.52628, 29.82195]]]}, "properties": {"GEOID": "48201521300", "under5_pop": 517, "licensed_capacity": 153, "children_per_slot": 3.38, "childcare_desert": 1, "pct_zero_car": 0.0444}}, {"type": "Feature", "geometry": {"type": "Polygon", "coordinates": [[[-95.73563, 29.77625], [-95.7355, 29.76993], [-95.7349, 29.7666], [-95.73487, 29.76375], [-95.73435, 29.76102], [-95.73433, 29.75952], [-95.7323, 29.75946], [-95.7297, 29.75877], [-95.72841, 29.75803], [-95.72235, 29.75356], [-95.72117, 29.75461], [-95.71907, 29.75809], [-95.71772, 29.7595], [-95.71611, 29.76177], [-95.71579, 29.7634], [-95.71611, 29.76525], [-95.7184, 29.76895], [-95.7188, 29.77049], [-95.71883, 29.77219], [-95.71885, 29.77524], [-95.72118, 29.77543], [-95.72392, 29.77596], [-95.7298, 29.77604], [-95.73315, 29.77593], [-95.73563, 29.77625]]]}, "properties": {"GEOID": "48201454700", "under5_pop": 735, "licensed_capacity": 1020, "children_per_slot": 0.72, "childcare_desert": 0, "pct_zero_car": 0.0207}}, {"type": "Feature", "geometry": {"type": "Polygon", "coordinates": [[[-95.46823, 29.80291], [-95.46814, 29.79457], [-95.468, 29.78446], [-95.4616, 29.78442], [-95.45984, 29.78409], [-95.45794, 29.78342], [-95.45387, 29.78094], [-95.45277, 29.78242], [-95.45215, 29.78378], [-95.45202, 29.78581], [-95.45231, 29.78985], [-95.45222, 29.79116], [-95.45126, 29.79501], [-95.45863, 29.80047], [-95.46253, 29.80323], [-95.46289, 29.80293], [-95.46823, 29.80291]]]}, "properties": {"GEOID": "48201520100", "under5_pop": 254, "licensed_capacity": 96, "children_per_slot": 2.65, "childcare_desert": 0, "pct_zero_car": 0.0061}}, {"type": "Feature", "geometry": {"type": "Polygon", "coordinates": [[[-95.47799, 29.96104], [-95.48102, 29.95922], [-95.48266, 29.95714], [-95.48317, 29.95604], [-95.48341, 29.95465], [-95.48331, 29.94829], [-95.4838, 29.94586], [-95.47786, 29.94512], [-95.47529, 29.94497], [-95.47214, 29.94444], [-95.46996, 29.94432], [-95.46835, 29.94396], [-95.46596, 29.9419], [-95.46416, 29.94083], [-95.46276, 29.94111], [-95.46639, 29.94582], [-95.46921, 29.94958], [-95.47799, 29.96104]]]}, "properties": {"GEOID": "48201550800", "under5_pop": 242, "licensed_capacity": 157, "children_per_slot": 1.54, "childcare_desert": 0, "pct_zero_car": 0.0467}}, {"type": "Feature", "geometry": {"type": "Polygon", "coordinates": [[[-95.28908, 29.67402], [-95.28906, 29.67318], [-95.28622, 29.67241], [-95.28145, 29.67228], [-95.27711, 29.67241], [-95.27339, 29.67249], [-95.272, 29.67273], [-95.2709, 29.67335], [-95.268, 29.67556], [-95.27267, 29.68035], [-95.27341, 29.67999], [-95.27349, 29.67866], [-95.2742, 29.67855], [-95.2754, 29.67929], [-95.27681, 29.67949], [-95.27848, 29.67878], [-95.27989, 29.67938], [-95.28148, 29.6784], [-95.28264, 29.67822], [-95.28325, 29.67728], [-95.28505, 29.67772], [-95.28812, 29.67759], [-95.28855, 29.67688], [-95.28813, 29.67501], [-95.28908, 29.67402]]]}, "properties": {"GEOID": "48201333100", "under5_pop": 45, "licensed_capacity": 12, "children_per_slot": 3.75, "childcare_desert": 1, "pct_zero_car": 0.1432}}, {"type": "Feature", "geometry": {"type": "Polygon", "coordinates": [[[-95.46187, 29.67075], [-95.46374, 29.66535], [-95.464, 29.6643], [-95.44652, 29.6645], [-95.44657, 29.66878], [-95.44684, 29.67947], [-95.45331, 29.67932], [-95.45579, 29.67951], [-95.45675, 29.67991], [-95.45817, 29.68125], [-95.45905, 29.6814], [-95.45908, 29.67916], [-95.45957, 29.67664], [-95.46007, 29.67517], [-95.46187, 29.67075]]]}, "properties": {"GEOID": "48201420300", "under5_pop": 566, "licensed_capacity": 99, "children_per_slot": 5.72, "childcare_desert": 1, "pct_zero_car": 0.0462}}, {"type": "Feature", "geometry": {"type": "Polygon", "coordinates": [[[-95.48125, 29.65272], [-95.48227, 29.65047], [-95.4821, 29.64464], [-95.48245, 29.64341], [-95.48234, 29.64027], [-95.47285, 29.64404], [-95.46374, 29.64749], [-95.46402, 29.66048], [-95.46583, 29.65927], [-95.46715, 29.65915], [-95.46815, 29.65818], [-95.46883, 29.65809], [-95.4691, 29.65733], [-95.4704, 29.65737], [-95.4775, 29.6529], [-95.47988, 29.65255], [-95.48125, 29.65272]]]}, "properties": {"GEOID": "48201420500", "under5_pop": 229, "licensed_capacity": 0, "children_per_slot": null, "childcare_desert": 1, "pct_zero_car": 0.1048}}, {"type": "Feature", "geometry": {"type": "Polygon", "coordinates": [[[-95.41065, 29.73424], [-95.41061, 29.73098], [-95.40735, 29.73105], [-95.39949, 29.73139], [-95.39109, 29.73201], [-95.38864, 29.73219], [-95.38709, 29.73272], [-95.38548, 29.73453], [-95.38885, 29.73451], [-95.39948, 29.73442], [-95.40206, 29.73432], [-95.41065, 29.73424]]]}, "properties": {"GEOID": "48201410900", "under5_pop": 26, "licensed_capacity": 0, "children_per_slot": null, "childcare_desert": 1, "pct_zero_car": 0.0233}}, {"type": "Feature", "geometry": {"type": "Polygon", "coordinates": [[[-95.38261, 29.81394], [-95.38204, 29.81137], [-95.38191, 29.80309], [-95.38182, 29.79736], [-95.37275, 29.79064], [-95.37189, 29.79], [-95.37184, 29.79221], [-95.37179, 29.79387], [-95.37194, 29.80004], [-95.37214, 29.80143], [-95.37358, 29.80869], [-95.37528, 29.81321], [-95.37915, 29.81398], [-95.38261, 29.81394]]]}, "properties": {"GEOID": "48201511600", "under5_pop": 85, "licensed_capacity": 87, "children_per_slot": 0.98, "childcare_desert": 0, "pct_zero_car": 0.0848}}]}