{"type": "FeatureCollection", "bbox": [-95.96, 29.5, -94.91, 30.17], "features": [{"type": "Feature", "geometry": {"type": "Polygon", "coordinates": [[[-95.37194, 29.80004], [-95.37179, 29.79387], [-95.37184, 29.79221], [-95.36874, 29.79224], [-95.36862, 29.79294], [-95.36768, 29.79243], [-95.36642, 29.79241], [-95.36501, 29.79117], [-95.36243, 29.79028], [-95.36181, 29.78975], [-95.3511, 29.78983], [-95.35013, 29.78984], [-95.35039, 29.80006], [-95.35724, 29.79997], [-95.3582, 29.80002], [-95.36793, 29.7999], [-95.36793, 29.80005], [-95.37194, 29.80004]]]}, "properties": {"GEOID": "48201210500", "LILATracts_1And10": 0, "LILATracts_halfAnd10": 1, "LILATracts_Vehicle": 0, "LowIncomeTracts": 1, "LA1and10": 0, "lowincome_lowaccess_share": 18.6104, "pct_zero_car": 0.1273}}, {"type": "Feature", "geometry": {"type": "Polygon", "coordinates": [[[-95.40258, 29.8594], [-95.40131, 29.8572], [-95.40049, 29.85617], [-95.39296, 29.84552], [-95.38448, 29.84552], [-95.38471, 29.85944], [-95.38652, 29.85968], [-95.40123, 29.85964], [-95.40258, 29.8594]]]}, "properties": {"GEOID": "48201221400", "LILATracts_1And10": 0, "LILATracts_halfAnd10": 1, "LILATracts_Vehicle": 0, "LowIncomeTracts": 1, "LA1and10": 0, "lowincome_lowaccess_share": 22.3418, "pct_zero_car": 0.1239}}, {"type": "Feature", "geometry": {"type": "Polygon", "coordinates": [[[-95.40792, 29.86987], [-95.40258, 29.8594], [-95.40123, 29.85964], [-95.38652, 29.85968], [-95.38471, 29.85944], [-95.38491, 29.87005], [-95.40649, 29.86983], [-95.40792, 29.86987]]]}, "properties": {"GEOID": "48201221500", "LILATracts_1And10": 0, "LILATracts_halfAnd10": 1, "LILATracts_Vehicle": 0, "LowIncomeTracts": 1, "LA1and10": 0, "lowincome_lowaccess_share": 21.5825, "pct_zero_car": 0.1294}}, {"type": "Feature", "geometry": {"type": "Polygon", "coordinates": [[[-95.20246, 29.89182], [-95.20349, 29.89137], [-95.20599, 29.88927], [-95.20764, 29.88689], [-95.20837, 29.88459], [-95.20848, 29.88301], [-95.20825, 29.87334], [-95.20831, 29.86945], [-95.20883, 29.86628], [-95.20935, 29.86436], [-95.21102, 29.86037], [-95.21306, 29.85679], [-95.2141, 29.8532], [-95.21416, 29.8501], [-95.21391, 29.83731], [-95.2134, 29.83584], [-95.21099, 29.83258], [-95.19993, 29.83732], [-95.19352, 29.84013], [-95.18517, 29.84371], [-95.18612, 29.84662], [-95.18635, 29.84845], [-95.18649, 29.85335], [-95.18666, 29.86663], [-95.18688, 29.86978], [-95.18752, 29.8717], [-95.18904, 29.87381], [-95.19697, 29.88282], [-95.20139, 29.88819], [-95.20201, 29.88941], [-95.20246, 29.89182]]]}, "properties": {"GEOID": "48201232302", "LILATracts_1And10": 1, "LILATracts_halfAnd10": 1, "LILATracts_Vehicle": 0, "LowIncomeTracts": 1, "LA1and10": 1, "lowincome_lowaccess_share": 41.2346, "pct_zero_car": 0.0147}}, {"type": "Feature", "geometry": {"type": "Polygon", "coordinates": [[[-95.13267, 29.6635], [-95.13186, 29.66204], [-95.12422, 29.65345], [-95.12237, 29.65048], [-95.11641, 29.65072], [-95.10669, 29.65085], [-95.08855, 29.65117], [-95.08642, 29.65141], [-95.08661, 29.65392], [-95.08692, 29.66438], [-95.10356, 29.66402], [-95.12295, 29.66373], [-95.13267, 29.6635]]]}, "properties": {"GEOID": "48201343000", "LILATracts_1And10": 0, "LILATracts_halfAnd10": 0, "LILATracts_Vehicle": 0, "LowIncomeTracts": 0, "LA1and10": 0, "lowincome_lowaccess_share": 18.5341, "pct_zero_car": 0.06}}, {"type": "Feature", "geometry": {"type": "Polygon", "coordinates": [[[-95.07057, 29.66459], [-95.07059, 29.66223], [-95.07085, 29.66099], [-95.07283, 29.65604], [-95.07331, 29.65356], [-95.07332, 29.65185], [-95.06272, 29.65212], [-95.05856, 29.65177], [-95.04667, 29.65195], [-95.03875, 29.65214], [-95.03917, 29.66514], [-95.04638, 29.665], [-95.0557, 29.66486], [-95.07057, 29.66459]]]}, "properties": {"GEOID": "48201343200", "LILATracts_1And10": 0, "LILATracts_halfAnd10": 0, "LILATracts_Vehicle": 0, "LowIncomeTracts": 0, "LA1and10": 1, "lowincome_lowaccess_share": 11.2783, "pct_zero_car": 0.0}}, {"type": "Feature", "geometry": {"type": "Polygon", "coordinates": [[[-95.61969, 29.73592], [-95.61961, 29.72807], [-95.61504, 29.72793], [-95.61303, 29.72836], [-95.61116, 29.72923], [-95.60956, 29.72968], [-95.60573, 29.72978], [-95.59912, 29.72985], [-95.59615, 29.72996], [-95.59372, 29.73065], [-95.5925, 29.73073], [-95.59263, 29.7363], [-95.60082, 29.73615], [-95.60584, 29.73618], [-95.61811, 29.73595], [-95.61969, 29.73592]]]}, "properties": {"GEOID": "48201452000", "LILATracts_1And10": 0, "LILATracts_halfAnd10": 0, "LILATracts_Vehicle": 0, "LowIncomeTracts": 0, "LA1and10": 0, "lowincome_lowaccess_share": 7.7362, "pct_zero_car": 0.0653}}, {"type": "Feature", "geometry": {"type": "Polygon", "coordinates": [[[-95.59263, 29.7363], [-95.5925, 29.73073], [-95.59222, 29.71539], [-95.58834, 29.7157], [-95.57145, 29.71706], [-95.57163, 29.72773], [-95.57176, 29.73669], [-95.5812, 29.73656], [-95.58862, 29.7364], [-95.59263, 29.7363]]]}, "properties": {"GEOID": "48201452100", "LILATracts_1And10": 0, "LILATracts_halfAnd10": 1, "LILATracts_Vehicle": 1, "LowIncomeTracts": 1, "LA1and10": 0, "lowincome_lowaccess_share": 13.8494, "pct_zero_car": 0.0731}}, {"type": "Feature", "geometry": {"type": "Polygon", "coordinates": [[[-95.41187, 29.81274], [-95.41229, 29.81191], [-95.41235, 29.80884], [-95.41226, 29.80376], [-95.39922, 29.80396], [-95.38804, 29.80408], [-95.38745, 29.8032], [-95.38191, 29.80309], [-95.38204, 29.81137], [-95.38261, 29.81394], [-95.39313, 29.81383], [-95.39775, 29.81293], [-95.3994, 29.8129], [-95.41187, 29.81274]]]}, "properties": {"GEOID": "48201511500", "LILATracts_1And10": 0, "LILATracts_halfAnd10": 0, "LILATracts_Vehicle": 0, "LowIncomeTracts": 0, "LA1and10": 0, "lowincome_lowaccess_share": 1.0975, "pct_zero_car": 0.0502}}, {"type": "Feature", "geometry": {"type": "Polygon", "coordinates": [[[-95.31517, 29.77442], [-95.3151, 29.77264], [-95.31541, 29.77163], [-95.31548, 29.76363], [-95.30538, 29.76072], [-95.29854, 29.7571], [-95.29682, 29.75677], [-95.29313, 29.75701], [-95.29126, 29.75519], [-95.2835, 29.7501], [-95.28371, 29.76323], [-95.28404, 29.77811], [-95.28991, 29.77803], [-95.29327, 29.77736], [-95.29884, 29.77506], [-95.30063, 29.77453], [-95.30246, 29.77434], [-95.30741, 29.77436], [-95.31517, 29.77442]]]}, "properties": {"GEOID": "48201211500", "LILATracts_1And10": 1, "LILATracts_halfAnd10": 1, "LILATracts_Vehicle": 0, "LowIncomeTracts": 1, "LA1and10": 1, "lowincome_lowaccess_share": 35.1317, "pct_zero_car": 0.0691}}, {"type": "Feature", "geometry": {"type": "Polygon", "coordinates": [[[-95.31591, 29.78676], [-95.31587, 29.77835], [-95.31535, 29.77645], [-95.31517, 29.77442], [-95.30741, 29.77436], [-95.30738, 29.78014], [-95.30736, 29.78746], [-95.31455, 29.78733], [-95.31591, 29.78676]]]}, "properties": {"GEOID": "48201211600", "LILATracts_1And10": 0, "LILATracts_halfAnd10": 1, "LILATracts_Vehicle": 0, "LowIncomeTracts": 1, "LA1and10": 0, "lowincome_lowaccess_share": 12.798, "pct_zero_car": 0.2205}}, {"type": "Feature", "geometry": {"type": "Polygon", "coordinates": [[[-95.38261, 29.81394], [-95.38204, 29.81137], [-95.38191, 29.80309], [-95.38182, 29.79736], [-95.37275, 29.79064], [-95.37189, 29.79], [-95.37184, 29.79221], [-95.37179, 29.79387], [-95.37194, 29.80004], [-95.37214, 29.80143], [-95.37358, 29.80869], [-95.37528, 29.81321], [-95.37915, 29.81398], [-95.38261, 29.81394]]]}, "properties": {"GEOID": "48201511600", "LILATracts_1And10": 0, "LILATracts_halfAnd10": 0, "LILATracts_Vehicle": 0, "LowIncomeTracts": 0, "LA1and10": 0, "lowincome_lowaccess_share": 17.9512, "pct_zero_car": 0.0848}}, {"type": "Feature", "geometry": {"type": "Polygon", "coordinates": [[[-95.46823, 29.80291], [-95.46814, 29.79457], [-95.468, 29.78446], [-95.4616, 29.78442], [-95.45984, 29.78409], [-95.45794, 29.78342], [-95.45387, 29.78094], [-95.45277, 29.78242], [-95.45215, 29.78378], [-95.45202, 29.78581], [-95.45231, 29.78985], [-95.45222, 29.79116], [-95.45126, 29.79501], [-95.45863, 29.80047], [-95.46253, 29.80323], [-95.46289, 29.80293], [-95.46823, 29.80291]]]}, "properties": {"GEOID": "48201520100", "LILATracts_1And10": 0, "LILATracts_halfAnd10": 0, "LILATracts_Vehicle": 0, "LowIncomeTracts": 0, "LA1and10": 0, "lowincome_lowaccess_share": 11.7763, "pct_zero_car": 0.0061}}, {"type": "Feature", "geometry": {"type": "Polygon", "coordinates": [[[-95.61433, 29.68851], [-95.61448, 29.68391], [-95.61444, 29.6754], [-95.61015, 29.67543], [-95.60975, 29.67567], [-95.60824, 29.6797], [-95.60264, 29.67805], [-95.59566, 29.67606], [-95.5959, 29.68909], [-95.60037, 29.68908], [-95.60426, 29.68894], [-95.61128, 29.68882], [-95.61433, 29.68851]]]}, "properties": {"GEOID": "48201453700", "LILATracts_1And10": 0, "LILATracts_halfAnd10": 1, "LILATracts_Vehicle": 0, "LowIncomeTracts": 1, "LA1and10": 0, "lowincome_lowaccess_share": 5.3962, "pct_zero_car": 0.0267}}, {"type": "Feature", "geometry": {"type": "Polygon", "coordinates": [[[-95.61444, 29.6754], [-95.62308, 29.67534], [-95.62318, 29.6743], [-95.61608, 29.67041], [-95.60547, 29.66447], [-95.60132, 29.66273], [-95.59784, 29.66096], [-95.59806, 29.66364], [-95.59943, 29.66588], [-95.60259, 29.66841], [-95.60367, 29.66959], [-95.6043, 29.67105], [-95.60449, 29.6725], [-95.60421, 29.67392], [-95.60264, 29.67805], [-95.60824, 29.6797], [-95.60975, 29.67567], [-95.61015, 29.67543], [-95.61444, 29.6754]]]}, "properties": {"GEOID": "48201453800", "LILATracts_1And10": 0, "LILATracts_halfAnd10": 1, "LILATracts_Vehicle": 0, "LowIncomeTracts": 1, "LA1and10": 0, "lowincome_lowaccess_share": 46.4526, "pct_zero_car": 0.0819}}, {"type": "Feature", "geometry": {"type": "Polygon", "coordinates": [[[-95.5587, 30.00182], [-95.55353, 29.99268], [-95.55184, 29.99254], [-95.55149, 29.99304], [-95.54976, 29.99311], [-95.54929, 29.99193], [-95.54946, 29.99071], [-95.54751, 29.988], [-95.54568, 29.98711], [-95.54277, 29.98842], [-95.54227, 29.98911], [-95.5409, 29.98946], [-95.54035, 29.99069], [-95.53941, 29.99111], [-95.53831, 29.9911], [-95.53661, 29.99287], [-95.53523, 29.99288], [-95.53408, 29.99443], [-95.53224, 29.99439], [-95.5321, 29.99516], [-95.53258, 29.99644], [-95.53063, 29.99807], [-95.53273, 30.00127], [-95.53349, 30.00314], [-95.53366, 30.0051], [-95.53466, 30.00738], [-95.53751, 30.0113], [-95.53847, 30.01288], [-95.54084, 30.0116], [-95.55468, 30.00389], [-95.5587, 30.00182]]]}, "properties": {"GEOID": "48201554002", "LILATracts_1And10": 0, "LILATracts_halfAnd10": 0, "LILATracts_Vehicle": 0, "LowIncomeTracts": 0, "LA1and10": 0, "lowincome_lowaccess_share": 0.535, "pct_zero_car": 0.0}}, {"type": "Feature", "geometry": {"type": "Polygon", "coordinates": [[[-95.57063, 30.02278], [-95.56317, 30.00975], [-95.5587, 30.00182], [-95.55468, 30.00389], [-95.54084, 30.0116], [-95.54065, 30.01315], [-95.54244, 30.01438], [-95.54448, 30.01531], [-95.54736, 30.01848], [-95.5487, 30.01803], [-95.55092, 30.02103], [-95.55121, 30.02178], [-95.55657, 30.02903], [-95.55731, 30.03045], [-95.55774, 30.03012], [-95.56485, 30.02607], [-95.57021, 30.02309], [-95.57063, 30.02278]]]}, "properties": {"GEOID": "48201554102", "LILATracts_1And10": 0, "LILATracts_halfAnd10": 0, "LILATracts_Vehicle": 0, "LowIncomeTracts": 0, "LA1and10": 1, "lowincome_lowaccess_share": 10.0713, "pct_zero_car": 0.0114}}, {"type": "Feature", "geometry": {"type": "Polygon", "coordinates": [[[-95.55535, 30.03309], [-95.55731, 30.03045], [-95.55657, 30.02903], [-95.55121, 30.02178], [-95.55092, 30.02103], [-95.5487, 30.01803], [-95.54736, 30.01848], [-95.54448, 30.01531], [-95.54244, 30.01438], [-95.54065, 30.01315], [-95.54084, 30.0116], [-95.53847, 30.01288], [-95.54015, 30.0152], [-95.54153, 30.01645], [-95.54376, 30.01764], [-95.54495, 30.01864], [-95.55258, 30.02904], [-95.55413, 30.03198], [-95.55535, 30.03309]]]}, "properties": {"GEOID": "48201554101", "LILATracts_1And10": 0, "LILATracts_halfAnd10": 0, "LILATracts_Vehicle": 0, "LowIncomeTracts": 0, "LA1and10": 0, "lowincome_lowaccess_share": 4.471, "pct_zero_car": 0.0213}}, {"type": "Feature", "geometry": {"type": "Polygon", "coordinates": [[[-95.62324, 30.06683], [-95.62204, 30.06543], [-95.62063, 30.06312], [-95.61929, 30.06066], [-95.61763, 30.05829], [-95.61708, 30.05705], [-95.61622, 30.05419], [-95.61444, 30.05052], [-95.61186, 30.04666], [-95.6085, 30.04256], [-95.60591, 30.03902], [-95.60426, 30.0364], [-95.60393, 30.03653], [-95.601, 30.03126], [-95.59907, 30.02758], [-95.59394, 30.01916], [-95.59002, 30.01309], [-95.58793, 30.01346], [-95.58584, 30.01436], [-95.58479, 30.01457], [-95.57993, 30.01476], [-95.57792, 30.01542], [-95.57677, 30.01615], [-95.57063, 30.02278], [-95.58683, 30.05125], [-95.58994, 30.05674], [-95.5967, 30.06855], [-95.60545, 30.06703], [-95.62324, 30.06683]]]}, "properties": {"GEOID": "48201554801", "LILATracts_1And10": 0, "LILATracts_halfAnd10": 0, "LILATracts_Vehicle": 0, "LowIncomeTracts": 0, "LA1and10": 1, "lowincome_lowaccess_share": 26.2745, "pct_zero_car": 0.0303}}, {"type": "Feature", "geometry": {"type": "Polygon", "coordinates": [[[-95.31721, 29.80925], [-95.31707, 29.80807], [-95.31686, 29.79504], [-95.31616, 29.79368], [-95.31594, 29.78793], [-95.31592, 29.78761], [-95.29945, 29.79464], [-95.29694, 29.79565], [-95.28854, 29.79937], [-95.28434, 29.80102], [-95.28014, 29.80247], [-95.28157, 29.80343], [-95.28407, 29.80428], [-95.29017, 29.80422], [-95.29458, 29.80427], [-95.29769, 29.80517], [-95.30454, 29.80883], [-95.30626, 29.80936], [-95.30813, 29.80942], [-95.31721, 29.80925]]]}, "properties": {"GEOID": "48201211700", "LILATracts_1And10": 1, "LILATracts_halfAnd10": 1, "LILATracts_Vehicle": 1, "LowIncomeTracts": 1, "LA1and10": 1, "lowincome_lowaccess_share": 42.5613, "pct_zero_car": 0.1693}}, {"type": "Feature", "geometry": {"type": "Polygon", "coordinates": [[[-95.57623, 29.75724], [-95.57557, 29.75576], [-95.5743, 29.7545], [-95.57269, 29.75197], [-95.57217, 29.75059], [-95.57207, 29.74795], [-95.57057, 29.74787], [-95.56825, 29.74741], [-95.56645, 29.74742], [-95.56415, 29.74715], [-95.56213, 29.74716], [-95.55981, 29.74752], [-95.55789, 29.74755], [-95.55809, 29.758], [-95.56048, 29.75849], [-95.56219, 29.75835], [-95.5633, 29.75785], [-95.56331, 29.7587], [-95.56611, 29.75892], [-95.56699, 29.75878], [-95.56698, 29.75641], [-95.56979, 29.75639], [-95.57048, 29.75777], [-95.57181, 29.75733], [-95.5726, 29.75767], [-95.57332, 29.75729], [-95.57623, 29.75724]]]}, "properties": {"GEOID": "48201450802", "LILATracts_1And10": 0, "LILATracts_halfAnd10": 1, "LILATracts_Vehicle": 0, "LowIncomeTracts": 1, "LA1and10": 0, "lowincome_lowaccess_share": 36.6868, "pct_zero_car": 0.0788}}, {"type": "Feature", "geometry": {"type": "Polygon", "coordinates": [[[-95.44479, 29.83275], [-95.45073, 29.83261], [-95.46019, 29.8325], [-95.46279, 29.83253], [-95.45962, 29.82691], [-95.45814, 29.82423], [-95.45691, 29.82258], [-95.45512, 29.82124], [-95.45219, 29.82005], [-95.45094, 29.81985], [-95.44448, 29.81971], [-95.44479, 29.83275]]]}, "properties": {"GEOID": "48201531200", "LILATracts_1And10": 0, "LILATracts_halfAnd10": 0, "LILATracts_Vehicle": 0, "LowIncomeTracts": 0, "LA1and10": 0, "lowincome_lowaccess_share": 31.276, "pct_zero_car": 0.04}}, {"type": "Feature", "geometry": {"type": "Polygon", "coordinates": [[[-95.64367, 29.68969], [-95.64364, 29.68593], [-95.64026, 29.68408], [-95.6318, 29.67917], [-95.62318, 29.6743], [-95.62308, 29.67534], [-95.61444, 29.6754], [-95.61448, 29.68391], [-95.61433, 29.68851], [-95.62234, 29.68847], [-95.62665, 29.68793], [-95.62853, 29.68823], [-95.63115, 29.68951], [-95.63267, 29.69002], [-95.63427, 29.69018], [-95.63999, 29.69011], [-95.64367, 29.68969]]]}, "properties": {"GEOID": "48201453900", "LILATracts_1And10": 0, "LILATracts_halfAnd10": 1, "LILATracts_Vehicle": 0, "LowIncomeTracts": 1, "LA1and10": 0, "lowincome_lowaccess_share": 17.886, "pct_zero_car": 0.0264}}, {"type": "Feature", "geometry": {"type": "Polygon", "coordinates": [[[-95.66469, 29.69753], [-95.65426, 29.69166], [-95.65269, 29.6911], [-95.64685, 29.68783], [-95.64364, 29.68593], [-95.64367, 29.68969], [-95.64383, 29.69944], [-95.64397, 29.70396], [-95.64551, 29.70388], [-95.6475, 29.70338], [-95.65084, 29.70175], [-95.65752, 29.69972], [-95.66018, 29.6993], [-95.66266, 29.69944], [-95.66433, 29.69985], [-95.66469, 29.69753]]]}, "properties": {"GEOID": "48201454000", "LILATracts_1And10": 0, "LILATracts_halfAnd10": 0, "LILATracts_Vehicle": 0, "LowIncomeTracts": 0, "LA1and10": 0, "lowincome_lowaccess_share": 13.2455, "pct_zero_car": 0.0137}}, {"type": "Feature", "geometry": {"type": "Polygon", "coordinates": [[[-95.48493, 29.79491], [-95.48485, 29.78414], [-95.47982, 29.78397], [-95.47422, 29.78406], [-95.46969, 29.78446], [-95.468, 29.78446], [-95.46814, 29.79457], [-95.47435, 29.79451], [-95.48359, 29.79465], [-95.48493, 29.79491]]]}, "properties": {"GEOID": "48201520200", "LILATracts_1And10": 0, "LILATracts_halfAnd10": 0, "LILATracts_Vehicle": 0, "LowIncomeTracts": 0, "LA1and10": 0, "lowincome_lowaccess_share": 0.8868, "pct_zero_car": 0.0461}}, {"type": "Feature", "geometry": {"type": "Polygon", "coordinates": [[[-95.12328, 29.6792], [-95.12295, 29.66373], [-95.10356, 29.66402], [-95.08692, 29.66438], [-95.08707, 29.67088], [-95.08761, 29.67245], [-95.08771, 29.6746], [-95.08781, 29.67982], [-95.09456, 29.67973], [-95.10996, 29.67946], [-95.11312, 29.67937], [-95.12328, 29.6792]]]}, "properties": {"GEOID": "48201342900", "LILATracts_1And10": 0, "LILATracts_halfAnd10": 1, "LILATracts_Vehicle": 0, "LowIncomeTracts": 1, "LA1and10": 0, "lowincome_lowaccess_share": 23.8518, "pct_zero_car": 0.0647}}, {"type": "Feature", "geometry": {"type": "Polygon", "coordinates": [[[-95.36908, 29.73683], [-95.36501, 29.73447], [-95.35946, 29.7311], [-95.35813, 29.73042], [-95.35388, 29.73586], [-95.35172, 29.73847], [-95.35922, 29.74327], [-95.36268, 29.74487], [-95.36908, 29.73683]]]}, "properties": {"GEOID": "48201312300", "LILATracts_1And10": 1, "LILATracts_halfAnd10": 1, "LILATracts_Vehicle": 1, "LowIncomeTracts": 1, "LA1and10": 1, "lowincome_lowaccess_share": 57.8714, "pct_zero_car": 0.2567}}, {"type": "Feature", "geometry": {"type": "Polygon", "coordinates": [[[-94.94708, 29.84951], [-94.9567, 29.84793], [-94.96608, 29.84643], [-94.97933, 29.84424], [-94.98407, 29.84364], [-94.98569, 29.84327], [-95.00252, 29.84297], [-95.0028, 29.84239], [-95.00276, 29.84081], [-95.00162, 29.83826], [-94.99762, 29.82009], [-94.99935, 29.82007], [-94.99923, 29.80848], [-94.99765, 29.80251], [-94.99759, 29.80228], [-94.97857, 29.80528], [-94.96936, 29.80729], [-94.96609, 29.80792], [-94.94288, 29.81142], [-94.93981, 29.81216], [-94.93743, 29.81314], [-94.92416, 29.81904], [-94.92023, 29.82083], [-94.91783, 29.82137], [-94.90982, 29.82122], [-94.90865, 29.82518], [-94.90915, 29.82691], [-94.91115, 29.82811], [-94.912, 29.82911], [-94.91287, 29.82946], [-94.91778, 29.83063], [-94.92422, 29.83277], [-94.92673, 29.83369], [-94.92785, 29.83384], [-94.9346, 29.83429], [-94.93589, 29.83515], [-94.94189, 29.8414], [-94.94518, 29.84472], [-94.94589, 29.84577], [-94.94708, 29.84951]]]}, "properties": {"GEOID": "48201253100", "LILATracts_1And10": 0, "LILATracts_halfAnd10": 0, "LILATracts_Vehicle": 0, "LowIncomeTracts": 0, "LA1and10": 1, "lowincome_lowaccess_share": 9.4656, "pct_zero_car": 0.0048}}, {"type": "Feature", "geometry": {"type": "Polygon", "coordinates": [[[-95.46355, 30.03297], [-95.46315, 30.03174], [-95.46132, 30.02934], [-95.45051, 30.01428], [-95.44792, 30.01558], [-95.44285, 30.01712], [-95.44211, 30.01724], [-95.43661, 30.01892], [-95.43684, 30.01996], [-95.43779, 30.02185], [-95.44027, 30.025], [-95.44142, 30.02742], [-95.44176, 30.02951], [-95.44126, 30.03049], [-95.43883, 30.03214], [-95.43682, 30.03206], [-95.4349, 30.03231], [-95.43167, 30.03201], [-95.43072, 30.03252], [-95.42927, 30.03266], [-95.42937, 30.03564], [-95.43105, 30.03456], [-95.43162, 30.03564], [-95.43343, 30.03569], [-95.43465, 30.03407], [-95.43582, 30.0345], [-95.43674, 30.03425], [-95.43766, 30.03468], [-95.43871, 30.03406], [-95.43972, 30.03441], [-95.44123, 30.03417], [-95.44159, 30.03535], [-95.44273, 30.03626], [-95.44397, 30.0368], [-95.44623, 30.03652], [-95.44756, 30.03559], [-95.44828, 30.03648], [-95.45046, 30.03698], [-95.45123, 30.03775], [-95.45316, 30.03618], [-95.45516, 30.03612], [-95.45725, 30.03566], [-95.45929, 30.03559], [-95.46134, 30.03495], [-95.46274, 30.03263], [-95.46355, 30.03297]]]}, "properties": {"GEOID": "48201553200", "LILATracts_1And10": 1, "LILATracts_halfAnd10": 1, "LILATracts_Vehicle": 1, "LowIncomeTracts": 1, "LA1and10": 1, "lowincome_lowaccess_share": 25.4942, "pct_zero_car": 0.111}}, {"type": "Feature", "geometry": {"type": "Polygon", "coordinates": [[[-95.35596, 29.68036], [-95.35571, 29.66909], [-95.35311, 29.66777], [-95.35048, 29.66699], [-95.3476, 29.66678], [-95.34534, 29.6662], [-95.3372, 29.66634], [-95.3373, 29.66998], [-95.33696, 29.67188], [-95.33641, 29.67387], [-95.33644, 29.67542], [-95.33898, 29.67556], [-95.3503, 29.67899], [-95.35242, 29.67933], [-95.35596, 29.68036]]]}, "properties": {"GEOID": "48201332000", "LILATracts_1And10": 0, "LILATracts_halfAnd10": 1, "LILATracts_Vehicle": 1, "LowIncomeTracts": 1, "LA1and10": 0, "lowincome_lowaccess_share": 45.6378, "pct_zero_car": 0.2311}}, {"type": "Feature", "geometry": {"type": "Polygon", "coordinates": [[[-95.26648, 29.60163], [-95.27777, 29.60142], [-95.27823, 29.60302], [-95.28615, 29.60291], [-95.28649, 29.59789], [-95.2849, 29.59796], [-95.28396, 29.59757], [-95.28281, 29.59775], [-95.28171, 29.59722], [-95.28024, 29.59552], [-95.27883, 29.59545], [-95.27749, 29.59612], [-95.27666, 29.59485], [-95.27492, 29.5952], [-95.2738, 29.5944], [-95.27258, 29.59503], [-95.27197, 29.59431], [-95.27042, 29.59471], [-95.26863, 29.59386], [-95.26757, 29.59384], [-95.26692, 29.59457], [-95.26357, 29.59386], [-95.26146, 29.59304], [-95.26088, 29.59174], [-95.26104, 29.59082], [-95.2604, 29.59026], [-95.2605, 29.58949], [-95.26127, 29.58919], [-95.26152, 29.58803], [-95.26213, 29.58714], [-95.26111, 29.58552], [-95.26106, 29.58453], [-95.26015, 29.58385], [-95.26054, 29.58196], [-95.26115, 29.58108], [-95.2588, 29.57788], [-95.25878, 29.57687], [-95.25967, 29.57585], [-95.25967, 29.57442], [-95.25837, 29.57286], [-95.25851, 29.57108], [-95.25721, 29.56976], [-95.25665, 29.56865], [-95.25545, 29.56718], [-95.25566, 29.56549], [-95.255, 29.56388], [-95.2538, 29.56268], [-95.25339, 29.56171], [-95.25249, 29.56079], [-95.25278, 29.55855], [-95.25248, 29.5578], [-95.25306, 29.55736], [-95.25473, 29.55742], [-95.25517, 29.55684], [-95.25476, 29.55499], [-95.25362, 29.55368], [-95.25206, 29.55507], [-95.2508, 29.5555], [-95.24987, 29.55512], [-95.24816, 29.5557], [-95.24753, 29.55497], [-95.24793, 29.554], [-95.24737, 29.5531], [-95.24553, 29.55461], [-95.2446, 29.55458], [-95.24269, 29.55517], [-95.24195, 29.55628], [-95.24223, 29.55721], [-95.24161, 29.55971], [-95.24009, 29.56062], [-95.23799, 29.56143], [-95.23652, 29.56019], [-95.23574, 29.55917], [-95.23367, 29.55714], [-95.23119, 29.55772], [-95.22825, 29.56003], [-95.22361, 29.55913], [-95.22204, 29.5582], [-95.22095, 29.55694], [-95.21788, 29.55939], [-95.21646, 29.5585], [-95.21567, 29.55743], [-95.21456, 29.55706], [-95.21629, 29.55666], [-95.2164, 29.55589], [-95.21556, 29.55478], [-95.21474, 29.55565], [-95.21423, 29.5551], [-95.21373, 29.55627], [-95.21313, 29.55577], [-95.21276, 29.55714], [-95.21368, 29.55692], [-95.21278, 29.55787], [-95.21361, 29.55845], [-95.21302, 29.5589], [-95.2122, 29.55864], [-95.21142, 29.5592], [-95.21066, 29.55839], [-95.20876, 29.55917], [-95.20879, 29.55981], [-95.20706, 29.55917], [-95.20687, 29.55851], [-95.20773, 29.55779], [-95.20558, 29.55776], [-95.20586, 29.55916], [-95.20432, 29.55891], [-95.20419, 29.55814], [-95.20243, 29.56055], [-95.20295, 29.56113], [-95.2013, 29.56132], [-95.20119, 29.56299], [-95.20003, 29.56263], [-95.20064, 29.56165], [-95.19906, 29.56118], [-95.20004, 29.5606], [-95.199, 29.55962], [-95.19929, 29.55896], [-95.19794, 29.55887], [-95.19779, 29.55821], [-95.19601, 29.55896], [-95.19702, 29.56008], [-95.1958, 29.56021], [-95.19517, 29.5594], [-95.19388, 29.56005], [-95.19315, 29.55952], [-95.19168, 29.56082], [-95.1907, 29.56132], [-95.19015, 29.56217], [-95.18805, 29.56383], [-95.19833, 29.57236], [-95.19909, 29.57309], [-95.20714, 29.5796], [-95.2083, 29.58012], [-95.20806, 29.5805], [-95.21337, 29.58496], [-95.2259, 29.57357], [-95.22838, 29.57535], [-95.23015, 29.57605], [-95.23238, 29.57772], [-95.2334, 29.57895], [-95.23403, 29.5805], [-95.23483, 29.58465], [-95.23514, 29.58546], [-95.23682, 29.58747], [-95.24494, 29.59416], [-95.2456, 29.5938], [-95.24641, 29.5952], [-95.2503, 29.59833], [-95.24788, 29.60061], [-95.25296, 29.60046], [-95.26669, 29.60027], [-95.26648, 29.60163]]]}, "properties": {"GEOID": "48201350100", "LILATracts_1And10": 0, "LILATracts_halfAnd10": 0, "LILATracts_Vehicle": 0, "LowIncomeTracts": 0, "LA1and10": 1, "lowincome_lowaccess_share": 19.9528, "pct_zero_car": 0.0086}}, {"type": "Feature", "geometry": {"type": "Polygon", "coordinates": [[[-95.59002, 30.01309], [-95.58618, 30.00646], [-95.58493, 30.00452], [-95.58053, 29.99891], [-95.57983, 29.9982], [-95.57919, 29.99666], [-95.57607, 29.99385], [-95.57461, 29.99225], [-95.57118, 29.98746], [-95.57008, 29.98577], [-95.568, 29.9856], [-95.56679, 29.98448], [-95.56603, 29.98491], [-95.56499, 29.98461], [-95.56401, 29.98536], [-95.56183, 29.98525], [-95.56126, 29.98634], [-95.55962, 29.98644], [-95.55998, 29.98874], [-95.56059, 29.99021], [-95.55853, 29.99081], [-95.55837, 29.99163], [-95.5558, 29.9918], [-95.55563, 29.99311], [-95.55362, 29.99226], [-95.55353, 29.99268], [-95.5587, 30.00182], [-95.56317, 30.00975], [-95.57063, 30.02278], [-95.57677, 30.01615], [-95.57792, 30.01542], [-95.57993, 30.01476], [-95.58479, 30.01457], [-95.58584, 30.01436], [-95.58793, 30.01346], [-95.59002, 30.01309]]]}, "properties": {"GEOID": "48201554200", "LILATracts_1And10": 0, "LILATracts_halfAnd10": 0, "LILATracts_Vehicle": 0, "LowIncomeTracts": 0, "LA1and10": 0, "lowincome_lowaccess_share": 8.934, "pct_zero_car": 0.0181}}, {"type": "Feature", "geometry": {"type": "Polygon", "coordinates": [[[-95.6356, 30.00429], [-95.63404, 30.00354], [-95.6243, 29.99542], [-95.61567, 29.98799], [-95.61174, 29.99148], [-95.61323, 29.9933], [-95.61377, 29.99434], [-95.61412, 29.99598], [-95.61393, 29.99752], [-95.61345, 29.99867], [-95.61225, 30.00009], [-95.6097, 30.00234], [-95.60863, 30.00371], [-95.60802, 30.00579], [-95.60798, 30.01272], [-95.6127, 30.01288], [-95.61669, 30.01264], [-95.61766, 30.01229], [-95.62635, 30.00589], [-95.62693, 30.0058], [-95.63318, 30.00567], [-95.6356, 30.00429]]]}, "properties": {"GEOID": "48201554600", "LILATracts_1And10": 0, "LILATracts_halfAnd10": 0, "LILATracts_Vehicle": 0, "LowIncomeTracts": 0, "LA1and10": 1, "lowincome_lowaccess_share": 3.4467, "pct_zero_car": 0.0245}}, {"type": "Feature", "geometry": {"type": "Polygon", "coordinates": [[[-95.30692, 30.03106], [-95.30679, 30.02079], [-95.30679, 30.01604], [-95.3089, 30.00634], [-95.30891, 30.00437], [-95.29387, 30.00505], [-95.26824, 30.00502], [-95.26603, 30.01014], [-95.26312, 30.01654], [-95.25899, 30.02662], [-95.26125, 30.02791], [-95.26168, 30.02988], [-95.2622, 30.03106], [-95.26313, 30.03211], [-95.26385, 30.03236], [-95.26807, 30.0317], [-95.26894, 30.03216], [-95.27116, 30.03268], [-95.27235, 30.03273], [-95.27811, 30.03099], [-95.28198, 30.03079], [-95.28303, 30.03061], [-95.28706, 30.0289], [-95.29291, 30.02775], [-95.29371, 30.02949], [-95.29722, 30.03137], [-95.29993, 30.03219], [-95.30238, 30.03229], [-95.30293, 30.03202], [-95.30435, 30.0298], [-95.3056, 30.02977], [-95.30692, 30.03106]]]}, "properties": {"GEOID": "48201240902", "LILATracts_1And10": 0, "LILATracts_halfAnd10": 0, "LILATracts_Vehicle": 0, "LowIncomeTracts": 0, "LA1and10": 1, "lowincome_lowaccess_share": 19.1682, "pct_zero_car": 0.0169}}, {"type": "Feature", "geometry": {"type": "Polygon", "coordinates": [[[-95.57601, 29.76586], [-95.57559, 29.76362], [-95.57635, 29.76008], [-95.57623, 29.75724], [-95.57332, 29.75729], [-95.5726, 29.75767], [-95.57181, 29.75733], [-95.57048, 29.75777], [-95.56979, 29.75639], [-95.56698, 29.75641], [-95.56699, 29.75878], [-95.56611, 29.75892], [-95.56331, 29.7587], [-95.5633, 29.75785], [-95.56219, 29.75835], [-95.56048, 29.75849], [-95.55809, 29.758], [-95.5581, 29.76087], [-95.55834, 29.76221], [-95.55901, 29.76101], [-95.55987, 29.76077], [-95.56066, 29.76156], [-95.56271, 29.76196], [-95.56851, 29.76192], [-95.56972, 29.76207], [-95.57083, 29.7626], [-95.57601, 29.76586]]]}, "properties": {"GEOID": "48201450801", "LILATracts_1And10": 0, "LILATracts_halfAnd10": 0, "LILATracts_Vehicle": 0, "LowIncomeTracts": 0, "LA1and10": 0, "lowincome_lowaccess_share": 33.4846, "pct_zero_car": 0.0293}}, {"type": "Feature", "geometry": {"type": "Polygon", "coordinates": [[[-95.5866, 29.74744], [-95.58828, 29.74444], [-95.5887, 29.74281], [-95.58862, 29.7364], [-95.5812, 29.73656], [-95.58126, 29.73988], [-95.58172, 29.74132], [-95.58298, 29.74116], [-95.58524, 29.74125], [-95.58609, 29.74271], [-95.58467, 29.74384], [-95.58409, 29.74467], [-95.58365, 29.74688], [-95.5866, 29.74744]]]}, "properties": {"GEOID": "48201451002", "LILATracts_1And10": 0, "LILATracts_halfAnd10": 1, "LILATracts_Vehicle": 0, "LowIncomeTracts": 1, "LA1and10": 0, "lowincome_lowaccess_share": 20.9728, "pct_zero_car": 0.0386}}, {"type": "Feature", "geometry": {"type": "Polygon", "coordinates": [[[-95.68708, 29.71008], [-95.6834, 29.70804], [-95.6704, 29.70903], [-95.6661, 29.70919], [-95.66049, 29.70965], [-95.66044, 29.71831], [-95.66057, 29.72], [-95.66064, 29.72694], [-95.68708, 29.71008]]]}, "properties": {"GEOID": "48201454302", "LILATracts_1And10": 0, "LILATracts_halfAnd10": 1, "LILATracts_Vehicle": 0, "LowIncomeTracts": 1, "LA1and10": 0, "lowincome_lowaccess_share": 6.3521, "pct_zero_car": 0.0135}}, {"type": "Feature", "geometry": {"type": "Polygon", "coordinates": [[[-95.60573, 29.72978], [-95.60566, 29.72729], [-95.60488, 29.72429], [-95.60467, 29.71432], [-95.59222, 29.71539], [-95.5925, 29.73073], [-95.59372, 29.73065], [-95.59615, 29.72996], [-95.59912, 29.72985], [-95.60573, 29.72978]]]}, "properties": {"GEOID": "48201451902", "LILATracts_1And10": 0, "LILATracts_halfAnd10": 0, "LILATracts_Vehicle": 0, "LowIncomeTracts": 0, "LA1and10": 1, "lowincome_lowaccess_share": 14.0052, "pct_zero_car": 0.0276}}, {"type": "Feature", "geometry": {"type": "Polygon", "coordinates": [[[-95.58759, 29.68893], [-95.58728, 29.67522], [-95.58152, 29.67488], [-95.57039, 29.67422], [-95.5706, 29.67838], [-95.57016, 29.67995], [-95.57005, 29.68168], [-95.56954, 29.68385], [-95.56965, 29.68617], [-95.57026, 29.68838], [-95.572, 29.68808], [-95.57658, 29.68805], [-95.58124, 29.68882], [-95.58297, 29.68894], [-95.58759, 29.68893]]]}, "properties": {"GEOID": "48201453602", "LILATracts_1And10": 0, "LILATracts_halfAnd10": 1, "LILATracts_Vehicle": 0, "LowIncomeTracts": 1, "LA1and10": 0, "lowincome_lowaccess_share": 14.9896, "pct_zero_car": 0.0662}}, {"type": "Feature", "geometry": {"type": "Polygon", "coordinates": [[[-95.58728, 29.67522], [-95.58726, 29.67363], [-95.58766, 29.67194], [-95.58869, 29.66893], [-95.58836, 29.66638], [-95.58726, 29.66463], [-95.58537, 29.66206], [-95.58171, 29.67034], [-95.58127, 29.67305], [-95.58152, 29.67488], [-95.58728, 29.67522]]]}, "properties": {"GEOID": "48201453403", "LILATracts_1And10": 0, "LILATracts_halfAnd10": 1, "LILATracts_Vehicle": 0, "LowIncomeTracts": 1, "LA1and10": 0, "lowincome_lowaccess_share": 13.0771, "pct_zero_car": 0.1688}}, {"type": "Feature", "geometry": {"type": "Polygon", "coordinates": [[[-95.5959, 29.68909], [-95.59566, 29.67606], [-95.59467, 29.6758], [-95.59115, 29.67547], [-95.58728, 29.67522], [-95.58759, 29.68893], [-95.59241, 29.68887], [-95.5959, 29.68909]]]}, "properties": {"GEOID": "48201453601", "LILATracts_1And10": 0, "LILATracts_halfAnd10": 1, "LILATracts_Vehicle": 0, "LowIncomeTracts": 1, "LA1and10": 0, "lowincome_lowaccess_share": 21.2712, "pct_zero_car": 0.0527}}, {"type": "Feature", "geometry": {"type": "Polygon", "coordinates": [[[-95.59115, 29.67547], [-95.59706, 29.6606], [-95.59316, 29.65881], [-95.59308, 29.659], [-95.58769, 29.65653], [-95.58769, 29.65628], [-95.5827, 29.65395], [-95.58373, 29.65943], [-95.58434, 29.66083], [-95.58537, 29.66206], [-95.58726, 29.66463], [-95.58836, 29.66638], [-95.58869, 29.66893], [-95.58766, 29.67194], [-95.58726, 29.67363], [-95.58728, 29.67522], [-95.59115, 29.67547]]]}, "properties": {"GEOID": "48201453501", "LILATracts_1And10": 0, "LILATracts_halfAnd10": 1, "LILATracts_Vehicle": 0, "LowIncomeTracts": 1, "LA1and10": 0, "lowincome_lowaccess_share": 13.6846, "pct_zero_car": 0.0581}}, {"type": "Feature", "geometry": {"type": "Polygon", "coordinates": [[[-95.60264, 29.67805], [-95.60421, 29.67392], [-95.60449, 29.6725], [-95.6043, 29.67105], [-95.60367, 29.66959], [-95.60259, 29.66841], [-95.59943, 29.66588], [-95.59806, 29.66364], [-95.59784, 29.66096], [-95.59706, 29.6606], [-95.59115, 29.67547], [-95.59467, 29.6758], [-95.59566, 29.67606], [-95.60264, 29.67805]]]}, "properties": {"GEOID": "48201453502", "LILATracts_1And10": 0, "LILATracts_halfAnd10": 1, "LILATracts_Vehicle": 0, "LowIncomeTracts": 1, "LA1and10": 0, "lowincome_lowaccess_share": 16.6239, "pct_zero_car": 0.0111}}, {"type": "Feature", "geometry": {"type": "Polygon", "coordinates": [[[-95.44782, 29.72453], [-95.44777, 29.72271], [-95.44739, 29.70592], [-95.44619, 29.70593], [-95.44098, 29.70597], [-95.44127, 29.72124], [-95.44303, 29.72035], [-95.44312, 29.72459], [-95.44782, 29.72453]]]}, "properties": {"GEOID": "48201412600", "LILATracts_1And10": 0, "LILATracts_halfAnd10": 0, "LILATracts_Vehicle": 0, "LowIncomeTracts": 0, "LA1and10": 0, "lowincome_lowaccess_share": 0.2149, "pct_zero_car": 0.0}}, {"type": "Feature", "geometry": {"type": "Polygon", "coordinates": [[[-95.64406, 29.71105], [-95.64397, 29.70396], [-95.63614, 29.70404], [-95.61944, 29.70357], [-95.61464, 29.70351], [-95.61478, 29.7106], [-95.6147, 29.71341], [-95.64172, 29.71118], [-95.64406, 29.71105]]]}, "properties": {"GEOID": "48201452600", "LILATracts_1And10": 0, "LILATracts_halfAnd10": 1, "LILATracts_Vehicle": 1, "LowIncomeTracts": 1, "LA1and10": 0, "lowincome_lowaccess_share": 33.125, "pct_zero_car": 0.1252}}, {"type": "Feature", "geometry": {"type": "Polygon", "coordinates": [[[-95.48483, 29.80284], [-95.48493, 29.79491], [-95.48359, 29.79465], [-95.47435, 29.79451], [-95.46814, 29.79457], [-95.46823, 29.80291], [-95.47546, 29.80284], [-95.48483, 29.80284]]]}, "properties": {"GEOID": "48201520300", "LILATracts_1And10": 0, "LILATracts_halfAnd10": 1, "LILATracts_Vehicle": 0, "LowIncomeTracts": 1, "LA1and10": 0, "lowincome_lowaccess_share": 16.9022, "pct_zero_car": 0.0545}}, {"type": "Feature", "geometry": {"type": "Polygon", "coordinates": [[[-95.08269, 29.76414], [-95.07948, 29.7637], [-95.0762, 29.76178], [-95.07457, 29.76107], [-95.0726, 29.75977], [-95.07066, 29.75875], [-95.06924, 29.75757], [-95.06726, 29.75526], [-95.06595, 29.753], [-95.05914, 29.7395], [-95.05761, 29.7381], [-95.05398, 29.73606], [-95.04833, 29.73262], [-95.04476, 29.73118], [-95.04185, 29.73075], [-95.03536, 29.73025], [-95.03457, 29.73028], [-95.03468, 29.73093], [-95.03439, 29.74846], [-95.03367, 29.74856], [-95.03464, 29.74912], [-95.03378, 29.75039], [-95.03566, 29.75123], [-95.03627, 29.752], [-95.03628, 29.75285], [-95.03195, 29.76279], [-95.03184, 29.77233], [-95.03201, 29.7775], [-95.03203, 29.78263], [-95.03983, 29.78594], [-95.04485, 29.78799], [-95.05078, 29.78978], [-95.04912, 29.79085], [-95.04944, 29.79108], [-95.05175, 29.79059], [-95.05491, 29.79048], [-95.057, 29.79089], [-95.06082, 29.79251], [-95.06183, 29.79188], [-95.0653, 29.78874], [-95.07083, 29.7846], [-95.07361, 29.78218], [-95.07568, 29.78008], [-95.07731, 29.77537], [-95.07731, 29.77265], [-95.07699, 29.77015], [-95.07828, 29.76738], [-95.08005, 29.76524], [-95.08131, 29.76452], [-95.08269, 29.76414]]]}, "properties": {"GEOID": "48201253300", "LILATracts_1And10": 0, "LILATracts_halfAnd10": 0, "LILATracts_Vehicle": 0, "LowIncomeTracts": 0, "LA1and10": 1, "lowincome_lowaccess_share": 9.6593, "pct_zero_car": 0.0319}}, {"type": "Feature", "geometry": {"type": "Polygon", "coordinates": [[[-95.03203, 29.78263], [-95.03201, 29.7775], [-95.03184, 29.77233], [-95.03195, 29.76279], [-95.03628, 29.75285], [-95.03627, 29.752], [-95.03566, 29.75123], [-95.03378, 29.75039], [-95.03148, 29.74867], [-95.02155, 29.74839], [-95.02268, 29.74361], [-95.02271, 29.74209], [-95.0215, 29.74058], [-95.0079, 29.73313], [-95.00572, 29.73315], [-95.00422, 29.73276], [-95.00071, 29.73075], [-94.99895, 29.73323], [-94.998, 29.73502], [-94.98819, 29.74883], [-94.99047, 29.75207], [-94.99202, 29.75363], [-94.99524, 29.75554], [-95.00224, 29.75921], [-95.00325, 29.75991], [-95.0106, 29.76745], [-95.01333, 29.76987], [-95.01466, 29.77099], [-95.02172, 29.77817], [-95.02308, 29.77887], [-95.03203, 29.78263]]]}, "properties": {"GEOID": "48201253400", "LILATracts_1And10": 1, "LILATracts_halfAnd10": 1, "LILATracts_Vehicle": 0, "LowIncomeTracts": 1, "LA1and10": 1, "lowincome_lowaccess_share": 51.4071, "pct_zero_car": 0.0628}}, {"type": "Feature", "geometry": {"type": "Polygon", "coordinates": [[[-95.10641, 29.54594], [-95.10648, 29.54569], [-95.10413, 29.54352], [-95.09618, 29.53509], [-95.09452, 29.53574], [-95.09186, 29.53388], [-95.09117, 29.53317], [-95.09088, 29.53155], [-95.09004, 29.53113], [-95.08819, 29.53189], [-95.08697, 29.53311], [-95.08651, 29.53441], [-95.08593, 29.53485], [-95.08313, 29.53392], [-95.08219, 29.534], [-95.08011, 29.53367], [-95.07889, 29.53527], [-95.07859, 29.53725], [-95.08011, 29.53946], [-95.08023, 29.54014], [-95.07917, 29.54233], [-95.07949, 29.54334], [-95.07851, 29.54503], [-95.07782, 29.54502], [-95.07746, 29.54593], [-95.07498, 29.54755], [-95.07247, 29.55021], [-95.07128, 29.55399], [-95.07011, 29.55609], [-95.0692, 29.5568], [-95.06996, 29.55905], [-95.07156, 29.56277], [-95.07188, 29.56306], [-95.07282, 29.56197], [-95.07448, 29.55916], [-95.07635, 29.55634], [-95.07819, 29.55518], [-95.08637, 29.55252], [-95.09281, 29.55051], [-95.10641, 29.54594]]]}, "properties": {"GEOID": "48201341202", "LILATracts_1And10": 0, "LILATracts_halfAnd10": 0, "LILATracts_Vehicle": 0, "LowIncomeTracts": 0, "LA1and10": 0, "lowincome_lowaccess_share": 14.6713, "pct_zero_car": 0.0358}}, {"type": "Feature", "geometry": {"type": "Polygon", "coordinates": [[[-95.17784, 29.53093], [-95.18213, 29.52699], [-95.18457, 29.52491], [-95.18585, 29.5241], [-95.18634, 29.52335], [-95.18486, 29.52321], [-95.18519, 29.52199], [-95.18455, 29.52063], [-95.18279, 29.52006], [-95.1831, 29.51902], [-95.18209, 29.51856], [-95.18007, 29.51832], [-95.18022, 29.51981], [-95.17929, 29.51985], [-95.17893, 29.51927], [-95.17892, 29.51787], [-95.17648, 29.52001], [-95.17551, 29.52052], [-95.17342, 29.52113], [-95.16186, 29.52235], [-95.16267, 29.52819], [-95.16268, 29.52966], [-95.1642, 29.52981], [-95.16835, 29.526], [-95.1695, 29.52591], [-95.17678, 29.53193], [-95.17784, 29.53093]]]}, "properties": {"GEOID": "48201350801", "LILATracts_1And10": 0, "LILATracts_halfAnd10": 0, "LILATracts_Vehicle": 0, "LowIncomeTracts": 0, "LA1and10": 1, "lowincome_lowaccess_share": 7.106, "pct_zero_car": 0.0277}}, {"type": "Feature", "geometry": {"type": "Polygon", "coordinates": [[[-95.18517, 29.84371], [-95.18335, 29.84115], [-95.18186, 29.83987], [-95.17999, 29.83796], [-95.1776, 29.83584], [-95.17635, 29.83401], [-95.17336, 29.83079], [-95.17061, 29.82817], [-95.16907, 29.82632], [-95.16717, 29.82318], [-95.16671, 29.82164], [-95.16501, 29.818], [-95.16415, 29.8152], [-95.1636, 29.81208], [-95.16329, 29.80874], [-95.15869, 29.80995], [-95.15654, 29.81049], [-95.15183, 29.81196], [-95.14887, 29.81331], [-95.13431, 29.81843], [-95.1294, 29.81999], [-95.12716, 29.82051], [-95.12758, 29.83644], [-95.12755, 29.83794], [-95.12799, 29.85463], [-95.12793, 29.85617], [-95.12808, 29.86569], [-95.12819, 29.86819], [-95.13644, 29.86465], [-95.1476, 29.85992], [-95.15377, 29.85715], [-95.16314, 29.85307], [-95.16645, 29.85172], [-95.17403, 29.84853], [-95.18517, 29.84371]]]}, "properties": {"GEOID": "48201252200", "LILATracts_1And10": 1, "LILATracts_halfAnd10": 1, "LILATracts_Vehicle": 0, "LowIncomeTracts": 1, "LA1and10": 1, "lowincome_lowaccess_share": 31.1775, "pct_zero_car": 0.0178}}, {"type": "Feature", "geometry": {"type": "Polygon", "coordinates": [[[-95.54736, 30.10397], [-95.54737, 30.10368], [-95.54572, 30.10338], [-95.54442, 30.10272], [-95.53513, 30.09477], [-95.51539, 30.07601], [-95.51342, 30.0741], [-95.50853, 30.07412], [-95.49682, 30.07405], [-95.49667, 30.08091], [-95.49671, 30.08347], [-95.50073, 30.08301], [-95.50374, 30.08365], [-95.50693, 30.08389], [-95.50691, 30.09016], [-95.50681, 30.09136], [-95.50677, 30.09918], [-95.50688, 30.10672], [-95.50689, 30.11212], [-95.50674, 30.11443], [-95.50852, 30.11402], [-95.51, 30.11495], [-95.51138, 30.11515], [-95.51321, 30.11718], [-95.51314, 30.11796], [-95.51399, 30.1188], [-95.51354, 30.12021], [-95.51374, 30.1208], [-95.51475, 30.12068], [-95.51571, 30.12189], [-95.51695, 30.12153], [-95.51827, 30.1203], [-95.51931, 30.11994], [-95.52023, 30.12021], [-95.52066, 30.11972], [-95.52033, 30.11883], [-95.52087, 30.11828], [-95.52196, 30.11817], [-95.52209, 30.11625], [-95.5224, 30.1158], [-95.52161, 30.11464], [-95.52195, 30.11393], [-95.52541, 30.11306], [-95.52838, 30.11511], [-95.52989, 30.11708], [-95.53111, 30.11642], [-95.53182, 30.11559], [-95.5332, 30.11578], [-95.53312, 30.11489], [-95.53574, 30.11396], [-95.5356, 30.1131], [-95.53643, 30.11247], [-95.53669, 30.11152], [-95.53777, 30.11069], [-95.53849, 30.11064], [-95.53958, 30.11157], [-95.54014, 30.11112], [-95.54142, 30.11122], [-95.54265, 30.1101], [-95.54264, 30.10919], [-95.54389, 30.10843], [-95.54518, 30.10878], [-95.54568, 30.10807], [-95.54657, 30.10795], [-95.54635, 30.10601], [-95.54665, 30.10547], [-95.54736, 30.10397]]]}, "properties": {"GEOID": "48201554902", "LILATracts_1And10": 0, "LILATracts_halfAnd10": 0, "LILATracts_Vehicle": 0, "LowIncomeTracts": 0, "LA1and10": 1, "lowincome_lowaccess_share": 5.3911, "pct_zero_car": 0.0133}}, {"type": "Feature", "geometry": {"type": "Polygon", "coordinates": [[[-95.55341, 30.11125], [-95.54665, 30.10547], [-95.54635, 30.10601], [-95.54657, 30.10795], [-95.54568, 30.10807], [-95.54518, 30.10878], [-95.54389, 30.10843], [-95.54264, 30.10919], [-95.54265, 30.1101], [-95.54142, 30.11122], [-95.54014, 30.11112], [-95.53958, 30.11157], [-95.53849, 30.11064], [-95.53777, 30.11069], [-95.53669, 30.11152], [-95.53643, 30.11247], [-95.5356, 30.1131], [-95.53574, 30.11396], [-95.53312, 30.11489], [-95.5332, 30.11578], [-95.53182, 30.11559], [-95.53111, 30.11642], [-95.52989, 30.11708], [-95.52838, 30.11511], [-95.52541, 30.11306], [-95.52195, 30.11393], [-95.52161, 30.11464], [-95.5224, 30.1158], [-95.52209, 30.11625], [-95.52196, 30.11817], [-95.52087, 30.11828], [-95.52033, 30.11883], [-95.52066, 30.11972], [-95.52023, 30.12021], [-95.51931, 30.11994], [-95.51827, 30.1203], [-95.51695, 30.12153], [-95.51571, 30.12189], [-95.51475, 30.12068], [-95.51374, 30.1208], [-95.51354, 30.12021], [-95.51399, 30.1188], [-95.51314, 30.11796], [-95.51321, 30.11718], [-95.51138, 30.11515], [-95.51, 30.11495], [-95.50852, 30.11402], [-95.50674, 30.11443], [-95.50348, 30.11548], [-95.50261, 30.11438], [-95.5024, 30.11339], [-95.50123, 30.11242], [-95.50011, 30.11285], [-95.49982, 30.11183], [-95.49874, 30.11089], [-95.49874, 30.10975], [-95.4977, 30.10917], [-95.49631, 30.10906], [-95.49517, 30.10968], [-95.49408, 30.10982], [-95.49291, 30.11079], [-95.49134, 30.11082], [-95.49225, 30.11278], [-95.49246, 30.11386], [-95.49176, 30.11492], [-95.49271, 30.11567], [-95.4925, 30.11621], [-95.49336, 30.11768], [-95.49483, 30.11845], [-95.49639, 30.11994], [-95.49591, 30.12023], [-95.49634, 30.12167], [-95.49712, 30.1217], [-95.49772, 30.12371], [-95.49704, 30.12386], [-95.49717, 30.12518], [-95.49773, 30.12585], [-95.49681, 30.1266], [-95.49593, 30.12601], [-95.49568, 30.12742], [-95.49704, 30.12883], [-95.49603, 30.12972], [-95.49654, 30.13007], [-95.49577, 30.13181], [-95.497, 30.13266], [-95.49663, 30.13386], [-95.49801, 30.13528], [-95.49724, 30.13575], [-95.49861, 30.13743], [-95.49855, 30.13915], [-95.49938, 30.13966], [-95.49984, 30.14247], [-95.50096, 30.14369], [-95.50211, 30.14422], [-95.5027, 30.14402], [-95.50348, 30.14523], [-95.5047, 30.14513], [-95.50443, 30.14377], [-95.50489, 30.14079], [-95.50481, 30.13953], [-95.50492, 30.1333], [-95.50501, 30.13252], [-95.50584, 30.13071], [-95.50594, 30.12721], [-95.50595, 30.12153], [-95.50624, 30.12011], [-95.51023, 30.12012], [-95.5109, 30.12029], [-95.51608, 30.12354], [-95.51762, 30.12516], [-95.51901, 30.1261], [-95.52198, 30.12726], [-95.52383, 30.12749], [-95.52682, 30.12726], [-95.52835, 30.12667], [-95.53014, 30.1253], [-95.53154, 30.12164], [-95.53386, 30.11903], [-95.53836, 30.11681], [-95.53922, 30.11622], [-95.53955, 30.11476], [-95.54057, 30.11372], [-95.54208, 30.11386], [-95.54283, 30.11442], [-95.54521, 30.11496], [-95.54758, 30.11487], [-95.55052, 30.11378], [-95.55341, 30.11125]]]}, "properties": {"GEOID": "48201555301", "LILATracts_1And10": 0, "LILATracts_halfAnd10": 0, "LILATracts_Vehicle": 0, "LowIncomeTracts": 0, "LA1and10": 1, "lowincome_lowaccess_share": 10.3059, "pct_zero_car": 0.0101}}, {"type": "Feature", "geometry": {"type": "Polygon", "coordinates": [[[-95.26718, 29.70991], [-95.26165, 29.70862], [-95.2569, 29.70782], [-95.24629, 29.70607], [-95.24488, 29.70603], [-95.2319, 29.7072], [-95.22814, 29.70766], [-95.22821, 29.70977], [-95.22609, 29.70995], [-95.22618, 29.71588], [-95.2261, 29.71604], [-95.22001, 29.71609], [-95.22002, 29.71875], [-95.22144, 29.72012], [-95.22364, 29.721], [-95.22415, 29.72331], [-95.22404, 29.72434], [-95.22342, 29.72524], [-95.22605, 29.72585], [-95.22829, 29.72547], [-95.2321, 29.72426], [-95.23375, 29.72359], [-95.23568, 29.72237], [-95.2375, 29.72061], [-95.23891, 29.71952], [-95.24023, 29.71929], [-95.24171, 29.71942], [-95.24302, 29.71909], [-95.24452, 29.71936], [-95.24792, 29.72064], [-95.2497, 29.72205], [-95.2526, 29.72498], [-95.25403, 29.72602], [-95.25579, 29.72681], [-95.25846, 29.72695], [-95.2627, 29.7262], [-95.2648, 29.72537], [-95.26652, 29.72494], [-95.26651, 29.72485], [-95.2662, 29.72234], [-95.26631, 29.7119], [-95.26718, 29.70991]]]}, "properties": {"GEOID": "48201324200", "LILATracts_1And10": 1, "LILATracts_halfAnd10": 1, "LILATracts_Vehicle": 0, "LowIncomeTracts": 1, "LA1and10": 1, "lowincome_lowaccess_share": 54.3517, "pct_zero_car": 0.0337}}, {"type": "Feature", "geometry": {"type": "Polygon", "coordinates": [[[-95.13079, 29.52862], [-95.12761, 29.52523], [-95.12594, 29.5229], [-95.12343, 29.51851], [-95.11714, 29.50803], [-95.1155, 29.50882], [-95.11375, 29.51061], [-95.11246, 29.51094], [-95.11083, 29.5106], [-95.10947, 29.50986], [-95.1081, 29.50965], [-95.10433, 29.51073], [-95.10387, 29.51129], [-95.10404, 29.51256], [-95.10482, 29.51419], [-95.10602, 29.51578], [-95.10607, 29.51686], [-95.10363, 29.51789], [-95.10301, 29.5188], [-95.10345, 29.52015], [-95.10238, 29.5215], [-95.10142, 29.52144], [-95.10055, 29.52079], [-95.09923, 29.51841], [-95.0985, 29.51817], [-95.09761, 29.51861], [-95.09705, 29.52052], [-95.09479, 29.52259], [-95.09369, 29.52534], [-95.09387, 29.52653], [-95.09507, 29.52816], [-95.09543, 29.53074], [-95.09651, 29.53251], [-95.09698, 29.53374], [-95.09618, 29.53509], [-95.10413, 29.54352], [-95.10648, 29.54569], [-95.10641, 29.54594], [-95.10967, 29.54391], [-95.11579, 29.53952], [-95.1181, 29.53762], [-95.12825, 29.53033], [-95.13079, 29.52862]]]}, "properties": {"GEOID": "48201341201", "LILATracts_1And10": 1, "LILATracts_halfAnd10": 1, "LILATracts_Vehicle": 0, "LowIncomeTracts": 1, "LA1and10": 1, "lowincome_lowaccess_share": 54.8106, "pct_zero_car": 0.0172}}, {"type": "Feature", "geometry": {"type": "Polygon", "coordinates": [[[-95.39931, 29.73869], [-95.39926, 29.73523], [-95.39948, 29.73442], [-95.3869, 29.73447], [-95.38548, 29.73453], [-95.38709, 29.73272], [-95.38864, 29.73219], [-95.38454, 29.73224], [-95.38447, 29.73225], [-95.37998, 29.73795], [-95.38222, 29.7389], [-95.39931, 29.73869]]]}, "properties": {"GEOID": "48201410702", "LILATracts_1And10": 0, "LILATracts_halfAnd10": 0, "LILATracts_Vehicle": 0, "LowIncomeTracts": 0, "LA1and10": 0, "lowincome_lowaccess_share": 0.7826, "pct_zero_car": 0.2477}}, {"type": "Feature", "geometry": {"type": "Polygon", "coordinates": [[[-95.39931, 29.7428], [-95.39931, 29.73869], [-95.38222, 29.7389], [-95.38197, 29.73974], [-95.38194, 29.74276], [-95.38166, 29.74556], [-95.38965, 29.74537], [-95.38966, 29.74462], [-95.39312, 29.74466], [-95.39714, 29.74281], [-95.39931, 29.7428]]]}, "properties": {"GEOID": "48201410701", "LILATracts_1And10": 0, "LILATracts_halfAnd10": 0, "LILATracts_Vehicle": 0, "LowIncomeTracts": 0, "LA1and10": 0, "lowincome_lowaccess_share": 3.3192, "pct_zero_car": 0.0848}}, {"type": "Feature", "geometry": {"type": "Polygon", "coordinates": [[[-95.64131, 29.89109], [-95.64357, 29.88751], [-95.64434, 29.8859], [-95.64503, 29.88375], [-95.64533, 29.88095], [-95.64531, 29.87921], [-95.63302, 29.87932], [-95.62538, 29.87943], [-95.62571, 29.88061], [-95.62711, 29.88176], [-95.62856, 29.88132], [-95.62892, 29.88456], [-95.62894, 29.88736], [-95.62832, 29.88968], [-95.62813, 29.89164], [-95.62816, 29.89397], [-95.62764, 29.89408], [-95.62769, 29.90046], [-95.62638, 29.90041], [-95.62303, 29.89959], [-95.62061, 29.89948], [-95.62008, 29.91334], [-95.62009, 29.91477], [-95.62505, 29.91244], [-95.62784, 29.91058], [-95.62934, 29.90918], [-95.63086, 29.90735], [-95.63411, 29.90229], [-95.64131, 29.89109]]]}, "properties": {"GEOID": "48201540902", "LILATracts_1And10": 0, "LILATracts_halfAnd10": 0, "LILATracts_Vehicle": 0, "LowIncomeTracts": 0, "LA1and10": 0, "lowincome_lowaccess_share": 12.8098, "pct_zero_car": 0.0096}}, {"type": "Feature", "geometry": {"type": "Polygon", "coordinates": [[[-95.24802, 29.96197], [-95.24793, 29.95677], [-95.24812, 29.95547], [-95.24916, 29.95299], [-95.24967, 29.95099], [-95.2497, 29.94962], [-95.24954, 29.93967], [-95.24951, 29.9345], [-95.24381, 29.93457], [-95.24074, 29.93443], [-95.23588, 29.93391], [-95.22576, 29.93412], [-95.21624, 29.93419], [-95.21649, 29.93632], [-95.21852, 29.95115], [-95.21867, 29.9522], [-95.21871, 29.96287], [-95.21867, 29.97101], [-95.21921, 29.97126], [-95.21906, 29.97705], [-95.21876, 29.97863], [-95.23004, 29.97246], [-95.24414, 29.96277], [-95.24616, 29.96201], [-95.24802, 29.96197]]]}, "properties": {"GEOID": "48201250301", "LILATracts_1And10": 0, "LILATracts_halfAnd10": 0, "LILATracts_Vehicle": 0, "LowIncomeTracts": 0, "LA1and10": 1, "lowincome_lowaccess_share": 25.8743, "pct_zero_car": 0.0162}}, {"type": "Feature", "geometry": {"type": "Polygon", "coordinates": [[[-95.21876, 29.97863], [-95.21906, 29.97705], [-95.21921, 29.97126], [-95.21867, 29.97101], [-95.21871, 29.96287], [-95.21867, 29.9522], [-95.21852, 29.95115], [-95.21699, 29.95198], [-95.21635, 29.95374], [-95.21532, 29.95471], [-95.21464, 29.95592], [-95.21285, 29.95593], [-95.21139, 29.95668], [-95.21044, 29.9588], [-95.21047, 29.96044], [-95.20848, 29.96207], [-95.20668, 29.9621], [-95.20542, 29.96324], [-95.20547, 29.96452], [-95.20397, 29.96471], [-95.20292, 29.96536], [-95.20186, 29.96696], [-95.20249, 29.9679], [-95.20145, 29.96924], [-95.19978, 29.9709], [-95.1987, 29.97309], [-95.1972, 29.97493], [-95.19649, 29.97636], [-95.1958, 29.97933], [-95.1959, 29.98065], [-95.19814, 29.98662], [-95.21239, 29.98185], [-95.21522, 29.98056], [-95.21743, 29.97934], [-95.21876, 29.97863]]]}, "properties": {"GEOID": "48201250302", "LILATracts_1And10": 0, "LILATracts_halfAnd10": 0, "LILATracts_Vehicle": 0, "LowIncomeTracts": 0, "LA1and10": 0, "lowincome_lowaccess_share": 11.6798, "pct_zero_car": 0.0056}}, {"type": "Feature", "geometry": {"type": "Polygon", "coordinates": [[[-95.13154, 29.98767], [-95.12928, 29.97787], [-95.1543, 29.95116], [-95.14044, 29.92672], [-95.1335, 29.92003], [-95.12538, 29.92409], [-95.12484, 29.9243], [-95.12297, 29.92267], [-95.12288, 29.92129], [-95.12206, 29.92005], [-95.12074, 29.91982], [-95.11667, 29.91729], [-95.11563, 29.91718], [-95.11035, 29.91878], [-95.10274, 29.92067], [-95.10233, 29.92095], [-95.09975, 29.92414], [-95.09705, 29.92587], [-95.09619, 29.9261], [-95.08424, 29.92297], [-95.07813, 29.92335], [-95.06816, 29.92485], [-95.06742, 29.92467], [-95.06394, 29.92263], [-95.06395, 29.92514], [-95.06232, 29.92527], [-95.06233, 29.92902], [-95.06248, 29.94034], [-95.06284, 29.94056], [-95.06291, 29.94383], [-95.06341, 29.95538], [-95.06351, 29.95971], [-95.06363, 29.96989], [-95.08669, 29.96962], [-95.08812, 29.97592], [-95.09, 29.98388], [-95.09148, 29.98985], [-95.09451, 29.98976], [-95.09814, 29.98925], [-95.10052, 29.98956], [-95.11523, 29.98949], [-95.11711, 29.99007], [-95.11877, 29.99003], [-95.12075, 29.9895], [-95.12168, 29.98951], [-95.12377, 29.99046], [-95.12586, 29.99036], [-95.1313, 29.98779], [-95.13154, 29.98767]]]}, "properties": {"GEOID": "48201251901", "LILATracts_1And10": 0, "LILATracts_halfAnd10": 0, "LILATracts_Vehicle": 0, "LowIncomeTracts": 0, "LA1and10": 0, "lowincome_lowaccess_share": 21.7259, "pct_zero_car": 0.0184}}, {"type": "Feature", "geometry": {"type": "Polygon", "coordinates": [[[-95.35094, 29.72373], [-95.35256, 29.71964], [-95.34018, 29.71589], [-95.3397, 29.71737], [-95.33711, 29.72378], [-95.3378, 29.72565], [-95.34075, 29.72628], [-95.34396, 29.72727], [-95.34687, 29.72803], [-95.34989, 29.72784], [-95.34987, 29.72642], [-95.35094, 29.72373]]]}, "properties": {"GEOID": "48201312100", "LILATracts_1And10": 0, "LILATracts_halfAnd10": 0, "LILATracts_Vehicle": 0, "LowIncomeTracts": 0, "LA1and10": 1, "lowincome_lowaccess_share": 0, "pct_zero_car": 0.0}}, {"type": "Feature", "geometry": {"type": "Polygon", "coordinates": [[[-95.35813, 29.73042], [-95.3534, 29.72885], [-95.34989, 29.72784], [-95.34687, 29.72803], [-95.34396, 29.72727], [-95.34207, 29.73182], [-95.34519, 29.73424], [-95.35172, 29.73847], [-95.35388, 29.73586], [-95.35813, 29.73042]]]}, "properties": {"GEOID": "48201312200", "LILATracts_1And10": 0, "LILATracts_halfAnd10": 1, "LILATracts_Vehicle": 1, "LowIncomeTracts": 1, "LA1and10": 0, "lowincome_lowaccess_share": 69.3094, "pct_zero_car": 0.3887}}, {"type": "Feature", "geometry": {"type": "Polygon", "coordinates": [[[-95.36908, 29.73683], [-95.37126, 29.73422], [-95.37252, 29.73346], [-95.3712, 29.73265], [-95.36122, 29.72661], [-95.36063, 29.727], [-95.356, 29.72559], [-95.35627, 29.7249], [-95.35473, 29.72489], [-95.35094, 29.72373], [-95.34987, 29.72642], [-95.34989, 29.72784], [-95.3534, 29.72885], [-95.35813, 29.73042], [-95.35946, 29.7311], [-95.36501, 29.73447], [-95.36908, 29.73683]]]}, "properties": {"GEOID": "48201312400", "LILATracts_1And10": 1, "LILATracts_halfAnd10": 1, "LILATracts_Vehicle": 1, "LowIncomeTracts": 1, "LA1and10": 1, "lowincome_lowaccess_share": 71.5496, "pct_zero_car": 0.3227}}, {"type": "Feature", "geometry": {"type": "Polygon", "coordinates": [[[-95.37998, 29.73795], [-95.38447, 29.73225], [-95.37417, 29.73307], [-95.37252, 29.73346], [-95.37126, 29.73422], [-95.36908, 29.73683], [-95.36268, 29.74487], [-95.36519, 29.74588], [-95.37095, 29.74932], [-95.37998, 29.73795]]]}, "properties": {"GEOID": "48201312500", "LILATracts_1And10": 0, "LILATracts_halfAnd10": 0, "LILATracts_Vehicle": 0, "LowIncomeTracts": 0, "LA1and10": 0, "lowincome_lowaccess_share": 16.9743, "pct_zero_car": 0.1455}}, {"type": "Feature", "geometry": {"type": "Polygon", "coordinates": [[[-95.38454, 29.73224], [-95.3845, 29.73222], [-95.39062, 29.72453], [-95.39072, 29.72393], [-95.38491, 29.72049], [-95.38364, 29.7184], [-95.38275, 29.71736], [-95.38093, 29.71652], [-95.38209, 29.7131], [-95.38006, 29.71268], [-95.3794, 29.71211], [-95.37805, 29.71212], [-95.3785, 29.71407], [-95.37822, 29.7169], [-95.37643, 29.72284], [-95.3754, 29.72499], [-95.37443, 29.72626], [-95.37259, 29.72861], [-95.37175, 29.72996], [-95.37119, 29.73172], [-95.3712, 29.73265], [-95.37252, 29.73346], [-95.37417, 29.73307], [-95.38447, 29.73225], [-95.38454, 29.73224]]]}, "properties": {"GEOID": "48201312600", "LILATracts_1And10": 0, "LILATracts_halfAnd10": 0, "LILATracts_Vehicle": 0, "LowIncomeTracts": 0, "LA1and10": 0, "lowincome_lowaccess_share": 19.0025, "pct_zero_car": 0.0823}}, {"type": "Feature", "geometry": {"type": "Polygon", "coordinates": [[[-95.51786, 29.70038], [-95.52717, 29.6921], [-95.52579, 29.69171], [-95.52603, 29.69058], [-95.52385, 29.69064], [-95.5238, 29.68603], [-95.52412, 29.68526], [-95.52408, 29.68204], [-95.5238, 29.6811], [-95.52248, 29.67987], [-95.513, 29.6846], [-95.50874, 29.68678], [-95.50896, 29.68892], [-95.50996, 29.69201], [-95.51116, 29.69423], [-95.5127, 29.69596], [-95.51786, 29.70038]]]}, "properties": {"GEOID": "48201422800", "LILATracts_1And10": 0, "LILATracts_halfAnd10": 1, "LILATracts_Vehicle": 0, "LowIncomeTracts": 1, "LA1and10": 0, "lowincome_lowaccess_share": 6.6315, "pct_zero_car": 0.1494}}, {"type": "Feature", "geometry": {"type": "Polygon", "coordinates": [[[-95.54218, 29.67587], [-95.53605, 29.67623], [-95.53052, 29.67642], [-95.52836, 29.67689], [-95.52248, 29.67987], [-95.5238, 29.6811], [-95.52408, 29.68204], [-95.52412, 29.68526], [-95.5238, 29.68603], [-95.52385, 29.69064], [-95.52603, 29.69058], [-95.52579, 29.69171], [-95.52717, 29.6921], [-95.52867, 29.69071], [-95.53075, 29.68806], [-95.53523, 29.68242], [-95.53679, 29.68086], [-95.54218, 29.67587]]]}, "properties": {"GEOID": "48201422900", "LILATracts_1And10": 0, "LILATracts_halfAnd10": 1, "LILATracts_Vehicle": 1, "LowIncomeTracts": 1, "LA1and10": 0, "lowincome_lowaccess_share": 53.9272, "pct_zero_car": 0.1518}}, {"type": "Feature", "geometry": {"type": "Polygon", "coordinates": [[[-95.53052, 29.67642], [-95.53026, 29.67382], [-95.52979, 29.67336], [-95.5282, 29.67272], [-95.52518, 29.67187], [-95.52093, 29.67219], [-95.51489, 29.67386], [-95.51256, 29.67534], [-95.51071, 29.67609], [-95.50864, 29.67617], [-95.50874, 29.68678], [-95.513, 29.6846], [-95.52248, 29.67987], [-95.52836, 29.67689], [-95.53052, 29.67642]]]}, "properties": {"GEOID": "48201423000", "LILATracts_1And10": 0, "LILATracts_halfAnd10": 1, "LILATracts_Vehicle": 0, "LowIncomeTracts": 1, "LA1and10": 0, "lowincome_lowaccess_share": 10.2174, "pct_zero_car": 0.1168}}, {"type": "Feature", "geometry": {"type": "Polygon", "coordinates": [[[-95.62133, 29.77138], [-95.62449, 29.76685], [-95.62519, 29.76529], [-95.62538, 29.764], [-95.62526, 29.75491], [-95.62353, 29.75444], [-95.61844, 29.75446], [-95.61046, 29.75457], [-95.60729, 29.75396], [-95.60611, 29.75392], [-95.60619, 29.76189], [-95.60721, 29.76185], [-95.6117, 29.76057], [-95.61292, 29.7609], [-95.61852, 29.76375], [-95.61921, 29.76515], [-95.61846, 29.76887], [-95.6189, 29.76996], [-95.62133, 29.77138]]]}, "properties": {"GEOID": "48201451500", "LILATracts_1And10": 0, "LILATracts_halfAnd10": 0, "LILATracts_Vehicle": 0, "LowIncomeTracts": 0, "LA1and10": 0, "lowincome_lowaccess_share": 5.6888, "pct_zero_car": 0.056}}, {"type": "Feature", "geometry": {"type": "Polygon", "coordinates": [[[-95.55812, 29.66105], [-95.55611, 29.65846], [-95.55443, 29.65946], [-95.55203, 29.66122], [-95.5506, 29.66166], [-95.54939, 29.66316], [-95.54747, 29.66407], [-95.54714, 29.66491], [-95.54606, 29.66533], [-95.54535, 29.66636], [-95.54286, 29.66822], [-95.5413, 29.66865], [-95.54051, 29.66848], [-95.53814, 29.66884], [-95.53675, 29.67039], [-95.53506, 29.67184], [-95.53163, 29.67316], [-95.52979, 29.67336], [-95.53026, 29.67382], [-95.53052, 29.67642], [-95.53605, 29.67623], [-95.54218, 29.67587], [-95.55812, 29.66105]]]}, "properties": {"GEOID": "48201423100", "LILATracts_1And10": 0, "LILATracts_halfAnd10": 1, "LILATracts_Vehicle": 0, "LowIncomeTracts": 1, "LA1and10": 0, "lowincome_lowaccess_share": 17.6892, "pct_zero_car": 0.1945}}, {"type": "Feature", "geometry": {"type": "Polygon", "coordinates": [[[-95.20561, 29.79131], [-95.20536, 29.79015], [-95.2058, 29.78952], [-95.20932, 29.78968], [-95.21154, 29.78811], [-95.21354, 29.78753], [-95.21448, 29.78686], [-95.21488, 29.78577], [-95.21386, 29.78332], [-95.21297, 29.78215], [-95.21284, 29.78062], [-95.21193, 29.77954], [-95.21072, 29.77893], [-95.20854, 29.77904], [-95.20805, 29.77836], [-95.2081, 29.77653], [-95.20706, 29.77547], [-95.20473, 29.77535], [-95.205, 29.77665], [-95.20464, 29.77848], [-95.20292, 29.78109], [-95.20308, 29.78166], [-95.20241, 29.78304], [-95.20257, 29.78417], [-95.20151, 29.78547], [-95.19967, 29.78616], [-95.19859, 29.78594], [-95.19687, 29.78741], [-95.19529, 29.78645], [-95.1937, 29.78838], [-95.18999, 29.7929], [-95.1927, 29.79395], [-95.19453, 29.794], [-95.19704, 29.79328], [-95.19991, 29.7917], [-95.20173, 29.79139], [-95.20561, 29.79131]]]}, "properties": {"GEOID": "48201232800", "LILATracts_1And10": 0, "LILATracts_halfAnd10": 0, "LILATracts_Vehicle": 0, "LowIncomeTracts": 1, "LA1and10": 0, "lowincome_lowaccess_share": 2.065, "pct_zero_car": 0.0201}}, {"type": "Feature", "geometry": {"type": "Polygon", "coordinates": [[[-95.69676, 29.74393], [-95.69868, 29.74234], [-95.6994, 29.74121], [-95.70085, 29.73983], [-95.70513, 29.73614], [-95.70529, 29.7353], [-95.70663, 29.73361], [-95.70864, 29.7332], [-95.70823, 29.73206], [-95.70916, 29.73118], [-95.7093, 29.73046], [-95.70802, 29.73021], [-95.70775, 29.72962], [-95.70954, 29.72862], [-95.70824, 29.72665], [-95.70888, 29.72517], [-95.70826, 29.72385], [-95.70821, 29.72185], [-95.68708, 29.71008], [-95.66064, 29.72694], [-95.65733, 29.72915], [-95.65284, 29.73348], [-95.65086, 29.73482], [-95.64843, 29.73552], [-95.64405, 29.73564], [-95.64417, 29.74098], [-95.64451, 29.74389], [-95.6445, 29.75587], [-95.6446, 29.76371], [-95.64331, 29.76937], [-95.64295, 29.77236], [-95.64358, 29.77444], [-95.64429, 29.776], [-95.64468, 29.77816], [-95.64479, 29.78504], [-95.65365, 29.78509], [-95.66065, 29.78506], [-95.66636, 29.78513], [-95.67165, 29.78509], [-95.67842, 29.78513], [-95.68547, 29.78501], [-95.68835, 29.78504], [-95.68835, 29.78476], [-95.6884, 29.7827], [-95.68555, 29.78272], [-95.68542, 29.75959], [-95.68535, 29.7572], [-95.685, 29.75526], [-95.68534, 29.75421], [-95.68825, 29.75389], [-95.6896, 29.753], [-95.69082, 29.75164], [-95.69215, 29.75085], [-95.69217, 29.74923], [-95.69574, 29.74569], [-95.69676, 29.74393]]]}, "properties": {"GEOID": "48201454400", "LILATracts_1And10": 0, "LILATracts_halfAnd10": 0, "LILATracts_Vehicle": 0, "LowIncomeTracts": 1, "LA1and10": 0, "lowincome_lowaccess_share": 54.5455, "pct_zero_car": 0.0}}, {"type": "Feature", "geometry": {"type": "Polygon", "coordinates": [[[-95.40454, 30.02659], [-95.40438, 30.02523], [-95.40478, 30.02183], [-95.40452, 30.01407], [-95.40439, 30.01226], [-95.40346, 30.00881], [-95.40255, 30.00739], [-95.40002, 30.00506], [-95.39917, 30.004], [-95.39884, 30.00304], [-95.39706, 29.99593], [-95.3961, 29.99189], [-95.39213, 29.97623], [-95.39146, 29.97479], [-95.38997, 29.97327], [-95.38843, 29.97254], [-95.38356, 29.97092], [-95.38208, 29.97013], [-95.38064, 29.96841], [-95.38026, 29.9654], [-95.38027, 29.96185], [-95.38006, 29.96157], [-95.37998, 29.95876], [-95.38037, 29.9572], [-95.38098, 29.95619], [-95.38296, 29.95424], [-95.38416, 29.95202], [-95.38407, 29.94939], [-95.38391, 29.94937], [-95.38218, 29.94899], [-95.38048, 29.94912], [-95.3718, 29.94917], [-95.37124, 29.94823], [-95.37141, 29.94738], [-95.36938, 29.94707], [-95.36883, 29.94599], [-95.36792, 29.94546], [-95.36297, 29.94423], [-95.36236, 29.94381], [-95.36093, 29.94174], [-95.35897, 29.94016], [-95.35622, 29.94026], [-95.35628, 29.94132], [-95.35848, 29.9511], [-95.36056, 29.95977], [-95.36164, 29.96212], [-95.36384, 29.96548], [-95.36409, 29.96665], [-95.36462, 29.97956], [-95.36475, 29.98107], [-95.36951, 29.99589], [-95.37263, 30.00542], [-95.37396, 30.0093], [-95.37964, 30.01905], [-95.3801, 30.02037], [-95.38477, 30.02119], [-95.38697, 30.02185], [-95.39821, 30.02662], [-95.40002, 30.027], [-95.40252, 30.02697], [-95.40429, 30.02664], [-95.40454, 30.02659]]]}, "properties": {"GEOID": "48201240400", "LILATracts_1And10": 1, "LILATracts_halfAnd10": 1, "LILATracts_Vehicle": 0, "LowIncomeTracts": 1, "LA1and10": 1, "lowincome_lowaccess_share": 36.9466, "pct_zero_car": 0.0144}}, {"type": "Feature", "geometry": {"type": "Polygon", "coordinates": [[[-95.48677, 29.86575], [-95.48697, 29.86437], [-95.48844, 29.8613], [-95.48863, 29.86049], [-95.4887, 29.85249], [-95.48888, 29.85057], [-95.48106, 29.85057], [-95.47855, 29.85022], [-95.47563, 29.84912], [-95.47206, 29.84889], [-95.47591, 29.85565], [-95.48162, 29.86576], [-95.48677, 29.86575]]]}, "properties": {"GEOID": "48201532200", "LILATracts_1And10": 0, "LILATracts_halfAnd10": 1, "LILATracts_Vehicle": 1, "LowIncomeTracts": 1, "LA1and10": 0, "lowincome_lowaccess_share": 68.6384, "pct_zero_car": 0.1153}}, {"type": "Feature", "geometry": {"type": "Polygon", "coordinates": [[[-95.50674, 30.11443], [-95.50689, 30.11212], [-95.50688, 30.10672], [-95.50677, 30.09918], [-95.50681, 30.09136], [-95.50691, 30.09016], [-95.50693, 30.08389], [-95.50374, 30.08365], [-95.50073, 30.08301], [-95.49671, 30.08347], [-95.4942, 30.08376], [-95.48986, 30.08377], [-95.47328, 30.08273], [-95.47155, 30.08266], [-95.46584, 30.08269], [-95.4617, 30.08281], [-95.439, 30.08303], [-95.43739, 30.08178], [-95.43707, 30.08373], [-95.43673, 30.08371], [-95.43541, 30.08945], [-95.43533, 30.0904], [-95.43563, 30.09756], [-95.43578, 30.10537], [-95.43579, 30.10757], [-95.43664, 30.11037], [-95.43737, 30.10993], [-95.4389, 30.11053], [-95.43946, 30.10964], [-95.44218, 30.10905], [-95.44352, 30.10969], [-95.44522, 30.10972], [-95.44655, 30.10943], [-95.44721, 30.10975], [-95.45192, 30.10813], [-95.45203, 30.1072], [-95.45337, 30.10648], [-95.45339, 30.10485], [-95.45533, 30.10429], [-95.45571, 30.10497], [-95.4567, 30.10523], [-95.45736, 30.10468], [-95.45847, 30.10459], [-95.45878, 30.10526], [-95.46081, 30.10561], [-95.46175, 30.10522], [-95.46292, 30.1053], [-95.46382, 30.10429], [-95.4643, 30.10426], [-95.46482, 30.10533], [-95.46642, 30.10501], [-95.46609, 30.10429], [-95.46649, 30.10365], [-95.46747, 30.10346], [-95.4684, 30.10431], [-95.46938, 30.10463], [-95.47189, 30.10337], [-95.47299, 30.1046], [-95.4738, 30.10349], [-95.47417, 30.10389], [-95.47484, 30.10326], [-95.47576, 30.104], [-95.47746, 30.10442], [-95.47801, 30.1051], [-95.47911, 30.10473], [-95.4795, 30.10638], [-95.48028, 30.10566], [-95.48192, 30.10662], [-95.48233, 30.10733], [-95.48307, 30.10707], [-95.48426, 30.10788], [-95.4883, 30.10793], [-95.49033, 30.10959], [-95.49116, 30.10983], [-95.49134, 30.11082], [-95.49291, 30.11079], [-95.49408, 30.10982], [-95.49517, 30.10968], [-95.49631, 30.10906], [-95.4977, 30.10917], [-95.49874, 30.10975], [-95.49874, 30.11089], [-95.49982, 30.11183], [-95.50011, 30.11285], [-95.50123, 30.11242], [-95.5024, 30.11339], [-95.50261, 30.11438], [-95.50348, 30.11548], [-95.50674, 30.11443]]]}, "properties": {"GEOID": "48201555200", "LILATracts_1And10": 0, "LILATracts_halfAnd10": 0, "LILATracts_Vehicle": 0, "LowIncomeTracts": 0, "LA1and10": 1, "lowincome_lowaccess_share": 17.8908, "pct_zero_car": 0.0054}}, {"type": "Feature", "geometry": {"type": "Polygon", "coordinates": [[[-95.14056, 29.57652], [-95.13243, 29.56776], [-95.12554, 29.57272], [-95.12332, 29.57517], [-95.12201, 29.57749], [-95.12464, 29.57858], [-95.12617, 29.57951], [-95.13033, 29.58381], [-95.14056, 29.57652]]]}, "properties": {"GEOID": "48201340600", "LILATracts_1And10": 0, "LILATracts_halfAnd10": 0, "LILATracts_Vehicle": 0, "LowIncomeTracts": 0, "LA1and10": 0, "lowincome_lowaccess_share": 5.8856, "pct_zero_car": 0.0018}}, {"type": "Feature", "geometry": {"type": "Polygon", "coordinates": [[[-95.02339, 29.7264], [-95.02225, 29.72527], [-95.02114, 29.72341], [-95.02099, 29.72253], [-95.02044, 29.70992], [-95.02044, 29.70916], [-95.01978, 29.70719], [-95.01769, 29.70375], [-95.01714, 29.70321], [-95.01461, 29.70523], [-95.01407, 29.70536], [-95.00964, 29.70874], [-95.00453, 29.7116], [-95.00303, 29.71199], [-95.00191, 29.71162], [-94.99918, 29.70913], [-94.99514, 29.70832], [-94.99432, 29.70897], [-94.99259, 29.70943], [-94.99131, 29.70939], [-94.98946, 29.70892], [-94.98907, 29.70835], [-94.98726, 29.70892], [-94.98604, 29.70901], [-94.98409, 29.70956], [-94.98299, 29.70936], [-94.98083, 29.7146], [-94.97998, 29.7166], [-94.97949, 29.72018], [-94.98319, 29.72101], [-94.98324, 29.725], [-94.98291, 29.72499], [-94.98301, 29.73031], [-94.98396, 29.73243], [-94.98565, 29.73171], [-94.98679, 29.73158], [-94.9887, 29.73183], [-94.98956, 29.7305], [-94.98999, 29.72729], [-94.9897, 29.7262], [-94.98838, 29.72348], [-94.98879, 29.72262], [-94.9923, 29.72396], [-94.99638, 29.72521], [-95.00012, 29.7257], [-95.00143, 29.72658], [-95.00427, 29.72465], [-95.00393, 29.72675], [-95.00982, 29.72757], [-95.00955, 29.72939], [-95.01012, 29.72957], [-95.01215, 29.73102], [-95.013, 29.73065], [-95.01883, 29.72719], [-95.02183, 29.72726], [-95.02339, 29.7264]]]}, "properties": {"GEOID": "48201254600", "LILATracts_1And10": 1, "LILATracts_halfAnd10": 1, "LILATracts_Vehicle": 0, "LowIncomeTracts": 1, "LA1and10": 1, "lowincome_lowaccess_share": 42.2848, "pct_zero_car": 0.0392}}, {"type": "Feature", "geometry": {"type": "Polygon", "coordinates": [[[-95.35849, 29.74976], [-95.3564, 29.74851], [-95.35462, 29.75074], [-95.35377, 29.75022], [-95.35317, 29.75097], [-95.34378, 29.74529], [-95.3427, 29.74372], [-95.34207, 29.74189], [-95.33946, 29.74516], [-95.33418, 29.75185], [-95.33021, 29.757], [-95.33088, 29.7574], [-95.32887, 29.75984], [-95.33047, 29.75951], [-95.33193, 29.75851], [-95.3331, 29.75861], [-95.33346, 29.75929], [-95.33337, 29.76101], [-95.33462, 29.76168], [-95.33602, 29.76175], [-95.33764, 29.76219], [-95.33857, 29.76209], [-95.34064, 29.76134], [-95.34343, 29.76216], [-95.34584, 29.762], [-95.34661, 29.76263], [-95.3466, 29.76557], [-95.34678, 29.76616], [-95.34768, 29.76651], [-95.34838, 29.76596], [-95.34934, 29.76448], [-95.3507, 29.75958], [-95.35182, 29.758], [-95.35781, 29.75051], [-95.35849, 29.74976]]]}, "properties": {"GEOID": "48201310100", "LILATracts_1And10": 1, "LILATracts_halfAnd10": 1, "LILATracts_Vehicle": 1, "LowIncomeTracts": 1, "LA1and10": 1, "lowincome_lowaccess_share": 46.4673, "pct_zero_car": 0.1537}}, {"type": "Feature", "geometry": {"type": "Polygon", "coordinates": [[[-95.35849, 29.74976], [-95.36268, 29.74487], [-95.35922, 29.74327], [-95.35172, 29.73847], [-95.34519, 29.73424], [-95.34207, 29.74189], [-95.3427, 29.74372], [-95.34378, 29.74529], [-95.35317, 29.75097], [-95.35377, 29.75022], [-95.35462, 29.75074], [-95.3564, 29.74851], [-95.35849, 29.74976]]]}, "properties": {"GEOID": "48201310200", "LILATracts_1And10": 0, "LILATracts_halfAnd10": 0, "LILATracts_Vehicle": 0, "LowIncomeTracts": 0, "LA1and10": 0, "lowincome_lowaccess_share": 8.842, "pct_zero_car": 0.0756}}, {"type": "Feature", "geometry": {"type": "Polygon", "coordinates": [[[-95.34207, 29.74189], [-95.34519, 29.73424], [-95.34207, 29.73182], [-95.34049, 29.73053], [-95.33752, 29.72858], [-95.33319, 29.72589], [-95.3307, 29.73201], [-95.32855, 29.737], [-95.32552, 29.74083], [-95.32965, 29.74212], [-95.33946, 29.74516], [-95.34207, 29.74189]]]}, "properties": {"GEOID": "48201310300", "LILATracts_1And10": 0, "LILATracts_halfAnd10": 1, "LILATracts_Vehicle": 0, "LowIncomeTracts": 1, "LA1and10": 0, "lowincome_lowaccess_share": 21.9967, "pct_zero_car": 0.0771}}, {"type": "Feature", "geometry": {"type": "Polygon", "coordinates": [[[-95.53915, 29.72773], [-95.53906, 29.71971], [-95.529, 29.7205], [-95.52025, 29.72124], [-95.52048, 29.72247], [-95.52063, 29.72824], [-95.52049, 29.72907], [-95.53396, 29.72895], [-95.53814, 29.72776], [-95.53915, 29.72773]]]}, "properties": {"GEOID": "48201432500", "LILATracts_1And10": 0, "LILATracts_halfAnd10": 1, "LILATracts_Vehicle": 0, "LowIncomeTracts": 1, "LA1and10": 0, "lowincome_lowaccess_share": 34.0555, "pct_zero_car": 0.0758}}, {"type": "Feature", "geometry": {"type": "Polygon", "coordinates": [[[-95.52049, 29.72907], [-95.52063, 29.72824], [-95.52048, 29.72247], [-95.52025, 29.72124], [-95.50104, 29.72279], [-95.50119, 29.73166], [-95.50265, 29.73151], [-95.50766, 29.72963], [-95.50912, 29.72934], [-95.51686, 29.72928], [-95.52049, 29.72907]]]}, "properties": {"GEOID": "48201432600", "LILATracts_1And10": 0, "LILATracts_halfAnd10": 0, "LILATracts_Vehicle": 0, "LowIncomeTracts": 1, "LA1and10": 0, "lowincome_lowaccess_share": 8.2942, "pct_zero_car": 0.1114}}, {"type": "Feature", "geometry": {"type": "Polygon", "coordinates": [[[-95.13243, 29.56776], [-95.12461, 29.55948], [-95.12034, 29.55487], [-95.11816, 29.5567], [-95.11572, 29.56101], [-95.1096, 29.57238], [-95.12201, 29.57749], [-95.12332, 29.57517], [-95.12554, 29.57272], [-95.13243, 29.56776]]]}, "properties": {"GEOID": "48201340500", "LILATracts_1And10": 0, "LILATracts_halfAnd10": 1, "LILATracts_Vehicle": 0, "LowIncomeTracts": 1, "LA1and10": 0, "lowincome_lowaccess_share": 10.0589, "pct_zero_car": 0.0685}}, {"type": "Feature", "geometry": {"type": "Polygon", "coordinates": [[[-95.13814, 29.59212], [-95.1397, 29.59124], [-95.14243, 29.59002], [-95.14387, 29.58916], [-95.14568, 29.58739], [-95.1469, 29.58575], [-95.14811, 29.58455], [-95.15016, 29.58332], [-95.15443, 29.58208], [-95.15652, 29.5811], [-95.1578, 29.5802], [-95.14881, 29.57058], [-95.14056, 29.57652], [-95.13033, 29.58381], [-95.1337, 29.58693], [-95.13525, 29.58947], [-95.13814, 29.59212]]]}, "properties": {"GEOID": "48201340800", "LILATracts_1And10": 0, "LILATracts_halfAnd10": 0, "LILATracts_Vehicle": 0, "LowIncomeTracts": 0, "LA1and10": 0, "lowincome_lowaccess_share": 3.8617, "pct_zero_car": 0.0059}}, {"type": "Feature", "geometry": {"type": "Polygon", "coordinates": [[[-95.14067, 29.56188], [-95.15014, 29.55579], [-95.1518, 29.55503], [-95.15419, 29.5534], [-95.1459, 29.54474], [-95.14182, 29.54041], [-95.13757, 29.54249], [-95.13155, 29.5467], [-95.12859, 29.54896], [-95.14067, 29.56188]]]}, "properties": {"GEOID": "48201341000", "LILATracts_1And10": 0, "LILATracts_halfAnd10": 0, "LILATracts_Vehicle": 0, "LowIncomeTracts": 0, "LA1and10": 0, "lowincome_lowaccess_share": 3.2773, "pct_zero_car": 0.0642}}, {"type": "Feature", "geometry": {"type": "Polygon", "coordinates": [[[-95.39881, 29.72249], [-95.41094, 29.71779], [-95.41271, 29.71749], [-95.41267, 29.71511], [-95.41131, 29.71491], [-95.40088, 29.71149], [-95.39365, 29.72064], [-95.39711, 29.72269], [-95.39881, 29.72249]]]}, "properties": {"GEOID": "48201412100", "LILATracts_1And10": 0, "LILATracts_halfAnd10": 0, "LILATracts_Vehicle": 0, "LowIncomeTracts": 0, "LA1and10": 1, "lowincome_lowaccess_share": 0, "pct_zero_car": 0.0}}, {"type": "Feature", "geometry": {"type": "Polygon", "coordinates": [[[-95.53798, 29.705], [-95.5379, 29.6989], [-95.53753, 29.69522], [-95.53678, 29.69335], [-95.5352, 29.69114], [-95.5328, 29.68926], [-95.53075, 29.68806], [-95.52867, 29.69071], [-95.52717, 29.6921], [-95.51786, 29.70038], [-95.51996, 29.70215], [-95.52089, 29.7034], [-95.5213, 29.70514], [-95.53798, 29.705]]]}, "properties": {"GEOID": "48201433300", "LILATracts_1And10": 0, "LILATracts_halfAnd10": 0, "LILATracts_Vehicle": 0, "LowIncomeTracts": 0, "LA1and10": 0, "lowincome_lowaccess_share": 12.2682, "pct_zero_car": 0.0514}}, {"type": "Feature", "geometry": {"type": "Polygon", "coordinates": [[[-95.55738, 29.7045], [-95.55718, 29.69611], [-95.55715, 29.6921], [-95.55748, 29.68942], [-95.55608, 29.68922], [-95.55384, 29.6894], [-95.55218, 29.68992], [-95.5512, 29.69026], [-95.55212, 29.69341], [-95.5523, 29.70137], [-95.5515, 29.70377], [-95.55146, 29.70482], [-95.55738, 29.7045]]]}, "properties": {"GEOID": "48201433100", "LILATracts_1And10": 0, "LILATracts_halfAnd10": 1, "LILATracts_Vehicle": 0, "LowIncomeTracts": 1, "LA1and10": 0, "lowincome_lowaccess_share": 28.7095, "pct_zero_car": 0.1805}}, {"type": "Feature", "geometry": {"type": "Polygon", "coordinates": [[[-95.56048, 29.67463], [-95.56048, 29.6714], [-95.56022, 29.66739], [-95.55965, 29.66428], [-95.55812, 29.66105], [-95.54218, 29.67587], [-95.55365, 29.67509], [-95.56048, 29.67463]]]}, "properties": {"GEOID": "48201433600", "LILATracts_1And10": 0, "LILATracts_halfAnd10": 1, "LILATracts_Vehicle": 0, "LowIncomeTracts": 1, "LA1and10": 0, "lowincome_lowaccess_share": 8.288, "pct_zero_car": 0.1104}}, {"type": "Feature", "geometry": {"type": "Polygon", "coordinates": [[[-95.5512, 29.69026], [-95.55218, 29.68992], [-95.54911, 29.68782], [-95.54875, 29.68663], [-95.54944, 29.68446], [-95.5486, 29.68231], [-95.54755, 29.68166], [-95.54392, 29.68086], [-95.53902, 29.68019], [-95.53748, 29.68104], [-95.53679, 29.68086], [-95.53523, 29.68242], [-95.53075, 29.68806], [-95.5328, 29.68926], [-95.5352, 29.69114], [-95.53767, 29.69067], [-95.54617, 29.69056], [-95.54942, 29.69053], [-95.5512, 29.69026]]]}, "properties": {"GEOID": "48201433400", "LILATracts_1And10": 0, "LILATracts_halfAnd10": 0, "LILATracts_Vehicle": 0, "LowIncomeTracts": 1, "LA1and10": 0, "lowincome_lowaccess_share": 3.6291, "pct_zero_car": 0.0649}}, {"type": "Feature", "geometry": {"type": "Polygon", "coordinates": [[[-95.54526, 29.82271], [-95.54521, 29.81269], [-95.54014, 29.81271], [-95.53874, 29.81246], [-95.5371, 29.81177], [-95.53498, 29.81021], [-95.53285, 29.80936], [-95.52892, 29.80921], [-95.52616, 29.8098], [-95.52628, 29.82195], [-95.53424, 29.82186], [-95.53839, 29.82268], [-95.54526, 29.82271]]]}, "properties": {"GEOID": "48201522100", "LILATracts_1And10": 0, "LILATracts_halfAnd10": 1, "LILATracts_Vehicle": 0, "LowIncomeTracts": 1, "LA1and10": 0, "lowincome_lowaccess_share": 6.876, "pct_zero_car": 0.0737}}, {"type": "Feature", "geometry": {"type": "Polygon", "coordinates": [[[-95.44533, 29.81722], [-95.44947, 29.81721], [-95.45105, 29.81737], [-95.45359, 29.81803], [-95.456, 29.81912], [-95.45813, 29.81962], [-95.46888, 29.81944], [-95.45282, 29.80453], [-95.45151, 29.80289], [-95.45089, 29.80159], [-95.44907, 29.8016], [-95.44801, 29.80344], [-95.44491, 29.8068], [-95.44376, 29.80756], [-95.44088, 29.80887], [-95.44205, 29.80978], [-95.44252, 29.8107], [-95.44378, 29.8145], [-95.44527, 29.8168], [-95.44533, 29.81722]]]}, "properties": {"GEOID": "48201530100", "LILATracts_1And10": 0, "LILATracts_halfAnd10": 1, "LILATracts_Vehicle": 1, "LowIncomeTracts": 1, "LA1and10": 0, "lowincome_lowaccess_share": 22.7062, "pct_zero_car": 0.1282}}, {"type": "Feature", "geometry": {"type": "Polygon", "coordinates": [[[-95.39462, 29.82221], [-95.39618, 29.82219], [-95.39614, 29.82053], [-95.39959, 29.8205], [-95.39956, 29.81919], [-95.3994, 29.8129], [-95.39775, 29.81293], [-95.39313, 29.81383], [-95.38261, 29.81394], [-95.37915, 29.81398], [-95.37528, 29.81321], [-95.3763, 29.81574], [-95.37805, 29.81939], [-95.38325, 29.81938], [-95.38371, 29.82324], [-95.38524, 29.82306], [-95.38542, 29.82228], [-95.39462, 29.82221]]]}, "properties": {"GEOID": "48201530300", "LILATracts_1And10": 0, "LILATracts_halfAnd10": 1, "LILATracts_Vehicle": 1, "LowIncomeTracts": 1, "LA1and10": 0, "lowincome_lowaccess_share": 36.2049, "pct_zero_car": 0.2568}}, {"type": "Feature", "geometry": {"type": "Polygon", "coordinates": [[[-95.48704, 29.76962], [-95.48823, 29.76932], [-95.48724, 29.76819], [-95.48816, 29.76695], [-95.48904, 29.76659], [-95.49073, 29.7668], [-95.49097, 29.76649], [-95.48979, 29.7658], [-95.48963, 29.76485], [-95.49124, 29.7656], [-95.49235, 29.76518], [-95.49097, 29.76436], [-95.49094, 29.76346], [-95.49154, 29.76302], [-95.49234, 29.76324], [-95.49228, 29.76418], [-95.49408, 29.7651], [-95.49485, 29.76489], [-95.49514, 29.76391], [-95.49579, 29.7634], [-95.49612, 29.76219], [-95.49724, 29.76156], [-95.4983, 29.76211], [-95.499, 29.76078], [-95.50011, 29.76012], [-95.50086, 29.76038], [-95.50066, 29.75823], [-95.5011, 29.75569], [-95.50114, 29.75416], [-95.49912, 29.75534], [-95.48925, 29.75811], [-95.48618, 29.75854], [-95.48409, 29.7592], [-95.47978, 29.76308], [-95.47794, 29.76379], [-95.47196, 29.76384], [-95.47034, 29.76327], [-95.46768, 29.76295], [-95.46773, 29.76947], [-95.46854, 29.77063], [-95.47013, 29.77026], [-95.47196, 29.77033], [-95.47324, 29.77218], [-95.47503, 29.77242], [-95.47548, 29.7716], [-95.47645, 29.77115], [-95.47763, 29.77268], [-95.47888, 29.77334], [-95.4813, 29.77317], [-95.48178, 29.77218], [-95.4815, 29.77067], [-95.48285, 29.77023], [-95.48283, 29.77174], [-95.48442, 29.77123], [-95.4852, 29.77058], [-95.48547, 29.76916], [-95.48704, 29.76962]]]}, "properties": {"GEOID": "48201431600", "LILATracts_1And10": 0, "LILATracts_halfAnd10": 0, "LILATracts_Vehicle": 0, "LowIncomeTracts": 0, "LA1and10": 1, "lowincome_lowaccess_share": 9.7383, "pct_zero_car": 0.0121}}, {"type": "Feature", "geometry": {"type": "Polygon", "coordinates": [[[-95.4864, 29.78358], [-95.48599, 29.78207], [-95.48443, 29.78167], [-95.484, 29.78046], [-95.48451, 29.77941], [-95.48321, 29.77844], [-95.48177, 29.77653], [-95.48064, 29.77565], [-95.4798, 29.77558], [-95.47946, 29.77406], [-95.47888, 29.77334], [-95.47763, 29.77268], [-95.47645, 29.77115], [-95.47548, 29.7716], [-95.47503, 29.77242], [-95.47324, 29.77218], [-95.47196, 29.77033], [-95.47013, 29.77026], [-95.46854, 29.77063], [-95.46773, 29.76947], [-95.46624, 29.76863], [-95.46518, 29.76866], [-95.46498, 29.76697], [-95.46326, 29.76776], [-95.46228, 29.76741], [-95.46161, 29.76594], [-95.45978, 29.76514], [-95.45838, 29.76485], [-95.45802, 29.76367], [-95.45921, 29.76287], [-95.46035, 29.76296], [-95.46016, 29.76211], [-95.45802, 29.76158], [-95.45818, 29.76043], [-95.45762, 29.75937], [-95.45572, 29.75996], [-95.4558, 29.76336], [-95.45613, 29.76842], [-95.45624, 29.77197], [-95.45597, 29.77608], [-95.45569, 29.77787], [-95.45508, 29.77938], [-95.45387, 29.78094], [-95.45794, 29.78342], [-95.45984, 29.78409], [-95.4616, 29.78442], [-95.468, 29.78446], [-95.46969, 29.78446], [-95.47422, 29.78406], [-95.47982, 29.78397], [-95.48485, 29.78414], [-95.48638, 29.78427], [-95.4864, 29.78358]]]}, "properties": {"GEOID": "48201430100", "LILATracts_1And10": 0, "LILATracts_halfAnd10": 0, "LILATracts_Vehicle": 0, "LowIncomeTracts": 0, "LA1and10": 1, "lowincome_lowaccess_share": 17.2352, "pct_zero_car": 0.0641}}, {"type": "Feature", "geometry": {"type": "Polygon", "coordinates": [[[-95.11852, 29.58422], [-95.11969, 29.58179], [-95.12201, 29.57749], [-95.1096, 29.57238], [-95.10364, 29.58343], [-95.1059, 29.58503], [-95.10852, 29.58535], [-95.10992, 29.58494], [-95.11262, 29.58537], [-95.11381, 29.58519], [-95.1156, 29.58425], [-95.11681, 29.58407], [-95.11852, 29.58422]]]}, "properties": {"GEOID": "48201340400", "LILATracts_1And10": 0, "LILATracts_halfAnd10": 0, "LILATracts_Vehicle": 0, "LowIncomeTracts": 0, "LA1and10": 0, "lowincome_lowaccess_share": 0.4365, "pct_zero_car": 0.0}}, {"type": "Feature", "geometry": {"type": "Polygon", "coordinates": [[[-95.31425, 29.73726], [-95.29949, 29.73265], [-95.30072, 29.72953], [-95.29927, 29.72908], [-95.2996, 29.72822], [-95.2973, 29.72754], [-95.2949, 29.72794], [-95.29462, 29.72868], [-95.29298, 29.73045], [-95.29051, 29.73655], [-95.31039, 29.74288], [-95.31425, 29.73726]]]}, "properties": {"GEOID": "48201310900", "LILATracts_1And10": 0, "LILATracts_halfAnd10": 0, "LILATracts_Vehicle": 0, "LowIncomeTracts": 1, "LA1and10": 0, "lowincome_lowaccess_share": 4.2963, "pct_zero_car": 0.1712}}, {"type": "Feature", "geometry": {"type": "Polygon", "coordinates": [[[-95.19703, 29.77153], [-95.19663, 29.77022], [-95.19569, 29.76975], [-95.19286, 29.77018], [-95.19142, 29.77012], [-95.1902, 29.76946], [-95.18881, 29.76738], [-95.1882, 29.76578], [-95.18819, 29.76443], [-95.18934, 29.76258], [-95.19036, 29.76203], [-95.1915, 29.76038], [-95.19176, 29.75941], [-95.19141, 29.75828], [-95.19057, 29.75816], [-95.1895, 29.75875], [-95.18842, 29.75979], [-95.18682, 29.76074], [-95.18418, 29.76101], [-95.18209, 29.76032], [-95.17892, 29.75731], [-95.1776, 29.75529], [-95.17611, 29.75353], [-95.17447, 29.75299], [-95.16838, 29.75226], [-95.16665, 29.75236], [-95.16511, 29.75179], [-95.16502, 29.75061], [-95.1682, 29.748], [-95.16894, 29.7469], [-95.16628, 29.74549], [-95.16508, 29.74522], [-95.16337, 29.74348], [-95.15926, 29.74203], [-95.1581, 29.74026], [-95.15684, 29.73919], [-95.15633, 29.73837], [-95.15453, 29.73715], [-95.15286, 29.73629], [-95.15169, 29.73604], [-95.14844, 29.73626], [-95.14606, 29.7361], [-95.14392, 29.73583], [-95.14214, 29.73539], [-95.13705, 29.735], [-95.13423, 29.73443], [-95.13251, 29.73428], [-95.13119, 29.73378], [-95.12914, 29.73432], [-95.12804, 29.73488], [-95.12629, 29.73424], [-95.12468, 29.7343], [-95.12279, 29.73503], [-95.11978, 29.73693], [-95.11741, 29.73861], [-95.11528, 29.73956], [-95.11388, 29.73953], [-95.11221, 29.74015], [-95.11023, 29.74014], [-95.10885, 29.74048], [-95.10661, 29.7416], [-95.10461, 29.7431], [-95.10341, 29.74461], [-95.10069, 29.747], [-95.1004, 29.74802], [-95.09807, 29.74986], [-95.09611, 29.75093], [-95.09401, 29.75285], [-95.09299, 29.75497], [-95.09304, 29.75565], [-95.09245, 29.75694], [-95.09104, 29.7584], [-95.09001, 29.76063], [-95.08751, 29.76293], [-95.08653, 29.76345], [-95.08269, 29.76414], [-95.08131, 29.76452], [-95.08005, 29.76524], [-95.07828, 29.76738], [-95.07699, 29.77015], [-95.07731, 29.77265], [-95.07731, 29.77537], [-95.07568, 29.78008], [-95.07361, 29.78218], [-95.07083, 29.7846], [-95.0653, 29.78874], [-95.06183, 29.79188], [-95.06082, 29.79251], [-95.06596, 29.79482], [-95.06837, 29.79539], [-95.07101, 29.79535], [-95.07279, 29.7949], [-95.08114, 29.79191], [-95.08374, 29.79123], [-95.08856, 29.79071], [-95.09218, 29.78989], [-95.10661, 29.78515], [-95.10814, 29.7846], [-95.12081, 29.77929], [-95.12451, 29.7782], [-95.14227, 29.7739], [-95.15112, 29.77172], [-95.15344, 29.77129], [-95.15557, 29.77113], [-95.16945, 29.77091], [-95.18284, 29.77063], [-95.18826, 29.77087], [-95.19703, 29.77153]]]}, "properties": {"GEOID": "48201252500", "LILATracts_1And10": 1, "LILATracts_halfAnd10": 1, "LILATracts_Vehicle": 0, "LowIncomeTracts": 1, "LA1and10": 1, "lowincome_lowaccess_share": 37.5268, "pct_zero_car": 0.0452}}, {"type": "Feature", "geometry": {"type": "Polygon", "coordinates": [[[-95.57145, 29.71706], [-95.57121, 29.70393], [-95.56749, 29.70397], [-95.55738, 29.7045], [-95.55747, 29.71176], [-95.55758, 29.71826], [-95.56336, 29.71783], [-95.57145, 29.71706]]]}, "properties": {"GEOID": "48201452300", "LILATracts_1And10": 0, "LILATracts_halfAnd10": 0, "LILATracts_Vehicle": 0, "LowIncomeTracts": 1, "LA1and10": 0, "lowincome_lowaccess_share": 6.256, "pct_zero_car": 0.0067}}, {"type": "Feature", "geometry": {"type": "Polygon", "coordinates": [[[-95.44619, 29.70593], [-95.44616, 29.70458], [-95.44016, 29.70464], [-95.43717, 29.70458], [-95.43312, 29.70475], [-95.43304, 29.70603], [-95.433, 29.70974], [-95.43313, 29.7149], [-95.43735, 29.71485], [-95.43794, 29.71459], [-95.43788, 29.70802], [-95.43776, 29.70601], [-95.44098, 29.70597], [-95.44619, 29.70593]]]}, "properties": {"GEOID": "48201412500", "LILATracts_1And10": 0, "LILATracts_halfAnd10": 0, "LILATracts_Vehicle": 0, "LowIncomeTracts": 0, "LA1and10": 0, "lowincome_lowaccess_share": null, "pct_zero_car": 0.0369}}, {"type": "Feature", "geometry": {"type": "Polygon", "coordinates": [[[-95.42967, 29.83228], [-95.42962, 29.82828], [-95.4295, 29.81944], [-95.42467, 29.81946], [-95.42027, 29.81928], [-95.41589, 29.81926], [-95.41044, 29.81909], [-95.41069, 29.8314], [-95.41621, 29.83133], [-95.41639, 29.83078], [-95.42833, 29.83074], [-95.42854, 29.83234], [-95.42967, 29.83228]]]}, "properties": {"GEOID": "48201531000", "LILATracts_1And10": 0, "LILATracts_halfAnd10": 0, "LILATracts_Vehicle": 0, "LowIncomeTracts": 0, "LA1and10": 0, "lowincome_lowaccess_share": 11.2172, "pct_zero_car": 0.0194}}, {"type": "Feature", "geometry": {"type": "Polygon", "coordinates": [[[-95.63122, 29.96129], [-95.6326, 29.96092], [-95.63402, 29.9596], [-95.63466, 29.9595], [-95.63569, 29.96009], [-95.63539, 29.96095], [-95.6359, 29.96133], [-95.63698, 29.96098], [-95.63752, 29.95953], [-95.63831, 29.95911], [-95.63795, 29.95779], [-95.63838, 29.95652], [-95.64038, 29.95522], [-95.64144, 29.95517], [-95.64216, 29.95423], [-95.64206, 29.95326], [-95.64504, 29.95296], [-95.64882, 29.9529], [-95.64982, 29.95301], [-95.65064, 29.95406], [-95.65295, 29.95454], [-95.65399, 29.95598], [-95.65506, 29.95601], [-95.65581, 29.95724], [-95.659, 29.95871], [-95.65965, 29.95859], [-95.66045, 29.9594], [-95.66125, 29.95922], [-95.66226, 29.95978], [-95.66358, 29.9596], [-95.66462, 29.96147], [-95.66676, 29.96268], [-95.66864, 29.96309], [-95.67027, 29.9621], [-95.67058, 29.96132], [-95.67121, 29.96153], [-95.67261, 29.96277], [-95.67393, 29.9624], [-95.67495, 29.96116], [-95.6762, 29.9613], [-95.67777, 29.95971], [-95.67767, 29.95783], [-95.67834, 29.95633], [-95.67347, 29.95307], [-95.67025, 29.95075], [-95.66802, 29.949], [-95.65418, 29.93936], [-95.64999, 29.9365], [-95.63886, 29.92861], [-95.63754, 29.92741], [-95.62873, 29.92118], [-95.62851, 29.92207], [-95.62867, 29.92932], [-95.629, 29.94743], [-95.63082, 29.94741], [-95.63092, 29.95861], [-95.63122, 29.96129]]]}, "properties": {"GEOID": "48201552200", "LILATracts_1And10": 0, "LILATracts_halfAnd10": 0, "LILATracts_Vehicle": 0, "LowIncomeTracts": 0, "LA1and10": 1, "lowincome_lowaccess_share": 21.2938, "pct_zero_car": 0.0812}}, {"type": "Feature", "geometry": {"type": "Polygon", "coordinates": [[[-95.28014, 29.80247], [-95.27165, 29.79687], [-95.27024, 29.79579], [-95.26933, 29.79456], [-95.26802, 29.79181], [-95.2616, 29.7921], [-95.24728, 29.79489], [-95.24528, 29.79495], [-95.24026, 29.7951], [-95.23177, 29.79815], [-95.21891, 29.80261], [-95.21461, 29.80405], [-95.2128, 29.8052], [-95.21408, 29.80614], [-95.21423, 29.80664], [-95.21322, 29.80786], [-95.21262, 29.80988], [-95.21305, 29.8109], [-95.21383, 29.81071], [-95.21467, 29.80974], [-95.21596, 29.8102], [-95.21694, 29.81], [-95.2183, 29.80872], [-95.2191, 29.80875], [-95.21997, 29.8095], [-95.22267, 29.81075], [-95.22323, 29.81206], [-95.22472, 29.81233], [-95.22492, 29.81397], [-95.22577, 29.81436], [-95.2264, 29.81341], [-95.2281, 29.81352], [-95.22988, 29.81313], [-95.23084, 29.81384], [-95.23075, 29.8151], [-95.22859, 29.816], [-95.22874, 29.81649], [-95.22992, 29.81652], [-95.23084, 29.81752], [-95.23075, 29.81842], [-95.22994, 29.81946], [-95.22987, 29.82053], [-95.22837, 29.82185], [-95.22993, 29.82456], [-95.24068, 29.81975], [-95.24464, 29.81817], [-95.24992, 29.81588], [-95.262, 29.81075], [-95.26611, 29.8089], [-95.2697, 29.80705], [-95.28014, 29.80247]]]}, "properties": {"GEOID": "48201232500", "LILATracts_1And10": 1, "LILATracts_halfAnd10": 1, "LILATracts_Vehicle": 0, "LowIncomeTracts": 1, "LA1and10": 1, "lowincome_lowaccess_share": 60.3828, "pct_zero_car": 0.0589}}, {"type": "Feature", "geometry": {"type": "Polygon", "coordinates": [[[-95.03378, 29.75039], [-95.03464, 29.74912], [-95.03367, 29.74856], [-95.03439, 29.74846], [-95.03468, 29.73093], [-95.03457, 29.73028], [-95.03366, 29.73033], [-95.03185, 29.72984], [-95.0283, 29.72944], [-95.02488, 29.72768], [-95.02339, 29.7264], [-95.02183, 29.72726], [-95.01883, 29.72719], [-95.013, 29.73065], [-95.01215, 29.73102], [-95.01012, 29.72957], [-95.00955, 29.72939], [-95.00982, 29.72757], [-95.00393, 29.72675], [-95.00427, 29.72465], [-95.00143, 29.72658], [-95.00012, 29.7257], [-94.99638, 29.72521], [-94.9923, 29.72396], [-94.98879, 29.72262], [-94.98838, 29.72348], [-94.9897, 29.7262], [-94.98999, 29.72729], [-94.98956, 29.7305], [-94.9887, 29.73183], [-94.98693, 29.73382], [-94.98454, 29.73399], [-94.98326, 29.73521], [-94.9834, 29.73692], [-94.98362, 29.73859], [-94.98474, 29.74061], [-94.98346, 29.74274], [-94.98476, 29.74426], [-94.98704, 29.74762], [-94.98819, 29.74883], [-94.998, 29.73502], [-94.99895, 29.73323], [-95.00071, 29.73075], [-95.00422, 29.73276], [-95.00572, 29.73315], [-95.0079, 29.73313], [-95.0215, 29.74058], [-95.02271, 29.74209], [-95.02268, 29.74361], [-95.02155, 29.74839], [-95.03148, 29.74867], [-95.03378, 29.75039]]]}, "properties": {"GEOID": "48201254500", "LILATracts_1And10": 1, "LILATracts_halfAnd10": 1, "LILATracts_Vehicle": 0, "LowIncomeTracts": 1, "LA1and10": 1, "lowincome_lowaccess_share": 46.3973, "pct_zero_car": 0.0699}}, {"type": "Feature", "geometry": {"type": "Polygon", "coordinates": [[[-95.57585, 29.83179], [-95.57606, 29.81308], [-95.57355, 29.81286], [-95.5687, 29.81294], [-95.56621, 29.81267], [-95.56358, 29.81271], [-95.56369, 29.83193], [-95.57297, 29.83175], [-95.57585, 29.83179]]]}, "properties": {"GEOID": "48201540200", "LILATracts_1And10": 1, "LILATracts_halfAnd10": 1, "LILATracts_Vehicle": 0, "LowIncomeTracts": 1, "LA1and10": 1, "lowincome_lowaccess_share": 40.7012, "pct_zero_car": 0.014}}, {"type": "Feature", "geometry": {"type": "Polygon", "coordinates": [[[-95.01884, 29.64595], [-95.01885, 29.64471], [-95.0185, 29.62993], [-95.01829, 29.61787], [-95.01819, 29.61305], [-95.00433, 29.61363], [-94.99475, 29.61372], [-94.99709, 29.61528], [-94.9986, 29.61652], [-94.99933, 29.61762], [-94.99787, 29.62004], [-94.99812, 29.62023], [-94.99923, 29.61857], [-95.00017, 29.61775], [-95.00114, 29.61826], [-94.99928, 29.61989], [-94.99866, 29.62077], [-95.00028, 29.61985], [-95.00134, 29.61871], [-95.00237, 29.61896], [-95.00468, 29.62065], [-95.00718, 29.62269], [-95.00856, 29.62362], [-95.00958, 29.62525], [-95.012, 29.6284], [-95.01257, 29.62851], [-95.01372, 29.62993], [-95.0145, 29.63157], [-95.01504, 29.63195], [-95.01527, 29.63408], [-95.01594, 29.63697], [-95.01604, 29.6385], [-95.01419, 29.64254], [-95.01558, 29.64353], [-95.0164, 29.64456], [-95.01761, 29.64493], [-95.01796, 29.64569], [-95.01884, 29.64595]]]}, "properties": {"GEOID": "48201341700", "LILATracts_1And10": 0, "LILATracts_halfAnd10": 0, "LILATracts_Vehicle": 0, "LowIncomeTracts": 0, "LA1and10": 1, "lowincome_lowaccess_share": 22.6401, "pct_zero_car": 0.0293}}, {"type": "Feature", "geometry": {"type": "Polygon", "coordinates": [[[-95.28906, 29.67318], [-95.28875, 29.65753], [-95.28577, 29.6576], [-95.28556, 29.65738], [-95.28327, 29.65776], [-95.2767, 29.6579], [-95.27691, 29.66556], [-95.27711, 29.67241], [-95.28145, 29.67228], [-95.28622, 29.67241], [-95.28906, 29.67318]]]}, "properties": {"GEOID": "48201333500", "LILATracts_1And10": 0, "LILATracts_halfAnd10": 1, "LILATracts_Vehicle": 1, "LowIncomeTracts": 1, "LA1and10": 0, "lowincome_lowaccess_share": 32.634, "pct_zero_car": 0.2079}}, {"type": "Feature", "geometry": {"type": "Polygon", "coordinates": [[[-95.23454, 29.69049], [-95.23856, 29.6963], [-95.23912, 29.69603], [-95.24461, 29.68876], [-95.24614, 29.68742], [-95.24723, 29.68691], [-95.24674, 29.68607], [-95.24533, 29.68516], [-95.24541, 29.68318], [-95.24286, 29.6833], [-95.23032, 29.68338], [-95.22951, 29.68332], [-95.23454, 29.69049]]]}, "properties": {"GEOID": "48201321800", "LILATracts_1And10": 0, "LILATracts_halfAnd10": 1, "LILATracts_Vehicle": 0, "LowIncomeTracts": 1, "LA1and10": 0, "lowincome_lowaccess_share": 19.2956, "pct_zero_car": 0.0132}}, {"type": "Feature", "geometry": {"type": "Polygon", "coordinates": [[[-95.31069, 29.7122], [-95.3051, 29.70843], [-95.286, 29.71915], [-95.28511, 29.71965], [-95.28609, 29.72017], [-95.28691, 29.7211], [-95.28618, 29.72263], [-95.28781, 29.72346], [-95.28984, 29.72336], [-95.29049, 29.72392], [-95.29106, 29.72557], [-95.29289, 29.72632], [-95.2949, 29.72794], [-95.2973, 29.72754], [-95.2996, 29.72822], [-95.30179, 29.729], [-95.3022, 29.72982], [-95.30319, 29.73], [-95.30424, 29.72765], [-95.30516, 29.72728], [-95.30544, 29.72658], [-95.30498, 29.72558], [-95.30522, 29.72427], [-95.30503, 29.72238], [-95.30543, 29.72115], [-95.30844, 29.71953], [-95.30885, 29.71836], [-95.30753, 29.7171], [-95.30771, 29.71561], [-95.30919, 29.71447], [-95.30939, 29.7136], [-95.31069, 29.7122]]]}, "properties": {"GEOID": "48201311200", "LILATracts_1And10": 0, "LILATracts_halfAnd10": 0, "LILATracts_Vehicle": 0, "LowIncomeTracts": 1, "LA1and10": 0, "lowincome_lowaccess_share": 4.4605, "pct_zero_car": 0.0961}}, {"type": "Feature", "geometry": {"type": "Polygon", "coordinates": [[[-95.34011, 29.80151], [-95.33996, 29.79789], [-95.33994, 29.79391], [-95.33144, 29.79401], [-95.32984, 29.79355], [-95.32579, 29.79353], [-95.324, 29.79395], [-95.32409, 29.80016], [-95.33309, 29.80005], [-95.33486, 29.80017], [-95.34011, 29.80151]]]}, "properties": {"GEOID": "48201211000", "LILATracts_1And10": 0, "LILATracts_halfAnd10": 0, "LILATracts_Vehicle": 0, "LowIncomeTracts": 1, "LA1and10": 0, "lowincome_lowaccess_share": 5.7582, "pct_zero_car": 0.2067}}, {"type": "Feature", "geometry": {"type": "Polygon", "coordinates": [[[-95.34022, 29.77859], [-95.34027, 29.77725], [-95.33794, 29.77827], [-95.32587, 29.78334], [-95.31592, 29.78761], [-95.31594, 29.78793], [-95.31647, 29.78775], [-95.32126, 29.78756], [-95.32394, 29.78766], [-95.324, 29.79395], [-95.32579, 29.79353], [-95.32984, 29.79355], [-95.33144, 29.79401], [-95.33994, 29.79391], [-95.33989, 29.79154], [-95.34007, 29.78521], [-95.34004, 29.78351], [-95.34022, 29.77859]]]}, "properties": {"GEOID": "48201211100", "LILATracts_1And10": 0, "LILATracts_halfAnd10": 1, "LILATracts_Vehicle": 1, "LowIncomeTracts": 1, "LA1and10": 0, "lowincome_lowaccess_share": 44.2346, "pct_zero_car": 0.1698}}, {"type": "Feature", "geometry": {"type": "Polygon", "coordinates": [[[-95.32423, 29.80907], [-95.32409, 29.80016], [-95.324, 29.79395], [-95.32394, 29.78766], [-95.32126, 29.78756], [-95.31647, 29.78775], [-95.31594, 29.78793], [-95.31616, 29.79368], [-95.31686, 29.79504], [-95.31707, 29.80807], [-95.31721, 29.80925], [-95.32269, 29.8092], [-95.32423, 29.80907]]]}, "properties": {"GEOID": "48201211200", "LILATracts_1And10": 0, "LILATracts_halfAnd10": 1, "LILATracts_Vehicle": 0, "LowIncomeTracts": 1, "LA1and10": 0, "lowincome_lowaccess_share": 44.5663, "pct_zero_car": 0.1461}}, {"type": "Feature", "geometry": {"type": "Polygon", "coordinates": [[[-95.752, 29.8021], [-95.75187, 29.7851], [-95.7488, 29.78506], [-95.7418, 29.78518], [-95.72689, 29.78509], [-95.71893, 29.78491], [-95.71887, 29.79111], [-95.71898, 29.79443], [-95.719, 29.80029], [-95.72127, 29.80033], [-95.72497, 29.80103], [-95.73378, 29.80095], [-95.73598, 29.80102], [-95.73975, 29.80175], [-95.74191, 29.80174], [-95.74487, 29.80212], [-95.752, 29.8021]]]}, "properties": {"GEOID": "48201542400", "LILATracts_1And10": 0, "LILATracts_halfAnd10": 0, "LILATracts_Vehicle": 0, "LowIncomeTracts": 0, "LA1and10": 0, "lowincome_lowaccess_share": 17.3734, "pct_zero_car": 0.0284}}, {"type": "Feature", "geometry": {"type": "Polygon", "coordinates": [[[-95.77489, 29.80194], [-95.77544, 29.79799], [-95.7768, 29.78719], [-95.7768, 29.78518], [-95.76243, 29.78529], [-95.75387, 29.78508], [-95.75187, 29.7851], [-95.752, 29.8021], [-95.77489, 29.80194]]]}, "properties": {"GEOID": "48201542500", "LILATracts_1And10": 0, "LILATracts_halfAnd10": 0, "LILATracts_Vehicle": 0, "LowIncomeTracts": 0, "LA1and10": 0, "lowincome_lowaccess_share": 19.4137, "pct_zero_car": 0.0355}}, {"type": "Feature", "geometry": {"type": "Polygon", "coordinates": [[[-95.18818, 30.0678], [-95.18746, 30.0656], [-95.18716, 30.06073], [-95.18635, 30.05623], [-95.18517, 30.05308], [-95.1848, 30.0513], [-95.18421, 30.05002], [-95.18227, 30.05073], [-95.17976, 30.05095], [-95.17777, 30.0507], [-95.17483, 30.05106], [-95.17067, 30.05289], [-95.168, 30.05355], [-95.16419, 30.05355], [-95.16119, 30.05417], [-95.1595, 30.05527], [-95.15816, 30.05733], [-95.15727, 30.06064], [-95.15561, 30.06269], [-95.15768, 30.06419], [-95.15959, 30.06494], [-95.16292, 30.06574], [-95.16473, 30.06726], [-95.16557, 30.06853], [-95.17159, 30.07262], [-95.17618, 30.07548], [-95.17936, 30.07193], [-95.18171, 30.07015], [-95.18665, 30.0681], [-95.18818, 30.0678]]]}, "properties": {"GEOID": "48201251502", "LILATracts_1And10": 0, "LILATracts_halfAnd10": 0, "LILATracts_Vehicle": 0, "LowIncomeTracts": 0, "LA1and10": 1, "lowincome_lowaccess_share": 4.5118, "pct_zero_car": 0.0197}}, {"type": "Feature", "geometry": {"type": "Polygon", "coordinates": [[[-95.15869, 29.80995], [-95.15855, 29.80905], [-95.15713, 29.80821], [-95.15656, 29.8071], [-95.15734, 29.80626], [-95.15885, 29.80533], [-95.16043, 29.80516], [-95.16122, 29.80431], [-95.16041, 29.80292], [-95.15892, 29.80231], [-95.15587, 29.80165], [-95.1555, 29.80087], [-95.15649, 29.79994], [-95.1557, 29.79908], [-95.1543, 29.79858], [-95.14336, 29.79882], [-95.14207, 29.79881], [-95.14192, 29.7964], [-95.14049, 29.79253], [-95.14028, 29.78897], [-95.12631, 29.78915], [-95.12464, 29.78902], [-95.12397, 29.80128], [-95.12431, 29.80415], [-95.12555, 29.81177], [-95.12716, 29.82051], [-95.1294, 29.81999], [-95.13431, 29.81843], [-95.14887, 29.81331], [-95.15183, 29.81196], [-95.15654, 29.81049], [-95.15869, 29.80995]]]}, "properties": {"GEOID": "48201252302", "LILATracts_1And10": 0, "LILATracts_halfAnd10": 0, "LILATracts_Vehicle": 0, "LowIncomeTracts": 0, "LA1and10": 1, "lowincome_lowaccess_share": 28.7043, "pct_zero_car": 0.0258}}, {"type": "Feature", "geometry": {"type": "Polygon", "coordinates": [[[-95.21256, 29.6608], [-95.22041, 29.66063], [-95.23011, 29.66053], [-95.23371, 29.66437], [-95.23563, 29.6631], [-95.23042, 29.65759], [-95.22906, 29.65601], [-95.22578, 29.65266], [-95.21652, 29.65278], [-95.21618, 29.65104], [-95.21134, 29.65089], [-95.20797, 29.65098], [-95.20813, 29.65496], [-95.21256, 29.6608]]]}, "properties": {"GEOID": "48201321402", "LILATracts_1And10": 0, "LILATracts_halfAnd10": 0, "LILATracts_Vehicle": 0, "LowIncomeTracts": 0, "LA1and10": 0, "lowincome_lowaccess_share": 4.4791, "pct_zero_car": 0.0895}}, {"type": "Feature", "geometry": {"type": "Polygon", "coordinates": [[[-95.17892, 29.51787], [-95.17797, 29.51703], [-95.17584, 29.51703], [-95.17503, 29.51829], [-95.17445, 29.51806], [-95.17358, 29.51646], [-95.17433, 29.51518], [-95.17342, 29.51448], [-95.17182, 29.51425], [-95.17059, 29.51515], [-95.16967, 29.51489], [-95.16863, 29.51294], [-95.16772, 29.5126], [-95.16738, 29.5119], [-95.16826, 29.51083], [-95.16964, 29.5107], [-95.17106, 29.51002], [-95.1713, 29.50945], [-95.17093, 29.50755], [-95.16993, 29.50671], [-95.16749, 29.50596], [-95.16728, 29.50489], [-95.16775, 29.50455], [-95.16702, 29.50382], [-95.16726, 29.50277], [-95.16643, 29.5021], [-95.16378, 29.50221], [-95.16292, 29.50134], [-95.16336, 29.4997], [-95.16415, 29.49897], [-95.16393, 29.49805], [-95.16199, 29.49734], [-95.16089, 29.49742], [-95.1595, 29.49819], [-95.15767, 29.49814], [-95.15623, 29.49837], [-95.15388, 29.49998], [-95.15277, 29.50037], [-95.1515, 29.50039], [-95.15064, 29.49887], [-95.14995, 29.49847], [-95.14888, 29.4987], [-95.14778, 29.50036], [-95.1475, 29.50153], [-95.14659, 29.50225], [-95.14495, 29.50263], [-95.14331, 29.50523], [-95.1427, 29.50586], [-95.14102, 29.50649], [-95.13852, 29.50645], [-95.13644, 29.50622], [-95.13389, 29.50643], [-95.13161, 29.50515], [-95.13083, 29.50494], [-95.12915, 29.50539], [-95.12883, 29.50623], [-95.12868, 29.50822], [-95.12737, 29.50943], [-95.12401, 29.51048], [-95.12294, 29.51054], [-95.12145, 29.51018], [-95.12074, 29.50949], [-95.11943, 29.50733], [-95.118, 29.5072], [-95.11714, 29.50803], [-95.12343, 29.51851], [-95.12594, 29.5229], [-95.12761, 29.52523], [-95.13079, 29.52862], [-95.13476, 29.53281], [-95.13894, 29.53742], [-95.14182, 29.54041], [-95.14448, 29.53916], [-95.15471, 29.53748], [-95.15622, 29.53689], [-95.1573, 29.53615], [-95.1614, 29.53235], [-95.16224, 29.5311], [-95.16268, 29.52966], [-95.16267, 29.52819], [-95.16186, 29.52235], [-95.17342, 29.52113], [-95.17551, 29.52052], [-95.17648, 29.52001], [-95.17892, 29.51787]]]}, "properties": {"GEOID": "48201350802", "LILATracts_1And10": 0, "LILATracts_halfAnd10": 0, "LILATracts_Vehicle": 0, "LowIncomeTracts": 0, "LA1and10": 1, "lowincome_lowaccess_share": 11.4696, "pct_zero_car": 0.042}}, {"type": "Feature", "geometry": {"type": "Polygon", "coordinates": [[[-95.08771, 29.6746], [-95.08761, 29.67245], [-95.08707, 29.67088], [-95.08692, 29.66438], [-95.07057, 29.66459], [-95.0557, 29.66486], [-95.04638, 29.665], [-95.04656, 29.67537], [-95.0596, 29.67516], [-95.08771, 29.6746]]]}, "properties": {"GEOID": "48201343302", "LILATracts_1And10": 0, "LILATracts_halfAnd10": 0, "LILATracts_Vehicle": 0, "LowIncomeTracts": 0, "LA1and10": 1, "lowincome_lowaccess_share": 13.0996, "pct_zero_car": 0.024}}, {"type": "Feature", "geometry": {"type": "Polygon", "coordinates": [[[-95.39802, 29.75323], [-95.40228, 29.75315], [-95.40221, 29.75243], [-95.40207, 29.74279], [-95.39931, 29.7428], [-95.39714, 29.74281], [-95.39312, 29.74466], [-95.39377, 29.74583], [-95.39793, 29.75241], [-95.39802, 29.75323]]]}, "properties": {"GEOID": "48201410402", "LILATracts_1And10": 0, "LILATracts_halfAnd10": 0, "LILATracts_Vehicle": 0, "LowIncomeTracts": 0, "LA1and10": 0, "lowincome_lowaccess_share": 5.7313, "pct_zero_car": 0.0622}}, {"type": "Feature", "geometry": {"type": "Polygon", "coordinates": [[[-95.48985, 29.73768], [-95.48978, 29.73179], [-95.48692, 29.73178], [-95.4842, 29.73151], [-95.46825, 29.73152], [-95.46839, 29.73801], [-95.47408, 29.73795], [-95.47658, 29.73781], [-95.48249, 29.73776], [-95.48429, 29.73772], [-95.48985, 29.73768]]]}, "properties": {"GEOID": "48201432001", "LILATracts_1And10": 0, "LILATracts_halfAnd10": 0, "LILATracts_Vehicle": 0, "LowIncomeTracts": 0, "LA1and10": 0, "lowincome_lowaccess_share": 26.5196, "pct_zero_car": 0.0467}}, {"type": "Feature", "geometry": {"type": "Polygon", "coordinates": [[[-95.48896, 29.71638], [-95.49399, 29.71632], [-95.49622, 29.71564], [-95.49713, 29.71494], [-95.4944, 29.71259], [-95.49328, 29.71083], [-95.49308, 29.7127], [-95.48889, 29.71275], [-95.48896, 29.71638]]]}, "properties": {"GEOID": "48201421401", "LILATracts_1And10": 0, "LILATracts_halfAnd10": 0, "LILATracts_Vehicle": 0, "LowIncomeTracts": 1, "LA1and10": 0, "lowincome_lowaccess_share": null, "pct_zero_car": 0.178}}, {"type": "Feature", "geometry": {"type": "Polygon", "coordinates": [[[-95.49546, 29.74994], [-95.49547, 29.7401], [-95.49511, 29.73759], [-95.48985, 29.73768], [-95.48429, 29.73772], [-95.48458, 29.74004], [-95.48531, 29.74153], [-95.48548, 29.74601], [-95.48593, 29.74733], [-95.48603, 29.74994], [-95.49038, 29.74988], [-95.49285, 29.75012], [-95.49546, 29.74994]]]}, "properties": {"GEOID": "48201431302", "LILATracts_1And10": 0, "LILATracts_halfAnd10": 0, "LILATracts_Vehicle": 0, "LowIncomeTracts": 0, "LA1and10": 0, "lowincome_lowaccess_share": 0.6945, "pct_zero_car": 0.0111}}, {"type": "Feature", "geometry": {"type": "Polygon", "coordinates": [[[-95.71893, 29.78491], [-95.71885, 29.77524], [-95.7188, 29.77049], [-95.7184, 29.76895], [-95.71611, 29.76525], [-95.71579, 29.7634], [-95.71611, 29.76177], [-95.71772, 29.7595], [-95.71342, 29.75616], [-95.71287, 29.75585], [-95.70914, 29.75528], [-95.70624, 29.75443], [-95.70476, 29.75344], [-95.70365, 29.7521], [-95.70299, 29.75055], [-95.70275, 29.74714], [-95.70059, 29.74517], [-95.6998, 29.74398], [-95.6981, 29.74424], [-95.69676, 29.74393], [-95.69574, 29.74569], [-95.69217, 29.74923], [-95.69215, 29.75085], [-95.69082, 29.75164], [-95.6896, 29.753], [-95.68825, 29.75389], [-95.68534, 29.75421], [-95.685, 29.75526], [-95.68535, 29.7572], [-95.68542, 29.75959], [-95.68555, 29.78272], [-95.6884, 29.7827], [-95.68835, 29.78476], [-95.69189, 29.78474], [-95.69832, 29.78497], [-95.70837, 29.78505], [-95.71893, 29.78491]]]}, "properties": {"GEOID": "48201454501", "LILATracts_1And10": 0, "LILATracts_halfAnd10": 0, "LILATracts_Vehicle": 0, "LowIncomeTracts": 0, "LA1and10": 1, "lowincome_lowaccess_share": 5.7858, "pct_zero_car": 0.0052}}, {"type": "Feature", "geometry": {"type": "Polygon", "coordinates": [[[-95.76883, 29.77514], [-95.769, 29.77325], [-95.76774, 29.77321], [-95.76774, 29.77224], [-95.76835, 29.77104], [-95.76487, 29.7679], [-95.76387, 29.76659], [-95.76304, 29.76476], [-95.76447, 29.76449], [-95.76745, 29.76449], [-95.76852, 29.7648], [-95.76933, 29.76558], [-95.77038, 29.76749], [-95.77098, 29.76724], [-95.76746, 29.76076], [-95.76662, 29.75789], [-95.76153, 29.7583], [-95.75863, 29.75887], [-95.75693, 29.75882], [-95.75425, 29.75838], [-95.75159, 29.75855], [-95.75164, 29.76558], [-95.75177, 29.77475], [-95.75659, 29.77475], [-95.76144, 29.77518], [-95.76883, 29.77514]]]}, "properties": {"GEOID": "48201455101", "LILATracts_1And10": 0, "LILATracts_halfAnd10": 0, "LILATracts_Vehicle": 0, "LowIncomeTracts": 0, "LA1and10": 0, "lowincome_lowaccess_share": 14.1641, "pct_zero_car": 0.0153}}, {"type": "Feature", "geometry": {"type": "Polygon", "coordinates": [[[-95.5041, 29.89916], [-95.51112, 29.8982], [-95.51421, 29.89804], [-95.52492, 29.89796], [-95.52492, 29.89685], [-95.52483, 29.88469], [-95.52469, 29.8812], [-95.5247, 29.87707], [-95.5242, 29.87692], [-95.52323, 29.87557], [-95.51916, 29.87566], [-95.51748, 29.87652], [-95.51608, 29.87606], [-95.51402, 29.8768], [-95.51335, 29.8763], [-95.51322, 29.87488], [-95.5115, 29.87446], [-95.51058, 29.8738], [-95.50933, 29.87371], [-95.507, 29.87415], [-95.50696, 29.88552], [-95.5033, 29.88591], [-95.50332, 29.89033], [-95.50374, 29.89133], [-95.50392, 29.89831], [-95.5041, 29.89916]]]}, "properties": {"GEOID": "48201532501", "LILATracts_1And10": 1, "LILATracts_halfAnd10": 1, "LILATracts_Vehicle": 0, "LowIncomeTracts": 1, "LA1and10": 1, "lowincome_lowaccess_share": 40.6551, "pct_zero_car": 0.0061}}, {"type": "Feature", "geometry": {"type": "Polygon", "coordinates": [[[-95.49784, 29.93715], [-95.49782, 29.93459], [-95.49699, 29.93218], [-95.49624, 29.93128], [-95.49334, 29.92898], [-95.49208, 29.92739], [-95.49154, 29.92561], [-95.49171, 29.9237], [-95.49227, 29.92245], [-95.49384, 29.91999], [-95.47999, 29.9113], [-95.47964, 29.91351], [-95.47987, 29.91493], [-95.48116, 29.91741], [-95.48159, 29.91955], [-95.48162, 29.92356], [-95.48135, 29.92547], [-95.4814, 29.92938], [-95.48181, 29.93118], [-95.48301, 29.93381], [-95.48323, 29.93513], [-95.48325, 29.93735], [-95.49784, 29.93715]]]}, "properties": {"GEOID": "48201533901", "LILATracts_1And10": 1, "LILATracts_halfAnd10": 1, "LILATracts_Vehicle": 0, "LowIncomeTracts": 1, "LA1and10": 1, "lowincome_lowaccess_share": 17.2376, "pct_zero_car": 0.032}}, {"type": "Feature", "geometry": {"type": "Polygon", "coordinates": [[[-95.49384, 29.91999], [-95.49539, 29.91753], [-95.49575, 29.91613], [-95.49586, 29.91209], [-95.49575, 29.90868], [-95.49569, 29.89968], [-95.48043, 29.89975], [-95.47016, 29.89968], [-95.46858, 29.89907], [-95.46734, 29.89878], [-95.46473, 29.89873], [-95.47077, 29.90511], [-95.47086, 29.90551], [-95.47999, 29.9113], [-95.49384, 29.91999]]]}, "properties": {"GEOID": "48201534001", "LILATracts_1And10": 0, "LILATracts_halfAnd10": 1, "LILATracts_Vehicle": 0, "LowIncomeTracts": 1, "LA1and10": 0, "lowincome_lowaccess_share": 19.8188, "pct_zero_car": 0.0653}}, {"type": "Feature", "geometry": {"type": "Polygon", "coordinates": [[[-95.49784, 29.93715], [-95.50723, 29.93708], [-95.51532, 29.9369], [-95.51177, 29.93424], [-95.5087, 29.93121], [-95.50489, 29.92816], [-95.50066, 29.92498], [-95.4999, 29.92452], [-95.49384, 29.91999], [-95.49227, 29.92245], [-95.49171, 29.9237], [-95.49154, 29.92561], [-95.49208, 29.92739], [-95.49334, 29.92898], [-95.49624, 29.93128], [-95.49699, 29.93218], [-95.49782, 29.93459], [-95.49784, 29.93715]]]}, "properties": {"GEOID": "48201533902", "LILATracts_1And10": 0, "LILATracts_halfAnd10": 1, "LILATracts_Vehicle": 0, "LowIncomeTracts": 1, "LA1and10": 0, "lowincome_lowaccess_share": 14.9978, "pct_zero_car": 0.1229}}, {"type": "Feature", "geometry": {"type": "Polygon", "coordinates": [[[-95.75159, 29.75855], [-95.75145, 29.74647], [-95.74988, 29.74543], [-95.74254, 29.74118], [-95.73867, 29.73931], [-95.73361, 29.73627], [-95.73305, 29.7372], [-95.73051, 29.74432], [-95.72977, 29.74562], [-95.72836, 29.74739], [-95.72235, 29.75356], [-95.72841, 29.75803], [-95.7297, 29.75877], [-95.7323, 29.75946], [-95.73433, 29.75952], [-95.73682, 29.75945], [-95.74157, 29.75866], [-95.75159, 29.75855]]]}, "properties": {"GEOID": "48201454900", "LILATracts_1And10": 0, "LILATracts_halfAnd10": 0, "LILATracts_Vehicle": 0, "LowIncomeTracts": 0, "LA1and10": 0, "lowincome_lowaccess_share": 5.2296, "pct_zero_car": 0.0296}}, {"type": "Feature", "geometry": {"type": "Polygon", "coordinates": [[[-95.76662, 29.75789], [-95.77066, 29.75735], [-95.76857, 29.75598], [-95.76407, 29.75356], [-95.7579, 29.75005], [-95.75227, 29.74702], [-95.75145, 29.74647], [-95.75159, 29.75855], [-95.75425, 29.75838], [-95.75693, 29.75882], [-95.75863, 29.75887], [-95.76153, 29.7583], [-95.76662, 29.75789]]]}, "properties": {"GEOID": "48201455000", "LILATracts_1And10": 0, "LILATracts_halfAnd10": 0, "LILATracts_Vehicle": 0, "LowIncomeTracts": 0, "LA1and10": 0, "lowincome_lowaccess_share": 8.5529, "pct_zero_car": 0.0415}}, {"type": "Feature", "geometry": {"type": "Polygon", "coordinates": [[[-95.39876, 29.83054], [-95.39462, 29.82221], [-95.38542, 29.82228], [-95.38524, 29.82306], [-95.38371, 29.82324], [-95.38325, 29.81938], [-95.37805, 29.81939], [-95.37928, 29.82186], [-95.38018, 29.82435], [-95.38075, 29.82702], [-95.38177, 29.82972], [-95.38451, 29.8332], [-95.38442, 29.83085], [-95.39001, 29.83062], [-95.39876, 29.83054]]]}, "properties": {"GEOID": "48201530400", "LILATracts_1And10": 0, "LILATracts_halfAnd10": 1, "LILATracts_Vehicle": 0, "LowIncomeTracts": 1, "LA1and10": 0, "lowincome_lowaccess_share": 38.9989, "pct_zero_car": 0.1287}}, {"type": "Feature", "geometry": {"type": "Polygon", "coordinates": [[[-95.41275, 29.86918], [-95.41245, 29.85335], [-95.41207, 29.85099], [-95.41142, 29.84912], [-95.40973, 29.84778], [-95.40828, 29.84718], [-95.40519, 29.84712], [-95.40412, 29.84672], [-95.40302, 29.84586], [-95.40098, 29.84524], [-95.39756, 29.84543], [-95.39296, 29.84552], [-95.40049, 29.85617], [-95.40131, 29.8572], [-95.40258, 29.8594], [-95.40792, 29.86987], [-95.41047, 29.86984], [-95.41275, 29.86918]]]}, "properties": {"GEOID": "48201530700", "LILATracts_1And10": 0, "LILATracts_halfAnd10": 1, "LILATracts_Vehicle": 1, "LowIncomeTracts": 1, "LA1and10": 0, "lowincome_lowaccess_share": 27.2245, "pct_zero_car": 0.1928}}, {"type": "Feature", "geometry": {"type": "Polygon", "coordinates": [[[-95.4711, 29.96457], [-95.4805, 29.96432], [-95.47799, 29.96104], [-95.46921, 29.94958], [-95.46639, 29.94582], [-95.4646, 29.94594], [-95.46467, 29.94953], [-95.46497, 29.96474], [-95.4711, 29.96457]]]}, "properties": {"GEOID": "48201550603", "LILATracts_1And10": 0, "LILATracts_halfAnd10": 1, "LILATracts_Vehicle": 0, "LowIncomeTracts": 1, "LA1and10": 0, "lowincome_lowaccess_share": 6.2738, "pct_zero_car": 0.0262}}, {"type": "Feature", "geometry": {"type": "Polygon", "coordinates": [[[-95.47214, 29.97656], [-95.471, 29.97437], [-95.47132, 29.97407], [-95.4711, 29.96457], [-95.46497, 29.96474], [-95.45366, 29.96492], [-95.45059, 29.96507], [-95.43657, 29.96542], [-95.43369, 29.96556], [-95.43145, 29.96526], [-95.42622, 29.96535], [-95.42291, 29.96598], [-95.42186, 29.96596], [-95.42128, 29.96769], [-95.42491, 29.97044], [-95.42815, 29.97304], [-95.43727, 29.98103], [-95.43805, 29.97953], [-95.43829, 29.97821], [-95.43801, 29.97606], [-95.43697, 29.97432], [-95.43519, 29.97269], [-95.43583, 29.97241], [-95.43779, 29.97252], [-95.44046, 29.97305], [-95.44267, 29.97388], [-95.44716, 29.97409], [-95.45244, 29.97396], [-95.453, 29.97317], [-95.4567, 29.97313], [-95.46587, 29.97289], [-95.46817, 29.97503], [-95.46872, 29.97776], [-95.46911, 29.97818], [-95.47081, 29.97774], [-95.47214, 29.97656]]]}, "properties": {"GEOID": "48201550402", "LILATracts_1And10": 0, "LILATracts_halfAnd10": 0, "LILATracts_Vehicle": 0, "LowIncomeTracts": 0, "LA1and10": 1, "lowincome_lowaccess_share": 42.8207, "pct_zero_car": 0.0675}}, {"type": "Feature", "geometry": {"type": "Polygon", "coordinates": [[[-95.58505, 29.96126], [-95.58487, 29.95255], [-95.58468, 29.93775], [-95.5848, 29.93299], [-95.58289, 29.93413], [-95.5798, 29.93595], [-95.56774, 29.94328], [-95.56583, 29.94462], [-95.55882, 29.95085], [-95.55363, 29.95552], [-95.57289, 29.96122], [-95.57398, 29.96143], [-95.58505, 29.96126]]]}, "properties": {"GEOID": "48201552500", "LILATracts_1And10": 0, "LILATracts_halfAnd10": 1, "LILATracts_Vehicle": 0, "LowIncomeTracts": 1, "LA1and10": 0, "lowincome_lowaccess_share": 31.91, "pct_zero_car": 0.0132}}, {"type": "Feature", "geometry": {"type": "Polygon", "coordinates": [[[-95.48038, 29.86566], [-95.47862, 29.86353], [-95.4776, 29.86328], [-95.46683, 29.86332], [-95.46679, 29.86599], [-95.46732, 29.86676], [-95.46861, 29.8673], [-95.46934, 29.86826], [-95.47027, 29.87005], [-95.47037, 29.8714], [-95.46844, 29.87378], [-95.46676, 29.87457], [-95.46612, 29.8754], [-95.46673, 29.87637], [-95.46823, 29.87768], [-95.46832, 29.87858], [-95.46897, 29.87964], [-95.46772, 29.88145], [-95.46764, 29.88329], [-95.46937, 29.88334], [-95.47226, 29.88418], [-95.4739, 29.88431], [-95.47379, 29.87655], [-95.47398, 29.87504], [-95.47387, 29.87324], [-95.47279, 29.86689], [-95.47565, 29.86576], [-95.48038, 29.86566]]]}, "properties": {"GEOID": "48201532800", "LILATracts_1And10": 0, "LILATracts_halfAnd10": 1, "LILATracts_Vehicle": 0, "LowIncomeTracts": 1, "LA1and10": 0, "lowincome_lowaccess_share": 25.9884, "pct_zero_car": 0.0327}}, {"type": "Feature", "geometry": {"type": "Polygon", "coordinates": [[[-95.48043, 29.89975], [-95.48017, 29.89798], [-95.48011, 29.89414], [-95.47977, 29.89253], [-95.47921, 29.89148], [-95.4781, 29.89028], [-95.47597, 29.88884], [-95.47439, 29.88683], [-95.4739, 29.88431], [-95.47226, 29.88418], [-95.46937, 29.88334], [-95.46764, 29.88329], [-95.46804, 29.88479], [-95.46689, 29.8873], [-95.46716, 29.88984], [-95.46774, 29.89171], [-95.4673, 29.89256], [-95.46735, 29.89355], [-95.46869, 29.89492], [-95.46904, 29.89727], [-95.46858, 29.89907], [-95.47016, 29.89968], [-95.48043, 29.89975]]]}, "properties": {"GEOID": "48201532900", "LILATracts_1And10": 1, "LILATracts_halfAnd10": 1, "LILATracts_Vehicle": 0, "LowIncomeTracts": 1, "LA1and10": 1, "lowincome_lowaccess_share": 49.8991, "pct_zero_car": 0.0727}}, {"type": "Feature", "geometry": {"type": "Polygon", "coordinates": [[[-95.46858, 29.89907], [-95.46904, 29.89727], [-95.46869, 29.89492], [-95.46735, 29.89355], [-95.4673, 29.89256], [-95.46774, 29.89171], [-95.46716, 29.88984], [-95.46689, 29.8873], [-95.46804, 29.88479], [-95.46764, 29.88329], [-95.46441, 29.88298], [-95.45674, 29.88305], [-95.45437, 29.88335], [-95.45178, 29.88414], [-95.45066, 29.88469], [-95.45623, 29.89029], [-95.45853, 29.8921], [-95.46473, 29.89873], [-95.46734, 29.89878], [-95.46858, 29.89907]]]}, "properties": {"GEOID": "48201533000", "LILATracts_1And10": 1, "LILATracts_halfAnd10": 1, "LILATracts_Vehicle": 1, "LowIncomeTracts": 1, "LA1and10": 1, "lowincome_lowaccess_share": 69.9656, "pct_zero_car": 0.1714}}, {"type": "Feature", "geometry": {"type": "Polygon", "coordinates": [[[-95.46497, 29.96474], [-95.46467, 29.94953], [-95.45684, 29.94963], [-95.45455, 29.94945], [-95.45404, 29.95045], [-95.45239, 29.95255], [-95.4518, 29.95368], [-95.4515, 29.95549], [-95.45156, 29.95951], [-95.45185, 29.96085], [-95.45303, 29.96264], [-95.45366, 29.96492], [-95.46497, 29.96474]]]}, "properties": {"GEOID": "48201550601", "LILATracts_1And10": 0, "LILATracts_halfAnd10": 0, "LILATracts_Vehicle": 0, "LowIncomeTracts": 0, "LA1and10": 0, "lowincome_lowaccess_share": 29.8326, "pct_zero_car": 0.014}}, {"type": "Feature", "geometry": {"type": "Polygon", "coordinates": [[[-95.33939, 29.63696], [-95.33933, 29.62682], [-95.3396, 29.62516], [-95.34069, 29.62213], [-95.34091, 29.621], [-95.30466, 29.62086], [-95.3101, 29.63904], [-95.32399, 29.63882], [-95.32399, 29.63752], [-95.33194, 29.63759], [-95.33939, 29.63696]]]}, "properties": {"GEOID": "48201331602", "LILATracts_1And10": 0, "LILATracts_halfAnd10": 1, "LILATracts_Vehicle": 0, "LowIncomeTracts": 1, "LA1and10": 0, "lowincome_lowaccess_share": 34.0774, "pct_zero_car": 0.2337}}, {"type": "Feature", "geometry": {"type": "Polygon", "coordinates": [[[-95.59866, 29.97358], [-95.59118, 29.96723], [-95.58947, 29.96694], [-95.5852, 29.96683], [-95.57655, 29.96727], [-95.57034, 29.96741], [-95.56629, 29.96724], [-95.56451, 29.96695], [-95.55679, 29.96696], [-95.55621, 29.96748], [-95.55999, 29.97015], [-95.56168, 29.97191], [-95.56286, 29.97357], [-95.56729, 29.98167], [-95.57008, 29.98577], [-95.57111, 29.98511], [-95.57304, 29.98516], [-95.57495, 29.98605], [-95.57636, 29.98634], [-95.57715, 29.98745], [-95.57955, 29.98809], [-95.58062, 29.98683], [-95.58176, 29.98701], [-95.58282, 29.98632], [-95.58328, 29.98719], [-95.58401, 29.98739], [-95.58428, 29.98644], [-95.58524, 29.98604], [-95.58446, 29.98408], [-95.58554, 29.98354], [-95.58698, 29.98204], [-95.58691, 29.98121], [-95.58628, 29.98047], [-95.58678, 29.97962], [-95.58799, 29.97889], [-95.58838, 29.97754], [-95.5888, 29.97684], [-95.58869, 29.97579], [-95.58799, 29.97477], [-95.58874, 29.97372], [-95.59016, 29.97294], [-95.5915, 29.97457], [-95.59226, 29.97331], [-95.59324, 29.9739], [-95.59407, 29.97489], [-95.59474, 29.9747], [-95.59564, 29.97242], [-95.59749, 29.97339], [-95.59782, 29.97391], [-95.59866, 29.97358]]]}, "properties": {"GEOID": "48201552602", "LILATracts_1And10": 0, "LILATracts_halfAnd10": 0, "LILATracts_Vehicle": 0, "LowIncomeTracts": 0, "LA1and10": 0, "lowincome_lowaccess_share": 7.6667, "pct_zero_car": 0.0165}}, {"type": "Feature", "geometry": {"type": "Polygon", "coordinates": [[[-95.5384, 30.04592], [-95.53736, 30.04], [-95.53519, 30.03445], [-95.53097, 30.02793], [-95.52715, 30.02374], [-95.52377, 30.02102], [-95.52283, 30.0215], [-95.50715, 30.03016], [-95.50741, 30.03192], [-95.50989, 30.03573], [-95.51182, 30.03608], [-95.51284, 30.03709], [-95.51304, 30.03818], [-95.51359, 30.03858], [-95.51579, 30.04159], [-95.51778, 30.04328], [-95.51902, 30.04385], [-95.52055, 30.04517], [-95.5233, 30.04578], [-95.52494, 30.04731], [-95.52646, 30.04788], [-95.52741, 30.04905], [-95.52747, 30.0499], [-95.53003, 30.04894], [-95.53416, 30.04684], [-95.53628, 30.04611], [-95.5384, 30.04592]]]}, "properties": {"GEOID": "48201553802", "LILATracts_1And10": 0, "LILATracts_halfAnd10": 0, "LILATracts_Vehicle": 0, "LowIncomeTracts": 0, "LA1and10": 1, "lowincome_lowaccess_share": 17.445, "pct_zero_car": 0.0456}}, {"type": "Feature", "geometry": {"type": "Polygon", "coordinates": [[[-95.55758, 29.71826], [-95.55747, 29.71176], [-95.54957, 29.71184], [-95.5478, 29.71214], [-95.546, 29.71289], [-95.5438, 29.71386], [-95.54196, 29.71403], [-95.53893, 29.71363], [-95.53893, 29.71449], [-95.53906, 29.71971], [-95.5434, 29.71944], [-95.55758, 29.71826]]]}, "properties": {"GEOID": "48201433001", "LILATracts_1And10": 0, "LILATracts_halfAnd10": 1, "LILATracts_Vehicle": 1, "LowIncomeTracts": 1, "LA1and10": 0, "lowincome_lowaccess_share": 42.7911, "pct_zero_car": 0.1897}}, {"type": "Feature", "geometry": {"type": "Polygon", "coordinates": [[[-95.57163, 29.72773], [-95.57145, 29.71706], [-95.56336, 29.71783], [-95.55758, 29.71826], [-95.55762, 29.72764], [-95.56131, 29.72765], [-95.56355, 29.72781], [-95.57163, 29.72773]]]}, "properties": {"GEOID": "48201452202", "LILATracts_1And10": 0, "LILATracts_halfAnd10": 1, "LILATracts_Vehicle": 1, "LowIncomeTracts": 1, "LA1and10": 0, "lowincome_lowaccess_share": 47.3546, "pct_zero_car": 0.0705}}, {"type": "Feature", "geometry": {"type": "Polygon", "coordinates": [[[-95.60445, 29.70349], [-95.60442, 29.69777], [-95.60426, 29.68894], [-95.60037, 29.68908], [-95.5959, 29.68909], [-95.59615, 29.70362], [-95.60445, 29.70349]]]}, "properties": {"GEOID": "48201452802", "LILATracts_1And10": 0, "LILATracts_halfAnd10": 1, "LILATracts_Vehicle": 0, "LowIncomeTracts": 1, "LA1and10": 0, "lowincome_lowaccess_share": 5.2994, "pct_zero_car": 0.1051}}, {"type": "Feature", "geometry": {"type": "Polygon", "coordinates": [[[-95.75224, 29.83169], [-95.75431, 29.83166], [-95.75422, 29.82755], [-95.75397, 29.82596], [-95.75242, 29.82017], [-95.75219, 29.81608], [-95.75199, 29.80392], [-95.752, 29.8021], [-95.74487, 29.80212], [-95.74191, 29.80174], [-95.73975, 29.80175], [-95.73598, 29.80102], [-95.73378, 29.80095], [-95.72497, 29.80103], [-95.72127, 29.80033], [-95.719, 29.80029], [-95.71907, 29.80153], [-95.72026, 29.80464], [-95.72337, 29.80481], [-95.7266, 29.80604], [-95.72734, 29.80731], [-95.7291, 29.80819], [-95.7304, 29.80754], [-95.73119, 29.80922], [-95.73173, 29.80874], [-95.7327, 29.80897], [-95.73283, 29.80963], [-95.73384, 29.80984], [-95.73503, 29.81214], [-95.7371, 29.81404], [-95.74001, 29.81606], [-95.74297, 29.81892], [-95.74523, 29.82048], [-95.74618, 29.82209], [-95.7471, 29.82278], [-95.74865, 29.82321], [-95.74923, 29.82498], [-95.75015, 29.826], [-95.74956, 29.8269], [-95.74949, 29.82912], [-95.75224, 29.83169]]]}, "properties": {"GEOID": "48201542302", "LILATracts_1And10": 0, "LILATracts_halfAnd10": 0, "LILATracts_Vehicle": 0, "LowIncomeTracts": 0, "LA1and10": 1, "lowincome_lowaccess_share": 16.9954, "pct_zero_car": 0.0547}}, {"type": "Feature", "geometry": {"type": "Polygon", "coordinates": [[[-95.62061, 29.89948], [-95.62303, 29.89959], [-95.62638, 29.90041], [-95.62769, 29.90046], [-95.62764, 29.89408], [-95.62816, 29.89397], [-95.62813, 29.89164], [-95.62832, 29.88968], [-95.62894, 29.88736], [-95.62892, 29.88456], [-95.62856, 29.88132], [-95.62711, 29.88176], [-95.62571, 29.88061], [-95.62538, 29.87943], [-95.62067, 29.87945], [-95.62073, 29.89545], [-95.62061, 29.89948]]]}, "properties": {"GEOID": "48201540901", "LILATracts_1And10": 0, "LILATracts_halfAnd10": 0, "LILATracts_Vehicle": 0, "LowIncomeTracts": 0, "LA1and10": 0, "lowincome_lowaccess_share": 9.0959, "pct_zero_car": 0.0105}}, {"type": "Feature", "geometry": {"type": "Polygon", "coordinates": [[[-95.18999, 29.7929], [-95.18783, 29.79195], [-95.18566, 29.79181], [-95.17844, 29.79197], [-95.17885, 29.79396], [-95.1803, 29.79589], [-95.17888, 29.79809], [-95.17809, 29.80002], [-95.17819, 29.80622], [-95.17921, 29.8062], [-95.17935, 29.80588], [-95.18999, 29.7929]]]}, "properties": {"GEOID": "48201233001", "LILATracts_1And10": 0, "LILATracts_halfAnd10": 0, "LILATracts_Vehicle": 0, "LowIncomeTracts": 1, "LA1and10": 0, "lowincome_lowaccess_share": null, "pct_zero_car": 0.1002}}, {"type": "Feature", "geometry": {"type": "Polygon", "coordinates": [[[-95.17819, 29.80622], [-95.17809, 29.80002], [-95.17888, 29.79809], [-95.17183, 29.79615], [-95.16979, 29.7958], [-95.16606, 29.79585], [-95.16291, 29.79609], [-95.16322, 29.79823], [-95.16329, 29.80874], [-95.17187, 29.80661], [-95.17356, 29.80636], [-95.17819, 29.80622]]]}, "properties": {"GEOID": "48201233002", "LILATracts_1And10": 0, "LILATracts_halfAnd10": 0, "LILATracts_Vehicle": 0, "LowIncomeTracts": 0, "LA1and10": 0, "lowincome_lowaccess_share": 4.7889, "pct_zero_car": 0.0101}}, {"type": "Feature", "geometry": {"type": "Polygon", "coordinates": [[[-95.41436, 29.69445], [-95.41353, 29.69353], [-95.41276, 29.69204], [-95.41255, 29.69066], [-95.41227, 29.67808], [-95.40766, 29.67827], [-95.40315, 29.67905], [-95.40332, 29.68991], [-95.40306, 29.69091], [-95.4006, 29.69339], [-95.40083, 29.69578], [-95.40211, 29.70139], [-95.40244, 29.70237], [-95.40525, 29.70203], [-95.4072, 29.70083], [-95.40808, 29.69993], [-95.40901, 29.69831], [-95.41051, 29.69734], [-95.41213, 29.69731], [-95.41436, 29.69445]]]}, "properties": {"GEOID": "48201314400", "LILATracts_1And10": 0, "LILATracts_halfAnd10": 1, "LILATracts_Vehicle": 0, "LowIncomeTracts": 1, "LA1and10": 0, "lowincome_lowaccess_share": 15.3955, "pct_zero_car": 0.0709}}, {"type": "Feature", "geometry": {"type": "Polygon", "coordinates": [[[-95.27267, 29.68035], [-95.268, 29.67556], [-95.25565, 29.68478], [-95.25156, 29.68749], [-95.25262, 29.68875], [-95.25407, 29.68923], [-95.25513, 29.68916], [-95.25654, 29.69019], [-95.25672, 29.69172], [-95.25802, 29.69143], [-95.25901, 29.69058], [-95.26156, 29.68991], [-95.26205, 29.68899], [-95.2628, 29.6887], [-95.26441, 29.68882], [-95.26555, 29.68631], [-95.26685, 29.68415], [-95.26844, 29.68235], [-95.26999, 29.68106], [-95.27182, 29.68075], [-95.27267, 29.68035]]]}, "properties": {"GEOID": "48201320601", "LILATracts_1And10": 0, "LILATracts_halfAnd10": 0, "LILATracts_Vehicle": 0, "LowIncomeTracts": 1, "LA1and10": 0, "lowincome_lowaccess_share": 4.1737, "pct_zero_car": 0.0654}}, {"type": "Feature", "geometry": {"type": "Polygon", "coordinates": [[[-95.19315, 29.55952], [-95.19359, 29.5576], [-95.19491, 29.55723], [-95.19426, 29.55637], [-95.19465, 29.55591], [-95.19583, 29.55771], [-95.19697, 29.55684], [-95.19768, 29.55728], [-95.19898, 29.55414], [-95.19996, 29.55411], [-95.19954, 29.55343], [-95.19993, 29.55238], [-95.19896, 29.5512], [-95.19829, 29.55108], [-95.19827, 29.55031], [-95.19729, 29.54942], [-95.19739, 29.54757], [-95.19789, 29.54685], [-95.19915, 29.54609], [-95.19945, 29.54453], [-95.19786, 29.54217], [-95.19723, 29.54199], [-95.19629, 29.5436], [-95.19546, 29.54453], [-95.19342, 29.54565], [-95.19179, 29.54662], [-95.18732, 29.55065], [-95.17681, 29.54196], [-95.17489, 29.54093], [-95.17295, 29.53931], [-95.1709, 29.5406], [-95.16947, 29.53886], [-95.16749, 29.53732], [-95.1614, 29.53235], [-95.1573, 29.53615], [-95.15622, 29.53689], [-95.15471, 29.53748], [-95.14448, 29.53916], [-95.14182, 29.54041], [-95.1459, 29.54474], [-95.15419, 29.5534], [-95.16228, 29.56184], [-95.16902, 29.56962], [-95.18094, 29.58347], [-95.1844, 29.58662], [-95.18725, 29.58405], [-95.1855, 29.58291], [-95.18472, 29.58155], [-95.18346, 29.58042], [-95.18097, 29.57526], [-95.18166, 29.57409], [-95.18295, 29.57384], [-95.18329, 29.57319], [-95.18427, 29.57348], [-95.18583, 29.57223], [-95.18662, 29.57112], [-95.18638, 29.56969], [-95.1873, 29.56715], [-95.18723, 29.56542], [-95.1868, 29.56435], [-95.18805, 29.56383], [-95.19015, 29.56217], [-95.1907, 29.56132], [-95.19168, 29.56082], [-95.19315, 29.55952]]]}, "properties": {"GEOID": "48201350601", "LILATracts_1And10": 0, "LILATracts_halfAnd10": 0, "LILATracts_Vehicle": 0, "LowIncomeTracts": 0, "LA1and10": 1, "lowincome_lowaccess_share": 19.6748, "pct_zero_car": 0.0152}}, {"type": "Feature", "geometry": {"type": "Polygon", "coordinates": [[[-95.43665, 29.74156], [-95.43635, 29.72938], [-95.44044, 29.72902], [-95.43169, 29.72949], [-95.424, 29.73064], [-95.41866, 29.73074], [-95.41875, 29.73848], [-95.42997, 29.73834], [-95.43003, 29.74207], [-95.43262, 29.74192], [-95.43439, 29.74155], [-95.43665, 29.74156]]]}, "properties": {"GEOID": "48201411502", "LILATracts_1And10": 0, "LILATracts_halfAnd10": 0, "LILATracts_Vehicle": 0, "LowIncomeTracts": 0, "LA1and10": 0, "lowincome_lowaccess_share": 5.8949, "pct_zero_car": 0.0643}}, {"type": "Feature", "geometry": {"type": "Polygon", "coordinates": [[[-95.48603, 29.74994], [-95.48593, 29.74733], [-95.48548, 29.74601], [-95.48531, 29.74153], [-95.48458, 29.74004], [-95.48429, 29.73772], [-95.48249, 29.73776], [-95.48264, 29.75004], [-95.48603, 29.74994]]]}, "properties": {"GEOID": "48201431401", "LILATracts_1And10": 0, "LILATracts_halfAnd10": 0, "LILATracts_Vehicle": 0, "LowIncomeTracts": 0, "LA1and10": 0, "lowincome_lowaccess_share": 1.1014, "pct_zero_car": 0.0872}}, {"type": "Feature", "geometry": {"type": "Polygon", "coordinates": [[[-95.63276, 29.85708], [-95.63292, 29.85608], [-95.63499, 29.8566], [-95.63986, 29.85656], [-95.64009, 29.8562], [-95.64005, 29.85263], [-95.64046, 29.85226], [-95.64048, 29.84832], [-95.64119, 29.84445], [-95.64008, 29.84283], [-95.64118, 29.84108], [-95.64119, 29.84], [-95.64059, 29.83769], [-95.64048, 29.83601], [-95.63012, 29.83595], [-95.62561, 29.83598], [-95.62613, 29.83677], [-95.62491, 29.83722], [-95.62575, 29.83785], [-95.62509, 29.83836], [-95.6252, 29.83938], [-95.6262, 29.84025], [-95.62534, 29.84049], [-95.6251, 29.84126], [-95.6241, 29.8416], [-95.62354, 29.84269], [-95.62379, 29.8437], [-95.62255, 29.84417], [-95.62307, 29.84522], [-95.62232, 29.8459], [-95.62264, 29.8471], [-95.6218, 29.84754], [-95.62189, 29.84825], [-95.62283, 29.84865], [-95.62215, 29.84907], [-95.62238, 29.84975], [-95.62153, 29.84998], [-95.62191, 29.85103], [-95.6227, 29.85104], [-95.62251, 29.85188], [-95.62375, 29.85233], [-95.62421, 29.85155], [-95.62599, 29.85187], [-95.62611, 29.85362], [-95.62684, 29.85398], [-95.6278, 29.85536], [-95.62933, 29.85549], [-95.63188, 29.85704], [-95.63276, 29.85708]]]}, "properties": {"GEOID": "48201540502", "LILATracts_1And10": 0, "LILATracts_halfAnd10": 0, "LILATracts_Vehicle": 0, "LowIncomeTracts": 0, "LA1and10": 0, "lowincome_lowaccess_share": 12.4186, "pct_zero_car": 0.0176}}, {"type": "Feature", "geometry": {"type": "Polygon", "coordinates": [[[-95.41226, 29.80376], [-95.41218, 29.80099], [-95.4117, 29.7997], [-95.41156, 29.79329], [-95.4118, 29.79038], [-95.4099, 29.79051], [-95.39897, 29.79068], [-95.39922, 29.80396], [-95.41226, 29.80376]]]}, "properties": {"GEOID": "48201511301", "LILATracts_1And10": 0, "LILATracts_halfAnd10": 0, "LILATracts_Vehicle": 0, "LowIncomeTracts": 0, "LA1and10": 0, "lowincome_lowaccess_share": 0.1757, "pct_zero_car": 0.0398}}, {"type": "Feature", "geometry": {"type": "Polygon", "coordinates": [[[-95.68772, 29.96305], [-95.68565, 29.96162], [-95.68564, 29.96135], [-95.67834, 29.95633], [-95.67767, 29.95783], [-95.67777, 29.95971], [-95.6762, 29.9613], [-95.67495, 29.96116], [-95.67393, 29.9624], [-95.67261, 29.96277], [-95.67121, 29.96153], [-95.67058, 29.96132], [-95.67027, 29.9621], [-95.66864, 29.96309], [-95.66676, 29.96268], [-95.66462, 29.96147], [-95.66358, 29.9596], [-95.66226, 29.95978], [-95.66125, 29.95922], [-95.66045, 29.9594], [-95.65965, 29.95859], [-95.659, 29.95871], [-95.65581, 29.95724], [-95.65506, 29.95601], [-95.65399, 29.95598], [-95.65295, 29.95454], [-95.65064, 29.95406], [-95.64982, 29.95301], [-95.64882, 29.9529], [-95.64504, 29.95296], [-95.64206, 29.95326], [-95.64216, 29.95423], [-95.64144, 29.95517], [-95.64038, 29.95522], [-95.63838, 29.95652], [-95.63795, 29.95779], [-95.63831, 29.95911], [-95.63752, 29.95953], [-95.63698, 29.96098], [-95.6359, 29.96133], [-95.63539, 29.96095], [-95.63569, 29.96009], [-95.63466, 29.9595], [-95.63402, 29.9596], [-95.6326, 29.96092], [-95.63122, 29.96129], [-95.6289, 29.96239], [-95.62878, 29.96269], [-95.62965, 29.96452], [-95.62912, 29.9662], [-95.62696, 29.9668], [-95.625, 29.96651], [-95.62401, 29.96549], [-95.62153, 29.96431], [-95.6205, 29.96441], [-95.61953, 29.96575], [-95.61968, 29.96665], [-95.62086, 29.96791], [-95.62259, 29.96887], [-95.62236, 29.97044], [-95.62276, 29.97231], [-95.62364, 29.97311], [-95.62563, 29.97297], [-95.62639, 29.97324], [-95.62858, 29.97532], [-95.62804, 29.97611], [-95.62838, 29.97723], [-95.63047, 29.97745], [-95.63112, 29.97775], [-95.63093, 29.97939], [-95.63321, 29.97988], [-95.63407, 29.98159], [-95.63641, 29.98225], [-95.63684, 29.98291], [-95.63948, 29.98359], [-95.64142, 29.9844], [-95.64246, 29.98517], [-95.64146, 29.98589], [-95.64105, 29.98859], [-95.64247, 29.99041], [-95.64447, 29.99006], [-95.64607, 29.99036], [-95.64686, 29.99008], [-95.65029, 29.99015], [-95.65241, 29.98841], [-95.65378, 29.98851], [-95.65437, 29.98711], [-95.65449, 29.98575], [-95.65616, 29.98523], [-95.6585, 29.98361], [-95.66061, 29.98263], [-95.67203, 29.97816], [-95.67596, 29.97645], [-95.67748, 29.97595], [-95.68723, 29.97345], [-95.68719, 29.96737], [-95.68699, 29.96425], [-95.68772, 29.96305]]]}, "properties": {"GEOID": "48201554401", "LILATracts_1And10": 0, "LILATracts_halfAnd10": 0, "LILATracts_Vehicle": 0, "LowIncomeTracts": 0, "LA1and10": 1, "lowincome_lowaccess_share": 7.0965, "pct_zero_car": 0.0166}}, {"type": "Feature", "geometry": {"type": "Polygon", "coordinates": [[[-95.69759, 30.04397], [-95.69736, 30.0246], [-95.68585, 30.02466], [-95.6827, 30.02426], [-95.66495, 30.02437], [-95.66175, 30.0251], [-95.65316, 30.02514], [-95.65214, 30.0249], [-95.6445, 30.01863], [-95.64234, 30.01828], [-95.64237, 30.01192], [-95.64145, 30.01062], [-95.64144, 30.00682], [-95.64124, 30.00658], [-95.6356, 30.00429], [-95.63318, 30.00567], [-95.62693, 30.0058], [-95.62635, 30.00589], [-95.61766, 30.01229], [-95.61669, 30.01264], [-95.6127, 30.01288], [-95.60798, 30.01272], [-95.59002, 30.01309], [-95.59394, 30.01916], [-95.59907, 30.02758], [-95.601, 30.03126], [-95.60393, 30.03653], [-95.60426, 30.0364], [-95.60591, 30.03902], [-95.6085, 30.04256], [-95.61186, 30.04666], [-95.61444, 30.05052], [-95.61622, 30.05419], [-95.61708, 30.05705], [-95.61763, 30.05829], [-95.61929, 30.06066], [-95.62063, 30.06312], [-95.6211, 30.06294], [-95.62228, 30.06383], [-95.62391, 30.06406], [-95.62501, 30.06379], [-95.62654, 30.06247], [-95.62898, 30.06167], [-95.63015, 30.06027], [-95.6319, 30.05984], [-95.63379, 30.05901], [-95.63611, 30.05908], [-95.63693, 30.05845], [-95.63895, 30.05628], [-95.64074, 30.05545], [-95.64315, 30.05317], [-95.64582, 30.05301], [-95.64768, 30.05318], [-95.65396, 30.0521], [-95.65955, 30.05051], [-95.66781, 30.04866], [-95.67028, 30.04821], [-95.67441, 30.04718], [-95.67945, 30.04677], [-95.68434, 30.04654], [-95.68637, 30.04667], [-95.6902, 30.04645], [-95.6933, 30.04526], [-95.69468, 30.04448], [-95.69759, 30.04397]]]}, "properties": {"GEOID": "48201555502", "LILATracts_1And10": 0, "LILATracts_halfAnd10": 0, "LILATracts_Vehicle": 0, "LowIncomeTracts": 0, "LA1and10": 1, "lowincome_lowaccess_share": 9.4899, "pct_zero_car": 0.0119}}, {"type": "Feature", "geometry": {"type": "Polygon", "coordinates": [[[-95.33097, 29.92072], [-95.33097, 29.91775], [-95.33145, 29.91619], [-95.33158, 29.91478], [-95.33138, 29.91123], [-95.32679, 29.91126], [-95.32362, 29.91074], [-95.32347, 29.90281], [-95.31354, 29.90295], [-95.31174, 29.90276], [-95.31123, 29.90445], [-95.30868, 29.91537], [-95.30783, 29.91735], [-95.30712, 29.91843], [-95.30946, 29.91845], [-95.31221, 29.91916], [-95.31516, 29.91913], [-95.31745, 29.91955], [-95.32555, 29.91925], [-95.3278, 29.91955], [-95.32931, 29.92044], [-95.33097, 29.92072]]]}, "properties": {"GEOID": "48201223001", "LILATracts_1And10": 0, "LILATracts_halfAnd10": 1, "LILATracts_Vehicle": 0, "LowIncomeTracts": 1, "LA1and10": 0, "lowincome_lowaccess_share": 15.0256, "pct_zero_car": 0.0751}}, {"type": "Feature", "geometry": {"type": "Polygon", "coordinates": [[[-95.51832, 29.62659], [-95.52105, 29.62548], [-95.50863, 29.61973], [-95.49993, 29.61574], [-95.49504, 29.61339], [-95.49277, 29.61661], [-95.49213, 29.61659], [-95.49104, 29.6184], [-95.48885, 29.62284], [-95.48711, 29.62429], [-95.48404, 29.62574], [-95.48239, 29.62749], [-95.48225, 29.62841], [-95.48204, 29.62864], [-95.48203, 29.63141], [-95.4822, 29.6314], [-95.48245, 29.63739], [-95.48234, 29.64027], [-95.4855, 29.6391], [-95.49317, 29.6361], [-95.50195, 29.63283], [-95.50754, 29.63062], [-95.50758, 29.63098], [-95.51436, 29.62841], [-95.51434, 29.62808], [-95.51832, 29.62659]]]}, "properties": {"GEOID": "48201330303", "LILATracts_1And10": 1, "LILATracts_halfAnd10": 1, "LILATracts_Vehicle": 0, "LowIncomeTracts": 1, "LA1and10": 1, "lowincome_lowaccess_share": 42.7349, "pct_zero_car": 0.0381}}, {"type": "Feature", "geometry": {"type": "Polygon", "coordinates": [[[-95.24757, 29.60075], [-95.24788, 29.60061], [-95.23767, 29.60064], [-95.23578, 29.60069], [-95.21752, 29.60095], [-95.21599, 29.60104], [-95.21647, 29.60453], [-95.21735, 29.60622], [-95.21804, 29.607], [-95.22142, 29.60985], [-95.22302, 29.61218], [-95.22439, 29.61174], [-95.22647, 29.61143], [-95.23808, 29.61122], [-95.24124, 29.6083], [-95.2406, 29.60719], [-95.24757, 29.60075]]]}, "properties": {"GEOID": "48201334003", "LILATracts_1And10": 0, "LILATracts_halfAnd10": 0, "LILATracts_Vehicle": 0, "LowIncomeTracts": 0, "LA1and10": 0, "lowincome_lowaccess_share": 4.3576, "pct_zero_car": 0.0381}}, {"type": "Feature", "geometry": {"type": "Polygon", "coordinates": [[[-95.08843, 29.70318], [-95.08833, 29.70038], [-95.08812, 29.69015], [-95.08789, 29.68499], [-95.08781, 29.67982], [-95.08771, 29.6746], [-95.0596, 29.67516], [-95.04656, 29.67537], [-95.04638, 29.665], [-95.03917, 29.66514], [-95.03944, 29.68114], [-95.03962, 29.6844], [-95.03887, 29.68584], [-95.03759, 29.68669], [-95.03662, 29.68674], [-95.04694, 29.68988], [-95.04697, 29.69073], [-95.05382, 29.69271], [-95.06189, 29.69514], [-95.0647, 29.69608], [-95.07043, 29.69782], [-95.07611, 29.69945], [-95.08843, 29.70318]]]}, "properties": {"GEOID": "48201343301", "LILATracts_1And10": 0, "LILATracts_halfAnd10": 0, "LILATracts_Vehicle": 0, "LowIncomeTracts": 0, "LA1and10": 1, "lowincome_lowaccess_share": 36.109, "pct_zero_car": 0.0}}, {"type": "Feature", "geometry": {"type": "Polygon", "coordinates": [[[-95.34027, 29.77725], [-95.34045, 29.77169], [-95.34116, 29.76964], [-95.33862, 29.76906], [-95.33624, 29.76919], [-95.32482, 29.77353], [-95.32294, 29.77416], [-95.3203, 29.77441], [-95.31517, 29.77442], [-95.31535, 29.77645], [-95.31587, 29.77835], [-95.31591, 29.78676], [-95.31592, 29.78761], [-95.32587, 29.78334], [-95.33794, 29.77827], [-95.34027, 29.77725]]]}, "properties": {"GEOID": "48201211300", "LILATracts_1And10": 0, "LILATracts_halfAnd10": 1, "LILATracts_Vehicle": 1, "LowIncomeTracts": 1, "LA1and10": 0, "lowincome_lowaccess_share": 17.0735, "pct_zero_car": 0.3027}}, {"type": "Feature", "geometry": {"type": "Polygon", "coordinates": [[[-95.83058, 29.80042], [-95.82969, 29.79781], [-95.82831, 29.79454], [-95.82781, 29.79263], [-95.82622, 29.78828], [-95.82257, 29.78618], [-95.81247, 29.78059], [-95.80861, 29.78412], [-95.8061, 29.7851], [-95.80448, 29.78529], [-95.80177, 29.78525], [-95.80173, 29.7862], [-95.80184, 29.80172], [-95.809, 29.80165], [-95.81098, 29.80157], [-95.81989, 29.80159], [-95.82496, 29.80151], [-95.82497, 29.80044], [-95.83058, 29.80042]]]}, "properties": {"GEOID": "48201542700", "LILATracts_1And10": 0, "LILATracts_halfAnd10": 0, "LILATracts_Vehicle": 0, "LowIncomeTracts": 0, "LA1and10": 0, "lowincome_lowaccess_share": 17.9691, "pct_zero_car": 0.0652}}, {"type": "Feature", "geometry": {"type": "Polygon", "coordinates": [[[-95.55353, 29.99268], [-95.55362, 29.99226], [-95.55563, 29.99311], [-95.5558, 29.9918], [-95.55837, 29.99163], [-95.55853, 29.99081], [-95.56059, 29.99021], [-95.55998, 29.98874], [-95.55962, 29.98644], [-95.56126, 29.98634], [-95.56183, 29.98525], [-95.56401, 29.98536], [-95.56499, 29.98461], [-95.56603, 29.98491], [-95.56679, 29.98448], [-95.568, 29.9856], [-95.57008, 29.98577], [-95.56729, 29.98167], [-95.56286, 29.97357], [-95.56168, 29.97191], [-95.55999, 29.97015], [-95.55621, 29.96748], [-95.55205, 29.96464], [-95.55192, 29.96481], [-95.5492, 29.96291], [-95.54705, 29.96121], [-95.54561, 29.96246], [-95.5435, 29.96386], [-95.53846, 29.96616], [-95.54259, 29.97339], [-95.55353, 29.99268]]]}, "properties": {"GEOID": "48201552700", "LILATracts_1And10": 0, "LILATracts_halfAnd10": 0, "LILATracts_Vehicle": 0, "LowIncomeTracts": 0, "LA1and10": 0, "lowincome_lowaccess_share": 26.9375, "pct_zero_car": 0.0893}}, {"type": "Feature", "geometry": {"type": "Polygon", "coordinates": [[[-95.46764, 29.88329], [-95.46772, 29.88145], [-95.46897, 29.87964], [-95.46832, 29.87858], [-95.46823, 29.87768], [-95.46673, 29.87637], [-95.46612, 29.8754], [-95.46676, 29.87457], [-95.46844, 29.87378], [-95.47037, 29.8714], [-95.47027, 29.87005], [-95.46934, 29.86826], [-95.46241, 29.8705], [-95.46125, 29.87064], [-95.45424, 29.87064], [-95.44913, 29.87072], [-95.43662, 29.87076], [-95.44035, 29.87423], [-95.44603, 29.87992], [-95.45066, 29.88469], [-95.45178, 29.88414], [-95.45437, 29.88335], [-95.45674, 29.88305], [-95.46441, 29.88298], [-95.46764, 29.88329]]]}, "properties": {"GEOID": "48201533100", "LILATracts_1And10": 1, "LILATracts_halfAnd10": 1, "LILATracts_Vehicle": 1, "LowIncomeTracts": 1, "LA1and10": 1, "lowincome_lowaccess_share": 43.4098, "pct_zero_car": 0.1245}}, {"type": "Feature", "geometry": {"type": "Polygon", "coordinates": [[[-95.46934, 29.86826], [-95.46861, 29.8673], [-95.46732, 29.86676], [-95.46679, 29.86599], [-95.46683, 29.86332], [-95.46155, 29.86345], [-95.45382, 29.86346], [-95.45154, 29.86317], [-95.44909, 29.86314], [-95.4464, 29.86348], [-95.42942, 29.86358], [-95.42817, 29.86359], [-95.42945, 29.86467], [-95.43435, 29.86865], [-95.43662, 29.87076], [-95.44913, 29.87072], [-95.45424, 29.87064], [-95.46125, 29.87064], [-95.46241, 29.8705], [-95.46934, 29.86826]]]}, "properties": {"GEOID": "48201533200", "LILATracts_1And10": 1, "LILATracts_halfAnd10": 1, "LILATracts_Vehicle": 0, "LowIncomeTracts": 1, "LA1and10": 1, "lowincome_lowaccess_share": 46.6023, "pct_zero_car": 0.097}}, {"type": "Feature", "geometry": {"type": "Polygon", "coordinates": [[[-95.42175, 29.88831], [-95.42462, 29.88674], [-95.42638, 29.88636], [-95.43115, 29.88627], [-95.43113, 29.88559], [-95.42998, 29.88564], [-95.42976, 29.87797], [-95.42955, 29.86602], [-95.42945, 29.86467], [-95.42817, 29.86359], [-95.41425, 29.86861], [-95.41275, 29.86918], [-95.41047, 29.86984], [-95.40792, 29.86987], [-95.41023, 29.8736], [-95.41305, 29.87697], [-95.41749, 29.88287], [-95.42175, 29.88831]]]}, "properties": {"GEOID": "48201533300", "LILATracts_1And10": 0, "LILATracts_halfAnd10": 1, "LILATracts_Vehicle": 1, "LowIncomeTracts": 1, "LA1and10": 0, "lowincome_lowaccess_share": 28.2096, "pct_zero_car": 0.184}}, {"type": "Feature", "geometry": {"type": "Polygon", "coordinates": [[[-95.34116, 29.76964], [-95.34195, 29.7689], [-95.34325, 29.76828], [-95.3465, 29.76714], [-95.34768, 29.76651], [-95.34678, 29.76616], [-95.3466, 29.76557], [-95.34661, 29.76263], [-95.34584, 29.762], [-95.34343, 29.76216], [-95.34064, 29.76134], [-95.33857, 29.76209], [-95.33764, 29.76219], [-95.33602, 29.76175], [-95.33462, 29.76168], [-95.33337, 29.76101], [-95.33346, 29.75929], [-95.3331, 29.75861], [-95.33193, 29.75851], [-95.33047, 29.75951], [-95.32887, 29.75984], [-95.32621, 29.75992], [-95.32518, 29.75965], [-95.32298, 29.75733], [-95.32005, 29.75612], [-95.3181, 29.75906], [-95.31548, 29.76363], [-95.31541, 29.77163], [-95.3151, 29.77264], [-95.31517, 29.77442], [-95.3203, 29.77441], [-95.32294, 29.77416], [-95.32482, 29.77353], [-95.33624, 29.76919], [-95.33862, 29.76906], [-95.34116, 29.76964]]]}, "properties": {"GEOID": "48201211400", "LILATracts_1And10": 0, "LILATracts_halfAnd10": 1, "LILATracts_Vehicle": 1, "LowIncomeTracts": 1, "LA1and10": 0, "lowincome_lowaccess_share": 50.4145, "pct_zero_car": 0.1556}}, {"type": "Feature", "geometry": {"type": "Polygon", "coordinates": [[[-95.32965, 29.74212], [-95.32552, 29.74083], [-95.31425, 29.73726], [-95.31039, 29.74288], [-95.3078, 29.74673], [-95.30389, 29.75236], [-95.30291, 29.75395], [-95.30419, 29.75554], [-95.30529, 29.75583], [-95.3068, 29.755], [-95.30826, 29.75461], [-95.30945, 29.75469], [-95.3122, 29.75541], [-95.31384, 29.75551], [-95.31574, 29.75475], [-95.3181, 29.75503], [-95.32005, 29.75612], [-95.32056, 29.75564], [-95.3255, 29.74906], [-95.32717, 29.74697], [-95.32859, 29.7435], [-95.32965, 29.74212]]]}, "properties": {"GEOID": "48201310500", "LILATracts_1And10": 0, "LILATracts_halfAnd10": 1, "LILATracts_Vehicle": 1, "LowIncomeTracts": 1, "LA1and10": 0, "lowincome_lowaccess_share": 53.4384, "pct_zero_car": 0.1336}}, {"type": "Feature", "geometry": {"type": "Polygon", "coordinates": [[[-95.17681, 30.02713], [-95.18054, 30.01744], [-95.18084, 30.01618], [-95.1807, 30.01453], [-95.17996, 30.01272], [-95.17846, 30.01107], [-95.17596, 30.00933], [-95.17464, 30.00884], [-95.16888, 30.00758], [-95.16696, 30.00675], [-95.16526, 30.0053], [-95.16428, 30.00367], [-95.16227, 29.99858], [-95.15951, 29.99956], [-95.14622, 30.00756], [-95.14239, 30.00936], [-95.13172, 30.01286], [-95.13291, 30.01692], [-95.13205, 30.02116], [-95.13676, 30.02182], [-95.14189, 30.02093], [-95.14568, 30.02207], [-95.14788, 30.02431], [-95.15208, 30.03354], [-95.1562, 30.03661], [-95.16584, 30.03152], [-95.16826, 30.03053], [-95.17427, 30.02892], [-95.17653, 30.02732], [-95.17681, 30.02713]]]}, "properties": {"GEOID": "48201250800", "LILATracts_1And10": 0, "LILATracts_halfAnd10": 0, "LILATracts_Vehicle": 0, "LowIncomeTracts": 0, "LA1and10": 1, "lowincome_lowaccess_share": 8.8988, "pct_zero_car": 0.0067}}, {"type": "Feature", "geometry": {"type": "Polygon", "coordinates": [[[-95.21621, 30.04894], [-95.21777, 30.0455], [-95.21881, 30.04176], [-95.21896, 30.03917], [-95.21788, 30.03538], [-95.21711, 30.03375], [-95.21338, 30.02796], [-95.21199, 30.02556], [-95.21179, 30.02404], [-95.21094, 30.02409], [-95.20672, 30.0253], [-95.2046, 30.02608], [-95.20084, 30.02604], [-95.19777, 30.02461], [-95.19288, 30.02317], [-95.18702, 30.02209], [-95.1833, 30.02162], [-95.1809, 30.0218], [-95.17909, 30.02315], [-95.17755, 30.02661], [-95.17681, 30.02713], [-95.17653, 30.02732], [-95.17443, 30.0325], [-95.17414, 30.03513], [-95.17464, 30.03686], [-95.17711, 30.0415], [-95.18124, 30.04551], [-95.18251, 30.04702], [-95.18421, 30.05002], [-95.18799, 30.04841], [-95.18903, 30.04753], [-95.19032, 30.0456], [-95.19113, 30.04484], [-95.19315, 30.04382], [-95.19442, 30.04351], [-95.19848, 30.04301], [-95.20155, 30.0435], [-95.20753, 30.04572], [-95.21102, 30.04659], [-95.21384, 30.04802], [-95.21621, 30.04894]]]}, "properties": {"GEOID": "48201251000", "LILATracts_1And10": 0, "LILATracts_halfAnd10": 0, "LILATracts_Vehicle": 0, "LowIncomeTracts": 0, "LA1and10": 1, "lowincome_lowaccess_share": 14.3008, "pct_zero_car": 0.0493}}, {"type": "Feature", "geometry": {"type": "Polygon", "coordinates": [[[-95.24192, 30.04976], [-95.24971, 30.04362], [-95.25449, 30.03991], [-95.26385, 30.03236], [-95.26313, 30.03211], [-95.2622, 30.03106], [-95.26168, 30.02988], [-95.26125, 30.02791], [-95.25899, 30.02662], [-95.25446, 30.02647], [-95.25307, 30.02618], [-95.2499, 30.02628], [-95.24529, 30.02622], [-95.24222, 30.02415], [-95.23932, 30.02202], [-95.23606, 30.02017], [-95.23139, 30.01875], [-95.22761, 30.01911], [-95.22618, 30.01956], [-95.22277, 30.02267], [-95.21966, 30.02393], [-95.21776, 30.02433], [-95.21273, 30.02399], [-95.21179, 30.02404], [-95.21199, 30.02556], [-95.21338, 30.02796], [-95.21711, 30.03375], [-95.21788, 30.03538], [-95.21896, 30.03917], [-95.21881, 30.04176], [-95.21777, 30.0455], [-95.21621, 30.04894], [-95.21953, 30.05023], [-95.22311, 30.0509], [-95.22664, 30.05107], [-95.22862, 30.05096], [-95.23133, 30.04988], [-95.23296, 30.04946], [-95.23914, 30.04931], [-95.24192, 30.04976]]]}, "properties": {"GEOID": "48201251100", "LILATracts_1And10": 0, "LILATracts_halfAnd10": 0, "LILATracts_Vehicle": 0, "LowIncomeTracts": 0, "LA1and10": 1, "lowincome_lowaccess_share": 17.9782, "pct_zero_car": 0.0262}}, {"type": "Feature", "geometry": {"type": "Polygon", "coordinates": [[[-95.24192, 30.04976], [-95.23914, 30.04931], [-95.23296, 30.04946], [-95.23133, 30.04988], [-95.22862, 30.05096], [-95.22664, 30.05107], [-95.22311, 30.0509], [-95.21953, 30.05023], [-95.21621, 30.04894], [-95.21394, 30.05347], [-95.21293, 30.05595], [-95.21233, 30.05791], [-95.21155, 30.06226], [-95.21135, 30.06847], [-95.21906, 30.06848], [-95.21971, 30.06782], [-95.22704, 30.06195], [-95.23289, 30.057], [-95.23386, 30.05635], [-95.23963, 30.05154], [-95.24192, 30.04976]]]}, "properties": {"GEOID": "48201251200", "LILATracts_1And10": 0, "LILATracts_halfAnd10": 0, "LILATracts_Vehicle": 0, "LowIncomeTracts": 0, "LA1and10": 0, "lowincome_lowaccess_share": 20.7486, "pct_zero_car": 0.0208}}, {"type": "Feature", "geometry": {"type": "Polygon", "coordinates": [[[-95.50086, 29.81091], [-95.50089, 29.80302], [-95.49556, 29.80304], [-95.48483, 29.80284], [-95.48499, 29.81057], [-95.48732, 29.81069], [-95.4917, 29.8107], [-95.49435, 29.81104], [-95.50086, 29.81091]]]}, "properties": {"GEOID": "48201520602", "LILATracts_1And10": 0, "LILATracts_halfAnd10": 0, "LILATracts_Vehicle": 0, "LowIncomeTracts": 1, "LA1and10": 0, "lowincome_lowaccess_share": null, "pct_zero_car": 0.0654}}, {"type": "Feature", "geometry": {"type": "Polygon", "coordinates": [[[-95.67631, 29.94715], [-95.68588, 29.92721], [-95.68639, 29.92565], [-95.686, 29.90852], [-95.68445, 29.90846], [-95.68285, 29.90807], [-95.67994, 29.90688], [-95.67776, 29.90634], [-95.67542, 29.90611], [-95.67093, 29.90608], [-95.66961, 29.90584], [-95.6685, 29.90813], [-95.66796, 29.9105], [-95.66844, 29.91313], [-95.66846, 29.91856], [-95.66774, 29.9208], [-95.66692, 29.92221], [-95.66352, 29.92707], [-95.66259, 29.92912], [-95.66226, 29.93202], [-95.66279, 29.93396], [-95.66358, 29.93523], [-95.66625, 29.9381], [-95.66724, 29.93972], [-95.66897, 29.94343], [-95.67034, 29.94472], [-95.67146, 29.94536], [-95.6742, 29.94649], [-95.67631, 29.94715]]]}, "properties": {"GEOID": "48201541003", "LILATracts_1And10": 0, "LILATracts_halfAnd10": 0, "LILATracts_Vehicle": 0, "LowIncomeTracts": 0, "LA1and10": 1, "lowincome_lowaccess_share": 4.7633, "pct_zero_car": 0.0106}}, {"type": "Feature", "geometry": {"type": "Polygon", "coordinates": [[[-95.72498, 30.022], [-95.72492, 30.01613], [-95.72475, 30.01238], [-95.72472, 30.00335], [-95.72464, 29.99751], [-95.72448, 29.99679], [-95.71745, 29.98153], [-95.71671, 29.98048], [-95.71644, 29.97908], [-95.70832, 29.97598], [-95.70516, 29.97504], [-95.69973, 29.97381], [-95.69951, 29.97467], [-95.69922, 29.97983], [-95.69942, 29.99318], [-95.69935, 29.99614], [-95.6979, 29.99777], [-95.69761, 29.99858], [-95.69766, 30.00154], [-95.69785, 30.00314], [-95.69793, 30.01264], [-95.69742, 30.01604], [-95.69813, 30.01499], [-95.69921, 30.01463], [-95.69956, 30.01556], [-95.70035, 30.01565], [-95.70033, 30.01488], [-95.70201, 30.01444], [-95.70219, 30.01588], [-95.70311, 30.01662], [-95.70429, 30.01605], [-95.70656, 30.01788], [-95.70702, 30.01847], [-95.70799, 30.01842], [-95.70885, 30.01766], [-95.71139, 30.0188], [-95.71407, 30.01847], [-95.71693, 30.01956], [-95.71696, 30.02103], [-95.71825, 30.02119], [-95.71951, 30.02093], [-95.72033, 30.02184], [-95.721, 30.02201], [-95.72105, 30.0213], [-95.72227, 30.02138], [-95.72318, 30.02082], [-95.72498, 30.022]]]}, "properties": {"GEOID": "48201554403", "LILATracts_1And10": 0, "LILATracts_halfAnd10": 0, "LILATracts_Vehicle": 0, "LowIncomeTracts": 0, "LA1and10": 1, "lowincome_lowaccess_share": 8.021, "pct_zero_car": 0.0187}}, {"type": "Feature", "geometry": {"type": "Polygon", "coordinates": [[[-95.69742, 30.01604], [-95.69793, 30.01264], [-95.69785, 30.00314], [-95.69766, 30.00154], [-95.69761, 29.99858], [-95.6979, 29.99777], [-95.69935, 29.99614], [-95.69942, 29.99318], [-95.69922, 29.97983], [-95.69951, 29.97467], [-95.69973, 29.97381], [-95.6967, 29.97297], [-95.69451, 29.97183], [-95.69294, 29.97057], [-95.69117, 29.96827], [-95.68983, 29.96545], [-95.68915, 29.96442], [-95.68772, 29.96305], [-95.68699, 29.96425], [-95.68719, 29.96737], [-95.68723, 29.97345], [-95.67748, 29.97595], [-95.67596, 29.97645], [-95.67203, 29.97816], [-95.66061, 29.98263], [-95.6585, 29.98361], [-95.65616, 29.98523], [-95.65449, 29.98575], [-95.65437, 29.98711], [-95.65378, 29.98851], [-95.65513, 29.98909], [-95.65536, 29.99041], [-95.6571, 29.99054], [-95.65777, 29.99091], [-95.65745, 29.99315], [-95.65942, 29.99414], [-95.66027, 29.99501], [-95.66152, 29.99496], [-95.66192, 29.99572], [-95.66214, 29.99751], [-95.66329, 29.99942], [-95.66577, 29.99922], [-95.66544, 30.0002], [-95.66585, 30.00086], [-95.66687, 30.00102], [-95.66702, 30.00263], [-95.67621, 30.00941], [-95.67694, 30.01072], [-95.67945, 30.01208], [-95.68001, 30.01099], [-95.68119, 30.01084], [-95.68186, 30.01145], [-95.68313, 30.01147], [-95.68401, 30.01238], [-95.68711, 30.01223], [-95.69035, 30.01422], [-95.69144, 30.01466], [-95.69742, 30.01604]]]}, "properties": {"GEOID": "48201554402", "LILATracts_1And10": 0, "LILATracts_halfAnd10": 0, "LILATracts_Vehicle": 0, "LowIncomeTracts": 0, "LA1and10": 1, "lowincome_lowaccess_share": 22.4465, "pct_zero_car": 0.0127}}, {"type": "Feature", "geometry": {"type": "Polygon", "coordinates": [[[-95.7768, 29.78518], [-95.77679, 29.77984], [-95.77714, 29.77527], [-95.77623, 29.77515], [-95.77423, 29.77302], [-95.7729, 29.77395], [-95.77117, 29.77481], [-95.76883, 29.77514], [-95.76144, 29.77518], [-95.75659, 29.77475], [-95.75177, 29.77475], [-95.75187, 29.7851], [-95.75387, 29.78508], [-95.76243, 29.78529], [-95.7768, 29.78518]]]}, "properties": {"GEOID": "48201455200", "LILATracts_1And10": 0, "LILATracts_halfAnd10": 0, "LILATracts_Vehicle": 0, "LowIncomeTracts": 0, "LA1and10": 1, "lowincome_lowaccess_share": 12.3896, "pct_zero_car": 0.0}}, {"type": "Feature", "geometry": {"type": "Polygon", "coordinates": [[[-95.81247, 29.78059], [-95.80168, 29.77459], [-95.78685, 29.76627], [-95.78096, 29.76293], [-95.77609, 29.76053], [-95.77609, 29.76686], [-95.77616, 29.76777], [-95.77709, 29.77238], [-95.77714, 29.77527], [-95.77679, 29.77984], [-95.7768, 29.78518], [-95.79129, 29.78539], [-95.80177, 29.78525], [-95.80448, 29.78529], [-95.8061, 29.7851], [-95.80861, 29.78412], [-95.81247, 29.78059]]]}, "properties": {"GEOID": "48201455300", "LILATracts_1And10": 0, "LILATracts_halfAnd10": 0, "LILATracts_Vehicle": 0, "LowIncomeTracts": 0, "LA1and10": 1, "lowincome_lowaccess_share": 15.6326, "pct_zero_car": 0.0386}}, {"type": "Feature", "geometry": {"type": "Polygon", "coordinates": [[[-95.78196, 30.00433], [-95.78681, 30.00569], [-95.79371, 30.00834], [-95.80478, 30.0124], [-95.81523, 30.01669], [-95.81522, 30.01606], [-95.81513, 29.99622], [-95.81447, 29.99553], [-95.80909, 29.9956], [-95.80931, 29.99492], [-95.80918, 29.98824], [-95.8082, 29.94406], [-95.80818, 29.94109], [-95.80775, 29.92183], [-95.80753, 29.90397], [-95.80724, 29.87492], [-95.77383, 29.87515], [-95.75719, 29.87526], [-95.75016, 29.87527], [-95.74819, 29.87573], [-95.74665, 29.87653], [-95.74423, 29.87865], [-95.74218, 29.87948], [-95.74081, 29.87962], [-95.72384, 29.8797], [-95.72387, 29.8818], [-95.72333, 29.8837], [-95.72259, 29.88478], [-95.71967, 29.88729], [-95.7187, 29.88884], [-95.71834, 29.89067], [-95.71841, 29.89447], [-95.71839, 29.8969], [-95.71946, 29.90181], [-95.71993, 29.9051], [-95.72507, 29.91065], [-95.72553, 29.91219], [-95.72707, 29.92085], [-95.72883, 29.92302], [-95.72992, 29.92528], [-95.73041, 29.92766], [-95.73057, 29.93004], [-95.73017, 29.94222], [-95.72639, 29.94711], [-95.72536, 29.94804], [-95.71776, 29.94809], [-95.71793, 29.9563], [-95.71762, 29.95911], [-95.72014, 29.96071], [-95.72045, 29.97941], [-95.72006, 29.98044], [-95.7336, 29.98557], [-95.741, 29.98867], [-95.74625, 29.99045], [-95.75103, 29.99223], [-95.75436, 29.99337], [-95.75922, 29.99528], [-95.76248, 29.99646], [-95.77347, 30.00067], [-95.77668, 30.00199], [-95.77395, 30.00118], [-95.77796, 30.00283], [-95.78196, 30.00433]]]}, "properties": {"GEOID": "48201543001", "LILATracts_1And10": 0, "LILATracts_halfAnd10": 0, "LILATracts_Vehicle": 0, "LowIncomeTracts": 0, "LA1and10": 0, "lowincome_lowaccess_share": 11.0939, "pct_zero_car": 0.0077}}, {"type": "Feature", "geometry": {"type": "Polygon", "coordinates": [[[-95.5414, 30.17028], [-95.54294, 30.17048], [-95.54495, 30.16899], [-95.5457, 30.16953], [-95.54718, 30.16905], [-95.54813, 30.17006], [-95.5484, 30.16929], [-95.54921, 30.16944], [-95.54987, 30.17018], [-95.55142, 30.17061], [-95.55295, 30.1699], [-95.55297, 30.16884], [-95.55533, 30.16731], [-95.55598, 30.16737], [-95.55686, 30.16583], [-95.55735, 30.16588], [-95.55743, 30.16489], [-95.55804, 30.16553], [-95.55859, 30.16497], [-95.5585, 30.16395], [-95.55925, 30.16311], [-95.55823, 30.16253], [-95.55858, 30.16163], [-95.55771, 30.16163], [-95.55737, 30.16104], [-95.56025, 30.15833], [-95.56063, 30.15941], [-95.56213, 30.15884], [-95.56268, 30.16026], [-95.56336, 30.16007], [-95.56519, 30.16068], [-95.56595, 30.1605], [-95.56725, 30.1592], [-95.56805, 30.15924], [-95.56803, 30.15851], [-95.56992, 30.15741], [-95.56929, 30.15653], [-95.57026, 30.15621], [-95.57051, 30.15557], [-95.56984, 30.15364], [-95.5718, 30.15271], [-95.5719, 30.15178], [-95.57366, 30.15155], [-95.57423, 30.152], [-95.57535, 30.15169], [-95.57595, 30.15083], [-95.5775, 30.15011], [-95.57862, 30.15019], [-95.58061, 30.14991], [-95.58228, 30.1482], [-95.58226, 30.14744], [-95.58294, 30.14755], [-95.58423, 30.14656], [-95.58414, 30.14548], [-95.58519, 30.1448], [-95.58546, 30.14201], [-95.58689, 30.1409], [-95.58688, 30.14011], [-95.5881, 30.13783], [-95.59028, 30.13673], [-95.59096, 30.13663], [-95.59193, 30.13562], [-95.59331, 30.13531], [-95.59413, 30.13557], [-95.59447, 30.13435], [-95.59501, 30.13513], [-95.59739, 30.13426], [-95.59738, 30.13358], [-95.60018, 30.13337], [-95.60113, 30.13278], [-95.60216, 30.13366], [-95.60187, 30.13296], [-95.60315, 30.13383], [-95.60366, 30.13347], [-95.60442, 30.13391], [-95.60551, 30.13359], [-95.60597, 30.13445], [-95.60628, 30.13399], [-95.60808, 30.13422], [-95.6111, 30.13505], [-95.61219, 30.13488], [-95.61349, 30.13541], [-95.61607, 30.13497], [-95.61687, 30.13572], [-95.61734, 30.13501], [-95.61856, 30.13531], [-95.61892, 30.13591], [-95.61963, 30.13549], [-95.60786, 30.12879], [-95.60026, 30.12455], [-95.59226, 30.12002], [-95.57226, 30.10876], [-95.56928, 30.10791], [-95.56532, 30.10718], [-95.54999, 30.10447], [-95.54736, 30.10397], [-95.54665, 30.10547], [-95.55341, 30.11125], [-95.55439, 30.1131], [-95.55462, 30.11433], [-95.55393, 30.12574], [-95.55358, 30.13077], [-95.55347, 30.13542], [-95.55259, 30.13779], [-95.55169, 30.13892], [-95.55105, 30.14024], [-95.54987, 30.14667], [-95.54972, 30.14824], [-95.54985, 30.15048], [-95.54926, 30.15394], [-95.54819, 30.15874], [-95.54762, 30.16181], [-95.54713, 30.16335], [-95.54634, 30.16447], [-95.5436, 30.16706], [-95.5414, 30.17028]]]}, "properties": {"GEOID": "48201555303", "LILATracts_1And10": 0, "LILATracts_halfAnd10": 0, "LILATracts_Vehicle": 0, "LowIncomeTracts": 0, "LA1and10": 0, "lowincome_lowaccess_share": 7.0909, "pct_zero_car": 0.0123}}, {"type": "Feature", "geometry": {"type": "Polygon", "coordinates": [[[-95.5414, 30.17028], [-95.5436, 30.16706], [-95.54634, 30.16447], [-95.54713, 30.16335], [-95.54762, 30.16181], [-95.54819, 30.15874], [-95.54926, 30.15394], [-95.54985, 30.15048], [-95.54972, 30.14824], [-95.54987, 30.14667], [-95.55105, 30.14024], [-95.55169, 30.13892], [-95.55259, 30.13779], [-95.55347, 30.13542], [-95.55358, 30.13077], [-95.55393, 30.12574], [-95.55462, 30.11433], [-95.55439, 30.1131], [-95.55341, 30.11125], [-95.55052, 30.11378], [-95.54758, 30.11487], [-95.54521, 30.11496], [-95.54283, 30.11442], [-95.54208, 30.11386], [-95.54057, 30.11372], [-95.53955, 30.11476], [-95.53922, 30.11622], [-95.53836, 30.11681], [-95.53386, 30.11903], [-95.53154, 30.12164], [-95.53014, 30.1253], [-95.52835, 30.12667], [-95.52682, 30.12726], [-95.52383, 30.12749], [-95.52198, 30.12726], [-95.51901, 30.1261], [-95.51762, 30.12516], [-95.51608, 30.12354], [-95.5109, 30.12029], [-95.51023, 30.12012], [-95.50624, 30.12011], [-95.50595, 30.12153], [-95.50594, 30.12721], [-95.50584, 30.13071], [-95.50501, 30.13252], [-95.50492, 30.1333], [-95.50481, 30.13953], [-95.50489, 30.14079], [-95.50443, 30.14377], [-95.5047, 30.14513], [-95.50676, 30.14559], [-95.50691, 30.14622], [-95.50892, 30.14736], [-95.50969, 30.14847], [-95.51085, 30.14871], [-95.51255, 30.14957], [-95.51309, 30.15039], [-95.5146, 30.15119], [-95.5152, 30.15117], [-95.51616, 30.15269], [-95.51687, 30.15318], [-95.5172, 30.15419], [-95.51853, 30.1534], [-95.51857, 30.15218], [-95.52, 30.1529], [-95.51957, 30.1536], [-95.52074, 30.15404], [-95.52096, 30.15494], [-95.52222, 30.15497], [-95.52227, 30.15637], [-95.52321, 30.15706], [-95.52356, 30.15785], [-95.52303, 30.15837], [-95.52436, 30.15874], [-95.52393, 30.16141], [-95.52455, 30.16209], [-95.52498, 30.16335], [-95.52633, 30.16348], [-95.52806, 30.16495], [-95.52911, 30.16483], [-95.52953, 30.16582], [-95.53045, 30.16577], [-95.53163, 30.16459], [-95.53168, 30.16511], [-95.53407, 30.1666], [-95.5339, 30.16717], [-95.53509, 30.1675], [-95.53472, 30.16807], [-95.53605, 30.16845], [-95.53685, 30.16826], [-95.537, 30.16923], [-95.5387, 30.16854], [-95.53951, 30.1694], [-95.5414, 30.17028]]]}, "properties": {"GEOID": "48201555302", "LILATracts_1And10": 0, "LILATracts_halfAnd10": 0, "LILATracts_Vehicle": 0, "LowIncomeTracts": 0, "LA1and10": 1, "lowincome_lowaccess_share": 6.8962, "pct_zero_car": 0.0127}}, {"type": "Feature", "geometry": {"type": "Polygon", "coordinates": [[[-95.63047, 29.97745], [-95.62838, 29.97723], [-95.62804, 29.97611], [-95.62858, 29.97532], [-95.62639, 29.97324], [-95.62563, 29.97297], [-95.62364, 29.97311], [-95.62276, 29.97231], [-95.62236, 29.97044], [-95.62259, 29.96887], [-95.62086, 29.96791], [-95.61968, 29.96665], [-95.61953, 29.96575], [-95.6205, 29.96441], [-95.61916, 29.96319], [-95.61733, 29.96286], [-95.61711, 29.96149], [-95.61578, 29.95941], [-95.61513, 29.95934], [-95.61344, 29.9599], [-95.61267, 29.96211], [-95.61208, 29.96242], [-95.6113, 29.96198], [-95.61051, 29.96213], [-95.60924, 29.96351], [-95.60788, 29.96428], [-95.60697, 29.96593], [-95.60415, 29.9697], [-95.6029, 29.97035], [-95.60361, 29.9711], [-95.60325, 29.97189], [-95.60206, 29.97267], [-95.60007, 29.97349], [-95.59866, 29.97358], [-95.59782, 29.97391], [-95.59749, 29.97339], [-95.59564, 29.97242], [-95.59474, 29.9747], [-95.59407, 29.97489], [-95.59324, 29.9739], [-95.59226, 29.97331], [-95.5915, 29.97457], [-95.59016, 29.97294], [-95.58874, 29.97372], [-95.58799, 29.97477], [-95.58869, 29.97579], [-95.5888, 29.97684], [-95.58838, 29.97754], [-95.59096, 29.9788], [-95.593, 29.97938], [-95.59597, 29.97991], [-95.60144, 29.98229], [-95.60324, 29.9827], [-95.60942, 29.98268], [-95.61567, 29.98799], [-95.61693, 29.98712], [-95.61832, 29.98748], [-95.61965, 29.98694], [-95.63047, 29.97745]]]}, "properties": {"GEOID": "48201554302", "LILATracts_1And10": 0, "LILATracts_halfAnd10": 0, "LILATracts_Vehicle": 0, "LowIncomeTracts": 0, "LA1and10": 0, "lowincome_lowaccess_share": 14.9913, "pct_zero_car": 0.0}}, {"type": "Feature", "geometry": {"type": "Polygon", "coordinates": [[[-95.55485, 29.92388], [-95.55543, 29.92278], [-95.55596, 29.92093], [-95.55588, 29.91758], [-95.55588, 29.9096], [-95.55532, 29.90712], [-95.55393, 29.90494], [-95.55178, 29.90281], [-95.55037, 29.90099], [-95.54948, 29.89814], [-95.54421, 29.89992], [-95.54334, 29.90106], [-95.53847, 29.90271], [-95.53856, 29.91476], [-95.53941, 29.91546], [-95.54715, 29.91543], [-95.54781, 29.9161], [-95.5479, 29.92835], [-95.55171, 29.92676], [-95.5535, 29.92551], [-95.55485, 29.92388]]]}, "properties": {"GEOID": "48201534201", "LILATracts_1And10": 0, "LILATracts_halfAnd10": 1, "LILATracts_Vehicle": 0, "LowIncomeTracts": 1, "LA1and10": 0, "lowincome_lowaccess_share": 22.9234, "pct_zero_car": 0.0078}}, {"type": "Feature", "geometry": {"type": "Polygon", "coordinates": [[[-95.56739, 29.92755], [-95.56844, 29.9249], [-95.56853, 29.92322], [-95.57041, 29.92297], [-95.57094, 29.92261], [-95.57126, 29.9174], [-95.57089, 29.91535], [-95.57186, 29.91104], [-95.57055, 29.90914], [-95.56868, 29.90964], [-95.56727, 29.90974], [-95.56473, 29.9092], [-95.56297, 29.90809], [-95.55926, 29.90467], [-95.55753, 29.90345], [-95.55449, 29.90278], [-95.55178, 29.90281], [-95.55393, 29.90494], [-95.55532, 29.90712], [-95.55588, 29.9096], [-95.55588, 29.91758], [-95.55596, 29.92093], [-95.55543, 29.92278], [-95.55485, 29.92388], [-95.55573, 29.92412], [-95.55992, 29.92616], [-95.56203, 29.92662], [-95.56491, 29.92685], [-95.56739, 29.92755]]]}, "properties": {"GEOID": "48201551703", "LILATracts_1And10": 0, "LILATracts_halfAnd10": 0, "LILATracts_Vehicle": 0, "LowIncomeTracts": 0, "LA1and10": 1, "lowincome_lowaccess_share": 11.0432, "pct_zero_car": 0.0122}}, {"type": "Feature", "geometry": {"type": "Polygon", "coordinates": [[[-95.64576, 29.849], [-95.64573, 29.84172], [-95.64563, 29.83599], [-95.64048, 29.83601], [-95.64059, 29.83769], [-95.64119, 29.84], [-95.64118, 29.84108], [-95.64008, 29.84283], [-95.64119, 29.84445], [-95.64048, 29.84832], [-95.64046, 29.85226], [-95.64005, 29.85263], [-95.64009, 29.8562], [-95.63986, 29.85656], [-95.63499, 29.8566], [-95.63292, 29.85608], [-95.63276, 29.85708], [-95.63397, 29.8582], [-95.63555, 29.85907], [-95.63714, 29.85895], [-95.63813, 29.85993], [-95.63829, 29.86191], [-95.63866, 29.86225], [-95.64056, 29.86246], [-95.64187, 29.86299], [-95.6426, 29.86444], [-95.64246, 29.86493], [-95.64418, 29.86589], [-95.64512, 29.86597], [-95.64502, 29.85683], [-95.64508, 29.85497], [-95.64576, 29.849]]]}, "properties": {"GEOID": "48201540501", "LILATracts_1And10": 0, "LILATracts_halfAnd10": 0, "LILATracts_Vehicle": 0, "LowIncomeTracts": 1, "LA1and10": 0, "lowincome_lowaccess_share": 2.1249, "pct_zero_car": 0.033}}, {"type": "Feature", "geometry": {"type": "Polygon", "coordinates": [[[-95.42942, 29.86358], [-95.42918, 29.86213], [-95.42907, 29.85142], [-95.42884, 29.84245], [-95.42884, 29.84104], [-95.42797, 29.84093], [-95.4109, 29.84115], [-95.41099, 29.84716], [-95.41142, 29.84912], [-95.41207, 29.85099], [-95.41245, 29.85335], [-95.41275, 29.86918], [-95.41425, 29.86861], [-95.42817, 29.86359], [-95.42942, 29.86358]]]}, "properties": {"GEOID": "48201530800", "LILATracts_1And10": 0, "LILATracts_halfAnd10": 1, "LILATracts_Vehicle": 0, "LowIncomeTracts": 1, "LA1and10": 0, "lowincome_lowaccess_share": 6.4902, "pct_zero_car": 0.1278}}, {"type": "Feature", "geometry": {"type": "Polygon", "coordinates": [[[-95.48887, 29.84148], [-95.49273, 29.84143], [-95.49087, 29.83991], [-95.48357, 29.83313], [-95.48109, 29.83296], [-95.47178, 29.83298], [-95.46961, 29.83245], [-95.46649, 29.83242], [-95.46279, 29.83253], [-95.46759, 29.84096], [-95.47319, 29.84095], [-95.47608, 29.84036], [-95.48467, 29.84035], [-95.48887, 29.84148]]]}, "properties": {"GEOID": "48201531500", "LILATracts_1And10": 0, "LILATracts_halfAnd10": 0, "LILATracts_Vehicle": 0, "LowIncomeTracts": 0, "LA1and10": 0, "lowincome_lowaccess_share": 3.1285, "pct_zero_car": 0.0621}}, {"type": "Feature", "geometry": {"type": "Polygon", "coordinates": [[[-95.4683, 29.8423], [-95.46759, 29.84096], [-95.46279, 29.83253], [-95.46019, 29.8325], [-95.45073, 29.83261], [-95.44479, 29.83275], [-95.44472, 29.83369], [-95.44233, 29.83717], [-95.44185, 29.83877], [-95.44187, 29.84241], [-95.45496, 29.8423], [-95.45865, 29.84234], [-95.4683, 29.8423]]]}, "properties": {"GEOID": "48201531600", "LILATracts_1And10": 0, "LILATracts_halfAnd10": 0, "LILATracts_Vehicle": 0, "LowIncomeTracts": 0, "LA1and10": 1, "lowincome_lowaccess_share": 25.2339, "pct_zero_car": 0.0218}}, {"type": "Feature", "geometry": {"type": "Polygon", "coordinates": [[[-95.44187, 29.84241], [-95.44185, 29.83877], [-95.44233, 29.83717], [-95.44472, 29.83369], [-95.44479, 29.83275], [-95.4432, 29.83267], [-95.44197, 29.83216], [-95.43704, 29.82902], [-95.43577, 29.82838], [-95.4345, 29.82822], [-95.42962, 29.82828], [-95.42967, 29.83228], [-95.42972, 29.83725], [-95.42893, 29.83914], [-95.42884, 29.84104], [-95.42884, 29.84245], [-95.44187, 29.84241]]]}, "properties": {"GEOID": "48201531700", "LILATracts_1And10": 0, "LILATracts_halfAnd10": 0, "LILATracts_Vehicle": 0, "LowIncomeTracts": 0, "LA1and10": 0, "lowincome_lowaccess_share": 4.7907, "pct_zero_car": 0.0196}}, {"type": "Feature", "geometry": {"type": "Polygon", "coordinates": [[[-95.4464, 29.86348], [-95.44638, 29.86258], [-95.44581, 29.86117], [-95.44563, 29.85788], [-95.44281, 29.85789], [-95.44274, 29.84665], [-95.44189, 29.84401], [-95.44187, 29.84241], [-95.42884, 29.84245], [-95.42907, 29.85142], [-95.42918, 29.86213], [-95.42942, 29.86358], [-95.4464, 29.86348]]]}, "properties": {"GEOID": "48201531800", "LILATracts_1And10": 1, "LILATracts_halfAnd10": 1, "LILATracts_Vehicle": 0, "LowIncomeTracts": 1, "LA1and10": 1, "lowincome_lowaccess_share": 58.3983, "pct_zero_car": 0.0517}}, {"type": "Feature", "geometry": {"type": "Polygon", "coordinates": [[[-95.46683, 29.86332], [-95.46684, 29.8619], [-95.46589, 29.86025], [-95.464, 29.85892], [-95.46236, 29.85834], [-95.462, 29.85733], [-95.46455, 29.85485], [-95.46436, 29.85397], [-95.46313, 29.85335], [-95.46301, 29.85263], [-95.46365, 29.8519], [-95.4635, 29.85108], [-95.4612, 29.84916], [-95.46105, 29.84706], [-95.46066, 29.84641], [-95.45983, 29.84439], [-95.45865, 29.84234], [-95.45496, 29.8423], [-95.44187, 29.84241], [-95.44189, 29.84401], [-95.44274, 29.84665], [-95.44281, 29.85789], [-95.44563, 29.85788], [-95.44581, 29.86117], [-95.44638, 29.86258], [-95.4464, 29.86348], [-95.44909, 29.86314], [-95.45154, 29.86317], [-95.45382, 29.86346], [-95.46155, 29.86345], [-95.46683, 29.86332]]]}, "properties": {"GEOID": "48201531900", "LILATracts_1And10": 1, "LILATracts_halfAnd10": 1, "LILATracts_Vehicle": 0, "LowIncomeTracts": 1, "LA1and10": 1, "lowincome_lowaccess_share": 49.7013, "pct_zero_car": 0.0579}}, {"type": "Feature", "geometry": {"type": "Polygon", "coordinates": [[[-95.80184, 29.80172], [-95.80173, 29.7862], [-95.80177, 29.78525], [-95.79129, 29.78539], [-95.7768, 29.78518], [-95.7768, 29.78719], [-95.77544, 29.79799], [-95.77489, 29.80194], [-95.80184, 29.80172]]]}, "properties": {"GEOID": "48201542600", "LILATracts_1And10": 0, "LILATracts_halfAnd10": 0, "LILATracts_Vehicle": 0, "LowIncomeTracts": 0, "LA1and10": 0, "lowincome_lowaccess_share": 12.8309, "pct_zero_car": 0.0085}}, {"type": "Feature", "geometry": {"type": "Polygon", "coordinates": [[[-95.6356, 30.00429], [-95.64921, 29.99226], [-95.65027, 29.99174], [-95.65329, 29.99099], [-95.65332, 29.9897], [-95.65378, 29.98851], [-95.65241, 29.98841], [-95.65029, 29.99015], [-95.64686, 29.99008], [-95.64607, 29.99036], [-95.64447, 29.99006], [-95.64247, 29.99041], [-95.64105, 29.98859], [-95.64146, 29.98589], [-95.64246, 29.98517], [-95.64142, 29.9844], [-95.63948, 29.98359], [-95.63684, 29.98291], [-95.63641, 29.98225], [-95.63407, 29.98159], [-95.63321, 29.97988], [-95.63093, 29.97939], [-95.63112, 29.97775], [-95.63047, 29.97745], [-95.61965, 29.98694], [-95.61832, 29.98748], [-95.61693, 29.98712], [-95.61567, 29.98799], [-95.6243, 29.99542], [-95.63404, 30.00354], [-95.6356, 30.00429]]]}, "properties": {"GEOID": "48201554502", "LILATracts_1And10": 0, "LILATracts_halfAnd10": 0, "LILATracts_Vehicle": 0, "LowIncomeTracts": 0, "LA1and10": 0, "lowincome_lowaccess_share": 2.2894, "pct_zero_car": 0.0}}, {"type": "Feature", "geometry": {"type": "Polygon", "coordinates": [[[-95.61174, 29.99148], [-95.61567, 29.98799], [-95.60942, 29.98268], [-95.60324, 29.9827], [-95.60144, 29.98229], [-95.59597, 29.97991], [-95.593, 29.97938], [-95.59096, 29.9788], [-95.58838, 29.97754], [-95.58799, 29.97889], [-95.58678, 29.97962], [-95.58628, 29.98047], [-95.58691, 29.98121], [-95.58698, 29.98204], [-95.58554, 29.98354], [-95.58446, 29.98408], [-95.58524, 29.98604], [-95.58428, 29.98644], [-95.58401, 29.98739], [-95.58328, 29.98719], [-95.58282, 29.98632], [-95.58176, 29.98701], [-95.58062, 29.98683], [-95.57955, 29.98809], [-95.57715, 29.98745], [-95.57636, 29.98634], [-95.57495, 29.98605], [-95.57304, 29.98516], [-95.57111, 29.98511], [-95.57008, 29.98577], [-95.57118, 29.98746], [-95.57461, 29.99225], [-95.57607, 29.99385], [-95.57919, 29.99666], [-95.59247, 29.99664], [-95.6029, 29.99659], [-95.60575, 29.99652], [-95.60704, 29.99567], [-95.61174, 29.99148]]]}, "properties": {"GEOID": "48201554301", "LILATracts_1And10": 0, "LILATracts_halfAnd10": 0, "LILATracts_Vehicle": 0, "LowIncomeTracts": 0, "LA1and10": 1, "lowincome_lowaccess_share": 11.162, "pct_zero_car": 0.0}}, {"type": "Feature", "geometry": {"type": "Polygon", "coordinates": [[[-95.59226, 30.12002], [-95.59218, 30.11735], [-95.59266, 30.11411], [-95.59257, 30.10669], [-95.59302, 30.10424], [-95.59396, 30.10033], [-95.594, 30.09509], [-95.59413, 30.09267], [-95.59406, 30.08612], [-95.59389, 30.08516], [-95.59007, 30.07551], [-95.58901, 30.07248], [-95.5891, 30.06942], [-95.5967, 30.06855], [-95.58994, 30.05674], [-95.58683, 30.05125], [-95.57063, 30.02278], [-95.57021, 30.02309], [-95.56485, 30.02607], [-95.55774, 30.03012], [-95.55731, 30.03045], [-95.55535, 30.03309], [-95.55352, 30.03533], [-95.54839, 30.03824], [-95.54709, 30.03934], [-95.54557, 30.04179], [-95.54455, 30.0428], [-95.53951, 30.04563], [-95.5384, 30.04592], [-95.53916, 30.04919], [-95.54031, 30.05156], [-95.55071, 30.07174], [-95.55459, 30.07385], [-95.55447, 30.07405], [-95.55542, 30.0744], [-95.55724, 30.07562], [-95.5615, 30.0792], [-95.56506, 30.08246], [-95.56406, 30.08329], [-95.56301, 30.08303], [-95.56256, 30.08361], [-95.56113, 30.08398], [-95.56075, 30.08485], [-95.55947, 30.08524], [-95.55763, 30.08625], [-95.55707, 30.08717], [-95.55614, 30.08728], [-95.55519, 30.08969], [-95.55437, 30.09111], [-95.55344, 30.09136], [-95.5534, 30.09233], [-95.55419, 30.09324], [-95.55373, 30.09382], [-95.55457, 30.09553], [-95.55363, 30.09602], [-95.5533, 30.09677], [-95.55208, 30.09796], [-95.55215, 30.09912], [-95.55288, 30.09976], [-95.5525, 30.10033], [-95.55, 30.10081], [-95.54866, 30.10135], [-95.54809, 30.10209], [-95.54759, 30.10185], [-95.54737, 30.10368], [-95.54736, 30.10397], [-95.54999, 30.10447], [-95.56532, 30.10718], [-95.56928, 30.10791], [-95.57226, 30.10876], [-95.59226, 30.12002]]]}, "properties": {"GEOID": "48201554802", "LILATracts_1And10": 0, "LILATracts_halfAnd10": 0, "LILATracts_Vehicle": 0, "LowIncomeTracts": 0, "LA1and10": 1, "lowincome_lowaccess_share": 12.1537, "pct_zero_car": 0.0019}}, {"type": "Feature", "geometry": {"type": "Polygon", "coordinates": [[[-95.21135, 30.06847], [-95.21155, 30.06226], [-95.21233, 30.05791], [-95.21293, 30.05595], [-95.21394, 30.05347], [-95.21621, 30.04894], [-95.21384, 30.04802], [-95.21102, 30.04659], [-95.20753, 30.04572], [-95.20155, 30.0435], [-95.19848, 30.04301], [-95.19442, 30.04351], [-95.19315, 30.04382], [-95.19113, 30.04484], [-95.19032, 30.0456], [-95.18903, 30.04753], [-95.18799, 30.04841], [-95.18421, 30.05002], [-95.1848, 30.0513], [-95.18517, 30.05308], [-95.18635, 30.05623], [-95.18716, 30.06073], [-95.18746, 30.0656], [-95.18818, 30.0678], [-95.1922, 30.06745], [-95.19395, 30.06765], [-95.19648, 30.06833], [-95.19856, 30.06855], [-95.20468, 30.06852], [-95.20705, 30.06823], [-95.21135, 30.06847]]]}, "properties": {"GEOID": "48201251300", "LILATracts_1And10": 0, "LILATracts_halfAnd10": 0, "LILATracts_Vehicle": 0, "LowIncomeTracts": 0, "LA1and10": 1, "lowincome_lowaccess_share": 6.2786, "pct_zero_car": 0.0054}}, {"type": "Feature", "geometry": {"type": "Polygon", "coordinates": [[[-95.56853, 29.65139], [-95.57136, 29.64873], [-95.54392, 29.63603], [-95.54206, 29.63525], [-95.53758, 29.63311], [-95.53054, 29.62994], [-95.52105, 29.62548], [-95.51832, 29.62659], [-95.5278, 29.63457], [-95.53121, 29.63731], [-95.53372, 29.63957], [-95.53692, 29.64223], [-95.54046, 29.64524], [-95.5463, 29.65003], [-95.55036, 29.65349], [-95.55393, 29.65646], [-95.55611, 29.65846], [-95.55812, 29.66105], [-95.56233, 29.6571], [-95.56421, 29.65546], [-95.56853, 29.65139]]]}, "properties": {"GEOID": "48201440100", "LILATracts_1And10": 1, "LILATracts_halfAnd10": 1, "LILATracts_Vehicle": 1, "LowIncomeTracts": 1, "LA1and10": 1, "lowincome_lowaccess_share": 33.9449, "pct_zero_car": 0.1079}}, {"type": "Feature", "geometry": {"type": "Polygon", "coordinates": [[[-95.56593, 29.78481], [-95.56518, 29.78426], [-95.56534, 29.78299], [-95.5667, 29.78117], [-95.56937, 29.77911], [-95.57099, 29.77817], [-95.57373, 29.77612], [-95.57349, 29.77517], [-95.57227, 29.7745], [-95.57025, 29.77264], [-95.56288, 29.77277], [-95.56319, 29.78481], [-95.56593, 29.78481]]]}, "properties": {"GEOID": "48201450100", "LILATracts_1And10": 0, "LILATracts_halfAnd10": 0, "LILATracts_Vehicle": 0, "LowIncomeTracts": 0, "LA1and10": 0, "lowincome_lowaccess_share": 1.8639, "pct_zero_car": 0.0628}}, {"type": "Feature", "geometry": {"type": "Polygon", "coordinates": [[[-95.59029, 29.78492], [-95.59001, 29.77271], [-95.5898, 29.77124], [-95.58812, 29.77237], [-95.58575, 29.77324], [-95.58296, 29.77328], [-95.57876, 29.77258], [-95.57025, 29.77264], [-95.57227, 29.7745], [-95.57349, 29.77517], [-95.57373, 29.77612], [-95.57099, 29.77817], [-95.56937, 29.77911], [-95.5667, 29.78117], [-95.56534, 29.78299], [-95.56518, 29.78426], [-95.56593, 29.78481], [-95.58258, 29.78492], [-95.59029, 29.78492]]]}, "properties": {"GEOID": "48201450200", "LILATracts_1And10": 0, "LILATracts_halfAnd10": 0, "LILATracts_Vehicle": 0, "LowIncomeTracts": 0, "LA1and10": 1, "lowincome_lowaccess_share": 8.8739, "pct_zero_car": 0.0103}}, {"type": "Feature", "geometry": {"type": "Polygon", "coordinates": [[[-95.6065, 29.78496], [-95.60629, 29.77525], [-95.60627, 29.7701], [-95.59779, 29.77022], [-95.59371, 29.76996], [-95.59155, 29.77032], [-95.5898, 29.77124], [-95.59001, 29.77271], [-95.59029, 29.78492], [-95.6065, 29.78496]]]}, "properties": {"GEOID": "48201450300", "LILATracts_1And10": 0, "LILATracts_halfAnd10": 1, "LILATracts_Vehicle": 0, "LowIncomeTracts": 1, "LA1and10": 0, "lowincome_lowaccess_share": 21.0345, "pct_zero_car": 0.0365}}, {"type": "Feature", "geometry": {"type": "Polygon", "coordinates": [[[-95.62377, 29.78506], [-95.62382, 29.77991], [-95.62137, 29.77975], [-95.62028, 29.77931], [-95.61709, 29.77656], [-95.61618, 29.77539], [-95.61568, 29.77421], [-95.61451, 29.7728], [-95.61024, 29.77043], [-95.6089, 29.77009], [-95.60627, 29.7701], [-95.60629, 29.77525], [-95.6065, 29.78496], [-95.62377, 29.78506]]]}, "properties": {"GEOID": "48201450400", "LILATracts_1And10": 0, "LILATracts_halfAnd10": 1, "LILATracts_Vehicle": 0, "LowIncomeTracts": 1, "LA1and10": 0, "lowincome_lowaccess_share": 7.7334, "pct_zero_car": 0.0822}}, {"type": "Feature", "geometry": {"type": "Polygon", "coordinates": [[[-95.64479, 29.78504], [-95.64468, 29.77816], [-95.64429, 29.776], [-95.64358, 29.77444], [-95.64295, 29.77236], [-95.64331, 29.76937], [-95.64055, 29.76893], [-95.63969, 29.76905], [-95.63491, 29.7705], [-95.6339, 29.77151], [-95.63336, 29.77331], [-95.63199, 29.77393], [-95.62522, 29.77361], [-95.62313, 29.77246], [-95.62387, 29.77459], [-95.62382, 29.77991], [-95.62377, 29.78506], [-95.62758, 29.78502], [-95.63049, 29.78513], [-95.63887, 29.78518], [-95.64479, 29.78504]]]}, "properties": {"GEOID": "48201450500", "LILATracts_1And10": 0, "LILATracts_halfAnd10": 0, "LILATracts_Vehicle": 0, "LowIncomeTracts": 0, "LA1and10": 1, "lowincome_lowaccess_share": 11.7032, "pct_zero_car": 0.0087}}, {"type": "Feature", "geometry": {"type": "Polygon", "coordinates": [[[-95.14182, 29.54041], [-95.13894, 29.53742], [-95.13476, 29.53281], [-95.13079, 29.52862], [-95.12825, 29.53033], [-95.1181, 29.53762], [-95.11579, 29.53952], [-95.10967, 29.54391], [-95.10641, 29.54594], [-95.10879, 29.54869], [-95.11085, 29.55006], [-95.11799, 29.553], [-95.12034, 29.55487], [-95.1226, 29.55326], [-95.12525, 29.55173], [-95.12859, 29.54896], [-95.13155, 29.5467], [-95.13757, 29.54249], [-95.14182, 29.54041]]]}, "properties": {"GEOID": "48201341100", "LILATracts_1And10": 0, "LILATracts_halfAnd10": 0, "LILATracts_Vehicle": 0, "LowIncomeTracts": 0, "LA1and10": 1, "lowincome_lowaccess_share": 34.8732, "pct_zero_car": 0.0129}}, {"type": "Feature", "geometry": {"type": "Polygon", "coordinates": [[[-95.77706, 30.03707], [-95.78157, 30.037], [-95.78143, 30.02792], [-95.78158, 30.02765], [-95.77094, 30.02776], [-95.7686, 30.02763], [-95.76852, 30.02743], [-95.76845, 30.02042], [-95.76466, 30.02032], [-95.74316, 30.02056], [-95.74301, 30.02039], [-95.7429, 30.01265], [-95.7435, 30.00868], [-95.74344, 30.00677], [-95.7424, 30.00467], [-95.74023, 30.00261], [-95.73834, 30.00038], [-95.73777, 29.99864], [-95.73771, 29.99762], [-95.73829, 29.9946], [-95.73879, 29.99304], [-95.741, 29.98867], [-95.7336, 29.98557], [-95.72006, 29.98044], [-95.71644, 29.97908], [-95.71671, 29.98048], [-95.71745, 29.98153], [-95.72448, 29.99679], [-95.72464, 29.99751], [-95.72472, 30.00335], [-95.72475, 30.01238], [-95.72492, 30.01613], [-95.72498, 30.022], [-95.72638, 30.02182], [-95.72724, 30.02231], [-95.72938, 30.02208], [-95.73239, 30.02539], [-95.73333, 30.02577], [-95.73309, 30.02699], [-95.73364, 30.02824], [-95.7353, 30.0275], [-95.73697, 30.02839], [-95.73767, 30.02771], [-95.73853, 30.02764], [-95.7392, 30.02852], [-95.7389, 30.02924], [-95.74043, 30.02974], [-95.74084, 30.02886], [-95.74256, 30.02892], [-95.74326, 30.0296], [-95.74558, 30.02984], [-95.74595, 30.02799], [-95.74671, 30.02832], [-95.74946, 30.02812], [-95.75154, 30.02724], [-95.75296, 30.02788], [-95.75473, 30.02699], [-95.75745, 30.02705], [-95.75825, 30.02593], [-95.75959, 30.02508], [-95.75956, 30.0242], [-95.76168, 30.02397], [-95.7625, 30.02431], [-95.7637, 30.02388], [-95.76466, 30.02417], [-95.76532, 30.02579], [-95.76481, 30.02673], [-95.7657, 30.02758], [-95.76565, 30.02944], [-95.76626, 30.03073], [-95.7676, 30.03121], [-95.76894, 30.03251], [-95.7703, 30.03302], [-95.77075, 30.03204], [-95.77161, 30.03189], [-95.77376, 30.03453], [-95.7747, 30.03461], [-95.77571, 30.03541], [-95.77612, 30.03526], [-95.77706, 30.03707]]]}, "properties": {"GEOID": "48201555701", "LILATracts_1And10": 0, "LILATracts_halfAnd10": 0, "LILATracts_Vehicle": 0, "LowIncomeTracts": 0, "LA1and10": 1, "lowincome_lowaccess_share": 5.8364, "pct_zero_car": 0.0}}, {"type": "Feature", "geometry": {"type": "Polygon", "coordinates": [[[-95.70211, 30.09904], [-95.70231, 30.09816], [-95.70196, 30.08738], [-95.70152, 30.08511], [-95.70121, 30.0816], [-95.70023, 30.08092], [-95.70005, 30.06778], [-95.69972, 30.06726], [-95.69788, 30.06694], [-95.6974, 30.06629], [-95.69719, 30.05437], [-95.69767, 30.05049], [-95.69759, 30.04397], [-95.69468, 30.04448], [-95.6933, 30.04526], [-95.6902, 30.04645], [-95.68637, 30.04667], [-95.68434, 30.04654], [-95.67945, 30.04677], [-95.67441, 30.04718], [-95.67028, 30.04821], [-95.66781, 30.04866], [-95.65955, 30.05051], [-95.65396, 30.0521], [-95.64768, 30.05318], [-95.64582, 30.05301], [-95.64315, 30.05317], [-95.64074, 30.05545], [-95.63895, 30.05628], [-95.63693, 30.05845], [-95.63611, 30.05908], [-95.63379, 30.05901], [-95.6319, 30.05984], [-95.63015, 30.06027], [-95.62898, 30.06167], [-95.62654, 30.06247], [-95.62501, 30.06379], [-95.62391, 30.06406], [-95.62228, 30.06383], [-95.6211, 30.06294], [-95.62063, 30.06312], [-95.62204, 30.06543], [-95.62324, 30.06683], [-95.62287, 30.06726], [-95.62626, 30.07271], [-95.62841, 30.07698], [-95.63048, 30.0819], [-95.63118, 30.08424], [-95.63246, 30.08942], [-95.63408, 30.09494], [-95.63561, 30.09724], [-95.63677, 30.09696], [-95.63774, 30.09979], [-95.63857, 30.10346], [-95.63907, 30.10497], [-95.64031, 30.10774], [-95.64122, 30.11054], [-95.64261, 30.11408], [-95.64569, 30.11918], [-95.64861, 30.11734], [-95.64991, 30.11531], [-95.65131, 30.11488], [-95.65257, 30.11368], [-95.65303, 30.11148], [-95.65439, 30.11066], [-95.65364, 30.11018], [-95.65391, 30.1093], [-95.65543, 30.10899], [-95.65636, 30.10967], [-95.65749, 30.1097], [-95.65848, 30.11015], [-95.65908, 30.11102], [-95.65822, 30.11122], [-95.65923, 30.1123], [-95.66022, 30.11157], [-95.66162, 30.1114], [-95.66186, 30.11036], [-95.66127, 30.11036], [-95.66129, 30.1095], [-95.66231, 30.10819], [-95.66509, 30.10724], [-95.66648, 30.10594], [-95.66729, 30.10564], [-95.66772, 30.10452], [-95.66768, 30.10215], [-95.66902, 30.10144], [-95.67109, 30.10124], [-95.67254, 30.10151], [-95.67607, 30.10298], [-95.67715, 30.10397], [-95.67798, 30.10421], [-95.67924, 30.10524], [-95.67956, 30.10589], [-95.68163, 30.10624], [-95.68365, 30.10733], [-95.68473, 30.10684], [-95.6857, 30.10691], [-95.68643, 30.10631], [-95.68698, 30.10502], [-95.68812, 30.10362], [-95.6871, 30.10363], [-95.68672, 30.10301], [-95.68681, 30.10145], [-95.68758, 30.10061], [-95.69, 30.09957], [-95.69083, 30.09882], [-95.69382, 30.09888], [-95.69643, 30.09931], [-95.69745, 30.0987], [-95.69889, 30.09833], [-95.70128, 30.09848], [-95.70211, 30.09904]]]}, "properties": {"GEOID": "48201555501", "LILATracts_1And10": 0, "LILATracts_halfAnd10": 0, "LILATracts_Vehicle": 0, "LowIncomeTracts": 0, "LA1and10": 0, "lowincome_lowaccess_share": 37.7999, "pct_zero_car": 0.0135}}, {"type": "Feature", "geometry": {"type": "Polygon", "coordinates": [[[-95.64569, 30.11918], [-95.64261, 30.11408], [-95.64122, 30.11054], [-95.64031, 30.10774], [-95.63907, 30.10497], [-95.63857, 30.10346], [-95.63774, 30.09979], [-95.63677, 30.09696], [-95.63561, 30.09724], [-95.63408, 30.09494], [-95.63246, 30.08942], [-95.63118, 30.08424], [-95.63048, 30.0819], [-95.62841, 30.07698], [-95.62626, 30.07271], [-95.62287, 30.06726], [-95.62324, 30.06683], [-95.60545, 30.06703], [-95.5967, 30.06855], [-95.60167, 30.07724], [-95.61277, 30.0968], [-95.61867, 30.10711], [-95.62267, 30.11524], [-95.62874, 30.12777], [-95.62966, 30.12781], [-95.6316, 30.12686], [-95.63392, 30.12644], [-95.6349, 30.1256], [-95.63575, 30.12634], [-95.63661, 30.12642], [-95.63785, 30.12531], [-95.63761, 30.12463], [-95.63846, 30.12422], [-95.63818, 30.12328], [-95.63883, 30.12335], [-95.63892, 30.12258], [-95.63985, 30.12222], [-95.64126, 30.12078], [-95.64304, 30.12001], [-95.6438, 30.12039], [-95.64569, 30.11918]]]}, "properties": {"GEOID": "48201555402", "LILATracts_1And10": 1, "LILATracts_halfAnd10": 1, "LILATracts_Vehicle": 1, "LowIncomeTracts": 1, "LA1and10": 1, "lowincome_lowaccess_share": 24.4133, "pct_zero_car": 0.1068}}, {"type": "Feature", "geometry": {"type": "Polygon", "coordinates": [[[-95.20034, 30.08345], [-95.20035, 30.08104], [-95.20015, 30.07999], [-95.19934, 30.079], [-95.19754, 30.07837], [-95.19562, 30.07873], [-95.19197, 30.07907], [-95.18999, 30.07919], [-95.18898, 30.07901], [-95.18779, 30.07819], [-95.18589, 30.07619], [-95.18451, 30.0755], [-95.18262, 30.07522], [-95.18, 30.07586], [-95.17845, 30.07685], [-95.18404, 30.08021], [-95.19014, 30.08398], [-95.19566, 30.08724], [-95.19678, 30.08772], [-95.20013, 30.08584], [-95.20034, 30.08345]]]}, "properties": {"GEOID": "48201251401", "LILATracts_1And10": 0, "LILATracts_halfAnd10": 0, "LILATracts_Vehicle": 0, "LowIncomeTracts": 0, "LA1and10": 0, "lowincome_lowaccess_share": 11.9941, "pct_zero_car": 0.0076}}, {"type": "Feature", "geometry": {"type": "Polygon", "coordinates": [[[-95.22302, 29.61218], [-95.22142, 29.60985], [-95.21804, 29.607], [-95.21735, 29.60622], [-95.21647, 29.60453], [-95.21599, 29.60104], [-95.2134, 29.60156], [-95.21163, 29.60226], [-95.20955, 29.60344], [-95.20555, 29.60635], [-95.21145, 29.61163], [-95.21612, 29.61599], [-95.21924, 29.61357], [-95.22302, 29.61218]]]}, "properties": {"GEOID": "48201334002", "LILATracts_1And10": 0, "LILATracts_halfAnd10": 0, "LILATracts_Vehicle": 0, "LowIncomeTracts": 1, "LA1and10": 0, "lowincome_lowaccess_share": 1.562, "pct_zero_car": 0.0129}}, {"type": "Feature", "geometry": {"type": "Polygon", "coordinates": [[[-95.50853, 29.66656], [-95.50854, 29.66563], [-95.50843, 29.65602], [-95.50557, 29.65603], [-95.5033, 29.65607], [-95.5009, 29.65668], [-95.50107, 29.65726], [-95.50117, 29.66675], [-95.50481, 29.66658], [-95.50853, 29.66656]]]}, "properties": {"GEOID": "48201422401", "LILATracts_1And10": 0, "LILATracts_halfAnd10": 1, "LILATracts_Vehicle": 0, "LowIncomeTracts": 1, "LA1and10": 0, "lowincome_lowaccess_share": 7.504, "pct_zero_car": 0.2884}}, {"type": "Feature", "geometry": {"type": "Polygon", "coordinates": [[[-95.46467, 29.94953], [-95.4646, 29.94594], [-95.46639, 29.94582], [-95.46276, 29.94111], [-95.46, 29.93752], [-95.4549, 29.93755], [-95.45501, 29.94659], [-95.45455, 29.94945], [-95.45684, 29.94963], [-95.46467, 29.94953]]]}, "properties": {"GEOID": "48201550602", "LILATracts_1And10": 0, "LILATracts_halfAnd10": 0, "LILATracts_Vehicle": 0, "LowIncomeTracts": 0, "LA1and10": 0, "lowincome_lowaccess_share": 1.2074, "pct_zero_car": 0.0324}}, {"type": "Feature", "geometry": {"type": "Polygon", "coordinates": [[[-95.63122, 29.96129], [-95.63092, 29.95861], [-95.63082, 29.94741], [-95.629, 29.94743], [-95.62071, 29.94749], [-95.61456, 29.9475], [-95.61342, 29.94776], [-95.61162, 29.94873], [-95.60902, 29.95108], [-95.60783, 29.95183], [-95.60617, 29.95229], [-95.60484, 29.95234], [-95.6044, 29.95449], [-95.60357, 29.956], [-95.60314, 29.95753], [-95.60323, 29.95927], [-95.60471, 29.96284], [-95.60527, 29.96381], [-95.60697, 29.96593], [-95.60788, 29.96428], [-95.60924, 29.96351], [-95.61051, 29.96213], [-95.6113, 29.96198], [-95.61208, 29.96242], [-95.61267, 29.96211], [-95.61344, 29.9599], [-95.61513, 29.95934], [-95.61578, 29.95941], [-95.61711, 29.96149], [-95.61733, 29.96286], [-95.61916, 29.96319], [-95.6205, 29.96441], [-95.62153, 29.96431], [-95.62401, 29.96549], [-95.625, 29.96651], [-95.62696, 29.9668], [-95.62912, 29.9662], [-95.62965, 29.96452], [-95.62878, 29.96269], [-95.6289, 29.96239], [-95.63122, 29.96129]]]}, "properties": {"GEOID": "48201552301", "LILATracts_1And10": 0, "LILATracts_halfAnd10": 0, "LILATracts_Vehicle": 0, "LowIncomeTracts": 0, "LA1and10": 1, "lowincome_lowaccess_share": 17.2921, "pct_zero_car": 0.0126}}, {"type": "Feature", "geometry": {"type": "Polygon", "coordinates": [[[-95.61464, 29.70351], [-95.61454, 29.69259], [-95.61433, 29.68851], [-95.61128, 29.68882], [-95.60426, 29.68894], [-95.60442, 29.69777], [-95.60445, 29.70349], [-95.60983, 29.70343], [-95.61464, 29.70351]]]}, "properties": {"GEOID": "48201452801", "LILATracts_1And10": 0, "LILATracts_halfAnd10": 1, "LILATracts_Vehicle": 0, "LowIncomeTracts": 1, "LA1and10": 0, "lowincome_lowaccess_share": 4.4867, "pct_zero_car": 0.0246}}, {"type": "Feature", "geometry": {"type": "Polygon", "coordinates": [[[-95.22342, 29.72524], [-95.22404, 29.72434], [-95.22415, 29.72331], [-95.22364, 29.721], [-95.22144, 29.72012], [-95.22002, 29.71875], [-95.22001, 29.71609], [-95.2261, 29.71604], [-95.22618, 29.71588], [-95.22609, 29.70995], [-95.22821, 29.70977], [-95.22814, 29.70766], [-95.22419, 29.70952], [-95.22215, 29.71002], [-95.21997, 29.71029], [-95.21657, 29.7107], [-95.20953, 29.71135], [-95.20949, 29.7035], [-95.20937, 29.69806], [-95.20105, 29.69813], [-95.20109, 29.70762], [-95.20127, 29.71211], [-95.1974, 29.71246], [-95.19022, 29.71307], [-95.17149, 29.71257], [-95.16121, 29.71231], [-95.15337, 29.71208], [-95.15332, 29.71337], [-95.1528, 29.71504], [-95.14845, 29.72033], [-95.1479, 29.72154], [-95.14768, 29.72292], [-95.14606, 29.7361], [-95.14844, 29.73626], [-95.15169, 29.73604], [-95.15286, 29.73629], [-95.15453, 29.73715], [-95.15633, 29.73837], [-95.15684, 29.73919], [-95.1581, 29.74026], [-95.15926, 29.74203], [-95.16337, 29.74348], [-95.16508, 29.74522], [-95.16628, 29.74549], [-95.16894, 29.7469], [-95.1734, 29.74692], [-95.17732, 29.74653], [-95.17913, 29.74587], [-95.18255, 29.7456], [-95.18667, 29.74555], [-95.19007, 29.74477], [-95.19205, 29.74395], [-95.19358, 29.74305], [-95.19607, 29.74217], [-95.19896, 29.74134], [-95.20226, 29.74009], [-95.20382, 29.73964], [-95.20458, 29.73668], [-95.20664, 29.73358], [-95.2073, 29.73173], [-95.20811, 29.73119], [-95.20752, 29.73011], [-95.2085, 29.7297], [-95.20961, 29.72801], [-95.21188, 29.72643], [-95.21327, 29.72562], [-95.21628, 29.72447], [-95.21932, 29.72436], [-95.22342, 29.72524]]]}, "properties": {"GEOID": "48201324100", "LILATracts_1And10": 0, "LILATracts_halfAnd10": 1, "LILATracts_Vehicle": 1, "LowIncomeTracts": 1, "LA1and10": 0, "lowincome_lowaccess_share": 21.4835, "pct_zero_car": 0.104}}, {"type": "Feature", "geometry": {"type": "Polygon", "coordinates": [[[-95.76317, 30.08693], [-95.76401, 30.08718], [-95.76484, 30.08842], [-95.76605, 30.08859], [-95.76842, 30.08848], [-95.76903, 30.08753], [-95.77111, 30.0875], [-95.77192, 30.0895], [-95.77246, 30.09016], [-95.77448, 30.09119], [-95.77543, 30.09104], [-95.77693, 30.09032], [-95.77738, 30.08965], [-95.77836, 30.08965], [-95.78154, 30.09042], [-95.78271, 30.09093], [-95.78311, 30.09235], [-95.78452, 30.09294], [-95.78587, 30.09401], [-95.78702, 30.09427], [-95.78837, 30.09403], [-95.78924, 30.09459], [-95.78914, 30.09353], [-95.78851, 30.0922], [-95.78984, 30.0921], [-95.79121, 30.09151], [-95.79388, 30.09156], [-95.79562, 30.09068], [-95.79678, 30.09073], [-95.79817, 30.09021], [-95.79961, 30.09017], [-95.80028, 30.09129], [-95.80138, 30.09128], [-95.80263, 30.09035], [-95.80456, 30.08978], [-95.80564, 30.0898], [-95.80914, 30.08844], [-95.80962, 30.08784], [-95.80909, 30.08697], [-95.80914, 30.08585], [-95.8096, 30.08531], [-95.81152, 30.08496], [-95.81228, 30.08432], [-95.8144, 30.08469], [-95.81578, 30.08532], [-95.81625, 30.08491], [-95.81647, 30.08262], [-95.81704, 30.08178], [-95.81818, 30.08219], [-95.81927, 30.08309], [-95.82036, 30.08301], [-95.82202, 30.08221], [-95.82435, 30.08244], [-95.82802, 30.08201], [-95.82849, 30.08173], [-95.83004, 30.08303], [-95.8301, 30.08394], [-95.83086, 30.08438], [-95.83194, 30.08435], [-95.83264, 30.08495], [-95.83383, 30.08491], [-95.83465, 30.08418], [-95.83742, 30.08325], [-95.83862, 30.08309], [-95.83916, 30.08357], [-95.83914, 30.08451], [-95.8423, 30.08613], [-95.8439, 30.08719], [-95.84474, 30.08891], [-95.84376, 30.0914], [-95.84299, 30.09262], [-95.84275, 30.09483], [-95.84391, 30.09657], [-95.84503, 30.09672], [-95.8461, 30.09747], [-95.84594, 30.0979], [-95.84632, 30.10005], [-95.84665, 30.1005], [-95.84868, 30.10015], [-95.85009, 30.10088], [-95.85057, 30.10209], [-95.85445, 30.10168], [-95.85628, 30.10205], [-95.8569, 30.1018], [-95.85719, 30.10422], [-95.8577, 30.1046], [-95.86002, 30.10527], [-95.86193, 30.10561], [-95.86312, 30.10697], [-95.86342, 30.11023], [-95.86246, 30.1107], [-95.86255, 30.11145], [-95.86343, 30.11253], [-95.86542, 30.11429], [-95.86697, 30.11471], [-95.86851, 30.11567], [-95.86828, 30.11741], [-95.87018, 30.11798], [-95.87232, 30.11795], [-95.87279, 30.11855], [-95.87216, 30.12059], [-95.87405, 30.12222], [-95.87572, 30.12089], [-95.87873, 30.12036], [-95.87958, 30.12089], [-95.8797, 30.12178], [-95.88069, 30.12318], [-95.88145, 30.12311], [-95.88177, 30.1219], [-95.88312, 30.11977], [-95.88515, 30.11978], [-95.88656, 30.12091], [-95.88779, 30.11991], [-95.88982, 30.12024], [-95.88937, 30.11917], [-95.8908, 30.11902], [-95.89226, 30.12016], [-95.89379, 30.12022], [-95.89488, 30.12085], [-95.89493, 30.12167], [-95.89554, 30.12226], [-95.897, 30.12269], [-95.89788, 30.12214], [-95.89846, 30.12092], [-95.89941, 30.12122], [-95.89933, 30.12253], [-95.90231, 30.12321], [-95.90247, 30.12469], [-95.90479, 30.12608], [-95.90475, 30.12689], [-95.90536, 30.12751], [-95.90714, 30.12682], [-95.90924, 30.1275], [-95.91013, 30.12808], [-95.91108, 30.12811], [-95.91106, 30.12953], [-95.91273, 30.13114], [-95.9151, 30.13113], [-95.91551, 30.13093], [-95.9174, 30.13275], [-95.91728, 30.13358], [-95.91883, 30.13419], [-95.919, 30.13539], [-95.92017, 30.13526], [-95.92132, 30.13586], [-95.92198, 30.13667], [-95.92177, 30.13874], [-95.92356, 30.13864], [-95.92455, 30.13965], [-95.92402, 30.14116], [-95.92442, 30.14242], [-95.9266, 30.14156], [-95.92906, 30.14417], [-95.93148, 30.14446], [-95.93229, 30.14327], [-95.93465, 30.14475], [-95.93561, 30.1441], [-95.93773, 30.14529], [-95.93845, 30.14453], [-95.93973, 30.14394], [-95.94086, 30.14433], [-95.94056, 30.1457], [-95.94107, 30.1458], [-95.94259, 30.14706], [-95.9445, 30.14817], [-95.94548, 30.1492], [-95.94519, 30.15049], [-95.94581, 30.15113], [-95.94583, 30.15196], [-95.9471, 30.15314], [-95.94671, 30.15377], [-95.94828, 30.15521], [-95.94969, 30.15548], [-95.94988, 30.15611], [-95.95073, 30.15599], [-95.95184, 30.15639], [-95.95286, 30.15748], [-95.95279, 30.15824], [-95.95364, 30.15801], [-95.9544, 30.15855], [-95.95457, 30.15965], [-95.95557, 30.16046], [-95.95582, 30.16126], [-95.95708, 30.16199], [-95.95797, 30.16212], [-95.95911, 30.16324], [-95.96073, 30.16341], [-95.95738, 30.15372], [-95.95412, 30.14467], [-95.94709, 30.12493], [-95.93656, 30.09582], [-95.92831, 30.07346], [-95.92656, 30.06868], [-95.92522, 30.06872], [-95.92508, 30.06391], [-95.9215, 30.06403], [-95.92137, 30.05562], [-95.92117, 30.05529], [-95.91794, 30.05451], [-95.90859, 30.05095], [-95.88222, 30.04109], [-95.87377, 30.03789], [-95.83286, 30.02253], [-95.82937, 30.02118], [-95.82983, 30.02176], [-95.82234, 30.0188], [-95.81552, 30.01624], [-95.81522, 30.01606], [-95.81523, 30.01669], [-95.80478, 30.0124], [-95.79371, 30.00834], [-95.78681, 30.00569], [-95.78196, 30.00433], [-95.78235, 30.02745], [-95.78158, 30.02765], [-95.78143, 30.02792], [-95.78157, 30.037], [-95.77706, 30.03707], [-95.77017, 30.03716], [-95.77029, 30.05359], [-95.77069, 30.05936], [-95.77061, 30.06269], [-95.77078, 30.06284], [-95.78147, 30.06269], [-95.78154, 30.06688], [-95.78102, 30.06821], [-95.77627, 30.07032], [-95.76419, 30.07426], [-95.763, 30.07478], [-95.76317, 30.08693]]]}, "properties": {"GEOID": "48201556000", "LILATracts_1And10": 0, "LILATracts_halfAnd10": 0, "LILATracts_Vehicle": 0, "LowIncomeTracts": 0, "LA1and10": 0, "lowincome_lowaccess_share": 27.3695, "pct_zero_car": 0.0422}}, {"type": "Feature", "geometry": {"type": "Polygon", "coordinates": [[[-95.44662, 29.65451], [-95.44616, 29.62757], [-95.42956, 29.62785], [-95.42968, 29.63253], [-95.42982, 29.63335], [-95.43002, 29.64178], [-95.42702, 29.64144], [-95.42231, 29.6415], [-95.42205, 29.64047], [-95.41029, 29.64059], [-95.40898, 29.64027], [-95.41398, 29.62769], [-95.41744, 29.61903], [-95.41661, 29.61895], [-95.41355, 29.61976], [-95.41251, 29.62045], [-95.41186, 29.62176], [-95.41005, 29.62237], [-95.40861, 29.62326], [-95.40817, 29.62419], [-95.40807, 29.62558], [-95.4067, 29.62832], [-95.40611, 29.62867], [-95.40222, 29.62923], [-95.39925, 29.63052], [-95.3981, 29.63079], [-95.39604, 29.6308], [-95.39483, 29.63103], [-95.38969, 29.63277], [-95.38806, 29.6326], [-95.38728, 29.63221], [-95.38767, 29.65576], [-95.38751, 29.65763], [-95.38716, 29.6596], [-95.38647, 29.6619], [-95.38339, 29.66789], [-95.3821, 29.67093], [-95.38188, 29.67211], [-95.38171, 29.67798], [-95.3812, 29.68072], [-95.39325, 29.68059], [-95.39664, 29.68038], [-95.40315, 29.67905], [-95.40766, 29.67827], [-95.41227, 29.67808], [-95.4245, 29.67762], [-95.42764, 29.67772], [-95.4397, 29.66247], [-95.44148, 29.66019], [-95.44178, 29.65951], [-95.44228, 29.65615], [-95.44662, 29.65451]]]}, "properties": {"GEOID": "48201334100", "LILATracts_1And10": 1, "LILATracts_halfAnd10": 1, "LILATracts_Vehicle": 1, "LowIncomeTracts": 1, "LA1and10": 1, "lowincome_lowaccess_share": 36.3086, "pct_zero_car": 0.0469}}, {"type": "Feature", "geometry": {"type": "Polygon", "coordinates": [[[-95.12237, 29.65048], [-95.12165, 29.64959], [-95.11897, 29.64706], [-95.11839, 29.64589], [-95.11184, 29.63839], [-95.10823, 29.63491], [-95.10583, 29.6325], [-95.10145, 29.62747], [-95.09863, 29.62467], [-95.09312, 29.62054], [-95.08812, 29.61606], [-95.08424, 29.61311], [-95.07599, 29.60684], [-95.06984, 29.60224], [-95.05556, 29.60817], [-95.0486, 29.61109], [-95.04595, 29.60631], [-95.04516, 29.60547], [-95.04377, 29.60472], [-95.04145, 29.60424], [-95.0378, 29.60369], [-95.03181, 29.60372], [-95.03292, 29.61038], [-95.03354, 29.61439], [-95.03425, 29.62276], [-95.03418, 29.6247], [-95.03309, 29.62784], [-95.03066, 29.63275], [-95.03001, 29.63445], [-95.02958, 29.63652], [-95.02951, 29.63819], [-95.02978, 29.64569], [-95.02988, 29.65233], [-95.02799, 29.65233], [-95.02808, 29.65082], [-95.02754, 29.65026], [-95.0253, 29.65024], [-95.02454, 29.64908], [-95.0238, 29.64881], [-95.02321, 29.6476], [-95.02228, 29.64749], [-95.02047, 29.6456], [-95.01948, 29.64551], [-95.01884, 29.64595], [-95.01913, 29.65638], [-95.0192, 29.66286], [-95.01933, 29.66682], [-95.01943, 29.67325], [-95.01962, 29.68163], [-95.03662, 29.68674], [-95.03759, 29.68669], [-95.03887, 29.68584], [-95.03962, 29.6844], [-95.03944, 29.68114], [-95.03917, 29.66514], [-95.03875, 29.65214], [-95.04667, 29.65195], [-95.05856, 29.65177], [-95.06272, 29.65212], [-95.07332, 29.65185], [-95.08371, 29.6517], [-95.08642, 29.65141], [-95.08855, 29.65117], [-95.10669, 29.65085], [-95.11641, 29.65072], [-95.12237, 29.65048]]]}, "properties": {"GEOID": "48201343700", "LILATracts_1And10": 0, "LILATracts_halfAnd10": 0, "LILATracts_Vehicle": 0, "LowIncomeTracts": 0, "LA1and10": 1, "lowincome_lowaccess_share": 31.9257, "pct_zero_car": 0.042}}, {"type": "Feature", "geometry": {"type": "Polygon", "coordinates": [[[-95.04149, 29.59132], [-95.04138, 29.59023], [-95.04254, 29.58987], [-95.04215, 29.58715], [-95.04231, 29.58638], [-95.044, 29.58543], [-95.04667, 29.58443], [-95.04774, 29.58223], [-95.04734, 29.57783], [-95.04847, 29.57471], [-95.04952, 29.57324], [-95.05125, 29.57192], [-95.05469, 29.57095], [-95.05232, 29.56892], [-95.05201, 29.56833], [-95.0534, 29.5681], [-95.05408, 29.56717], [-95.05379, 29.56605], [-95.05614, 29.567], [-95.05622, 29.56682], [-95.05355, 29.56583], [-95.05392, 29.56523], [-95.0524, 29.56438], [-95.0508, 29.56411], [-95.0449, 29.56436], [-95.04327, 29.56387], [-95.04236, 29.5629], [-95.04126, 29.56566], [-95.03589, 29.5738], [-95.03416, 29.57563], [-95.02994, 29.57595], [-95.02783, 29.57597], [-95.02866, 29.58122], [-95.02924, 29.58407], [-95.02922, 29.58604], [-95.0289, 29.58832], [-95.0376, 29.59061], [-95.04149, 29.59132]]]}, "properties": {"GEOID": "48201341501", "LILATracts_1And10": 0, "LILATracts_halfAnd10": 0, "LILATracts_Vehicle": 0, "LowIncomeTracts": 0, "LA1and10": 1, "lowincome_lowaccess_share": 16.0386, "pct_zero_car": 0.0125}}, {"type": "Feature", "geometry": {"type": "Polygon", "coordinates": [[[-95.05392, 29.56523], [-95.05607, 29.56521], [-95.05676, 29.5646], [-95.05535, 29.5636], [-95.05647, 29.56129], [-95.05734, 29.55873], [-95.05624, 29.55909], [-95.05379, 29.55898], [-95.05013, 29.55855], [-95.04677, 29.55736], [-95.04518, 29.55594], [-95.04189, 29.5546], [-95.03829, 29.55399], [-95.03749, 29.55347], [-95.03184, 29.55219], [-95.02994, 29.5525], [-95.02878, 29.55226], [-95.02844, 29.55075], [-95.02875, 29.54812], [-95.02808, 29.54745], [-95.02603, 29.54843], [-95.02308, 29.54944], [-95.02404, 29.5537], [-95.02783, 29.57597], [-95.02994, 29.57595], [-95.03416, 29.57563], [-95.03589, 29.5738], [-95.04126, 29.56566], [-95.04236, 29.5629], [-95.04327, 29.56387], [-95.0449, 29.56436], [-95.0508, 29.56411], [-95.0524, 29.56438], [-95.05392, 29.56523]]]}, "properties": {"GEOID": "48201341502", "LILATracts_1And10": 0, "LILATracts_halfAnd10": 0, "LILATracts_Vehicle": 0, "LowIncomeTracts": 0, "LA1and10": 0, "lowincome_lowaccess_share": 7.2361, "pct_zero_car": 0.0182}}, {"type": "Feature", "geometry": {"type": "Polygon", "coordinates": [[[-95.11572, 29.56101], [-95.10766, 29.55768], [-95.09751, 29.55357], [-95.09427, 29.5522], [-95.0936, 29.55176], [-95.09281, 29.55051], [-95.08637, 29.55252], [-95.07819, 29.55518], [-95.07635, 29.55634], [-95.07448, 29.55916], [-95.07282, 29.56197], [-95.07188, 29.56306], [-95.07216, 29.56368], [-95.07171, 29.56527], [-95.07135, 29.57138], [-95.07187, 29.5733], [-95.07118, 29.57432], [-95.07106, 29.57535], [-95.07138, 29.57688], [-95.06952, 29.57814], [-95.06906, 29.5791], [-95.06707, 29.58074], [-95.06903, 29.58254], [-95.06989, 29.58177], [-95.071, 29.58194], [-95.07132, 29.58331], [-95.07292, 29.58516], [-95.07408, 29.58529], [-95.07539, 29.58676], [-95.07667, 29.58738], [-95.07652, 29.58591], [-95.07743, 29.58572], [-95.0788, 29.58606], [-95.07979, 29.58706], [-95.08084, 29.58755], [-95.08249, 29.5876], [-95.08338, 29.5869], [-95.08465, 29.58826], [-95.08563, 29.58784], [-95.08566, 29.58599], [-95.08613, 29.58557], [-95.08711, 29.58601], [-95.08739, 29.58702], [-95.08837, 29.58739], [-95.09016, 29.58563], [-95.09043, 29.58441], [-95.08969, 29.5826], [-95.09085, 29.58089], [-95.09075, 29.5798], [-95.09123, 29.57951], [-95.09253, 29.57985], [-95.09426, 29.5789], [-95.09652, 29.57901], [-95.09782, 29.57968], [-95.10089, 29.57983], [-95.10149, 29.58012], [-95.10192, 29.58179], [-95.10241, 29.58254], [-95.10364, 29.58343], [-95.1096, 29.57238], [-95.11572, 29.56101]]]}, "properties": {"GEOID": "48201341301", "LILATracts_1And10": 1, "LILATracts_halfAnd10": 1, "LILATracts_Vehicle": 1, "LowIncomeTracts": 1, "LA1and10": 1, "lowincome_lowaccess_share": 43.3203, "pct_zero_car": 0.1387}}, {"type": "Feature", "geometry": {"type": "Polygon", "coordinates": [[[-95.12423, 29.60512], [-95.11906, 29.59527], [-95.11847, 29.5938], [-95.11776, 29.59061], [-95.11771, 29.58815], [-95.11789, 29.58658], [-95.11852, 29.58422], [-95.11681, 29.58407], [-95.1156, 29.58425], [-95.11381, 29.58519], [-95.11262, 29.58537], [-95.10992, 29.58494], [-95.10852, 29.58535], [-95.1059, 29.58503], [-95.10364, 29.58343], [-95.10295, 29.58502], [-95.10277, 29.5863], [-95.10302, 29.58851], [-95.1029, 29.59012], [-95.10525, 29.59295], [-95.10686, 29.59628], [-95.10758, 29.59963], [-95.10811, 29.60778], [-95.11593, 29.60742], [-95.11788, 29.60723], [-95.12012, 29.60674], [-95.12423, 29.60512]]]}, "properties": {"GEOID": "48201340302", "LILATracts_1And10": 0, "LILATracts_halfAnd10": 0, "LILATracts_Vehicle": 0, "LowIncomeTracts": 0, "LA1and10": 1, "lowincome_lowaccess_share": 8.8291, "pct_zero_car": 0.0163}}, {"type": "Feature", "geometry": {"type": "Polygon", "coordinates": [[[-95.58471, 29.92462], [-95.58456, 29.90997], [-95.5845, 29.89769], [-95.58329, 29.89753], [-95.58006, 29.89569], [-95.57785, 29.89542], [-95.56774, 29.89557], [-95.56807, 29.8962], [-95.56761, 29.89837], [-95.57013, 29.89947], [-95.57073, 29.90187], [-95.57018, 29.90587], [-95.57018, 29.90786], [-95.57055, 29.90914], [-95.57186, 29.91104], [-95.57089, 29.91535], [-95.57126, 29.9174], [-95.57094, 29.92261], [-95.57041, 29.92297], [-95.56853, 29.92322], [-95.56844, 29.9249], [-95.56739, 29.92755], [-95.57028, 29.9274], [-95.57149, 29.92697], [-95.57357, 29.92556], [-95.57511, 29.9248], [-95.577, 29.92444], [-95.57922, 29.92443], [-95.58163, 29.92465], [-95.58471, 29.92462]]]}, "properties": {"GEOID": "48201551701", "LILATracts_1And10": 0, "LILATracts_halfAnd10": 0, "LILATracts_Vehicle": 0, "LowIncomeTracts": 0, "LA1and10": 0, "lowincome_lowaccess_share": 11.7843, "pct_zero_car": 0.0049}}, {"type": "Feature", "geometry": {"type": "Polygon", "coordinates": [[[-95.14274, 29.63122], [-95.14303, 29.62761], [-95.143, 29.62403], [-95.1428, 29.62202], [-95.14221, 29.62122], [-95.13816, 29.61793], [-95.13645, 29.61684], [-95.13534, 29.61488], [-95.13579, 29.61308], [-95.1416, 29.60645], [-95.14482, 29.60251], [-95.14547, 29.60141], [-95.14572, 29.59859], [-95.14469, 29.59635], [-95.14354, 29.5952], [-95.13969, 29.59337], [-95.13814, 29.59212], [-95.13696, 29.59322], [-95.13591, 29.59486], [-95.13507, 29.59762], [-95.13425, 29.5989], [-95.13266, 29.60063], [-95.1282, 29.60285], [-95.12423, 29.60512], [-95.12012, 29.60674], [-95.11788, 29.60723], [-95.11593, 29.60742], [-95.10811, 29.60778], [-95.10816, 29.60851], [-95.11266, 29.60875], [-95.11335, 29.61033], [-95.11293, 29.61351], [-95.11326, 29.61412], [-95.11345, 29.61983], [-95.11421, 29.62343], [-95.11606, 29.6244], [-95.12009, 29.62735], [-95.1214, 29.63027], [-95.1216, 29.63349], [-95.1282, 29.63331], [-95.13915, 29.6332], [-95.14019, 29.63272], [-95.14148, 29.63158], [-95.14274, 29.63122]]]}, "properties": {"GEOID": "48201340202", "LILATracts_1And10": 0, "LILATracts_halfAnd10": 0, "LILATracts_Vehicle": 0, "LowIncomeTracts": 0, "LA1and10": 0, "lowincome_lowaccess_share": 10.1431, "pct_zero_car": 0.0}}, {"type": "Feature", "geometry": {"type": "Polygon", "coordinates": [[[-95.24853, 29.62716], [-95.24832, 29.62376], [-95.249, 29.62142], [-95.25064, 29.61799], [-95.25084, 29.61612], [-95.25074, 29.61438], [-95.24997, 29.61221], [-95.24982, 29.611], [-95.24998, 29.60861], [-95.24994, 29.60578], [-95.24936, 29.60411], [-95.24843, 29.60298], [-95.24757, 29.60075], [-95.2406, 29.60719], [-95.24124, 29.6083], [-95.23808, 29.61122], [-95.22996, 29.61859], [-95.22943, 29.62033], [-95.22204, 29.62043], [-95.22117, 29.62058], [-95.22906, 29.6277], [-95.23852, 29.62759], [-95.24853, 29.62716]]]}, "properties": {"GEOID": "48201333902", "LILATracts_1And10": 0, "LILATracts_halfAnd10": 1, "LILATracts_Vehicle": 1, "LowIncomeTracts": 1, "LA1and10": 0, "lowincome_lowaccess_share": 21.2731, "pct_zero_car": 0.0762}}, {"type": "Feature", "geometry": {"type": "Polygon", "coordinates": [[[-95.16329, 29.80874], [-95.16322, 29.79823], [-95.16291, 29.79609], [-95.16207, 29.79315], [-95.16105, 29.79066], [-95.15861, 29.79057], [-95.15526, 29.78933], [-95.15303, 29.78884], [-95.14028, 29.78897], [-95.14049, 29.79253], [-95.14192, 29.7964], [-95.14207, 29.79881], [-95.14336, 29.79882], [-95.1543, 29.79858], [-95.1557, 29.79908], [-95.15649, 29.79994], [-95.1555, 29.80087], [-95.15587, 29.80165], [-95.15892, 29.80231], [-95.16041, 29.80292], [-95.16122, 29.80431], [-95.16043, 29.80516], [-95.15885, 29.80533], [-95.15734, 29.80626], [-95.15656, 29.8071], [-95.15713, 29.80821], [-95.15855, 29.80905], [-95.15869, 29.80995], [-95.16329, 29.80874]]]}, "properties": {"GEOID": "48201252301", "LILATracts_1And10": 0, "LILATracts_halfAnd10": 0, "LILATracts_Vehicle": 0, "LowIncomeTracts": 0, "LA1and10": 1, "lowincome_lowaccess_share": 24.0986, "pct_zero_car": 0.0085}}, {"type": "Feature", "geometry": {"type": "Polygon", "coordinates": [[[-95.19313, 29.68203], [-95.19301, 29.67363], [-95.19279, 29.66501], [-95.18667, 29.66507], [-95.1868, 29.6745], [-95.18647, 29.67516], [-95.18396, 29.67641], [-95.18382, 29.67706], [-95.18394, 29.68149], [-95.18381, 29.68212], [-95.19313, 29.68203]]]}, "properties": {"GEOID": "48201323801", "LILATracts_1And10": 0, "LILATracts_halfAnd10": 0, "LILATracts_Vehicle": 0, "LowIncomeTracts": 1, "LA1and10": 0, "lowincome_lowaccess_share": null, "pct_zero_car": 0.0259}}, {"type": "Feature", "geometry": {"type": "Polygon", "coordinates": [[[-95.18381, 29.68212], [-95.18394, 29.68149], [-95.18382, 29.67706], [-95.18396, 29.67641], [-95.18647, 29.67516], [-95.1868, 29.6745], [-95.18667, 29.66507], [-95.17223, 29.66532], [-95.17253, 29.67987], [-95.17252, 29.68225], [-95.18381, 29.68212]]]}, "properties": {"GEOID": "48201323802", "LILATracts_1And10": 0, "LILATracts_halfAnd10": 1, "LILATracts_Vehicle": 0, "LowIncomeTracts": 1, "LA1and10": 0, "lowincome_lowaccess_share": 37.8385, "pct_zero_car": 0.0356}}, {"type": "Feature", "geometry": {"type": "Polygon", "coordinates": [[[-95.55845, 29.68466], [-95.55606, 29.68484], [-95.55158, 29.68662], [-95.55139, 29.68606], [-95.55141, 29.68356], [-95.55048, 29.68148], [-95.55141, 29.68103], [-95.55248, 29.67984], [-95.55375, 29.67642], [-95.55365, 29.67509], [-95.54218, 29.67587], [-95.53679, 29.68086], [-95.53748, 29.68104], [-95.53902, 29.68019], [-95.54392, 29.68086], [-95.54755, 29.68166], [-95.5486, 29.68231], [-95.54944, 29.68446], [-95.54875, 29.68663], [-95.54911, 29.68782], [-95.55218, 29.68992], [-95.55384, 29.6894], [-95.55608, 29.68922], [-95.55748, 29.68942], [-95.55845, 29.68466]]]}, "properties": {"GEOID": "48201433501", "LILATracts_1And10": 0, "LILATracts_halfAnd10": 0, "LILATracts_Vehicle": 0, "LowIncomeTracts": 1, "LA1and10": 0, "lowincome_lowaccess_share": 0.5683, "pct_zero_car": 0.1888}}, {"type": "Feature", "geometry": {"type": "Polygon", "coordinates": [[[-95.62526, 29.75491], [-95.6252, 29.74766], [-95.62411, 29.74437], [-95.62358, 29.74117], [-95.62352, 29.73836], [-95.62382, 29.73586], [-95.61969, 29.73592], [-95.61811, 29.73595], [-95.61772, 29.73815], [-95.61794, 29.73981], [-95.61927, 29.74165], [-95.61925, 29.74286], [-95.61862, 29.74413], [-95.61849, 29.74643], [-95.61902, 29.74656], [-95.61813, 29.74759], [-95.61843, 29.748], [-95.61848, 29.74967], [-95.61889, 29.75082], [-95.61845, 29.75328], [-95.61844, 29.75446], [-95.62353, 29.75444], [-95.62526, 29.75491]]]}, "properties": {"GEOID": "48201451403", "LILATracts_1And10": 0, "LILATracts_halfAnd10": 0, "LILATracts_Vehicle": 0, "LowIncomeTracts": 0, "LA1and10": 0, "lowincome_lowaccess_share": 6.4651, "pct_zero_car": 0.0389}}, {"type": "Feature", "geometry": {"type": "Polygon", "coordinates": [[[-95.6445, 29.75587], [-95.64451, 29.74389], [-95.64417, 29.74098], [-95.64405, 29.73564], [-95.63435, 29.73581], [-95.62548, 29.7359], [-95.62382, 29.73586], [-95.62352, 29.73836], [-95.62358, 29.74117], [-95.62411, 29.74437], [-95.6252, 29.74766], [-95.62526, 29.75491], [-95.62755, 29.75573], [-95.62923, 29.75592], [-95.6445, 29.75587]]]}, "properties": {"GEOID": "48201451602", "LILATracts_1And10": 0, "LILATracts_halfAnd10": 0, "LILATracts_Vehicle": 0, "LowIncomeTracts": 0, "LA1and10": 1, "lowincome_lowaccess_share": 15.6956, "pct_zero_car": 0.0147}}, {"type": "Feature", "geometry": {"type": "Polygon", "coordinates": [[[-95.64331, 29.76937], [-95.6446, 29.76371], [-95.6445, 29.75587], [-95.62923, 29.75592], [-95.62755, 29.75573], [-95.62526, 29.75491], [-95.62538, 29.764], [-95.62519, 29.76529], [-95.62449, 29.76685], [-95.62133, 29.77138], [-95.62313, 29.77246], [-95.62522, 29.77361], [-95.63199, 29.77393], [-95.63336, 29.77331], [-95.6339, 29.77151], [-95.63491, 29.7705], [-95.63969, 29.76905], [-95.64055, 29.76893], [-95.64331, 29.76937]]]}, "properties": {"GEOID": "48201451601", "LILATracts_1And10": 0, "LILATracts_halfAnd10": 0, "LILATracts_Vehicle": 0, "LowIncomeTracts": 0, "LA1and10": 1, "lowincome_lowaccess_share": 17.3513, "pct_zero_car": 0.1049}}, {"type": "Feature", "geometry": {"type": "Polygon", "coordinates": [[[-95.26408, 29.77572], [-95.26546, 29.76939], [-95.26554, 29.76828], [-95.26313, 29.76819], [-95.25845, 29.76823], [-95.25607, 29.76792], [-95.25114, 29.76722], [-95.24972, 29.76718], [-95.22698, 29.76755], [-95.22542, 29.76755], [-95.2239, 29.76707], [-95.22357, 29.76835], [-95.2251, 29.76871], [-95.22526, 29.7695], [-95.22651, 29.76893], [-95.22732, 29.7692], [-95.22715, 29.77048], [-95.22797, 29.77212], [-95.23524, 29.77372], [-95.2367, 29.77389], [-95.24755, 29.77376], [-95.25152, 29.7738], [-95.25506, 29.77425], [-95.26408, 29.77572]]]}, "properties": {"GEOID": "48201233400", "LILATracts_1And10": 0, "LILATracts_halfAnd10": 0, "LILATracts_Vehicle": 0, "LowIncomeTracts": 1, "LA1and10": 0, "lowincome_lowaccess_share": 5.2779, "pct_zero_car": 0.157}}, {"type": "Feature", "geometry": {"type": "Polygon", "coordinates": [[[-95.25607, 29.76792], [-95.25586, 29.75989], [-95.25184, 29.75995], [-95.25094, 29.75977], [-95.24721, 29.75984], [-95.24329, 29.75988], [-95.24202, 29.759], [-95.23357, 29.75915], [-95.21923, 29.7596], [-95.21975, 29.76001], [-95.21918, 29.7605], [-95.21959, 29.76156], [-95.22147, 29.76116], [-95.22395, 29.76034], [-95.22414, 29.76555], [-95.2239, 29.76707], [-95.22542, 29.76755], [-95.22698, 29.76755], [-95.24972, 29.76718], [-95.25114, 29.76722], [-95.25607, 29.76792]]]}, "properties": {"GEOID": "48201233500", "LILATracts_1And10": 0, "LILATracts_halfAnd10": 1, "LILATracts_Vehicle": 0, "LowIncomeTracts": 1, "LA1and10": 0, "lowincome_lowaccess_share": 11.1452, "pct_zero_car": 0.0095}}, {"type": "Feature", "geometry": {"type": "Polygon", "coordinates": [[[-95.30291, 29.75395], [-95.30389, 29.75236], [-95.3078, 29.74673], [-95.31039, 29.74288], [-95.29051, 29.73655], [-95.28802, 29.74274], [-95.2882, 29.74758], [-95.28861, 29.74983], [-95.29013, 29.74893], [-95.29372, 29.74722], [-95.29576, 29.7474], [-95.29631, 29.74837], [-95.29494, 29.75019], [-95.29483, 29.75115], [-95.2954, 29.75206], [-95.29742, 29.75423], [-95.29861, 29.75416], [-95.29968, 29.75311], [-95.30084, 29.75273], [-95.3018, 29.75305], [-95.30291, 29.75395]]]}, "properties": {"GEOID": "48201311000", "LILATracts_1And10": 0, "LILATracts_halfAnd10": 1, "LILATracts_Vehicle": 0, "LowIncomeTracts": 1, "LA1and10": 0, "lowincome_lowaccess_share": 13.7041, "pct_zero_car": 0.1028}}, {"type": "Feature", "geometry": {"type": "Polygon", "coordinates": [[[-95.29051, 29.73655], [-95.29298, 29.73045], [-95.29462, 29.72868], [-95.2949, 29.72794], [-95.29289, 29.72632], [-95.29106, 29.72557], [-95.29049, 29.72392], [-95.28984, 29.72336], [-95.28781, 29.72346], [-95.28618, 29.72263], [-95.28414, 29.72237], [-95.28338, 29.72262], [-95.28202, 29.72491], [-95.28211, 29.72647], [-95.28167, 29.72738], [-95.27804, 29.7274], [-95.27651, 29.72665], [-95.27528, 29.72734], [-95.27577, 29.72756], [-95.27851, 29.73623], [-95.28041, 29.73953], [-95.28501, 29.74533], [-95.28791, 29.75003], [-95.28861, 29.74983], [-95.2882, 29.74758], [-95.28802, 29.74274], [-95.29051, 29.73655]]]}, "properties": {"GEOID": "48201311100", "LILATracts_1And10": 0, "LILATracts_halfAnd10": 1, "LILATracts_Vehicle": 1, "LowIncomeTracts": 1, "LA1and10": 0, "lowincome_lowaccess_share": 59.8518, "pct_zero_car": 0.0964}}, {"type": "Feature", "geometry": {"type": "Polygon", "coordinates": [[[-95.3051, 29.70843], [-95.30155, 29.70604], [-95.29545, 29.70213], [-95.29442, 29.70332], [-95.29338, 29.70384], [-95.29051, 29.70404], [-95.28972, 29.70487], [-95.29005, 29.7064], [-95.29019, 29.7122], [-95.28717, 29.71448], [-95.2859, 29.71479], [-95.28595, 29.71677], [-95.286, 29.71915], [-95.3051, 29.70843]]]}, "properties": {"GEOID": "48201311300", "LILATracts_1And10": 0, "LILATracts_halfAnd10": 1, "LILATracts_Vehicle": 0, "LowIncomeTracts": 1, "LA1and10": 0, "lowincome_lowaccess_share": 15.1468, "pct_zero_car": 0.0622}}, {"type": "Feature", "geometry": {"type": "Polygon", "coordinates": [[[-95.28618, 29.72263], [-95.28691, 29.7211], [-95.28609, 29.72017], [-95.28511, 29.71965], [-95.286, 29.71915], [-95.28595, 29.71677], [-95.2836, 29.7166], [-95.28071, 29.71565], [-95.27806, 29.71324], [-95.27539, 29.71252], [-95.27449, 29.71206], [-95.27056, 29.71071], [-95.26718, 29.70991], [-95.26631, 29.7119], [-95.2662, 29.72234], [-95.26651, 29.72485], [-95.27031, 29.72443], [-95.27528, 29.72734], [-95.27651, 29.72665], [-95.27804, 29.7274], [-95.28167, 29.72738], [-95.28211, 29.72647], [-95.28202, 29.72491], [-95.28338, 29.72262], [-95.28414, 29.72237], [-95.28618, 29.72263]]]}, "properties": {"GEOID": "48201311400", "LILATracts_1And10": 0, "LILATracts_halfAnd10": 1, "LILATracts_Vehicle": 0, "LowIncomeTracts": 1, "LA1and10": 0, "lowincome_lowaccess_share": 25.222, "pct_zero_car": 0.1313}}, {"type": "Feature", "geometry": {"type": "Polygon", "coordinates": [[[-95.62382, 29.77991], [-95.62387, 29.77459], [-95.62313, 29.77246], [-95.62133, 29.77138], [-95.6189, 29.76996], [-95.61846, 29.76887], [-95.61921, 29.76515], [-95.61852, 29.76375], [-95.61292, 29.7609], [-95.6117, 29.76057], [-95.60721, 29.76185], [-95.60619, 29.76189], [-95.60627, 29.7701], [-95.6089, 29.77009], [-95.61024, 29.77043], [-95.61451, 29.7728], [-95.61568, 29.77421], [-95.61618, 29.77539], [-95.61709, 29.77656], [-95.62028, 29.77931], [-95.62137, 29.77975], [-95.62382, 29.77991]]]}, "properties": {"GEOID": "48201450600", "LILATracts_1And10": 0, "LILATracts_halfAnd10": 0, "LILATracts_Vehicle": 0, "LowIncomeTracts": 0, "LA1and10": 0, "lowincome_lowaccess_share": 5.4615, "pct_zero_car": 0.0072}}, {"type": "Feature", "geometry": {"type": "Polygon", "coordinates": [[[-95.60627, 29.7701], [-95.60619, 29.76189], [-95.60244, 29.76191], [-95.60152, 29.76173], [-95.59534, 29.75945], [-95.59393, 29.75925], [-95.5906, 29.75956], [-95.58961, 29.75979], [-95.58818, 29.76083], [-95.5864, 29.76428], [-95.58548, 29.76534], [-95.5841, 29.76586], [-95.58139, 29.76572], [-95.5784, 29.76702], [-95.57601, 29.76586], [-95.57083, 29.7626], [-95.56972, 29.76207], [-95.56851, 29.76192], [-95.56271, 29.76196], [-95.56066, 29.76156], [-95.55987, 29.76077], [-95.55901, 29.76101], [-95.55834, 29.76221], [-95.55932, 29.76414], [-95.56173, 29.76697], [-95.56251, 29.76861], [-95.56283, 29.77064], [-95.56288, 29.77277], [-95.57025, 29.77264], [-95.57876, 29.77258], [-95.58296, 29.77328], [-95.58575, 29.77324], [-95.58812, 29.77237], [-95.5898, 29.77124], [-95.59155, 29.77032], [-95.59371, 29.76996], [-95.59779, 29.77022], [-95.60627, 29.7701]]]}, "properties": {"GEOID": "48201450700", "LILATracts_1And10": 0, "LILATracts_halfAnd10": 0, "LILATracts_Vehicle": 0, "LowIncomeTracts": 0, "LA1and10": 0, "lowincome_lowaccess_share": 4.5095, "pct_zero_car": 0.0127}}, {"type": "Feature", "geometry": {"type": "Polygon", "coordinates": [[[-95.3977, 29.79069], [-95.39744, 29.77667], [-95.38845, 29.77687], [-95.38733, 29.77818], [-95.38711, 29.78012], [-95.38768, 29.78163], [-95.38783, 29.79083], [-95.3977, 29.79069]]]}, "properties": {"GEOID": "48201510400", "LILATracts_1And10": 0, "LILATracts_halfAnd10": 0, "LILATracts_Vehicle": 0, "LowIncomeTracts": 0, "LA1and10": 0, "lowincome_lowaccess_share": 12.3145, "pct_zero_car": 0.0204}}, {"type": "Feature", "geometry": {"type": "Polygon", "coordinates": [[[-95.4099, 29.79051], [-95.4097, 29.78346], [-95.40917, 29.7815], [-95.40963, 29.7795], [-95.40961, 29.77766], [-95.40784, 29.77758], [-95.40296, 29.77682], [-95.39901, 29.77659], [-95.39744, 29.77667], [-95.3977, 29.79069], [-95.39897, 29.79068], [-95.4099, 29.79051]]]}, "properties": {"GEOID": "48201510500", "LILATracts_1And10": 0, "LILATracts_halfAnd10": 0, "LILATracts_Vehicle": 0, "LowIncomeTracts": 0, "LA1and10": 0, "lowincome_lowaccess_share": 1.5776, "pct_zero_car": 0.0301}}, {"type": "Feature", "geometry": {"type": "Polygon", "coordinates": [[[-95.42916, 29.77765], [-95.4273, 29.77599], [-95.42419, 29.77241], [-95.42271, 29.77109], [-95.41744, 29.77065], [-95.41342, 29.77043], [-95.40946, 29.77047], [-95.40612, 29.7705], [-95.39727, 29.76956], [-95.39744, 29.77667], [-95.39901, 29.77659], [-95.40296, 29.77682], [-95.40784, 29.77758], [-95.40961, 29.77766], [-95.41096, 29.77767], [-95.42567, 29.77746], [-95.42916, 29.77765]]]}, "properties": {"GEOID": "48201510600", "LILATracts_1And10": 0, "LILATracts_halfAnd10": 0, "LILATracts_Vehicle": 0, "LowIncomeTracts": 0, "LA1and10": 1, "lowincome_lowaccess_share": 4.8452, "pct_zero_car": 0.0091}}, {"type": "Feature", "geometry": {"type": "Polygon", "coordinates": [[[-95.49569, 29.89968], [-95.49559, 29.89357], [-95.49469, 29.8914], [-95.49443, 29.88847], [-95.49231, 29.8847], [-95.48529, 29.88476], [-95.48523, 29.88422], [-95.48268, 29.88472], [-95.47826, 29.88484], [-95.4739, 29.88431], [-95.47439, 29.88683], [-95.47597, 29.88884], [-95.4781, 29.89028], [-95.47921, 29.89148], [-95.47977, 29.89253], [-95.48011, 29.89414], [-95.48017, 29.89798], [-95.48043, 29.89975], [-95.49569, 29.89968]]]}, "properties": {"GEOID": "48201532600", "LILATracts_1And10": 1, "LILATracts_halfAnd10": 1, "LILATracts_Vehicle": 1, "LowIncomeTracts": 1, "LA1and10": 1, "lowincome_lowaccess_share": 42.8662, "pct_zero_car": 0.0901}}, {"type": "Feature", "geometry": {"type": "Polygon", "coordinates": [[[-95.47086, 29.90551], [-95.47077, 29.90511], [-95.46473, 29.89873], [-95.45853, 29.8921], [-95.45623, 29.89029], [-95.45066, 29.88469], [-95.44603, 29.87992], [-95.44035, 29.87423], [-95.43662, 29.87076], [-95.43435, 29.86865], [-95.42945, 29.86467], [-95.42955, 29.86602], [-95.42976, 29.87797], [-95.42998, 29.88564], [-95.43113, 29.88559], [-95.43115, 29.88627], [-95.42638, 29.88636], [-95.42462, 29.88674], [-95.42175, 29.88831], [-95.42931, 29.89803], [-95.43279, 29.89803], [-95.45333, 29.89765], [-95.4601, 29.89762], [-95.46144, 29.89785], [-95.46312, 29.89877], [-95.46726, 29.90314], [-95.47086, 29.90551]]]}, "properties": {"GEOID": "48201533400", "LILATracts_1And10": 1, "LILATracts_halfAnd10": 1, "LILATracts_Vehicle": 1, "LowIncomeTracts": 1, "LA1and10": 1, "lowincome_lowaccess_share": 54.1994, "pct_zero_car": 0.0564}}, {"type": "Feature", "geometry": {"type": "Polygon", "coordinates": [[[-95.43017, 29.89912], [-95.42931, 29.89803], [-95.42175, 29.88831], [-95.41749, 29.88287], [-95.41305, 29.87697], [-95.41023, 29.8736], [-95.41144, 29.87567], [-95.4119, 29.87686], [-95.41211, 29.87856], [-95.41211, 29.8822], [-95.41245, 29.89965], [-95.41474, 29.90203], [-95.41611, 29.90237], [-95.42281, 29.90222], [-95.42615, 29.90077], [-95.42762, 29.9007], [-95.42969, 29.89919], [-95.43017, 29.89912]]]}, "properties": {"GEOID": "48201533500", "LILATracts_1And10": 0, "LILATracts_halfAnd10": 0, "LILATracts_Vehicle": 0, "LowIncomeTracts": 0, "LA1and10": 0, "lowincome_lowaccess_share": 19.0467, "pct_zero_car": 0.0417}}, {"type": "Feature", "geometry": {"type": "Polygon", "coordinates": [[[-95.43277, 29.91473], [-95.44216, 29.91459], [-95.43017, 29.89912], [-95.42969, 29.89919], [-95.42762, 29.9007], [-95.42615, 29.90077], [-95.42281, 29.90222], [-95.41611, 29.90237], [-95.41474, 29.90203], [-95.41245, 29.89965], [-95.41269, 29.91507], [-95.42378, 29.91492], [-95.43277, 29.91473]]]}, "properties": {"GEOID": "48201533600", "LILATracts_1And10": 0, "LILATracts_halfAnd10": 1, "LILATracts_Vehicle": 0, "LowIncomeTracts": 1, "LA1and10": 0, "lowincome_lowaccess_share": 32.4298, "pct_zero_car": 0.0821}}, {"type": "Feature", "geometry": {"type": "Polygon", "coordinates": [[[-95.84109, 29.83114], [-95.83995, 29.82834], [-95.83615, 29.81664], [-95.83335, 29.8082], [-95.83058, 29.80042], [-95.82497, 29.80044], [-95.82496, 29.80151], [-95.81989, 29.80159], [-95.81098, 29.80157], [-95.809, 29.80165], [-95.80907, 29.81456], [-95.80912, 29.81685], [-95.80672, 29.81686], [-95.8067, 29.83112], [-95.80683, 29.83136], [-95.81523, 29.83127], [-95.83472, 29.83114], [-95.84109, 29.83114]]]}, "properties": {"GEOID": "48201542800", "LILATracts_1And10": 0, "LILATracts_halfAnd10": 0, "LILATracts_Vehicle": 0, "LowIncomeTracts": 0, "LA1and10": 1, "lowincome_lowaccess_share": 15.9715, "pct_zero_car": 0.0292}}, {"type": "Feature", "geometry": {"type": "Polygon", "coordinates": [[[-95.37054, 29.89255], [-95.37213, 29.8921], [-95.37285, 29.89245], [-95.37521, 29.89269], [-95.37691, 29.89222], [-95.37872, 29.8932], [-95.37955, 29.89329], [-95.3817, 29.89286], [-95.38457, 29.8916], [-95.38638, 29.89295], [-95.38705, 29.89309], [-95.38795, 29.89226], [-95.39089, 29.89185], [-95.39268, 29.89206], [-95.39587, 29.89332], [-95.39689, 29.89286], [-95.39183, 29.88444], [-95.38672, 29.87603], [-95.38512, 29.87325], [-95.38491, 29.87005], [-95.36814, 29.87026], [-95.36509, 29.87073], [-95.37054, 29.89255]]]}, "properties": {"GEOID": "48201221700", "LILATracts_1And10": 0, "LILATracts_halfAnd10": 1, "LILATracts_Vehicle": 0, "LowIncomeTracts": 1, "LA1and10": 0, "lowincome_lowaccess_share": 42.6312, "pct_zero_car": 0.0533}}, {"type": "Feature", "geometry": {"type": "Polygon", "coordinates": [[[-95.26802, 29.79181], [-95.26722, 29.79016], [-95.2647, 29.78393], [-95.26366, 29.78118], [-95.26342, 29.77959], [-95.26408, 29.77572], [-95.25506, 29.77425], [-95.25152, 29.7738], [-95.24755, 29.77376], [-95.2367, 29.77389], [-95.23524, 29.77372], [-95.22797, 29.77212], [-95.22838, 29.77309], [-95.22854, 29.77471], [-95.22888, 29.77509], [-95.22996, 29.77634], [-95.23185, 29.77713], [-95.23303, 29.77942], [-95.23361, 29.77972], [-95.23383, 29.78075], [-95.23557, 29.78222], [-95.23484, 29.78375], [-95.23587, 29.78388], [-95.23635, 29.785], [-95.23785, 29.78533], [-95.23817, 29.78604], [-95.23777, 29.7867], [-95.23803, 29.7876], [-95.23897, 29.78814], [-95.23946, 29.78902], [-95.23958, 29.79083], [-95.24053, 29.792], [-95.24276, 29.79354], [-95.24411, 29.79386], [-95.24528, 29.79495], [-95.24728, 29.79489], [-95.2616, 29.7921], [-95.26802, 29.79181]]]}, "properties": {"GEOID": "48201232600", "LILATracts_1And10": 0, "LILATracts_halfAnd10": 0, "LILATracts_Vehicle": 0, "LowIncomeTracts": 0, "LA1and10": 0, "lowincome_lowaccess_share": 34.8474, "pct_zero_car": 0.0196}}, {"type": "Feature", "geometry": {"type": "Polygon", "coordinates": [[[-95.57026, 29.68838], [-95.56965, 29.68617], [-95.56954, 29.68385], [-95.57005, 29.68168], [-95.57016, 29.67995], [-95.5706, 29.67838], [-95.57039, 29.67422], [-95.56863, 29.67413], [-95.56048, 29.67463], [-95.56025, 29.67621], [-95.55845, 29.68466], [-95.55748, 29.68942], [-95.56008, 29.68966], [-95.56276, 29.68925], [-95.56715, 29.68902], [-95.57026, 29.68838]]]}, "properties": {"GEOID": "48201453200", "LILATracts_1And10": 0, "LILATracts_halfAnd10": 0, "LILATracts_Vehicle": 0, "LowIncomeTracts": 1, "LA1and10": 0, "lowincome_lowaccess_share": 3.5773, "pct_zero_car": 0.0896}}, {"type": "Feature", "geometry": {"type": "Polygon", "coordinates": [[[-95.44739, 29.70592], [-95.44705, 29.68996], [-95.44701, 29.68731], [-95.44611, 29.68757], [-95.44278, 29.69058], [-95.44087, 29.69099], [-95.44007, 29.69064], [-95.44008, 29.69166], [-95.43904, 29.69166], [-95.43905, 29.69078], [-95.43818, 29.69056], [-95.43607, 29.69155], [-95.43594, 29.69196], [-95.43708, 29.6943], [-95.43731, 29.69599], [-95.43712, 29.69853], [-95.43717, 29.70458], [-95.44016, 29.70464], [-95.44616, 29.70458], [-95.44619, 29.70593], [-95.44739, 29.70592]]]}, "properties": {"GEOID": "48201413000", "LILATracts_1And10": 0, "LILATracts_halfAnd10": 0, "LILATracts_Vehicle": 0, "LowIncomeTracts": 0, "LA1and10": 0, "lowincome_lowaccess_share": 3.0356, "pct_zero_car": 0.0384}}, {"type": "Feature", "geometry": {"type": "Polygon", "coordinates": [[[-95.47624, 29.68988], [-95.477, 29.68732], [-95.47702, 29.68328], [-95.47687, 29.67739], [-95.46888, 29.67852], [-95.46262, 29.67974], [-95.46067, 29.68105], [-95.45905, 29.6814], [-95.4591, 29.69008], [-95.47624, 29.68988]]]}, "properties": {"GEOID": "48201420800", "LILATracts_1And10": 0, "LILATracts_halfAnd10": 0, "LILATracts_Vehicle": 0, "LowIncomeTracts": 0, "LA1and10": 0, "lowincome_lowaccess_share": 2.7431, "pct_zero_car": 0.0078}}, {"type": "Feature", "geometry": {"type": "Polygon", "coordinates": [[[-95.43416, 29.94612], [-95.4364, 29.9452], [-95.44165, 29.9433], [-95.446, 29.94091], [-95.44745, 29.94023], [-95.44828, 29.93949], [-95.4497, 29.93882], [-95.45107, 29.93773], [-95.44905, 29.93782], [-95.43887, 29.93791], [-95.43516, 29.93755], [-95.43208, 29.9377], [-95.42867, 29.9385], [-95.42226, 29.94023], [-95.42099, 29.94043], [-95.41401, 29.94053], [-95.41718, 29.94918], [-95.41826, 29.95324], [-95.41861, 29.95688], [-95.41994, 29.95676], [-95.42203, 29.95553], [-95.42324, 29.95548], [-95.42445, 29.95484], [-95.42621, 29.95436], [-95.42695, 29.95381], [-95.42796, 29.95375], [-95.42891, 29.95309], [-95.42934, 29.95187], [-95.43065, 29.95011], [-95.43254, 29.94808], [-95.43282, 29.9472], [-95.43416, 29.94612]]]}, "properties": {"GEOID": "48201550100", "LILATracts_1And10": 1, "LILATracts_halfAnd10": 1, "LILATracts_Vehicle": 1, "LowIncomeTracts": 1, "LA1and10": 1, "lowincome_lowaccess_share": 76.2723, "pct_zero_car": 0.0786}}, {"type": "Feature", "geometry": {"type": "Polygon", "coordinates": [[[-95.43657, 29.96542], [-95.43653, 29.965], [-95.43618, 29.94621], [-95.43416, 29.94612], [-95.43282, 29.9472], [-95.43254, 29.94808], [-95.43065, 29.95011], [-95.42934, 29.95187], [-95.42891, 29.95309], [-95.42796, 29.95375], [-95.42695, 29.95381], [-95.42621, 29.95436], [-95.42445, 29.95484], [-95.42324, 29.95548], [-95.42203, 29.95553], [-95.41994, 29.95676], [-95.41861, 29.95688], [-95.41867, 29.96231], [-95.41885, 29.96422], [-95.41925, 29.96573], [-95.42186, 29.96596], [-95.42291, 29.96598], [-95.42622, 29.96535], [-95.43145, 29.96526], [-95.43369, 29.96556], [-95.43657, 29.96542]]]}, "properties": {"GEOID": "48201550200", "LILATracts_1And10": 1, "LILATracts_halfAnd10": 1, "LILATracts_Vehicle": 1, "LowIncomeTracts": 1, "LA1and10": 1, "lowincome_lowaccess_share": 76.0637, "pct_zero_car": 0.2137}}, {"type": "Feature", "geometry": {"type": "Polygon", "coordinates": [[[-95.53063, 29.99807], [-95.53258, 29.99644], [-95.5321, 29.99516], [-95.53224, 29.99439], [-95.53408, 29.99443], [-95.53523, 29.99288], [-95.53661, 29.99287], [-95.53831, 29.9911], [-95.53941, 29.99111], [-95.54035, 29.99069], [-95.5409, 29.98946], [-95.54227, 29.98911], [-95.54277, 29.98842], [-95.54568, 29.98711], [-95.54751, 29.988], [-95.54946, 29.99071], [-95.54929, 29.99193], [-95.54976, 29.99311], [-95.55149, 29.99304], [-95.55184, 29.99254], [-95.55353, 29.99268], [-95.54259, 29.97339], [-95.53846, 29.96616], [-95.53635, 29.96694], [-95.52513, 29.97312], [-95.51896, 29.97647], [-95.51313, 29.97974], [-95.51417, 29.98103], [-95.51636, 29.98266], [-95.51703, 29.98342], [-95.52062, 29.98832], [-95.52179, 29.98938], [-95.52387, 29.99058], [-95.52465, 29.99129], [-95.52689, 29.9943], [-95.52981, 29.9969], [-95.53063, 29.99807]]]}, "properties": {"GEOID": "48201552800", "LILATracts_1And10": 0, "LILATracts_halfAnd10": 0, "LILATracts_Vehicle": 0, "LowIncomeTracts": 0, "LA1and10": 1, "lowincome_lowaccess_share": 6.8833, "pct_zero_car": 0.0438}}, {"type": "Feature", "geometry": {"type": "Polygon", "coordinates": [[[-95.06363, 29.96989], [-95.06351, 29.95971], [-95.06341, 29.95538], [-95.06291, 29.94383], [-95.06284, 29.94056], [-95.06248, 29.94034], [-95.06233, 29.92902], [-95.06232, 29.92527], [-95.06395, 29.92514], [-95.06394, 29.92263], [-95.06378, 29.91324], [-95.06165, 29.91464], [-95.05903, 29.91664], [-95.05612, 29.91923], [-95.05298, 29.92157], [-95.04776, 29.92566], [-95.04152, 29.93034], [-95.03365, 29.93645], [-95.00612, 29.95736], [-94.98959, 29.97011], [-94.98591, 29.97301], [-94.98784, 29.97451], [-94.99417, 29.97739], [-94.99542, 29.97783], [-94.99527, 29.97945], [-94.99839, 29.98747], [-94.99979, 29.9909], [-94.99981, 29.99144], [-95.00737, 29.99332], [-95.01706, 29.9958], [-95.01867, 29.99646], [-95.02191, 29.99691], [-95.02473, 29.99658], [-95.02677, 29.99674], [-95.02582, 29.99195], [-95.02552, 29.99164], [-95.0222, 29.99168], [-95.02183, 29.99147], [-95.02181, 29.98977], [-95.03524, 29.98962], [-95.03976, 29.9895], [-95.04159, 29.98905], [-95.04972, 29.98897], [-95.04907, 29.98053], [-95.06163, 29.98038], [-95.06185, 29.98027], [-95.06167, 29.96992], [-95.06363, 29.96989]]]}, "properties": {"GEOID": "48201251800", "LILATracts_1And10": 0, "LILATracts_halfAnd10": 0, "LILATracts_Vehicle": 0, "LowIncomeTracts": 0, "LA1and10": 0, "lowincome_lowaccess_share": 27.8264, "pct_zero_car": 0.0311}}, {"type": "Feature", "geometry": {"type": "Polygon", "coordinates": [[[-95.12819, 29.86819], [-95.12808, 29.86569], [-95.12793, 29.85617], [-95.12799, 29.85463], [-95.12755, 29.83794], [-95.12758, 29.83644], [-95.12716, 29.82051], [-95.12555, 29.81177], [-95.12431, 29.80415], [-95.12397, 29.80128], [-95.12464, 29.78902], [-95.12462, 29.78285], [-95.12451, 29.7782], [-95.12081, 29.77929], [-95.10814, 29.7846], [-95.10661, 29.78515], [-95.09218, 29.78989], [-95.08856, 29.79071], [-95.08374, 29.79123], [-95.08114, 29.79191], [-95.07279, 29.7949], [-95.07101, 29.79535], [-95.06837, 29.79539], [-95.06596, 29.79482], [-95.06082, 29.79251], [-95.05813, 29.79424], [-95.05696, 29.79582], [-95.05671, 29.79776], [-95.05783, 29.79967], [-95.06001, 29.80088], [-95.06401, 29.80249], [-95.06541, 29.80286], [-95.07013, 29.80333], [-95.07344, 29.80261], [-95.07516, 29.80203], [-95.07927, 29.79976], [-95.08186, 29.79902], [-95.08494, 29.79837], [-95.08666, 29.79819], [-95.08891, 29.79872], [-95.08981, 29.80021], [-95.08992, 29.80571], [-95.09022, 29.80787], [-95.08967, 29.81396], [-95.08795, 29.81604], [-95.08531, 29.81734], [-95.0802, 29.81763], [-95.07914, 29.81845], [-95.07908, 29.81987], [-95.0795, 29.82235], [-95.07924, 29.82398], [-95.07838, 29.82541], [-95.07771, 29.82582], [-95.07589, 29.82609], [-95.07432, 29.82585], [-95.06927, 29.82429], [-95.06629, 29.82395], [-95.06366, 29.82496], [-95.06209, 29.82643], [-95.06121, 29.82837], [-95.06145, 29.82993], [-95.062, 29.8309], [-95.06308, 29.8319], [-95.06478, 29.83277], [-95.06703, 29.83281], [-95.07216, 29.83074], [-95.07708, 29.8296], [-95.08138, 29.82929], [-95.08308, 29.82941], [-95.08765, 29.83039], [-95.0919, 29.83157], [-95.09351, 29.83223], [-95.09631, 29.83384], [-95.09994, 29.83622], [-95.10296, 29.83863], [-95.10366, 29.83952], [-95.10638, 29.84417], [-95.10609, 29.84568], [-95.10411, 29.84539], [-95.10282, 29.84424], [-95.10098, 29.84311], [-95.09689, 29.84568], [-95.09423, 29.84593], [-95.09216, 29.84668], [-95.09031, 29.84864], [-95.08956, 29.85019], [-95.08928, 29.8515], [-95.091, 29.85501], [-95.09292, 29.85926], [-95.09396, 29.86093], [-95.09395, 29.86197], [-95.09337, 29.86288], [-95.0939, 29.86448], [-95.09359, 29.86625], [-95.09362, 29.86963], [-95.09455, 29.87408], [-95.09424, 29.87619], [-95.09366, 29.87818], [-95.09423, 29.87938], [-95.09538, 29.88024], [-95.10521, 29.8781], [-95.10659, 29.87759], [-95.11236, 29.87502], [-95.11485, 29.87414], [-95.12266, 29.87061], [-95.12819, 29.86819]]]}, "properties": {"GEOID": "48201252600", "LILATracts_1And10": 1, "LILATracts_halfAnd10": 1, "LILATracts_Vehicle": 0, "LowIncomeTracts": 1, "LA1and10": 1, "lowincome_lowaccess_share": 40.8879, "pct_zero_car": 0.0327}}, {"type": "Feature", "geometry": {"type": "Polygon", "coordinates": [[[-95.57207, 29.74795], [-95.57192, 29.73838], [-95.57176, 29.73669], [-95.55772, 29.73686], [-95.55789, 29.74755], [-95.55981, 29.74752], [-95.56213, 29.74716], [-95.56415, 29.74715], [-95.56645, 29.74742], [-95.56825, 29.74741], [-95.57057, 29.74787], [-95.57207, 29.74795]]]}, "properties": {"GEOID": "48201450900", "LILATracts_1And10": 0, "LILATracts_halfAnd10": 0, "LILATracts_Vehicle": 0, "LowIncomeTracts": 0, "LA1and10": 0, "lowincome_lowaccess_share": 1.5365, "pct_zero_car": 0.0136}}, {"type": "Feature", "geometry": {"type": "Polygon", "coordinates": [[[-95.46, 29.93752], [-95.45718, 29.93396], [-95.44684, 29.92064], [-95.43695, 29.92278], [-95.43448, 29.92354], [-95.43288, 29.92369], [-95.43277, 29.91473], [-95.42378, 29.91492], [-95.41269, 29.91507], [-95.41275, 29.91733], [-95.41231, 29.92468], [-95.41197, 29.93041], [-95.41198, 29.9318], [-95.41217, 29.93466], [-95.41325, 29.93839], [-95.41401, 29.94053], [-95.42099, 29.94043], [-95.42226, 29.94023], [-95.42867, 29.9385], [-95.43208, 29.9377], [-95.43516, 29.93755], [-95.43887, 29.93791], [-95.44905, 29.93782], [-95.45107, 29.93773], [-95.4549, 29.93755], [-95.46, 29.93752]]]}, "properties": {"GEOID": "48201533701", "LILATracts_1And10": 0, "LILATracts_halfAnd10": 1, "LILATracts_Vehicle": 0, "LowIncomeTracts": 1, "LA1and10": 0, "lowincome_lowaccess_share": 54.2712, "pct_zero_car": 0.0466}}, {"type": "Feature", "geometry": {"type": "Polygon", "coordinates": [[[-95.33138, 29.91123], [-95.33137, 29.90661], [-95.33242, 29.90352], [-95.33246, 29.9025], [-95.33118, 29.90251], [-95.32347, 29.90281], [-95.32362, 29.91074], [-95.32679, 29.91126], [-95.33138, 29.91123]]]}, "properties": {"GEOID": "48201223002", "LILATracts_1And10": 0, "LILATracts_halfAnd10": 1, "LILATracts_Vehicle": 0, "LowIncomeTracts": 1, "LA1and10": 0, "lowincome_lowaccess_share": 19.5063, "pct_zero_car": 0.1284}}, {"type": "Feature", "geometry": {"type": "Polygon", "coordinates": [[[-95.3801, 30.02037], [-95.37964, 30.01905], [-95.37396, 30.0093], [-95.37263, 30.00542], [-95.36951, 29.99589], [-95.36475, 29.98107], [-95.36462, 29.97956], [-95.36409, 29.96665], [-95.36384, 29.96548], [-95.35057, 29.96566], [-95.35006, 29.9658], [-95.34859, 29.96347], [-95.3471, 29.96078], [-95.34572, 29.96004], [-95.34392, 29.95973], [-95.34027, 29.95372], [-95.33987, 29.95176], [-95.33139, 29.95168], [-95.32685, 29.95177], [-95.32479, 29.95199], [-95.32487, 29.95799], [-95.32983, 29.96613], [-95.32957, 29.96653], [-95.33143, 29.96955], [-95.33344, 29.97137], [-95.335, 29.97397], [-95.33725, 29.97581], [-95.33282, 29.97593], [-95.32955, 29.97583], [-95.32853, 29.97626], [-95.31836, 29.97626], [-95.31751, 29.97592], [-95.30839, 29.97593], [-95.30832, 29.97206], [-95.30718, 29.97282], [-95.29916, 29.97282], [-95.29799, 29.97301], [-95.2967, 29.97387], [-95.29607, 29.9755], [-95.29603, 29.98232], [-95.29593, 29.98278], [-95.29708, 29.98295], [-95.29695, 29.98359], [-95.30534, 29.98531], [-95.30857, 29.98554], [-95.30861, 29.99041], [-95.30875, 29.99425], [-95.30891, 30.00437], [-95.31022, 30.0044], [-95.31248, 30.00482], [-95.31597, 30.00619], [-95.33012, 30.01154], [-95.34048, 30.01341], [-95.34668, 30.01444], [-95.36673, 30.01798], [-95.3801, 30.02037]]]}, "properties": {"GEOID": "48201980100", "LILATracts_1And10": 1, "LILATracts_halfAnd10": 1, "LILATracts_Vehicle": 0, "LowIncomeTracts": 1, "LA1and10": 1, "lowincome_lowaccess_share": 63.8953, "pct_zero_car": 0.0482}}, {"type": "Feature", "geometry": {"type": "Polygon", "coordinates": [[[-95.1958, 29.97933], [-95.19649, 29.97636], [-95.1972, 29.97493], [-95.1987, 29.97309], [-95.19978, 29.9709], [-95.20145, 29.96924], [-95.20249, 29.9679], [-95.20186, 29.96696], [-95.20292, 29.96536], [-95.20397, 29.96471], [-95.20547, 29.96452], [-95.20542, 29.96324], [-95.20668, 29.9621], [-95.20848, 29.96207], [-95.21047, 29.96044], [-95.21044, 29.9588], [-95.21139, 29.95668], [-95.21285, 29.95593], [-95.21464, 29.95592], [-95.21532, 29.95471], [-95.21635, 29.95374], [-95.21699, 29.95198], [-95.21852, 29.95115], [-95.21649, 29.93632], [-95.21624, 29.93419], [-95.21156, 29.93419], [-95.21007, 29.93393], [-95.20778, 29.9329], [-95.20639, 29.93191], [-95.20596, 29.93232], [-95.19965, 29.93843], [-95.18574, 29.95196], [-95.1775, 29.95993], [-95.17382, 29.96343], [-95.16474, 29.97229], [-95.15813, 29.97868], [-95.15643, 29.98023], [-95.15352, 29.98208], [-95.15125, 29.98297], [-95.14814, 29.98363], [-95.14125, 29.98419], [-95.13785, 29.98482], [-95.13544, 29.98583], [-95.13154, 29.98767], [-95.1313, 29.98779], [-95.13071, 29.99032], [-95.12951, 29.99393], [-95.13172, 30.01286], [-95.14239, 30.00936], [-95.14622, 30.00756], [-95.15951, 29.99956], [-95.16227, 29.99858], [-95.16196, 29.99764], [-95.16181, 29.99436], [-95.16155, 29.98492], [-95.16166, 29.9837], [-95.1623, 29.98232], [-95.1632, 29.98126], [-95.16586, 29.98259], [-95.16896, 29.98272], [-95.17556, 29.98096], [-95.17684, 29.98086], [-95.17992, 29.97918], [-95.18253, 29.97879], [-95.18648, 29.97912], [-95.19009, 29.97886], [-95.19365, 29.97935], [-95.1958, 29.97933]]]}, "properties": {"GEOID": "48201250402", "LILATracts_1And10": 0, "LILATracts_halfAnd10": 0, "LILATracts_Vehicle": 0, "LowIncomeTracts": 0, "LA1and10": 1, "lowincome_lowaccess_share": 15.4375, "pct_zero_car": 0.0235}}, {"type": "Feature", "geometry": {"type": "Polygon", "coordinates": [[[-95.62191, 29.85103], [-95.62153, 29.84998], [-95.62238, 29.84975], [-95.62215, 29.84907], [-95.62283, 29.84865], [-95.62189, 29.84825], [-95.6218, 29.84754], [-95.62264, 29.8471], [-95.62232, 29.8459], [-95.62307, 29.84522], [-95.62255, 29.84417], [-95.62379, 29.8437], [-95.62354, 29.84269], [-95.6241, 29.8416], [-95.6251, 29.84126], [-95.62534, 29.84049], [-95.6262, 29.84025], [-95.6252, 29.83938], [-95.62509, 29.83836], [-95.62575, 29.83785], [-95.62491, 29.83722], [-95.62613, 29.83677], [-95.62561, 29.83598], [-95.6188, 29.83596], [-95.61365, 29.83605], [-95.61166, 29.83582], [-95.60484, 29.83374], [-95.605, 29.84154], [-95.60806, 29.86311], [-95.60828, 29.86573], [-95.60846, 29.87246], [-95.60842, 29.87675], [-95.60852, 29.87954], [-95.62067, 29.87945], [-95.62538, 29.87943], [-95.62516, 29.8783], [-95.62599, 29.87685], [-95.62532, 29.87402], [-95.62439, 29.87303], [-95.625, 29.87222], [-95.62594, 29.87188], [-95.62607, 29.87124], [-95.62517, 29.87008], [-95.62396, 29.86959], [-95.62379, 29.86901], [-95.62417, 29.86694], [-95.62486, 29.86548], [-95.62429, 29.86395], [-95.62432, 29.863], [-95.62437, 29.86184], [-95.62289, 29.85944], [-95.62098, 29.85764], [-95.62058, 29.85625], [-95.62144, 29.85623], [-95.62078, 29.85522], [-95.62135, 29.85426], [-95.61971, 29.85293], [-95.62085, 29.85171], [-95.62191, 29.85103]]]}, "properties": {"GEOID": "48201540700", "LILATracts_1And10": 0, "LILATracts_halfAnd10": 0, "LILATracts_Vehicle": 0, "LowIncomeTracts": 0, "LA1and10": 0, "lowincome_lowaccess_share": 10.6339, "pct_zero_car": 0.0116}}, {"type": "Feature", "geometry": {"type": "Polygon", "coordinates": [[[-95.19335, 29.80602], [-95.20078, 29.80594], [-95.20582, 29.8067], [-95.20955, 29.8068], [-95.21158, 29.80612], [-95.2128, 29.8052], [-95.21116, 29.80495], [-95.20988, 29.80346], [-95.20894, 29.80295], [-95.20728, 29.80009], [-95.20406, 29.79712], [-95.2037, 29.79629], [-95.20415, 29.79562], [-95.2068, 29.79555], [-95.20639, 29.79428], [-95.20638, 29.79226], [-95.20561, 29.79131], [-95.20173, 29.79139], [-95.19991, 29.7917], [-95.19704, 29.79328], [-95.19453, 29.794], [-95.1927, 29.79395], [-95.18999, 29.7929], [-95.17935, 29.80588], [-95.17921, 29.8062], [-95.18226, 29.80615], [-95.18408, 29.80611], [-95.18632, 29.80573], [-95.18843, 29.8057], [-95.19015, 29.80599], [-95.19335, 29.80602]]]}, "properties": {"GEOID": "48201232900", "LILATracts_1And10": 0, "LILATracts_halfAnd10": 1, "LILATracts_Vehicle": 0, "LowIncomeTracts": 1, "LA1and10": 0, "lowincome_lowaccess_share": 4.9208, "pct_zero_car": 0.0704}}, {"type": "Feature", "geometry": {"type": "Polygon", "coordinates": [[[-95.85685, 29.87458], [-95.8514, 29.85981], [-95.84629, 29.84532], [-95.84109, 29.83114], [-95.83472, 29.83114], [-95.81523, 29.83127], [-95.80683, 29.83136], [-95.8067, 29.83112], [-95.80672, 29.81686], [-95.80912, 29.81685], [-95.80907, 29.81456], [-95.809, 29.80165], [-95.80184, 29.80172], [-95.77489, 29.80194], [-95.752, 29.8021], [-95.75199, 29.80392], [-95.75219, 29.81608], [-95.75242, 29.82017], [-95.75397, 29.82596], [-95.75422, 29.82755], [-95.75431, 29.83166], [-95.75224, 29.83169], [-95.75301, 29.83208], [-95.75342, 29.83355], [-95.75459, 29.83298], [-95.75533, 29.83307], [-95.75608, 29.83387], [-95.7582, 29.83402], [-95.75901, 29.83348], [-95.76018, 29.8346], [-95.75962, 29.83489], [-95.75916, 29.83623], [-95.76002, 29.83738], [-95.75892, 29.83869], [-95.7622, 29.84074], [-95.76294, 29.84154], [-95.76235, 29.84251], [-95.76269, 29.84318], [-95.7637, 29.84295], [-95.7657, 29.84483], [-95.76663, 29.84467], [-95.76949, 29.84654], [-95.76972, 29.84757], [-95.77053, 29.8475], [-95.7706, 29.84839], [-95.77132, 29.8489], [-95.77073, 29.85044], [-95.76958, 29.85071], [-95.76891, 29.85134], [-95.76922, 29.85221], [-95.76852, 29.8532], [-95.76802, 29.85309], [-95.76746, 29.8541], [-95.76819, 29.85606], [-95.76978, 29.85679], [-95.77365, 29.85121], [-95.77383, 29.87515], [-95.80724, 29.87492], [-95.84062, 29.87467], [-95.85685, 29.87458]]]}, "properties": {"GEOID": "48201542900", "LILATracts_1And10": 0, "LILATracts_halfAnd10": 0, "LILATracts_Vehicle": 0, "LowIncomeTracts": 0, "LA1and10": 0, "lowincome_lowaccess_share": 14.8667, "pct_zero_car": 0.028}}, {"type": "Feature", "geometry": {"type": "Polygon", "coordinates": [[[-95.57601, 29.76586], [-95.5784, 29.76702], [-95.58139, 29.76572], [-95.5841, 29.76586], [-95.58548, 29.76534], [-95.5864, 29.76428], [-95.58818, 29.76083], [-95.58961, 29.75979], [-95.58889, 29.75888], [-95.588, 29.75612], [-95.58601, 29.75318], [-95.58538, 29.75104], [-95.58568, 29.74922], [-95.5866, 29.74744], [-95.58365, 29.74688], [-95.58168, 29.74697], [-95.57853, 29.74776], [-95.57704, 29.74791], [-95.57207, 29.74795], [-95.57217, 29.75059], [-95.57269, 29.75197], [-95.5743, 29.7545], [-95.57557, 29.75576], [-95.57623, 29.75724], [-95.57635, 29.76008], [-95.57559, 29.76362], [-95.57601, 29.76586]]]}, "properties": {"GEOID": "48201451100", "LILATracts_1And10": 0, "LILATracts_halfAnd10": 1, "LILATracts_Vehicle": 0, "LowIncomeTracts": 1, "LA1and10": 0, "lowincome_lowaccess_share": 20.9561, "pct_zero_car": 0.0295}}, {"type": "Feature", "geometry": {"type": "Polygon", "coordinates": [[[-95.60619, 29.76189], [-95.60611, 29.75392], [-95.60087, 29.75375], [-95.59476, 29.75252], [-95.59202, 29.75121], [-95.58848, 29.7484], [-95.5866, 29.74744], [-95.58568, 29.74922], [-95.58538, 29.75104], [-95.58601, 29.75318], [-95.588, 29.75612], [-95.58889, 29.75888], [-95.58961, 29.75979], [-95.5906, 29.75956], [-95.59393, 29.75925], [-95.59534, 29.75945], [-95.60152, 29.76173], [-95.60244, 29.76191], [-95.60619, 29.76189]]]}, "properties": {"GEOID": "48201451200", "LILATracts_1And10": 0, "LILATracts_halfAnd10": 0, "LILATracts_Vehicle": 0, "LowIncomeTracts": 0, "LA1and10": 0, "lowincome_lowaccess_share": 1.8224, "pct_zero_car": 0.0}}, {"type": "Feature", "geometry": {"type": "Polygon", "coordinates": [[[-95.60611, 29.75392], [-95.60599, 29.74723], [-95.60605, 29.74622], [-95.60584, 29.73618], [-95.60082, 29.73615], [-95.59263, 29.7363], [-95.58862, 29.7364], [-95.5887, 29.74281], [-95.58828, 29.74444], [-95.5866, 29.74744], [-95.58848, 29.7484], [-95.59202, 29.75121], [-95.59476, 29.75252], [-95.60087, 29.75375], [-95.60611, 29.75392]]]}, "properties": {"GEOID": "48201451300", "LILATracts_1And10": 0, "LILATracts_halfAnd10": 0, "LILATracts_Vehicle": 0, "LowIncomeTracts": 0, "LA1and10": 0, "lowincome_lowaccess_share": 4.7634, "pct_zero_car": 0.0244}}, {"type": "Feature", "geometry": {"type": "Polygon", "coordinates": [[[-95.4848, 29.71642], [-95.48476, 29.7128], [-95.48463, 29.70553], [-95.47628, 29.7056], [-95.47629, 29.70743], [-95.47251, 29.70748], [-95.47259, 29.7129], [-95.46799, 29.71298], [-95.46805, 29.71659], [-95.47641, 29.71653], [-95.4848, 29.71642]]]}, "properties": {"GEOID": "48201421500", "LILATracts_1And10": 0, "LILATracts_halfAnd10": 0, "LILATracts_Vehicle": 0, "LowIncomeTracts": 1, "LA1and10": 0, "lowincome_lowaccess_share": null, "pct_zero_car": 0.1179}}, {"type": "Feature", "geometry": {"type": "Polygon", "coordinates": [[[-95.49305, 29.70545], [-95.49295, 29.69729], [-95.49299, 29.6948], [-95.48457, 29.69919], [-95.48041, 29.70125], [-95.48036, 29.69832], [-95.47408, 29.69838], [-95.47416, 29.70442], [-95.47625, 29.7034], [-95.47628, 29.7056], [-95.48463, 29.70553], [-95.49305, 29.70545]]]}, "properties": {"GEOID": "48201421600", "LILATracts_1And10": 0, "LILATracts_halfAnd10": 0, "LILATracts_Vehicle": 0, "LowIncomeTracts": 1, "LA1and10": 0, "lowincome_lowaccess_share": 0.4975, "pct_zero_car": 0.1432}}, {"type": "Feature", "geometry": {"type": "Polygon", "coordinates": [[[-95.37246, 29.77836], [-95.37243, 29.77728], [-95.37593, 29.77729], [-95.37583, 29.77001], [-95.37721, 29.77001], [-95.37723, 29.76855], [-95.37561, 29.76833], [-95.37555, 29.76266], [-95.37536, 29.76134], [-95.3732, 29.76116], [-95.37165, 29.76255], [-95.36785, 29.76447], [-95.36728, 29.76509], [-95.3654, 29.76906], [-95.36504, 29.77055], [-95.36525, 29.77138], [-95.3674, 29.77494], [-95.36811, 29.77709], [-95.37167, 29.77836], [-95.37246, 29.77836]]]}, "properties": {"GEOID": "48201510100", "LILATracts_1And10": 0, "LILATracts_halfAnd10": 0, "LILATracts_Vehicle": 0, "LowIncomeTracts": 0, "LA1and10": 0, "lowincome_lowaccess_share": 11.7012, "pct_zero_car": 0.047}}, {"type": "Feature", "geometry": {"type": "Polygon", "coordinates": [[[-95.39727, 29.76956], [-95.39711, 29.76733], [-95.3975, 29.76626], [-95.39883, 29.76424], [-95.39902, 29.76353], [-95.39842, 29.76186], [-95.39602, 29.76281], [-95.39468, 29.76293], [-95.39264, 29.76249], [-95.39118, 29.76256], [-95.38793, 29.76157], [-95.38573, 29.76168], [-95.38472, 29.76178], [-95.38351, 29.76365], [-95.38264, 29.76386], [-95.38133, 29.76223], [-95.38063, 29.76192], [-95.37891, 29.76232], [-95.37803, 29.76205], [-95.37706, 29.76114], [-95.37536, 29.76134], [-95.37555, 29.76266], [-95.37561, 29.76833], [-95.37723, 29.76855], [-95.37721, 29.77001], [-95.37583, 29.77001], [-95.37593, 29.77729], [-95.37243, 29.77728], [-95.37246, 29.77836], [-95.3755, 29.77917], [-95.37725, 29.77915], [-95.38113, 29.77793], [-95.38439, 29.77714], [-95.38845, 29.77687], [-95.39744, 29.77667], [-95.39727, 29.76956]]]}, "properties": {"GEOID": "48201510200", "LILATracts_1And10": 0, "LILATracts_halfAnd10": 0, "LILATracts_Vehicle": 0, "LowIncomeTracts": 0, "LA1and10": 0, "lowincome_lowaccess_share": 2.8061, "pct_zero_car": 0.0352}}, {"type": "Feature", "geometry": {"type": "Polygon", "coordinates": [[[-95.20639, 29.93191], [-95.21521, 29.92334], [-95.22418, 29.91471], [-95.22684, 29.91208], [-95.24068, 29.89864], [-95.23934, 29.8977], [-95.2387, 29.89601], [-95.24007, 29.89464], [-95.24033, 29.89302], [-95.23997, 29.8925], [-95.23817, 29.89207], [-95.23821, 29.89083], [-95.2375, 29.88962], [-95.23661, 29.88912], [-95.23511, 29.88759], [-95.23511, 29.88682], [-95.23665, 29.88461], [-95.2369, 29.88385], [-95.23655, 29.88264], [-95.23703, 29.88145], [-95.2367, 29.88006], [-95.23599, 29.87931], [-95.23633, 29.87852], [-95.23766, 29.87829], [-95.23828, 29.8775], [-95.23865, 29.87448], [-95.2383, 29.87225], [-95.2373, 29.8699], [-95.23557, 29.86841], [-95.23547, 29.86757], [-95.23349, 29.86605], [-95.23067, 29.86212], [-95.23047, 29.86107], [-95.23168, 29.85975], [-95.23102, 29.85838], [-95.22879, 29.85742], [-95.2284, 29.85687], [-95.22853, 29.8531], [-95.22826, 29.85281], [-95.2285, 29.84996], [-95.22835, 29.84639], [-95.22889, 29.84424], [-95.22986, 29.84418], [-95.23148, 29.84304], [-95.2319, 29.84238], [-95.23142, 29.84126], [-95.23162, 29.84032], [-95.23243, 29.83959], [-95.23368, 29.83927], [-95.23418, 29.83809], [-95.23112, 29.83536], [-95.23014, 29.834], [-95.23047, 29.8321], [-95.23179, 29.83032], [-95.23056, 29.82832], [-95.23038, 29.82586], [-95.22993, 29.82456], [-95.2268, 29.82578], [-95.21613, 29.83041], [-95.21099, 29.83258], [-95.2134, 29.83584], [-95.21391, 29.83731], [-95.21416, 29.8501], [-95.2141, 29.8532], [-95.21306, 29.85679], [-95.21102, 29.86037], [-95.20935, 29.86436], [-95.20883, 29.86628], [-95.20831, 29.86945], [-95.20825, 29.87334], [-95.20848, 29.88301], [-95.20837, 29.88459], [-95.20764, 29.88689], [-95.20599, 29.88927], [-95.20349, 29.89137], [-95.20246, 29.89182], [-95.2026, 29.90097], [-95.20176, 29.90627], [-95.1993, 29.92273], [-95.19936, 29.92446], [-95.1998, 29.92607], [-95.20084, 29.92788], [-95.20181, 29.92896], [-95.20596, 29.93232], [-95.20639, 29.93191]]]}, "properties": {"GEOID": "48201232301", "LILATracts_1And10": 0, "LILATracts_halfAnd10": 0, "LILATracts_Vehicle": 1, "LowIncomeTracts": 1, "LA1and10": 0, "lowincome_lowaccess_share": 55.0179, "pct_zero_car": 0.0518}}, {"type": "Feature", "geometry": {"type": "Polygon", "coordinates": [[[-95.40543, 30.03112], [-95.40429, 30.02664], [-95.40252, 30.02697], [-95.40002, 30.027], [-95.39821, 30.02662], [-95.38697, 30.02185], [-95.38477, 30.02119], [-95.3801, 30.02037], [-95.36673, 30.01798], [-95.34668, 30.01444], [-95.34048, 30.01341], [-95.33012, 30.01154], [-95.33011, 30.01722], [-95.33, 30.01871], [-95.33001, 30.02533], [-95.32989, 30.02808], [-95.33004, 30.03049], [-95.33092, 30.03065], [-95.33205, 30.02936], [-95.33325, 30.02913], [-95.3346, 30.02942], [-95.33526, 30.03028], [-95.33598, 30.03046], [-95.33702, 30.02871], [-95.33928, 30.02802], [-95.34437, 30.02849], [-95.3455, 30.02815], [-95.34767, 30.02813], [-95.34985, 30.02931], [-95.35033, 30.03107], [-95.35097, 30.03169], [-95.35235, 30.03195], [-95.354, 30.03352], [-95.35506, 30.03321], [-95.35763, 30.03577], [-95.35917, 30.0361], [-95.36091, 30.03534], [-95.36315, 30.03311], [-95.36624, 30.0316], [-95.36745, 30.03374], [-95.3679, 30.03487], [-95.3688, 30.03603], [-95.3697, 30.0366], [-95.37085, 30.03668], [-95.3747, 30.0376], [-95.37726, 30.03917], [-95.3793, 30.03922], [-95.38131, 30.04044], [-95.38241, 30.04036], [-95.38309, 30.03993], [-95.38451, 30.03822], [-95.38706, 30.03737], [-95.38884, 30.03647], [-95.39073, 30.03687], [-95.39283, 30.03617], [-95.39411, 30.0363], [-95.39575, 30.03566], [-95.39688, 30.03599], [-95.39812, 30.03554], [-95.39928, 30.03622], [-95.40015, 30.03596], [-95.4011, 30.03457], [-95.40235, 30.03388], [-95.40426, 30.03324], [-95.40452, 30.03154], [-95.40543, 30.03112]]]}, "properties": {"GEOID": "48201240802", "LILATracts_1And10": 1, "LILATracts_halfAnd10": 1, "LILATracts_Vehicle": 0, "LowIncomeTracts": 1, "LA1and10": 1, "lowincome_lowaccess_share": 42.0638, "pct_zero_car": 0.0603}}, {"type": "Feature", "geometry": {"type": "Polygon", "coordinates": [[[-95.1919, 29.61617], [-95.18823, 29.61257], [-95.17894, 29.60263], [-95.17697, 29.60062], [-95.1578, 29.5802], [-95.15652, 29.5811], [-95.15443, 29.58208], [-95.15016, 29.58332], [-95.14811, 29.58455], [-95.1469, 29.58575], [-95.14568, 29.58739], [-95.14387, 29.58916], [-95.14243, 29.59002], [-95.1397, 29.59124], [-95.13814, 29.59212], [-95.13969, 29.59337], [-95.14354, 29.5952], [-95.14469, 29.59635], [-95.14572, 29.59859], [-95.14547, 29.60141], [-95.14482, 29.60251], [-95.1416, 29.60645], [-95.13579, 29.61308], [-95.13534, 29.61488], [-95.13645, 29.61684], [-95.13816, 29.61793], [-95.14221, 29.62122], [-95.1428, 29.62202], [-95.143, 29.62403], [-95.14303, 29.62761], [-95.14274, 29.63122], [-95.15748, 29.6309], [-95.17031, 29.63058], [-95.17364, 29.6275], [-95.18035, 29.62266], [-95.18418, 29.6204], [-95.18998, 29.61748], [-95.1919, 29.61617]]]}, "properties": {"GEOID": "48201340201", "LILATracts_1And10": 0, "LILATracts_halfAnd10": 0, "LILATracts_Vehicle": 0, "LowIncomeTracts": 0, "LA1and10": 0, "lowincome_lowaccess_share": 5.1713, "pct_zero_car": 0.0721}}, {"type": "Feature", "geometry": {"type": "Polygon", "coordinates": [[[-95.1937, 29.78838], [-95.19529, 29.78645], [-95.19687, 29.78741], [-95.19859, 29.78594], [-95.19967, 29.78616], [-95.20151, 29.78547], [-95.20257, 29.78417], [-95.20241, 29.78304], [-95.20308, 29.78166], [-95.20292, 29.78109], [-95.20464, 29.77848], [-95.205, 29.77665], [-95.20473, 29.77535], [-95.20135, 29.775], [-95.20011, 29.77545], [-95.19918, 29.77633], [-95.19779, 29.7769], [-95.19596, 29.77609], [-95.19515, 29.77452], [-95.19542, 29.77389], [-95.19673, 29.7726], [-95.19703, 29.77153], [-95.18826, 29.77087], [-95.18284, 29.77063], [-95.1828, 29.77157], [-95.18308, 29.78271], [-95.18323, 29.78808], [-95.19332, 29.78789], [-95.1937, 29.78838]]]}, "properties": {"GEOID": "48201233200", "LILATracts_1And10": 0, "LILATracts_halfAnd10": 1, "LILATracts_Vehicle": 0, "LowIncomeTracts": 1, "LA1and10": 0, "lowincome_lowaccess_share": 25.0646, "pct_zero_car": 0.0598}}, {"type": "Feature", "geometry": {"type": "Polygon", "coordinates": [[[-95.38783, 29.79083], [-95.38768, 29.78163], [-95.38711, 29.78012], [-95.38733, 29.77818], [-95.38845, 29.77687], [-95.38439, 29.77714], [-95.38113, 29.77793], [-95.37725, 29.77915], [-95.3755, 29.77917], [-95.37246, 29.77836], [-95.37167, 29.77836], [-95.36811, 29.77709], [-95.36818, 29.77932], [-95.36905, 29.77932], [-95.36858, 29.78097], [-95.36858, 29.7826], [-95.36929, 29.78482], [-95.3713, 29.78776], [-95.37189, 29.79], [-95.37275, 29.79064], [-95.38433, 29.79053], [-95.38426, 29.79092], [-95.38783, 29.79083]]]}, "properties": {"GEOID": "48201510300", "LILATracts_1And10": 0, "LILATracts_halfAnd10": 0, "LILATracts_Vehicle": 0, "LowIncomeTracts": 0, "LA1and10": 0, "lowincome_lowaccess_share": 8.5061, "pct_zero_car": 0.0}}, {"type": "Feature", "geometry": {"type": "Polygon", "coordinates": [[[-95.43277, 29.91473], [-95.43288, 29.92369], [-95.43448, 29.92354], [-95.43695, 29.92278], [-95.44684, 29.92064], [-95.44216, 29.91459], [-95.43277, 29.91473]]]}, "properties": {"GEOID": "48201533702", "LILATracts_1And10": 0, "LILATracts_halfAnd10": 1, "LILATracts_Vehicle": 0, "LowIncomeTracts": 1, "LA1and10": 0, "lowincome_lowaccess_share": 23.3624, "pct_zero_car": 0.0}}, {"type": "Feature", "geometry": {"type": "Polygon", "coordinates": [[[-95.69736, 30.0246], [-95.69728, 30.01709], [-95.69742, 30.01604], [-95.69144, 30.01466], [-95.69035, 30.01422], [-95.68711, 30.01223], [-95.68401, 30.01238], [-95.68313, 30.01147], [-95.68186, 30.01145], [-95.68119, 30.01084], [-95.68001, 30.01099], [-95.67945, 30.01208], [-95.67694, 30.01072], [-95.67621, 30.00941], [-95.66702, 30.00263], [-95.66687, 30.00102], [-95.66585, 30.00086], [-95.66544, 30.0002], [-95.66577, 29.99922], [-95.66329, 29.99942], [-95.66214, 29.99751], [-95.66192, 29.99572], [-95.66152, 29.99496], [-95.66027, 29.99501], [-95.65942, 29.99414], [-95.65745, 29.99315], [-95.65777, 29.99091], [-95.6571, 29.99054], [-95.65536, 29.99041], [-95.65513, 29.98909], [-95.65378, 29.98851], [-95.65332, 29.9897], [-95.65329, 29.99099], [-95.65027, 29.99174], [-95.64921, 29.99226], [-95.6356, 30.00429], [-95.64124, 30.00658], [-95.64144, 30.00682], [-95.64145, 30.01062], [-95.64237, 30.01192], [-95.64234, 30.01828], [-95.6445, 30.01863], [-95.65214, 30.0249], [-95.65316, 30.02514], [-95.66175, 30.0251], [-95.66495, 30.02437], [-95.6827, 30.02426], [-95.68585, 30.02466], [-95.69736, 30.0246]]]}, "properties": {"GEOID": "48201554501", "LILATracts_1And10": 0, "LILATracts_halfAnd10": 0, "LILATracts_Vehicle": 0, "LowIncomeTracts": 0, "LA1and10": 1, "lowincome_lowaccess_share": 7.9145, "pct_zero_car": 0.0055}}, {"type": "Feature", "geometry": {"type": "Polygon", "coordinates": [[[-95.14606, 29.7361], [-95.14768, 29.72292], [-95.1479, 29.72154], [-95.14845, 29.72033], [-95.1528, 29.71504], [-95.15332, 29.71337], [-95.15337, 29.71208], [-95.14492, 29.71172], [-95.13508, 29.71142], [-95.13043, 29.7116], [-95.124, 29.7115], [-95.11795, 29.71132], [-95.11478, 29.71095], [-95.11373, 29.71073], [-95.10258, 29.70757], [-95.09293, 29.70467], [-95.08843, 29.70318], [-95.07611, 29.69945], [-95.07043, 29.69782], [-95.0647, 29.69608], [-95.06189, 29.69514], [-95.05382, 29.69271], [-95.04697, 29.69073], [-95.04694, 29.68988], [-95.03662, 29.68674], [-95.01962, 29.68163], [-95.01943, 29.67325], [-95.01933, 29.66682], [-95.0192, 29.66286], [-95.01913, 29.65638], [-95.01884, 29.64595], [-95.01796, 29.64569], [-95.01761, 29.64493], [-95.0164, 29.64456], [-95.01558, 29.64353], [-95.01419, 29.64254], [-95.01372, 29.64468], [-95.01305, 29.64652], [-95.01039, 29.65099], [-95.00771, 29.65577], [-95.00711, 29.65718], [-95.00559, 29.65878], [-95.00552, 29.65951], [-95.00202, 29.663], [-95.00164, 29.66439], [-95.00002, 29.66557], [-94.9969, 29.66735], [-94.99328, 29.66994], [-94.99033, 29.6717], [-94.98591, 29.67328], [-94.97884, 29.67673], [-94.9817, 29.68193], [-94.98313, 29.68394], [-94.9875, 29.68926], [-94.98996, 29.69185], [-94.99461, 29.69534], [-94.99936, 29.69866], [-95.00346, 29.70011], [-95.006, 29.70063], [-95.01213, 29.7013], [-95.01377, 29.70173], [-95.01628, 29.70269], [-95.01714, 29.70321], [-95.01769, 29.70375], [-95.01978, 29.70719], [-95.02044, 29.70916], [-95.02044, 29.70992], [-95.02099, 29.72253], [-95.02114, 29.72341], [-95.02225, 29.72527], [-95.02339, 29.7264], [-95.02488, 29.72768], [-95.0283, 29.72944], [-95.03185, 29.72984], [-95.03366, 29.73033], [-95.03457, 29.73028], [-95.03536, 29.73025], [-95.04185, 29.73075], [-95.04476, 29.73118], [-95.04833, 29.73262], [-95.05398, 29.73606], [-95.05761, 29.7381], [-95.05914, 29.7395], [-95.06595, 29.753], [-95.06726, 29.75526], [-95.06924, 29.75757], [-95.07066, 29.75875], [-95.0726, 29.75977], [-95.07457, 29.76107], [-95.0762, 29.76178], [-95.07948, 29.7637], [-95.08269, 29.76414], [-95.08653, 29.76345], [-95.08751, 29.76293], [-95.09001, 29.76063], [-95.09104, 29.7584], [-95.09245, 29.75694], [-95.09304, 29.75565], [-95.09299, 29.75497], [-95.09401, 29.75285], [-95.09611, 29.75093], [-95.09807, 29.74986], [-95.1004, 29.74802], [-95.10069, 29.747], [-95.10341, 29.74461], [-95.10461, 29.7431], [-95.10661, 29.7416], [-95.10885, 29.74048], [-95.11023, 29.74014], [-95.11221, 29.74015], [-95.11388, 29.73953], [-95.11528, 29.73956], [-95.11741, 29.73861], [-95.11978, 29.73693], [-95.12279, 29.73503], [-95.12468, 29.7343], [-95.12629, 29.73424], [-95.12804, 29.73488], [-95.12914, 29.73432], [-95.13119, 29.73378], [-95.13251, 29.73428], [-95.13423, 29.73443], [-95.13705, 29.735], [-95.14214, 29.73539], [-95.14392, 29.73583], [-95.14606, 29.7361]]]}, "properties": {"GEOID": "48201343600", "LILATracts_1And10": 1, "LILATracts_halfAnd10": 1, "LILATracts_Vehicle": 1, "LowIncomeTracts": 1, "LA1and10": 1, "lowincome_lowaccess_share": 43.3887, "pct_zero_car": 0.098}}, {"type": "Feature", "geometry": {"type": "Polygon", "coordinates": [[[-95.17888, 29.79809], [-95.1803, 29.79589], [-95.17885, 29.79396], [-95.17844, 29.79197], [-95.17671, 29.79183], [-95.17174, 29.79049], [-95.16994, 29.79037], [-95.16105, 29.79066], [-95.16207, 29.79315], [-95.16291, 29.79609], [-95.16606, 29.79585], [-95.16979, 29.7958], [-95.17183, 29.79615], [-95.17888, 29.79809]]]}, "properties": {"GEOID": "48201233003", "LILATracts_1And10": 0, "LILATracts_halfAnd10": 0, "LILATracts_Vehicle": 0, "LowIncomeTracts": 0, "LA1and10": 0, "lowincome_lowaccess_share": 10.5559, "pct_zero_car": 0.0075}}, {"type": "Feature", "geometry": {"type": "Polygon", "coordinates": [[[-95.16994, 29.79037], [-95.16972, 29.78227], [-95.16941, 29.77108], [-95.16945, 29.77091], [-95.15557, 29.77113], [-95.15344, 29.77129], [-95.1567, 29.77497], [-95.15767, 29.77676], [-95.15828, 29.77899], [-95.15839, 29.78329], [-95.15879, 29.78507], [-95.16105, 29.79066], [-95.16994, 29.79037]]]}, "properties": {"GEOID": "48201233102", "LILATracts_1And10": 0, "LILATracts_halfAnd10": 1, "LILATracts_Vehicle": 0, "LowIncomeTracts": 1, "LA1and10": 0, "lowincome_lowaccess_share": 8.6155, "pct_zero_car": 0.0394}}, {"type": "Feature", "geometry": {"type": "Polygon", "coordinates": [[[-95.53139, 29.74721], [-95.53379, 29.7463], [-95.53476, 29.7463], [-95.53493, 29.74468], [-95.53447, 29.74244], [-95.53483, 29.7415], [-95.53371, 29.74099], [-95.53148, 29.74087], [-95.53144, 29.73722], [-95.52117, 29.73733], [-95.5214, 29.7416], [-95.52169, 29.742], [-95.5229, 29.74212], [-95.52312, 29.74297], [-95.52661, 29.74294], [-95.52838, 29.74495], [-95.52865, 29.74594], [-95.53139, 29.74721]]]}, "properties": {"GEOID": "48201431102", "LILATracts_1And10": 0, "LILATracts_halfAnd10": 1, "LILATracts_Vehicle": 0, "LowIncomeTracts": 1, "LA1and10": 0, "lowincome_lowaccess_share": 11.1927, "pct_zero_car": 0.0949}}, {"type": "Feature", "geometry": {"type": "Polygon", "coordinates": [[[-95.75224, 29.83169], [-95.74949, 29.82912], [-95.74956, 29.8269], [-95.75015, 29.826], [-95.74923, 29.82498], [-95.74865, 29.82321], [-95.7471, 29.82278], [-95.74618, 29.82209], [-95.74523, 29.82048], [-95.74297, 29.81892], [-95.74001, 29.81606], [-95.7371, 29.81404], [-95.73503, 29.81214], [-95.73384, 29.80984], [-95.73283, 29.80963], [-95.7327, 29.80897], [-95.73173, 29.80874], [-95.73119, 29.80922], [-95.7304, 29.80754], [-95.7291, 29.80819], [-95.72734, 29.80731], [-95.7266, 29.80604], [-95.72337, 29.80481], [-95.72026, 29.80464], [-95.72039, 29.80568], [-95.72045, 29.81532], [-95.72004, 29.81784], [-95.72004, 29.81996], [-95.71982, 29.82191], [-95.71987, 29.83117], [-95.73763, 29.83126], [-95.74042, 29.83182], [-95.75224, 29.83169]]]}, "properties": {"GEOID": "48201542301", "LILATracts_1And10": 0, "LILATracts_halfAnd10": 0, "LILATracts_Vehicle": 0, "LowIncomeTracts": 0, "LA1and10": 1, "lowincome_lowaccess_share": 19.357, "pct_zero_car": 0.0032}}, {"type": "Feature", "geometry": {"type": "Polygon", "coordinates": [[[-95.40513, 29.91541], [-95.40047, 29.90255], [-95.39334, 29.9027], [-95.39075, 29.90208], [-95.37297, 29.90221], [-95.37506, 29.91081], [-95.37611, 29.91314], [-95.37628, 29.91469], [-95.37607, 29.91667], [-95.38985, 29.91578], [-95.39349, 29.9156], [-95.40208, 29.91543], [-95.40499, 29.91543], [-95.40513, 29.91541]]]}, "properties": {"GEOID": "48201222402", "LILATracts_1And10": 1, "LILATracts_halfAnd10": 1, "LILATracts_Vehicle": 0, "LowIncomeTracts": 1, "LA1and10": 1, "lowincome_lowaccess_share": 56.7497, "pct_zero_car": 0.0082}}, {"type": "Feature", "geometry": {"type": "Polygon", "coordinates": [[[-95.5852, 29.96683], [-95.58505, 29.96126], [-95.57398, 29.96143], [-95.57289, 29.96122], [-95.55363, 29.95552], [-95.54705, 29.96121], [-95.5492, 29.96291], [-95.55192, 29.96481], [-95.55205, 29.96464], [-95.55621, 29.96748], [-95.55679, 29.96696], [-95.56451, 29.96695], [-95.56629, 29.96724], [-95.57034, 29.96741], [-95.57655, 29.96727], [-95.5852, 29.96683]]]}, "properties": {"GEOID": "48201552601", "LILATracts_1And10": 0, "LILATracts_halfAnd10": 1, "LILATracts_Vehicle": 0, "LowIncomeTracts": 1, "LA1and10": 0, "lowincome_lowaccess_share": 27.481, "pct_zero_car": 0.0807}}, {"type": "Feature", "geometry": {"type": "Polygon", "coordinates": [[[-95.57055, 29.90914], [-95.57018, 29.90786], [-95.57018, 29.90587], [-95.57073, 29.90187], [-95.57013, 29.89947], [-95.56761, 29.89837], [-95.56807, 29.8962], [-95.56774, 29.89557], [-95.56652, 29.89586], [-95.56117, 29.89604], [-95.55364, 29.89616], [-95.5494, 29.89638], [-95.54948, 29.89814], [-95.55037, 29.90099], [-95.55178, 29.90281], [-95.55449, 29.90278], [-95.55753, 29.90345], [-95.55926, 29.90467], [-95.56297, 29.90809], [-95.56473, 29.9092], [-95.56727, 29.90974], [-95.56868, 29.90964], [-95.57055, 29.90914]]]}, "properties": {"GEOID": "48201551702", "LILATracts_1And10": 0, "LILATracts_halfAnd10": 0, "LILATracts_Vehicle": 0, "LowIncomeTracts": 0, "LA1and10": 0, "lowincome_lowaccess_share": 6.5578, "pct_zero_car": 0.0124}}, {"type": "Feature", "geometry": {"type": "Polygon", "coordinates": [[[-95.53847, 29.90271], [-95.54334, 29.90106], [-95.54421, 29.89992], [-95.54948, 29.89814], [-95.5494, 29.89638], [-95.54935, 29.88804], [-95.54872, 29.88407], [-95.54639, 29.88405], [-95.54555, 29.88361], [-95.54487, 29.88248], [-95.54363, 29.88209], [-95.54061, 29.88221], [-95.53918, 29.8819], [-95.53757, 29.87986], [-95.53262, 29.87967], [-95.53042, 29.87748], [-95.5299, 29.87725], [-95.52763, 29.87779], [-95.5247, 29.87707], [-95.52469, 29.8812], [-95.52483, 29.88469], [-95.52492, 29.89685], [-95.52809, 29.89656], [-95.53125, 29.89652], [-95.5349, 29.89614], [-95.5383, 29.89612], [-95.53847, 29.90271]]]}, "properties": {"GEOID": "48201534202", "LILATracts_1And10": 0, "LILATracts_halfAnd10": 0, "LILATracts_Vehicle": 0, "LowIncomeTracts": 0, "LA1and10": 1, "lowincome_lowaccess_share": 19.2717, "pct_zero_car": 0.0288}}, {"type": "Feature", "geometry": {"type": "Polygon", "coordinates": [[[-95.64531, 29.87921], [-95.64516, 29.86767], [-95.63502, 29.86774], [-95.63383, 29.86764], [-95.63175, 29.86692], [-95.62859, 29.8644], [-95.62723, 29.86359], [-95.62567, 29.86311], [-95.62432, 29.863], [-95.62429, 29.86395], [-95.62486, 29.86548], [-95.62417, 29.86694], [-95.62379, 29.86901], [-95.62396, 29.86959], [-95.62517, 29.87008], [-95.62607, 29.87124], [-95.62594, 29.87188], [-95.625, 29.87222], [-95.62439, 29.87303], [-95.62532, 29.87402], [-95.62599, 29.87685], [-95.62516, 29.8783], [-95.62538, 29.87943], [-95.63302, 29.87932], [-95.64531, 29.87921]]]}, "properties": {"GEOID": "48201540602", "LILATracts_1And10": 0, "LILATracts_halfAnd10": 0, "LILATracts_Vehicle": 0, "LowIncomeTracts": 0, "LA1and10": 1, "lowincome_lowaccess_share": 21.4519, "pct_zero_car": 0.093}}, {"type": "Feature", "geometry": {"type": "Polygon", "coordinates": [[[-95.48234, 29.64027], [-95.48245, 29.63739], [-95.4822, 29.6314], [-95.48203, 29.63141], [-95.48204, 29.62864], [-95.48225, 29.62841], [-95.47593, 29.6284], [-95.47068, 29.6273], [-95.46519, 29.62728], [-95.46502, 29.62871], [-95.4641, 29.63034], [-95.46348, 29.63198], [-95.46357, 29.64081], [-95.46374, 29.64749], [-95.47285, 29.64404], [-95.48234, 29.64027]]]}, "properties": {"GEOID": "48201330301", "LILATracts_1And10": 1, "LILATracts_halfAnd10": 1, "LILATracts_Vehicle": 0, "LowIncomeTracts": 1, "LA1and10": 1, "lowincome_lowaccess_share": 29.885, "pct_zero_car": 0.0061}}, {"type": "Feature", "geometry": {"type": "Polygon", "coordinates": [[[-95.22117, 29.62058], [-95.22204, 29.62043], [-95.22943, 29.62033], [-95.22996, 29.61859], [-95.23808, 29.61122], [-95.22647, 29.61143], [-95.22439, 29.61174], [-95.22302, 29.61218], [-95.21924, 29.61357], [-95.21612, 29.61599], [-95.22117, 29.62058]]]}, "properties": {"GEOID": "48201334001", "LILATracts_1And10": 0, "LILATracts_halfAnd10": 0, "LILATracts_Vehicle": 0, "LowIncomeTracts": 1, "LA1and10": 0, "lowincome_lowaccess_share": 0.1947, "pct_zero_car": 0.0517}}, {"type": "Feature", "geometry": {"type": "Polygon", "coordinates": [[[-95.464, 29.6643], [-95.46402, 29.66048], [-95.46374, 29.64788], [-95.44955, 29.65331], [-95.44775, 29.65465], [-95.44688, 29.65587], [-95.44638, 29.65801], [-95.44652, 29.6645], [-95.464, 29.6643]]]}, "properties": {"GEOID": "48201420400", "LILATracts_1And10": 0, "LILATracts_halfAnd10": 0, "LILATracts_Vehicle": 0, "LowIncomeTracts": 0, "LA1and10": 0, "lowincome_lowaccess_share": 13.7845, "pct_zero_car": 0.0}}, {"type": "Feature", "geometry": {"type": "Polygon", "coordinates": [[[-95.41187, 29.81274], [-95.43045, 29.81262], [-95.43235, 29.81234], [-95.43398, 29.81177], [-95.44088, 29.80887], [-95.43921, 29.80778], [-95.43658, 29.80659], [-95.43525, 29.80566], [-95.43408, 29.80437], [-95.4332, 29.80385], [-95.42966, 29.80317], [-95.42782, 29.80309], [-95.42705, 29.80276], [-95.42652, 29.80166], [-95.42533, 29.8018], [-95.42471, 29.80232], [-95.4244, 29.80168], [-95.42232, 29.80168], [-95.42246, 29.80871], [-95.41235, 29.80884], [-95.41229, 29.81191], [-95.41187, 29.81274]]]}, "properties": {"GEOID": "48201511100", "LILATracts_1And10": 0, "LILATracts_halfAnd10": 0, "LILATracts_Vehicle": 0, "LowIncomeTracts": 0, "LA1and10": 0, "lowincome_lowaccess_share": 5.8791, "pct_zero_car": 0.0724}}, {"type": "Feature", "geometry": {"type": "Polygon", "coordinates": [[[-95.53139, 29.74721], [-95.53208, 29.74839], [-95.53098, 29.74943], [-95.53197, 29.75029], [-95.53371, 29.74957], [-95.5358, 29.75123], [-95.53742, 29.7514], [-95.5387, 29.75262], [-95.53976, 29.75191], [-95.5389, 29.75074], [-95.53848, 29.74962], [-95.53836, 29.73959], [-95.53887, 29.73712], [-95.53144, 29.73722], [-95.53148, 29.74087], [-95.53371, 29.74099], [-95.53483, 29.7415], [-95.53447, 29.74244], [-95.53493, 29.74468], [-95.53476, 29.7463], [-95.53379, 29.7463], [-95.53139, 29.74721]]]}, "properties": {"GEOID": "48201431101", "LILATracts_1And10": 0, "LILATracts_halfAnd10": 0, "LILATracts_Vehicle": 0, "LowIncomeTracts": 0, "LA1and10": 0, "lowincome_lowaccess_share": 2.3979, "pct_zero_car": 0.0567}}, {"type": "Feature", "geometry": {"type": "Polygon", "coordinates": [[[-95.48264, 29.75004], [-95.48249, 29.73776], [-95.47658, 29.73781], [-95.4772, 29.74056], [-95.47712, 29.74404], [-95.47728, 29.74592], [-95.47697, 29.75013], [-95.48264, 29.75004]]]}, "properties": {"GEOID": "48201431402", "LILATracts_1And10": 0, "LILATracts_halfAnd10": 0, "LILATracts_Vehicle": 0, "LowIncomeTracts": 0, "LA1and10": 0, "lowincome_lowaccess_share": 1.8357, "pct_zero_car": 0.0}}, {"type": "Feature", "geometry": {"type": "Polygon", "coordinates": [[[-95.55747, 29.71176], [-95.55738, 29.7045], [-95.55146, 29.70482], [-95.54529, 29.70494], [-95.54532, 29.70766], [-95.54555, 29.71154], [-95.546, 29.71289], [-95.5478, 29.71214], [-95.54957, 29.71184], [-95.55747, 29.71176]]]}, "properties": {"GEOID": "48201433003", "LILATracts_1And10": 0, "LILATracts_halfAnd10": 0, "LILATracts_Vehicle": 0, "LowIncomeTracts": 1, "LA1and10": 0, "lowincome_lowaccess_share": null, "pct_zero_car": 0.1926}}, {"type": "Feature", "geometry": {"type": "Polygon", "coordinates": [[[-95.53893, 29.71449], [-95.53893, 29.71363], [-95.53883, 29.70896], [-95.53809, 29.70619], [-95.53798, 29.705], [-95.5213, 29.70514], [-95.52129, 29.70642], [-95.52381, 29.7064], [-95.52407, 29.70663], [-95.52417, 29.71465], [-95.53893, 29.71449]]]}, "properties": {"GEOID": "48201432902", "LILATracts_1And10": 0, "LILATracts_halfAnd10": 0, "LILATracts_Vehicle": 0, "LowIncomeTracts": 1, "LA1and10": 0, "lowincome_lowaccess_share": null, "pct_zero_car": 0.1308}}, {"type": "Feature", "geometry": {"type": "Polygon", "coordinates": [[[-95.53906, 29.71971], [-95.53893, 29.71449], [-95.52417, 29.71465], [-95.52407, 29.70663], [-95.52381, 29.7064], [-95.52129, 29.70642], [-95.52131, 29.71134], [-95.52081, 29.71317], [-95.51999, 29.71543], [-95.52003, 29.72026], [-95.52025, 29.72124], [-95.529, 29.7205], [-95.53906, 29.71971]]]}, "properties": {"GEOID": "48201432901", "LILATracts_1And10": 0, "LILATracts_halfAnd10": 0, "LILATracts_Vehicle": 0, "LowIncomeTracts": 1, "LA1and10": 0, "lowincome_lowaccess_share": 5.8338, "pct_zero_car": 0.0706}}, {"type": "Feature", "geometry": {"type": "Polygon", "coordinates": [[[-95.52081, 29.71317], [-95.52131, 29.71134], [-95.52129, 29.70642], [-95.5213, 29.70514], [-95.52089, 29.7034], [-95.51996, 29.70215], [-95.51786, 29.70038], [-95.51327, 29.70443], [-95.50646, 29.71048], [-95.50941, 29.71281], [-95.51059, 29.71309], [-95.52015, 29.713], [-95.52081, 29.71317]]]}, "properties": {"GEOID": "48201432802", "LILATracts_1And10": 0, "LILATracts_halfAnd10": 0, "LILATracts_Vehicle": 0, "LowIncomeTracts": 1, "LA1and10": 0, "lowincome_lowaccess_share": 5.248, "pct_zero_car": 0.2761}}, {"type": "Feature", "geometry": {"type": "Polygon", "coordinates": [[[-95.64999, 29.9365], [-95.65021, 29.93479], [-95.64907, 29.93246], [-95.64661, 29.92946], [-95.64593, 29.92716], [-95.64587, 29.92163], [-95.64643, 29.91938], [-95.64811, 29.91707], [-95.64893, 29.91519], [-95.64928, 29.91373], [-95.64895, 29.91096], [-95.64949, 29.90791], [-95.6478, 29.90731], [-95.64598, 29.90586], [-95.64432, 29.90392], [-95.64181, 29.90265], [-95.63911, 29.90248], [-95.63711, 29.90276], [-95.63572, 29.90271], [-95.63411, 29.90229], [-95.63086, 29.90735], [-95.62934, 29.90918], [-95.62784, 29.91058], [-95.62505, 29.91244], [-95.62009, 29.91477], [-95.6198, 29.9149], [-95.62873, 29.92118], [-95.63754, 29.92741], [-95.63886, 29.92861], [-95.64999, 29.9365]]]}, "properties": {"GEOID": "48201541001", "LILATracts_1And10": 0, "LILATracts_halfAnd10": 0, "LILATracts_Vehicle": 0, "LowIncomeTracts": 0, "LA1and10": 1, "lowincome_lowaccess_share": 13.5856, "pct_zero_car": 0.0157}}, {"type": "Feature", "geometry": {"type": "Polygon", "coordinates": [[[-95.72028, 29.86135], [-95.71871, 29.8572], [-95.71861, 29.85193], [-95.71919, 29.84694], [-95.71915, 29.84458], [-95.71891, 29.84291], [-95.71883, 29.83698], [-95.71903, 29.83561], [-95.71982, 29.83297], [-95.71987, 29.83117], [-95.70351, 29.83112], [-95.70231, 29.83112], [-95.70247, 29.8438], [-95.7026, 29.84515], [-95.69057, 29.84522], [-95.68975, 29.84617], [-95.68977, 29.8486], [-95.68981, 29.8564], [-95.68324, 29.85642], [-95.6833, 29.86536], [-95.69147, 29.86521], [-95.69332, 29.86481], [-95.70361, 29.86473], [-95.70778, 29.86522], [-95.71013, 29.86466], [-95.71506, 29.86247], [-95.71663, 29.86199], [-95.72028, 29.86135]]]}, "properties": {"GEOID": "48201542101", "LILATracts_1And10": 0, "LILATracts_halfAnd10": 0, "LILATracts_Vehicle": 0, "LowIncomeTracts": 0, "LA1and10": 0, "lowincome_lowaccess_share": 17.03, "pct_zero_car": 0.0304}}, {"type": "Feature", "geometry": {"type": "Polygon", "coordinates": [[[-95.48896, 29.71638], [-95.48889, 29.71275], [-95.48476, 29.7128], [-95.4848, 29.71642], [-95.48896, 29.71638]]]}, "properties": {"GEOID": "48201421402", "LILATracts_1And10": 0, "LILATracts_halfAnd10": 0, "LILATracts_Vehicle": 0, "LowIncomeTracts": 1, "LA1and10": 0, "lowincome_lowaccess_share": null, "pct_zero_car": 0.0879}}, {"type": "Feature", "geometry": {"type": "Polygon", "coordinates": [[[-95.53675, 29.67039], [-95.53658, 29.66435], [-95.53618, 29.66369], [-95.53602, 29.65645], [-95.53627, 29.6563], [-95.53247, 29.65632], [-95.5294, 29.65571], [-95.52802, 29.65568], [-95.5281, 29.66497], [-95.5282, 29.67272], [-95.52979, 29.67336], [-95.53163, 29.67316], [-95.53506, 29.67184], [-95.53675, 29.67039]]]}, "properties": {"GEOID": "48201423202", "LILATracts_1And10": 0, "LILATracts_halfAnd10": 1, "LILATracts_Vehicle": 0, "LowIncomeTracts": 1, "LA1and10": 0, "lowincome_lowaccess_share": 4.2917, "pct_zero_car": 0.1108}}, {"type": "Feature", "geometry": {"type": "Polygon", "coordinates": [[[-95.55611, 29.65846], [-95.55393, 29.65646], [-95.55036, 29.65349], [-95.54553, 29.65578], [-95.5438, 29.65623], [-95.53627, 29.6563], [-95.53602, 29.65645], [-95.53618, 29.66369], [-95.53658, 29.66435], [-95.53675, 29.67039], [-95.53814, 29.66884], [-95.54051, 29.66848], [-95.5413, 29.66865], [-95.54286, 29.66822], [-95.54535, 29.66636], [-95.54606, 29.66533], [-95.54714, 29.66491], [-95.54747, 29.66407], [-95.54939, 29.66316], [-95.5506, 29.66166], [-95.55203, 29.66122], [-95.55443, 29.65946], [-95.55611, 29.65846]]]}, "properties": {"GEOID": "48201423201", "LILATracts_1And10": 0, "LILATracts_halfAnd10": 0, "LILATracts_Vehicle": 0, "LowIncomeTracts": 0, "LA1and10": 0, "lowincome_lowaccess_share": 14.4314, "pct_zero_car": 0.034}}, {"type": "Feature", "geometry": {"type": "Polygon", "coordinates": [[[-95.54872, 29.88407], [-95.54875, 29.87935], [-95.54941, 29.8775], [-95.55035, 29.87636], [-95.55191, 29.8751], [-95.55578, 29.87352], [-95.54588, 29.86907], [-95.54311, 29.8679], [-95.53419, 29.86385], [-95.53344, 29.86357], [-95.52436, 29.85943], [-95.52454, 29.86555], [-95.52472, 29.87337], [-95.5247, 29.87707], [-95.52763, 29.87779], [-95.5299, 29.87725], [-95.53042, 29.87748], [-95.53262, 29.87967], [-95.53757, 29.87986], [-95.53918, 29.8819], [-95.54061, 29.88221], [-95.54363, 29.88209], [-95.54487, 29.88248], [-95.54555, 29.88361], [-95.54639, 29.88405], [-95.54872, 29.88407]]]}, "properties": {"GEOID": "48201534203", "LILATracts_1And10": 1, "LILATracts_halfAnd10": 1, "LILATracts_Vehicle": 0, "LowIncomeTracts": 1, "LA1and10": 1, "lowincome_lowaccess_share": 56.5027, "pct_zero_car": 0.0308}}, {"type": "Feature", "geometry": {"type": "Polygon", "coordinates": [[[-95.5154, 29.92545], [-95.51333, 29.92191], [-95.50951, 29.91505], [-95.50639, 29.90968], [-95.50075, 29.89962], [-95.49569, 29.89968], [-95.49575, 29.90868], [-95.49586, 29.91209], [-95.49575, 29.91613], [-95.49539, 29.91753], [-95.49384, 29.91999], [-95.4999, 29.92452], [-95.50066, 29.92498], [-95.50294, 29.92439], [-95.50518, 29.92451], [-95.50782, 29.92534], [-95.50928, 29.92549], [-95.5154, 29.92545]]]}, "properties": {"GEOID": "48201534002", "LILATracts_1And10": 0, "LILATracts_halfAnd10": 1, "LILATracts_Vehicle": 0, "LowIncomeTracts": 1, "LA1and10": 0, "lowincome_lowaccess_share": 36.5012, "pct_zero_car": 0.0318}}, {"type": "Feature", "geometry": {"type": "Polygon", "coordinates": [[[-95.20596, 29.93232], [-95.20181, 29.92896], [-95.20084, 29.92788], [-95.1998, 29.92607], [-95.19936, 29.92446], [-95.1993, 29.92273], [-95.20176, 29.90627], [-95.2026, 29.90097], [-95.20246, 29.89182], [-95.20201, 29.88941], [-95.20139, 29.88819], [-95.19697, 29.88282], [-95.18904, 29.87381], [-95.18752, 29.8717], [-95.18688, 29.86978], [-95.18666, 29.86663], [-95.18649, 29.85335], [-95.18635, 29.84845], [-95.18612, 29.84662], [-95.18517, 29.84371], [-95.17403, 29.84853], [-95.16645, 29.85172], [-95.166, 29.85474], [-95.16189, 29.87342], [-95.1611, 29.87692], [-95.16104, 29.88462], [-95.15949, 29.88578], [-95.15439, 29.89728], [-95.15018, 29.9069], [-95.14775, 29.9123], [-95.14683, 29.91324], [-95.14476, 29.91421], [-95.14401, 29.91427], [-95.13292, 29.91948], [-95.1335, 29.92003], [-95.14044, 29.92672], [-95.1543, 29.95116], [-95.12928, 29.97787], [-95.13154, 29.98767], [-95.13544, 29.98583], [-95.13785, 29.98482], [-95.14125, 29.98419], [-95.14814, 29.98363], [-95.15125, 29.98297], [-95.15352, 29.98208], [-95.15643, 29.98023], [-95.15813, 29.97868], [-95.16474, 29.97229], [-95.17382, 29.96343], [-95.1775, 29.95993], [-95.18574, 29.95196], [-95.19965, 29.93843], [-95.20596, 29.93232]]]}, "properties": {"GEOID": "48201252000", "LILATracts_1And10": 0, "LILATracts_halfAnd10": 0, "LILATracts_Vehicle": 0, "LowIncomeTracts": 0, "LA1and10": 1, "lowincome_lowaccess_share": 11.9713, "pct_zero_car": 0.0121}}, {"type": "Feature", "geometry": {"type": "Polygon", "coordinates": [[[-95.49299, 29.6948], [-95.49289, 29.69069], [-95.49251, 29.68916], [-95.49244, 29.68668], [-95.49282, 29.68425], [-95.4928, 29.67943], [-95.49319, 29.67817], [-95.49234, 29.67785], [-95.48863, 29.6758], [-95.48706, 29.67528], [-95.48426, 29.67531], [-95.4842, 29.67913], [-95.48446, 29.69103], [-95.48457, 29.69919], [-95.49299, 29.6948]]]}, "properties": {"GEOID": "48201421700", "LILATracts_1And10": 0, "LILATracts_halfAnd10": 0, "LILATracts_Vehicle": 0, "LowIncomeTracts": 0, "LA1and10": 0, "lowincome_lowaccess_share": null, "pct_zero_car": 0.0649}}, {"type": "Feature", "geometry": {"type": "Polygon", "coordinates": [[[-95.01884, 29.64595], [-95.01948, 29.64551], [-95.02047, 29.6456], [-95.02228, 29.64749], [-95.02321, 29.6476], [-95.0238, 29.64881], [-95.02454, 29.64908], [-95.0253, 29.65024], [-95.02754, 29.65026], [-95.02808, 29.65082], [-95.02799, 29.65233], [-95.02988, 29.65233], [-95.02978, 29.64569], [-95.02951, 29.63819], [-95.02958, 29.63652], [-95.03001, 29.63445], [-95.03066, 29.63275], [-95.03309, 29.62784], [-95.03418, 29.6247], [-95.03425, 29.62276], [-95.03354, 29.61439], [-95.03292, 29.61038], [-95.03247, 29.61057], [-95.03231, 29.61191], [-95.03254, 29.61334], [-95.03246, 29.61502], [-95.03211, 29.61643], [-95.02289, 29.61656], [-95.02142, 29.61669], [-95.01829, 29.61787], [-95.0185, 29.62993], [-95.01885, 29.64471], [-95.01884, 29.64595]]]}, "properties": {"GEOID": "48201341800", "LILATracts_1And10": 0, "LILATracts_halfAnd10": 0, "LILATracts_Vehicle": 0, "LowIncomeTracts": 0, "LA1and10": 1, "lowincome_lowaccess_share": 21.1074, "pct_zero_car": 0.036}}, {"type": "Feature", "geometry": {"type": "Polygon", "coordinates": [[[-95.64405, 29.73564], [-95.64396, 29.72914], [-95.63051, 29.72929], [-95.62752, 29.72958], [-95.62573, 29.7294], [-95.62254, 29.72823], [-95.61961, 29.72807], [-95.61969, 29.73592], [-95.62382, 29.73586], [-95.62548, 29.7359], [-95.63435, 29.73581], [-95.64405, 29.73564]]]}, "properties": {"GEOID": "48201451700", "LILATracts_1And10": 0, "LILATracts_halfAnd10": 0, "LILATracts_Vehicle": 0, "LowIncomeTracts": 0, "LA1and10": 0, "lowincome_lowaccess_share": 19.5509, "pct_zero_car": 0.0498}}, {"type": "Feature", "geometry": {"type": "Polygon", "coordinates": [[[-95.64396, 29.72914], [-95.64393, 29.72598], [-95.6442, 29.72136], [-95.6442, 29.71619], [-95.64406, 29.71105], [-95.64172, 29.71118], [-95.6147, 29.71341], [-95.61466, 29.71496], [-95.61508, 29.71632], [-95.6186, 29.7206], [-95.61903, 29.72128], [-95.61956, 29.72332], [-95.61961, 29.72807], [-95.62254, 29.72823], [-95.62573, 29.7294], [-95.62752, 29.72958], [-95.63051, 29.72929], [-95.64396, 29.72914]]]}, "properties": {"GEOID": "48201451800", "LILATracts_1And10": 0, "LILATracts_halfAnd10": 0, "LILATracts_Vehicle": 0, "LowIncomeTracts": 0, "LA1and10": 0, "lowincome_lowaccess_share": 30.5162, "pct_zero_car": 0.0676}}, {"type": "Feature", "geometry": {"type": "Polygon", "coordinates": [[[-95.48446, 29.69103], [-95.4842, 29.67913], [-95.48426, 29.67531], [-95.47687, 29.67739], [-95.47702, 29.68328], [-95.477, 29.68732], [-95.47624, 29.68988], [-95.47631, 29.69106], [-95.48446, 29.69103]]]}, "properties": {"GEOID": "48201421800", "LILATracts_1And10": 0, "LILATracts_halfAnd10": 0, "LILATracts_Vehicle": 0, "LowIncomeTracts": 0, "LA1and10": 0, "lowincome_lowaccess_share": 1.2823, "pct_zero_car": 0.0254}}, {"type": "Feature", "geometry": {"type": "Polygon", "coordinates": [[[-95.49319, 29.67817], [-95.4936, 29.67712], [-95.49365, 29.67518], [-95.49263, 29.6727], [-95.49226, 29.67105], [-95.49222, 29.66635], [-95.47683, 29.66653], [-95.47675, 29.66879], [-95.47687, 29.67739], [-95.48426, 29.67531], [-95.48706, 29.67528], [-95.48863, 29.6758], [-95.49234, 29.67785], [-95.49319, 29.67817]]]}, "properties": {"GEOID": "48201421900", "LILATracts_1And10": 0, "LILATracts_halfAnd10": 0, "LILATracts_Vehicle": 0, "LowIncomeTracts": 0, "LA1and10": 0, "lowincome_lowaccess_share": 2.448, "pct_zero_car": 0.0374}}, {"type": "Feature", "geometry": {"type": "Polygon", "coordinates": [[[-95.49269, 29.6506], [-95.49343, 29.64796], [-95.49334, 29.64447], [-95.49317, 29.6361], [-95.4855, 29.6391], [-95.48234, 29.64027], [-95.48245, 29.64341], [-95.4821, 29.64464], [-95.48227, 29.65047], [-95.48125, 29.65272], [-95.47801, 29.6558], [-95.4773, 29.65668], [-95.47671, 29.6593], [-95.47886, 29.65828], [-95.48135, 29.65756], [-95.483, 29.65732], [-95.49205, 29.65719], [-95.4922, 29.65699], [-95.49213, 29.65247], [-95.49269, 29.6506]]]}, "properties": {"GEOID": "48201422100", "LILATracts_1And10": 0, "LILATracts_halfAnd10": 0, "LILATracts_Vehicle": 0, "LowIncomeTracts": 0, "LA1and10": 1, "lowincome_lowaccess_share": 34.785, "pct_zero_car": 0.0519}}, {"type": "Feature", "geometry": {"type": "Polygon", "coordinates": [[[-95.37054, 29.89255], [-95.36509, 29.87073], [-95.35189, 29.87099], [-95.35522, 29.87721], [-95.35474, 29.89454], [-95.35593, 29.89441], [-95.35704, 29.89477], [-95.35983, 29.89357], [-95.36166, 29.89247], [-95.3641, 29.89236], [-95.36553, 29.8913], [-95.36797, 29.89198], [-95.36869, 29.89264], [-95.37054, 29.89255]]]}, "properties": {"GEOID": "48201221800", "LILATracts_1And10": 0, "LILATracts_halfAnd10": 1, "LILATracts_Vehicle": 0, "LowIncomeTracts": 1, "LA1and10": 0, "lowincome_lowaccess_share": 32.7791, "pct_zero_car": 0.0536}}, {"type": "Feature", "geometry": {"type": "Polygon", "coordinates": [[[-95.35474, 29.89454], [-95.35522, 29.87721], [-95.35189, 29.87099], [-95.3411, 29.87107], [-95.34085, 29.87293], [-95.34164, 29.87457], [-95.34227, 29.87515], [-95.34403, 29.87721], [-95.34386, 29.87926], [-95.34447, 29.88106], [-95.3428, 29.8831], [-95.34256, 29.88507], [-95.34296, 29.88674], [-95.34432, 29.88796], [-95.34456, 29.88991], [-95.34595, 29.89084], [-95.34686, 29.89062], [-95.3478, 29.89188], [-95.34799, 29.89293], [-95.3492, 29.89317], [-95.35079, 29.89443], [-95.35474, 29.89454]]]}, "properties": {"GEOID": "48201221900", "LILATracts_1And10": 0, "LILATracts_halfAnd10": 1, "LILATracts_Vehicle": 0, "LowIncomeTracts": 1, "LA1and10": 0, "lowincome_lowaccess_share": 14.6634, "pct_zero_car": 0.0}}, {"type": "Feature", "geometry": {"type": "Polygon", "coordinates": [[[-95.3411, 29.87107], [-95.34158, 29.86983], [-95.34124, 29.86824], [-95.3427, 29.86756], [-95.34252, 29.86612], [-95.34161, 29.8644], [-95.34032, 29.86342], [-95.33905, 29.86311], [-95.33799, 29.86218], [-95.33484, 29.86191], [-95.33359, 29.86134], [-95.33311, 29.86476], [-95.33226, 29.86685], [-95.3302, 29.87035], [-95.33229, 29.87103], [-95.33542, 29.87101], [-95.33549, 29.87524], [-95.34227, 29.87515], [-95.34164, 29.87457], [-95.34085, 29.87293], [-95.3411, 29.87107]]]}, "properties": {"GEOID": "48201222000", "LILATracts_1And10": 0, "LILATracts_halfAnd10": 0, "LILATracts_Vehicle": 0, "LowIncomeTracts": 1, "LA1and10": 0, "lowincome_lowaccess_share": null, "pct_zero_car": 0.0534}}, {"type": "Feature", "geometry": {"type": "Polygon", "coordinates": [[[-95.48327, 29.81834], [-95.48531, 29.81704], [-95.48519, 29.81618], [-95.48499, 29.81057], [-95.48483, 29.80284], [-95.47546, 29.80284], [-95.46823, 29.80291], [-95.46289, 29.80293], [-95.46253, 29.80323], [-95.46696, 29.80662], [-95.46897, 29.80799], [-95.48327, 29.81834]]]}, "properties": {"GEOID": "48201520400", "LILATracts_1And10": 0, "LILATracts_halfAnd10": 1, "LILATracts_Vehicle": 0, "LowIncomeTracts": 1, "LA1and10": 0, "lowincome_lowaccess_share": 17.7484, "pct_zero_car": 0.1575}}, {"type": "Feature", "geometry": {"type": "Polygon", "coordinates": [[[-95.40946, 29.77047], [-95.40934, 29.76274], [-95.40884, 29.76061], [-95.40779, 29.76042], [-95.40699, 29.76076], [-95.40359, 29.76092], [-95.40224, 29.76165], [-95.40049, 29.76201], [-95.39842, 29.76186], [-95.39902, 29.76353], [-95.39883, 29.76424], [-95.3975, 29.76626], [-95.39711, 29.76733], [-95.39727, 29.76956], [-95.40612, 29.7705], [-95.40946, 29.77047]]]}, "properties": {"GEOID": "48201510700", "LILATracts_1And10": 0, "LILATracts_halfAnd10": 0, "LILATracts_Vehicle": 0, "LowIncomeTracts": 0, "LA1and10": 0, "lowincome_lowaccess_share": 2.3484, "pct_zero_car": 0.0177}}, {"type": "Feature", "geometry": {"type": "Polygon", "coordinates": [[[-95.09424, 29.87619], [-95.09455, 29.87408], [-95.09362, 29.86963], [-95.09359, 29.86625], [-95.0939, 29.86448], [-95.09337, 29.86288], [-95.09395, 29.86197], [-95.09396, 29.86093], [-95.09292, 29.85926], [-95.091, 29.85501], [-95.08928, 29.8515], [-95.08956, 29.85019], [-95.09031, 29.84864], [-95.09216, 29.84668], [-95.09423, 29.84593], [-95.09689, 29.84568], [-95.10098, 29.84311], [-95.10282, 29.84424], [-95.10411, 29.84539], [-95.10609, 29.84568], [-95.10638, 29.84417], [-95.10366, 29.83952], [-95.10296, 29.83863], [-95.09994, 29.83622], [-95.09631, 29.83384], [-95.09351, 29.83223], [-95.0919, 29.83157], [-95.08765, 29.83039], [-95.08308, 29.82941], [-95.08138, 29.82929], [-95.07708, 29.8296], [-95.07216, 29.83074], [-95.06703, 29.83281], [-95.06478, 29.83277], [-95.06308, 29.8319], [-95.062, 29.8309], [-95.06109, 29.83169], [-95.0602, 29.83165], [-95.05971, 29.83245], [-95.05812, 29.83247], [-95.05759, 29.83282], [-95.05789, 29.83523], [-95.05769, 29.84166], [-95.0491, 29.84173], [-95.04083, 29.84192], [-95.0028, 29.84239], [-95.00252, 29.84297], [-94.98569, 29.84327], [-94.98407, 29.84364], [-94.97933, 29.84424], [-94.96608, 29.84643], [-94.9567, 29.84793], [-94.94708, 29.84951], [-94.94759, 29.85082], [-94.95309, 29.8553], [-94.95602, 29.85591], [-94.96033, 29.85658], [-94.96595, 29.85808], [-94.968, 29.85915], [-94.96891, 29.86043], [-94.97091, 29.86159], [-94.97146, 29.86242], [-94.97272, 29.86321], [-94.97266, 29.86435], [-94.9736, 29.86505], [-94.97401, 29.86596], [-94.9756, 29.86671], [-94.97634, 29.86782], [-94.97704, 29.86806], [-94.97593, 29.873], [-94.97668, 29.87551], [-94.97633, 29.87699], [-94.97874, 29.87977], [-94.9827, 29.88636], [-94.98612, 29.89113], [-94.98436, 29.89324], [-94.9845, 29.89426], [-94.99176, 29.89295], [-94.99772, 29.89205], [-95.01057, 29.88993], [-95.01224, 29.88973], [-95.02361, 29.88792], [-95.02405, 29.8879], [-95.04114, 29.88862], [-95.05202, 29.88891], [-95.05925, 29.88883], [-95.06005, 29.88822], [-95.06164, 29.88873], [-95.06339, 29.88571], [-95.06452, 29.88456], [-95.06594, 29.88396], [-95.08213, 29.87961], [-95.08535, 29.87847], [-95.08835, 29.87757], [-95.09424, 29.87619]]]}, "properties": {"GEOID": "48201252800", "LILATracts_1And10": 0, "LILATracts_halfAnd10": 0, "LILATracts_Vehicle": 0, "LowIncomeTracts": 1, "LA1and10": 0, "lowincome_lowaccess_share": 39.9982, "pct_zero_car": 0.0298}}, {"type": "Feature", "geometry": {"type": "Polygon", "coordinates": [[[-95.19342, 29.54565], [-95.19546, 29.54453], [-95.19629, 29.5436], [-95.19723, 29.54199], [-95.19565, 29.54233], [-95.19576, 29.54354], [-95.195, 29.54303], [-95.1941, 29.54315], [-95.19466, 29.54214], [-95.19427, 29.54093], [-95.19308, 29.54152], [-95.19225, 29.5405], [-95.19294, 29.54015], [-95.19303, 29.53938], [-95.19223, 29.53866], [-95.19453, 29.53827], [-95.194, 29.53655], [-95.1926, 29.53637], [-95.1922, 29.5359], [-95.19016, 29.53571], [-95.18904, 29.53588], [-95.18836, 29.53489], [-95.18835, 29.53419], [-95.18741, 29.53376], [-95.18852, 29.53326], [-95.18939, 29.53239], [-95.18943, 29.53117], [-95.19054, 29.53024], [-95.18973, 29.52943], [-95.18772, 29.52844], [-95.18779, 29.52787], [-95.18945, 29.5278], [-95.18967, 29.52706], [-95.18693, 29.5274], [-95.1867, 29.52591], [-95.18699, 29.525], [-95.18783, 29.5242], [-95.18634, 29.52335], [-95.18585, 29.5241], [-95.18457, 29.52491], [-95.18213, 29.52699], [-95.17784, 29.53093], [-95.18306, 29.53548], [-95.18883, 29.5404], [-95.19017, 29.54235], [-95.19217, 29.54419], [-95.19342, 29.54565]]]}, "properties": {"GEOID": "48201350700", "LILATracts_1And10": 0, "LILATracts_halfAnd10": 0, "LILATracts_Vehicle": 0, "LowIncomeTracts": 0, "LA1and10": 1, "lowincome_lowaccess_share": 10.7871, "pct_zero_car": 0.0}}, {"type": "Feature", "geometry": {"type": "Polygon", "coordinates": [[[-95.08424, 29.61311], [-95.08452, 29.61047], [-95.08567, 29.60839], [-95.08585, 29.60591], [-95.08689, 29.60338], [-95.08855, 29.60142], [-95.09001, 29.59878], [-95.09181, 29.59868], [-95.09224, 29.59777], [-95.08994, 29.59499], [-95.09001, 29.5936], [-95.08966, 29.59315], [-95.08762, 29.59333], [-95.08634, 29.59307], [-95.08543, 29.59229], [-95.08473, 29.59262], [-95.08404, 29.59374], [-95.08243, 29.59308], [-95.08052, 29.59182], [-95.07939, 29.59181], [-95.07947, 29.59103], [-95.08083, 29.58971], [-95.08223, 29.58931], [-95.08262, 29.58881], [-95.08249, 29.5876], [-95.08084, 29.58755], [-95.07979, 29.58706], [-95.0788, 29.58606], [-95.07743, 29.58572], [-95.07652, 29.58591], [-95.07667, 29.58738], [-95.07539, 29.58676], [-95.07408, 29.58529], [-95.07292, 29.58516], [-95.07132, 29.58331], [-95.071, 29.58194], [-95.06989, 29.58177], [-95.06903, 29.58254], [-95.06707, 29.58074], [-95.06906, 29.5791], [-95.06952, 29.57814], [-95.07138, 29.57688], [-95.07106, 29.57535], [-95.07118, 29.57432], [-95.07187, 29.5733], [-95.07135, 29.57138], [-95.07171, 29.56527], [-95.07216, 29.56368], [-95.07188, 29.56306], [-95.07156, 29.56277], [-95.06996, 29.55905], [-95.0692, 29.5568], [-95.0675, 29.55761], [-95.06506, 29.55848], [-95.06314, 29.55889], [-95.05875, 29.55898], [-95.05734, 29.55873], [-95.05647, 29.56129], [-95.05535, 29.5636], [-95.05676, 29.5646], [-95.05607, 29.56521], [-95.05392, 29.56523], [-95.05355, 29.56583], [-95.05622, 29.56682], [-95.05614, 29.567], [-95.05379, 29.56605], [-95.05408, 29.56717], [-95.0534, 29.5681], [-95.05201, 29.56833], [-95.05232, 29.56892], [-95.05469, 29.57095], [-95.05125, 29.57192], [-95.04952, 29.57324], [-95.04847, 29.57471], [-95.04734, 29.57783], [-95.04774, 29.58223], [-95.04667, 29.58443], [-95.044, 29.58543], [-95.04231, 29.58638], [-95.04215, 29.58715], [-95.04254, 29.58987], [-95.04138, 29.59023], [-95.04149, 29.59132], [-95.04231, 29.59133], [-95.04297, 29.59234], [-95.04414, 29.59255], [-95.04507, 29.59312], [-95.04491, 29.59452], [-95.04382, 29.59572], [-95.04449, 29.59726], [-95.04341, 29.59804], [-95.04279, 29.59906], [-95.04389, 29.60186], [-95.04306, 29.60288], [-95.04165, 29.60367], [-95.04145, 29.60424], [-95.04377, 29.60472], [-95.04516, 29.60547], [-95.04595, 29.60631], [-95.0486, 29.61109], [-95.05556, 29.60817], [-95.06984, 29.60224], [-95.07599, 29.60684], [-95.08424, 29.61311]]]}, "properties": {"GEOID": "48201341400", "LILATracts_1And10": 0, "LILATracts_halfAnd10": 0, "LILATracts_Vehicle": 0, "LowIncomeTracts": 0, "LA1and10": 1, "lowincome_lowaccess_share": 5.9726, "pct_zero_car": 0.0147}}, {"type": "Feature", "geometry": {"type": "Polygon", "coordinates": [[[-95.32552, 29.74083], [-95.32855, 29.737], [-95.3307, 29.73201], [-95.33319, 29.72589], [-95.32837, 29.7228], [-95.32288, 29.72822], [-95.31528, 29.73585], [-95.31425, 29.73726], [-95.32552, 29.74083]]]}, "properties": {"GEOID": "48201310600", "LILATracts_1And10": 1, "LILATracts_halfAnd10": 1, "LILATracts_Vehicle": 1, "LowIncomeTracts": 1, "LA1and10": 1, "lowincome_lowaccess_share": 48.3195, "pct_zero_car": 0.1364}}, {"type": "Feature", "geometry": {"type": "Polygon", "coordinates": [[[-95.26554, 29.76828], [-95.26557, 29.76736], [-95.2649, 29.74477], [-95.265, 29.74136], [-95.26542, 29.73825], [-95.26306, 29.73676], [-95.25778, 29.73321], [-95.256, 29.73213], [-95.25509, 29.73198], [-95.25512, 29.73272], [-95.25361, 29.73275], [-95.25385, 29.74238], [-95.25414, 29.74512], [-95.25395, 29.74648], [-95.25417, 29.74854], [-95.25407, 29.74994], [-95.25456, 29.75405], [-95.2543, 29.7575], [-95.25219, 29.7577], [-95.25217, 29.75823], [-95.25374, 29.75819], [-95.25377, 29.75957], [-95.25585, 29.75951], [-95.25586, 29.75989], [-95.25607, 29.76792], [-95.25845, 29.76823], [-95.26313, 29.76819], [-95.26554, 29.76828]]]}, "properties": {"GEOID": "48201233600", "LILATracts_1And10": 1, "LILATracts_halfAnd10": 1, "LILATracts_Vehicle": 1, "LowIncomeTracts": 1, "LA1and10": 1, "lowincome_lowaccess_share": 66.4385, "pct_zero_car": 0.1476}}, {"type": "Feature", "geometry": {"type": "Polygon", "coordinates": [[[-95.48888, 29.85057], [-95.48887, 29.84148], [-95.48467, 29.84035], [-95.47608, 29.84036], [-95.47319, 29.84095], [-95.46759, 29.84096], [-95.4683, 29.8423], [-95.47206, 29.84889], [-95.47563, 29.84912], [-95.47855, 29.85022], [-95.48106, 29.85057], [-95.48888, 29.85057]]]}, "properties": {"GEOID": "48201532100", "LILATracts_1And10": 0, "LILATracts_halfAnd10": 1, "LILATracts_Vehicle": 1, "LowIncomeTracts": 1, "LA1and10": 0, "lowincome_lowaccess_share": 23.1057, "pct_zero_car": 0.1497}}, {"type": "Feature", "geometry": {"type": "Polygon", "coordinates": [[[-95.51203, 30.0067], [-95.51272, 30.00564], [-95.51403, 30.00476], [-95.5173, 30.00561], [-95.51835, 30.00622], [-95.5198, 30.00588], [-95.52151, 30.00305], [-95.52273, 30.00209], [-95.52478, 30.00213], [-95.52715, 30.0004], [-95.52843, 30.00049], [-95.52996, 29.99964], [-95.52911, 29.99848], [-95.53063, 29.99807], [-95.52981, 29.9969], [-95.52689, 29.9943], [-95.52465, 29.99129], [-95.52387, 29.99058], [-95.52179, 29.98938], [-95.52062, 29.98832], [-95.51703, 29.98342], [-95.51636, 29.98266], [-95.51417, 29.98103], [-95.51313, 29.97974], [-95.50507, 29.98412], [-95.49839, 29.98784], [-95.49834, 29.98787], [-95.50056, 29.99086], [-95.51203, 30.0067]]]}, "properties": {"GEOID": "48201552900", "LILATracts_1And10": 0, "LILATracts_halfAnd10": 0, "LILATracts_Vehicle": 0, "LowIncomeTracts": 0, "LA1and10": 0, "lowincome_lowaccess_share": 25.4505, "pct_zero_car": 0.0227}}, {"type": "Feature", "geometry": {"type": "Polygon", "coordinates": [[[-95.47637, 30.02437], [-95.4743, 30.02174], [-95.47095, 30.01699], [-95.46489, 30.0086], [-95.46369, 30.00709], [-95.45051, 30.01428], [-95.46132, 30.02934], [-95.46315, 30.03174], [-95.46355, 30.03297], [-95.46454, 30.03253], [-95.46538, 30.02998], [-95.46719, 30.02847], [-95.46729, 30.02683], [-95.46762, 30.02642], [-95.46906, 30.02632], [-95.47137, 30.02735], [-95.47253, 30.02738], [-95.47408, 30.02625], [-95.47541, 30.02476], [-95.47637, 30.02437]]]}, "properties": {"GEOID": "48201553100", "LILATracts_1And10": 0, "LILATracts_halfAnd10": 0, "LILATracts_Vehicle": 0, "LowIncomeTracts": 0, "LA1and10": 1, "lowincome_lowaccess_share": 20.5616, "pct_zero_car": 0.0526}}, {"type": "Feature", "geometry": {"type": "Polygon", "coordinates": [[[-95.5384, 30.04592], [-95.53951, 30.04563], [-95.54455, 30.0428], [-95.54557, 30.04179], [-95.54709, 30.03934], [-95.54839, 30.03824], [-95.55352, 30.03533], [-95.55535, 30.03309], [-95.55413, 30.03198], [-95.55258, 30.02904], [-95.54495, 30.01864], [-95.54376, 30.01764], [-95.54153, 30.01645], [-95.54015, 30.0152], [-95.53847, 30.01288], [-95.52377, 30.02102], [-95.52715, 30.02374], [-95.53097, 30.02793], [-95.53519, 30.03445], [-95.53736, 30.04], [-95.5384, 30.04592]]]}, "properties": {"GEOID": "48201553900", "LILATracts_1And10": 0, "LILATracts_halfAnd10": 0, "LILATracts_Vehicle": 0, "LowIncomeTracts": 0, "LA1and10": 0, "lowincome_lowaccess_share": 6.3654, "pct_zero_car": 0.0069}}, {"type": "Feature", "geometry": {"type": "Polygon", "coordinates": [[[-95.45831, 29.74094], [-95.45883, 29.73786], [-95.46031, 29.731], [-95.46043, 29.72895], [-95.45754, 29.72993], [-95.45583, 29.73026], [-95.45049, 29.7303], [-95.44793, 29.73005], [-95.44816, 29.74163], [-95.45772, 29.74108], [-95.45831, 29.74094]]]}, "properties": {"GEOID": "48201411600", "LILATracts_1And10": 0, "LILATracts_halfAnd10": 0, "LILATracts_Vehicle": 0, "LowIncomeTracts": 0, "LA1and10": 0, "lowincome_lowaccess_share": 7.1108, "pct_zero_car": 0.0}}, {"type": "Feature", "geometry": {"type": "Polygon", "coordinates": [[[-95.30038, 29.69587], [-95.299, 29.69271], [-95.29877, 29.68961], [-95.29843, 29.68845], [-95.29631, 29.68515], [-95.2785, 29.68553], [-95.27811, 29.68575], [-95.28477, 29.69258], [-95.28641, 29.69466], [-95.28701, 29.69604], [-95.28873, 29.69745], [-95.29154, 29.69669], [-95.29469, 29.69565], [-95.29673, 29.69553], [-95.30038, 29.69587]]]}, "properties": {"GEOID": "48201332900", "LILATracts_1And10": 0, "LILATracts_halfAnd10": 1, "LILATracts_Vehicle": 0, "LowIncomeTracts": 1, "LA1and10": 0, "lowincome_lowaccess_share": 17.204, "pct_zero_car": 0.0773}}, {"type": "Feature", "geometry": {"type": "Polygon", "coordinates": [[[-95.04944, 29.79108], [-95.04912, 29.79085], [-95.05078, 29.78978], [-95.04485, 29.78799], [-95.03983, 29.78594], [-95.03931, 29.78664], [-95.03261, 29.787], [-95.03161, 29.78693], [-95.02366, 29.78562], [-95.00602, 29.78286], [-94.98721, 29.7798], [-94.9776, 29.77795], [-94.97486, 29.77743], [-94.9641, 29.77766], [-94.96411, 29.77831], [-94.96191, 29.7786], [-94.95629, 29.77957], [-94.94658, 29.7811], [-94.9421, 29.77556], [-94.94084, 29.77149], [-94.93948, 29.76579], [-94.92969, 29.76732], [-94.92623, 29.76702], [-94.92002, 29.7681], [-94.91863, 29.76817], [-94.91662, 29.77027], [-94.91723, 29.77107], [-94.91963, 29.77129], [-94.9199, 29.77245], [-94.91915, 29.77289], [-94.91769, 29.77193], [-94.91652, 29.77229], [-94.91631, 29.77366], [-94.91724, 29.77491], [-94.91798, 29.77519], [-94.92007, 29.77536], [-94.92034, 29.77623], [-94.91977, 29.77715], [-94.92006, 29.77953], [-94.92003, 29.781], [-94.92102, 29.78127], [-94.92137, 29.78207], [-94.9206, 29.7828], [-94.91837, 29.78355], [-94.91806, 29.78439], [-94.9182, 29.78564], [-94.91711, 29.78622], [-94.91702, 29.78677], [-94.9182, 29.78689], [-94.91861, 29.78754], [-94.91783, 29.78821], [-94.91783, 29.78904], [-94.91856, 29.78972], [-94.91963, 29.79146], [-94.92112, 29.79193], [-94.92129, 29.79253], [-94.92044, 29.79272], [-94.91944, 29.79366], [-94.91926, 29.7944], [-94.91988, 29.79467], [-94.92056, 29.79418], [-94.92384, 29.79472], [-94.9242, 29.79518], [-94.92381, 29.7964], [-94.9225, 29.79664], [-94.9223, 29.79756], [-94.92318, 29.79787], [-94.92327, 29.79847], [-94.9221, 29.80049], [-94.92294, 29.80161], [-94.92244, 29.80301], [-94.92158, 29.80312], [-94.91941, 29.80276], [-94.9186, 29.80319], [-94.91688, 29.8033], [-94.91718, 29.80495], [-94.91597, 29.80563], [-94.91617, 29.80645], [-94.91508, 29.80691], [-94.91448, 29.8076], [-94.91255, 29.80857], [-94.91244, 29.80903], [-94.91363, 29.81048], [-94.91197, 29.81096], [-94.91287, 29.81177], [-94.91325, 29.81292], [-94.91175, 29.81405], [-94.91165, 29.81221], [-94.91039, 29.81212], [-94.91091, 29.8135], [-94.91072, 29.81402], [-94.90922, 29.81363], [-94.90854, 29.81513], [-94.9096, 29.81502], [-94.91073, 29.81585], [-94.91008, 29.81646], [-94.91071, 29.81702], [-94.91113, 29.81817], [-94.91044, 29.81841], [-94.91068, 29.81945], [-94.90998, 29.81953], [-94.90982, 29.82122], [-94.91783, 29.82137], [-94.92023, 29.82083], [-94.92416, 29.81904], [-94.93743, 29.81314], [-94.93981, 29.81216], [-94.94288, 29.81142], [-94.96609, 29.80792], [-94.96936, 29.80729], [-94.97857, 29.80528], [-94.99759, 29.80228], [-94.99765, 29.80251], [-95.00989, 29.80058], [-95.01669, 29.8004], [-95.01669, 29.8001], [-95.02507, 29.79984], [-95.02785, 29.79912], [-95.03188, 29.79762], [-95.04944, 29.79108]]]}, "properties": {"GEOID": "48201253200", "LILATracts_1And10": 0, "LILATracts_halfAnd10": 0, "LILATracts_Vehicle": 0, "LowIncomeTracts": 0, "LA1and10": 0, "lowincome_lowaccess_share": 30.4176, "pct_zero_car": 0.0067}}, {"type": "Feature", "geometry": {"type": "Polygon", "coordinates": [[[-95.41861, 29.95688], [-95.41826, 29.95324], [-95.41718, 29.94918], [-95.41401, 29.94053], [-95.40749, 29.94062], [-95.40295, 29.94049], [-95.39589, 29.93882], [-95.39387, 29.93858], [-95.38119, 29.9387], [-95.38391, 29.94937], [-95.38407, 29.94939], [-95.38594, 29.94931], [-95.38702, 29.94843], [-95.3891, 29.94563], [-95.38976, 29.9453], [-95.39603, 29.94518], [-95.3978, 29.94567], [-95.39962, 29.94765], [-95.40144, 29.9484], [-95.40494, 29.9494], [-95.40567, 29.95003], [-95.40749, 29.95314], [-95.40792, 29.95345], [-95.4137, 29.95445], [-95.41587, 29.95638], [-95.41667, 29.95679], [-95.41861, 29.95688]]]}, "properties": {"GEOID": "48201240100", "LILATracts_1And10": 0, "LILATracts_halfAnd10": 0, "LILATracts_Vehicle": 0, "LowIncomeTracts": 1, "LA1and10": 0, "lowincome_lowaccess_share": 6.4417, "pct_zero_car": 0.0988}}, {"type": "Feature", "geometry": {"type": "Polygon", "coordinates": [[[-95.29545, 29.70213], [-95.29118, 29.69939], [-95.29019, 29.69991], [-95.28979, 29.70063], [-95.28987, 29.70176], [-95.2883, 29.70398], [-95.2863, 29.70509], [-95.28546, 29.70506], [-95.28381, 29.70388], [-95.28179, 29.70136], [-95.28026, 29.70139], [-95.28078, 29.70062], [-95.27788, 29.70268], [-95.27207, 29.70693], [-95.2693, 29.70837], [-95.26718, 29.70991], [-95.27056, 29.71071], [-95.27449, 29.71206], [-95.27539, 29.71252], [-95.27806, 29.71324], [-95.28071, 29.71565], [-95.2836, 29.7166], [-95.28595, 29.71677], [-95.2859, 29.71479], [-95.28717, 29.71448], [-95.29019, 29.7122], [-95.29005, 29.7064], [-95.28972, 29.70487], [-95.29051, 29.70404], [-95.29338, 29.70384], [-95.29442, 29.70332], [-95.29545, 29.70213]]]}, "properties": {"GEOID": "48201311500", "LILATracts_1And10": 0, "LILATracts_halfAnd10": 0, "LILATracts_Vehicle": 0, "LowIncomeTracts": 1, "LA1and10": 0, "lowincome_lowaccess_share": 0.0593, "pct_zero_car": 0.1405}}, {"type": "Feature", "geometry": {"type": "Polygon", "coordinates": [[[-95.50829, 29.64423], [-95.50826, 29.63851], [-95.50811, 29.63265], [-95.50758, 29.63098], [-95.50754, 29.63062], [-95.50195, 29.63283], [-95.49317, 29.6361], [-95.49334, 29.64447], [-95.50037, 29.64437], [-95.50829, 29.64423]]]}, "properties": {"GEOID": "48201422200", "LILATracts_1And10": 0, "LILATracts_halfAnd10": 1, "LILATracts_Vehicle": 1, "LowIncomeTracts": 1, "LA1and10": 0, "lowincome_lowaccess_share": 39.657, "pct_zero_car": 0.2113}}, {"type": "Feature", "geometry": {"type": "Polygon", "coordinates": [[[-95.50864, 29.67617], [-95.50853, 29.66656], [-95.50481, 29.66658], [-95.50117, 29.66675], [-95.49873, 29.66677], [-95.49818, 29.66631], [-95.49222, 29.66635], [-95.49226, 29.67105], [-95.49263, 29.6727], [-95.49365, 29.67518], [-95.4936, 29.67712], [-95.49319, 29.67817], [-95.49484, 29.67851], [-95.49631, 29.67846], [-95.50285, 29.67737], [-95.50592, 29.67632], [-95.50864, 29.67617]]]}, "properties": {"GEOID": "48201422500", "LILATracts_1And10": 0, "LILATracts_halfAnd10": 0, "LILATracts_Vehicle": 0, "LowIncomeTracts": 1, "LA1and10": 0, "lowincome_lowaccess_share": 4.0928, "pct_zero_car": 0.1176}}, {"type": "Feature", "geometry": {"type": "Polygon", "coordinates": [[[-95.42927, 30.03266], [-95.43072, 30.03252], [-95.43167, 30.03201], [-95.4349, 30.03231], [-95.43682, 30.03206], [-95.43883, 30.03214], [-95.44126, 30.03049], [-95.44176, 30.02951], [-95.44142, 30.02742], [-95.44027, 30.025], [-95.43779, 30.02185], [-95.43684, 30.01996], [-95.43661, 30.01892], [-95.42898, 30.02115], [-95.42929, 30.02691], [-95.42927, 30.03266]]]}, "properties": {"GEOID": "48201553300", "LILATracts_1And10": 0, "LILATracts_halfAnd10": 1, "LILATracts_Vehicle": 0, "LowIncomeTracts": 1, "LA1and10": 0, "lowincome_lowaccess_share": 36.0864, "pct_zero_car": 0.0603}}, {"type": "Feature", "geometry": {"type": "Polygon", "coordinates": [[[-95.48856, 30.04039], [-95.48131, 30.0305], [-95.47908, 30.02841], [-95.47757, 30.0264], [-95.47637, 30.02437], [-95.47541, 30.02476], [-95.47408, 30.02625], [-95.47253, 30.02738], [-95.47137, 30.02735], [-95.46906, 30.02632], [-95.46762, 30.02642], [-95.46729, 30.02683], [-95.46719, 30.02847], [-95.46538, 30.02998], [-95.46454, 30.03253], [-95.46355, 30.03297], [-95.46566, 30.03674], [-95.4665, 30.03789], [-95.46752, 30.03941], [-95.46865, 30.04223], [-95.47119, 30.04571], [-95.47387, 30.04848], [-95.48856, 30.04039]]]}, "properties": {"GEOID": "48201553500", "LILATracts_1And10": 0, "LILATracts_halfAnd10": 0, "LILATracts_Vehicle": 0, "LowIncomeTracts": 0, "LA1and10": 1, "lowincome_lowaccess_share": 9.1603, "pct_zero_car": 0.0062}}, {"type": "Feature", "geometry": {"type": "Polygon", "coordinates": [[[-95.26673, 29.62644], [-95.26679, 29.62451], [-95.26667, 29.61334], [-95.2666, 29.61279], [-95.26648, 29.60163], [-95.26669, 29.60027], [-95.25296, 29.60046], [-95.24788, 29.60061], [-95.24757, 29.60075], [-95.24843, 29.60298], [-95.24936, 29.60411], [-95.24994, 29.60578], [-95.24998, 29.60861], [-95.24982, 29.611], [-95.24997, 29.61221], [-95.25074, 29.61438], [-95.25084, 29.61612], [-95.25064, 29.61799], [-95.249, 29.62142], [-95.24832, 29.62376], [-95.24853, 29.62716], [-95.26105, 29.62662], [-95.26673, 29.62644]]]}, "properties": {"GEOID": "48201333901", "LILATracts_1And10": 0, "LILATracts_halfAnd10": 0, "LILATracts_Vehicle": 0, "LowIncomeTracts": 0, "LA1and10": 0, "lowincome_lowaccess_share": 11.7465, "pct_zero_car": 0.0031}}, {"type": "Feature", "geometry": {"type": "Polygon", "coordinates": [[[-95.48417, 29.72598], [-95.48414, 29.72504], [-95.48486, 29.72179], [-95.48485, 29.72005], [-95.4848, 29.71642], [-95.47641, 29.71653], [-95.47652, 29.72445], [-95.4764, 29.72605], [-95.48417, 29.72598]]]}, "properties": {"GEOID": "48201421102", "LILATracts_1And10": 0, "LILATracts_halfAnd10": 0, "LILATracts_Vehicle": 0, "LowIncomeTracts": 1, "LA1and10": 0, "lowincome_lowaccess_share": null, "pct_zero_car": 0.1143}}, {"type": "Feature", "geometry": {"type": "Polygon", "coordinates": [[[-95.49929, 29.71684], [-95.49713, 29.71494], [-95.49622, 29.71564], [-95.49399, 29.71632], [-95.48896, 29.71638], [-95.4848, 29.71642], [-95.48485, 29.72005], [-95.49315, 29.71996], [-95.49318, 29.72225], [-95.49929, 29.71684]]]}, "properties": {"GEOID": "48201421202", "LILATracts_1And10": 0, "LILATracts_halfAnd10": 0, "LILATracts_Vehicle": 0, "LowIncomeTracts": 1, "LA1and10": 0, "lowincome_lowaccess_share": null, "pct_zero_car": 0.17}}, {"type": "Feature", "geometry": {"type": "Polygon", "coordinates": [[[-95.48889, 29.71275], [-95.49308, 29.7127], [-95.49328, 29.71083], [-95.49314, 29.71018], [-95.49305, 29.70545], [-95.48463, 29.70553], [-95.48476, 29.7128], [-95.48889, 29.71275]]]}, "properties": {"GEOID": "48201421403", "LILATracts_1And10": 0, "LILATracts_halfAnd10": 0, "LILATracts_Vehicle": 0, "LowIncomeTracts": 1, "LA1and10": 0, "lowincome_lowaccess_share": null, "pct_zero_car": 0.2086}}, {"type": "Feature", "geometry": {"type": "Polygon", "coordinates": [[[-95.45387, 29.78094], [-95.45508, 29.77938], [-95.45569, 29.77787], [-95.45597, 29.77608], [-95.45624, 29.77197], [-95.45613, 29.76842], [-95.4558, 29.76336], [-95.45572, 29.75996], [-95.45506, 29.75989], [-95.45266, 29.75858], [-95.45284, 29.75729], [-95.45152, 29.75706], [-95.45075, 29.75647], [-95.4484, 29.7561], [-95.4465, 29.7551], [-95.44628, 29.75424], [-95.44339, 29.75398], [-95.44265, 29.75359], [-95.4415, 29.75405], [-95.44115, 29.75522], [-95.43935, 29.75713], [-95.43802, 29.75713], [-95.4392, 29.75878], [-95.43838, 29.75959], [-95.43552, 29.75798], [-95.43375, 29.75766], [-95.43324, 29.75815], [-95.4332, 29.75968], [-95.43192, 29.75967], [-95.43108, 29.75877], [-95.42995, 29.75827], [-95.4285, 29.75892], [-95.42903, 29.76055], [-95.42785, 29.76046], [-95.42718, 29.75957], [-95.42682, 29.75839], [-95.42591, 29.75793], [-95.42547, 29.75675], [-95.42467, 29.75683], [-95.42441, 29.75807], [-95.42363, 29.7584], [-95.42248, 29.75734], [-95.42173, 29.75774], [-95.42028, 29.75928], [-95.41929, 29.75872], [-95.41829, 29.75755], [-95.41699, 29.75867], [-95.41603, 29.76016], [-95.41368, 29.75992], [-95.41317, 29.76055], [-95.41298, 29.76238], [-95.41174, 29.76205], [-95.40884, 29.76061], [-95.40934, 29.76274], [-95.40946, 29.77047], [-95.41342, 29.77043], [-95.41744, 29.77065], [-95.42271, 29.77109], [-95.42419, 29.77241], [-95.4273, 29.77599], [-95.42916, 29.77765], [-95.43822, 29.77867], [-95.44128, 29.77909], [-95.44975, 29.77916], [-95.45232, 29.77994], [-95.45387, 29.78094]]]}, "properties": {"GEOID": "48201510800", "LILATracts_1And10": 0, "LILATracts_halfAnd10": 0, "LILATracts_Vehicle": 0, "LowIncomeTracts": 0, "LA1and10": 1, "lowincome_lowaccess_share": 9.5418, "pct_zero_car": 0.0245}}, {"type": "Feature", "geometry": {"type": "Polygon", "coordinates": [[[-95.42884, 29.84104], [-95.42893, 29.83914], [-95.42972, 29.83725], [-95.42967, 29.83228], [-95.42854, 29.83234], [-95.42833, 29.83074], [-95.41639, 29.83078], [-95.41621, 29.83133], [-95.41069, 29.8314], [-95.4109, 29.84115], [-95.42797, 29.84093], [-95.42884, 29.84104]]]}, "properties": {"GEOID": "48201530900", "LILATracts_1And10": 0, "LILATracts_halfAnd10": 0, "LILATracts_Vehicle": 0, "LowIncomeTracts": 0, "LA1and10": 0, "lowincome_lowaccess_share": 6.0904, "pct_zero_car": 0.0944}}, {"type": "Feature", "geometry": {"type": "Polygon", "coordinates": [[[-95.44479, 29.83275], [-95.44448, 29.81971], [-95.44085, 29.81968], [-95.4295, 29.81944], [-95.42962, 29.82828], [-95.4345, 29.82822], [-95.43577, 29.82838], [-95.43704, 29.82902], [-95.44197, 29.83216], [-95.4432, 29.83267], [-95.44479, 29.83275]]]}, "properties": {"GEOID": "48201531100", "LILATracts_1And10": 0, "LILATracts_halfAnd10": 0, "LILATracts_Vehicle": 0, "LowIncomeTracts": 0, "LA1and10": 0, "lowincome_lowaccess_share": 2.5762, "pct_zero_car": 0.0089}}, {"type": "Feature", "geometry": {"type": "Polygon", "coordinates": [[[-95.45962, 29.82691], [-95.46101, 29.82649], [-95.46303, 29.82713], [-95.4637, 29.82701], [-95.46546, 29.82807], [-95.46827, 29.82735], [-95.47026, 29.82829], [-95.47317, 29.82828], [-95.47452, 29.82762], [-95.4759, 29.82751], [-95.47668, 29.82671], [-95.46888, 29.81944], [-95.45813, 29.81962], [-95.456, 29.81912], [-95.45359, 29.81803], [-95.45105, 29.81737], [-95.44947, 29.81721], [-95.44533, 29.81722], [-95.44638, 29.8183], [-95.44969, 29.81836], [-95.45041, 29.81861], [-95.45094, 29.81985], [-95.45219, 29.82005], [-95.45512, 29.82124], [-95.45691, 29.82258], [-95.45814, 29.82423], [-95.45962, 29.82691]]]}, "properties": {"GEOID": "48201531300", "LILATracts_1And10": 0, "LILATracts_halfAnd10": 1, "LILATracts_Vehicle": 0, "LowIncomeTracts": 1, "LA1and10": 0, "lowincome_lowaccess_share": 20.3544, "pct_zero_car": 0.049}}, {"type": "Feature", "geometry": {"type": "Polygon", "coordinates": [[[-95.46279, 29.83253], [-95.46649, 29.83242], [-95.46961, 29.83245], [-95.47178, 29.83298], [-95.48109, 29.83296], [-95.48357, 29.83313], [-95.47668, 29.82671], [-95.4759, 29.82751], [-95.47452, 29.82762], [-95.47317, 29.82828], [-95.47026, 29.82829], [-95.46827, 29.82735], [-95.46546, 29.82807], [-95.4637, 29.82701], [-95.46303, 29.82713], [-95.46101, 29.82649], [-95.45962, 29.82691], [-95.46279, 29.83253]]]}, "properties": {"GEOID": "48201531400", "LILATracts_1And10": 0, "LILATracts_halfAnd10": 0, "LILATracts_Vehicle": 0, "LowIncomeTracts": 0, "LA1and10": 0, "lowincome_lowaccess_share": 15.4198, "pct_zero_car": 0.0428}}, {"type": "Feature", "geometry": {"type": "Polygon", "coordinates": [[[-95.45387, 29.78094], [-95.45232, 29.77994], [-95.44975, 29.77916], [-95.44128, 29.77909], [-95.43822, 29.77867], [-95.42916, 29.77765], [-95.42567, 29.77746], [-95.41096, 29.77767], [-95.40961, 29.77766], [-95.40963, 29.7795], [-95.40917, 29.7815], [-95.4097, 29.78346], [-95.4099, 29.79051], [-95.4118, 29.79038], [-95.41706, 29.79012], [-95.42006, 29.79002], [-95.42316, 29.78928], [-95.43784, 29.78922], [-95.4433, 29.78917], [-95.451, 29.79482], [-95.45126, 29.79501], [-95.45222, 29.79116], [-95.45231, 29.78985], [-95.45202, 29.78581], [-95.45215, 29.78378], [-95.45277, 29.78242], [-95.45387, 29.78094]]]}, "properties": {"GEOID": "48201510900", "LILATracts_1And10": 0, "LILATracts_halfAnd10": 0, "LILATracts_Vehicle": 0, "LowIncomeTracts": 0, "LA1and10": 1, "lowincome_lowaccess_share": 9.0032, "pct_zero_car": 0.0131}}, {"type": "Feature", "geometry": {"type": "Polygon", "coordinates": [[[-95.28078, 29.70062], [-95.28026, 29.70139], [-95.28179, 29.70136], [-95.28381, 29.70388], [-95.28546, 29.70506], [-95.2863, 29.70509], [-95.2883, 29.70398], [-95.28987, 29.70176], [-95.28979, 29.70063], [-95.29019, 29.69991], [-95.29118, 29.69939], [-95.28873, 29.69745], [-95.28438, 29.69867], [-95.28078, 29.70062]]]}, "properties": {"GEOID": "48201311600", "LILATracts_1And10": 0, "LILATracts_halfAnd10": 0, "LILATracts_Vehicle": 0, "LowIncomeTracts": 1, "LA1and10": 0, "lowincome_lowaccess_share": null, "pct_zero_car": 0.0832}}, {"type": "Feature", "geometry": {"type": "Polygon", "coordinates": [[[-95.41925, 29.96573], [-95.41885, 29.96422], [-95.41867, 29.96231], [-95.41861, 29.95688], [-95.41667, 29.95679], [-95.41587, 29.95638], [-95.4137, 29.95445], [-95.40792, 29.95345], [-95.40749, 29.95314], [-95.40567, 29.95003], [-95.40494, 29.9494], [-95.40144, 29.9484], [-95.39962, 29.94765], [-95.3978, 29.94567], [-95.39603, 29.94518], [-95.39705, 29.9473], [-95.39854, 29.94892], [-95.39948, 29.9506], [-95.39992, 29.95479], [-95.40104, 29.95737], [-95.40137, 29.95909], [-95.4033, 29.95909], [-95.40366, 29.96597], [-95.41925, 29.96573]]]}, "properties": {"GEOID": "48201240600", "LILATracts_1And10": 0, "LILATracts_halfAnd10": 0, "LILATracts_Vehicle": 0, "LowIncomeTracts": 1, "LA1and10": 0, "lowincome_lowaccess_share": 7.7853, "pct_zero_car": 0.1693}}, {"type": "Feature", "geometry": {"type": "Polygon", "coordinates": [[[-95.54308, 29.70495], [-95.54309, 29.70341], [-95.5434, 29.70216], [-95.5459, 29.69594], [-95.54622, 29.69402], [-95.54617, 29.69056], [-95.53767, 29.69067], [-95.5352, 29.69114], [-95.53678, 29.69335], [-95.53753, 29.69522], [-95.5379, 29.6989], [-95.53798, 29.705], [-95.54308, 29.70495]]]}, "properties": {"GEOID": "48201433202", "LILATracts_1And10": 0, "LILATracts_halfAnd10": 0, "LILATracts_Vehicle": 0, "LowIncomeTracts": 1, "LA1and10": 0, "lowincome_lowaccess_share": 0.3464, "pct_zero_car": 0.0917}}, {"type": "Feature", "geometry": {"type": "Polygon", "coordinates": [[[-95.55146, 29.70482], [-95.5515, 29.70377], [-95.5523, 29.70137], [-95.55212, 29.69341], [-95.5512, 29.69026], [-95.54942, 29.69053], [-95.54617, 29.69056], [-95.54622, 29.69402], [-95.5459, 29.69594], [-95.5434, 29.70216], [-95.54309, 29.70341], [-95.54308, 29.70495], [-95.54529, 29.70494], [-95.55146, 29.70482]]]}, "properties": {"GEOID": "48201433201", "LILATracts_1And10": 0, "LILATracts_halfAnd10": 1, "LILATracts_Vehicle": 0, "LowIncomeTracts": 1, "LA1and10": 0, "lowincome_lowaccess_share": 16.5499, "pct_zero_car": 0.0699}}, {"type": "Feature", "geometry": {"type": "Polygon", "coordinates": [[[-95.546, 29.71289], [-95.54555, 29.71154], [-95.54532, 29.70766], [-95.54529, 29.70494], [-95.54308, 29.70495], [-95.53798, 29.705], [-95.53809, 29.70619], [-95.53883, 29.70896], [-95.53893, 29.71363], [-95.54196, 29.71403], [-95.5438, 29.71386], [-95.546, 29.71289]]]}, "properties": {"GEOID": "48201433002", "LILATracts_1And10": 0, "LILATracts_halfAnd10": 0, "LILATracts_Vehicle": 0, "LowIncomeTracts": 1, "LA1and10": 0, "lowincome_lowaccess_share": 0.7402, "pct_zero_car": 0.2727}}, {"type": "Feature", "geometry": {"type": "Polygon", "coordinates": [[[-95.55845, 29.68466], [-95.56025, 29.67621], [-95.56048, 29.67463], [-95.55365, 29.67509], [-95.55375, 29.67642], [-95.55248, 29.67984], [-95.55141, 29.68103], [-95.55048, 29.68148], [-95.55141, 29.68356], [-95.55139, 29.68606], [-95.55158, 29.68662], [-95.55606, 29.68484], [-95.55845, 29.68466]]]}, "properties": {"GEOID": "48201433502", "LILATracts_1And10": 0, "LILATracts_halfAnd10": 0, "LILATracts_Vehicle": 0, "LowIncomeTracts": 1, "LA1and10": 0, "lowincome_lowaccess_share": null, "pct_zero_car": 0.2213}}, {"type": "Feature", "geometry": {"type": "Polygon", "coordinates": [[[-95.62071, 29.94749], [-95.62116, 29.94661], [-95.62093, 29.93611], [-95.62026, 29.93352], [-95.62021, 29.92929], [-95.61815, 29.92913], [-95.61591, 29.92823], [-95.61284, 29.92614], [-95.6107, 29.92553], [-95.60632, 29.92548], [-95.60637, 29.93186], [-95.60668, 29.93341], [-95.60745, 29.93504], [-95.60775, 29.93631], [-95.6079, 29.94478], [-95.60785, 29.94722], [-95.60712, 29.94866], [-95.60537, 29.95045], [-95.60484, 29.95234], [-95.60617, 29.95229], [-95.60783, 29.95183], [-95.60902, 29.95108], [-95.61162, 29.94873], [-95.61342, 29.94776], [-95.61456, 29.9475], [-95.62071, 29.94749]]]}, "properties": {"GEOID": "48201552102", "LILATracts_1And10": 0, "LILATracts_halfAnd10": 0, "LILATracts_Vehicle": 0, "LowIncomeTracts": 0, "LA1and10": 1, "lowincome_lowaccess_share": 22.3752, "pct_zero_car": 0.0075}}, {"type": "Feature", "geometry": {"type": "Polygon", "coordinates": [[[-95.18667, 29.66507], [-95.18646, 29.65778], [-95.18604, 29.65676], [-95.18604, 29.65432], [-95.18581, 29.65321], [-95.18499, 29.65211], [-95.18341, 29.6508], [-95.18035, 29.65067], [-95.17716, 29.64959], [-95.17608, 29.64947], [-95.17136, 29.64952], [-95.17154, 29.65604], [-95.17197, 29.6578], [-95.17211, 29.66478], [-95.17223, 29.66532], [-95.18667, 29.66507]]]}, "properties": {"GEOID": "48201323701", "LILATracts_1And10": 0, "LILATracts_halfAnd10": 1, "LILATracts_Vehicle": 0, "LowIncomeTracts": 1, "LA1and10": 0, "lowincome_lowaccess_share": 23.7739, "pct_zero_car": 0.0742}}, {"type": "Feature", "geometry": {"type": "Polygon", "coordinates": [[[-95.42561, 29.99764], [-95.42464, 29.99252], [-95.42364, 29.98652], [-95.42135, 29.97417], [-95.41925, 29.96573], [-95.40366, 29.96597], [-95.39039, 29.96595], [-95.38744, 29.96589], [-95.38508, 29.96535], [-95.38026, 29.9654], [-95.38064, 29.96841], [-95.38208, 29.97013], [-95.38356, 29.97092], [-95.38843, 29.97254], [-95.38997, 29.97327], [-95.39146, 29.97479], [-95.39213, 29.97623], [-95.3961, 29.99189], [-95.39706, 29.99593], [-95.39881, 29.99567], [-95.40331, 29.99573], [-95.4063, 29.99655], [-95.41201, 29.99658], [-95.41415, 29.99684], [-95.41828, 29.99794], [-95.41979, 29.99821], [-95.42211, 29.9982], [-95.42561, 29.99764]]]}, "properties": {"GEOID": "48201240702", "LILATracts_1And10": 1, "LILATracts_halfAnd10": 1, "LILATracts_Vehicle": 0, "LowIncomeTracts": 1, "LA1and10": 1, "lowincome_lowaccess_share": 44.7117, "pct_zero_car": 0.0255}}, {"type": "Feature", "geometry": {"type": "Polygon", "coordinates": [[[-95.40366, 29.96597], [-95.4033, 29.95909], [-95.40137, 29.95909], [-95.40104, 29.95737], [-95.39992, 29.95479], [-95.39948, 29.9506], [-95.38807, 29.95076], [-95.38561, 29.95119], [-95.38416, 29.95202], [-95.38296, 29.95424], [-95.38098, 29.95619], [-95.38037, 29.9572], [-95.37998, 29.95876], [-95.38006, 29.96157], [-95.38027, 29.96185], [-95.38026, 29.9654], [-95.38508, 29.96535], [-95.38744, 29.96589], [-95.39039, 29.96595], [-95.40366, 29.96597]]]}, "properties": {"GEOID": "48201240501", "LILATracts_1And10": 0, "LILATracts_halfAnd10": 1, "LILATracts_Vehicle": 1, "LowIncomeTracts": 1, "LA1and10": 0, "lowincome_lowaccess_share": 44.7413, "pct_zero_car": 0.1202}}, {"type": "Feature", "geometry": {"type": "Polygon", "coordinates": [[[-95.19342, 29.54565], [-95.19217, 29.54419], [-95.19017, 29.54235], [-95.18883, 29.5404], [-95.18306, 29.53548], [-95.17784, 29.53093], [-95.17678, 29.53193], [-95.1695, 29.52591], [-95.16835, 29.526], [-95.1642, 29.52981], [-95.16268, 29.52966], [-95.16224, 29.5311], [-95.1614, 29.53235], [-95.16749, 29.53732], [-95.16947, 29.53886], [-95.1709, 29.5406], [-95.17295, 29.53931], [-95.17489, 29.54093], [-95.17681, 29.54196], [-95.18732, 29.55065], [-95.19179, 29.54662], [-95.19342, 29.54565]]]}, "properties": {"GEOID": "48201350602", "LILATracts_1And10": 0, "LILATracts_halfAnd10": 0, "LILATracts_Vehicle": 0, "LowIncomeTracts": 0, "LA1and10": 1, "lowincome_lowaccess_share": 14.7292, "pct_zero_car": 0.0187}}, {"type": "Feature", "geometry": {"type": "Polygon", "coordinates": [[[-95.12034, 29.55487], [-95.11799, 29.553], [-95.11085, 29.55006], [-95.10879, 29.54869], [-95.10641, 29.54594], [-95.09281, 29.55051], [-95.0936, 29.55176], [-95.09427, 29.5522], [-95.09751, 29.55357], [-95.10766, 29.55768], [-95.11572, 29.56101], [-95.11816, 29.5567], [-95.12034, 29.55487]]]}, "properties": {"GEOID": "48201341302", "LILATracts_1And10": 0, "LILATracts_halfAnd10": 1, "LILATracts_Vehicle": 1, "LowIncomeTracts": 1, "LA1and10": 0, "lowincome_lowaccess_share": 35.7068, "pct_zero_car": 0.0832}}, {"type": "Feature", "geometry": {"type": "Polygon", "coordinates": [[[-95.42898, 30.02115], [-95.42823, 30.01309], [-95.42746, 30.00752], [-95.42561, 29.99764], [-95.42211, 29.9982], [-95.41979, 29.99821], [-95.41828, 29.99794], [-95.41415, 29.99684], [-95.41201, 29.99658], [-95.4063, 29.99655], [-95.40331, 29.99573], [-95.39881, 29.99567], [-95.39706, 29.99593], [-95.39884, 30.00304], [-95.39917, 30.004], [-95.40002, 30.00506], [-95.40255, 30.00739], [-95.40346, 30.00881], [-95.40439, 30.01226], [-95.40452, 30.01407], [-95.40478, 30.02183], [-95.40438, 30.02523], [-95.40454, 30.02659], [-95.42178, 30.02333], [-95.42898, 30.02115]]]}, "properties": {"GEOID": "48201240701", "LILATracts_1And10": 1, "LILATracts_halfAnd10": 1, "LILATracts_Vehicle": 0, "LowIncomeTracts": 1, "LA1and10": 1, "lowincome_lowaccess_share": 39.2593, "pct_zero_car": 0.0083}}, {"type": "Feature", "geometry": {"type": "Polygon", "coordinates": [[[-95.33004, 30.03049], [-95.32989, 30.02808], [-95.33001, 30.02533], [-95.33, 30.01871], [-95.33011, 30.01722], [-95.33012, 30.01154], [-95.31597, 30.00619], [-95.31248, 30.00482], [-95.31022, 30.0044], [-95.30891, 30.00437], [-95.3089, 30.00634], [-95.30679, 30.01604], [-95.30679, 30.02079], [-95.30692, 30.03106], [-95.308, 30.03191], [-95.31099, 30.03289], [-95.31155, 30.03233], [-95.31338, 30.03306], [-95.31492, 30.03173], [-95.31591, 30.0314], [-95.31662, 30.03246], [-95.31654, 30.0333], [-95.31732, 30.03435], [-95.31846, 30.03437], [-95.31935, 30.03391], [-95.32208, 30.03309], [-95.32245, 30.03245], [-95.32247, 30.03109], [-95.32146, 30.03006], [-95.32281, 30.02938], [-95.32314, 30.0288], [-95.3244, 30.02819], [-95.32507, 30.02729], [-95.32654, 30.02628], [-95.32702, 30.02683], [-95.32718, 30.02849], [-95.32837, 30.02956], [-95.33004, 30.03049]]]}, "properties": {"GEOID": "48201240901", "LILATracts_1And10": 0, "LILATracts_halfAnd10": 0, "LILATracts_Vehicle": 0, "LowIncomeTracts": 0, "LA1and10": 1, "lowincome_lowaccess_share": 26.3025, "pct_zero_car": 0.0119}}, {"type": "Feature", "geometry": {"type": "Polygon", "coordinates": [[[-95.38159, 30.06072], [-95.39161, 30.05517], [-95.39003, 30.05372], [-95.38553, 30.0461], [-95.38304, 30.04203], [-95.38241, 30.04036], [-95.38131, 30.04044], [-95.3793, 30.03922], [-95.37726, 30.03917], [-95.3747, 30.0376], [-95.37085, 30.03668], [-95.3697, 30.0366], [-95.3688, 30.03603], [-95.3679, 30.03487], [-95.36745, 30.03374], [-95.36578, 30.03464], [-95.36685, 30.03615], [-95.36689, 30.03777], [-95.36786, 30.03905], [-95.37011, 30.04052], [-95.37195, 30.04256], [-95.3704, 30.04342], [-95.37548, 30.0511], [-95.38026, 30.05724], [-95.37961, 30.05763], [-95.38159, 30.06072]]]}, "properties": {"GEOID": "48201241103", "LILATracts_1And10": 1, "LILATracts_halfAnd10": 1, "LILATracts_Vehicle": 0, "LowIncomeTracts": 1, "LA1and10": 1, "lowincome_lowaccess_share": 27.8776, "pct_zero_car": 0.0282}}, {"type": "Feature", "geometry": {"type": "Polygon", "coordinates": [[[-95.12447, 30.14451], [-95.12832, 30.14136], [-95.1305, 30.13983], [-95.13157, 30.13864], [-95.13568, 30.13553], [-95.16521, 30.11182], [-95.17266, 30.10586], [-95.18053, 30.09945], [-95.19572, 30.08732], [-95.19678, 30.08772], [-95.19566, 30.08724], [-95.19014, 30.08398], [-95.18404, 30.08021], [-95.17845, 30.07685], [-95.17618, 30.07548], [-95.17159, 30.07262], [-95.16557, 30.06853], [-95.16473, 30.06726], [-95.16292, 30.06574], [-95.15959, 30.06494], [-95.1592, 30.06568], [-95.15946, 30.0665], [-95.1572, 30.06987], [-95.15669, 30.07117], [-95.15347, 30.07091], [-95.15275, 30.07168], [-95.15418, 30.07249], [-95.1555, 30.07393], [-95.15569, 30.07488], [-95.15524, 30.07585], [-95.15357, 30.07717], [-95.15323, 30.07845], [-95.15353, 30.07954], [-95.15471, 30.08083], [-95.15478, 30.08179], [-95.15578, 30.08284], [-95.15431, 30.08408], [-95.15295, 30.08556], [-95.14913, 30.08649], [-95.14855, 30.0874], [-95.14875, 30.08796], [-95.15022, 30.08844], [-95.15053, 30.08967], [-95.14957, 30.08998], [-95.1488, 30.091], [-95.14851, 30.09242], [-95.14786, 30.09368], [-95.14871, 30.09537], [-95.14858, 30.09606], [-95.14971, 30.09693], [-95.14924, 30.09874], [-95.15066, 30.09954], [-95.15069, 30.10006], [-95.14953, 30.1008], [-95.14968, 30.10148], [-95.15091, 30.10234], [-95.15121, 30.10436], [-95.14992, 30.10477], [-95.14982, 30.10525], [-95.15111, 30.10674], [-95.15142, 30.10761], [-95.15027, 30.10791], [-95.14972, 30.10758], [-95.14803, 30.10775], [-95.14714, 30.10841], [-95.14702, 30.1092], [-95.14476, 30.10925], [-95.14346, 30.1109], [-95.14143, 30.11244], [-95.14013, 30.11219], [-95.13849, 30.11299], [-95.13786, 30.11368], [-95.13821, 30.11619], [-95.1376, 30.11771], [-95.13561, 30.1187], [-95.13463, 30.11983], [-95.13376, 30.1203], [-95.1334, 30.12118], [-95.13125, 30.12404], [-95.13122, 30.12531], [-95.13075, 30.12705], [-95.13098, 30.12825], [-95.13034, 30.12775], [-95.12853, 30.12913], [-95.12795, 30.13155], [-95.12875, 30.13193], [-95.12919, 30.13291], [-95.12823, 30.13356], [-95.1277, 30.13637], [-95.12685, 30.13701], [-95.12608, 30.13671], [-95.12552, 30.13794], [-95.12614, 30.1389], [-95.12455, 30.13898], [-95.12406, 30.13979], [-95.12426, 30.14094], [-95.12481, 30.14136], [-95.12433, 30.14386], [-95.12447, 30.14451]]]}, "properties": {"GEOID": "48201251501", "LILATracts_1And10": 0, "LILATracts_halfAnd10": 0, "LILATracts_Vehicle": 0, "LowIncomeTracts": 0, "LA1and10": 1, "lowincome_lowaccess_share": 8.1534, "pct_zero_car": 0.0096}}, {"type": "Feature", "geometry": {"type": "Polygon", "coordinates": [[[-95.50091, 29.73754], [-95.50085, 29.73619], [-95.50122, 29.73404], [-95.50119, 29.73166], [-95.48978, 29.73179], [-95.48985, 29.73768], [-95.49511, 29.73759], [-95.50091, 29.73754]]]}, "properties": {"GEOID": "48201432002", "LILATracts_1And10": 0, "LILATracts_halfAnd10": 1, "LILATracts_Vehicle": 0, "LowIncomeTracts": 1, "LA1and10": 0, "lowincome_lowaccess_share": 9.9165, "pct_zero_car": 0.098}}, {"type": "Feature", "geometry": {"type": "Polygon", "coordinates": [[[-95.36384, 29.96548], [-95.36164, 29.96212], [-95.36056, 29.95977], [-95.35848, 29.9511], [-95.35628, 29.94132], [-95.35622, 29.94026], [-95.35897, 29.94016], [-95.36093, 29.94174], [-95.36236, 29.94381], [-95.36297, 29.94423], [-95.36792, 29.94546], [-95.36883, 29.94599], [-95.36938, 29.94707], [-95.37141, 29.94738], [-95.37124, 29.94823], [-95.3718, 29.94917], [-95.38048, 29.94912], [-95.38218, 29.94899], [-95.38391, 29.94937], [-95.38119, 29.9387], [-95.36452, 29.93881], [-95.35359, 29.93897], [-95.33021, 29.93911], [-95.32042, 29.93923], [-95.31448, 29.93921], [-95.31164, 29.93929], [-95.30709, 29.93987], [-95.30154, 29.93999], [-95.29598, 29.93996], [-95.29236, 29.94806], [-95.29176, 29.94955], [-95.28459, 29.96571], [-95.27985, 29.97635], [-95.2786, 29.97865], [-95.27716, 29.9824], [-95.27459, 29.98901], [-95.27122, 29.99746], [-95.27028, 30.00033], [-95.26824, 30.00502], [-95.29387, 30.00505], [-95.30891, 30.00437], [-95.30875, 29.99425], [-95.30861, 29.99041], [-95.30857, 29.98554], [-95.30534, 29.98531], [-95.29695, 29.98359], [-95.29708, 29.98295], [-95.29593, 29.98278], [-95.29603, 29.98232], [-95.29607, 29.9755], [-95.2967, 29.97387], [-95.29799, 29.97301], [-95.29916, 29.97282], [-95.30718, 29.97282], [-95.30832, 29.97206], [-95.30839, 29.97593], [-95.31751, 29.97592], [-95.31836, 29.97626], [-95.32853, 29.97626], [-95.32955, 29.97583], [-95.33282, 29.97593], [-95.33725, 29.97581], [-95.335, 29.97397], [-95.33344, 29.97137], [-95.33143, 29.96955], [-95.32957, 29.96653], [-95.32983, 29.96613], [-95.32487, 29.95799], [-95.32479, 29.95199], [-95.32685, 29.95177], [-95.33139, 29.95168], [-95.33987, 29.95176], [-95.34027, 29.95372], [-95.34392, 29.95973], [-95.34572, 29.96004], [-95.3471, 29.96078], [-95.34859, 29.96347], [-95.35006, 29.9658], [-95.35057, 29.96566], [-95.36384, 29.96548]]]}, "properties": {"GEOID": "48201241500", "LILATracts_1And10": 1, "LILATracts_halfAnd10": 1, "LILATracts_Vehicle": 1, "LowIncomeTracts": 1, "LA1and10": 1, "lowincome_lowaccess_share": 36.5, "pct_zero_car": 0.0726}}, {"type": "Feature", "geometry": {"type": "Polygon", "coordinates": [[[-95.41231, 29.92468], [-95.40998, 29.92458], [-95.40779, 29.92513], [-95.40199, 29.9252], [-95.39973, 29.92595], [-95.39788, 29.92598], [-95.39805, 29.92712], [-95.39969, 29.92883], [-95.40004, 29.92959], [-95.40008, 29.93179], [-95.40975, 29.93169], [-95.41198, 29.9318], [-95.41197, 29.93041], [-95.41231, 29.92468]]]}, "properties": {"GEOID": "48201222501", "LILATracts_1And10": 0, "LILATracts_halfAnd10": 0, "LILATracts_Vehicle": 0, "LowIncomeTracts": 1, "LA1and10": 0, "lowincome_lowaccess_share": null, "pct_zero_car": 0.1766}}, {"type": "Feature", "geometry": {"type": "Polygon", "coordinates": [[[-95.41269, 29.91507], [-95.41245, 29.89965], [-95.41054, 29.89889], [-95.41021, 29.8974], [-95.40959, 29.89697], [-95.40777, 29.89676], [-95.40735, 29.89603], [-95.40553, 29.89626], [-95.40281, 29.89551], [-95.40212, 29.89574], [-95.40116, 29.89537], [-95.40078, 29.89463], [-95.39984, 29.89421], [-95.39805, 29.89271], [-95.39689, 29.89286], [-95.39587, 29.89332], [-95.39268, 29.89206], [-95.39089, 29.89185], [-95.38795, 29.89226], [-95.38705, 29.89309], [-95.38638, 29.89295], [-95.38457, 29.8916], [-95.3817, 29.89286], [-95.37955, 29.89329], [-95.37872, 29.8932], [-95.37691, 29.89222], [-95.37521, 29.89269], [-95.37285, 29.89245], [-95.37213, 29.8921], [-95.37054, 29.89255], [-95.37297, 29.90221], [-95.39075, 29.90208], [-95.39334, 29.9027], [-95.40047, 29.90255], [-95.40513, 29.91541], [-95.40681, 29.91521], [-95.41269, 29.91507]]]}, "properties": {"GEOID": "48201222401", "LILATracts_1And10": 1, "LILATracts_halfAnd10": 1, "LILATracts_Vehicle": 0, "LowIncomeTracts": 1, "LA1and10": 1, "lowincome_lowaccess_share": 56.3976, "pct_zero_car": 0.0228}}, {"type": "Feature", "geometry": {"type": "Polygon", "coordinates": [[[-95.41231, 29.92468], [-95.41275, 29.91733], [-95.41269, 29.91507], [-95.40681, 29.91521], [-95.40513, 29.91541], [-95.40499, 29.91543], [-95.40196, 29.91623], [-95.39567, 29.91898], [-95.39352, 29.91932], [-95.39354, 29.92103], [-95.39394, 29.92201], [-95.39769, 29.92594], [-95.39788, 29.92598], [-95.39973, 29.92595], [-95.40199, 29.9252], [-95.40779, 29.92513], [-95.40998, 29.92458], [-95.41231, 29.92468]]]}, "properties": {"GEOID": "48201222503", "LILATracts_1And10": 0, "LILATracts_halfAnd10": 1, "LILATracts_Vehicle": 0, "LowIncomeTracts": 1, "LA1and10": 0, "lowincome_lowaccess_share": 10.6798, "pct_zero_car": 0.1255}}, {"type": "Feature", "geometry": {"type": "Polygon", "coordinates": [[[-95.48618, 29.75854], [-95.48594, 29.75746], [-95.48583, 29.75185], [-95.48603, 29.74994], [-95.48264, 29.75004], [-95.47697, 29.75013], [-95.47728, 29.75238], [-95.47741, 29.76147], [-95.47794, 29.76379], [-95.47978, 29.76308], [-95.48409, 29.7592], [-95.48618, 29.75854]]]}, "properties": {"GEOID": "48201431501", "LILATracts_1And10": 0, "LILATracts_halfAnd10": 0, "LILATracts_Vehicle": 0, "LowIncomeTracts": 0, "LA1and10": 0, "lowincome_lowaccess_share": 3.1813, "pct_zero_car": 0.0617}}, {"type": "Feature", "geometry": {"type": "Polygon", "coordinates": [[[-95.31548, 29.76363], [-95.3181, 29.75906], [-95.32005, 29.75612], [-95.3181, 29.75503], [-95.31574, 29.75475], [-95.31384, 29.75551], [-95.3122, 29.75541], [-95.30945, 29.75469], [-95.30826, 29.75461], [-95.3068, 29.755], [-95.30529, 29.75583], [-95.30419, 29.75554], [-95.30291, 29.75395], [-95.3018, 29.75305], [-95.30084, 29.75273], [-95.29968, 29.75311], [-95.29861, 29.75416], [-95.29742, 29.75423], [-95.2954, 29.75206], [-95.29483, 29.75115], [-95.29494, 29.75019], [-95.29631, 29.74837], [-95.29576, 29.7474], [-95.29372, 29.74722], [-95.29013, 29.74893], [-95.28861, 29.74983], [-95.28791, 29.75003], [-95.28501, 29.74533], [-95.28041, 29.73953], [-95.27851, 29.73623], [-95.27577, 29.72756], [-95.27528, 29.72734], [-95.27031, 29.72443], [-95.26651, 29.72485], [-95.26652, 29.72494], [-95.26679, 29.7272], [-95.26647, 29.7312], [-95.26542, 29.73825], [-95.265, 29.74136], [-95.2649, 29.74477], [-95.26557, 29.76736], [-95.26554, 29.76828], [-95.26546, 29.76939], [-95.26408, 29.77572], [-95.26688, 29.77615], [-95.27823, 29.77806], [-95.2796, 29.77816], [-95.28404, 29.77811], [-95.28371, 29.76323], [-95.2835, 29.7501], [-95.29126, 29.75519], [-95.29313, 29.75701], [-95.29682, 29.75677], [-95.29854, 29.7571], [-95.30538, 29.76072], [-95.31548, 29.76363]]]}, "properties": {"GEOID": "48201212500", "LILATracts_1And10": 1, "LILATracts_halfAnd10": 1, "LILATracts_Vehicle": 1, "LowIncomeTracts": 1, "LA1and10": 1, "lowincome_lowaccess_share": 55.4376, "pct_zero_car": 0.0729}}, {"type": "Feature", "geometry": {"type": "Polygon", "coordinates": [[[-95.32288, 29.72822], [-95.32837, 29.7228], [-95.32507, 29.72077], [-95.31947, 29.71787], [-95.31622, 29.71585], [-95.31069, 29.7122], [-95.30939, 29.7136], [-95.30919, 29.71447], [-95.30771, 29.71561], [-95.30753, 29.7171], [-95.30885, 29.71836], [-95.30844, 29.71953], [-95.30543, 29.72115], [-95.30503, 29.72238], [-95.30819, 29.72379], [-95.31142, 29.72481], [-95.32288, 29.72822]]]}, "properties": {"GEOID": "48201310700", "LILATracts_1And10": 0, "LILATracts_halfAnd10": 1, "LILATracts_Vehicle": 0, "LowIncomeTracts": 1, "LA1and10": 0, "lowincome_lowaccess_share": 27.0747, "pct_zero_car": 0.1222}}, {"type": "Feature", "geometry": {"type": "Polygon", "coordinates": [[[-95.26276, 29.87724], [-95.26256, 29.87676], [-95.26255, 29.87206], [-95.26232, 29.8481], [-95.26055, 29.84747], [-95.25734, 29.8468], [-95.25685, 29.84645], [-95.25574, 29.84668], [-95.25589, 29.84727], [-95.25511, 29.84827], [-95.25285, 29.84775], [-95.25258, 29.84699], [-95.25183, 29.84669], [-95.25014, 29.84719], [-95.24988, 29.84537], [-95.24917, 29.84436], [-95.24741, 29.84414], [-95.24498, 29.84516], [-95.24403, 29.84466], [-95.24285, 29.84482], [-95.24251, 29.84412], [-95.24116, 29.84342], [-95.24045, 29.84344], [-95.24062, 29.84129], [-95.24002, 29.84075], [-95.23831, 29.84054], [-95.23785, 29.83968], [-95.23678, 29.83905], [-95.23657, 29.83828], [-95.23418, 29.83809], [-95.23368, 29.83927], [-95.23243, 29.83959], [-95.23162, 29.84032], [-95.23142, 29.84126], [-95.2319, 29.84238], [-95.23148, 29.84304], [-95.22986, 29.84418], [-95.22889, 29.84424], [-95.22835, 29.84639], [-95.2285, 29.84996], [-95.22826, 29.85281], [-95.22853, 29.8531], [-95.2284, 29.85687], [-95.22879, 29.85742], [-95.23102, 29.85838], [-95.23168, 29.85975], [-95.23047, 29.86107], [-95.23067, 29.86212], [-95.23349, 29.86605], [-95.23547, 29.86757], [-95.23557, 29.86841], [-95.2373, 29.8699], [-95.2383, 29.87225], [-95.23865, 29.87448], [-95.23828, 29.8775], [-95.23766, 29.87829], [-95.23633, 29.87852], [-95.23599, 29.87931], [-95.2367, 29.88006], [-95.23703, 29.88145], [-95.23655, 29.88264], [-95.2369, 29.88385], [-95.23665, 29.88461], [-95.23511, 29.88682], [-95.23511, 29.88759], [-95.23661, 29.88912], [-95.2375, 29.88962], [-95.23821, 29.89083], [-95.23817, 29.89207], [-95.23997, 29.8925], [-95.24033, 29.89302], [-95.24007, 29.89464], [-95.2387, 29.89601], [-95.23934, 29.8977], [-95.24068, 29.89864], [-95.24777, 29.89186], [-95.25405, 29.88568], [-95.26276, 29.87724]]]}, "properties": {"GEOID": "48201231200", "LILATracts_1And10": 1, "LILATracts_halfAnd10": 1, "LILATracts_Vehicle": 1, "LowIncomeTracts": 1, "LA1and10": 1, "lowincome_lowaccess_share": 43.0574, "pct_zero_car": 0.1735}}, {"type": "Feature", "geometry": {"type": "Polygon", "coordinates": [[[-95.34296, 29.88674], [-95.34256, 29.88507], [-95.3428, 29.8831], [-95.34447, 29.88106], [-95.34386, 29.87926], [-95.34403, 29.87721], [-95.34227, 29.87515], [-95.33549, 29.87524], [-95.33542, 29.87101], [-95.33229, 29.87103], [-95.3302, 29.87035], [-95.32618, 29.87718], [-95.32463, 29.87999], [-95.32235, 29.88381], [-95.3228, 29.88365], [-95.32393, 29.88174], [-95.33003, 29.88169], [-95.33008, 29.88331], [-95.33047, 29.88443], [-95.33053, 29.8869], [-95.33305, 29.88674], [-95.34296, 29.88674]]]}, "properties": {"GEOID": "48201222100", "LILATracts_1And10": 0, "LILATracts_halfAnd10": 1, "LILATracts_Vehicle": 0, "LowIncomeTracts": 1, "LA1and10": 0, "lowincome_lowaccess_share": 42.7396, "pct_zero_car": 0.0573}}, {"type": "Feature", "geometry": {"type": "Polygon", "coordinates": [[[-95.13292, 29.91948], [-95.14401, 29.91427], [-95.14476, 29.91421], [-95.14683, 29.91324], [-95.14775, 29.9123], [-95.15018, 29.9069], [-95.15439, 29.89728], [-95.15949, 29.88578], [-95.16104, 29.88462], [-95.1611, 29.87692], [-95.16189, 29.87342], [-95.166, 29.85474], [-95.16645, 29.85172], [-95.16314, 29.85307], [-95.15377, 29.85715], [-95.1476, 29.85992], [-95.13644, 29.86465], [-95.12819, 29.86819], [-95.12266, 29.87061], [-95.11485, 29.87414], [-95.11236, 29.87502], [-95.10659, 29.87759], [-95.10521, 29.8781], [-95.09538, 29.88024], [-95.09651, 29.88167], [-95.0968, 29.88329], [-95.09701, 29.88768], [-95.0974, 29.8885], [-95.09937, 29.89066], [-95.10189, 29.89259], [-95.10343, 29.8933], [-95.1047, 29.89342], [-95.10667, 29.893], [-95.10867, 29.89231], [-95.11089, 29.89103], [-95.11324, 29.89098], [-95.11414, 29.89179], [-95.116, 29.89446], [-95.11712, 29.89858], [-95.11753, 29.89925], [-95.119, 29.90045], [-95.12056, 29.90127], [-95.12161, 29.90238], [-95.12344, 29.90383], [-95.12507, 29.90596], [-95.1248, 29.90803], [-95.12389, 29.91151], [-95.12383, 29.9128], [-95.12478, 29.91468], [-95.12545, 29.91545], [-95.12755, 29.91672], [-95.13199, 29.91862], [-95.13292, 29.91948]]]}, "properties": {"GEOID": "48201252100", "LILATracts_1And10": 0, "LILATracts_halfAnd10": 0, "LILATracts_Vehicle": 0, "LowIncomeTracts": 0, "LA1and10": 1, "lowincome_lowaccess_share": 46.6549, "pct_zero_car": 0.0}}, {"type": "Feature", "geometry": {"type": "Polygon", "coordinates": [[[-95.0491, 29.84173], [-95.04886, 29.8402], [-95.04877, 29.83685], [-95.04782, 29.83651], [-95.04769, 29.83482], [-95.04452, 29.83475], [-95.04446, 29.8312], [-95.04351, 29.83104], [-95.04338, 29.82918], [-95.04302, 29.82897], [-95.04286, 29.8274], [-95.03902, 29.82744], [-95.03491, 29.82734], [-95.0344, 29.8235], [-95.03631, 29.82337], [-95.03535, 29.8193], [-95.03227, 29.80821], [-95.03207, 29.80726], [-95.03188, 29.79762], [-95.02785, 29.79912], [-95.02507, 29.79984], [-95.01669, 29.8001], [-95.01669, 29.8004], [-95.00989, 29.80058], [-94.99765, 29.80251], [-94.99923, 29.80848], [-94.99935, 29.82007], [-94.99762, 29.82009], [-95.00162, 29.83826], [-95.00276, 29.84081], [-95.0028, 29.84239], [-95.04083, 29.84192], [-95.0491, 29.84173]]]}, "properties": {"GEOID": "48201253000", "LILATracts_1And10": 0, "LILATracts_halfAnd10": 0, "LILATracts_Vehicle": 0, "LowIncomeTracts": 0, "LA1and10": 1, "lowincome_lowaccess_share": 43.8223, "pct_zero_car": 0.029}}, {"type": "Feature", "geometry": {"type": "Polygon", "coordinates": [[[-95.50874, 29.68678], [-95.50864, 29.67617], [-95.50592, 29.67632], [-95.50285, 29.67737], [-95.49631, 29.67846], [-95.49484, 29.67851], [-95.49319, 29.67817], [-95.4928, 29.67943], [-95.49282, 29.68425], [-95.49244, 29.68668], [-95.49251, 29.68916], [-95.49289, 29.69069], [-95.49299, 29.6948], [-95.49961, 29.69148], [-95.50874, 29.68678]]]}, "properties": {"GEOID": "48201422600", "LILATracts_1And10": 0, "LILATracts_halfAnd10": 0, "LILATracts_Vehicle": 0, "LowIncomeTracts": 1, "LA1and10": 0, "lowincome_lowaccess_share": null, "pct_zero_car": 0.1195}}, {"type": "Feature", "geometry": {"type": "Polygon", "coordinates": [[[-95.15565, 29.66565], [-95.15573, 29.6633], [-95.15614, 29.65969], [-95.15601, 29.65178], [-95.15613, 29.64985], [-95.15213, 29.65001], [-95.15043, 29.65025], [-95.14358, 29.65035], [-95.13315, 29.65049], [-95.12237, 29.65048], [-95.12422, 29.65345], [-95.13186, 29.66204], [-95.13267, 29.6635], [-95.13549, 29.66346], [-95.1374, 29.66398], [-95.13978, 29.66531], [-95.14219, 29.66586], [-95.15565, 29.66565]]]}, "properties": {"GEOID": "48201342100", "LILATracts_1And10": 0, "LILATracts_halfAnd10": 0, "LILATracts_Vehicle": 0, "LowIncomeTracts": 0, "LA1and10": 0, "lowincome_lowaccess_share": 8.306, "pct_zero_car": 0.0}}, {"type": "Feature", "geometry": {"type": "Polygon", "coordinates": [[[-95.15526, 29.68152], [-95.156, 29.6789], [-95.15608, 29.67758], [-95.15595, 29.67068], [-95.15565, 29.66565], [-95.14219, 29.66586], [-95.13978, 29.66531], [-95.1374, 29.66398], [-95.13549, 29.66346], [-95.13267, 29.6635], [-95.13654, 29.67259], [-95.1376, 29.67382], [-95.14466, 29.67798], [-95.151, 29.68167], [-95.15526, 29.68152]]]}, "properties": {"GEOID": "48201342200", "LILATracts_1And10": 0, "LILATracts_halfAnd10": 0, "LILATracts_Vehicle": 0, "LowIncomeTracts": 0, "LA1and10": 0, "lowincome_lowaccess_share": 16.73, "pct_zero_car": 0.0}}, {"type": "Feature", "geometry": {"type": "Polygon", "coordinates": [[[-95.14466, 29.67798], [-95.1376, 29.67382], [-95.13654, 29.67259], [-95.13267, 29.6635], [-95.12295, 29.66373], [-95.12328, 29.6792], [-95.12456, 29.67922], [-95.12624, 29.67988], [-95.12735, 29.681], [-95.12927, 29.68191], [-95.14262, 29.68174], [-95.1426, 29.67786], [-95.14466, 29.67798]]]}, "properties": {"GEOID": "48201342300", "LILATracts_1And10": 0, "LILATracts_halfAnd10": 0, "LILATracts_Vehicle": 0, "LowIncomeTracts": 0, "LA1and10": 0, "lowincome_lowaccess_share": 16.9503, "pct_zero_car": 0.0791}}, {"type": "Feature", "geometry": {"type": "Polygon", "coordinates": [[[-95.52172, 29.93668], [-95.5154, 29.92545], [-95.50928, 29.92549], [-95.50782, 29.92534], [-95.50518, 29.92451], [-95.50294, 29.92439], [-95.50066, 29.92498], [-95.50489, 29.92816], [-95.5087, 29.93121], [-95.51177, 29.93424], [-95.51532, 29.9369], [-95.52172, 29.93668]]]}, "properties": {"GEOID": "48201534003", "LILATracts_1And10": 1, "LILATracts_halfAnd10": 1, "LILATracts_Vehicle": 0, "LowIncomeTracts": 1, "LA1and10": 1, "lowincome_lowaccess_share": 48.848, "pct_zero_car": 0.0107}}, {"type": "Feature", "geometry": {"type": "Polygon", "coordinates": [[[-95.72006, 29.98044], [-95.72045, 29.97941], [-95.72014, 29.96071], [-95.71762, 29.95911], [-95.71793, 29.9563], [-95.71776, 29.94809], [-95.72536, 29.94804], [-95.72639, 29.94711], [-95.73017, 29.94222], [-95.73057, 29.93004], [-95.73041, 29.92766], [-95.72992, 29.92528], [-95.72883, 29.92302], [-95.72707, 29.92085], [-95.72553, 29.91219], [-95.72507, 29.91065], [-95.71993, 29.9051], [-95.71946, 29.90181], [-95.71839, 29.8969], [-95.71841, 29.89447], [-95.70656, 29.89464], [-95.69876, 29.89485], [-95.69545, 29.89557], [-95.68912, 29.89567], [-95.68731, 29.89593], [-95.68554, 29.89659], [-95.68396, 29.8969], [-95.68593, 29.90738], [-95.686, 29.90852], [-95.68639, 29.92565], [-95.68588, 29.92721], [-95.67631, 29.94715], [-95.67347, 29.95307], [-95.67834, 29.95633], [-95.68564, 29.96135], [-95.68565, 29.96162], [-95.68772, 29.96305], [-95.68915, 29.96442], [-95.68983, 29.96545], [-95.69117, 29.96827], [-95.69294, 29.97057], [-95.69451, 29.97183], [-95.6967, 29.97297], [-95.69973, 29.97381], [-95.70516, 29.97504], [-95.70832, 29.97598], [-95.71644, 29.97908], [-95.72006, 29.98044]]]}, "properties": {"GEOID": "48201543002", "LILATracts_1And10": 0, "LILATracts_halfAnd10": 0, "LILATracts_Vehicle": 0, "LowIncomeTracts": 0, "LA1and10": 0, "lowincome_lowaccess_share": 9.8199, "pct_zero_car": 0.018}}, {"type": "Feature", "geometry": {"type": "Polygon", "coordinates": [[[-95.19814, 29.98662], [-95.1959, 29.98065], [-95.1958, 29.97933], [-95.19365, 29.97935], [-95.19009, 29.97886], [-95.18648, 29.97912], [-95.18253, 29.97879], [-95.17992, 29.97918], [-95.17684, 29.98086], [-95.17556, 29.98096], [-95.16896, 29.98272], [-95.16586, 29.98259], [-95.1632, 29.98126], [-95.1623, 29.98232], [-95.16166, 29.9837], [-95.16155, 29.98492], [-95.16181, 29.99436], [-95.16196, 29.99764], [-95.16227, 29.99858], [-95.16503, 29.99822], [-95.16573, 29.9973], [-95.16923, 29.99623], [-95.19814, 29.98662]]]}, "properties": {"GEOID": "48201250401", "LILATracts_1And10": 0, "LILATracts_halfAnd10": 0, "LILATracts_Vehicle": 0, "LowIncomeTracts": 0, "LA1and10": 0, "lowincome_lowaccess_share": 10.1947, "pct_zero_car": 0.0115}}, {"type": "Feature", "geometry": {"type": "Polygon", "coordinates": [[[-95.61844, 29.75446], [-95.61845, 29.75328], [-95.61889, 29.75082], [-95.61848, 29.74967], [-95.61843, 29.748], [-95.61813, 29.74759], [-95.61902, 29.74656], [-95.61849, 29.74643], [-95.61714, 29.74632], [-95.61041, 29.74651], [-95.60927, 29.74615], [-95.60605, 29.74622], [-95.60599, 29.74723], [-95.60611, 29.75392], [-95.60729, 29.75396], [-95.61046, 29.75457], [-95.61844, 29.75446]]]}, "properties": {"GEOID": "48201451401", "LILATracts_1And10": 0, "LILATracts_halfAnd10": 0, "LILATracts_Vehicle": 0, "LowIncomeTracts": 0, "LA1and10": 0, "lowincome_lowaccess_share": 18.3417, "pct_zero_car": 0.1018}}, {"type": "Feature", "geometry": {"type": "Polygon", "coordinates": [[[-95.61849, 29.74643], [-95.61862, 29.74413], [-95.61925, 29.74286], [-95.61927, 29.74165], [-95.61794, 29.73981], [-95.61772, 29.73815], [-95.61811, 29.73595], [-95.60584, 29.73618], [-95.60605, 29.74622], [-95.60927, 29.74615], [-95.61041, 29.74651], [-95.61714, 29.74632], [-95.61849, 29.74643]]]}, "properties": {"GEOID": "48201451402", "LILATracts_1And10": 0, "LILATracts_halfAnd10": 0, "LILATracts_Vehicle": 0, "LowIncomeTracts": 0, "LA1and10": 0, "lowincome_lowaccess_share": 14.5282, "pct_zero_car": 0.0051}}, {"type": "Feature", "geometry": {"type": "Polygon", "coordinates": [[[-95.15454, 29.68374], [-95.15526, 29.68152], [-95.151, 29.68167], [-95.14466, 29.67798], [-95.1426, 29.67786], [-95.14262, 29.68174], [-95.14272, 29.68948], [-95.14295, 29.69581], [-95.14371, 29.6958], [-95.14375, 29.69933], [-95.1436, 29.7012], [-95.145, 29.70118], [-95.14492, 29.71172], [-95.15337, 29.71208], [-95.15342, 29.69782], [-95.15351, 29.68793], [-95.15454, 29.68374]]]}, "properties": {"GEOID": "48201342400", "LILATracts_1And10": 0, "LILATracts_halfAnd10": 0, "LILATracts_Vehicle": 0, "LowIncomeTracts": 0, "LA1and10": 0, "lowincome_lowaccess_share": 9.335, "pct_zero_car": 0.0417}}, {"type": "Feature", "geometry": {"type": "Polygon", "coordinates": [[[-95.57078, 29.65621], [-95.57041, 29.65362], [-95.56853, 29.65139], [-95.56421, 29.65546], [-95.56233, 29.6571], [-95.55812, 29.66105], [-95.55965, 29.66428], [-95.56022, 29.66739], [-95.56048, 29.6714], [-95.56048, 29.67463], [-95.56863, 29.67413], [-95.57039, 29.67422], [-95.57027, 29.6712], [-95.56928, 29.66822], [-95.56882, 29.66624], [-95.5687, 29.66361], [-95.56896, 29.6616], [-95.57078, 29.65621]]]}, "properties": {"GEOID": "48201453300", "LILATracts_1And10": 0, "LILATracts_halfAnd10": 1, "LILATracts_Vehicle": 0, "LowIncomeTracts": 1, "LA1and10": 0, "lowincome_lowaccess_share": 54.3255, "pct_zero_car": 0.1117}}, {"type": "Feature", "geometry": {"type": "Polygon", "coordinates": [[[-95.42652, 29.80166], [-95.42634, 29.80102], [-95.42487, 29.80018], [-95.42441, 29.79816], [-95.42349, 29.79704], [-95.42277, 29.79484], [-95.42205, 29.79402], [-95.42079, 29.7935], [-95.41947, 29.792], [-95.41738, 29.79067], [-95.41706, 29.79012], [-95.4118, 29.79038], [-95.41156, 29.79329], [-95.4117, 29.7997], [-95.41218, 29.80099], [-95.41226, 29.80376], [-95.41235, 29.80884], [-95.42246, 29.80871], [-95.42232, 29.80168], [-95.4244, 29.80168], [-95.42471, 29.80232], [-95.42533, 29.8018], [-95.42652, 29.80166]]]}, "properties": {"GEOID": "48201511200", "LILATracts_1And10": 0, "LILATracts_halfAnd10": 0, "LILATracts_Vehicle": 0, "LowIncomeTracts": 0, "LA1and10": 0, "lowincome_lowaccess_share": 2.0385, "pct_zero_car": 0.0137}}, {"type": "Feature", "geometry": {"type": "Polygon", "coordinates": [[[-95.50715, 30.03016], [-95.50782, 30.02706], [-95.50845, 30.02629], [-95.50801, 30.02491], [-95.50702, 30.02425], [-95.50603, 30.02203], [-95.50525, 30.02187], [-95.50333, 30.01976], [-95.50168, 30.01914], [-95.5, 30.01918], [-95.49873, 30.01752], [-95.49845, 30.01555], [-95.49959, 30.01426], [-95.49825, 30.01367], [-95.49723, 30.01405], [-95.49674, 30.01332], [-95.49636, 30.01363], [-95.49537, 30.0158], [-95.49361, 30.01583], [-95.49253, 30.01506], [-95.49114, 30.01656], [-95.49108, 30.01772], [-95.49032, 30.01993], [-95.48844, 30.02033], [-95.48786, 30.02178], [-95.48716, 30.02207], [-95.48579, 30.02447], [-95.48494, 30.02433], [-95.48413, 30.02335], [-95.48471, 30.02191], [-95.48463, 30.02091], [-95.48371, 30.02015], [-95.48004, 30.01991], [-95.47908, 30.02098], [-95.47886, 30.02176], [-95.47781, 30.02231], [-95.47729, 30.02397], [-95.47637, 30.02437], [-95.47757, 30.0264], [-95.47908, 30.02841], [-95.48131, 30.0305], [-95.48856, 30.04039], [-95.50715, 30.03016]]]}, "properties": {"GEOID": "48201553600", "LILATracts_1And10": 0, "LILATracts_halfAnd10": 0, "LILATracts_Vehicle": 0, "LowIncomeTracts": 0, "LA1and10": 1, "lowincome_lowaccess_share": 16.7877, "pct_zero_car": 0.0338}}, {"type": "Feature", "geometry": {"type": "Polygon", "coordinates": [[[-95.5479, 29.92835], [-95.54781, 29.9161], [-95.54715, 29.91543], [-95.53941, 29.91546], [-95.53856, 29.91476], [-95.53847, 29.90271], [-95.5383, 29.89612], [-95.5349, 29.89614], [-95.53125, 29.89652], [-95.52809, 29.89656], [-95.52492, 29.89685], [-95.52492, 29.89796], [-95.51421, 29.89804], [-95.51112, 29.8982], [-95.5041, 29.89916], [-95.50075, 29.89962], [-95.50639, 29.90968], [-95.50951, 29.91505], [-95.51333, 29.92191], [-95.5154, 29.92545], [-95.52172, 29.93668], [-95.52649, 29.93636], [-95.52998, 29.93544], [-95.53814, 29.93206], [-95.54623, 29.92892], [-95.5479, 29.92835]]]}, "properties": {"GEOID": "48201534100", "LILATracts_1And10": 1, "LILATracts_halfAnd10": 1, "LILATracts_Vehicle": 0, "LowIncomeTracts": 1, "LA1and10": 1, "lowincome_lowaccess_share": 37.84, "pct_zero_car": 0.0231}}, {"type": "Feature", "geometry": {"type": "Polygon", "coordinates": [[[-95.60852, 29.87954], [-95.60842, 29.87675], [-95.60846, 29.87246], [-95.60828, 29.86573], [-95.60806, 29.86311], [-95.605, 29.84154], [-95.60484, 29.83374], [-95.60107, 29.83262], [-95.59675, 29.83152], [-95.57585, 29.83179], [-95.57297, 29.83175], [-95.56369, 29.83193], [-95.56365, 29.84668], [-95.56374, 29.86704], [-95.56346, 29.8683], [-95.56208, 29.8704], [-95.56093, 29.87138], [-95.55918, 29.87225], [-95.55578, 29.87352], [-95.56172, 29.87608], [-95.56311, 29.87688], [-95.5664, 29.87829], [-95.56881, 29.87951], [-95.56945, 29.87948], [-95.57112, 29.88059], [-95.57148, 29.88042], [-95.57483, 29.88031], [-95.57503, 29.8799], [-95.57647, 29.88026], [-95.58251, 29.88022], [-95.58556, 29.88011], [-95.60093, 29.87991], [-95.60603, 29.8796], [-95.60852, 29.87954]]]}, "properties": {"GEOID": "48201540100", "LILATracts_1And10": 0, "LILATracts_halfAnd10": 0, "LILATracts_Vehicle": 0, "LowIncomeTracts": 0, "LA1and10": 1, "lowincome_lowaccess_share": 17.3693, "pct_zero_car": 0.0187}}, {"type": "Feature", "geometry": {"type": "Polygon", "coordinates": [[[-95.52377, 30.02102], [-95.5203, 30.01815], [-95.51304, 30.00817], [-95.51203, 30.0067], [-95.51092, 30.00927], [-95.51032, 30.00951], [-95.50915, 30.00904], [-95.50798, 30.00952], [-95.50528, 30.00928], [-95.50346, 30.00933], [-95.50245, 30.00842], [-95.50149, 30.00868], [-95.50172, 30.00965], [-95.50107, 30.01035], [-95.50123, 30.0116], [-95.50053, 30.01194], [-95.49873, 30.01148], [-95.49731, 30.01246], [-95.49674, 30.01332], [-95.49723, 30.01405], [-95.49825, 30.01367], [-95.49959, 30.01426], [-95.49845, 30.01555], [-95.49873, 30.01752], [-95.5, 30.01918], [-95.50168, 30.01914], [-95.50333, 30.01976], [-95.50525, 30.02187], [-95.50603, 30.02203], [-95.50702, 30.02425], [-95.50801, 30.02491], [-95.50845, 30.02629], [-95.50782, 30.02706], [-95.50715, 30.03016], [-95.52283, 30.0215], [-95.52377, 30.02102]]]}, "properties": {"GEOID": "48201553700", "LILATracts_1And10": 0, "LILATracts_halfAnd10": 0, "LILATracts_Vehicle": 0, "LowIncomeTracts": 0, "LA1and10": 0, "lowincome_lowaccess_share": 13.2346, "pct_zero_car": 0.0204}}, {"type": "Feature", "geometry": {"type": "Polygon", "coordinates": [[[-95.14492, 29.71172], [-95.145, 29.70118], [-95.1436, 29.7012], [-95.14375, 29.69933], [-95.14371, 29.6958], [-95.14295, 29.69581], [-95.14272, 29.68948], [-95.14262, 29.68174], [-95.12927, 29.68191], [-95.12735, 29.681], [-95.12624, 29.67988], [-95.12456, 29.67922], [-95.12328, 29.6792], [-95.12349, 29.68954], [-95.12375, 29.69858], [-95.124, 29.7115], [-95.13043, 29.7116], [-95.13508, 29.71142], [-95.14492, 29.71172]]]}, "properties": {"GEOID": "48201342500", "LILATracts_1And10": 0, "LILATracts_halfAnd10": 0, "LILATracts_Vehicle": 0, "LowIncomeTracts": 0, "LA1and10": 1, "lowincome_lowaccess_share": 11.1575, "pct_zero_car": 0.0551}}, {"type": "Feature", "geometry": {"type": "Polygon", "coordinates": [[[-95.124, 29.7115], [-95.12375, 29.69858], [-95.12349, 29.68954], [-95.12328, 29.6792], [-95.11312, 29.67937], [-95.11333, 29.68747], [-95.11351, 29.69929], [-95.11374, 29.70778], [-95.11529, 29.70937], [-95.11478, 29.71095], [-95.11795, 29.71132], [-95.124, 29.7115]]]}, "properties": {"GEOID": "48201342700", "LILATracts_1And10": 0, "LILATracts_halfAnd10": 0, "LILATracts_Vehicle": 0, "LowIncomeTracts": 0, "LA1and10": 1, "lowincome_lowaccess_share": 16.3946, "pct_zero_car": 0.0311}}, {"type": "Feature", "geometry": {"type": "Polygon", "coordinates": [[[-95.11478, 29.71095], [-95.11529, 29.70937], [-95.11374, 29.70778], [-95.11351, 29.69929], [-95.11333, 29.68747], [-95.11312, 29.67937], [-95.10996, 29.67946], [-95.09456, 29.67973], [-95.08781, 29.67982], [-95.08789, 29.68499], [-95.08812, 29.69015], [-95.08833, 29.70038], [-95.08843, 29.70318], [-95.09293, 29.70467], [-95.10258, 29.70757], [-95.11373, 29.71073], [-95.11478, 29.71095]]]}, "properties": {"GEOID": "48201342800", "LILATracts_1And10": 0, "LILATracts_halfAnd10": 0, "LILATracts_Vehicle": 0, "LowIncomeTracts": 0, "LA1and10": 1, "lowincome_lowaccess_share": 14.705, "pct_zero_car": 0.0059}}, {"type": "Feature", "geometry": {"type": "Polygon", "coordinates": [[[-95.52454, 29.86555], [-95.52436, 29.85943], [-95.50955, 29.85111], [-95.49479, 29.84277], [-95.49273, 29.84143], [-95.48887, 29.84148], [-95.48888, 29.85057], [-95.4887, 29.85249], [-95.48863, 29.86049], [-95.48844, 29.8613], [-95.48697, 29.86437], [-95.48677, 29.86575], [-95.52409, 29.8655], [-95.52454, 29.86555]]]}, "properties": {"GEOID": "48201532300", "LILATracts_1And10": 0, "LILATracts_halfAnd10": 1, "LILATracts_Vehicle": 0, "LowIncomeTracts": 1, "LA1and10": 0, "lowincome_lowaccess_share": 20.4528, "pct_zero_car": 0.0596}}, {"type": "Feature", "geometry": {"type": "Polygon", "coordinates": [[[-95.5247, 29.87707], [-95.52472, 29.87337], [-95.52454, 29.86555], [-95.52409, 29.8655], [-95.48677, 29.86575], [-95.48162, 29.86576], [-95.48748, 29.8762], [-95.49231, 29.8847], [-95.49443, 29.88847], [-95.49446, 29.87664], [-95.49848, 29.87664], [-95.49971, 29.87614], [-95.50045, 29.8743], [-95.50106, 29.87354], [-95.50202, 29.87333], [-95.507, 29.87415], [-95.50933, 29.87371], [-95.51058, 29.8738], [-95.5115, 29.87446], [-95.51322, 29.87488], [-95.51335, 29.8763], [-95.51402, 29.8768], [-95.51608, 29.87606], [-95.51748, 29.87652], [-95.51916, 29.87566], [-95.52323, 29.87557], [-95.5242, 29.87692], [-95.5247, 29.87707]]]}, "properties": {"GEOID": "48201532400", "LILATracts_1And10": 0, "LILATracts_halfAnd10": 0, "LILATracts_Vehicle": 0, "LowIncomeTracts": 0, "LA1and10": 1, "lowincome_lowaccess_share": 12.4601, "pct_zero_car": 0.0589}}, {"type": "Feature", "geometry": {"type": "Polygon", "coordinates": [[[-95.59615, 29.70362], [-95.5959, 29.68909], [-95.59241, 29.68887], [-95.58759, 29.68893], [-95.58763, 29.69334], [-95.58786, 29.70374], [-95.59615, 29.70362]]]}, "properties": {"GEOID": "48201452900", "LILATracts_1And10": 0, "LILATracts_halfAnd10": 1, "LILATracts_Vehicle": 0, "LowIncomeTracts": 1, "LA1and10": 0, "lowincome_lowaccess_share": 35.1708, "pct_zero_car": 0.0178}}, {"type": "Feature", "geometry": {"type": "Polygon", "coordinates": [[[-95.58786, 29.70374], [-95.58763, 29.69334], [-95.58759, 29.68893], [-95.58297, 29.68894], [-95.58124, 29.68882], [-95.57658, 29.68805], [-95.572, 29.68808], [-95.57026, 29.68838], [-95.57091, 29.69083], [-95.57106, 29.69244], [-95.57121, 29.70393], [-95.57727, 29.70382], [-95.58786, 29.70374]]]}, "properties": {"GEOID": "48201453000", "LILATracts_1And10": 0, "LILATracts_halfAnd10": 0, "LILATracts_Vehicle": 0, "LowIncomeTracts": 1, "LA1and10": 0, "lowincome_lowaccess_share": 0.0471, "pct_zero_car": 0.0397}}, {"type": "Feature", "geometry": {"type": "Polygon", "coordinates": [[[-95.57121, 29.70393], [-95.57106, 29.69244], [-95.57091, 29.69083], [-95.57026, 29.68838], [-95.56715, 29.68902], [-95.56276, 29.68925], [-95.56008, 29.68966], [-95.55748, 29.68942], [-95.55715, 29.6921], [-95.55718, 29.69611], [-95.55738, 29.7045], [-95.56749, 29.70397], [-95.57121, 29.70393]]]}, "properties": {"GEOID": "48201453100", "LILATracts_1And10": 0, "LILATracts_halfAnd10": 1, "LILATracts_Vehicle": 0, "LowIncomeTracts": 1, "LA1and10": 0, "lowincome_lowaccess_share": 18.4063, "pct_zero_car": 0.1414}}, {"type": "Feature", "geometry": {"type": "Polygon", "coordinates": [[[-95.41142, 29.84912], [-95.41099, 29.84716], [-95.4109, 29.84115], [-95.41069, 29.8314], [-95.41044, 29.81909], [-95.40882, 29.81905], [-95.39956, 29.81919], [-95.39959, 29.8205], [-95.39614, 29.82053], [-95.39618, 29.82219], [-95.39462, 29.82221], [-95.39876, 29.83054], [-95.40279, 29.83049], [-95.40286, 29.8334], [-95.40302, 29.84586], [-95.40412, 29.84672], [-95.40519, 29.84712], [-95.40828, 29.84718], [-95.40973, 29.84778], [-95.41142, 29.84912]]]}, "properties": {"GEOID": "48201530600", "LILATracts_1And10": 0, "LILATracts_halfAnd10": 1, "LILATracts_Vehicle": 1, "LowIncomeTracts": 1, "LA1and10": 0, "lowincome_lowaccess_share": 35.8589, "pct_zero_car": 0.2164}}, {"type": "Feature", "geometry": {"type": "Polygon", "coordinates": [[[-95.33118, 29.90251], [-95.33104, 29.89089], [-95.33058, 29.89091], [-95.33053, 29.8869], [-95.33047, 29.88443], [-95.33008, 29.88331], [-95.33003, 29.88169], [-95.32393, 29.88174], [-95.3228, 29.88365], [-95.32235, 29.88381], [-95.31825, 29.89096], [-95.31339, 29.89931], [-95.31174, 29.90276], [-95.31354, 29.90295], [-95.32347, 29.90281], [-95.33118, 29.90251]]]}, "properties": {"GEOID": "48201222200", "LILATracts_1And10": 0, "LILATracts_halfAnd10": 1, "LILATracts_Vehicle": 0, "LowIncomeTracts": 1, "LA1and10": 0, "lowincome_lowaccess_share": 39.912, "pct_zero_car": 0.049}}, {"type": "Feature", "geometry": {"type": "Polygon", "coordinates": [[[-95.37297, 29.90221], [-95.37054, 29.89255], [-95.36869, 29.89264], [-95.36797, 29.89198], [-95.36553, 29.8913], [-95.3641, 29.89236], [-95.36166, 29.89247], [-95.35983, 29.89357], [-95.35704, 29.89477], [-95.35593, 29.89441], [-95.35474, 29.89454], [-95.35079, 29.89443], [-95.3492, 29.89317], [-95.34799, 29.89293], [-95.3478, 29.89188], [-95.34686, 29.89062], [-95.34595, 29.89084], [-95.34456, 29.88991], [-95.34432, 29.88796], [-95.34296, 29.88674], [-95.33305, 29.88674], [-95.33053, 29.8869], [-95.33058, 29.89091], [-95.33104, 29.89089], [-95.33118, 29.90251], [-95.33246, 29.9025], [-95.35505, 29.90234], [-95.37297, 29.90221]]]}, "properties": {"GEOID": "48201222300", "LILATracts_1And10": 1, "LILATracts_halfAnd10": 1, "LILATracts_Vehicle": 0, "LowIncomeTracts": 1, "LA1and10": 1, "lowincome_lowaccess_share": 41.0022, "pct_zero_car": 0.0392}}, {"type": "Feature", "geometry": {"type": "Polygon", "coordinates": [[[-95.30736, 29.78746], [-95.30738, 29.78014], [-95.30117, 29.78014], [-95.30117, 29.78], [-95.29166, 29.78017], [-95.29176, 29.78762], [-95.30736, 29.78746]]]}, "properties": {"GEOID": "48201211900", "LILATracts_1And10": 0, "LILATracts_halfAnd10": 1, "LILATracts_Vehicle": 0, "LowIncomeTracts": 1, "LA1and10": 0, "lowincome_lowaccess_share": 31.6552, "pct_zero_car": 0.0553}}, {"type": "Feature", "geometry": {"type": "Polygon", "coordinates": [[[-95.49222, 29.66635], [-95.49205, 29.65719], [-95.483, 29.65732], [-95.48135, 29.65756], [-95.47886, 29.65828], [-95.47671, 29.6593], [-95.47683, 29.66653], [-95.49222, 29.66635]]]}, "properties": {"GEOID": "48201422000", "LILATracts_1And10": 0, "LILATracts_halfAnd10": 0, "LILATracts_Vehicle": 0, "LowIncomeTracts": 0, "LA1and10": 0, "lowincome_lowaccess_share": 4.1757, "pct_zero_car": 0.0107}}, {"type": "Feature", "geometry": {"type": "Polygon", "coordinates": [[[-95.32694, 29.69531], [-95.32594, 29.69186], [-95.3225, 29.69351], [-95.31688, 29.69605], [-95.31402, 29.697], [-95.31168, 29.69723], [-95.3103, 29.69714], [-95.30038, 29.69587], [-95.29673, 29.69553], [-95.29469, 29.69565], [-95.29154, 29.69669], [-95.28873, 29.69745], [-95.29118, 29.69939], [-95.29545, 29.70213], [-95.30155, 29.70604], [-95.3051, 29.70843], [-95.30897, 29.70633], [-95.31513, 29.70269], [-95.32666, 29.69547], [-95.32694, 29.69531]]]}, "properties": {"GEOID": "48201311700", "LILATracts_1And10": 0, "LILATracts_halfAnd10": 1, "LILATracts_Vehicle": 0, "LowIncomeTracts": 1, "LA1and10": 0, "lowincome_lowaccess_share": 17.7603, "pct_zero_car": 0.1249}}, {"type": "Feature", "geometry": {"type": "Polygon", "coordinates": [[[-95.33292, 29.71437], [-95.33249, 29.71299], [-95.32756, 29.6984], [-95.32666, 29.69547], [-95.31513, 29.70269], [-95.30897, 29.70633], [-95.3051, 29.70843], [-95.31069, 29.7122], [-95.31267, 29.71035], [-95.31281, 29.7094], [-95.31424, 29.70875], [-95.31657, 29.70947], [-95.31756, 29.71004], [-95.31914, 29.71016], [-95.32083, 29.71197], [-95.32164, 29.71252], [-95.32331, 29.71218], [-95.32495, 29.71245], [-95.32737, 29.71163], [-95.32837, 29.71156], [-95.32913, 29.7122], [-95.3307, 29.71249], [-95.33141, 29.71301], [-95.33182, 29.71411], [-95.33292, 29.71437]]]}, "properties": {"GEOID": "48201311800", "LILATracts_1And10": 0, "LILATracts_halfAnd10": 0, "LILATracts_Vehicle": 0, "LowIncomeTracts": 1, "LA1and10": 0, "lowincome_lowaccess_share": 0.4376, "pct_zero_car": 0.0518}}, {"type": "Feature", "geometry": {"type": "Polygon", "coordinates": [[[-95.33752, 29.72858], [-95.33722, 29.72733], [-95.33292, 29.71437], [-95.33182, 29.71411], [-95.33141, 29.71301], [-95.3307, 29.71249], [-95.32913, 29.7122], [-95.32837, 29.71156], [-95.32737, 29.71163], [-95.32495, 29.71245], [-95.32331, 29.71218], [-95.32164, 29.71252], [-95.32083, 29.71197], [-95.31914, 29.71016], [-95.31756, 29.71004], [-95.31657, 29.70947], [-95.31424, 29.70875], [-95.31281, 29.7094], [-95.31267, 29.71035], [-95.31069, 29.7122], [-95.31622, 29.71585], [-95.31947, 29.71787], [-95.32507, 29.72077], [-95.32837, 29.7228], [-95.33319, 29.72589], [-95.33752, 29.72858]]]}, "properties": {"GEOID": "48201311900", "LILATracts_1And10": 0, "LILATracts_halfAnd10": 1, "LILATracts_Vehicle": 0, "LowIncomeTracts": 1, "LA1and10": 0, "lowincome_lowaccess_share": 13.556, "pct_zero_car": 0.073}}, {"type": "Feature", "geometry": {"type": "Polygon", "coordinates": [[[-95.35369, 29.71685], [-95.35655, 29.7097], [-95.35458, 29.70934], [-95.35301, 29.70945], [-95.34865, 29.7108], [-95.34693, 29.71114], [-95.34515, 29.71234], [-95.34389, 29.71251], [-95.34151, 29.7118], [-95.34029, 29.71131], [-95.33934, 29.71227], [-95.33922, 29.71359], [-95.33872, 29.71465], [-95.33776, 29.7148], [-95.33493, 29.71327], [-95.33412, 29.71322], [-95.33292, 29.71437], [-95.33722, 29.72733], [-95.33752, 29.72858], [-95.34049, 29.73053], [-95.34207, 29.73182], [-95.34396, 29.72727], [-95.34075, 29.72628], [-95.3378, 29.72565], [-95.33711, 29.72378], [-95.3397, 29.71737], [-95.34018, 29.71589], [-95.35256, 29.71964], [-95.35369, 29.71685]]]}, "properties": {"GEOID": "48201312000", "LILATracts_1And10": 0, "LILATracts_halfAnd10": 0, "LILATracts_Vehicle": 0, "LowIncomeTracts": 0, "LA1and10": 1, "lowincome_lowaccess_share": 13.7104, "pct_zero_car": 0.0629}}, {"type": "Feature", "geometry": {"type": "Polygon", "coordinates": [[[-94.98083, 29.7146], [-94.98299, 29.70936], [-94.98409, 29.70956], [-94.98604, 29.70901], [-94.98726, 29.70892], [-94.98907, 29.70835], [-94.98946, 29.70892], [-94.99131, 29.70939], [-94.99259, 29.70943], [-94.99432, 29.70897], [-94.99514, 29.70832], [-94.99918, 29.70913], [-95.00191, 29.71162], [-95.00303, 29.71199], [-95.00453, 29.7116], [-95.00964, 29.70874], [-95.01407, 29.70536], [-95.01461, 29.70523], [-95.01714, 29.70321], [-95.01628, 29.70269], [-95.01377, 29.70173], [-95.01213, 29.7013], [-95.006, 29.70063], [-95.00346, 29.70011], [-94.99936, 29.69866], [-94.99461, 29.69534], [-94.98996, 29.69185], [-94.9875, 29.68926], [-94.98313, 29.68394], [-94.9817, 29.68193], [-94.97884, 29.67673], [-94.97005, 29.68152], [-94.96913, 29.68207], [-94.9697, 29.6828], [-94.96858, 29.68255], [-94.9326, 29.67512], [-94.93148, 29.67403], [-94.93027, 29.6737], [-94.92954, 29.6746], [-94.92947, 29.67647], [-94.92858, 29.6781], [-94.92843, 29.67983], [-94.92716, 29.68122], [-94.92419, 29.6828], [-94.92242, 29.6839], [-94.92043, 29.6858], [-94.91987, 29.68686], [-94.91967, 29.68845], [-94.92079, 29.69053], [-94.92146, 29.69114], [-94.92185, 29.69232], [-94.92161, 29.69323], [-94.92085, 29.69408], [-94.91908, 29.69478], [-94.91816, 29.69486], [-94.91628, 29.69615], [-94.91558, 29.69818], [-94.91632, 29.69899], [-94.91706, 29.69914], [-94.91856, 29.69875], [-94.92017, 29.6996], [-94.9218, 29.69967], [-94.92386, 29.69916], [-94.92536, 29.6968], [-94.92695, 29.69666], [-94.92991, 29.69737], [-94.93029, 29.69919], [-94.92892, 29.70035], [-94.9265, 29.70091], [-94.92521, 29.70251], [-94.92527, 29.70369], [-94.9274, 29.70431], [-94.93098, 29.70443], [-94.93296, 29.70521], [-94.93367, 29.70639], [-94.93437, 29.70891], [-94.93456, 29.71042], [-94.9342, 29.71163], [-94.93288, 29.71279], [-94.93257, 29.71434], [-94.93395, 29.71513], [-94.935, 29.71517], [-94.94149, 29.71323], [-94.94252, 29.71334], [-94.9438, 29.71428], [-94.9454, 29.71624], [-94.94522, 29.7183], [-94.94354, 29.71941], [-94.94235, 29.72092], [-94.942, 29.72365], [-94.94147, 29.72467], [-94.93918, 29.72684], [-94.94222, 29.72781], [-94.95742, 29.73228], [-94.95959, 29.72732], [-94.96, 29.72616], [-94.96028, 29.72385], [-94.961, 29.72242], [-94.96267, 29.72114], [-94.98083, 29.7146]]]}, "properties": {"GEOID": "48201254700", "LILATracts_1And10": 0, "LILATracts_halfAnd10": 0, "LILATracts_Vehicle": 0, "LowIncomeTracts": 0, "LA1and10": 1, "lowincome_lowaccess_share": 33.7134, "pct_zero_car": 0.0453}}, {"type": "Feature", "geometry": {"type": "Polygon", "coordinates": [[[-95.16121, 29.71231], [-95.16125, 29.71017], [-95.16314, 29.7098], [-95.16312, 29.70868], [-95.16254, 29.7087], [-95.1624, 29.70109], [-95.16209, 29.68926], [-95.16356, 29.68904], [-95.15454, 29.68374], [-95.15351, 29.68793], [-95.15342, 29.69782], [-95.15337, 29.71208], [-95.16121, 29.71231]]]}, "properties": {"GEOID": "48201322600", "LILATracts_1And10": 1, "LILATracts_halfAnd10": 1, "LILATracts_Vehicle": 0, "LowIncomeTracts": 1, "LA1and10": 1, "lowincome_lowaccess_share": 43.7801, "pct_zero_car": 0.0069}}, {"type": "Feature", "geometry": {"type": "Polygon", "coordinates": [[[-95.43673, 30.08371], [-95.43718, 30.08113], [-95.43696, 30.07925], [-95.43613, 30.07481], [-95.43449, 30.06651], [-95.43311, 30.05855], [-95.43189, 30.05258], [-95.43074, 30.04678], [-95.42947, 30.03857], [-95.42937, 30.03564], [-95.42672, 30.03588], [-95.42535, 30.03496], [-95.42382, 30.03444], [-95.42239, 30.03529], [-95.41943, 30.0355], [-95.41677, 30.03732], [-95.41477, 30.03761], [-95.41221, 30.03728], [-95.40996, 30.036], [-95.40828, 30.03383], [-95.40818, 30.03211], [-95.40633, 30.03093], [-95.40543, 30.03112], [-95.4077, 30.04016], [-95.40774, 30.0418], [-95.40745, 30.04287], [-95.40382, 30.05086], [-95.40359, 30.05298], [-95.40492, 30.05868], [-95.4059, 30.06233], [-95.40682, 30.06416], [-95.41063, 30.06928], [-95.41168, 30.07168], [-95.41136, 30.07456], [-95.41058, 30.0786], [-95.41067, 30.08012], [-95.41471, 30.09468], [-95.41516, 30.09561], [-95.41658, 30.09707], [-95.41736, 30.09753], [-95.42508, 30.10109], [-95.43346, 30.10487], [-95.43427, 30.10549], [-95.43578, 30.10537], [-95.43563, 30.09756], [-95.43533, 30.0904], [-95.43541, 30.08945], [-95.43673, 30.08371]]]}, "properties": {"GEOID": "48201241300", "LILATracts_1And10": 0, "LILATracts_halfAnd10": 0, "LILATracts_Vehicle": 0, "LowIncomeTracts": 0, "LA1and10": 1, "lowincome_lowaccess_share": 9.7231, "pct_zero_car": 0.0236}}, {"type": "Feature", "geometry": {"type": "Polygon", "coordinates": [[[-94.9776, 29.77795], [-94.98721, 29.7798], [-95.00602, 29.78286], [-95.02366, 29.78562], [-95.03161, 29.78693], [-95.03261, 29.787], [-95.03931, 29.78664], [-95.03983, 29.78594], [-95.03203, 29.78263], [-95.02308, 29.77887], [-95.02172, 29.77817], [-95.01466, 29.77099], [-95.01333, 29.76987], [-95.01105, 29.77082], [-95.00269, 29.77094], [-94.99882, 29.77106], [-94.99379, 29.77097], [-94.99131, 29.77008], [-94.98968, 29.76974], [-94.98151, 29.7698], [-94.97755, 29.76975], [-94.97767, 29.77688], [-94.9776, 29.77795]]]}, "properties": {"GEOID": "48201253500", "LILATracts_1And10": 1, "LILATracts_halfAnd10": 1, "LILATracts_Vehicle": 1, "LowIncomeTracts": 1, "LA1and10": 1, "lowincome_lowaccess_share": 24.7467, "pct_zero_car": 0.1127}}, {"type": "Feature", "geometry": {"type": "Polygon", "coordinates": [[[-95.4184, 29.71505], [-95.41829, 29.70616], [-95.41824, 29.70071], [-95.41488, 29.70073], [-95.41521, 29.69784], [-95.41213, 29.69731], [-95.41051, 29.69734], [-95.40901, 29.69831], [-95.40808, 29.69993], [-95.4072, 29.70083], [-95.40525, 29.70203], [-95.40244, 29.70237], [-95.40299, 29.70472], [-95.40302, 29.70623], [-95.40507, 29.70625], [-95.40088, 29.71149], [-95.41131, 29.71491], [-95.41267, 29.71511], [-95.4184, 29.71505]]]}, "properties": {"GEOID": "48201412200", "LILATracts_1And10": 0, "LILATracts_halfAnd10": 0, "LILATracts_Vehicle": 0, "LowIncomeTracts": 0, "LA1and10": 1, "lowincome_lowaccess_share": 10.5991, "pct_zero_car": 0.0583}}, {"type": "Feature", "geometry": {"type": "Polygon", "coordinates": [[[-95.43011, 29.7253], [-95.42977, 29.70607], [-95.42745, 29.70609], [-95.42302, 29.70613], [-95.41829, 29.70616], [-95.4184, 29.71505], [-95.41858, 29.72549], [-95.43011, 29.7253]]]}, "properties": {"GEOID": "48201412300", "LILATracts_1And10": 0, "LILATracts_halfAnd10": 0, "LILATracts_Vehicle": 0, "LowIncomeTracts": 0, "LA1and10": 0, "lowincome_lowaccess_share": 1.7695, "pct_zero_car": 0.0}}, {"type": "Feature", "geometry": {"type": "Polygon", "coordinates": [[[-95.44127, 29.72124], [-95.44098, 29.70597], [-95.43776, 29.70601], [-95.43788, 29.70802], [-95.43794, 29.71459], [-95.43735, 29.71485], [-95.43313, 29.7149], [-95.433, 29.70974], [-95.43304, 29.70603], [-95.42977, 29.70607], [-95.43011, 29.7253], [-95.43336, 29.72524], [-95.44127, 29.72124]]]}, "properties": {"GEOID": "48201412400", "LILATracts_1And10": 0, "LILATracts_halfAnd10": 0, "LILATracts_Vehicle": 0, "LowIncomeTracts": 0, "LA1and10": 0, "lowincome_lowaccess_share": 0.3975, "pct_zero_car": 0.007}}, {"type": "Feature", "geometry": {"type": "Polygon", "coordinates": [[[-95.32167, 29.67774], [-95.32014, 29.67266], [-95.3182, 29.66611], [-95.31449, 29.66683], [-95.30873, 29.66811], [-95.30667, 29.66868], [-95.30388, 29.67024], [-95.30134, 29.67223], [-95.29978, 29.67282], [-95.29457, 29.67365], [-95.29174, 29.67376], [-95.29032, 29.67354], [-95.28906, 29.67318], [-95.28908, 29.67402], [-95.2895, 29.67527], [-95.2939, 29.68145], [-95.30557, 29.68142], [-95.32167, 29.67774]]]}, "properties": {"GEOID": "48201332600", "LILATracts_1And10": 1, "LILATracts_halfAnd10": 1, "LILATracts_Vehicle": 1, "LowIncomeTracts": 1, "LA1and10": 1, "lowincome_lowaccess_share": 45.871, "pct_zero_car": 0.1586}}, {"type": "Feature", "geometry": {"type": "Polygon", "coordinates": [[[-95.46031, 29.72024], [-95.46023, 29.70986], [-95.46004, 29.70823], [-95.45945, 29.70577], [-95.44739, 29.70592], [-95.44777, 29.72271], [-95.45151, 29.72267], [-95.45148, 29.7204], [-95.45977, 29.72031], [-95.46031, 29.72024]]]}, "properties": {"GEOID": "48201412700", "LILATracts_1And10": 0, "LILATracts_halfAnd10": 0, "LILATracts_Vehicle": 0, "LowIncomeTracts": 0, "LA1and10": 0, "lowincome_lowaccess_share": 10.2996, "pct_zero_car": 0.0699}}, {"type": "Feature", "geometry": {"type": "Polygon", "coordinates": [[[-94.97755, 29.76975], [-94.98151, 29.7698], [-94.98968, 29.76974], [-94.99131, 29.77008], [-94.99379, 29.77097], [-94.99882, 29.77106], [-95.00269, 29.77094], [-95.01105, 29.77082], [-95.01333, 29.76987], [-95.0106, 29.76745], [-95.00325, 29.75991], [-95.00224, 29.75921], [-94.99524, 29.75554], [-94.99202, 29.75363], [-94.99047, 29.75207], [-94.98819, 29.74883], [-94.98704, 29.74762], [-94.98476, 29.74426], [-94.98346, 29.74274], [-94.98274, 29.74387], [-94.9833, 29.74545], [-94.98231, 29.74707], [-94.98266, 29.74848], [-94.97988, 29.74924], [-94.97947, 29.74985], [-94.97952, 29.75099], [-94.98074, 29.7514], [-94.97946, 29.75215], [-94.97861, 29.75393], [-94.97719, 29.75472], [-94.97755, 29.76975]]]}, "properties": {"GEOID": "48201253600", "LILATracts_1And10": 0, "LILATracts_halfAnd10": 1, "LILATracts_Vehicle": 0, "LowIncomeTracts": 1, "LA1and10": 0, "lowincome_lowaccess_share": 20.4834, "pct_zero_car": 0.1387}}, {"type": "Feature", "geometry": {"type": "Polygon", "coordinates": [[[-95.37443, 29.72626], [-95.36567, 29.72097], [-95.36122, 29.72661], [-95.3712, 29.73265], [-95.37119, 29.73172], [-95.37175, 29.72996], [-95.37259, 29.72861], [-95.37443, 29.72626]]]}, "properties": {"GEOID": "48201312700", "LILATracts_1And10": 0, "LILATracts_halfAnd10": 1, "LILATracts_Vehicle": 0, "LowIncomeTracts": 1, "LA1and10": 0, "lowincome_lowaccess_share": 45.154, "pct_zero_car": 0.0898}}, {"type": "Feature", "geometry": {"type": "Polygon", "coordinates": [[[-95.58834, 29.7157], [-95.58806, 29.71495], [-95.58786, 29.70374], [-95.57727, 29.70382], [-95.57121, 29.70393], [-95.57145, 29.71706], [-95.58834, 29.7157]]]}, "properties": {"GEOID": "48201452400", "LILATracts_1And10": 0, "LILATracts_halfAnd10": 1, "LILATracts_Vehicle": 0, "LowIncomeTracts": 1, "LA1and10": 0, "lowincome_lowaccess_share": 9.5658, "pct_zero_car": 0.0444}}, {"type": "Feature", "geometry": {"type": "Polygon", "coordinates": [[[-95.6147, 29.71341], [-95.61478, 29.7106], [-95.61464, 29.70351], [-95.60983, 29.70343], [-95.60445, 29.70349], [-95.59615, 29.70362], [-95.58786, 29.70374], [-95.58806, 29.71495], [-95.58834, 29.7157], [-95.59222, 29.71539], [-95.60467, 29.71432], [-95.6147, 29.71341]]]}, "properties": {"GEOID": "48201452500", "LILATracts_1And10": 0, "LILATracts_halfAnd10": 1, "LILATracts_Vehicle": 0, "LowIncomeTracts": 1, "LA1and10": 0, "lowincome_lowaccess_share": 22.3425, "pct_zero_car": 0.0531}}, {"type": "Feature", "geometry": {"type": "Polygon", "coordinates": [[[-95.64397, 29.70396], [-95.64383, 29.69944], [-95.64367, 29.68969], [-95.63999, 29.69011], [-95.63427, 29.69018], [-95.63267, 29.69002], [-95.63115, 29.68951], [-95.62853, 29.68823], [-95.62665, 29.68793], [-95.62234, 29.68847], [-95.61433, 29.68851], [-95.61454, 29.69259], [-95.61464, 29.70351], [-95.61944, 29.70357], [-95.63614, 29.70404], [-95.64397, 29.70396]]]}, "properties": {"GEOID": "48201452700", "LILATracts_1And10": 0, "LILATracts_halfAnd10": 1, "LILATracts_Vehicle": 1, "LowIncomeTracts": 1, "LA1and10": 0, "lowincome_lowaccess_share": 27.9233, "pct_zero_car": 0.1293}}, {"type": "Feature", "geometry": {"type": "Polygon", "coordinates": [[[-95.53606, 29.6454], [-95.53601, 29.64323], [-95.53692, 29.64223], [-95.53372, 29.63957], [-95.53121, 29.63731], [-95.5278, 29.63457], [-95.51832, 29.62659], [-95.51434, 29.62808], [-95.51436, 29.62841], [-95.50758, 29.63098], [-95.50811, 29.63265], [-95.50826, 29.63851], [-95.50829, 29.64423], [-95.51168, 29.64421], [-95.51402, 29.64367], [-95.5162, 29.64254], [-95.51867, 29.64188], [-95.52109, 29.64188], [-95.52377, 29.64155], [-95.52675, 29.64164], [-95.52911, 29.64247], [-95.53161, 29.64446], [-95.53332, 29.64521], [-95.53606, 29.6454]]]}, "properties": {"GEOID": "48201423600", "LILATracts_1And10": 1, "LILATracts_halfAnd10": 1, "LILATracts_Vehicle": 1, "LowIncomeTracts": 1, "LA1and10": 1, "lowincome_lowaccess_share": 30.7048, "pct_zero_car": 0.0866}}, {"type": "Feature", "geometry": {"type": "Polygon", "coordinates": [[[-95.49273, 29.84143], [-95.50628, 29.84132], [-95.50898, 29.84122], [-95.5149, 29.84118], [-95.5151, 29.84103], [-95.50801, 29.83595], [-95.50472, 29.83367], [-95.49368, 29.82576], [-95.48327, 29.81834], [-95.46897, 29.80799], [-95.46696, 29.80662], [-95.46253, 29.80323], [-95.45863, 29.80047], [-95.45126, 29.79501], [-95.451, 29.79482], [-95.45049, 29.79668], [-95.44969, 29.79803], [-95.44907, 29.8016], [-95.45089, 29.80159], [-95.45151, 29.80289], [-95.45282, 29.80453], [-95.46888, 29.81944], [-95.47668, 29.82671], [-95.48357, 29.83313], [-95.49087, 29.83991], [-95.49273, 29.84143]]]}, "properties": {"GEOID": "48201520500", "LILATracts_1And10": 0, "LILATracts_halfAnd10": 1, "LILATracts_Vehicle": 0, "LowIncomeTracts": 1, "LA1and10": 0, "lowincome_lowaccess_share": 16.0532, "pct_zero_car": 0.0764}}, {"type": "Feature", "geometry": {"type": "Polygon", "coordinates": [[[-95.51138, 29.80102], [-95.51119, 29.79998], [-95.51013, 29.79885], [-95.50893, 29.79796], [-95.50609, 29.79701], [-95.50526, 29.79601], [-95.50259, 29.79679], [-95.49971, 29.79596], [-95.49773, 29.7956], [-95.49675, 29.79473], [-95.49548, 29.79483], [-95.4892, 29.79496], [-95.48493, 29.79491], [-95.48483, 29.80284], [-95.49556, 29.80304], [-95.50089, 29.80302], [-95.50652, 29.80308], [-95.50939, 29.80277], [-95.51138, 29.80102]]]}, "properties": {"GEOID": "48201520700", "LILATracts_1And10": 0, "LILATracts_halfAnd10": 0, "LILATracts_Vehicle": 0, "LowIncomeTracts": 0, "LA1and10": 0, "lowincome_lowaccess_share": 16.5015, "pct_zero_car": 0.0184}}, {"type": "Feature", "geometry": {"type": "Polygon", "coordinates": [[[-95.66049, 29.70965], [-95.6606, 29.70755], [-95.66112, 29.70581], [-95.66362, 29.70201], [-95.66433, 29.69985], [-95.66266, 29.69944], [-95.66018, 29.6993], [-95.65752, 29.69972], [-95.65084, 29.70175], [-95.6475, 29.70338], [-95.64551, 29.70388], [-95.64397, 29.70396], [-95.64406, 29.71105], [-95.65276, 29.71026], [-95.66049, 29.70965]]]}, "properties": {"GEOID": "48201454100", "LILATracts_1And10": 0, "LILATracts_halfAnd10": 0, "LILATracts_Vehicle": 0, "LowIncomeTracts": 0, "LA1and10": 0, "lowincome_lowaccess_share": 27.2187, "pct_zero_car": 0.0205}}, {"type": "Feature", "geometry": {"type": "Polygon", "coordinates": [[[-95.3006, 29.87138], [-95.30056, 29.86687], [-95.29296, 29.86701], [-95.29278, 29.85296], [-95.29224, 29.8532], [-95.29152, 29.85249], [-95.28977, 29.85239], [-95.28904, 29.85175], [-95.28667, 29.85394], [-95.28407, 29.85656], [-95.27688, 29.86354], [-95.26832, 29.87195], [-95.27304, 29.87184], [-95.28151, 29.87175], [-95.28786, 29.8716], [-95.3006, 29.87138]]]}, "properties": {"GEOID": "48201231400", "LILATracts_1And10": 0, "LILATracts_halfAnd10": 1, "LILATracts_Vehicle": 0, "LowIncomeTracts": 1, "LA1and10": 0, "lowincome_lowaccess_share": 32.4011, "pct_zero_car": 0.0545}}, {"type": "Feature", "geometry": {"type": "Polygon", "coordinates": [[[-95.51327, 29.70443], [-95.51123, 29.70388], [-95.50876, 29.70382], [-95.50707, 29.7041], [-95.50441, 29.70498], [-95.50115, 29.7054], [-95.49305, 29.70545], [-95.49314, 29.71018], [-95.49328, 29.71083], [-95.4944, 29.71259], [-95.49713, 29.71494], [-95.49929, 29.71684], [-95.50646, 29.71048], [-95.51327, 29.70443]]]}, "properties": {"GEOID": "48201421300", "LILATracts_1And10": 0, "LILATracts_halfAnd10": 1, "LILATracts_Vehicle": 0, "LowIncomeTracts": 1, "LA1and10": 0, "lowincome_lowaccess_share": 18.6507, "pct_zero_car": 0.1274}}, {"type": "Feature", "geometry": {"type": "Polygon", "coordinates": [[[-95.49231, 29.8847], [-95.48748, 29.8762], [-95.48162, 29.86576], [-95.48038, 29.86566], [-95.47565, 29.86576], [-95.47279, 29.86689], [-95.47387, 29.87324], [-95.47398, 29.87504], [-95.47379, 29.87655], [-95.4739, 29.88431], [-95.47826, 29.88484], [-95.48268, 29.88472], [-95.48523, 29.88422], [-95.48529, 29.88476], [-95.49231, 29.8847]]]}, "properties": {"GEOID": "48201532700", "LILATracts_1And10": 0, "LILATracts_halfAnd10": 1, "LILATracts_Vehicle": 0, "LowIncomeTracts": 1, "LA1and10": 0, "lowincome_lowaccess_share": 22.1291, "pct_zero_car": 0.0568}}, {"type": "Feature", "geometry": {"type": "Polygon", "coordinates": [[[-95.45094, 29.81985], [-95.45041, 29.81861], [-95.44969, 29.81836], [-95.44638, 29.8183], [-95.44533, 29.81722], [-95.44527, 29.8168], [-95.44378, 29.8145], [-95.44252, 29.8107], [-95.44205, 29.80978], [-95.44088, 29.80887], [-95.43398, 29.81177], [-95.43235, 29.81234], [-95.43045, 29.81262], [-95.41187, 29.81274], [-95.3994, 29.8129], [-95.39956, 29.81919], [-95.40882, 29.81905], [-95.41044, 29.81909], [-95.41589, 29.81926], [-95.42027, 29.81928], [-95.42467, 29.81946], [-95.4295, 29.81944], [-95.44085, 29.81968], [-95.44448, 29.81971], [-95.45094, 29.81985]]]}, "properties": {"GEOID": "48201530200", "LILATracts_1And10": 0, "LILATracts_halfAnd10": 0, "LILATracts_Vehicle": 0, "LowIncomeTracts": 0, "LA1and10": 0, "lowincome_lowaccess_share": 19.4342, "pct_zero_car": 0.0366}}, {"type": "Feature", "geometry": {"type": "Polygon", "coordinates": [[[-95.40302, 29.84586], [-95.40286, 29.8334], [-95.40279, 29.83049], [-95.39876, 29.83054], [-95.39001, 29.83062], [-95.38442, 29.83085], [-95.38451, 29.8332], [-95.38668, 29.83602], [-95.39115, 29.84291], [-95.39296, 29.84552], [-95.39756, 29.84543], [-95.40098, 29.84524], [-95.40302, 29.84586]]]}, "properties": {"GEOID": "48201530500", "LILATracts_1And10": 0, "LILATracts_halfAnd10": 1, "LILATracts_Vehicle": 1, "LowIncomeTracts": 1, "LA1and10": 0, "lowincome_lowaccess_share": 36.8814, "pct_zero_car": 0.1524}}, {"type": "Feature", "geometry": {"type": "Polygon", "coordinates": [[[-95.76317, 30.08693], [-95.763, 30.07478], [-95.76419, 30.07426], [-95.77627, 30.07032], [-95.78102, 30.06821], [-95.78154, 30.06688], [-95.78147, 30.06269], [-95.77078, 30.06284], [-95.77061, 30.06269], [-95.77069, 30.05936], [-95.77029, 30.05359], [-95.77017, 30.03716], [-95.77706, 30.03707], [-95.77612, 30.03526], [-95.77571, 30.03541], [-95.7747, 30.03461], [-95.77376, 30.03453], [-95.77161, 30.03189], [-95.77075, 30.03204], [-95.7703, 30.03302], [-95.76894, 30.03251], [-95.7676, 30.03121], [-95.76626, 30.03073], [-95.76565, 30.02944], [-95.7657, 30.02758], [-95.76481, 30.02673], [-95.76532, 30.02579], [-95.76466, 30.02417], [-95.7637, 30.02388], [-95.7625, 30.02431], [-95.76168, 30.02397], [-95.75956, 30.0242], [-95.75959, 30.02508], [-95.75825, 30.02593], [-95.75745, 30.02705], [-95.75473, 30.02699], [-95.75296, 30.02788], [-95.75154, 30.02724], [-95.74946, 30.02812], [-95.74671, 30.02832], [-95.74595, 30.02799], [-95.74558, 30.02984], [-95.74326, 30.0296], [-95.74256, 30.02892], [-95.74084, 30.02886], [-95.74043, 30.02974], [-95.7389, 30.02924], [-95.7392, 30.02852], [-95.73853, 30.02764], [-95.73767, 30.02771], [-95.73697, 30.02839], [-95.7353, 30.0275], [-95.73364, 30.02824], [-95.73309, 30.02699], [-95.73333, 30.02577], [-95.73239, 30.02539], [-95.72938, 30.02208], [-95.72724, 30.02231], [-95.72638, 30.02182], [-95.72498, 30.022], [-95.72318, 30.02082], [-95.72227, 30.02138], [-95.72105, 30.0213], [-95.721, 30.02201], [-95.72033, 30.02184], [-95.71951, 30.02093], [-95.71825, 30.02119], [-95.71696, 30.02103], [-95.71693, 30.01956], [-95.71407, 30.01847], [-95.71139, 30.0188], [-95.70885, 30.01766], [-95.70799, 30.01842], [-95.70702, 30.01847], [-95.70656, 30.01788], [-95.70429, 30.01605], [-95.70311, 30.01662], [-95.70219, 30.01588], [-95.70201, 30.01444], [-95.70033, 30.01488], [-95.70035, 30.01565], [-95.69956, 30.01556], [-95.69921, 30.01463], [-95.69813, 30.01499], [-95.69742, 30.01604], [-95.69728, 30.01709], [-95.69736, 30.0246], [-95.69759, 30.04397], [-95.69767, 30.05049], [-95.69719, 30.05437], [-95.6974, 30.06629], [-95.69788, 30.06694], [-95.69972, 30.06726], [-95.70005, 30.06778], [-95.70023, 30.08092], [-95.70121, 30.0816], [-95.70152, 30.08511], [-95.70196, 30.08738], [-95.70231, 30.09816], [-95.70211, 30.09904], [-95.70301, 30.09981], [-95.70389, 30.10119], [-95.70512, 30.10232], [-95.70692, 30.10287], [-95.70949, 30.10291], [-95.71173, 30.10189], [-95.71291, 30.10175], [-95.71391, 30.10232], [-95.71513, 30.10229], [-95.71606, 30.10136], [-95.7173, 30.09936], [-95.72263, 30.10002], [-95.72347, 30.09871], [-95.72488, 30.09759], [-95.72593, 30.09727], [-95.72762, 30.09595], [-95.72918, 30.09517], [-95.7295, 30.09531], [-95.73299, 30.09445], [-95.73394, 30.09354], [-95.73791, 30.09474], [-95.74075, 30.09613], [-95.74249, 30.09662], [-95.7442, 30.09501], [-95.7453, 30.09504], [-95.74552, 30.09558], [-95.74636, 30.09536], [-95.74895, 30.09585], [-95.75023, 30.09459], [-95.75173, 30.09372], [-95.75329, 30.09345], [-95.75453, 30.09224], [-95.75602, 30.09182], [-95.75644, 30.09133], [-95.75938, 30.09023], [-95.75968, 30.0899], [-95.75961, 30.08789], [-95.7604, 30.08666], [-95.76153, 30.08638], [-95.76317, 30.08693]]]}, "properties": {"GEOID": "48201555600", "LILATracts_1And10": 0, "LILATracts_halfAnd10": 0, "LILATracts_Vehicle": 0, "LowIncomeTracts": 0, "LA1and10": 0, "lowincome_lowaccess_share": 22.0523, "pct_zero_car": 0.0}}, {"type": "Feature", "geometry": {"type": "Polygon", "coordinates": [[[-95.3732, 29.76116], [-95.3746, 29.75761], [-95.37449, 29.75288], [-95.37376, 29.75126], [-95.37273, 29.75035], [-95.37095, 29.74932], [-95.36519, 29.74588], [-95.36268, 29.74487], [-95.35849, 29.74976], [-95.35781, 29.75051], [-95.35182, 29.758], [-95.3507, 29.75958], [-95.34934, 29.76448], [-95.34838, 29.76596], [-95.34768, 29.76651], [-95.34833, 29.76639], [-95.34994, 29.76529], [-95.35128, 29.76522], [-95.35263, 29.76575], [-95.35353, 29.76558], [-95.35386, 29.7647], [-95.35338, 29.76252], [-95.35381, 29.76204], [-95.35683, 29.76289], [-95.35775, 29.76344], [-95.3586, 29.76483], [-95.3577, 29.76615], [-95.35934, 29.76726], [-95.36128, 29.76765], [-95.36394, 29.7695], [-95.36504, 29.77055], [-95.3654, 29.76906], [-95.36728, 29.76509], [-95.36785, 29.76447], [-95.37165, 29.76255], [-95.3732, 29.76116]]]}, "properties": {"GEOID": "48201100000", "LILATracts_1And10": 0, "LILATracts_halfAnd10": 0, "LILATracts_Vehicle": 0, "LowIncomeTracts": 0, "LA1and10": 0, "lowincome_lowaccess_share": 3.16, "pct_zero_car": 0.1808}}, {"type": "Feature", "geometry": {"type": "Polygon", "coordinates": [[[-95.34116, 29.76964], [-95.34502, 29.76981], [-95.34783, 29.77017], [-95.35097, 29.77013], [-95.35278, 29.76974], [-95.3562, 29.7682], [-95.35934, 29.76726], [-95.3577, 29.76615], [-95.3586, 29.76483], [-95.35775, 29.76344], [-95.35683, 29.76289], [-95.35381, 29.76204], [-95.35338, 29.76252], [-95.35386, 29.7647], [-95.35353, 29.76558], [-95.35263, 29.76575], [-95.35128, 29.76522], [-95.34994, 29.76529], [-95.34833, 29.76639], [-95.34768, 29.76651], [-95.3465, 29.76714], [-95.34325, 29.76828], [-95.34195, 29.7689], [-95.34116, 29.76964]]]}, "properties": {"GEOID": "48201210100", "LILATracts_1And10": 0, "LILATracts_halfAnd10": 0, "LILATracts_Vehicle": 0, "LowIncomeTracts": 0, "LA1and10": 0, "lowincome_lowaccess_share": 0, "pct_zero_car": 0.0}}, {"type": "Feature", "geometry": {"type": "Polygon", "coordinates": [[[-95.35559, 29.8197], [-95.35262, 29.8156], [-95.3519, 29.81409], [-95.35169, 29.81286], [-95.35029, 29.81241], [-95.34402, 29.81038], [-95.33891, 29.80883], [-95.33625, 29.80826], [-95.33534, 29.81031], [-95.33525, 29.81159], [-95.33549, 29.81767], [-95.33549, 29.81989], [-95.34249, 29.81986], [-95.35559, 29.8197]]]}, "properties": {"GEOID": "48201220100", "LILATracts_1And10": 0, "LILATracts_halfAnd10": 1, "LILATracts_Vehicle": 0, "LowIncomeTracts": 1, "LA1and10": 0, "lowincome_lowaccess_share": 28.1344, "pct_zero_car": 0.0799}}, {"type": "Feature", "geometry": {"type": "Polygon", "coordinates": [[[-95.06378, 29.91324], [-95.07228, 29.90669], [-95.07761, 29.90269], [-95.08366, 29.89787], [-95.08452, 29.89586], [-95.08813, 29.88422], [-95.08867, 29.88339], [-95.09019, 29.88193], [-95.09211, 29.88091], [-95.09538, 29.88024], [-95.09423, 29.87938], [-95.09366, 29.87818], [-95.09424, 29.87619], [-95.08835, 29.87757], [-95.08535, 29.87847], [-95.08213, 29.87961], [-95.06594, 29.88396], [-95.06452, 29.88456], [-95.06339, 29.88571], [-95.06164, 29.88873], [-95.06005, 29.88822], [-95.05925, 29.88883], [-95.05202, 29.88891], [-95.04114, 29.88862], [-95.02405, 29.8879], [-95.02361, 29.88792], [-95.01224, 29.88973], [-95.01057, 29.88993], [-94.99772, 29.89205], [-94.99176, 29.89295], [-94.9845, 29.89426], [-94.98522, 29.89667], [-94.98792, 29.90474], [-94.9905, 29.90835], [-94.99092, 29.90921], [-94.99287, 29.91187], [-94.9937, 29.9124], [-94.99477, 29.91542], [-94.99645, 29.91811], [-94.99866, 29.91977], [-94.99775, 29.92199], [-94.99651, 29.92377], [-94.99546, 29.92404], [-94.99416, 29.92573], [-94.99278, 29.92616], [-94.99268, 29.92733], [-94.99371, 29.92841], [-94.9952, 29.92905], [-94.99614, 29.93008], [-94.99589, 29.93208], [-94.99511, 29.93624], [-94.99473, 29.93734], [-94.99197, 29.94076], [-94.98791, 29.9523], [-94.98751, 29.95304], [-94.98117, 29.95556], [-94.98068, 29.95746], [-94.98138, 29.96025], [-94.9821, 29.96475], [-94.98349, 29.96613], [-94.98476, 29.96803], [-94.98527, 29.97037], [-94.98536, 29.97228], [-94.98591, 29.97301], [-94.98959, 29.97011], [-95.00612, 29.95736], [-95.03365, 29.93645], [-95.04152, 29.93034], [-95.04776, 29.92566], [-95.05298, 29.92157], [-95.05612, 29.91923], [-95.05903, 29.91664], [-95.06165, 29.91464], [-95.06378, 29.91324]]]}, "properties": {"GEOID": "48201252700", "LILATracts_1And10": 0, "LILATracts_halfAnd10": 0, "LILATracts_Vehicle": 0, "LowIncomeTracts": 1, "LA1and10": 0, "lowincome_lowaccess_share": 34.3037, "pct_zero_car": 0.0676}}, {"type": "Feature", "geometry": {"type": "Polygon", "coordinates": [[[-95.41136, 30.07456], [-95.41168, 30.07168], [-95.41063, 30.06928], [-95.40682, 30.06416], [-95.4059, 30.06233], [-95.40492, 30.05868], [-95.40359, 30.05298], [-95.40382, 30.05086], [-95.40745, 30.04287], [-95.40774, 30.0418], [-95.4077, 30.04016], [-95.40543, 30.03112], [-95.40452, 30.03154], [-95.40426, 30.03324], [-95.40235, 30.03388], [-95.4011, 30.03457], [-95.40015, 30.03596], [-95.39928, 30.03622], [-95.39812, 30.03554], [-95.39688, 30.03599], [-95.39575, 30.03566], [-95.39411, 30.0363], [-95.39283, 30.03617], [-95.39073, 30.03687], [-95.38884, 30.03647], [-95.38706, 30.03737], [-95.38451, 30.03822], [-95.38309, 30.03993], [-95.38241, 30.04036], [-95.38304, 30.04203], [-95.38553, 30.0461], [-95.39003, 30.05372], [-95.39161, 30.05517], [-95.39922, 30.059], [-95.40111, 30.06054], [-95.40534, 30.06625], [-95.41136, 30.07456]]]}, "properties": {"GEOID": "48201241200", "LILATracts_1And10": 0, "LILATracts_halfAnd10": 1, "LILATracts_Vehicle": 0, "LowIncomeTracts": 1, "LA1and10": 0, "lowincome_lowaccess_share": 19.713, "pct_zero_car": 0.0214}}, {"type": "Feature", "geometry": {"type": "Polygon", "coordinates": [[[-95.26232, 29.8481], [-95.26221, 29.83719], [-95.26272, 29.83659], [-95.26959, 29.83657], [-95.27015, 29.83617], [-95.27009, 29.83145], [-95.26981, 29.81609], [-95.2697, 29.80705], [-95.26611, 29.8089], [-95.262, 29.81075], [-95.24992, 29.81588], [-95.24464, 29.81817], [-95.24068, 29.81975], [-95.22993, 29.82456], [-95.23038, 29.82586], [-95.23056, 29.82832], [-95.23179, 29.83032], [-95.23047, 29.8321], [-95.23014, 29.834], [-95.23112, 29.83536], [-95.23418, 29.83809], [-95.23657, 29.83828], [-95.23678, 29.83905], [-95.23785, 29.83968], [-95.23831, 29.84054], [-95.24002, 29.84075], [-95.24062, 29.84129], [-95.24045, 29.84344], [-95.24116, 29.84342], [-95.24251, 29.84412], [-95.24285, 29.84482], [-95.24403, 29.84466], [-95.24498, 29.84516], [-95.24741, 29.84414], [-95.24917, 29.84436], [-95.24988, 29.84537], [-95.25014, 29.84719], [-95.25183, 29.84669], [-95.25258, 29.84699], [-95.25285, 29.84775], [-95.25511, 29.84827], [-95.25589, 29.84727], [-95.25574, 29.84668], [-95.25685, 29.84645], [-95.25734, 29.8468], [-95.26055, 29.84747], [-95.26232, 29.8481]]]}, "properties": {"GEOID": "48201231100", "LILATracts_1And10": 0, "LILATracts_halfAnd10": 1, "LILATracts_Vehicle": 1, "LowIncomeTracts": 1, "LA1and10": 0, "lowincome_lowaccess_share": 31.4791, "pct_zero_car": 0.1213}}, {"type": "Feature", "geometry": {"type": "Polygon", "coordinates": [[[-95.28904, 29.85175], [-95.28817, 29.85123], [-95.28532, 29.8504], [-95.28241, 29.84864], [-95.27794, 29.84855], [-95.27547, 29.84781], [-95.27451, 29.84574], [-95.27245, 29.84493], [-95.27064, 29.84518], [-95.26953, 29.84448], [-95.26811, 29.846], [-95.26623, 29.84687], [-95.26473, 29.84681], [-95.26288, 29.84805], [-95.26232, 29.8481], [-95.26255, 29.87206], [-95.26256, 29.87676], [-95.26276, 29.87724], [-95.26832, 29.87195], [-95.27688, 29.86354], [-95.28407, 29.85656], [-95.28667, 29.85394], [-95.28904, 29.85175]]]}, "properties": {"GEOID": "48201231300", "LILATracts_1And10": 0, "LILATracts_halfAnd10": 1, "LILATracts_Vehicle": 1, "LowIncomeTracts": 1, "LA1and10": 0, "lowincome_lowaccess_share": 50.1475, "pct_zero_car": 0.1432}}, {"type": "Feature", "geometry": {"type": "Polygon", "coordinates": [[[-95.30056, 29.86687], [-95.30049, 29.85308], [-95.29796, 29.85397], [-95.29722, 29.85387], [-95.29366, 29.85152], [-95.29256, 29.85167], [-95.29152, 29.85249], [-95.29224, 29.8532], [-95.29278, 29.85296], [-95.29296, 29.86701], [-95.30056, 29.86687]]]}, "properties": {"GEOID": "48201231500", "LILATracts_1And10": 0, "LILATracts_halfAnd10": 1, "LILATracts_Vehicle": 0, "LowIncomeTracts": 1, "LA1and10": 0, "lowincome_lowaccess_share": 24.4624, "pct_zero_car": 0.1219}}, {"type": "Feature", "geometry": {"type": "Polygon", "coordinates": [[[-95.31806, 29.8629], [-95.31609, 29.86232], [-95.3157, 29.86146], [-95.31471, 29.86082], [-95.31234, 29.8583], [-95.31133, 29.85799], [-95.30976, 29.85829], [-95.30853, 29.85809], [-95.30749, 29.85847], [-95.30667, 29.85792], [-95.30637, 29.85679], [-95.30436, 29.8555], [-95.30397, 29.85443], [-95.30407, 29.85328], [-95.30309, 29.85304], [-95.30049, 29.85308], [-95.30056, 29.86687], [-95.31487, 29.86682], [-95.31651, 29.86667], [-95.31806, 29.8629]]]}, "properties": {"GEOID": "48201231600", "LILATracts_1And10": 0, "LILATracts_halfAnd10": 1, "LILATracts_Vehicle": 0, "LowIncomeTracts": 1, "LA1and10": 0, "lowincome_lowaccess_share": 30.3987, "pct_zero_car": 0.0863}}, {"type": "Feature", "geometry": {"type": "Polygon", "coordinates": [[[-95.3302, 29.87035], [-95.33226, 29.86685], [-95.33311, 29.86476], [-95.33359, 29.86134], [-95.33226, 29.86075], [-95.32968, 29.86226], [-95.32848, 29.86181], [-95.32684, 29.86267], [-95.32547, 29.86428], [-95.32449, 29.86441], [-95.32284, 29.86372], [-95.31806, 29.8629], [-95.31651, 29.86667], [-95.31123, 29.8796], [-95.30783, 29.88832], [-95.30659, 29.89119], [-95.31551, 29.89106], [-95.31825, 29.89096], [-95.32235, 29.88381], [-95.32463, 29.87999], [-95.32618, 29.87718], [-95.3302, 29.87035]]]}, "properties": {"GEOID": "48201231700", "LILATracts_1And10": 0, "LILATracts_halfAnd10": 1, "LILATracts_Vehicle": 0, "LowIncomeTracts": 1, "LA1and10": 0, "lowincome_lowaccess_share": 56.7241, "pct_zero_car": 0.0749}}, {"type": "Feature", "geometry": {"type": "Polygon", "coordinates": [[[-95.13205, 30.02116], [-95.13291, 30.01692], [-95.13172, 30.01286], [-95.12951, 29.99393], [-95.13071, 29.99032], [-95.1313, 29.98779], [-95.12586, 29.99036], [-95.12377, 29.99046], [-95.12168, 29.98951], [-95.12075, 29.9895], [-95.11877, 29.99003], [-95.11711, 29.99007], [-95.11523, 29.98949], [-95.10052, 29.98956], [-95.09814, 29.98925], [-95.09451, 29.98976], [-95.09148, 29.98985], [-95.09, 29.98388], [-95.08812, 29.97592], [-95.08669, 29.96962], [-95.06363, 29.96989], [-95.06167, 29.96992], [-95.06185, 29.98027], [-95.06163, 29.98038], [-95.04907, 29.98053], [-95.04972, 29.98897], [-95.04159, 29.98905], [-95.03976, 29.9895], [-95.03524, 29.98962], [-95.02181, 29.98977], [-95.02183, 29.99147], [-95.0222, 29.99168], [-95.02552, 29.99164], [-95.02582, 29.99195], [-95.02677, 29.99674], [-95.0275, 29.99642], [-95.02867, 29.99463], [-95.0308, 29.9938], [-95.03118, 29.99332], [-95.03969, 30.01549], [-95.04461, 30.02805], [-95.04513, 30.02921], [-95.04621, 30.03318], [-95.04982, 30.04204], [-95.05684, 30.06098], [-95.06254, 30.07665], [-95.0644, 30.08139], [-95.0726, 30.10305], [-95.07409, 30.10174], [-95.07448, 30.10291], [-95.07519, 30.10265], [-95.07543, 30.1017], [-95.07653, 30.10194], [-95.07656, 30.10098], [-95.07794, 30.10071], [-95.07874, 30.1002], [-95.07812, 30.099], [-95.07921, 30.09842], [-95.07901, 30.09764], [-95.07989, 30.09686], [-95.07862, 30.09625], [-95.07871, 30.09514], [-95.08014, 30.0953], [-95.08073, 30.09492], [-95.08033, 30.09411], [-95.08059, 30.09342], [-95.08203, 30.09242], [-95.08167, 30.09162], [-95.08364, 30.09147], [-95.08395, 30.0923], [-95.08467, 30.09123], [-95.08547, 30.09082], [-95.08423, 30.08976], [-95.08388, 30.08893], [-95.08442, 30.0881], [-95.08703, 30.08608], [-95.08916, 30.08642], [-95.09043, 30.08475], [-95.08964, 30.08378], [-95.09054, 30.08367], [-95.09077, 30.08439], [-95.09186, 30.08334], [-95.09163, 30.08211], [-95.09066, 30.08167], [-95.09056, 30.08083], [-95.09179, 30.08097], [-95.09181, 30.08011], [-95.09256, 30.07965], [-95.09149, 30.07899], [-95.09252, 30.07787], [-95.09207, 30.07656], [-95.09277, 30.07339], [-95.09202, 30.07289], [-95.09276, 30.07217], [-95.0946, 30.07202], [-95.09511, 30.07164], [-95.09412, 30.07061], [-95.09549, 30.07013], [-95.09546, 30.06938], [-95.0963, 30.06875], [-95.09755, 30.06867], [-95.09773, 30.06744], [-95.09871, 30.06642], [-95.10013, 30.06545], [-95.10108, 30.06546], [-95.10116, 30.06467], [-95.10062, 30.0634], [-95.10138, 30.06277], [-95.10158, 30.06127], [-95.10209, 30.06081], [-95.10176, 30.05807], [-95.1015, 30.0574], [-95.10008, 30.05662], [-95.1, 30.05547], [-95.10137, 30.05421], [-95.10239, 30.05406], [-95.10323, 30.05205], [-95.10547, 30.05086], [-95.10668, 30.04941], [-95.10766, 30.04866], [-95.10982, 30.04845], [-95.11157, 30.04746], [-95.11424, 30.04761], [-95.11567, 30.04744], [-95.11844, 30.04676], [-95.11858, 30.04495], [-95.1195, 30.0439], [-95.12343, 30.04157], [-95.13073, 30.03152], [-95.13031, 30.02972], [-95.13205, 30.02116]]]}, "properties": {"GEOID": "48201251700", "LILATracts_1And10": 0, "LILATracts_halfAnd10": 0, "LILATracts_Vehicle": 0, "LowIncomeTracts": 0, "LA1and10": 1, "lowincome_lowaccess_share": 27.332, "pct_zero_car": 0.0427}}, {"type": "Feature", "geometry": {"type": "Polygon", "coordinates": [[[-95.16902, 29.56962], [-95.16228, 29.56184], [-95.15419, 29.5534], [-95.1518, 29.55503], [-95.15014, 29.55579], [-95.14067, 29.56188], [-95.14881, 29.57058], [-95.1578, 29.5802], [-95.15924, 29.57906], [-95.16138, 29.57649], [-95.16214, 29.57582], [-95.16498, 29.57403], [-95.16902, 29.56962]]]}, "properties": {"GEOID": "48201340900", "LILATracts_1And10": 0, "LILATracts_halfAnd10": 1, "LILATracts_Vehicle": 0, "LowIncomeTracts": 1, "LA1and10": 0, "lowincome_lowaccess_share": 6.5103, "pct_zero_car": 0.0109}}, {"type": "Feature", "geometry": {"type": "Polygon", "coordinates": [[[-95.062, 29.8309], [-95.06145, 29.82993], [-95.06121, 29.82837], [-95.06209, 29.82643], [-95.06366, 29.82496], [-95.06629, 29.82395], [-95.06927, 29.82429], [-95.07432, 29.82585], [-95.07589, 29.82609], [-95.07771, 29.82582], [-95.07838, 29.82541], [-95.07924, 29.82398], [-95.0795, 29.82235], [-95.07908, 29.81987], [-95.07914, 29.81845], [-95.0802, 29.81763], [-95.08531, 29.81734], [-95.08795, 29.81604], [-95.08967, 29.81396], [-95.09022, 29.80787], [-95.08992, 29.80571], [-95.08981, 29.80021], [-95.08891, 29.79872], [-95.08666, 29.79819], [-95.08494, 29.79837], [-95.08186, 29.79902], [-95.07927, 29.79976], [-95.07516, 29.80203], [-95.07344, 29.80261], [-95.07013, 29.80333], [-95.06541, 29.80286], [-95.06401, 29.80249], [-95.06001, 29.80088], [-95.05783, 29.79967], [-95.05671, 29.79776], [-95.05696, 29.79582], [-95.05813, 29.79424], [-95.06082, 29.79251], [-95.057, 29.79089], [-95.05491, 29.79048], [-95.05175, 29.79059], [-95.04944, 29.79108], [-95.03188, 29.79762], [-95.03207, 29.80726], [-95.03227, 29.80821], [-95.03535, 29.8193], [-95.03631, 29.82337], [-95.0344, 29.8235], [-95.03491, 29.82734], [-95.03902, 29.82744], [-95.04286, 29.8274], [-95.04302, 29.82897], [-95.04338, 29.82918], [-95.04351, 29.83104], [-95.04446, 29.8312], [-95.04452, 29.83475], [-95.04769, 29.83482], [-95.04782, 29.83651], [-95.04877, 29.83685], [-95.04886, 29.8402], [-95.0491, 29.84173], [-95.05769, 29.84166], [-95.05789, 29.83523], [-95.05759, 29.83282], [-95.05812, 29.83247], [-95.05971, 29.83245], [-95.0602, 29.83165], [-95.06109, 29.83169], [-95.062, 29.8309]]]}, "properties": {"GEOID": "48201252900", "LILATracts_1And10": 0, "LILATracts_halfAnd10": 0, "LILATracts_Vehicle": 0, "LowIncomeTracts": 0, "LA1and10": 1, "lowincome_lowaccess_share": 25.5778, "pct_zero_car": 0.0595}}, {"type": "Feature", "geometry": {"type": "Polygon", "coordinates": [[[-95.37805, 29.81939], [-95.3763, 29.81574], [-95.37528, 29.81321], [-95.37111, 29.81364], [-95.35758, 29.81385], [-95.35537, 29.81384], [-95.35169, 29.81286], [-95.3519, 29.81409], [-95.35262, 29.8156], [-95.35559, 29.8197], [-95.37523, 29.81946], [-95.37805, 29.81939]]]}, "properties": {"GEOID": "48201220200", "LILATracts_1And10": 0, "LILATracts_halfAnd10": 1, "LILATracts_Vehicle": 0, "LowIncomeTracts": 1, "LA1and10": 0, "lowincome_lowaccess_share": 24.3941, "pct_zero_car": 0.0796}}, {"type": "Feature", "geometry": {"type": "Polygon", "coordinates": [[[-95.53627, 29.6563], [-95.53606, 29.6454], [-95.53332, 29.64521], [-95.53161, 29.64446], [-95.52911, 29.64247], [-95.52675, 29.64164], [-95.52377, 29.64155], [-95.52109, 29.64188], [-95.52144, 29.6449], [-95.52253, 29.64771], [-95.52427, 29.64908], [-95.52536, 29.64929], [-95.52792, 29.6493], [-95.52802, 29.65568], [-95.5294, 29.65571], [-95.53247, 29.65632], [-95.53627, 29.6563]]]}, "properties": {"GEOID": "48201423402", "LILATracts_1And10": 0, "LILATracts_halfAnd10": 1, "LILATracts_Vehicle": 0, "LowIncomeTracts": 1, "LA1and10": 0, "lowincome_lowaccess_share": 34.2524, "pct_zero_car": 0.0382}}, {"type": "Feature", "geometry": {"type": "Polygon", "coordinates": [[[-95.5281, 29.66497], [-95.52802, 29.65568], [-95.52539, 29.65574], [-95.52279, 29.65561], [-95.51554, 29.65566], [-95.51297, 29.65598], [-95.50843, 29.65602], [-95.50854, 29.66563], [-95.52431, 29.66546], [-95.52651, 29.6653], [-95.5281, 29.66497]]]}, "properties": {"GEOID": "48201423302", "LILATracts_1And10": 0, "LILATracts_halfAnd10": 1, "LILATracts_Vehicle": 0, "LowIncomeTracts": 1, "LA1and10": 0, "lowincome_lowaccess_share": 8.9895, "pct_zero_car": 0.166}}, {"type": "Feature", "geometry": {"type": "Polygon", "coordinates": [[[-95.52802, 29.65568], [-95.52792, 29.6493], [-95.52536, 29.64929], [-95.52427, 29.64908], [-95.52253, 29.64771], [-95.52144, 29.6449], [-95.52109, 29.64188], [-95.51867, 29.64188], [-95.5162, 29.64254], [-95.51402, 29.64367], [-95.51168, 29.64421], [-95.50829, 29.64423], [-95.50843, 29.65602], [-95.51297, 29.65598], [-95.51554, 29.65566], [-95.52279, 29.65561], [-95.52539, 29.65574], [-95.52802, 29.65568]]]}, "properties": {"GEOID": "48201423401", "LILATracts_1And10": 0, "LILATracts_halfAnd10": 1, "LILATracts_Vehicle": 0, "LowIncomeTracts": 1, "LA1and10": 0, "lowincome_lowaccess_share": 16.1951, "pct_zero_car": 0.089}}, {"type": "Feature", "geometry": {"type": "Polygon", "coordinates": [[[-95.50114, 29.75416], [-95.50111, 29.75289], [-95.5011, 29.75048], [-95.49911, 29.75045], [-95.49648, 29.74995], [-95.49546, 29.74994], [-95.49285, 29.75012], [-95.49038, 29.74988], [-95.48603, 29.74994], [-95.48583, 29.75185], [-95.48594, 29.75746], [-95.48618, 29.75854], [-95.48925, 29.75811], [-95.49912, 29.75534], [-95.50114, 29.75416]]]}, "properties": {"GEOID": "48201431502", "LILATracts_1And10": 0, "LILATracts_halfAnd10": 0, "LILATracts_Vehicle": 0, "LowIncomeTracts": 0, "LA1and10": 0, "lowincome_lowaccess_share": 0.3874, "pct_zero_car": 0.0196}}, {"type": "Feature", "geometry": {"type": "Polygon", "coordinates": [[[-95.64516, 29.86767], [-95.64512, 29.86597], [-95.64418, 29.86589], [-95.64246, 29.86493], [-95.6426, 29.86444], [-95.64187, 29.86299], [-95.64056, 29.86246], [-95.63866, 29.86225], [-95.63829, 29.86191], [-95.63813, 29.85993], [-95.63714, 29.85895], [-95.63555, 29.85907], [-95.63397, 29.8582], [-95.63276, 29.85708], [-95.63188, 29.85704], [-95.62933, 29.85549], [-95.6278, 29.85536], [-95.62684, 29.85398], [-95.62611, 29.85362], [-95.62599, 29.85187], [-95.62421, 29.85155], [-95.62375, 29.85233], [-95.62251, 29.85188], [-95.6227, 29.85104], [-95.62191, 29.85103], [-95.62085, 29.85171], [-95.61971, 29.85293], [-95.62135, 29.85426], [-95.62078, 29.85522], [-95.62144, 29.85623], [-95.62058, 29.85625], [-95.62098, 29.85764], [-95.62289, 29.85944], [-95.62437, 29.86184], [-95.62432, 29.863], [-95.62567, 29.86311], [-95.62723, 29.86359], [-95.62859, 29.8644], [-95.63175, 29.86692], [-95.63383, 29.86764], [-95.63502, 29.86774], [-95.64516, 29.86767]]]}, "properties": {"GEOID": "48201540601", "LILATracts_1And10": 0, "LILATracts_halfAnd10": 0, "LILATracts_Vehicle": 0, "LowIncomeTracts": 0, "LA1and10": 0, "lowincome_lowaccess_share": 15.9281, "pct_zero_car": 0.0205}}, {"type": "Feature", "geometry": {"type": "Polygon", "coordinates": [[[-95.65634, 29.89667], [-95.65677, 29.89585], [-95.65674, 29.89401], [-95.65634, 29.8928], [-95.65529, 29.89108], [-95.6541, 29.88981], [-95.6529, 29.88936], [-95.65199, 29.88748], [-95.65193, 29.88501], [-95.6511, 29.88266], [-95.64975, 29.88052], [-95.64957, 29.87916], [-95.64531, 29.87921], [-95.64533, 29.88095], [-95.64503, 29.88375], [-95.64434, 29.8859], [-95.64357, 29.88751], [-95.64131, 29.89109], [-95.64517, 29.89273], [-95.64824, 29.8952], [-95.65072, 29.896], [-95.65504, 29.89622], [-95.65634, 29.89667]]]}, "properties": {"GEOID": "48201541203", "LILATracts_1And10": 0, "LILATracts_halfAnd10": 0, "LILATracts_Vehicle": 0, "LowIncomeTracts": 0, "LA1and10": 0, "lowincome_lowaccess_share": 5.53, "pct_zero_car": 0.0266}}, {"type": "Feature", "geometry": {"type": "Polygon", "coordinates": [[[-95.67347, 29.95307], [-95.67631, 29.94715], [-95.6742, 29.94649], [-95.67146, 29.94536], [-95.67034, 29.94472], [-95.66897, 29.94343], [-95.66724, 29.93972], [-95.66625, 29.9381], [-95.66358, 29.93523], [-95.66279, 29.93396], [-95.66226, 29.93202], [-95.66259, 29.92912], [-95.66352, 29.92707], [-95.66692, 29.92221], [-95.66774, 29.9208], [-95.66846, 29.91856], [-95.66844, 29.91313], [-95.66796, 29.9105], [-95.6685, 29.90813], [-95.66961, 29.90584], [-95.66698, 29.90537], [-95.66471, 29.90554], [-95.66294, 29.90605], [-95.65945, 29.90755], [-95.6567, 29.90804], [-95.65229, 29.90811], [-95.64949, 29.90791], [-95.64895, 29.91096], [-95.64928, 29.91373], [-95.64893, 29.91519], [-95.64811, 29.91707], [-95.64643, 29.91938], [-95.64587, 29.92163], [-95.64593, 29.92716], [-95.64661, 29.92946], [-95.64907, 29.93246], [-95.65021, 29.93479], [-95.64999, 29.9365], [-95.65418, 29.93936], [-95.66802, 29.949], [-95.67025, 29.95075], [-95.67347, 29.95307]]]}, "properties": {"GEOID": "48201541002", "LILATracts_1And10": 0, "LILATracts_halfAnd10": 0, "LILATracts_Vehicle": 0, "LowIncomeTracts": 0, "LA1and10": 1, "lowincome_lowaccess_share": 12.4158, "pct_zero_car": 0.0597}}, {"type": "Feature", "geometry": {"type": "Polygon", "coordinates": [[[-95.26542, 29.73825], [-95.26647, 29.7312], [-95.26679, 29.7272], [-95.26652, 29.72494], [-95.2648, 29.72537], [-95.2627, 29.7262], [-95.25846, 29.72695], [-95.25579, 29.72681], [-95.25403, 29.72602], [-95.2526, 29.72498], [-95.2497, 29.72205], [-95.24792, 29.72064], [-95.24452, 29.71936], [-95.24302, 29.71909], [-95.24171, 29.71942], [-95.24023, 29.71929], [-95.23891, 29.71952], [-95.2375, 29.72061], [-95.23568, 29.72237], [-95.23375, 29.72359], [-95.2321, 29.72426], [-95.22829, 29.72547], [-95.22871, 29.72644], [-95.22887, 29.72826], [-95.22965, 29.72869], [-95.22965, 29.73251], [-95.23275, 29.73248], [-95.24013, 29.73244], [-95.24026, 29.73976], [-95.24031, 29.74786], [-95.24059, 29.74947], [-95.24138, 29.75079], [-95.24579, 29.75513], [-95.24681, 29.7568], [-95.24713, 29.758], [-95.24721, 29.75984], [-95.25094, 29.75977], [-95.25184, 29.75995], [-95.25586, 29.75989], [-95.25585, 29.75951], [-95.25377, 29.75957], [-95.25374, 29.75819], [-95.25217, 29.75823], [-95.25219, 29.7577], [-95.2543, 29.7575], [-95.25456, 29.75405], [-95.25407, 29.74994], [-95.25417, 29.74854], [-95.25395, 29.74648], [-95.25414, 29.74512], [-95.25385, 29.74238], [-95.25361, 29.73275], [-95.25512, 29.73272], [-95.25509, 29.73198], [-95.256, 29.73213], [-95.25778, 29.73321], [-95.26306, 29.73676], [-95.26542, 29.73825]]]}, "properties": {"GEOID": "48201233701", "LILATracts_1And10": 0, "LILATracts_halfAnd10": 1, "LILATracts_Vehicle": 0, "LowIncomeTracts": 1, "LA1and10": 0, "lowincome_lowaccess_share": 36.9882, "pct_zero_car": 0.0274}}, {"type": "Feature", "geometry": {"type": "Polygon", "coordinates": [[[-95.4665, 30.03789], [-95.46566, 30.03674], [-95.46355, 30.03297], [-95.46274, 30.03263], [-95.46134, 30.03495], [-95.45929, 30.03559], [-95.45725, 30.03566], [-95.45516, 30.03612], [-95.45316, 30.03618], [-95.45123, 30.03775], [-95.45046, 30.03698], [-95.44828, 30.03648], [-95.44756, 30.03559], [-95.44623, 30.03652], [-95.44397, 30.0368], [-95.44273, 30.03626], [-95.44159, 30.03535], [-95.44123, 30.03417], [-95.43972, 30.03441], [-95.43871, 30.03406], [-95.43766, 30.03468], [-95.43674, 30.03425], [-95.43582, 30.0345], [-95.43465, 30.03407], [-95.43343, 30.03569], [-95.43162, 30.03564], [-95.43105, 30.03456], [-95.42937, 30.03564], [-95.42947, 30.03857], [-95.43074, 30.04678], [-95.43189, 30.05258], [-95.43304, 30.05275], [-95.43523, 30.05211], [-95.43723, 30.05059], [-95.4396, 30.04835], [-95.44339, 30.04624], [-95.44587, 30.04471], [-95.44807, 30.04384], [-95.44963, 30.04371], [-95.45201, 30.04396], [-95.45437, 30.04366], [-95.45591, 30.04299], [-95.46192, 30.03986], [-95.46537, 30.03852], [-95.4665, 30.03789]]]}, "properties": {"GEOID": "48201553401", "LILATracts_1And10": 0, "LILATracts_halfAnd10": 0, "LILATracts_Vehicle": 0, "LowIncomeTracts": 0, "LA1and10": 1, "lowincome_lowaccess_share": 11.1262, "pct_zero_car": 0.0112}}, {"type": "Feature", "geometry": {"type": "Polygon", "coordinates": [[[-95.47387, 30.04848], [-95.47119, 30.04571], [-95.46865, 30.04223], [-95.46752, 30.03941], [-95.4665, 30.03789], [-95.46537, 30.03852], [-95.46192, 30.03986], [-95.45591, 30.04299], [-95.45437, 30.04366], [-95.45201, 30.04396], [-95.44963, 30.04371], [-95.44807, 30.04384], [-95.44587, 30.04471], [-95.44339, 30.04624], [-95.4396, 30.04835], [-95.43723, 30.05059], [-95.43523, 30.05211], [-95.43304, 30.05275], [-95.43558, 30.05609], [-95.43914, 30.061], [-95.44121, 30.06365], [-95.44593, 30.06355], [-95.44695, 30.06324], [-95.45184, 30.06061], [-95.45307, 30.05972], [-95.45439, 30.05806], [-95.45589, 30.05679], [-95.45809, 30.05553], [-95.46169, 30.05288], [-95.46393, 30.05218], [-95.46786, 30.05161], [-95.47387, 30.04848]]]}, "properties": {"GEOID": "48201553402", "LILATracts_1And10": 0, "LILATracts_halfAnd10": 0, "LILATracts_Vehicle": 0, "LowIncomeTracts": 0, "LA1and10": 1, "lowincome_lowaccess_share": 15.798, "pct_zero_car": 0.0177}}, {"type": "Feature", "geometry": {"type": "Polygon", "coordinates": [[[-95.52747, 30.0499], [-95.52741, 30.04905], [-95.52646, 30.04788], [-95.52494, 30.04731], [-95.5233, 30.04578], [-95.52055, 30.04517], [-95.51902, 30.04385], [-95.51778, 30.04328], [-95.51579, 30.04159], [-95.51359, 30.03858], [-95.51304, 30.03818], [-95.51284, 30.03709], [-95.51182, 30.03608], [-95.50989, 30.03573], [-95.50741, 30.03192], [-95.50715, 30.03016], [-95.48856, 30.04039], [-95.48906, 30.04132], [-95.49277, 30.05046], [-95.50055, 30.04612], [-95.50512, 30.04403], [-95.50792, 30.04382], [-95.51033, 30.04458], [-95.51176, 30.04562], [-95.51323, 30.04775], [-95.51476, 30.04914], [-95.51699, 30.04992], [-95.52021, 30.05057], [-95.52555, 30.05031], [-95.52747, 30.0499]]]}, "properties": {"GEOID": "48201553801", "LILATracts_1And10": 0, "LILATracts_halfAnd10": 0, "LILATracts_Vehicle": 0, "LowIncomeTracts": 0, "LA1and10": 1, "lowincome_lowaccess_share": 7.1328, "pct_zero_car": 0.019}}, {"type": "Feature", "geometry": {"type": "Polygon", "coordinates": [[[-95.22993, 29.82456], [-95.22837, 29.82185], [-95.22987, 29.82053], [-95.22994, 29.81946], [-95.23075, 29.81842], [-95.23084, 29.81752], [-95.22992, 29.81652], [-95.22874, 29.81649], [-95.22859, 29.816], [-95.23075, 29.8151], [-95.23084, 29.81384], [-95.22988, 29.81313], [-95.2281, 29.81352], [-95.2264, 29.81341], [-95.22577, 29.81436], [-95.22492, 29.81397], [-95.22472, 29.81233], [-95.22323, 29.81206], [-95.22267, 29.81075], [-95.21997, 29.8095], [-95.2191, 29.80875], [-95.2183, 29.80872], [-95.21694, 29.81], [-95.21596, 29.8102], [-95.21467, 29.80974], [-95.21383, 29.81071], [-95.21305, 29.8109], [-95.21262, 29.80988], [-95.21032, 29.81222], [-95.20849, 29.81437], [-95.20704, 29.81666], [-95.20786, 29.81809], [-95.20617, 29.81811], [-95.20636, 29.81731], [-95.20256, 29.81733], [-95.19435, 29.81749], [-95.18245, 29.8177], [-95.18233, 29.80802], [-95.18226, 29.80615], [-95.17921, 29.8062], [-95.17819, 29.80622], [-95.17356, 29.80636], [-95.17187, 29.80661], [-95.16329, 29.80874], [-95.1636, 29.81208], [-95.16415, 29.8152], [-95.16501, 29.818], [-95.16671, 29.82164], [-95.16717, 29.82318], [-95.16907, 29.82632], [-95.17061, 29.82817], [-95.17336, 29.83079], [-95.17635, 29.83401], [-95.1776, 29.83584], [-95.17999, 29.83796], [-95.18186, 29.83987], [-95.18335, 29.84115], [-95.18517, 29.84371], [-95.19352, 29.84013], [-95.19993, 29.83732], [-95.21099, 29.83258], [-95.21613, 29.83041], [-95.2268, 29.82578], [-95.22993, 29.82456]]]}, "properties": {"GEOID": "48201232401", "LILATracts_1And10": 0, "LILATracts_halfAnd10": 0, "LILATracts_Vehicle": 0, "LowIncomeTracts": 0, "LA1and10": 1, "lowincome_lowaccess_share": 30.6504, "pct_zero_car": 0.0331}}, {"type": "Feature", "geometry": {"type": "Polygon", "coordinates": [[[-95.50057, 29.65449], [-95.50037, 29.64437], [-95.49334, 29.64447], [-95.49343, 29.64796], [-95.49269, 29.6506], [-95.49757, 29.65433], [-95.50057, 29.65449]]]}, "properties": {"GEOID": "48201422302", "LILATracts_1And10": 0, "LILATracts_halfAnd10": 0, "LILATracts_Vehicle": 0, "LowIncomeTracts": 0, "LA1and10": 0, "lowincome_lowaccess_share": 23.263, "pct_zero_car": 0.0486}}, {"type": "Feature", "geometry": {"type": "Polygon", "coordinates": [[[-95.50843, 29.65602], [-95.50829, 29.64423], [-95.50037, 29.64437], [-95.50057, 29.65449], [-95.50518, 29.65446], [-95.5056, 29.65456], [-95.50557, 29.65603], [-95.50843, 29.65602]]]}, "properties": {"GEOID": "48201422301", "LILATracts_1And10": 0, "LILATracts_halfAnd10": 1, "LILATracts_Vehicle": 1, "LowIncomeTracts": 1, "LA1and10": 0, "lowincome_lowaccess_share": 22.7012, "pct_zero_car": 0.1404}}, {"type": "Feature", "geometry": {"type": "Polygon", "coordinates": [[[-95.43727, 29.98103], [-95.42815, 29.97304], [-95.42491, 29.97044], [-95.42128, 29.96769], [-95.42186, 29.96596], [-95.41925, 29.96573], [-95.42135, 29.97417], [-95.42364, 29.98652], [-95.42464, 29.99252], [-95.42561, 29.99764], [-95.42896, 29.99733], [-95.43318, 29.99714], [-95.43608, 29.99584], [-95.43363, 29.99437], [-95.43235, 29.99322], [-95.43139, 29.99151], [-95.43115, 29.9903], [-95.43144, 29.98828], [-95.43222, 29.98688], [-95.43727, 29.98103]]]}, "properties": {"GEOID": "48201550301", "LILATracts_1And10": 1, "LILATracts_halfAnd10": 1, "LILATracts_Vehicle": 1, "LowIncomeTracts": 1, "LA1and10": 1, "lowincome_lowaccess_share": 68.3419, "pct_zero_car": 0.0841}}, {"type": "Feature", "geometry": {"type": "Polygon", "coordinates": [[[-95.46369, 30.00709], [-95.45794, 30.00027], [-95.4579, 29.99995], [-95.45609, 29.9975], [-95.45453, 29.99584], [-95.44597, 29.98861], [-95.43727, 29.98103], [-95.43222, 29.98688], [-95.43144, 29.98828], [-95.43115, 29.9903], [-95.43139, 29.99151], [-95.43235, 29.99322], [-95.43363, 29.99437], [-95.43608, 29.99584], [-95.43318, 29.99714], [-95.42896, 29.99733], [-95.42561, 29.99764], [-95.42746, 30.00752], [-95.42823, 30.01309], [-95.42898, 30.02115], [-95.43661, 30.01892], [-95.44211, 30.01724], [-95.44285, 30.01712], [-95.44792, 30.01558], [-95.45051, 30.01428], [-95.46369, 30.00709]]]}, "properties": {"GEOID": "48201550302", "LILATracts_1And10": 1, "LILATracts_halfAnd10": 1, "LILATracts_Vehicle": 1, "LowIncomeTracts": 1, "LA1and10": 1, "lowincome_lowaccess_share": 30.2366, "pct_zero_car": 0.1165}}, {"type": "Feature", "geometry": {"type": "Polygon", "coordinates": [[[-95.48091, 29.99755], [-95.48494, 29.99524], [-95.47954, 29.98791], [-95.47894, 29.9862], [-95.47887, 29.98479], [-95.47815, 29.98293], [-95.47579, 29.97968], [-95.47484, 29.97872], [-95.47323, 29.97761], [-95.47214, 29.97656], [-95.47081, 29.97774], [-95.46911, 29.97818], [-95.46872, 29.97776], [-95.46817, 29.97503], [-95.46587, 29.97289], [-95.4567, 29.97313], [-95.453, 29.97317], [-95.45244, 29.97396], [-95.44716, 29.97409], [-95.44267, 29.97388], [-95.44046, 29.97305], [-95.43779, 29.97252], [-95.43583, 29.97241], [-95.43519, 29.97269], [-95.43697, 29.97432], [-95.43801, 29.97606], [-95.43829, 29.97821], [-95.43805, 29.97953], [-95.43727, 29.98103], [-95.44597, 29.98861], [-95.45453, 29.99584], [-95.45609, 29.9975], [-95.4579, 29.99995], [-95.45794, 30.00027], [-95.46369, 30.00709], [-95.46537, 30.00629], [-95.47578, 30.00051], [-95.48091, 29.99755]]]}, "properties": {"GEOID": "48201550401", "LILATracts_1And10": 1, "LILATracts_halfAnd10": 1, "LILATracts_Vehicle": 1, "LowIncomeTracts": 1, "LA1and10": 1, "lowincome_lowaccess_share": 40.2547, "pct_zero_car": 0.1129}}, {"type": "Feature", "geometry": {"type": "Polygon", "coordinates": [[[-95.39948, 29.9506], [-95.39854, 29.94892], [-95.39705, 29.9473], [-95.39603, 29.94518], [-95.38976, 29.9453], [-95.3891, 29.94563], [-95.38702, 29.94843], [-95.38594, 29.94931], [-95.38407, 29.94939], [-95.38416, 29.95202], [-95.38561, 29.95119], [-95.38807, 29.95076], [-95.39948, 29.9506]]]}, "properties": {"GEOID": "48201240502", "LILATracts_1And10": 0, "LILATracts_halfAnd10": 1, "LILATracts_Vehicle": 1, "LowIncomeTracts": 1, "LA1and10": 0, "lowincome_lowaccess_share": 43.233, "pct_zero_car": 0.2007}}, {"type": "Feature", "geometry": {"type": "Polygon", "coordinates": [[[-95.48325, 29.93735], [-95.48323, 29.93513], [-95.48301, 29.93381], [-95.48181, 29.93118], [-95.4814, 29.92938], [-95.48135, 29.92547], [-95.48162, 29.92356], [-95.48159, 29.91955], [-95.47908, 29.91961], [-95.47137, 29.91947], [-95.46556, 29.91952], [-95.46128, 29.91852], [-95.46011, 29.91855], [-95.4525, 29.92038], [-95.45021, 29.92055], [-95.44842, 29.92041], [-95.44684, 29.92064], [-95.45718, 29.93396], [-95.46, 29.93752], [-95.4667, 29.93757], [-95.48325, 29.93735]]]}, "properties": {"GEOID": "48201533802", "LILATracts_1And10": 1, "LILATracts_halfAnd10": 1, "LILATracts_Vehicle": 0, "LowIncomeTracts": 1, "LA1and10": 1, "lowincome_lowaccess_share": 44.5603, "pct_zero_car": 0.0391}}, {"type": "Feature", "geometry": {"type": "Polygon", "coordinates": [[[-95.62867, 29.92932], [-95.62851, 29.92207], [-95.62873, 29.92118], [-95.6198, 29.9149], [-95.61486, 29.91706], [-95.61119, 29.91891], [-95.60493, 29.92181], [-95.60577, 29.92324], [-95.60632, 29.92548], [-95.6107, 29.92553], [-95.61284, 29.92614], [-95.61591, 29.92823], [-95.61815, 29.92913], [-95.62021, 29.92929], [-95.62867, 29.92932]]]}, "properties": {"GEOID": "48201552101", "LILATracts_1And10": 0, "LILATracts_halfAnd10": 0, "LILATracts_Vehicle": 0, "LowIncomeTracts": 0, "LA1and10": 0, "lowincome_lowaccess_share": 9.4476, "pct_zero_car": 0.012}}, {"type": "Feature", "geometry": {"type": "Polygon", "coordinates": [[[-95.55447, 30.07405], [-95.55459, 30.07385], [-95.55071, 30.07174], [-95.54031, 30.05156], [-95.53916, 30.04919], [-95.5384, 30.04592], [-95.53628, 30.04611], [-95.53416, 30.04684], [-95.53003, 30.04894], [-95.52747, 30.0499], [-95.52555, 30.05031], [-95.52021, 30.05057], [-95.51699, 30.04992], [-95.51476, 30.04914], [-95.51323, 30.04775], [-95.51176, 30.04562], [-95.51033, 30.04458], [-95.50792, 30.04382], [-95.50512, 30.04403], [-95.50055, 30.04612], [-95.49277, 30.05046], [-95.49603, 30.05849], [-95.49605, 30.0624], [-95.49681, 30.06497], [-95.49682, 30.07405], [-95.50853, 30.07412], [-95.51342, 30.0741], [-95.5254, 30.07402], [-95.53238, 30.07332], [-95.54237, 30.07316], [-95.54971, 30.0731], [-95.55179, 30.07328], [-95.55447, 30.07405]]]}, "properties": {"GEOID": "48201554903", "LILATracts_1And10": 0, "LILATracts_halfAnd10": 0, "LILATracts_Vehicle": 0, "LowIncomeTracts": 0, "LA1and10": 1, "lowincome_lowaccess_share": 7.7841, "pct_zero_car": 0.0}}, {"type": "Feature", "geometry": {"type": "Polygon", "coordinates": [[[-95.23357, 29.75915], [-95.23345, 29.75312], [-95.23301, 29.74124], [-95.23275, 29.73248], [-95.22965, 29.73251], [-95.22965, 29.72869], [-95.22887, 29.72826], [-95.22871, 29.72644], [-95.22829, 29.72547], [-95.22605, 29.72585], [-95.22342, 29.72524], [-95.21932, 29.72436], [-95.21628, 29.72447], [-95.21327, 29.72562], [-95.21188, 29.72643], [-95.21192, 29.73167], [-95.2127, 29.73273], [-95.21206, 29.7341], [-95.21227, 29.73895], [-95.21115, 29.7396], [-95.21091, 29.74083], [-95.21142, 29.74971], [-95.21133, 29.75768], [-95.21151, 29.75963], [-95.21308, 29.75979], [-95.21603, 29.75958], [-95.21923, 29.7596], [-95.23357, 29.75915]]]}, "properties": {"GEOID": "48201233703", "LILATracts_1And10": 1, "LILATracts_halfAnd10": 1, "LILATracts_Vehicle": 0, "LowIncomeTracts": 1, "LA1and10": 1, "lowincome_lowaccess_share": 45.9633, "pct_zero_car": 0.0145}}, {"type": "Feature", "geometry": {"type": "Polygon", "coordinates": [[[-95.48159, 29.91955], [-95.48116, 29.91741], [-95.47987, 29.91493], [-95.47964, 29.91351], [-95.47999, 29.9113], [-95.47086, 29.90551], [-95.46726, 29.90314], [-95.46312, 29.89877], [-95.46144, 29.89785], [-95.4601, 29.89762], [-95.45333, 29.89765], [-95.43279, 29.89803], [-95.42931, 29.89803], [-95.43017, 29.89912], [-95.44216, 29.91459], [-95.44684, 29.92064], [-95.44842, 29.92041], [-95.45021, 29.92055], [-95.4525, 29.92038], [-95.46011, 29.91855], [-95.46128, 29.91852], [-95.46556, 29.91952], [-95.47137, 29.91947], [-95.47908, 29.91961], [-95.48159, 29.91955]]]}, "properties": {"GEOID": "48201533801", "LILATracts_1And10": 1, "LILATracts_halfAnd10": 1, "LILATracts_Vehicle": 0, "LowIncomeTracts": 1, "LA1and10": 1, "lowincome_lowaccess_share": 39.2234, "pct_zero_car": 0.0159}}, {"type": "Feature", "geometry": {"type": "Polygon", "coordinates": [[[-95.39788, 29.92598], [-95.39769, 29.92594], [-95.39394, 29.92201], [-95.39354, 29.92103], [-95.39352, 29.91932], [-95.39567, 29.91898], [-95.40196, 29.91623], [-95.40499, 29.91543], [-95.40208, 29.91543], [-95.39349, 29.9156], [-95.38985, 29.91578], [-95.37607, 29.91667], [-95.37596, 29.91828], [-95.37678, 29.92014], [-95.37808, 29.92542], [-95.37889, 29.93022], [-95.37962, 29.93279], [-95.38403, 29.932], [-95.38681, 29.93189], [-95.39235, 29.93191], [-95.40008, 29.93179], [-95.40004, 29.92959], [-95.39969, 29.92883], [-95.39805, 29.92712], [-95.39788, 29.92598]]]}, "properties": {"GEOID": "48201222502", "LILATracts_1And10": 0, "LILATracts_halfAnd10": 1, "LILATracts_Vehicle": 0, "LowIncomeTracts": 1, "LA1and10": 0, "lowincome_lowaccess_share": 42.6651, "pct_zero_car": 0.0207}}, {"type": "Feature", "geometry": {"type": "Polygon", "coordinates": [[[-95.52865, 29.74594], [-95.52838, 29.74495], [-95.52661, 29.74294], [-95.52312, 29.74297], [-95.5229, 29.74212], [-95.52169, 29.742], [-95.52032, 29.74217], [-95.51892, 29.74333], [-95.51786, 29.74287], [-95.51716, 29.74395], [-95.51645, 29.74331], [-95.51463, 29.74486], [-95.51397, 29.74487], [-95.51298, 29.74376], [-95.51235, 29.74385], [-95.51204, 29.74545], [-95.51021, 29.74572], [-95.50905, 29.7463], [-95.50784, 29.74609], [-95.50671, 29.74723], [-95.50697, 29.74779], [-95.50843, 29.74831], [-95.50758, 29.74875], [-95.50634, 29.74839], [-95.50528, 29.7502], [-95.50466, 29.75264], [-95.50447, 29.75394], [-95.50668, 29.75491], [-95.50657, 29.75634], [-95.50683, 29.75784], [-95.50646, 29.76112], [-95.50648, 29.76259], [-95.50878, 29.76257], [-95.50886, 29.76973], [-95.50888, 29.77757], [-95.51757, 29.77753], [-95.51766, 29.77334], [-95.52244, 29.77333], [-95.52222, 29.76449], [-95.52225, 29.76312], [-95.5228, 29.75477], [-95.52274, 29.75108], [-95.52592, 29.75113], [-95.52571, 29.74819], [-95.52588, 29.7472], [-95.52658, 29.74667], [-95.52794, 29.74642], [-95.52865, 29.74594]]]}, "properties": {"GEOID": "48201430400", "LILATracts_1And10": 0, "LILATracts_halfAnd10": 0, "LILATracts_Vehicle": 0, "LowIncomeTracts": 0, "LA1and10": 1, "lowincome_lowaccess_share": 5.8349, "pct_zero_car": 0.0049}}, {"type": "Feature", "geometry": {"type": "Polygon", "coordinates": [[[-95.6834, 29.70804], [-95.67588, 29.70382], [-95.67248, 29.70183], [-95.67008, 29.70062], [-95.66469, 29.69753], [-95.66433, 29.69985], [-95.66362, 29.70201], [-95.66112, 29.70581], [-95.6606, 29.70755], [-95.66049, 29.70965], [-95.6661, 29.70919], [-95.6704, 29.70903], [-95.6834, 29.70804]]]}, "properties": {"GEOID": "48201454200", "LILATracts_1And10": 0, "LILATracts_halfAnd10": 0, "LILATracts_Vehicle": 0, "LowIncomeTracts": 0, "LA1and10": 0, "lowincome_lowaccess_share": 21.9301, "pct_zero_car": 0.0083}}, {"type": "Feature", "geometry": {"type": "Polygon", "coordinates": [[[-95.51138, 29.80102], [-95.51273, 29.80031], [-95.52222, 29.79855], [-95.52392, 29.798], [-95.52344, 29.79689], [-95.5231, 29.79476], [-95.52216, 29.79325], [-95.52177, 29.79184], [-95.52178, 29.78735], [-95.52134, 29.78576], [-95.52126, 29.78373], [-95.52012, 29.78374], [-95.52012, 29.78456], [-95.52, 29.78798], [-95.52032, 29.78891], [-95.51862, 29.78863], [-95.51671, 29.78893], [-95.51394, 29.78979], [-95.51392, 29.79431], [-95.51332, 29.79431], [-95.51312, 29.79693], [-95.51212, 29.79713], [-95.51201, 29.79838], [-95.51013, 29.79838], [-95.51013, 29.79885], [-95.51119, 29.79998], [-95.51138, 29.80102]]]}, "properties": {"GEOID": "48201521000", "LILATracts_1And10": 0, "LILATracts_halfAnd10": 0, "LILATracts_Vehicle": 0, "LowIncomeTracts": 1, "LA1and10": 0, "lowincome_lowaccess_share": 11.4807, "pct_zero_car": 0.0864}}, {"type": "Feature", "geometry": {"type": "Polygon", "coordinates": [[[-95.52442, 29.80673], [-95.52418, 29.79901], [-95.52392, 29.798], [-95.52222, 29.79855], [-95.51273, 29.80031], [-95.51138, 29.80102], [-95.51251, 29.80213], [-95.51422, 29.80216], [-95.51795, 29.80336], [-95.52082, 29.80513], [-95.52383, 29.80613], [-95.52442, 29.80673]]]}, "properties": {"GEOID": "48201521100", "LILATracts_1And10": 0, "LILATracts_halfAnd10": 0, "LILATracts_Vehicle": 0, "LowIncomeTracts": 1, "LA1and10": 0, "lowincome_lowaccess_share": 10.1348, "pct_zero_car": 0.1576}}, {"type": "Feature", "geometry": {"type": "Polygon", "coordinates": [[[-95.52616, 29.8098], [-95.52617, 29.80848], [-95.52569, 29.80764], [-95.52442, 29.80673], [-95.52383, 29.80613], [-95.52082, 29.80513], [-95.51795, 29.80336], [-95.51422, 29.80216], [-95.51251, 29.80213], [-95.51138, 29.80102], [-95.50939, 29.80277], [-95.50652, 29.80308], [-95.50089, 29.80302], [-95.50086, 29.81091], [-95.50955, 29.81107], [-95.51168, 29.81105], [-95.51564, 29.81064], [-95.51965, 29.80983], [-95.52616, 29.8098]]]}, "properties": {"GEOID": "48201521200", "LILATracts_1And10": 0, "LILATracts_halfAnd10": 1, "LILATracts_Vehicle": 0, "LowIncomeTracts": 1, "LA1and10": 0, "lowincome_lowaccess_share": 25.2848, "pct_zero_car": 0.084}}, {"type": "Feature", "geometry": {"type": "Polygon", "coordinates": [[[-95.41401, 29.94053], [-95.41325, 29.93839], [-95.41217, 29.93466], [-95.41198, 29.9318], [-95.40975, 29.93169], [-95.40008, 29.93179], [-95.39235, 29.93191], [-95.38681, 29.93189], [-95.38403, 29.932], [-95.37962, 29.93279], [-95.38119, 29.9387], [-95.39387, 29.93858], [-95.39589, 29.93882], [-95.40295, 29.94049], [-95.40749, 29.94062], [-95.41401, 29.94053]]]}, "properties": {"GEOID": "48201222600", "LILATracts_1And10": 0, "LILATracts_halfAnd10": 0, "LILATracts_Vehicle": 0, "LowIncomeTracts": 1, "LA1and10": 0, "lowincome_lowaccess_share": 2.6567, "pct_zero_car": 0.1826}}, {"type": "Feature", "geometry": {"type": "Polygon", "coordinates": [[[-95.38119, 29.9387], [-95.37962, 29.93279], [-95.37651, 29.93329], [-95.37209, 29.93344], [-95.35749, 29.93137], [-95.35607, 29.93135], [-95.35228, 29.9314], [-95.34958, 29.93055], [-95.3471, 29.93036], [-95.34224, 29.93037], [-95.33481, 29.92989], [-95.33217, 29.93013], [-95.32262, 29.93032], [-95.30305, 29.93059], [-95.30007, 29.93071], [-95.29755, 29.93627], [-95.29598, 29.93996], [-95.30154, 29.93999], [-95.30709, 29.93987], [-95.31164, 29.93929], [-95.31448, 29.93921], [-95.32042, 29.93923], [-95.33021, 29.93911], [-95.35359, 29.93897], [-95.36452, 29.93881], [-95.38119, 29.9387]]]}, "properties": {"GEOID": "48201222700", "LILATracts_1And10": 1, "LILATracts_halfAnd10": 1, "LILATracts_Vehicle": 1, "LowIncomeTracts": 1, "LA1and10": 1, "lowincome_lowaccess_share": 31.5361, "pct_zero_car": 0.2148}}, {"type": "Feature", "geometry": {"type": "Polygon", "coordinates": [[[-95.37962, 29.93279], [-95.37889, 29.93022], [-95.37808, 29.92542], [-95.37678, 29.92014], [-95.37596, 29.91828], [-95.37607, 29.91667], [-95.37628, 29.91469], [-95.37611, 29.91314], [-95.37506, 29.91081], [-95.37297, 29.90221], [-95.35505, 29.90234], [-95.35518, 29.90717], [-95.35556, 29.91677], [-95.35562, 29.92047], [-95.35584, 29.9241], [-95.35607, 29.93135], [-95.35749, 29.93137], [-95.37209, 29.93344], [-95.37651, 29.93329], [-95.37962, 29.93279]]]}, "properties": {"GEOID": "48201222800", "LILATracts_1And10": 1, "LILATracts_halfAnd10": 1, "LILATracts_Vehicle": 0, "LowIncomeTracts": 1, "LA1and10": 1, "lowincome_lowaccess_share": 67.5574, "pct_zero_car": 0.0314}}, {"type": "Feature", "geometry": {"type": "Polygon", "coordinates": [[[-95.35607, 29.93135], [-95.35584, 29.9241], [-95.35562, 29.92047], [-95.35556, 29.91677], [-95.35518, 29.90717], [-95.35505, 29.90234], [-95.33246, 29.9025], [-95.33242, 29.90352], [-95.33137, 29.90661], [-95.33138, 29.91123], [-95.33158, 29.91478], [-95.33145, 29.91619], [-95.33097, 29.91775], [-95.33097, 29.92072], [-95.33349, 29.92066], [-95.33567, 29.9213], [-95.33789, 29.92132], [-95.33975, 29.92058], [-95.34183, 29.9209], [-95.34513, 29.92346], [-95.34579, 29.92453], [-95.34704, 29.92839], [-95.3471, 29.93036], [-95.34958, 29.93055], [-95.35228, 29.9314], [-95.35607, 29.93135]]]}, "properties": {"GEOID": "48201222900", "LILATracts_1And10": 1, "LILATracts_halfAnd10": 1, "LILATracts_Vehicle": 0, "LowIncomeTracts": 1, "LA1and10": 1, "lowincome_lowaccess_share": 38.3284, "pct_zero_car": 0.0185}}, {"type": "Feature", "geometry": {"type": "Polygon", "coordinates": [[[-95.3471, 29.93036], [-95.34704, 29.92839], [-95.34579, 29.92453], [-95.34513, 29.92346], [-95.34183, 29.9209], [-95.33975, 29.92058], [-95.33789, 29.92132], [-95.33567, 29.9213], [-95.33349, 29.92066], [-95.33097, 29.92072], [-95.32931, 29.92044], [-95.3278, 29.91955], [-95.32555, 29.91925], [-95.31745, 29.91955], [-95.31516, 29.91913], [-95.31221, 29.91916], [-95.30946, 29.91845], [-95.30712, 29.91843], [-95.30382, 29.92317], [-95.30168, 29.92696], [-95.30007, 29.93071], [-95.30305, 29.93059], [-95.32262, 29.93032], [-95.33217, 29.93013], [-95.33481, 29.92989], [-95.34224, 29.93037], [-95.3471, 29.93036]]]}, "properties": {"GEOID": "48201223100", "LILATracts_1And10": 0, "LILATracts_halfAnd10": 1, "LILATracts_Vehicle": 0, "LowIncomeTracts": 1, "LA1and10": 0, "lowincome_lowaccess_share": 30.8534, "pct_zero_car": 0.0885}}, {"type": "Feature", "geometry": {"type": "Polygon", "coordinates": [[[-95.3762, 29.82837], [-95.37646, 29.82414], [-95.37535, 29.82154], [-95.37523, 29.81946], [-95.35559, 29.8197], [-95.3561, 29.8219], [-95.35517, 29.82894], [-95.35566, 29.829], [-95.36591, 29.82884], [-95.3677, 29.82845], [-95.3762, 29.82837]]]}, "properties": {"GEOID": "48201220300", "LILATracts_1And10": 0, "LILATracts_halfAnd10": 1, "LILATracts_Vehicle": 0, "LowIncomeTracts": 1, "LA1and10": 0, "lowincome_lowaccess_share": 13.0175, "pct_zero_car": 0.0468}}, {"type": "Feature", "geometry": {"type": "Polygon", "coordinates": [[[-95.37568, 29.83757], [-95.3762, 29.82837], [-95.3677, 29.82845], [-95.36591, 29.82884], [-95.35566, 29.829], [-95.35517, 29.82894], [-95.35525, 29.83083], [-95.35607, 29.83376], [-95.35693, 29.83743], [-95.36026, 29.83764], [-95.37568, 29.83757]]]}, "properties": {"GEOID": "48201220400", "LILATracts_1And10": 0, "LILATracts_halfAnd10": 1, "LILATracts_Vehicle": 0, "LowIncomeTracts": 1, "LA1and10": 0, "lowincome_lowaccess_share": 15.6897, "pct_zero_car": 0.0833}}, {"type": "Feature", "geometry": {"type": "Polygon", "coordinates": [[[-95.40088, 29.71149], [-95.40507, 29.70625], [-95.40302, 29.70623], [-95.40299, 29.70472], [-95.40244, 29.70237], [-95.40211, 29.70139], [-95.39839, 29.70191], [-95.3966, 29.703], [-95.39194, 29.7015], [-95.39023, 29.7059], [-95.38852, 29.70661], [-95.38644, 29.70636], [-95.38462, 29.7057], [-95.38256, 29.70432], [-95.38103, 29.70364], [-95.37521, 29.70186], [-95.37461, 29.70175], [-95.37449, 29.70317], [-95.37494, 29.70568], [-95.37554, 29.70701], [-95.37723, 29.70994], [-95.37805, 29.71212], [-95.3794, 29.71211], [-95.38006, 29.71268], [-95.38209, 29.7131], [-95.38093, 29.71652], [-95.38275, 29.71736], [-95.38364, 29.7184], [-95.38491, 29.72049], [-95.39072, 29.72393], [-95.39132, 29.72358], [-95.39365, 29.72064], [-95.40088, 29.71149]]]}, "properties": {"GEOID": "48201313100", "LILATracts_1And10": 0, "LILATracts_halfAnd10": 0, "LILATracts_Vehicle": 0, "LowIncomeTracts": 0, "LA1and10": 1, "lowincome_lowaccess_share": 19.8509, "pct_zero_car": 0.0389}}, {"type": "Feature", "geometry": {"type": "Polygon", "coordinates": [[[-95.37805, 29.71212], [-95.37723, 29.70994], [-95.37554, 29.70701], [-95.37494, 29.70568], [-95.37449, 29.70317], [-95.37461, 29.70175], [-95.37521, 29.70186], [-95.37542, 29.70099], [-95.3743, 29.70102], [-95.37233, 29.70161], [-95.35942, 29.70237], [-95.35415, 29.70266], [-95.3524, 29.70293], [-95.34855, 29.70177], [-95.34567, 29.70087], [-95.34181, 29.71027], [-95.34151, 29.7118], [-95.34389, 29.71251], [-95.34515, 29.71234], [-95.34693, 29.71114], [-95.34865, 29.7108], [-95.35301, 29.70945], [-95.35458, 29.70934], [-95.35655, 29.7097], [-95.35807, 29.71053], [-95.36071, 29.71], [-95.36224, 29.71023], [-95.36724, 29.70977], [-95.3694, 29.70926], [-95.3702, 29.70984], [-95.37033, 29.71184], [-95.37084, 29.71307], [-95.37147, 29.71359], [-95.3737, 29.71384], [-95.37805, 29.71212]]]}, "properties": {"GEOID": "48201313200", "LILATracts_1And10": 0, "LILATracts_halfAnd10": 0, "LILATracts_Vehicle": 0, "LowIncomeTracts": 0, "LA1and10": 0, "lowincome_lowaccess_share": 14.1822, "pct_zero_car": 0.1564}}, {"type": "Feature", "geometry": {"type": "Polygon", "coordinates": [[[-95.34151, 29.7118], [-95.34181, 29.71027], [-95.34567, 29.70087], [-95.34045, 29.69923], [-95.33894, 29.69861], [-95.32952, 29.69553], [-95.32751, 29.69502], [-95.32694, 29.69531], [-95.32666, 29.69547], [-95.32756, 29.6984], [-95.33249, 29.71299], [-95.33292, 29.71437], [-95.33412, 29.71322], [-95.33493, 29.71327], [-95.33776, 29.7148], [-95.33872, 29.71465], [-95.33922, 29.71359], [-95.33934, 29.71227], [-95.34029, 29.71131], [-95.34151, 29.7118]]]}, "properties": {"GEOID": "48201313300", "LILATracts_1And10": 1, "LILATracts_halfAnd10": 1, "LILATracts_Vehicle": 0, "LowIncomeTracts": 1, "LA1and10": 1, "lowincome_lowaccess_share": 30.0932, "pct_zero_car": 0.0753}}, {"type": "Feature", "geometry": {"type": "Polygon", "coordinates": [[[-95.17252, 29.68225], [-95.17253, 29.67987], [-95.17223, 29.66532], [-95.15565, 29.66565], [-95.15595, 29.67068], [-95.15608, 29.67758], [-95.156, 29.6789], [-95.15526, 29.68152], [-95.16411, 29.68143], [-95.16977, 29.68147], [-95.17252, 29.68225]]]}, "properties": {"GEOID": "48201323900", "LILATracts_1And10": 1, "LILATracts_halfAnd10": 1, "LILATracts_Vehicle": 1, "LowIncomeTracts": 1, "LA1and10": 1, "lowincome_lowaccess_share": 57.5982, "pct_zero_car": 0.1672}}, {"type": "Feature", "geometry": {"type": "Polygon", "coordinates": [[[-95.36567, 29.72097], [-95.36399, 29.71998], [-95.35369, 29.71685], [-95.35256, 29.71964], [-95.35094, 29.72373], [-95.35473, 29.72489], [-95.35627, 29.7249], [-95.356, 29.72559], [-95.36063, 29.727], [-95.36122, 29.72661], [-95.36567, 29.72097]]]}, "properties": {"GEOID": "48201312800", "LILATracts_1And10": 1, "LILATracts_halfAnd10": 1, "LILATracts_Vehicle": 1, "LowIncomeTracts": 1, "LA1and10": 1, "lowincome_lowaccess_share": 80.243, "pct_zero_car": 0.4827}}, {"type": "Feature", "geometry": {"type": "Polygon", "coordinates": [[[-95.36567, 29.72097], [-95.37017, 29.71534], [-95.37147, 29.71359], [-95.37084, 29.71307], [-95.37033, 29.71184], [-95.3702, 29.70984], [-95.3694, 29.70926], [-95.36724, 29.70977], [-95.36224, 29.71023], [-95.36071, 29.71], [-95.35807, 29.71053], [-95.35655, 29.7097], [-95.35369, 29.71685], [-95.36399, 29.71998], [-95.36567, 29.72097]]]}, "properties": {"GEOID": "48201312900", "LILATracts_1And10": 1, "LILATracts_halfAnd10": 1, "LILATracts_Vehicle": 1, "LowIncomeTracts": 1, "LA1and10": 1, "lowincome_lowaccess_share": 40.2838, "pct_zero_car": 0.2423}}, {"type": "Feature", "geometry": {"type": "Polygon", "coordinates": [[[-95.19279, 29.63137], [-95.19318, 29.62632], [-95.19559, 29.62455], [-95.19629, 29.62354], [-95.19751, 29.6225], [-95.19594, 29.62089], [-95.19444, 29.61897], [-95.1919, 29.61617], [-95.18998, 29.61748], [-95.18418, 29.6204], [-95.18035, 29.62266], [-95.17364, 29.6275], [-95.17031, 29.63058], [-95.16281, 29.63759], [-95.1595, 29.64076], [-95.15839, 29.6424], [-95.15678, 29.64646], [-95.15613, 29.64985], [-95.15601, 29.65178], [-95.15614, 29.65969], [-95.15573, 29.6633], [-95.15565, 29.66565], [-95.17223, 29.66532], [-95.17211, 29.66478], [-95.17197, 29.6578], [-95.17154, 29.65604], [-95.17136, 29.64952], [-95.17111, 29.64063], [-95.17165, 29.64044], [-95.17792, 29.64033], [-95.17975, 29.64078], [-95.18129, 29.64078], [-95.18138, 29.63861], [-95.18121, 29.63036], [-95.18425, 29.63009], [-95.18445, 29.63137], [-95.18702, 29.6311], [-95.19279, 29.63137]]]}, "properties": {"GEOID": "48201324000", "LILATracts_1And10": 0, "LILATracts_halfAnd10": 0, "LILATracts_Vehicle": 0, "LowIncomeTracts": 0, "LA1and10": 1, "lowincome_lowaccess_share": 16.1148, "pct_zero_car": 0.0335}}, {"type": "Feature", "geometry": {"type": "Polygon", "coordinates": [[[-95.45945, 29.70577], [-95.45932, 29.70497], [-95.4591, 29.69008], [-95.45107, 29.69015], [-95.45104, 29.68931], [-95.44908, 29.68988], [-95.44705, 29.68996], [-95.44739, 29.70592], [-95.45945, 29.70577]]]}, "properties": {"GEOID": "48201412800", "LILATracts_1And10": 0, "LILATracts_halfAnd10": 0, "LILATracts_Vehicle": 0, "LowIncomeTracts": 0, "LA1and10": 0, "lowincome_lowaccess_share": 3.7743, "pct_zero_car": 0.0059}}, {"type": "Feature", "geometry": {"type": "Polygon", "coordinates": [[[-95.4591, 29.69008], [-95.45905, 29.6814], [-95.45817, 29.68125], [-95.45675, 29.67991], [-95.45579, 29.67951], [-95.45331, 29.67932], [-95.44684, 29.67947], [-95.43995, 29.67951], [-95.43998, 29.68659], [-95.44007, 29.69064], [-95.44087, 29.69099], [-95.44278, 29.69058], [-95.44611, 29.68757], [-95.44701, 29.68731], [-95.44705, 29.68996], [-95.44908, 29.68988], [-95.45104, 29.68931], [-95.45107, 29.69015], [-95.4591, 29.69008]]]}, "properties": {"GEOID": "48201412900", "LILATracts_1And10": 0, "LILATracts_halfAnd10": 0, "LILATracts_Vehicle": 0, "LowIncomeTracts": 0, "LA1and10": 0, "lowincome_lowaccess_share": 3.41, "pct_zero_car": 0.0461}}, {"type": "Feature", "geometry": {"type": "Polygon", "coordinates": [[[-95.43717, 29.70458], [-95.43712, 29.69853], [-95.43731, 29.69599], [-95.43708, 29.6943], [-95.43594, 29.69196], [-95.43607, 29.69155], [-95.43818, 29.69056], [-95.43905, 29.69078], [-95.43904, 29.69166], [-95.44008, 29.69166], [-95.44007, 29.69064], [-95.4382, 29.68991], [-95.43612, 29.69086], [-95.43499, 29.69194], [-95.43418, 29.6921], [-95.43261, 29.6913], [-95.43084, 29.69113], [-95.42945, 29.69153], [-95.42882, 29.69218], [-95.42859, 29.69378], [-95.42693, 29.69582], [-95.42728, 29.69712], [-95.42745, 29.70609], [-95.42977, 29.70607], [-95.43304, 29.70603], [-95.43312, 29.70475], [-95.43717, 29.70458]]]}, "properties": {"GEOID": "48201413100", "LILATracts_1And10": 0, "LILATracts_halfAnd10": 0, "LILATracts_Vehicle": 0, "LowIncomeTracts": 0, "LA1and10": 0, "lowincome_lowaccess_share": 2.7294, "pct_zero_car": 0.0252}}, {"type": "Feature", "geometry": {"type": "Polygon", "coordinates": [[[-95.5011, 29.75048], [-95.50091, 29.73754], [-95.49511, 29.73759], [-95.49547, 29.7401], [-95.49546, 29.74994], [-95.49648, 29.74995], [-95.49911, 29.75045], [-95.5011, 29.75048]]]}, "properties": {"GEOID": "48201431301", "LILATracts_1And10": 0, "LILATracts_halfAnd10": 0, "LILATracts_Vehicle": 0, "LowIncomeTracts": 0, "LA1and10": 0, "lowincome_lowaccess_share": null, "pct_zero_car": 0.0606}}, {"type": "Feature", "geometry": {"type": "Polygon", "coordinates": [[[-95.52628, 29.82195], [-95.52616, 29.8098], [-95.51965, 29.80983], [-95.51564, 29.81064], [-95.51168, 29.81105], [-95.50955, 29.81107], [-95.50086, 29.81091], [-95.50085, 29.81508], [-95.50064, 29.81749], [-95.50005, 29.81883], [-95.49912, 29.82004], [-95.50124, 29.82086], [-95.50485, 29.82086], [-95.50666, 29.82116], [-95.50963, 29.82114], [-95.51624, 29.82105], [-95.5174, 29.82113], [-95.52068, 29.82197], [-95.52628, 29.82195]]]}, "properties": {"GEOID": "48201521300", "LILATracts_1And10": 0, "LILATracts_halfAnd10": 1, "LILATracts_Vehicle": 0, "LowIncomeTracts": 1, "LA1and10": 0, "lowincome_lowaccess_share": 22.9821, "pct_zero_car": 0.0444}}, {"type": "Feature", "geometry": {"type": "Polygon", "coordinates": [[[-95.50932, 29.83271], [-95.5092, 29.8234], [-95.50963, 29.82114], [-95.50666, 29.82116], [-95.50485, 29.82086], [-95.50124, 29.82086], [-95.49912, 29.82004], [-95.49368, 29.82576], [-95.50472, 29.83367], [-95.50663, 29.83285], [-95.50932, 29.83271]]]}, "properties": {"GEOID": "48201521400", "LILATracts_1And10": 0, "LILATracts_halfAnd10": 1, "LILATracts_Vehicle": 0, "LowIncomeTracts": 1, "LA1and10": 0, "lowincome_lowaccess_share": 8.7727, "pct_zero_car": 0.0582}}, {"type": "Feature", "geometry": {"type": "Polygon", "coordinates": [[[-95.50466, 29.75264], [-95.50528, 29.7502], [-95.50634, 29.74839], [-95.50758, 29.74875], [-95.50843, 29.74831], [-95.50697, 29.74779], [-95.50671, 29.74723], [-95.50784, 29.74609], [-95.50905, 29.7463], [-95.51021, 29.74572], [-95.51204, 29.74545], [-95.51235, 29.74385], [-95.51229, 29.74143], [-95.51123, 29.74081], [-95.51013, 29.73905], [-95.51009, 29.73743], [-95.50091, 29.73754], [-95.5011, 29.75048], [-95.50111, 29.75289], [-95.5026, 29.75264], [-95.50466, 29.75264]]]}, "properties": {"GEOID": "48201431202", "LILATracts_1And10": 0, "LILATracts_halfAnd10": 0, "LILATracts_Vehicle": 0, "LowIncomeTracts": 1, "LA1and10": 0, "lowincome_lowaccess_share": 1.3523, "pct_zero_car": 0.0731}}, {"type": "Feature", "geometry": {"type": "Polygon", "coordinates": [[[-95.56358, 29.81271], [-95.56354, 29.80625], [-95.5633, 29.79507], [-95.56305, 29.7906], [-95.56298, 29.78481], [-95.55358, 29.78465], [-95.5538, 29.79693], [-95.55399, 29.80477], [-95.55386, 29.80913], [-95.55444, 29.80937], [-95.55445, 29.81268], [-95.56358, 29.81271]]]}, "properties": {"GEOID": "48201522402", "LILATracts_1And10": 0, "LILATracts_halfAnd10": 1, "LILATracts_Vehicle": 0, "LowIncomeTracts": 1, "LA1and10": 0, "lowincome_lowaccess_share": 29.5554, "pct_zero_car": 0.0993}}, {"type": "Feature", "geometry": {"type": "Polygon", "coordinates": [[[-95.55445, 29.81268], [-95.55444, 29.80937], [-95.55386, 29.80913], [-95.55399, 29.80477], [-95.5538, 29.79693], [-95.55358, 29.78465], [-95.54398, 29.78474], [-95.54412, 29.7874], [-95.54456, 29.78919], [-95.54467, 29.79428], [-95.54484, 29.80263], [-95.54514, 29.80601], [-95.54521, 29.81269], [-95.55445, 29.81268]]]}, "properties": {"GEOID": "48201522401", "LILATracts_1And10": 0, "LILATracts_halfAnd10": 1, "LILATracts_Vehicle": 0, "LowIncomeTracts": 1, "LA1and10": 0, "lowincome_lowaccess_share": 8.4165, "pct_zero_car": 0.0626}}, {"type": "Feature", "geometry": {"type": "Polygon", "coordinates": [[[-95.59866, 29.97358], [-95.60007, 29.97349], [-95.60206, 29.97267], [-95.60325, 29.97189], [-95.60361, 29.9711], [-95.6029, 29.97035], [-95.60415, 29.9697], [-95.60697, 29.96593], [-95.60527, 29.96381], [-95.60471, 29.96284], [-95.60323, 29.95927], [-95.60314, 29.95753], [-95.60357, 29.956], [-95.6044, 29.95449], [-95.60484, 29.95234], [-95.58487, 29.95255], [-95.58505, 29.96126], [-95.5852, 29.96683], [-95.58947, 29.96694], [-95.59118, 29.96723], [-95.59866, 29.97358]]]}, "properties": {"GEOID": "48201552302", "LILATracts_1And10": 0, "LILATracts_halfAnd10": 0, "LILATracts_Vehicle": 0, "LowIncomeTracts": 0, "LA1and10": 1, "lowincome_lowaccess_share": 25.7833, "pct_zero_car": 0.1003}}, {"type": "Feature", "geometry": {"type": "Polygon", "coordinates": [[[-95.6198, 29.9149], [-95.60857, 29.90705], [-95.60279, 29.90294], [-95.60224, 29.9041], [-95.60238, 29.90588], [-95.60322, 29.90728], [-95.6035, 29.90836], [-95.60361, 29.91843], [-95.60375, 29.91943], [-95.60493, 29.92181], [-95.61119, 29.91891], [-95.61486, 29.91706], [-95.6198, 29.9149]]]}, "properties": {"GEOID": "48201552002", "LILATracts_1And10": 0, "LILATracts_halfAnd10": 0, "LILATracts_Vehicle": 0, "LowIncomeTracts": 0, "LA1and10": 0, "lowincome_lowaccess_share": 13.9565, "pct_zero_car": 0.0}}, {"type": "Feature", "geometry": {"type": "Polygon", "coordinates": [[[-95.54413, 29.86166], [-95.54515, 29.86011], [-95.54519, 29.85872], [-95.5451, 29.85013], [-95.54503, 29.83444], [-95.54532, 29.83224], [-95.52639, 29.83252], [-95.50932, 29.83271], [-95.50663, 29.83285], [-95.50472, 29.83367], [-95.50801, 29.83595], [-95.5151, 29.84103], [-95.53094, 29.85227], [-95.54413, 29.86166]]]}, "properties": {"GEOID": "48201521600", "LILATracts_1And10": 1, "LILATracts_halfAnd10": 1, "LILATracts_Vehicle": 0, "LowIncomeTracts": 1, "LA1and10": 1, "lowincome_lowaccess_share": 43.5814, "pct_zero_car": 0.0194}}, {"type": "Feature", "geometry": {"type": "Polygon", "coordinates": [[[-95.75187, 29.7851], [-95.75177, 29.77475], [-95.74911, 29.77477], [-95.74644, 29.775], [-95.74303, 29.77502], [-95.74125, 29.7753], [-95.73935, 29.77603], [-95.73759, 29.77638], [-95.73563, 29.77625], [-95.73315, 29.77593], [-95.7298, 29.77604], [-95.72392, 29.77596], [-95.72118, 29.77543], [-95.71885, 29.77524], [-95.71893, 29.78491], [-95.72689, 29.78509], [-95.7418, 29.78518], [-95.7488, 29.78506], [-95.75187, 29.7851]]]}, "properties": {"GEOID": "48201454600", "LILATracts_1And10": 0, "LILATracts_halfAnd10": 0, "LILATracts_Vehicle": 0, "LowIncomeTracts": 0, "LA1and10": 0, "lowincome_lowaccess_share": 10.1453, "pct_zero_car": 0.1176}}, {"type": "Feature", "geometry": {"type": "Polygon", "coordinates": [[[-95.48822, 29.78352], [-95.48826, 29.77708], [-95.48705, 29.77742], [-95.48698, 29.76962], [-95.48704, 29.76962], [-95.48547, 29.76916], [-95.4852, 29.77058], [-95.48442, 29.77123], [-95.48283, 29.77174], [-95.48285, 29.77023], [-95.4815, 29.77067], [-95.48178, 29.77218], [-95.4813, 29.77317], [-95.47888, 29.77334], [-95.47946, 29.77406], [-95.4798, 29.77558], [-95.48064, 29.77565], [-95.48177, 29.77653], [-95.48321, 29.77844], [-95.48451, 29.77941], [-95.484, 29.78046], [-95.48443, 29.78167], [-95.48599, 29.78207], [-95.4864, 29.78358], [-95.48822, 29.78352]]]}, "properties": {"GEOID": "48201430200", "LILATracts_1And10": 0, "LILATracts_halfAnd10": 0, "LILATracts_Vehicle": 0, "LowIncomeTracts": 0, "LA1and10": 1, "lowincome_lowaccess_share": 19.7047, "pct_zero_car": 0.0281}}, {"type": "Feature", "geometry": {"type": "Polygon", "coordinates": [[[-95.50888, 29.77757], [-95.50886, 29.76973], [-95.50878, 29.76257], [-95.50648, 29.76259], [-95.50646, 29.76112], [-95.50683, 29.75784], [-95.50657, 29.75634], [-95.50668, 29.75491], [-95.50447, 29.75394], [-95.50466, 29.75264], [-95.5026, 29.75264], [-95.50111, 29.75289], [-95.50114, 29.75416], [-95.5011, 29.75569], [-95.50066, 29.75823], [-95.50086, 29.76038], [-95.50011, 29.76012], [-95.499, 29.76078], [-95.4983, 29.76211], [-95.49724, 29.76156], [-95.49612, 29.76219], [-95.49579, 29.7634], [-95.49514, 29.76391], [-95.49485, 29.76489], [-95.49408, 29.7651], [-95.49228, 29.76418], [-95.49234, 29.76324], [-95.49154, 29.76302], [-95.49094, 29.76346], [-95.49097, 29.76436], [-95.49235, 29.76518], [-95.49124, 29.7656], [-95.48963, 29.76485], [-95.48979, 29.7658], [-95.49097, 29.76649], [-95.49073, 29.7668], [-95.48904, 29.76659], [-95.48816, 29.76695], [-95.48724, 29.76819], [-95.48823, 29.76932], [-95.48704, 29.76962], [-95.48698, 29.76962], [-95.48705, 29.77742], [-95.48826, 29.77708], [-95.48822, 29.78352], [-95.48825, 29.78434], [-95.49441, 29.78431], [-95.50053, 29.78462], [-95.50627, 29.78474], [-95.50629, 29.78234], [-95.50582, 29.78124], [-95.50577, 29.77762], [-95.50888, 29.77757]]]}, "properties": {"GEOID": "48201430300", "LILATracts_1And10": 0, "LILATracts_halfAnd10": 0, "LILATracts_Vehicle": 0, "LowIncomeTracts": 0, "LA1and10": 1, "lowincome_lowaccess_share": 3.7393, "pct_zero_car": 0.0}}, {"type": "Feature", "geometry": {"type": "Polygon", "coordinates": [[[-95.42558, 29.59923], [-95.42751, 29.59447], [-95.42826, 29.59175], [-95.42969, 29.58803], [-95.43068, 29.5858], [-95.43103, 29.58351], [-95.42412, 29.58023], [-95.41711, 29.58328], [-95.41627, 29.58289], [-95.41478, 29.58278], [-95.41309, 29.5833], [-95.40985, 29.5827], [-95.40835, 29.58287], [-95.40733, 29.58241], [-95.40536, 29.58234], [-95.40464, 29.58191], [-95.39906, 29.58198], [-95.39604, 29.58271], [-95.39281, 29.58166], [-95.39115, 29.58296], [-95.38998, 29.58446], [-95.38815, 29.58567], [-95.38571, 29.58556], [-95.38398, 29.58692], [-95.38287, 29.58679], [-95.3809, 29.58702], [-95.3783, 29.58789], [-95.37711, 29.58779], [-95.37606, 29.58837], [-95.37541, 29.58828], [-95.37193, 29.58682], [-95.37066, 29.58589], [-95.36822, 29.58471], [-95.36736, 29.58483], [-95.36439, 29.58594], [-95.36303, 29.58569], [-95.36049, 29.58488], [-95.35881, 29.58542], [-95.35622, 29.58698], [-95.35514, 29.58674], [-95.35255, 29.58535], [-95.35141, 29.58565], [-95.35038, 29.58632], [-95.34883, 29.58651], [-95.34832, 29.58592], [-95.34626, 29.58559], [-95.34589, 29.58632], [-95.3442, 29.5874], [-95.3444, 29.5891], [-95.34356, 29.59012], [-95.34232, 29.59107], [-95.34186, 29.59193], [-95.34058, 29.59274], [-95.3406, 29.59344], [-95.33811, 29.59347], [-95.33742, 29.59386], [-95.33728, 29.5951], [-95.33506, 29.5963], [-95.33384, 29.59794], [-95.33216, 29.59899], [-95.32999, 29.59901], [-95.32822, 29.59812], [-95.32555, 29.59806], [-95.32355, 29.59743], [-95.32208, 29.59669], [-95.3197, 29.59823], [-95.31826, 29.59796], [-95.31626, 29.59825], [-95.3147, 29.59801], [-95.31224, 29.5964], [-95.30975, 29.59504], [-95.30865, 29.59492], [-95.30575, 29.59524], [-95.30394, 29.59517], [-95.29971, 29.59612], [-95.29859, 29.59704], [-95.29741, 29.59652], [-95.30068, 29.60755], [-95.30466, 29.62086], [-95.34091, 29.621], [-95.34466, 29.62051], [-95.34854, 29.61926], [-95.35416, 29.61662], [-95.35542, 29.61661], [-95.35543, 29.61219], [-95.38023, 29.6123], [-95.38024, 29.61411], [-95.3872, 29.61403], [-95.38684, 29.59929], [-95.38788, 29.5995], [-95.39242, 29.59947], [-95.41509, 29.59919], [-95.42502, 29.5991], [-95.42558, 29.59923]]]}, "properties": {"GEOID": "48201330800", "LILATracts_1And10": 0, "LILATracts_halfAnd10": 0, "LILATracts_Vehicle": 0, "LowIncomeTracts": 0, "LA1and10": 1, "lowincome_lowaccess_share": 17.3711, "pct_zero_car": 0.0323}}, {"type": "Feature", "geometry": {"type": "Polygon", "coordinates": [[[-95.2569, 29.70782], [-95.25751, 29.70719], [-95.25963, 29.70587], [-95.2632, 29.70456], [-95.26434, 29.7039], [-95.26523, 29.70273], [-95.26516, 29.70152], [-95.26314, 29.69938], [-95.26203, 29.69741], [-95.26267, 29.69712], [-95.26244, 29.69619], [-95.26162, 29.69608], [-95.26087, 29.69509], [-95.25959, 29.69435], [-95.25854, 29.69463], [-95.25755, 29.69417], [-95.25577, 29.69404], [-95.25541, 29.69295], [-95.25672, 29.69172], [-95.25654, 29.69019], [-95.25513, 29.68916], [-95.25407, 29.68923], [-95.25262, 29.68875], [-95.25156, 29.68749], [-95.24948, 29.68754], [-95.24813, 29.6882], [-95.24723, 29.68691], [-95.24614, 29.68742], [-95.24461, 29.68876], [-95.23912, 29.69603], [-95.23856, 29.6963], [-95.23454, 29.69049], [-95.22809, 29.69056], [-95.22795, 29.69283], [-95.2281, 29.69982], [-95.22814, 29.70766], [-95.2319, 29.7072], [-95.24488, 29.70603], [-95.24629, 29.70607], [-95.2569, 29.70782]]]}, "properties": {"GEOID": "48201320500", "LILATracts_1And10": 1, "LILATracts_halfAnd10": 1, "LILATracts_Vehicle": 0, "LowIncomeTracts": 1, "LA1and10": 1, "lowincome_lowaccess_share": 21.1339, "pct_zero_car": 0.0152}}, {"type": "Feature", "geometry": {"type": "Polygon", "coordinates": [[[-95.53178, 29.78381], [-95.53156, 29.77323], [-95.52663, 29.77326], [-95.52667, 29.77691], [-95.52442, 29.77693], [-95.52412, 29.77403], [-95.52342, 29.77403], [-95.52328, 29.77332], [-95.52244, 29.77333], [-95.51766, 29.77334], [-95.51757, 29.77753], [-95.50888, 29.77757], [-95.50577, 29.77762], [-95.50582, 29.78124], [-95.50629, 29.78234], [-95.50627, 29.78474], [-95.50956, 29.78474], [-95.51446, 29.78455], [-95.52012, 29.78456], [-95.52012, 29.78374], [-95.52126, 29.78373], [-95.52746, 29.78383], [-95.53178, 29.78381]]]}, "properties": {"GEOID": "48201430500", "LILATracts_1And10": 0, "LILATracts_halfAnd10": 0, "LILATracts_Vehicle": 0, "LowIncomeTracts": 0, "LA1and10": 0, "lowincome_lowaccess_share": 10.7533, "pct_zero_car": 0.0556}}, {"type": "Feature", "geometry": {"type": "Polygon", "coordinates": [[[-95.44007, 29.69064], [-95.43998, 29.68659], [-95.43995, 29.67951], [-95.43672, 29.67956], [-95.43535, 29.67936], [-95.42764, 29.67772], [-95.42604, 29.67988], [-95.42195, 29.68491], [-95.41797, 29.69005], [-95.41436, 29.69445], [-95.41213, 29.69731], [-95.41521, 29.69784], [-95.41722, 29.69773], [-95.41802, 29.69739], [-95.41964, 29.69591], [-95.42094, 29.6957], [-95.42283, 29.6967], [-95.42498, 29.69693], [-95.42693, 29.69582], [-95.42859, 29.69378], [-95.42882, 29.69218], [-95.42945, 29.69153], [-95.43084, 29.69113], [-95.43261, 29.6913], [-95.43418, 29.6921], [-95.43499, 29.69194], [-95.43612, 29.69086], [-95.4382, 29.68991], [-95.44007, 29.69064]]]}, "properties": {"GEOID": "48201413300", "LILATracts_1And10": 0, "LILATracts_halfAnd10": 0, "LILATracts_Vehicle": 0, "LowIncomeTracts": 0, "LA1and10": 0, "lowincome_lowaccess_share": 2.884, "pct_zero_car": 0.0899}}, {"type": "Feature", "geometry": {"type": "Polygon", "coordinates": [[[-95.44652, 29.6645], [-95.44638, 29.65801], [-95.44688, 29.65587], [-95.44775, 29.65465], [-95.44955, 29.65331], [-95.44662, 29.65451], [-95.44228, 29.65615], [-95.44178, 29.65951], [-95.44148, 29.66019], [-95.4397, 29.66247], [-95.43977, 29.66558], [-95.43995, 29.67951], [-95.44684, 29.67947], [-95.44657, 29.66878], [-95.44652, 29.6645]]]}, "properties": {"GEOID": "48201420200", "LILATracts_1And10": 0, "LILATracts_halfAnd10": 0, "LILATracts_Vehicle": 0, "LowIncomeTracts": 0, "LA1and10": 0, "lowincome_lowaccess_share": 25.2497, "pct_zero_car": 0.0294}}, {"type": "Feature", "geometry": {"type": "Polygon", "coordinates": [[[-95.54609, 29.76505], [-95.54622, 29.76314], [-95.54594, 29.76261], [-95.54591, 29.76082], [-95.54664, 29.75984], [-95.54608, 29.75888], [-95.54486, 29.75866], [-95.54423, 29.75909], [-95.54226, 29.75892], [-95.52967, 29.75909], [-95.52962, 29.75403], [-95.52655, 29.754], [-95.52596, 29.7534], [-95.52592, 29.75113], [-95.52274, 29.75108], [-95.5228, 29.75477], [-95.52225, 29.76312], [-95.52222, 29.76449], [-95.52244, 29.77333], [-95.52328, 29.77332], [-95.52342, 29.77403], [-95.52412, 29.77403], [-95.52442, 29.77693], [-95.52667, 29.77691], [-95.52663, 29.77326], [-95.53156, 29.77323], [-95.53757, 29.77315], [-95.53758, 29.77576], [-95.54023, 29.77581], [-95.54021, 29.77315], [-95.54001, 29.77315], [-95.53996, 29.76764], [-95.54011, 29.76527], [-95.54436, 29.76523], [-95.54609, 29.76505]]]}, "properties": {"GEOID": "48201430600", "LILATracts_1And10": 0, "LILATracts_halfAnd10": 0, "LILATracts_Vehicle": 0, "LowIncomeTracts": 0, "LA1and10": 1, "lowincome_lowaccess_share": 7.2712, "pct_zero_car": 0.0}}, {"type": "Feature", "geometry": {"type": "Polygon", "coordinates": [[[-95.54398, 29.78474], [-95.54405, 29.78212], [-95.54449, 29.77984], [-95.54436, 29.76523], [-95.54011, 29.76527], [-95.53996, 29.76764], [-95.54001, 29.77315], [-95.54021, 29.77315], [-95.54023, 29.77581], [-95.53758, 29.77576], [-95.53757, 29.77315], [-95.53156, 29.77323], [-95.53178, 29.78381], [-95.53178, 29.78474], [-95.54398, 29.78474]]]}, "properties": {"GEOID": "48201430700", "LILATracts_1And10": 0, "LILATracts_halfAnd10": 0, "LILATracts_Vehicle": 0, "LowIncomeTracts": 0, "LA1and10": 0, "lowincome_lowaccess_share": 8.8186, "pct_zero_car": 0.0799}}, {"type": "Feature", "geometry": {"type": "Polygon", "coordinates": [[[-95.56319, 29.78481], [-95.56288, 29.77277], [-95.56009, 29.77257], [-95.5587, 29.7717], [-95.55788, 29.76983], [-95.55785, 29.76791], [-95.55757, 29.7671], [-95.55614, 29.7662], [-95.54831, 29.7663], [-95.54708, 29.76597], [-95.54609, 29.76505], [-95.54436, 29.76523], [-95.54449, 29.77984], [-95.54405, 29.78212], [-95.54398, 29.78474], [-95.55358, 29.78465], [-95.56298, 29.78481], [-95.56319, 29.78481]]]}, "properties": {"GEOID": "48201430800", "LILATracts_1And10": 0, "LILATracts_halfAnd10": 0, "LILATracts_Vehicle": 0, "LowIncomeTracts": 0, "LA1and10": 0, "lowincome_lowaccess_share": 5.5099, "pct_zero_car": 0.0044}}, {"type": "Feature", "geometry": {"type": "Polygon", "coordinates": [[[-95.60493, 29.92181], [-95.60375, 29.91943], [-95.60361, 29.91843], [-95.6035, 29.90836], [-95.60322, 29.90728], [-95.60238, 29.90588], [-95.60224, 29.9041], [-95.60279, 29.90294], [-95.59959, 29.90066], [-95.59772, 29.90228], [-95.59636, 29.90292], [-95.59462, 29.90421], [-95.59095, 29.90808], [-95.59002, 29.90884], [-95.58808, 29.90972], [-95.58456, 29.90997], [-95.58471, 29.92462], [-95.5848, 29.93299], [-95.59806, 29.92495], [-95.60493, 29.92181]]]}, "properties": {"GEOID": "48201552001", "LILATracts_1And10": 0, "LILATracts_halfAnd10": 0, "LILATracts_Vehicle": 0, "LowIncomeTracts": 0, "LA1and10": 0, "lowincome_lowaccess_share": 15.9635, "pct_zero_car": 0.0871}}, {"type": "Feature", "geometry": {"type": "Polygon", "coordinates": [[[-95.56288, 29.77277], [-95.56283, 29.77064], [-95.56251, 29.76861], [-95.56173, 29.76697], [-95.55932, 29.76414], [-95.55834, 29.76221], [-95.55662, 29.76247], [-95.55593, 29.76227], [-95.55558, 29.76126], [-95.5544, 29.76068], [-95.5547, 29.75931], [-95.55287, 29.75963], [-95.55266, 29.76067], [-95.55128, 29.76077], [-95.54891, 29.75912], [-95.54784, 29.75912], [-95.5483, 29.75738], [-95.54689, 29.75662], [-95.54528, 29.75527], [-95.54513, 29.75461], [-95.54585, 29.75356], [-95.54559, 29.75299], [-95.54256, 29.7531], [-95.54171, 29.75165], [-95.53976, 29.75191], [-95.5387, 29.75262], [-95.53742, 29.7514], [-95.5358, 29.75123], [-95.53371, 29.74957], [-95.53197, 29.75029], [-95.53098, 29.74943], [-95.53208, 29.74839], [-95.53139, 29.74721], [-95.52865, 29.74594], [-95.52794, 29.74642], [-95.52658, 29.74667], [-95.52588, 29.7472], [-95.52571, 29.74819], [-95.52592, 29.75113], [-95.52596, 29.7534], [-95.52655, 29.754], [-95.52962, 29.75403], [-95.52967, 29.75909], [-95.54226, 29.75892], [-95.54423, 29.75909], [-95.54486, 29.75866], [-95.54608, 29.75888], [-95.54664, 29.75984], [-95.54591, 29.76082], [-95.54594, 29.76261], [-95.54622, 29.76314], [-95.54609, 29.76505], [-95.54708, 29.76597], [-95.54831, 29.7663], [-95.55614, 29.7662], [-95.55757, 29.7671], [-95.55785, 29.76791], [-95.55788, 29.76983], [-95.5587, 29.7717], [-95.56009, 29.77257], [-95.56288, 29.77277]]]}, "properties": {"GEOID": "48201430900", "LILATracts_1And10": 0, "LILATracts_halfAnd10": 0, "LILATracts_Vehicle": 0, "LowIncomeTracts": 0, "LA1and10": 1, "lowincome_lowaccess_share": 14.3251, "pct_zero_car": 0.0191}}, {"type": "Feature", "geometry": {"type": "Polygon", "coordinates": [[[-95.33549, 29.81989], [-95.33549, 29.81767], [-95.33525, 29.81159], [-95.33534, 29.81031], [-95.33625, 29.80826], [-95.33398, 29.80802], [-95.33038, 29.80818], [-95.32423, 29.80907], [-95.32437, 29.81891], [-95.32719, 29.81986], [-95.32977, 29.81999], [-95.33549, 29.81989]]]}, "properties": {"GEOID": "48201230100", "LILATracts_1And10": 0, "LILATracts_halfAnd10": 1, "LILATracts_Vehicle": 0, "LowIncomeTracts": 1, "LA1and10": 0, "lowincome_lowaccess_share": 46.34, "pct_zero_car": 0.0747}}, {"type": "Feature", "geometry": {"type": "Polygon", "coordinates": [[[-95.31857, 29.82332], [-95.32378, 29.82084], [-95.32732, 29.82012], [-95.32977, 29.81999], [-95.32719, 29.81986], [-95.32437, 29.81891], [-95.32423, 29.80907], [-95.32269, 29.8092], [-95.31721, 29.80925], [-95.30813, 29.80942], [-95.30626, 29.80936], [-95.30454, 29.80883], [-95.29769, 29.80517], [-95.29458, 29.80427], [-95.29017, 29.80422], [-95.29128, 29.80481], [-95.29144, 29.80723], [-95.29172, 29.80832], [-95.29202, 29.81167], [-95.29193, 29.82904], [-95.29196, 29.83134], [-95.29374, 29.83135], [-95.29375, 29.83399], [-95.30203, 29.83401], [-95.30205, 29.83901], [-95.30818, 29.83305], [-95.31385, 29.82763], [-95.31665, 29.82485], [-95.31857, 29.82332]]]}, "properties": {"GEOID": "48201230200", "LILATracts_1And10": 1, "LILATracts_halfAnd10": 1, "LILATracts_Vehicle": 1, "LowIncomeTracts": 1, "LA1and10": 1, "lowincome_lowaccess_share": 47.3625, "pct_zero_car": 0.1355}}, {"type": "Feature", "geometry": {"type": "Polygon", "coordinates": [[[-95.33365, 29.84076], [-95.33371, 29.83716], [-95.33533, 29.82953], [-95.33557, 29.82771], [-95.3355, 29.82008], [-95.33431, 29.82271], [-95.33069, 29.83154], [-95.3257, 29.84392], [-95.32402, 29.84809], [-95.31806, 29.8629], [-95.32284, 29.86372], [-95.32449, 29.86441], [-95.32547, 29.86428], [-95.32684, 29.86267], [-95.32848, 29.86181], [-95.32968, 29.86226], [-95.33226, 29.86075], [-95.33359, 29.86134], [-95.3339, 29.85525], [-95.33396, 29.85153], [-95.33375, 29.84846], [-95.33365, 29.84076]]]}, "properties": {"GEOID": "48201230500", "LILATracts_1And10": 1, "LILATracts_halfAnd10": 1, "LILATracts_Vehicle": 0, "LowIncomeTracts": 1, "LA1and10": 1, "lowincome_lowaccess_share": 46.6183, "pct_zero_car": 0.0658}}, {"type": "Feature", "geometry": {"type": "Polygon", "coordinates": [[[-95.73563, 29.77625], [-95.7355, 29.76993], [-95.7349, 29.76696], [-95.73487, 29.76375], [-95.73435, 29.76102], [-95.73433, 29.75952], [-95.7323, 29.75946], [-95.7297, 29.75877], [-95.72841, 29.75803], [-95.72235, 29.75356], [-95.72117, 29.75461], [-95.71907, 29.75809], [-95.71772, 29.7595], [-95.71611, 29.76177], [-95.71579, 29.7634], [-95.71611, 29.76525], [-95.7184, 29.76895], [-95.7188, 29.77049], [-95.71885, 29.77524], [-95.72118, 29.77543], [-95.72392, 29.77596], [-95.7298, 29.77604], [-95.73315, 29.77593], [-95.73563, 29.77625]]]}, "properties": {"GEOID": "48201454700", "LILATracts_1And10": 0, "LILATracts_halfAnd10": 0, "LILATracts_Vehicle": 0, "LowIncomeTracts": 0, "LA1and10": 0, "lowincome_lowaccess_share": 11.7031, "pct_zero_car": 0.0207}}, {"type": "Feature", "geometry": {"type": "Polygon", "coordinates": [[[-95.75177, 29.77475], [-95.75164, 29.76558], [-95.75159, 29.75855], [-95.74157, 29.75866], [-95.73682, 29.75945], [-95.73433, 29.75952], [-95.73435, 29.76102], [-95.73487, 29.76375], [-95.7349, 29.76696], [-95.7355, 29.76993], [-95.73563, 29.77625], [-95.73759, 29.77638], [-95.73935, 29.77603], [-95.74125, 29.7753], [-95.74303, 29.77502], [-95.74644, 29.775], [-95.74911, 29.77477], [-95.75177, 29.77475]]]}, "properties": {"GEOID": "48201454800", "LILATracts_1And10": 0, "LILATracts_halfAnd10": 0, "LILATracts_Vehicle": 0, "LowIncomeTracts": 0, "LA1and10": 0, "lowincome_lowaccess_share": 4.5572, "pct_zero_car": 0.0393}}, {"type": "Feature", "geometry": {"type": "Polygon", "coordinates": [[[-95.45455, 29.94945], [-95.45501, 29.94659], [-95.4549, 29.93755], [-95.45107, 29.93773], [-95.4497, 29.93882], [-95.44828, 29.93949], [-95.44745, 29.94023], [-95.446, 29.94091], [-95.44165, 29.9433], [-95.4364, 29.9452], [-95.43416, 29.94612], [-95.43618, 29.94621], [-95.43653, 29.965], [-95.43657, 29.96542], [-95.45059, 29.96507], [-95.45366, 29.96492], [-95.45303, 29.96264], [-95.45185, 29.96085], [-95.45156, 29.95951], [-95.4515, 29.95549], [-95.4518, 29.95368], [-95.45239, 29.95255], [-95.45404, 29.95045], [-95.45455, 29.94945]]]}, "properties": {"GEOID": "48201550500", "LILATracts_1And10": 1, "LILATracts_halfAnd10": 1, "LILATracts_Vehicle": 0, "LowIncomeTracts": 1, "LA1and10": 1, "lowincome_lowaccess_share": 45.8319, "pct_zero_car": 0.0229}}, {"type": "Feature", "geometry": {"type": "Polygon", "coordinates": [[[-95.3257, 29.84392], [-95.32445, 29.84372], [-95.31903, 29.8438], [-95.31894, 29.84053], [-95.31082, 29.84068], [-95.3021, 29.84074], [-95.30205, 29.83901], [-95.29357, 29.84732], [-95.29207, 29.8487], [-95.29558, 29.84854], [-95.31281, 29.84833], [-95.31483, 29.84824], [-95.32402, 29.84809], [-95.3257, 29.84392]]]}, "properties": {"GEOID": "48201230600", "LILATracts_1And10": 1, "LILATracts_halfAnd10": 1, "LILATracts_Vehicle": 0, "LowIncomeTracts": 1, "LA1and10": 1, "lowincome_lowaccess_share": 40.0352, "pct_zero_car": 0.1164}}, {"type": "Feature", "geometry": {"type": "Polygon", "coordinates": [[[-95.41398, 29.62769], [-95.40898, 29.64027], [-95.41029, 29.64059], [-95.42205, 29.64047], [-95.42231, 29.6415], [-95.42702, 29.64144], [-95.43002, 29.64178], [-95.42982, 29.63335], [-95.42968, 29.63253], [-95.42956, 29.62785], [-95.41768, 29.62806], [-95.41398, 29.62769]]]}, "properties": {"GEOID": "48201330100", "LILATracts_1And10": 0, "LILATracts_halfAnd10": 0, "LILATracts_Vehicle": 0, "LowIncomeTracts": 0, "LA1and10": 1, "lowincome_lowaccess_share": 46.6475, "pct_zero_car": 0.0481}}, {"type": "Feature", "geometry": {"type": "Polygon", "coordinates": [[[-95.46374, 29.64749], [-95.46357, 29.64081], [-95.46348, 29.63198], [-95.4641, 29.63034], [-95.46502, 29.62871], [-95.46519, 29.62728], [-95.44935, 29.62746], [-95.44616, 29.62757], [-95.44662, 29.65451], [-95.44955, 29.65331], [-95.46374, 29.64788], [-95.46374, 29.64749]]]}, "properties": {"GEOID": "48201330200", "LILATracts_1And10": 1, "LILATracts_halfAnd10": 1, "LILATracts_Vehicle": 0, "LowIncomeTracts": 1, "LA1and10": 1, "lowincome_lowaccess_share": 36.5239, "pct_zero_car": 0.0379}}, {"type": "Feature", "geometry": {"type": "Polygon", "coordinates": [[[-95.46519, 29.62728], [-95.46502, 29.61743], [-95.46491, 29.61524], [-95.46497, 29.61165], [-95.46491, 29.60761], [-95.46472, 29.60579], [-95.44595, 29.6061], [-95.44605, 29.61173], [-95.44589, 29.61333], [-95.44597, 29.61878], [-95.44616, 29.62757], [-95.44935, 29.62746], [-95.46519, 29.62728]]]}, "properties": {"GEOID": "48201330400", "LILATracts_1And10": 1, "LILATracts_halfAnd10": 1, "LILATracts_Vehicle": 0, "LowIncomeTracts": 1, "LA1and10": 1, "lowincome_lowaccess_share": 33.9975, "pct_zero_car": 0.0823}}, {"type": "Feature", "geometry": {"type": "Polygon", "coordinates": [[[-95.44616, 29.62757], [-95.44597, 29.61878], [-95.44194, 29.62051], [-95.44045, 29.62043], [-95.43803, 29.61918], [-95.43671, 29.61888], [-95.43248, 29.61892], [-95.43111, 29.61953], [-95.42954, 29.61899], [-95.42791, 29.61947], [-95.42559, 29.61906], [-95.42448, 29.61986], [-95.42243, 29.62007], [-95.41838, 29.61911], [-95.41744, 29.61903], [-95.41398, 29.62769], [-95.41768, 29.62806], [-95.42956, 29.62785], [-95.44616, 29.62757]]]}, "properties": {"GEOID": "48201330500", "LILATracts_1And10": 1, "LILATracts_halfAnd10": 1, "LILATracts_Vehicle": 0, "LowIncomeTracts": 1, "LA1and10": 1, "lowincome_lowaccess_share": 49.8004, "pct_zero_car": 0.0573}}, {"type": "Feature", "geometry": {"type": "Polygon", "coordinates": [[[-95.44597, 29.61878], [-95.44589, 29.61333], [-95.44605, 29.61173], [-95.44595, 29.6061], [-95.42241, 29.60635], [-95.41744, 29.61903], [-95.41838, 29.61911], [-95.42243, 29.62007], [-95.42448, 29.61986], [-95.42559, 29.61906], [-95.42791, 29.61947], [-95.42954, 29.61899], [-95.43111, 29.61953], [-95.43248, 29.61892], [-95.43671, 29.61888], [-95.43803, 29.61918], [-95.44045, 29.62043], [-95.44194, 29.62051], [-95.44597, 29.61878]]]}, "properties": {"GEOID": "48201330600", "LILATracts_1And10": 0, "LILATracts_halfAnd10": 1, "LILATracts_Vehicle": 0, "LowIncomeTracts": 1, "LA1and10": 0, "lowincome_lowaccess_share": 10.6854, "pct_zero_car": 0.0363}}, {"type": "Feature", "geometry": {"type": "Polygon", "coordinates": [[[-95.46472, 29.60579], [-95.46447, 29.60312], [-95.46459, 29.60067], [-95.46505, 29.5996], [-95.46024, 29.59725], [-95.45045, 29.59275], [-95.44732, 29.59113], [-95.44011, 29.58793], [-95.43562, 29.58563], [-95.43103, 29.58351], [-95.43068, 29.5858], [-95.42969, 29.58803], [-95.42826, 29.59175], [-95.42751, 29.59447], [-95.42558, 29.59923], [-95.42387, 29.60271], [-95.42241, 29.60635], [-95.44595, 29.6061], [-95.46472, 29.60579]]]}, "properties": {"GEOID": "48201330700", "LILATracts_1And10": 0, "LILATracts_halfAnd10": 1, "LILATracts_Vehicle": 0, "LowIncomeTracts": 1, "LA1and10": 0, "lowincome_lowaccess_share": 46.2432, "pct_zero_car": 0.0527}}, {"type": "Feature", "geometry": {"type": "Polygon", "coordinates": [[[-95.60798, 30.01272], [-95.60802, 30.00579], [-95.60863, 30.00371], [-95.6097, 30.00234], [-95.61225, 30.00009], [-95.61345, 29.99867], [-95.61393, 29.99752], [-95.61412, 29.99598], [-95.61377, 29.99434], [-95.61323, 29.9933], [-95.61174, 29.99148], [-95.60704, 29.99567], [-95.60575, 29.99652], [-95.6029, 29.99659], [-95.59247, 29.99664], [-95.57919, 29.99666], [-95.57983, 29.9982], [-95.58053, 29.99891], [-95.58493, 30.00452], [-95.58618, 30.00646], [-95.59002, 30.01309], [-95.60798, 30.01272]]]}, "properties": {"GEOID": "48201554700", "LILATracts_1And10": 0, "LILATracts_halfAnd10": 0, "LILATracts_Vehicle": 0, "LowIncomeTracts": 0, "LA1and10": 1, "lowincome_lowaccess_share": 4.9883, "pct_zero_car": 0.0106}}, {"type": "Feature", "geometry": {"type": "Polygon", "coordinates": [[[-95.629, 29.94743], [-95.62867, 29.92932], [-95.62021, 29.92929], [-95.62026, 29.93352], [-95.62093, 29.93611], [-95.62116, 29.94661], [-95.62071, 29.94749], [-95.629, 29.94743]]]}, "properties": {"GEOID": "48201552103", "LILATracts_1And10": 0, "LILATracts_halfAnd10": 0, "LILATracts_Vehicle": 0, "LowIncomeTracts": 0, "LA1and10": 0, "lowincome_lowaccess_share": 9.2314, "pct_zero_car": 0.0254}}, {"type": "Feature", "geometry": {"type": "Polygon", "coordinates": [[[-95.19435, 29.81749], [-95.19433, 29.81655], [-95.1933, 29.81176], [-95.19335, 29.80602], [-95.19015, 29.80599], [-95.18843, 29.8057], [-95.18632, 29.80573], [-95.18408, 29.80611], [-95.18226, 29.80615], [-95.18233, 29.80802], [-95.18245, 29.8177], [-95.19435, 29.81749]]]}, "properties": {"GEOID": "48201232402", "LILATracts_1And10": 0, "LILATracts_halfAnd10": 1, "LILATracts_Vehicle": 0, "LowIncomeTracts": 1, "LA1and10": 0, "lowincome_lowaccess_share": 12.8435, "pct_zero_car": 0.103}}, {"type": "Feature", "geometry": {"type": "Polygon", "coordinates": [[[-95.21262, 29.80988], [-95.21322, 29.80786], [-95.21423, 29.80664], [-95.21408, 29.80614], [-95.2128, 29.8052], [-95.21158, 29.80612], [-95.20955, 29.8068], [-95.20582, 29.8067], [-95.20078, 29.80594], [-95.19335, 29.80602], [-95.1933, 29.81176], [-95.19433, 29.81655], [-95.19435, 29.81749], [-95.20256, 29.81733], [-95.20636, 29.81731], [-95.20617, 29.81811], [-95.20786, 29.81809], [-95.20704, 29.81666], [-95.20849, 29.81437], [-95.21032, 29.81222], [-95.21262, 29.80988]]]}, "properties": {"GEOID": "48201232403", "LILATracts_1And10": 1, "LILATracts_halfAnd10": 1, "LILATracts_Vehicle": 0, "LowIncomeTracts": 1, "LA1and10": 1, "lowincome_lowaccess_share": 47.8557, "pct_zero_car": 0.0637}}, {"type": "Feature", "geometry": {"type": "Polygon", "coordinates": [[[-95.22888, 29.77509], [-95.22854, 29.77471], [-95.22838, 29.77309], [-95.22797, 29.77212], [-95.22111, 29.7706], [-95.21879, 29.77043], [-95.21516, 29.77058], [-95.20794, 29.77132], [-95.2006, 29.77166], [-95.19703, 29.77153], [-95.19673, 29.7726], [-95.19542, 29.77389], [-95.19515, 29.77452], [-95.19596, 29.77609], [-95.19779, 29.7769], [-95.19918, 29.77633], [-95.20011, 29.77545], [-95.20135, 29.775], [-95.20473, 29.77535], [-95.20706, 29.77547], [-95.2081, 29.77653], [-95.20805, 29.77836], [-95.20854, 29.77904], [-95.21072, 29.77893], [-95.21193, 29.77954], [-95.21284, 29.78062], [-95.21297, 29.78215], [-95.21386, 29.78332], [-95.21488, 29.78577], [-95.21448, 29.78686], [-95.21354, 29.78753], [-95.21154, 29.78811], [-95.20932, 29.78968], [-95.2058, 29.78952], [-95.20536, 29.79015], [-95.20561, 29.79131], [-95.20638, 29.79226], [-95.20639, 29.79428], [-95.2068, 29.79555], [-95.20415, 29.79562], [-95.2037, 29.79629], [-95.20406, 29.79712], [-95.20728, 29.80009], [-95.20894, 29.80295], [-95.20988, 29.80346], [-95.21116, 29.80495], [-95.2128, 29.8052], [-95.21461, 29.80405], [-95.21891, 29.80261], [-95.21869, 29.7921], [-95.21869, 29.78667], [-95.21849, 29.77653], [-95.21827, 29.77584], [-95.22319, 29.77572], [-95.22527, 29.77642], [-95.22669, 29.77639], [-95.22888, 29.77509]]]}, "properties": {"GEOID": "48201232702", "LILATracts_1And10": 0, "LILATracts_halfAnd10": 1, "LILATracts_Vehicle": 0, "LowIncomeTracts": 1, "LA1and10": 0, "lowincome_lowaccess_share": 13.6946, "pct_zero_car": 0.1019}}, {"type": "Feature", "geometry": {"type": "Polygon", "coordinates": [[[-95.1937, 29.78838], [-95.19332, 29.78789], [-95.18323, 29.78808], [-95.18308, 29.78271], [-95.1824, 29.78273], [-95.18239, 29.78201], [-95.16972, 29.78227], [-95.16994, 29.79037], [-95.17174, 29.79049], [-95.17671, 29.79183], [-95.17844, 29.79197], [-95.18566, 29.79181], [-95.18783, 29.79195], [-95.18999, 29.7929], [-95.1937, 29.78838]]]}, "properties": {"GEOID": "48201233101", "LILATracts_1And10": 0, "LILATracts_halfAnd10": 1, "LILATracts_Vehicle": 0, "LowIncomeTracts": 1, "LA1and10": 0, "lowincome_lowaccess_share": 6.3579, "pct_zero_car": 0.0626}}, {"type": "Feature", "geometry": {"type": "Polygon", "coordinates": [[[-95.39296, 29.84552], [-95.39115, 29.84291], [-95.38668, 29.83602], [-95.38451, 29.8332], [-95.38177, 29.82972], [-95.38075, 29.82702], [-95.38018, 29.82435], [-95.37928, 29.82186], [-95.37805, 29.81939], [-95.37523, 29.81946], [-95.37535, 29.82154], [-95.37646, 29.82414], [-95.3762, 29.82837], [-95.37568, 29.83757], [-95.37551, 29.84045], [-95.3757, 29.84116], [-95.37774, 29.8456], [-95.38448, 29.84552], [-95.39296, 29.84552]]]}, "properties": {"GEOID": "48201220500", "LILATracts_1And10": 0, "LILATracts_halfAnd10": 1, "LILATracts_Vehicle": 0, "LowIncomeTracts": 1, "LA1and10": 0, "lowincome_lowaccess_share": 12.4834, "pct_zero_car": 0.3725}}, {"type": "Feature", "geometry": {"type": "Polygon", "coordinates": [[[-95.37774, 29.8456], [-95.3757, 29.84116], [-95.37551, 29.84045], [-95.37568, 29.83757], [-95.36026, 29.83764], [-95.35693, 29.83743], [-95.3568, 29.83743], [-95.35905, 29.8465], [-95.36029, 29.8463], [-95.36886, 29.84617], [-95.37084, 29.84572], [-95.37774, 29.8456]]]}, "properties": {"GEOID": "48201220600", "LILATracts_1And10": 0, "LILATracts_halfAnd10": 1, "LILATracts_Vehicle": 0, "LowIncomeTracts": 1, "LA1and10": 0, "lowincome_lowaccess_share": 12.5994, "pct_zero_car": 0.079}}, {"type": "Feature", "geometry": {"type": "Polygon", "coordinates": [[[-95.32402, 29.84809], [-95.31483, 29.84824], [-95.31281, 29.84833], [-95.29558, 29.84854], [-95.29207, 29.8487], [-95.28904, 29.85175], [-95.28977, 29.85239], [-95.29152, 29.85249], [-95.29256, 29.85167], [-95.29366, 29.85152], [-95.29722, 29.85387], [-95.29796, 29.85397], [-95.30049, 29.85308], [-95.30309, 29.85304], [-95.30407, 29.85328], [-95.30397, 29.85443], [-95.30436, 29.8555], [-95.30637, 29.85679], [-95.30667, 29.85792], [-95.30749, 29.85847], [-95.30853, 29.85809], [-95.30976, 29.85829], [-95.31133, 29.85799], [-95.31234, 29.8583], [-95.31471, 29.86082], [-95.3157, 29.86146], [-95.31609, 29.86232], [-95.31806, 29.8629], [-95.32402, 29.84809]]]}, "properties": {"GEOID": "48201230700", "LILATracts_1And10": 0, "LILATracts_halfAnd10": 1, "LILATracts_Vehicle": 0, "LowIncomeTracts": 1, "LA1and10": 0, "lowincome_lowaccess_share": 40.3019, "pct_zero_car": 0.1875}}, {"type": "Feature", "geometry": {"type": "Polygon", "coordinates": [[[-95.30205, 29.83901], [-95.30203, 29.83401], [-95.29375, 29.83399], [-95.29374, 29.83135], [-95.29196, 29.83134], [-95.28847, 29.83132], [-95.28842, 29.83862], [-95.28848, 29.84267], [-95.28839, 29.84936], [-95.28817, 29.85123], [-95.28904, 29.85175], [-95.29207, 29.8487], [-95.29357, 29.84732], [-95.30205, 29.83901]]]}, "properties": {"GEOID": "48201230800", "LILATracts_1And10": 0, "LILATracts_halfAnd10": 1, "LILATracts_Vehicle": 0, "LowIncomeTracts": 1, "LA1and10": 0, "lowincome_lowaccess_share": 30.6249, "pct_zero_car": 0.1007}}, {"type": "Feature", "geometry": {"type": "Polygon", "coordinates": [[[-95.37184, 29.79221], [-95.37189, 29.79], [-95.3713, 29.78776], [-95.36929, 29.78482], [-95.36858, 29.7826], [-95.36858, 29.78097], [-95.36905, 29.77932], [-95.36818, 29.77932], [-95.36733, 29.77949], [-95.35686, 29.78332], [-95.35143, 29.78337], [-95.35167, 29.78474], [-95.35075, 29.78474], [-95.351, 29.78557], [-95.3511, 29.78983], [-95.36181, 29.78975], [-95.36243, 29.79028], [-95.36501, 29.79117], [-95.36642, 29.79241], [-95.36768, 29.79243], [-95.36862, 29.79294], [-95.36874, 29.79224], [-95.37184, 29.79221]]]}, "properties": {"GEOID": "48201210400", "LILATracts_1And10": 0, "LILATracts_halfAnd10": 1, "LILATracts_Vehicle": 0, "LowIncomeTracts": 1, "LA1and10": 0, "lowincome_lowaccess_share": 5.1584, "pct_zero_car": 0.2163}}, {"type": "Feature", "geometry": {"type": "Polygon", "coordinates": [[[-95.34863, 29.84807], [-95.35207, 29.84804], [-95.35517, 29.84721], [-95.35905, 29.8465], [-95.3568, 29.83743], [-95.35693, 29.83743], [-95.35607, 29.83376], [-95.35525, 29.83083], [-95.35517, 29.82894], [-95.3561, 29.8219], [-95.35559, 29.8197], [-95.34249, 29.81986], [-95.34281, 29.84044], [-95.3429, 29.84815], [-95.34863, 29.84807]]]}, "properties": {"GEOID": "48201220700", "LILATracts_1And10": 0, "LILATracts_halfAnd10": 1, "LILATracts_Vehicle": 1, "LowIncomeTracts": 1, "LA1and10": 0, "lowincome_lowaccess_share": 51.8558, "pct_zero_car": 0.1007}}, {"type": "Feature", "geometry": {"type": "Polygon", "coordinates": [[[-95.34281, 29.84044], [-95.34249, 29.81986], [-95.33549, 29.81989], [-95.3355, 29.82008], [-95.33557, 29.82771], [-95.33533, 29.82953], [-95.33371, 29.83716], [-95.33365, 29.84076], [-95.34281, 29.84044]]]}, "properties": {"GEOID": "48201220800", "LILATracts_1And10": 0, "LILATracts_halfAnd10": 1, "LILATracts_Vehicle": 0, "LowIncomeTracts": 1, "LA1and10": 0, "lowincome_lowaccess_share": 37.3137, "pct_zero_car": 0.2908}}, {"type": "Feature", "geometry": {"type": "Polygon", "coordinates": [[[-95.3429, 29.84815], [-95.34281, 29.84044], [-95.33365, 29.84076], [-95.33375, 29.84846], [-95.33396, 29.85153], [-95.3339, 29.85525], [-95.33359, 29.86134], [-95.33484, 29.86191], [-95.34236, 29.84941], [-95.3429, 29.84815]]]}, "properties": {"GEOID": "48201220900", "LILATracts_1And10": 1, "LILATracts_halfAnd10": 1, "LILATracts_Vehicle": 0, "LowIncomeTracts": 1, "LA1and10": 1, "lowincome_lowaccess_share": 61.7946, "pct_zero_car": 0.084}}, {"type": "Feature", "geometry": {"type": "Polygon", "coordinates": [[[-95.3411, 29.87107], [-95.35189, 29.87099], [-95.34999, 29.86726], [-95.34983, 29.85133], [-95.34972, 29.85022], [-95.34863, 29.84807], [-95.3429, 29.84815], [-95.34236, 29.84941], [-95.33484, 29.86191], [-95.33799, 29.86218], [-95.33905, 29.86311], [-95.34032, 29.86342], [-95.34161, 29.8644], [-95.34252, 29.86612], [-95.3427, 29.86756], [-95.34124, 29.86824], [-95.34158, 29.86983], [-95.3411, 29.87107]]]}, "properties": {"GEOID": "48201221000", "LILATracts_1And10": 1, "LILATracts_halfAnd10": 1, "LILATracts_Vehicle": 0, "LowIncomeTracts": 1, "LA1and10": 1, "lowincome_lowaccess_share": 53.1533, "pct_zero_car": 0.0972}}, {"type": "Feature", "geometry": {"type": "Polygon", "coordinates": [[[-95.6753, 29.84871], [-95.67513, 29.83821], [-95.67507, 29.83111], [-95.66693, 29.83101], [-95.66279, 29.83102], [-95.66023, 29.83164], [-95.65721, 29.83392], [-95.6556, 29.83476], [-95.65163, 29.83585], [-95.65018, 29.836], [-95.64563, 29.83599], [-95.64573, 29.84172], [-95.64576, 29.849], [-95.65845, 29.84899], [-95.66143, 29.84892], [-95.66417, 29.84923], [-95.6682, 29.84922], [-95.67153, 29.8492], [-95.6753, 29.84871]]]}, "properties": {"GEOID": "48201541602", "LILATracts_1And10": 1, "LILATracts_halfAnd10": 1, "LILATracts_Vehicle": 0, "LowIncomeTracts": 1, "LA1and10": 1, "lowincome_lowaccess_share": 21.9803, "pct_zero_car": 0.0519}}, {"type": "Feature", "geometry": {"type": "Polygon", "coordinates": [[[-95.4107, 29.75202], [-95.41064, 29.74439], [-95.41073, 29.74258], [-95.40827, 29.74277], [-95.40207, 29.74279], [-95.40221, 29.75243], [-95.4095, 29.75229], [-95.4107, 29.75202]]]}, "properties": {"GEOID": "48201410401", "LILATracts_1And10": 0, "LILATracts_halfAnd10": 0, "LILATracts_Vehicle": 0, "LowIncomeTracts": 0, "LA1and10": 0, "lowincome_lowaccess_share": 0.0232, "pct_zero_car": 0.012}}, {"type": "Feature", "geometry": {"type": "Polygon", "coordinates": [[[-95.44816, 29.74163], [-95.44793, 29.73005], [-95.44485, 29.72942], [-95.44162, 29.729], [-95.44044, 29.72902], [-95.43635, 29.72938], [-95.43665, 29.74156], [-95.44166, 29.74173], [-95.44816, 29.74163]]]}, "properties": {"GEOID": "48201411501", "LILATracts_1And10": 0, "LILATracts_halfAnd10": 0, "LILATracts_Vehicle": 0, "LowIncomeTracts": 0, "LA1and10": 0, "lowincome_lowaccess_share": 5.5189, "pct_zero_car": 0.0392}}, {"type": "Feature", "geometry": {"type": "Polygon", "coordinates": [[[-95.49277, 30.05046], [-95.48906, 30.04132], [-95.48856, 30.04039], [-95.47387, 30.04848], [-95.46786, 30.05161], [-95.46393, 30.05218], [-95.46169, 30.05288], [-95.45809, 30.05553], [-95.45589, 30.05679], [-95.45439, 30.05806], [-95.45307, 30.05972], [-95.45184, 30.06061], [-95.44695, 30.06324], [-95.44593, 30.06355], [-95.44121, 30.06365], [-95.43914, 30.061], [-95.43558, 30.05609], [-95.43304, 30.05275], [-95.43189, 30.05258], [-95.43311, 30.05855], [-95.43449, 30.06651], [-95.43613, 30.07481], [-95.4376, 30.07419], [-95.44303, 30.07123], [-95.44412, 30.07082], [-95.44405, 30.07064], [-95.44929, 30.06774], [-95.45061, 30.06722], [-95.46974, 30.06256], [-95.47207, 30.06196], [-95.47486, 30.06057], [-95.48244, 30.05632], [-95.48457, 30.05504], [-95.49277, 30.05046]]]}, "properties": {"GEOID": "48201553403", "LILATracts_1And10": 0, "LILATracts_halfAnd10": 0, "LILATracts_Vehicle": 0, "LowIncomeTracts": 0, "LA1and10": 1, "lowincome_lowaccess_share": 8.5449, "pct_zero_car": 0.0094}}, {"type": "Feature", "geometry": {"type": "Polygon", "coordinates": [[[-95.73361, 29.73627], [-95.7304, 29.7343], [-95.72795, 29.73298], [-95.70821, 29.72185], [-95.70826, 29.72385], [-95.70888, 29.72517], [-95.70824, 29.72665], [-95.70954, 29.72862], [-95.70775, 29.72962], [-95.70802, 29.73021], [-95.7093, 29.73046], [-95.70916, 29.73118], [-95.70823, 29.73206], [-95.70864, 29.7332], [-95.70663, 29.73361], [-95.70529, 29.7353], [-95.70513, 29.73614], [-95.70085, 29.73983], [-95.6994, 29.74121], [-95.69868, 29.74234], [-95.69676, 29.74393], [-95.6981, 29.74424], [-95.6998, 29.74398], [-95.70059, 29.74517], [-95.70275, 29.74714], [-95.70299, 29.75055], [-95.70365, 29.7521], [-95.70476, 29.75344], [-95.70624, 29.75443], [-95.70914, 29.75528], [-95.71287, 29.75585], [-95.71342, 29.75616], [-95.71772, 29.7595], [-95.71907, 29.75809], [-95.72117, 29.75461], [-95.72235, 29.75356], [-95.72836, 29.74739], [-95.72977, 29.74562], [-95.73051, 29.74432], [-95.73305, 29.7372], [-95.73361, 29.73627]]]}, "properties": {"GEOID": "48201454502", "LILATracts_1And10": 0, "LILATracts_halfAnd10": 0, "LILATracts_Vehicle": 0, "LowIncomeTracts": 0, "LA1and10": 1, "lowincome_lowaccess_share": 9.0104, "pct_zero_car": 0.0}}, {"type": "Feature", "geometry": {"type": "Polygon", "coordinates": [[[-95.68977, 29.8486], [-95.68975, 29.84617], [-95.69057, 29.84522], [-95.7026, 29.84515], [-95.70247, 29.8438], [-95.70231, 29.83112], [-95.68975, 29.83107], [-95.68485, 29.83111], [-95.67507, 29.83111], [-95.67513, 29.83821], [-95.6753, 29.84871], [-95.68977, 29.8486]]]}, "properties": {"GEOID": "48201541601", "LILATracts_1And10": 0, "LILATracts_halfAnd10": 0, "LILATracts_Vehicle": 0, "LowIncomeTracts": 0, "LA1and10": 0, "lowincome_lowaccess_share": 11.1414, "pct_zero_car": 0.0179}}, {"type": "Feature", "geometry": {"type": "Polygon", "coordinates": [[[-95.49912, 29.82004], [-95.50005, 29.81883], [-95.50064, 29.81749], [-95.50085, 29.81508], [-95.50086, 29.81091], [-95.49435, 29.81104], [-95.4917, 29.8107], [-95.48732, 29.81069], [-95.48499, 29.81057], [-95.48519, 29.81618], [-95.48531, 29.81704], [-95.48327, 29.81834], [-95.49368, 29.82576], [-95.49912, 29.82004]]]}, "properties": {"GEOID": "48201520601", "LILATracts_1And10": 0, "LILATracts_halfAnd10": 0, "LILATracts_Vehicle": 0, "LowIncomeTracts": 1, "LA1and10": 0, "lowincome_lowaccess_share": 0.7103, "pct_zero_car": 0.0739}}, {"type": "Feature", "geometry": {"type": "Polygon", "coordinates": [[[-95.53847, 30.01288], [-95.53751, 30.0113], [-95.53466, 30.00738], [-95.53366, 30.0051], [-95.53349, 30.00314], [-95.53273, 30.00127], [-95.53063, 29.99807], [-95.52911, 29.99848], [-95.52996, 29.99964], [-95.52843, 30.00049], [-95.52715, 30.0004], [-95.52478, 30.00213], [-95.52273, 30.00209], [-95.52151, 30.00305], [-95.5198, 30.00588], [-95.51835, 30.00622], [-95.5173, 30.00561], [-95.51403, 30.00476], [-95.51272, 30.00564], [-95.51203, 30.0067], [-95.51304, 30.00817], [-95.5203, 30.01815], [-95.52377, 30.02102], [-95.53847, 30.01288]]]}, "properties": {"GEOID": "48201554001", "LILATracts_1And10": 0, "LILATracts_halfAnd10": 0, "LILATracts_Vehicle": 0, "LowIncomeTracts": 0, "LA1and10": 0, "lowincome_lowaccess_share": 1.2762, "pct_zero_car": 0.0509}}, {"type": "Feature", "geometry": {"type": "Polygon", "coordinates": [[[-95.46723, 29.75028], [-95.46706, 29.74606], [-95.46694, 29.74041], [-95.45831, 29.74094], [-95.45649, 29.74801], [-95.45574, 29.75159], [-95.45562, 29.75293], [-95.45571, 29.75783], [-95.45813, 29.75479], [-95.45961, 29.75431], [-95.46251, 29.75424], [-95.46303, 29.75255], [-95.46296, 29.75032], [-95.46723, 29.75028]]]}, "properties": {"GEOID": "48201431802", "LILATracts_1And10": 0, "LILATracts_halfAnd10": 0, "LILATracts_Vehicle": 0, "LowIncomeTracts": 0, "LA1and10": 0, "lowincome_lowaccess_share": 3.9798, "pct_zero_car": 0.0342}}, {"type": "Feature", "geometry": {"type": "Polygon", "coordinates": [[[-95.47697, 29.75013], [-95.47728, 29.74592], [-95.47712, 29.74404], [-95.4772, 29.74056], [-95.47658, 29.73781], [-95.47408, 29.73795], [-95.46694, 29.74041], [-95.46706, 29.74606], [-95.46723, 29.75028], [-95.47697, 29.75013]]]}, "properties": {"GEOID": "48201431801", "LILATracts_1And10": 0, "LILATracts_halfAnd10": 0, "LILATracts_Vehicle": 0, "LowIncomeTracts": 0, "LA1and10": 0, "lowincome_lowaccess_share": 9.4558, "pct_zero_car": 0.0459}}, {"type": "Feature", "geometry": {"type": "Polygon", "coordinates": [[[-95.42745, 29.70609], [-95.42728, 29.69712], [-95.42693, 29.69582], [-95.42498, 29.69693], [-95.42283, 29.6967], [-95.42094, 29.6957], [-95.41964, 29.69591], [-95.41802, 29.69739], [-95.41817, 29.69783], [-95.41979, 29.69699], [-95.42141, 29.69675], [-95.42356, 29.69739], [-95.42289, 29.70007], [-95.42302, 29.70613], [-95.42745, 29.70609]]]}, "properties": {"GEOID": "48201413201", "LILATracts_1And10": 0, "LILATracts_halfAnd10": 0, "LILATracts_Vehicle": 0, "LowIncomeTracts": 0, "LA1and10": 0, "lowincome_lowaccess_share": 0.2402, "pct_zero_car": 0.0404}}, {"type": "Feature", "geometry": {"type": "Polygon", "coordinates": [[[-95.52025, 29.72124], [-95.52003, 29.72026], [-95.51999, 29.71543], [-95.52081, 29.71317], [-95.52015, 29.713], [-95.51059, 29.71309], [-95.50941, 29.71281], [-95.50646, 29.71048], [-95.49929, 29.71684], [-95.49318, 29.72225], [-95.49164, 29.7236], [-95.49852, 29.72306], [-95.50104, 29.72279], [-95.52025, 29.72124]]]}, "properties": {"GEOID": "48201432801", "LILATracts_1And10": 0, "LILATracts_halfAnd10": 0, "LILATracts_Vehicle": 0, "LowIncomeTracts": 1, "LA1and10": 0, "lowincome_lowaccess_share": 3.6601, "pct_zero_car": 0.1103}}, {"type": "Feature", "geometry": {"type": "Polygon", "coordinates": [[[-95.49318, 29.72225], [-95.49315, 29.71996], [-95.48485, 29.72005], [-95.48486, 29.72179], [-95.48414, 29.72504], [-95.48417, 29.72598], [-95.48732, 29.72588], [-95.4898, 29.72506], [-95.49164, 29.7236], [-95.49318, 29.72225]]]}, "properties": {"GEOID": "48201421201", "LILATracts_1And10": 0, "LILATracts_halfAnd10": 0, "LILATracts_Vehicle": 0, "LowIncomeTracts": 1, "LA1and10": 0, "lowincome_lowaccess_share": null, "pct_zero_car": 0.1151}}, {"type": "Feature", "geometry": {"type": "Polygon", "coordinates": [[[-95.48978, 29.73179], [-95.48976, 29.73062], [-95.48791, 29.73065], [-95.48728, 29.72929], [-95.48756, 29.72787], [-95.4872, 29.72637], [-95.48675, 29.72608], [-95.48417, 29.72598], [-95.4764, 29.72605], [-95.47329, 29.72606], [-95.46825, 29.7264], [-95.46825, 29.73152], [-95.4842, 29.73151], [-95.48692, 29.73178], [-95.48978, 29.73179]]]}, "properties": {"GEOID": "48201432702", "LILATracts_1And10": 0, "LILATracts_halfAnd10": 0, "LILATracts_Vehicle": 0, "LowIncomeTracts": 0, "LA1and10": 0, "lowincome_lowaccess_share": 26.9212, "pct_zero_car": 0.0595}}, {"type": "Feature", "geometry": {"type": "Polygon", "coordinates": [[[-95.50119, 29.73166], [-95.50104, 29.72279], [-95.49852, 29.72306], [-95.49164, 29.7236], [-95.4898, 29.72506], [-95.48732, 29.72588], [-95.48417, 29.72598], [-95.48675, 29.72608], [-95.4872, 29.72637], [-95.48756, 29.72787], [-95.48728, 29.72929], [-95.48791, 29.73065], [-95.48976, 29.73062], [-95.48978, 29.73179], [-95.50119, 29.73166]]]}, "properties": {"GEOID": "48201432701", "LILATracts_1And10": 0, "LILATracts_halfAnd10": 0, "LILATracts_Vehicle": 0, "LowIncomeTracts": 1, "LA1and10": 0, "lowincome_lowaccess_share": 0.5877, "pct_zero_car": 0.2737}}, {"type": "Feature", "geometry": {"type": "Polygon", "coordinates": [[[-95.51786, 29.70038], [-95.5127, 29.69596], [-95.51116, 29.69423], [-95.50996, 29.69201], [-95.5087, 29.69209], [-95.50614, 29.69171], [-95.5042, 29.69649], [-95.50353, 29.69921], [-95.50366, 29.70246], [-95.50441, 29.70498], [-95.50707, 29.7041], [-95.50876, 29.70382], [-95.51123, 29.70388], [-95.51327, 29.70443], [-95.51786, 29.70038]]]}, "properties": {"GEOID": "48201422702", "LILATracts_1And10": 0, "LILATracts_halfAnd10": 0, "LILATracts_Vehicle": 0, "LowIncomeTracts": 0, "LA1and10": 0, "lowincome_lowaccess_share": 26.2006, "pct_zero_car": 0.0068}}, {"type": "Feature", "geometry": {"type": "Polygon", "coordinates": [[[-95.50996, 29.69201], [-95.50896, 29.68892], [-95.50874, 29.68678], [-95.49961, 29.69148], [-95.49299, 29.6948], [-95.49295, 29.69729], [-95.49305, 29.70545], [-95.50115, 29.7054], [-95.50441, 29.70498], [-95.50366, 29.70246], [-95.50353, 29.69921], [-95.5042, 29.69649], [-95.50614, 29.69171], [-95.5087, 29.69209], [-95.50996, 29.69201]]]}, "properties": {"GEOID": "48201422701", "LILATracts_1And10": 0, "LILATracts_halfAnd10": 1, "LILATracts_Vehicle": 0, "LowIncomeTracts": 1, "LA1and10": 0, "lowincome_lowaccess_share": 16.7469, "pct_zero_car": 0.0789}}, {"type": "Feature", "geometry": {"type": "Polygon", "coordinates": [[[-95.50557, 29.65603], [-95.5056, 29.65456], [-95.50518, 29.65446], [-95.50057, 29.65449], [-95.49757, 29.65433], [-95.49269, 29.6506], [-95.49213, 29.65247], [-95.4922, 29.65699], [-95.49205, 29.65719], [-95.49222, 29.66635], [-95.49818, 29.66631], [-95.49873, 29.66677], [-95.50117, 29.66675], [-95.50107, 29.65726], [-95.5009, 29.65668], [-95.5033, 29.65607], [-95.50557, 29.65603]]]}, "properties": {"GEOID": "48201422402", "LILATracts_1And10": 0, "LILATracts_halfAnd10": 1, "LILATracts_Vehicle": 1, "LowIncomeTracts": 1, "LA1and10": 0, "lowincome_lowaccess_share": 21.6085, "pct_zero_car": 0.1769}}, {"type": "Feature", "geometry": {"type": "Polygon", "coordinates": [[[-95.686, 29.90852], [-95.68593, 29.90738], [-95.68396, 29.8969], [-95.68344, 29.89392], [-95.6833, 29.87994], [-95.68158, 29.87975], [-95.67848, 29.87895], [-95.66815, 29.87901], [-95.66831, 29.88903], [-95.66845, 29.88983], [-95.66854, 29.89596], [-95.66936, 29.89955], [-95.66969, 29.90111], [-95.66977, 29.90473], [-95.66961, 29.90584], [-95.67093, 29.90608], [-95.67542, 29.90611], [-95.67776, 29.90634], [-95.67994, 29.90688], [-95.68285, 29.90807], [-95.68445, 29.90846], [-95.686, 29.90852]]]}, "properties": {"GEOID": "48201541201", "LILATracts_1And10": 0, "LILATracts_halfAnd10": 0, "LILATracts_Vehicle": 0, "LowIncomeTracts": 0, "LA1and10": 0, "lowincome_lowaccess_share": 4.317, "pct_zero_car": 0.0065}}, {"type": "Feature", "geometry": {"type": "Polygon", "coordinates": [[[-95.77714, 29.77527], [-95.77709, 29.77238], [-95.77616, 29.76777], [-95.77609, 29.76686], [-95.77609, 29.76053], [-95.77167, 29.7581], [-95.77066, 29.75735], [-95.76662, 29.75789], [-95.76746, 29.76076], [-95.77098, 29.76724], [-95.77038, 29.76749], [-95.76933, 29.76558], [-95.76852, 29.7648], [-95.76745, 29.76449], [-95.76447, 29.76449], [-95.76304, 29.76476], [-95.76387, 29.76659], [-95.76487, 29.7679], [-95.76835, 29.77104], [-95.76774, 29.77224], [-95.76774, 29.77321], [-95.769, 29.77325], [-95.76883, 29.77514], [-95.77117, 29.77481], [-95.7729, 29.77395], [-95.77423, 29.77302], [-95.77623, 29.77515], [-95.77714, 29.77527]]]}, "properties": {"GEOID": "48201455102", "LILATracts_1And10": 0, "LILATracts_halfAnd10": 0, "LILATracts_Vehicle": 0, "LowIncomeTracts": 0, "LA1and10": 0, "lowincome_lowaccess_share": 7.8063, "pct_zero_car": 0.0244}}, {"type": "Feature", "geometry": {"type": "Polygon", "coordinates": [[[-95.39922, 29.80396], [-95.39897, 29.79068], [-95.3977, 29.79069], [-95.38783, 29.79083], [-95.38805, 29.80256], [-95.38804, 29.80408], [-95.39922, 29.80396]]]}, "properties": {"GEOID": "48201511302", "LILATracts_1And10": 0, "LILATracts_halfAnd10": 0, "LILATracts_Vehicle": 0, "LowIncomeTracts": 0, "LA1and10": 0, "lowincome_lowaccess_share": 16.1038, "pct_zero_car": 0.071}}, {"type": "Feature", "geometry": {"type": "Polygon", "coordinates": [[[-95.55834, 29.76221], [-95.5581, 29.76087], [-95.55809, 29.758], [-95.55789, 29.74755], [-95.55772, 29.73686], [-95.53887, 29.73712], [-95.53836, 29.73959], [-95.53848, 29.74962], [-95.5389, 29.75074], [-95.53976, 29.75191], [-95.54171, 29.75165], [-95.54256, 29.7531], [-95.54559, 29.75299], [-95.54585, 29.75356], [-95.54513, 29.75461], [-95.54528, 29.75527], [-95.54689, 29.75662], [-95.5483, 29.75738], [-95.54784, 29.75912], [-95.54891, 29.75912], [-95.55128, 29.76077], [-95.55266, 29.76067], [-95.55287, 29.75963], [-95.5547, 29.75931], [-95.5544, 29.76068], [-95.55558, 29.76126], [-95.55593, 29.76227], [-95.55662, 29.76247], [-95.55834, 29.76221]]]}, "properties": {"GEOID": "48201431000", "LILATracts_1And10": 0, "LILATracts_halfAnd10": 0, "LILATracts_Vehicle": 0, "LowIncomeTracts": 0, "LA1and10": 1, "lowincome_lowaccess_share": 11.6843, "pct_zero_car": 0.0588}}, {"type": "Feature", "geometry": {"type": "Polygon", "coordinates": [[[-95.32594, 29.69186], [-95.3247, 29.68792], [-95.32167, 29.67774], [-95.30557, 29.68142], [-95.2939, 29.68145], [-95.29631, 29.68515], [-95.3057, 29.68517], [-95.30752, 29.68574], [-95.3139, 29.69066], [-95.3151, 29.69124], [-95.3225, 29.69351], [-95.32594, 29.69186]]]}, "properties": {"GEOID": "48201332700", "LILATracts_1And10": 0, "LILATracts_halfAnd10": 1, "LILATracts_Vehicle": 0, "LowIncomeTracts": 1, "LA1and10": 0, "lowincome_lowaccess_share": 50.2098, "pct_zero_car": 0.1142}}, {"type": "Feature", "geometry": {"type": "Polygon", "coordinates": [[[-95.3225, 29.69351], [-95.3151, 29.69124], [-95.3139, 29.69066], [-95.30752, 29.68574], [-95.3057, 29.68517], [-95.29631, 29.68515], [-95.29843, 29.68845], [-95.29877, 29.68961], [-95.299, 29.69271], [-95.30038, 29.69587], [-95.3103, 29.69714], [-95.31168, 29.69723], [-95.31402, 29.697], [-95.31688, 29.69605], [-95.3225, 29.69351]]]}, "properties": {"GEOID": "48201332800", "LILATracts_1And10": 0, "LILATracts_halfAnd10": 1, "LILATracts_Vehicle": 0, "LowIncomeTracts": 1, "LA1and10": 0, "lowincome_lowaccess_share": 16.7394, "pct_zero_car": 0.1849}}, {"type": "Feature", "geometry": {"type": "Polygon", "coordinates": [[[-95.29631, 29.68515], [-95.2939, 29.68145], [-95.2895, 29.67527], [-95.28908, 29.67402], [-95.28813, 29.67501], [-95.28855, 29.67688], [-95.28812, 29.67759], [-95.28505, 29.67772], [-95.28325, 29.67728], [-95.28264, 29.67822], [-95.28148, 29.6784], [-95.27989, 29.67938], [-95.27848, 29.67878], [-95.27681, 29.67949], [-95.2754, 29.67929], [-95.2742, 29.67855], [-95.27349, 29.67866], [-95.27341, 29.67999], [-95.27267, 29.68035], [-95.27811, 29.68575], [-95.2785, 29.68553], [-95.29631, 29.68515]]]}, "properties": {"GEOID": "48201333000", "LILATracts_1And10": 0, "LILATracts_halfAnd10": 0, "LILATracts_Vehicle": 0, "LowIncomeTracts": 0, "LA1and10": 0, "lowincome_lowaccess_share": 27.0799, "pct_zero_car": 0.024}}, {"type": "Feature", "geometry": {"type": "Polygon", "coordinates": [[[-95.28908, 29.67402], [-95.28906, 29.67318], [-95.28622, 29.67241], [-95.28145, 29.67228], [-95.27711, 29.67241], [-95.27339, 29.67249], [-95.272, 29.67273], [-95.2709, 29.67335], [-95.268, 29.67556], [-95.27267, 29.68035], [-95.27341, 29.67999], [-95.27349, 29.67866], [-95.2742, 29.67855], [-95.2754, 29.67929], [-95.27681, 29.67949], [-95.27848, 29.67878], [-95.27989, 29.67938], [-95.28148, 29.6784], [-95.28264, 29.67822], [-95.28325, 29.67728], [-95.28505, 29.67772], [-95.28812, 29.67759], [-95.28855, 29.67688], [-95.28813, 29.67501], [-95.28908, 29.67402]]]}, "properties": {"GEOID": "48201333100", "LILATracts_1And10": 0, "LILATracts_halfAnd10": 0, "LILATracts_Vehicle": 0, "LowIncomeTracts": 1, "LA1and10": 0, "lowincome_lowaccess_share": null, "pct_zero_car": 0.1432}}, {"type": "Feature", "geometry": {"type": "Polygon", "coordinates": [[[-95.36509, 29.87073], [-95.36222, 29.8592], [-95.35905, 29.8465], [-95.35517, 29.84721], [-95.35207, 29.84804], [-95.34863, 29.84807], [-95.34972, 29.85022], [-95.34983, 29.85133], [-95.34999, 29.86726], [-95.35189, 29.87099], [-95.36509, 29.87073]]]}, "properties": {"GEOID": "48201221100", "LILATracts_1And10": 0, "LILATracts_halfAnd10": 1, "LILATracts_Vehicle": 0, "LowIncomeTracts": 1, "LA1and10": 0, "lowincome_lowaccess_share": 66.5186, "pct_zero_car": 0.0097}}, {"type": "Feature", "geometry": {"type": "Polygon", "coordinates": [[[-95.38491, 29.87005], [-95.38471, 29.85944], [-95.38254, 29.85932], [-95.3763, 29.85941], [-95.37281, 29.85928], [-95.37201, 29.85904], [-95.36471, 29.85903], [-95.36222, 29.8592], [-95.36509, 29.87073], [-95.36814, 29.87026], [-95.38491, 29.87005]]]}, "properties": {"GEOID": "48201221200", "LILATracts_1And10": 0, "LILATracts_halfAnd10": 1, "LILATracts_Vehicle": 0, "LowIncomeTracts": 1, "LA1and10": 0, "lowincome_lowaccess_share": 46.3823, "pct_zero_car": 0.0184}}, {"type": "Feature", "geometry": {"type": "Polygon", "coordinates": [[[-95.24674, 29.68607], [-95.24834, 29.68509], [-95.24843, 29.68458], [-95.24951, 29.6845], [-95.25245, 29.68323], [-95.25373, 29.68219], [-95.25379, 29.6809], [-95.25472, 29.67879], [-95.2545, 29.67792], [-95.2552, 29.67683], [-95.25588, 29.67452], [-95.25739, 29.67316], [-95.25746, 29.67258], [-95.25908, 29.67147], [-95.25901, 29.67047], [-95.26079, 29.66754], [-95.261, 29.66687], [-95.25837, 29.66278], [-95.25159, 29.6525], [-95.24918, 29.6533], [-95.24951, 29.666], [-95.24947, 29.67034], [-95.24768, 29.67011], [-95.24211, 29.6702], [-95.23554, 29.67031], [-95.23622, 29.67159], [-95.23733, 29.67279], [-95.23913, 29.67332], [-95.24001, 29.67533], [-95.24088, 29.67641], [-95.24407, 29.67658], [-95.24532, 29.67813], [-95.24554, 29.67891], [-95.24646, 29.67981], [-95.24575, 29.68138], [-95.24541, 29.68318], [-95.24533, 29.68516], [-95.24674, 29.68607]]]}, "properties": {"GEOID": "48201320700", "LILATracts_1And10": 0, "LILATracts_halfAnd10": 1, "LILATracts_Vehicle": 0, "LowIncomeTracts": 1, "LA1and10": 0, "lowincome_lowaccess_share": 11.3088, "pct_zero_car": 0.1539}}, {"type": "Feature", "geometry": {"type": "Polygon", "coordinates": [[[-95.24211, 29.6702], [-95.24768, 29.67011], [-95.24947, 29.67034], [-95.24951, 29.666], [-95.24918, 29.6533], [-95.24917, 29.65221], [-95.24457, 29.65245], [-95.23012, 29.65264], [-95.22578, 29.65266], [-95.22906, 29.65601], [-95.23042, 29.65759], [-95.23563, 29.6631], [-95.23777, 29.66536], [-95.24211, 29.6702]]]}, "properties": {"GEOID": "48201320800", "LILATracts_1And10": 0, "LILATracts_halfAnd10": 1, "LILATracts_Vehicle": 1, "LowIncomeTracts": 1, "LA1and10": 0, "lowincome_lowaccess_share": 42.4781, "pct_zero_car": 0.0886}}, {"type": "Feature", "geometry": {"type": "Polygon", "coordinates": [[[-95.24788, 29.60061], [-95.2503, 29.59833], [-95.24641, 29.5952], [-95.2456, 29.5938], [-95.24494, 29.59416], [-95.23682, 29.58747], [-95.23514, 29.58546], [-95.23294, 29.58628], [-95.2299, 29.5867], [-95.22707, 29.58769], [-95.22337, 29.59099], [-95.22195, 29.59203], [-95.22067, 29.59355], [-95.21718, 29.59684], [-95.21624, 29.59845], [-95.21599, 29.60104], [-95.21752, 29.60095], [-95.23578, 29.60069], [-95.23767, 29.60064], [-95.24788, 29.60061]]]}, "properties": {"GEOID": "48201350200", "LILATracts_1And10": 0, "LILATracts_halfAnd10": 0, "LILATracts_Vehicle": 0, "LowIncomeTracts": 0, "LA1and10": 1, "lowincome_lowaccess_share": 21.0037, "pct_zero_car": 0.0381}}, {"type": "Feature", "geometry": {"type": "Polygon", "coordinates": [[[-95.23514, 29.58546], [-95.23483, 29.58465], [-95.23403, 29.5805], [-95.2334, 29.57895], [-95.23238, 29.57772], [-95.23015, 29.57605], [-95.22838, 29.57535], [-95.2259, 29.57357], [-95.21337, 29.58496], [-95.22195, 29.59203], [-95.22337, 29.59099], [-95.22707, 29.58769], [-95.2299, 29.5867], [-95.23294, 29.58628], [-95.23514, 29.58546]]]}, "properties": {"GEOID": "48201350300", "LILATracts_1And10": 0, "LILATracts_halfAnd10": 0, "LILATracts_Vehicle": 0, "LowIncomeTracts": 0, "LA1and10": 1, "lowincome_lowaccess_share": 11.4593, "pct_zero_car": 0.0109}}, {"type": "Feature", "geometry": {"type": "Polygon", "coordinates": [[[-95.22195, 29.59203], [-95.21337, 29.58496], [-95.21132, 29.58682], [-95.20933, 29.58824], [-95.20447, 29.59277], [-95.20253, 29.59521], [-95.19781, 29.59889], [-95.20216, 29.60323], [-95.20555, 29.60635], [-95.20955, 29.60344], [-95.21163, 29.60226], [-95.2134, 29.60156], [-95.21599, 29.60104], [-95.21624, 29.59845], [-95.21718, 29.59684], [-95.22067, 29.59355], [-95.22195, 29.59203]]]}, "properties": {"GEOID": "48201350400", "LILATracts_1And10": 0, "LILATracts_halfAnd10": 0, "LILATracts_Vehicle": 0, "LowIncomeTracts": 1, "LA1and10": 0, "lowincome_lowaccess_share": 0.8976, "pct_zero_car": 0.0612}}, {"type": "Feature", "geometry": {"type": "Polygon", "coordinates": [[[-95.49682, 30.07405], [-95.49681, 30.06497], [-95.49605, 30.0624], [-95.49603, 30.05849], [-95.49277, 30.05046], [-95.48457, 30.05504], [-95.48244, 30.05632], [-95.47486, 30.06057], [-95.47207, 30.06196], [-95.46974, 30.06256], [-95.45061, 30.06722], [-95.44929, 30.06774], [-95.44405, 30.07064], [-95.44412, 30.07082], [-95.44616, 30.07037], [-95.44757, 30.07032], [-95.46028, 30.07069], [-95.48104, 30.07058], [-95.48293, 30.07072], [-95.48606, 30.07132], [-95.4927, 30.0734], [-95.49483, 30.07387], [-95.49682, 30.07405]]]}, "properties": {"GEOID": "48201555000", "LILATracts_1And10": 0, "LILATracts_halfAnd10": 0, "LILATracts_Vehicle": 0, "LowIncomeTracts": 0, "LA1and10": 1, "lowincome_lowaccess_share": 18.3397, "pct_zero_car": 0.0199}}, {"type": "Feature", "geometry": {"type": "Polygon", "coordinates": [[[-95.49671, 30.08347], [-95.49667, 30.08091], [-95.49682, 30.07405], [-95.49483, 30.07387], [-95.4927, 30.0734], [-95.48606, 30.07132], [-95.48293, 30.07072], [-95.48104, 30.07058], [-95.46028, 30.07069], [-95.44757, 30.07032], [-95.44616, 30.07037], [-95.44412, 30.07082], [-95.44303, 30.07123], [-95.4376, 30.07419], [-95.43613, 30.07481], [-95.43696, 30.07925], [-95.43718, 30.08113], [-95.43673, 30.08371], [-95.43707, 30.08373], [-95.43739, 30.08178], [-95.439, 30.08303], [-95.4617, 30.08281], [-95.46584, 30.08269], [-95.47155, 30.08266], [-95.47328, 30.08273], [-95.48986, 30.08377], [-95.4942, 30.08376], [-95.49671, 30.08347]]]}, "properties": {"GEOID": "48201555100", "LILATracts_1And10": 0, "LILATracts_halfAnd10": 0, "LILATracts_Vehicle": 0, "LowIncomeTracts": 0, "LA1and10": 1, "lowincome_lowaccess_share": 15.6321, "pct_zero_car": 0.0059}}, {"type": "Feature", "geometry": {"type": "Polygon", "coordinates": [[[-95.25159, 29.6525], [-95.24661, 29.64496], [-95.24458, 29.64203], [-95.24336, 29.64074], [-95.2415, 29.64207], [-95.23604, 29.64458], [-95.23314, 29.64522], [-95.22572, 29.6453], [-95.22352, 29.64596], [-95.22222, 29.64676], [-95.22117, 29.64779], [-95.22578, 29.65266], [-95.23012, 29.65264], [-95.24457, 29.65245], [-95.24917, 29.65221], [-95.24918, 29.6533], [-95.25159, 29.6525]]]}, "properties": {"GEOID": "48201320900", "LILATracts_1And10": 0, "LILATracts_halfAnd10": 1, "LILATracts_Vehicle": 0, "LowIncomeTracts": 1, "LA1and10": 0, "lowincome_lowaccess_share": 13.1151, "pct_zero_car": 0.0229}}, {"type": "Feature", "geometry": {"type": "Polygon", "coordinates": [[[-95.24336, 29.64074], [-95.22906, 29.6277], [-95.22512, 29.62777], [-95.22256, 29.62875], [-95.21102, 29.63698], [-95.21446, 29.64059], [-95.22117, 29.64779], [-95.22222, 29.64676], [-95.22352, 29.64596], [-95.22572, 29.6453], [-95.23314, 29.64522], [-95.23604, 29.64458], [-95.2415, 29.64207], [-95.24336, 29.64074]]]}, "properties": {"GEOID": "48201321000", "LILATracts_1And10": 0, "LILATracts_halfAnd10": 1, "LILATracts_Vehicle": 0, "LowIncomeTracts": 1, "LA1and10": 0, "lowincome_lowaccess_share": 13.8859, "pct_zero_car": 0.0342}}, {"type": "Feature", "geometry": {"type": "Polygon", "coordinates": [[[-95.22906, 29.6277], [-95.22117, 29.62058], [-95.21612, 29.61599], [-95.21145, 29.61163], [-95.20555, 29.60635], [-95.19625, 29.61299], [-95.1919, 29.61617], [-95.19444, 29.61897], [-95.19594, 29.62089], [-95.19751, 29.6225], [-95.21102, 29.63698], [-95.22256, 29.62875], [-95.22512, 29.62777], [-95.22906, 29.6277]]]}, "properties": {"GEOID": "48201321100", "LILATracts_1And10": 0, "LILATracts_halfAnd10": 0, "LILATracts_Vehicle": 0, "LowIncomeTracts": 0, "LA1and10": 1, "lowincome_lowaccess_share": 40.4768, "pct_zero_car": 0.0258}}, {"type": "Feature", "geometry": {"type": "Polygon", "coordinates": [[[-95.20797, 29.65098], [-95.20774, 29.6419], [-95.20807, 29.64007], [-95.20919, 29.63836], [-95.21102, 29.63698], [-95.19751, 29.6225], [-95.19629, 29.62354], [-95.19559, 29.62455], [-95.19318, 29.62632], [-95.19279, 29.63137], [-95.19263, 29.63457], [-95.20735, 29.65401], [-95.20813, 29.65496], [-95.20797, 29.65098]]]}, "properties": {"GEOID": "48201321200", "LILATracts_1And10": 1, "LILATracts_halfAnd10": 1, "LILATracts_Vehicle": 0, "LowIncomeTracts": 1, "LA1and10": 1, "lowincome_lowaccess_share": 36.1913, "pct_zero_car": 0.1153}}, {"type": "Feature", "geometry": {"type": "Polygon", "coordinates": [[[-95.20796, 29.67009], [-95.21953, 29.66995], [-95.21559, 29.66465], [-95.21256, 29.6608], [-95.20813, 29.65496], [-95.20824, 29.66144], [-95.20783, 29.6648], [-95.20796, 29.67009]]]}, "properties": {"GEOID": "48201321500", "LILATracts_1And10": 0, "LILATracts_halfAnd10": 0, "LILATracts_Vehicle": 0, "LowIncomeTracts": 1, "LA1and10": 0, "lowincome_lowaccess_share": null, "pct_zero_car": 0.167}}, {"type": "Feature", "geometry": {"type": "Polygon", "coordinates": [[[-95.36665, 30.07765], [-95.36825, 30.07714], [-95.36912, 30.07533], [-95.36915, 30.07465], [-95.36988, 30.07389], [-95.37083, 30.07368], [-95.37293, 30.07403], [-95.37927, 30.0703], [-95.37904, 30.07037], [-95.37728, 30.07083], [-95.37484, 30.07072], [-95.37353, 30.07029], [-95.37174, 30.0691], [-95.36642, 30.06386], [-95.36439, 30.06259], [-95.36076, 30.06166], [-95.35953, 30.06104], [-95.35477, 30.05686], [-95.35392, 30.05578], [-95.35288, 30.0534], [-95.35107, 30.05141], [-95.34749, 30.04698], [-95.34639, 30.04528], [-95.3593, 30.03814], [-95.36578, 30.03464], [-95.36745, 30.03374], [-95.36624, 30.0316], [-95.36315, 30.03311], [-95.36091, 30.03534], [-95.35917, 30.0361], [-95.35763, 30.03577], [-95.35506, 30.03321], [-95.354, 30.03352], [-95.35235, 30.03195], [-95.35097, 30.03169], [-95.35033, 30.03107], [-95.34985, 30.02931], [-95.34767, 30.02813], [-95.3455, 30.02815], [-95.34437, 30.02849], [-95.33928, 30.02802], [-95.33702, 30.02871], [-95.33598, 30.03046], [-95.33526, 30.03028], [-95.3346, 30.02942], [-95.33325, 30.02913], [-95.33205, 30.02936], [-95.33092, 30.03065], [-95.33004, 30.03049], [-95.32837, 30.02956], [-95.32718, 30.02849], [-95.32702, 30.02683], [-95.32654, 30.02628], [-95.32507, 30.02729], [-95.3244, 30.02819], [-95.32314, 30.0288], [-95.32281, 30.02938], [-95.32146, 30.03006], [-95.32247, 30.03109], [-95.32245, 30.03245], [-95.32208, 30.03309], [-95.31935, 30.03391], [-95.31846, 30.03437], [-95.31732, 30.03435], [-95.31654, 30.0333], [-95.31662, 30.03246], [-95.31591, 30.0314], [-95.31492, 30.03173], [-95.31338, 30.03306], [-95.31155, 30.03233], [-95.31099, 30.03289], [-95.3122, 30.03433], [-95.31281, 30.03599], [-95.31277, 30.03682], [-95.31202, 30.04044], [-95.3115, 30.04189], [-95.30941, 30.04366], [-95.30924, 30.04458], [-95.30975, 30.04589], [-95.31139, 30.04698], [-95.31259, 30.04852], [-95.31324, 30.05078], [-95.31498, 30.05255], [-95.31595, 30.05384], [-95.31743, 30.05426], [-95.31977, 30.05272], [-95.32117, 30.05284], [-95.32233, 30.05362], [-95.3234, 30.05587], [-95.3243, 30.05665], [-95.32552, 30.0571], [-95.32703, 30.05804], [-95.328, 30.05975], [-95.32809, 30.0613], [-95.32932, 30.06249], [-95.33287, 30.06342], [-95.33502, 30.06288], [-95.33629, 30.06281], [-95.33732, 30.06333], [-95.33814, 30.06608], [-95.33931, 30.06662], [-95.34109, 30.06694], [-95.34313, 30.0683], [-95.34395, 30.07067], [-95.34469, 30.07175], [-95.34603, 30.07257], [-95.34833, 30.07293], [-95.34952, 30.07394], [-95.34933, 30.07609], [-95.35025, 30.07665], [-95.35363, 30.07634], [-95.35552, 30.07723], [-95.35723, 30.07709], [-95.35867, 30.07654], [-95.35972, 30.0767], [-95.3611, 30.07816], [-95.36214, 30.07839], [-95.36326, 30.07796], [-95.36468, 30.07682], [-95.36554, 30.07659], [-95.36665, 30.07765]]]}, "properties": {"GEOID": "48201241000", "LILATracts_1And10": 0, "LILATracts_halfAnd10": 0, "LILATracts_Vehicle": 0, "LowIncomeTracts": 0, "LA1and10": 1, "lowincome_lowaccess_share": 21.0783, "pct_zero_car": 0.0141}}, {"type": "Feature", "geometry": {"type": "Polygon", "coordinates": [[[-95.54532, 29.83224], [-95.54526, 29.82271], [-95.53839, 29.82268], [-95.53424, 29.82186], [-95.52628, 29.82195], [-95.52639, 29.83252], [-95.54532, 29.83224]]]}, "properties": {"GEOID": "48201522000", "LILATracts_1And10": 0, "LILATracts_halfAnd10": 0, "LILATracts_Vehicle": 0, "LowIncomeTracts": 0, "LA1and10": 0, "lowincome_lowaccess_share": 6.9465, "pct_zero_car": 0.0735}}, {"type": "Feature", "geometry": {"type": "Polygon", "coordinates": [[[-95.51971, 29.94922], [-95.52211, 29.94947], [-95.52446, 29.94937], [-95.52805, 29.95067], [-95.53154, 29.95053], [-95.53338, 29.95071], [-95.52987, 29.94814], [-95.5261, 29.94493], [-95.51912, 29.9398], [-95.51532, 29.9369], [-95.50723, 29.93708], [-95.49784, 29.93715], [-95.48325, 29.93735], [-95.4667, 29.93757], [-95.46, 29.93752], [-95.46276, 29.94111], [-95.46416, 29.94083], [-95.46596, 29.9419], [-95.46835, 29.94396], [-95.46996, 29.94432], [-95.47214, 29.94444], [-95.47529, 29.94497], [-95.47786, 29.94512], [-95.4838, 29.94586], [-95.48671, 29.94625], [-95.48975, 29.94783], [-95.49151, 29.9477], [-95.49437, 29.94792], [-95.4958, 29.94881], [-95.49806, 29.94869], [-95.49889, 29.94853], [-95.49957, 29.94767], [-95.5018, 29.94684], [-95.50315, 29.94659], [-95.50523, 29.94688], [-95.50813, 29.94605], [-95.51119, 29.9464], [-95.51257, 29.9464], [-95.51506, 29.94728], [-95.51761, 29.94881], [-95.51971, 29.94922]]]}, "properties": {"GEOID": "48201550700", "LILATracts_1And10": 0, "LILATracts_halfAnd10": 0, "LILATracts_Vehicle": 0, "LowIncomeTracts": 0, "LA1and10": 1, "lowincome_lowaccess_share": 19.0183, "pct_zero_car": 0.0254}}, {"type": "Feature", "geometry": {"type": "Polygon", "coordinates": [[[-95.47799, 29.96104], [-95.48102, 29.95922], [-95.48266, 29.95714], [-95.48341, 29.95465], [-95.48331, 29.94829], [-95.4838, 29.94586], [-95.47786, 29.94512], [-95.47529, 29.94497], [-95.47214, 29.94444], [-95.46996, 29.94432], [-95.46835, 29.94396], [-95.46596, 29.9419], [-95.46416, 29.94083], [-95.46276, 29.94111], [-95.46639, 29.94582], [-95.46921, 29.94958], [-95.47799, 29.96104]]]}, "properties": {"GEOID": "48201550800", "LILATracts_1And10": 0, "LILATracts_halfAnd10": 1, "LILATracts_Vehicle": 0, "LowIncomeTracts": 1, "LA1and10": 0, "lowincome_lowaccess_share": 12.9886, "pct_zero_car": 0.0467}}, {"type": "Feature", "geometry": {"type": "Polygon", "coordinates": [[[-95.49847, 29.96116], [-95.49833, 29.95687], [-95.49806, 29.94869], [-95.4958, 29.94881], [-95.49437, 29.94792], [-95.49151, 29.9477], [-95.48975, 29.94783], [-95.48671, 29.94625], [-95.4838, 29.94586], [-95.48331, 29.94829], [-95.48341, 29.95465], [-95.48266, 29.95714], [-95.48102, 29.95922], [-95.47799, 29.96104], [-95.4805, 29.96432], [-95.48435, 29.96936], [-95.48445, 29.96925], [-95.49285, 29.96463], [-95.49516, 29.9627], [-95.49626, 29.962], [-95.49847, 29.96116]]]}, "properties": {"GEOID": "48201550900", "LILATracts_1And10": 1, "LILATracts_halfAnd10": 1, "LILATracts_Vehicle": 0, "LowIncomeTracts": 1, "LA1and10": 1, "lowincome_lowaccess_share": 32.8087, "pct_zero_car": 0.0237}}, {"type": "Feature", "geometry": {"type": "Polygon", "coordinates": [[[-95.62061, 29.89948], [-95.62073, 29.89545], [-95.62067, 29.87945], [-95.60852, 29.87954], [-95.60603, 29.8796], [-95.60093, 29.87991], [-95.58556, 29.88011], [-95.58251, 29.88022], [-95.57647, 29.88026], [-95.57503, 29.8799], [-95.57483, 29.88031], [-95.57148, 29.88042], [-95.57112, 29.88059], [-95.58497, 29.89038], [-95.58867, 29.89294], [-95.59959, 29.90066], [-95.60279, 29.90294], [-95.60857, 29.90705], [-95.6198, 29.9149], [-95.62009, 29.91477], [-95.62008, 29.91334], [-95.62061, 29.89948]]]}, "properties": {"GEOID": "48201540800", "LILATracts_1And10": 1, "LILATracts_halfAnd10": 1, "LILATracts_Vehicle": 0, "LowIncomeTracts": 1, "LA1and10": 1, "lowincome_lowaccess_share": 30.105, "pct_zero_car": 0.0134}}, {"type": "Feature", "geometry": {"type": "Polygon", "coordinates": [[[-95.66961, 29.90584], [-95.66977, 29.90473], [-95.66969, 29.90111], [-95.66936, 29.89955], [-95.66592, 29.90022], [-95.6637, 29.90017], [-95.6606, 29.89919], [-95.65634, 29.89667], [-95.65504, 29.89622], [-95.65072, 29.896], [-95.64824, 29.8952], [-95.64517, 29.89273], [-95.64131, 29.89109], [-95.63411, 29.90229], [-95.63572, 29.90271], [-95.63711, 29.90276], [-95.63911, 29.90248], [-95.64181, 29.90265], [-95.64432, 29.90392], [-95.64598, 29.90586], [-95.6478, 29.90731], [-95.64949, 29.90791], [-95.65229, 29.90811], [-95.6567, 29.90804], [-95.65945, 29.90755], [-95.66294, 29.90605], [-95.66471, 29.90554], [-95.66698, 29.90537], [-95.66961, 29.90584]]]}, "properties": {"GEOID": "48201541100", "LILATracts_1And10": 0, "LILATracts_halfAnd10": 0, "LILATracts_Vehicle": 0, "LowIncomeTracts": 0, "LA1and10": 1, "lowincome_lowaccess_share": 16.3591, "pct_zero_car": 0.0168}}, {"type": "Feature", "geometry": {"type": "Polygon", "coordinates": [[[-95.49176, 29.9791], [-95.49812, 29.9633], [-95.49847, 29.96116], [-95.49626, 29.962], [-95.49516, 29.9627], [-95.49285, 29.96463], [-95.48445, 29.96925], [-95.48435, 29.96936], [-95.49176, 29.9791]]]}, "properties": {"GEOID": "48201551000", "LILATracts_1And10": 0, "LILATracts_halfAnd10": 1, "LILATracts_Vehicle": 0, "LowIncomeTracts": 1, "LA1and10": 0, "lowincome_lowaccess_share": 22.6969, "pct_zero_car": 0.016}}, {"type": "Feature", "geometry": {"type": "Polygon", "coordinates": [[[-95.49834, 29.98787], [-95.49839, 29.98784], [-95.49176, 29.9791], [-95.48435, 29.96936], [-95.4805, 29.96432], [-95.4711, 29.96457], [-95.47132, 29.97407], [-95.471, 29.97437], [-95.47214, 29.97656], [-95.47323, 29.97761], [-95.47484, 29.97872], [-95.47579, 29.97968], [-95.47815, 29.98293], [-95.47887, 29.98479], [-95.47894, 29.9862], [-95.47954, 29.98791], [-95.48494, 29.99524], [-95.49834, 29.98787]]]}, "properties": {"GEOID": "48201551100", "LILATracts_1And10": 0, "LILATracts_halfAnd10": 1, "LILATracts_Vehicle": 0, "LowIncomeTracts": 1, "LA1and10": 0, "lowincome_lowaccess_share": 19.8114, "pct_zero_car": 0.0777}}, {"type": "Feature", "geometry": {"type": "Polygon", "coordinates": [[[-95.16105, 29.79066], [-95.15879, 29.78507], [-95.15839, 29.78329], [-95.15828, 29.77899], [-95.15767, 29.77676], [-95.1567, 29.77497], [-95.15344, 29.77129], [-95.15112, 29.77172], [-95.14227, 29.7739], [-95.12451, 29.7782], [-95.12462, 29.78285], [-95.12464, 29.78902], [-95.12631, 29.78915], [-95.14028, 29.78897], [-95.15303, 29.78884], [-95.15526, 29.78933], [-95.15861, 29.79057], [-95.16105, 29.79066]]]}, "properties": {"GEOID": "48201252400", "LILATracts_1And10": 0, "LILATracts_halfAnd10": 1, "LILATracts_Vehicle": 0, "LowIncomeTracts": 1, "LA1and10": 0, "lowincome_lowaccess_share": 22.5741, "pct_zero_car": 0.0191}}, {"type": "Feature", "geometry": {"type": "Polygon", "coordinates": [[[-95.35089, 29.69615], [-95.34488, 29.69428], [-95.34049, 29.69328], [-95.33877, 29.69278], [-95.34104, 29.68712], [-95.34094, 29.68571], [-95.33506, 29.68758], [-95.33211, 29.68891], [-95.32594, 29.69186], [-95.32694, 29.69531], [-95.32751, 29.69502], [-95.32952, 29.69553], [-95.33894, 29.69861], [-95.34045, 29.69923], [-95.34567, 29.70087], [-95.34855, 29.70177], [-95.35089, 29.69615]]]}, "properties": {"GEOID": "48201313400", "LILATracts_1And10": 0, "LILATracts_halfAnd10": 1, "LILATracts_Vehicle": 1, "LowIncomeTracts": 1, "LA1and10": 0, "lowincome_lowaccess_share": 33.8897, "pct_zero_car": 0.1444}}, {"type": "Feature", "geometry": {"type": "Polygon", "coordinates": [[[-95.35089, 29.69615], [-95.35574, 29.68404], [-95.35596, 29.68092], [-95.35276, 29.68178], [-95.3492, 29.68325], [-95.34094, 29.68571], [-95.34104, 29.68712], [-95.33877, 29.69278], [-95.34049, 29.69328], [-95.34488, 29.69428], [-95.35089, 29.69615]]]}, "properties": {"GEOID": "48201313500", "LILATracts_1And10": 0, "LILATracts_halfAnd10": 1, "LILATracts_Vehicle": 0, "LowIncomeTracts": 1, "LA1and10": 0, "lowincome_lowaccess_share": 18.2943, "pct_zero_car": 0.1331}}, {"type": "Feature", "geometry": {"type": "Polygon", "coordinates": [[[-95.22951, 29.68332], [-95.22722, 29.68002], [-95.22414, 29.67588], [-95.23066, 29.67574], [-95.23054, 29.66978], [-95.21953, 29.66995], [-95.20796, 29.67009], [-95.20801, 29.67417], [-95.20854, 29.67423], [-95.20956, 29.67532], [-95.21063, 29.67774], [-95.2118, 29.67861], [-95.21368, 29.67915], [-95.21453, 29.68106], [-95.2156, 29.68267], [-95.21616, 29.684], [-95.21608, 29.68511], [-95.21725, 29.68697], [-95.21753, 29.69074], [-95.21967, 29.69067], [-95.22161, 29.69063], [-95.22153, 29.68335], [-95.22951, 29.68332]]]}, "properties": {"GEOID": "48201321600", "LILATracts_1And10": 0, "LILATracts_halfAnd10": 0, "LILATracts_Vehicle": 0, "LowIncomeTracts": 0, "LA1and10": 0, "lowincome_lowaccess_share": 16.2158, "pct_zero_car": 0.0222}}, {"type": "Feature", "geometry": {"type": "Polygon", "coordinates": [[[-95.42241, 29.60635], [-95.42387, 29.60271], [-95.42558, 29.59923], [-95.42502, 29.5991], [-95.41509, 29.59919], [-95.39242, 29.59947], [-95.38788, 29.5995], [-95.38684, 29.59929], [-95.3872, 29.61403], [-95.38727, 29.6235], [-95.38721, 29.62781], [-95.38728, 29.63221], [-95.38806, 29.6326], [-95.38969, 29.63277], [-95.39483, 29.63103], [-95.39604, 29.6308], [-95.3981, 29.63079], [-95.39925, 29.63052], [-95.40222, 29.62923], [-95.40611, 29.62867], [-95.4067, 29.62832], [-95.40807, 29.62558], [-95.40817, 29.62419], [-95.40861, 29.62326], [-95.41005, 29.62237], [-95.41186, 29.62176], [-95.41251, 29.62045], [-95.41355, 29.61976], [-95.41661, 29.61895], [-95.41744, 29.61903], [-95.42241, 29.60635]]]}, "properties": {"GEOID": "48201330900", "LILATracts_1And10": 1, "LILATracts_halfAnd10": 1, "LILATracts_Vehicle": 0, "LowIncomeTracts": 1, "LA1and10": 1, "lowincome_lowaccess_share": 42.9764, "pct_zero_car": 0.0478}}, {"type": "Feature", "geometry": {"type": "Polygon", "coordinates": [[[-95.3812, 29.68072], [-95.38171, 29.67798], [-95.38188, 29.67211], [-95.3821, 29.67093], [-95.38339, 29.66789], [-95.38151, 29.66795], [-95.37697, 29.66927], [-95.37207, 29.66938], [-95.35747, 29.66956], [-95.35571, 29.66909], [-95.35596, 29.68036], [-95.35596, 29.68092], [-95.35828, 29.68059], [-95.36054, 29.68055], [-95.36665, 29.68097], [-95.37166, 29.68093], [-95.3812, 29.68072]]]}, "properties": {"GEOID": "48201331100", "LILATracts_1And10": 1, "LILATracts_halfAnd10": 1, "LILATracts_Vehicle": 1, "LowIncomeTracts": 1, "LA1and10": 1, "lowincome_lowaccess_share": 46.1665, "pct_zero_car": 0.2126}}, {"type": "Feature", "geometry": {"type": "Polygon", "coordinates": [[[-95.38339, 29.66789], [-95.38647, 29.6619], [-95.38716, 29.6596], [-95.38751, 29.65763], [-95.38157, 29.65789], [-95.37561, 29.65803], [-95.37534, 29.65814], [-95.36869, 29.65824], [-95.35552, 29.65844], [-95.35571, 29.66909], [-95.35747, 29.66956], [-95.37207, 29.66938], [-95.37697, 29.66927], [-95.38151, 29.66795], [-95.38339, 29.66789]]]}, "properties": {"GEOID": "48201331200", "LILATracts_1And10": 1, "LILATracts_halfAnd10": 1, "LILATracts_Vehicle": 1, "LowIncomeTracts": 1, "LA1and10": 1, "lowincome_lowaccess_share": 28.5134, "pct_zero_car": 0.2233}}, {"type": "Feature", "geometry": {"type": "Polygon", "coordinates": [[[-95.38751, 29.65763], [-95.38767, 29.65576], [-95.38728, 29.63221], [-95.38522, 29.63078], [-95.38447, 29.62971], [-95.38238, 29.62927], [-95.38141, 29.62941], [-95.37989, 29.63014], [-95.37972, 29.63178], [-95.37807, 29.63266], [-95.37755, 29.63627], [-95.37612, 29.6368], [-95.37549, 29.63758], [-95.37586, 29.63991], [-95.37517, 29.64047], [-95.37356, 29.64061], [-95.37261, 29.6419], [-95.37084, 29.64234], [-95.37046, 29.64332], [-95.36836, 29.64432], [-95.36869, 29.65824], [-95.37534, 29.65814], [-95.37561, 29.65803], [-95.38157, 29.65789], [-95.38751, 29.65763]]]}, "properties": {"GEOID": "48201331300", "LILATracts_1And10": 1, "LILATracts_halfAnd10": 1, "LILATracts_Vehicle": 1, "LowIncomeTracts": 1, "LA1and10": 1, "lowincome_lowaccess_share": 60.5207, "pct_zero_car": 0.0792}}, {"type": "Feature", "geometry": {"type": "Polygon", "coordinates": [[[-95.36869, 29.65824], [-95.36836, 29.64432], [-95.36746, 29.64448], [-95.36716, 29.64545], [-95.36582, 29.64644], [-95.36405, 29.64648], [-95.36009, 29.64728], [-95.35917, 29.64808], [-95.3576, 29.64793], [-95.35629, 29.64822], [-95.35606, 29.6505], [-95.35541, 29.65349], [-95.35552, 29.65844], [-95.36869, 29.65824]]]}, "properties": {"GEOID": "48201331400", "LILATracts_1And10": 0, "LILATracts_halfAnd10": 1, "LILATracts_Vehicle": 1, "LowIncomeTracts": 1, "LA1and10": 0, "lowincome_lowaccess_share": 46.2385, "pct_zero_car": 0.4553}}, {"type": "Feature", "geometry": {"type": "Polygon", "coordinates": [[[-95.38728, 29.63221], [-95.38721, 29.62781], [-95.38727, 29.6235], [-95.3872, 29.61403], [-95.38024, 29.61411], [-95.38023, 29.6123], [-95.35543, 29.61219], [-95.35542, 29.61661], [-95.35542, 29.62069], [-95.35587, 29.63675], [-95.35595, 29.63786], [-95.35602, 29.64241], [-95.35629, 29.64822], [-95.3576, 29.64793], [-95.35917, 29.64808], [-95.36009, 29.64728], [-95.36405, 29.64648], [-95.36582, 29.64644], [-95.36716, 29.64545], [-95.36746, 29.64448], [-95.36836, 29.64432], [-95.37046, 29.64332], [-95.37084, 29.64234], [-95.37261, 29.6419], [-95.37356, 29.64061], [-95.37517, 29.64047], [-95.37586, 29.63991], [-95.37549, 29.63758], [-95.37612, 29.6368], [-95.37755, 29.63627], [-95.37807, 29.63266], [-95.37972, 29.63178], [-95.37989, 29.63014], [-95.38141, 29.62941], [-95.38238, 29.62927], [-95.38447, 29.62971], [-95.38522, 29.63078], [-95.38728, 29.63221]]]}, "properties": {"GEOID": "48201331500", "LILATracts_1And10": 1, "LILATracts_halfAnd10": 1, "LILATracts_Vehicle": 1, "LowIncomeTracts": 1, "LA1and10": 1, "lowincome_lowaccess_share": 30.0286, "pct_zero_car": 0.068}}, {"type": "Feature", "geometry": {"type": "Polygon", "coordinates": [[[-95.21337, 29.58496], [-95.20806, 29.5805], [-95.2083, 29.58012], [-95.20714, 29.5796], [-95.19909, 29.57309], [-95.19833, 29.57236], [-95.18805, 29.56383], [-95.1868, 29.56435], [-95.18723, 29.56542], [-95.1873, 29.56715], [-95.18638, 29.56969], [-95.18662, 29.57112], [-95.18583, 29.57223], [-95.18427, 29.57348], [-95.18329, 29.57319], [-95.18295, 29.57384], [-95.18166, 29.57409], [-95.18097, 29.57526], [-95.18346, 29.58042], [-95.18472, 29.58155], [-95.1855, 29.58291], [-95.18725, 29.58405], [-95.1844, 29.58662], [-95.19179, 29.59302], [-95.19781, 29.59889], [-95.20253, 29.59521], [-95.20447, 29.59277], [-95.20933, 29.58824], [-95.21132, 29.58682], [-95.21337, 29.58496]]]}, "properties": {"GEOID": "48201350500", "LILATracts_1And10": 1, "LILATracts_halfAnd10": 1, "LILATracts_Vehicle": 0, "LowIncomeTracts": 1, "LA1and10": 1, "lowincome_lowaccess_share": 44.0134, "pct_zero_car": 0.0286}}, {"type": "Feature", "geometry": {"type": "Polygon", "coordinates": [[[-95.46187, 29.67075], [-95.46374, 29.66535], [-95.464, 29.6643], [-95.44652, 29.6645], [-95.44657, 29.66878], [-95.44684, 29.67947], [-95.45331, 29.67932], [-95.45579, 29.67951], [-95.45675, 29.67991], [-95.45817, 29.68125], [-95.45905, 29.6814], [-95.45908, 29.67916], [-95.45957, 29.67664], [-95.46187, 29.67075]]]}, "properties": {"GEOID": "48201420300", "LILATracts_1And10": 0, "LILATracts_halfAnd10": 0, "LILATracts_Vehicle": 0, "LowIncomeTracts": 0, "LA1and10": 0, "lowincome_lowaccess_share": 3.9208, "pct_zero_car": 0.0462}}, {"type": "Feature", "geometry": {"type": "Polygon", "coordinates": [[[-95.48125, 29.65272], [-95.48227, 29.65047], [-95.4821, 29.64464], [-95.48245, 29.64341], [-95.48234, 29.64027], [-95.47285, 29.64404], [-95.46374, 29.64749], [-95.46374, 29.64788], [-95.46402, 29.66048], [-95.46583, 29.65927], [-95.46715, 29.65915], [-95.46815, 29.65818], [-95.46883, 29.65809], [-95.4691, 29.65733], [-95.4704, 29.65737], [-95.4775, 29.6529], [-95.47988, 29.65255], [-95.48125, 29.65272]]]}, "properties": {"GEOID": "48201420500", "LILATracts_1And10": 1, "LILATracts_halfAnd10": 1, "LILATracts_Vehicle": 0, "LowIncomeTracts": 1, "LA1and10": 1, "lowincome_lowaccess_share": 50.8898, "pct_zero_car": 0.1048}}, {"type": "Feature", "geometry": {"type": "Polygon", "coordinates": [[[-95.26397, 29.65561], [-95.26491, 29.65317], [-95.265, 29.65195], [-95.26719, 29.65193], [-95.26688, 29.63676], [-95.26557, 29.63596], [-95.26463, 29.63596], [-95.26461, 29.63247], [-95.26682, 29.63243], [-95.26673, 29.62644], [-95.26105, 29.62662], [-95.24853, 29.62716], [-95.23852, 29.62759], [-95.22906, 29.6277], [-95.24336, 29.64074], [-95.24458, 29.64203], [-95.24661, 29.64496], [-95.25159, 29.6525], [-95.25337, 29.65218], [-95.25811, 29.65213], [-95.25949, 29.65242], [-95.26118, 29.65331], [-95.26397, 29.65561]]]}, "properties": {"GEOID": "48201333300", "LILATracts_1And10": 0, "LILATracts_halfAnd10": 0, "LILATracts_Vehicle": 0, "LowIncomeTracts": 1, "LA1and10": 0, "lowincome_lowaccess_share": 2.5518, "pct_zero_car": 0.0918}}, {"type": "Feature", "geometry": {"type": "Polygon", "coordinates": [[[-95.28875, 29.65753], [-95.2885, 29.64194], [-95.28882, 29.63958], [-95.28875, 29.63816], [-95.28811, 29.63645], [-95.28664, 29.63432], [-95.28287, 29.63434], [-95.26913, 29.63454], [-95.26686, 29.6331], [-95.26682, 29.63243], [-95.26461, 29.63247], [-95.26463, 29.63596], [-95.26557, 29.63596], [-95.26688, 29.63676], [-95.26719, 29.65193], [-95.265, 29.65195], [-95.26491, 29.65317], [-95.26397, 29.65561], [-95.266, 29.65715], [-95.26763, 29.65786], [-95.2696, 29.65806], [-95.2767, 29.6579], [-95.28327, 29.65776], [-95.28556, 29.65738], [-95.28577, 29.6576], [-95.28875, 29.65753]]]}, "properties": {"GEOID": "48201980000", "LILATracts_1And10": 1, "LILATracts_halfAnd10": 1, "LILATracts_Vehicle": 0, "LowIncomeTracts": 1, "LA1and10": 1, "lowincome_lowaccess_share": 93.5809, "pct_zero_car": 0.0}}, {"type": "Feature", "geometry": {"type": "Polygon", "coordinates": [[[-95.31489, 29.65495], [-95.31221, 29.64586], [-95.30529, 29.64924], [-95.2919, 29.65587], [-95.28875, 29.65753], [-95.28906, 29.67318], [-95.29032, 29.67354], [-95.29128, 29.67284], [-95.29293, 29.67312], [-95.29544, 29.67264], [-95.29693, 29.67193], [-95.29726, 29.67122], [-95.29715, 29.66854], [-95.29839, 29.66719], [-95.30427, 29.66355], [-95.30718, 29.66096], [-95.30786, 29.65935], [-95.30877, 29.65793], [-95.31135, 29.6572], [-95.31263, 29.65534], [-95.31489, 29.65495]]]}, "properties": {"GEOID": "48201333600", "LILATracts_1And10": 0, "LILATracts_halfAnd10": 0, "LILATracts_Vehicle": 0, "LowIncomeTracts": 0, "LA1and10": 1, "lowincome_lowaccess_share": 36.8752, "pct_zero_car": 0.023}}, {"type": "Feature", "geometry": {"type": "Polygon", "coordinates": [[[-95.38471, 29.85944], [-95.38448, 29.84552], [-95.37774, 29.8456], [-95.37084, 29.84572], [-95.36886, 29.84617], [-95.36029, 29.8463], [-95.35905, 29.8465], [-95.36222, 29.8592], [-95.36471, 29.85903], [-95.37201, 29.85904], [-95.37281, 29.85928], [-95.3763, 29.85941], [-95.38254, 29.85932], [-95.38471, 29.85944]]]}, "properties": {"GEOID": "48201221300", "LILATracts_1And10": 0, "LILATracts_halfAnd10": 1, "LILATracts_Vehicle": 0, "LowIncomeTracts": 1, "LA1and10": 0, "lowincome_lowaccess_share": 41.8013, "pct_zero_car": 0.0321}}, {"type": "Feature", "geometry": {"type": "Polygon", "coordinates": [[[-95.29196, 29.83134], [-95.29193, 29.82904], [-95.29202, 29.81167], [-95.29172, 29.80832], [-95.29144, 29.80723], [-95.29128, 29.80481], [-95.29017, 29.80422], [-95.28407, 29.80428], [-95.28157, 29.80343], [-95.28014, 29.80247], [-95.2697, 29.80705], [-95.26981, 29.81609], [-95.27009, 29.83145], [-95.28347, 29.83133], [-95.28847, 29.83132], [-95.29196, 29.83134]]]}, "properties": {"GEOID": "48201230900", "LILATracts_1And10": 0, "LILATracts_halfAnd10": 1, "LILATracts_Vehicle": 1, "LowIncomeTracts": 1, "LA1and10": 0, "lowincome_lowaccess_share": 37.3681, "pct_zero_car": 0.197}}, {"type": "Feature", "geometry": {"type": "Polygon", "coordinates": [[[-95.28817, 29.85123], [-95.28839, 29.84936], [-95.28848, 29.84267], [-95.28842, 29.83862], [-95.28847, 29.83132], [-95.28347, 29.83133], [-95.27009, 29.83145], [-95.27015, 29.83617], [-95.26959, 29.83657], [-95.26272, 29.83659], [-95.26221, 29.83719], [-95.26232, 29.8481], [-95.26288, 29.84805], [-95.26473, 29.84681], [-95.26623, 29.84687], [-95.26811, 29.846], [-95.26953, 29.84448], [-95.27064, 29.84518], [-95.27245, 29.84493], [-95.27451, 29.84574], [-95.27547, 29.84781], [-95.27794, 29.84855], [-95.28241, 29.84864], [-95.28532, 29.8504], [-95.28817, 29.85123]]]}, "properties": {"GEOID": "48201231000", "LILATracts_1And10": 0, "LILATracts_halfAnd10": 1, "LILATracts_Vehicle": 1, "LowIncomeTracts": 1, "LA1and10": 0, "lowincome_lowaccess_share": 47.4462, "pct_zero_car": 0.1173}}, {"type": "Feature", "geometry": {"type": "Polygon", "coordinates": [[[-95.12447, 30.14451], [-95.12433, 30.14386], [-95.12481, 30.14136], [-95.12426, 30.14094], [-95.12406, 30.13979], [-95.12455, 30.13898], [-95.12614, 30.1389], [-95.12552, 30.13794], [-95.12608, 30.13671], [-95.12685, 30.13701], [-95.1277, 30.13637], [-95.12823, 30.13356], [-95.12919, 30.13291], [-95.12875, 30.13193], [-95.12795, 30.13155], [-95.12853, 30.12913], [-95.13034, 30.12775], [-95.13098, 30.12825], [-95.13075, 30.12705], [-95.13122, 30.12531], [-95.13125, 30.12404], [-95.1334, 30.12118], [-95.13376, 30.1203], [-95.13463, 30.11983], [-95.13561, 30.1187], [-95.1376, 30.11771], [-95.13821, 30.11619], [-95.13786, 30.11368], [-95.13849, 30.11299], [-95.14013, 30.11219], [-95.14143, 30.11244], [-95.14346, 30.1109], [-95.14476, 30.10925], [-95.14702, 30.1092], [-95.14714, 30.10841], [-95.14803, 30.10775], [-95.14972, 30.10758], [-95.15027, 30.10791], [-95.15142, 30.10761], [-95.15111, 30.10674], [-95.14982, 30.10525], [-95.14992, 30.10477], [-95.15121, 30.10436], [-95.15091, 30.10234], [-95.14968, 30.10148], [-95.14953, 30.1008], [-95.15069, 30.10006], [-95.15066, 30.09954], [-95.14924, 30.09874], [-95.14971, 30.09693], [-95.14858, 30.09606], [-95.14871, 30.09537], [-95.14786, 30.09368], [-95.14851, 30.09242], [-95.1488, 30.091], [-95.14957, 30.08998], [-95.15053, 30.08967], [-95.15022, 30.08844], [-95.14875, 30.08796], [-95.14855, 30.0874], [-95.14913, 30.08649], [-95.15295, 30.08556], [-95.15431, 30.08408], [-95.15578, 30.08284], [-95.15478, 30.08179], [-95.15471, 30.08083], [-95.15353, 30.07954], [-95.15323, 30.07845], [-95.15357, 30.07717], [-95.15524, 30.07585], [-95.15569, 30.07488], [-95.1555, 30.07393], [-95.15418, 30.07249], [-95.15275, 30.07168], [-95.15067, 30.07107], [-95.1492, 30.07127], [-95.14823, 30.07177], [-95.14665, 30.07166], [-95.14532, 30.06983], [-95.14502, 30.06795], [-95.14501, 30.06575], [-95.14313, 30.06305], [-95.14009, 30.06025], [-95.13836, 30.05945], [-95.13682, 30.05798], [-95.1335, 30.05648], [-95.13194, 30.05497], [-95.13096, 30.0518], [-95.13006, 30.04982], [-95.12734, 30.04804], [-95.12492, 30.04586], [-95.1236, 30.04347], [-95.12343, 30.04157], [-95.1195, 30.0439], [-95.11858, 30.04495], [-95.11844, 30.04676], [-95.11567, 30.04744], [-95.11424, 30.04761], [-95.11157, 30.04746], [-95.10982, 30.04845], [-95.10766, 30.04866], [-95.10668, 30.04941], [-95.10547, 30.05086], [-95.10323, 30.05205], [-95.10239, 30.05406], [-95.10137, 30.05421], [-95.1, 30.05547], [-95.10008, 30.05662], [-95.1015, 30.0574], [-95.10176, 30.05807], [-95.10209, 30.06081], [-95.10158, 30.06127], [-95.10138, 30.06277], [-95.10062, 30.0634], [-95.10116, 30.06467], [-95.10108, 30.06546], [-95.10013, 30.06545], [-95.09871, 30.06642], [-95.09773, 30.06744], [-95.09755, 30.06867], [-95.0963, 30.06875], [-95.09546, 30.06938], [-95.09549, 30.07013], [-95.09412, 30.07061], [-95.09511, 30.07164], [-95.0946, 30.07202], [-95.09276, 30.07217], [-95.09202, 30.07289], [-95.09277, 30.07339], [-95.09207, 30.07656], [-95.09252, 30.07787], [-95.09149, 30.07899], [-95.09256, 30.07965], [-95.09181, 30.08011], [-95.09179, 30.08097], [-95.09056, 30.08083], [-95.09066, 30.08167], [-95.09163, 30.08211], [-95.09186, 30.08334], [-95.09077, 30.08439], [-95.09054, 30.08367], [-95.08964, 30.08378], [-95.09043, 30.08475], [-95.08916, 30.08642], [-95.08703, 30.08608], [-95.08442, 30.0881], [-95.08388, 30.08893], [-95.08423, 30.08976], [-95.08547, 30.09082], [-95.08467, 30.09123], [-95.08395, 30.0923], [-95.08364, 30.09147], [-95.08167, 30.09162], [-95.08203, 30.09242], [-95.08059, 30.09342], [-95.08033, 30.09411], [-95.08073, 30.09492], [-95.08014, 30.0953], [-95.07871, 30.09514], [-95.07862, 30.09625], [-95.07989, 30.09686], [-95.07901, 30.09764], [-95.07921, 30.09842], [-95.07812, 30.099], [-95.07874, 30.1002], [-95.07794, 30.10071], [-95.07656, 30.10098], [-95.07653, 30.10194], [-95.07543, 30.1017], [-95.07519, 30.10265], [-95.07448, 30.10291], [-95.07409, 30.10174], [-95.0726, 30.10305], [-95.07328, 30.10371], [-95.08459, 30.1355], [-95.08525, 30.13718], [-95.09306, 30.15809], [-95.09547, 30.16379], [-95.09671, 30.16721], [-95.11545, 30.15209], [-95.12401, 30.14502], [-95.12447, 30.14451]]]}, "properties": {"GEOID": "48201251600", "LILATracts_1And10": 0, "LILATracts_halfAnd10": 0, "LILATracts_Vehicle": 0, "LowIncomeTracts": 0, "LA1and10": 0, "lowincome_lowaccess_share": 19.3584, "pct_zero_car": 0.0098}}, {"type": "Feature", "geometry": {"type": "Polygon", "coordinates": [[[-95.32859, 29.67206], [-95.32873, 29.66857], [-95.32855, 29.66136], [-95.31685, 29.66156], [-95.3182, 29.66611], [-95.32014, 29.67266], [-95.32109, 29.67223], [-95.32859, 29.67206]]]}, "properties": {"GEOID": "48201332300", "LILATracts_1And10": 1, "LILATracts_halfAnd10": 1, "LILATracts_Vehicle": 0, "LowIncomeTracts": 1, "LA1and10": 1, "lowincome_lowaccess_share": 57.6311, "pct_zero_car": 0.0863}}, {"type": "Feature", "geometry": {"type": "Polygon", "coordinates": [[[-94.96782, 29.73209], [-94.96895, 29.72947], [-94.96951, 29.7286], [-94.97155, 29.72354], [-94.97155, 29.72276], [-94.97018, 29.7229], [-94.96652, 29.7227], [-94.96455, 29.72279], [-94.96299, 29.72325], [-94.96067, 29.72492], [-94.96, 29.72616], [-94.95959, 29.72732], [-94.95742, 29.73228], [-94.95939, 29.73286], [-94.95911, 29.73371], [-94.96611, 29.73603], [-94.96782, 29.73209]]]}, "properties": {"GEOID": "48201254200", "LILATracts_1And10": 1, "LILATracts_halfAnd10": 1, "LILATracts_Vehicle": 0, "LowIncomeTracts": 1, "LA1and10": 1, "lowincome_lowaccess_share": 50.3488, "pct_zero_car": 0.0214}}, {"type": "Feature", "geometry": {"type": "Polygon", "coordinates": [[[-95.21997, 29.71029], [-95.21987, 29.70525], [-95.21983, 29.69719], [-95.21967, 29.69067], [-95.21753, 29.69074], [-95.2166, 29.69193], [-95.21634, 29.69484], [-95.21695, 29.69642], [-95.21679, 29.698], [-95.21634, 29.70178], [-95.21662, 29.70372], [-95.21656, 29.70575], [-95.21567, 29.70739], [-95.21551, 29.70838], [-95.21657, 29.7107], [-95.21997, 29.71029]]]}, "properties": {"GEOID": "48201322000", "LILATracts_1And10": 0, "LILATracts_halfAnd10": 0, "LILATracts_Vehicle": 0, "LowIncomeTracts": 1, "LA1and10": 0, "lowincome_lowaccess_share": 4.0751, "pct_zero_car": 0.089}}, {"type": "Feature", "geometry": {"type": "Polygon", "coordinates": [[[-95.21679, 29.698], [-95.21695, 29.69642], [-95.21634, 29.69484], [-95.2166, 29.69193], [-95.21753, 29.69074], [-95.21725, 29.68697], [-95.21608, 29.68511], [-95.21616, 29.684], [-95.2156, 29.68267], [-95.21453, 29.68106], [-95.21368, 29.67915], [-95.2118, 29.67861], [-95.21063, 29.67774], [-95.20956, 29.67532], [-95.20854, 29.67423], [-95.20801, 29.67417], [-95.20804, 29.67527], [-95.20817, 29.67649], [-95.20884, 29.67808], [-95.20899, 29.68359], [-95.20915, 29.68797], [-95.21077, 29.68983], [-95.21127, 29.69077], [-95.20098, 29.69087], [-95.20105, 29.69813], [-95.20937, 29.69806], [-95.21679, 29.698]]]}, "properties": {"GEOID": "48201322100", "LILATracts_1And10": 0, "LILATracts_halfAnd10": 1, "LILATracts_Vehicle": 0, "LowIncomeTracts": 1, "LA1and10": 0, "lowincome_lowaccess_share": 16.9802, "pct_zero_car": 0.0688}}, {"type": "Feature", "geometry": {"type": "Polygon", "coordinates": [[[-95.21679, 29.698], [-95.20937, 29.69806], [-95.20949, 29.7035], [-95.20953, 29.71135], [-95.21657, 29.7107], [-95.21551, 29.70838], [-95.21567, 29.70739], [-95.21656, 29.70575], [-95.21662, 29.70372], [-95.21634, 29.70178], [-95.21679, 29.698]]]}, "properties": {"GEOID": "48201322200", "LILATracts_1And10": 0, "LILATracts_halfAnd10": 0, "LILATracts_Vehicle": 0, "LowIncomeTracts": 1, "LA1and10": 0, "lowincome_lowaccess_share": 0, "pct_zero_car": 0.1538}}, {"type": "Feature", "geometry": {"type": "Polygon", "coordinates": [[[-95.35629, 29.64822], [-95.35602, 29.64241], [-95.35595, 29.63786], [-95.35517, 29.63812], [-95.34937, 29.6381], [-95.34883, 29.63793], [-95.3487, 29.63622], [-95.33939, 29.63696], [-95.33194, 29.63759], [-95.32399, 29.63752], [-95.32399, 29.63882], [-95.3101, 29.63904], [-95.31114, 29.64218], [-95.31221, 29.64586], [-95.31489, 29.65495], [-95.31659, 29.65416], [-95.31745, 29.65234], [-95.31894, 29.65117], [-95.32013, 29.65063], [-95.32496, 29.65043], [-95.32707, 29.64946], [-95.32852, 29.64967], [-95.32969, 29.64893], [-95.33132, 29.64669], [-95.33231, 29.64634], [-95.33381, 29.64641], [-95.33513, 29.64543], [-95.33653, 29.64549], [-95.33698, 29.64512], [-95.33771, 29.64441], [-95.33846, 29.64434], [-95.3405, 29.64525], [-95.34133, 29.64602], [-95.34437, 29.64667], [-95.34492, 29.64767], [-95.34569, 29.64781], [-95.34856, 29.64706], [-95.35166, 29.64811], [-95.35219, 29.64905], [-95.35469, 29.64936], [-95.35629, 29.64822]]]}, "properties": {"GEOID": "48201331700", "LILATracts_1And10": 0, "LILATracts_halfAnd10": 1, "LILATracts_Vehicle": 0, "LowIncomeTracts": 1, "LA1and10": 0, "lowincome_lowaccess_share": 20.5615, "pct_zero_car": 0.1674}}, {"type": "Feature", "geometry": {"type": "Polygon", "coordinates": [[[-95.35552, 29.65844], [-95.35541, 29.65349], [-95.35606, 29.6505], [-95.35629, 29.64822], [-95.35469, 29.64936], [-95.35219, 29.64905], [-95.35166, 29.64811], [-95.34856, 29.64706], [-95.34569, 29.64781], [-95.34492, 29.64767], [-95.34437, 29.64667], [-95.34133, 29.64602], [-95.3405, 29.64525], [-95.33846, 29.64434], [-95.33771, 29.64441], [-95.33698, 29.64512], [-95.33728, 29.64801], [-95.33638, 29.65184], [-95.33651, 29.65862], [-95.33731, 29.65857], [-95.35485, 29.65837], [-95.35552, 29.65844]]]}, "properties": {"GEOID": "48201331800", "LILATracts_1And10": 0, "LILATracts_halfAnd10": 1, "LILATracts_Vehicle": 1, "LowIncomeTracts": 1, "LA1and10": 0, "lowincome_lowaccess_share": 51.5212, "pct_zero_car": 0.2527}}, {"type": "Feature", "geometry": {"type": "Polygon", "coordinates": [[[-95.35571, 29.66909], [-95.35552, 29.65844], [-95.35485, 29.65837], [-95.33731, 29.65857], [-95.33651, 29.65862], [-95.33666, 29.66193], [-95.33713, 29.6639], [-95.3372, 29.66634], [-95.34534, 29.6662], [-95.3476, 29.66678], [-95.35048, 29.66699], [-95.35311, 29.66777], [-95.35571, 29.66909]]]}, "properties": {"GEOID": "48201331900", "LILATracts_1And10": 0, "LILATracts_halfAnd10": 1, "LILATracts_Vehicle": 0, "LowIncomeTracts": 1, "LA1and10": 0, "lowincome_lowaccess_share": 29.0309, "pct_zero_car": 0.0734}}, {"type": "Feature", "geometry": {"type": "Polygon", "coordinates": [[[-95.28875, 29.65753], [-95.2919, 29.65587], [-95.30529, 29.64924], [-95.31221, 29.64586], [-95.31114, 29.64218], [-95.3101, 29.63904], [-95.30466, 29.62086], [-95.28534, 29.62078], [-95.28547, 29.62545], [-95.28039, 29.62557], [-95.27844, 29.62594], [-95.26673, 29.62644], [-95.26682, 29.63243], [-95.26686, 29.6331], [-95.26913, 29.63454], [-95.28287, 29.63434], [-95.28664, 29.63432], [-95.28811, 29.63645], [-95.28875, 29.63816], [-95.28882, 29.63958], [-95.2885, 29.64194], [-95.28875, 29.65753]]]}, "properties": {"GEOID": "48201333700", "LILATracts_1And10": 1, "LILATracts_halfAnd10": 1, "LILATracts_Vehicle": 0, "LowIncomeTracts": 1, "LA1and10": 1, "lowincome_lowaccess_share": 40.9087, "pct_zero_car": 0.0082}}, {"type": "Feature", "geometry": {"type": "Polygon", "coordinates": [[[-95.38573, 29.76168], [-95.38568, 29.75417], [-95.38573, 29.75262], [-95.38573, 29.752], [-95.37875, 29.75209], [-95.37802, 29.75163], [-95.37684, 29.75312], [-95.37514, 29.75207], [-95.37449, 29.75288], [-95.3746, 29.75761], [-95.3732, 29.76116], [-95.37536, 29.76134], [-95.37706, 29.76114], [-95.37803, 29.76205], [-95.37891, 29.76232], [-95.38063, 29.76192], [-95.38133, 29.76223], [-95.38264, 29.76386], [-95.38351, 29.76365], [-95.38472, 29.76178], [-95.38573, 29.76168]]]}, "properties": {"GEOID": "48201410100", "LILATracts_1And10": 0, "LILATracts_halfAnd10": 1, "LILATracts_Vehicle": 0, "LowIncomeTracts": 1, "LA1and10": 0, "lowincome_lowaccess_share": 11.7539, "pct_zero_car": 0.0832}}, {"type": "Feature", "geometry": {"type": "Polygon", "coordinates": [[[-95.39842, 29.76186], [-95.39818, 29.76112], [-95.39802, 29.75323], [-95.39793, 29.75241], [-95.38573, 29.75262], [-95.38568, 29.75417], [-95.38573, 29.76168], [-95.38793, 29.76157], [-95.39118, 29.76256], [-95.39264, 29.76249], [-95.39468, 29.76293], [-95.39602, 29.76281], [-95.39842, 29.76186]]]}, "properties": {"GEOID": "48201410200", "LILATracts_1And10": 0, "LILATracts_halfAnd10": 0, "LILATracts_Vehicle": 0, "LowIncomeTracts": 0, "LA1and10": 0, "lowincome_lowaccess_share": 6.0005, "pct_zero_car": 0.022}}, {"type": "Feature", "geometry": {"type": "Polygon", "coordinates": [[[-95.31894, 29.84053], [-95.3188, 29.82814], [-95.31857, 29.82332], [-95.31665, 29.82485], [-95.31385, 29.82763], [-95.30818, 29.83305], [-95.30205, 29.83901], [-95.3021, 29.84074], [-95.31082, 29.84068], [-95.31894, 29.84053]]]}, "properties": {"GEOID": "48201230300", "LILATracts_1And10": 1, "LILATracts_halfAnd10": 1, "LILATracts_Vehicle": 0, "LowIncomeTracts": 1, "LA1and10": 1, "lowincome_lowaccess_share": 54.5109, "pct_zero_car": 0.1173}}, {"type": "Feature", "geometry": {"type": "Polygon", "coordinates": [[[-95.77383, 29.87515], [-95.77365, 29.85121], [-95.76978, 29.85679], [-95.76819, 29.85606], [-95.76746, 29.8541], [-95.76802, 29.85309], [-95.76852, 29.8532], [-95.76922, 29.85221], [-95.76891, 29.85134], [-95.76958, 29.85071], [-95.77073, 29.85044], [-95.77132, 29.8489], [-95.7706, 29.84839], [-95.77053, 29.8475], [-95.76972, 29.84757], [-95.76949, 29.84654], [-95.76663, 29.84467], [-95.7657, 29.84483], [-95.7637, 29.84295], [-95.76269, 29.84318], [-95.76235, 29.84251], [-95.76294, 29.84154], [-95.7622, 29.84074], [-95.75892, 29.83869], [-95.76002, 29.83738], [-95.75916, 29.83623], [-95.75962, 29.83489], [-95.76018, 29.8346], [-95.75901, 29.83348], [-95.7582, 29.83402], [-95.75608, 29.83387], [-95.75533, 29.83307], [-95.75459, 29.83298], [-95.75342, 29.83355], [-95.75301, 29.83208], [-95.75224, 29.83169], [-95.74042, 29.83182], [-95.73763, 29.83126], [-95.71987, 29.83117], [-95.71982, 29.83297], [-95.71903, 29.83561], [-95.71883, 29.83698], [-95.71891, 29.84291], [-95.71915, 29.84458], [-95.71919, 29.84694], [-95.71861, 29.85193], [-95.71871, 29.8572], [-95.72028, 29.86135], [-95.72039, 29.86226], [-95.72046, 29.87101], [-95.72075, 29.87244], [-95.7215, 29.87378], [-95.72334, 29.87605], [-95.72381, 29.87746], [-95.72384, 29.8797], [-95.74081, 29.87962], [-95.74218, 29.87948], [-95.74423, 29.87865], [-95.74665, 29.87653], [-95.74819, 29.87573], [-95.75016, 29.87527], [-95.75719, 29.87526], [-95.77383, 29.87515]]]}, "properties": {"GEOID": "48201542200", "LILATracts_1And10": 0, "LILATracts_halfAnd10": 0, "LILATracts_Vehicle": 0, "LowIncomeTracts": 0, "LA1and10": 1, "lowincome_lowaccess_share": 20.4594, "pct_zero_car": 0.0149}}, {"type": "Feature", "geometry": {"type": "Polygon", "coordinates": [[[-95.53627, 29.6563], [-95.5438, 29.65623], [-95.54553, 29.65578], [-95.55036, 29.65349], [-95.5463, 29.65003], [-95.54046, 29.64524], [-95.53692, 29.64223], [-95.53601, 29.64323], [-95.53606, 29.6454], [-95.53627, 29.6563]]]}, "properties": {"GEOID": "48201423500", "LILATracts_1And10": 0, "LILATracts_halfAnd10": 0, "LILATracts_Vehicle": 0, "LowIncomeTracts": 0, "LA1and10": 0, "lowincome_lowaccess_share": 22.278, "pct_zero_car": 0.0}}, {"type": "Feature", "geometry": {"type": "Polygon", "coordinates": [[[-95.43995, 29.67951], [-95.43977, 29.66558], [-95.4397, 29.66247], [-95.42764, 29.67772], [-95.43535, 29.67936], [-95.43672, 29.67956], [-95.43995, 29.67951]]]}, "properties": {"GEOID": "48201420100", "LILATracts_1And10": 0, "LILATracts_halfAnd10": 1, "LILATracts_Vehicle": 1, "LowIncomeTracts": 1, "LA1and10": 0, "lowincome_lowaccess_share": 21.3092, "pct_zero_car": 0.238}}, {"type": "Feature", "geometry": {"type": "Polygon", "coordinates": [[[-95.52639, 29.83252], [-95.52628, 29.82195], [-95.52068, 29.82197], [-95.5174, 29.82113], [-95.51624, 29.82105], [-95.50963, 29.82114], [-95.5092, 29.8234], [-95.50932, 29.83271], [-95.52639, 29.83252]]]}, "properties": {"GEOID": "48201521500", "LILATracts_1And10": 0, "LILATracts_halfAnd10": 1, "LILATracts_Vehicle": 0, "LowIncomeTracts": 1, "LA1and10": 0, "lowincome_lowaccess_share": 4.9559, "pct_zero_car": 0.0439}}, {"type": "Feature", "geometry": {"type": "Polygon", "coordinates": [[[-95.43664, 30.11037], [-95.43579, 30.10757], [-95.43578, 30.10537], [-95.43427, 30.10549], [-95.43346, 30.10487], [-95.42508, 30.10109], [-95.41736, 30.09753], [-95.41658, 30.09707], [-95.41516, 30.09561], [-95.41471, 30.09468], [-95.41067, 30.08012], [-95.41058, 30.0786], [-95.41136, 30.07456], [-95.40534, 30.06625], [-95.40386, 30.06642], [-95.40184, 30.0662], [-95.40029, 30.06562], [-95.39786, 30.0638], [-95.3956, 30.06294], [-95.39397, 30.06286], [-95.3917, 30.06348], [-95.37927, 30.0703], [-95.37293, 30.07403], [-95.37083, 30.07368], [-95.36988, 30.07389], [-95.36915, 30.07465], [-95.36912, 30.07533], [-95.36825, 30.07714], [-95.36665, 30.07765], [-95.36757, 30.07802], [-95.36956, 30.07796], [-95.37102, 30.07834], [-95.37261, 30.07917], [-95.37374, 30.0803], [-95.37416, 30.08158], [-95.37437, 30.0835], [-95.37423, 30.08563], [-95.37497, 30.08637], [-95.37586, 30.08603], [-95.37713, 30.08614], [-95.37923, 30.08747], [-95.38157, 30.08715], [-95.3836, 30.08794], [-95.38476, 30.08777], [-95.38494, 30.08575], [-95.38587, 30.08502], [-95.3874, 30.08467], [-95.38953, 30.08521], [-95.38997, 30.08493], [-95.39065, 30.083], [-95.39174, 30.08273], [-95.39264, 30.08323], [-95.39562, 30.08403], [-95.39849, 30.08583], [-95.39902, 30.08777], [-95.39987, 30.0899], [-95.40224, 30.09166], [-95.40457, 30.09185], [-95.40594, 30.09223], [-95.40729, 30.093], [-95.40987, 30.09272], [-95.41091, 30.09467], [-95.41232, 30.0949], [-95.41276, 30.09582], [-95.41054, 30.09806], [-95.41061, 30.09924], [-95.41221, 30.09939], [-95.41174, 30.10085], [-95.41385, 30.10134], [-95.41639, 30.10314], [-95.41799, 30.10392], [-95.41906, 30.10505], [-95.4188, 30.10587], [-95.41884, 30.10872], [-95.42082, 30.10887], [-95.42118, 30.10943], [-95.42233, 30.10973], [-95.423, 30.11086], [-95.42291, 30.1121], [-95.42347, 30.11332], [-95.42357, 30.11453], [-95.42422, 30.11549], [-95.4256, 30.11562], [-95.42674, 30.11537], [-95.42992, 30.11358], [-95.43062, 30.11391], [-95.43284, 30.11363], [-95.43513, 30.11298], [-95.43595, 30.11192], [-95.43664, 30.11037]]]}, "properties": {"GEOID": "48201241400", "LILATracts_1And10": 1, "LILATracts_halfAnd10": 1, "LILATracts_Vehicle": 1, "LowIncomeTracts": 1, "LA1and10": 1, "lowincome_lowaccess_share": 27.5337, "pct_zero_car": 0.0641}}, {"type": "Feature", "geometry": {"type": "Polygon", "coordinates": [[[-95.08692, 29.66438], [-95.08661, 29.65392], [-95.08642, 29.65141], [-95.08371, 29.6517], [-95.07332, 29.65185], [-95.07331, 29.65356], [-95.07283, 29.65604], [-95.07085, 29.66099], [-95.07059, 29.66223], [-95.07057, 29.66459], [-95.08692, 29.66438]]]}, "properties": {"GEOID": "48201343100", "LILATracts_1And10": 0, "LILATracts_halfAnd10": 0, "LILATracts_Vehicle": 0, "LowIncomeTracts": 0, "LA1and10": 0, "lowincome_lowaccess_share": 8.5682, "pct_zero_car": 0.006}}, {"type": "Feature", "geometry": {"type": "Polygon", "coordinates": [[[-95.32887, 29.75984], [-95.33088, 29.7574], [-95.33021, 29.757], [-95.33418, 29.75185], [-95.33946, 29.74516], [-95.32965, 29.74212], [-95.32859, 29.7435], [-95.32717, 29.74697], [-95.3255, 29.74906], [-95.32056, 29.75564], [-95.32005, 29.75612], [-95.32298, 29.75733], [-95.32518, 29.75965], [-95.32621, 29.75992], [-95.32887, 29.75984]]]}, "properties": {"GEOID": "48201310400", "LILATracts_1And10": 1, "LILATracts_halfAnd10": 1, "LILATracts_Vehicle": 1, "LowIncomeTracts": 1, "LA1and10": 1, "lowincome_lowaccess_share": 55.2125, "pct_zero_car": 0.1609}}, {"type": "Feature", "geometry": {"type": "Polygon", "coordinates": [[[-95.36312, 29.68997], [-95.36559, 29.68382], [-95.36665, 29.68097], [-95.36054, 29.68055], [-95.35828, 29.68059], [-95.35596, 29.68092], [-95.35574, 29.68404], [-95.35089, 29.69615], [-95.34855, 29.70177], [-95.3524, 29.70293], [-95.35415, 29.70266], [-95.35942, 29.70237], [-95.35931, 29.70049], [-95.35956, 29.69878], [-95.36312, 29.68997]]]}, "properties": {"GEOID": "48201313600", "LILATracts_1And10": 0, "LILATracts_halfAnd10": 0, "LILATracts_Vehicle": 0, "LowIncomeTracts": 1, "LA1and10": 0, "lowincome_lowaccess_share": 1.7659, "pct_zero_car": 0.2872}}, {"type": "Feature", "geometry": {"type": "Polygon", "coordinates": [[[-95.37628, 29.69806], [-95.36779, 29.69546], [-95.36921, 29.69188], [-95.36312, 29.68997], [-95.35956, 29.69878], [-95.35931, 29.70049], [-95.35942, 29.70237], [-95.37233, 29.70161], [-95.3743, 29.70102], [-95.37542, 29.70099], [-95.37628, 29.69806]]]}, "properties": {"GEOID": "48201313700", "LILATracts_1And10": 0, "LILATracts_halfAnd10": 0, "LILATracts_Vehicle": 0, "LowIncomeTracts": 1, "LA1and10": 0, "lowincome_lowaccess_share": 4.9381, "pct_zero_car": 0.1832}}, {"type": "Feature", "geometry": {"type": "Polygon", "coordinates": [[[-95.27716, 29.9824], [-95.2786, 29.97865], [-95.27985, 29.97635], [-95.28459, 29.96571], [-95.29176, 29.94955], [-95.29236, 29.94806], [-95.29598, 29.93996], [-95.28833, 29.94012], [-95.28333, 29.94055], [-95.27856, 29.94491], [-95.26677, 29.95577], [-95.26147, 29.95816], [-95.25911, 29.95932], [-95.25381, 29.96168], [-95.25034, 29.96199], [-95.24802, 29.96197], [-95.24616, 29.96201], [-95.24414, 29.96277], [-95.23004, 29.97246], [-95.21876, 29.97863], [-95.21743, 29.97934], [-95.21897, 29.98027], [-95.22032, 29.98063], [-95.22365, 29.98062], [-95.2254, 29.98035], [-95.2334, 29.97828], [-95.2353, 29.97804], [-95.23761, 29.97815], [-95.24173, 29.97903], [-95.24382, 29.9792], [-95.25893, 29.97901], [-95.26093, 29.97931], [-95.26981, 29.98089], [-95.27208, 29.9808], [-95.27392, 29.9811], [-95.27716, 29.9824]]]}, "properties": {"GEOID": "48201250100", "LILATracts_1And10": 0, "LILATracts_halfAnd10": 0, "LILATracts_Vehicle": 0, "LowIncomeTracts": 0, "LA1and10": 1, "lowincome_lowaccess_share": 21.717, "pct_zero_car": 0.0121}}, {"type": "Feature", "geometry": {"type": "Polygon", "coordinates": [[[-95.24802, 29.96197], [-95.25034, 29.96199], [-95.25381, 29.96168], [-95.25911, 29.95932], [-95.26147, 29.95816], [-95.26677, 29.95577], [-95.27856, 29.94491], [-95.28333, 29.94055], [-95.28057, 29.94079], [-95.27722, 29.94059], [-95.27289, 29.93987], [-95.26669, 29.9378], [-95.25919, 29.93552], [-95.25612, 29.93481], [-95.25202, 29.93443], [-95.24951, 29.9345], [-95.24954, 29.93967], [-95.2497, 29.94962], [-95.24967, 29.95099], [-95.24916, 29.95299], [-95.24812, 29.95547], [-95.24793, 29.95677], [-95.24802, 29.96197]]]}, "properties": {"GEOID": "48201250200", "LILATracts_1And10": 0, "LILATracts_halfAnd10": 0, "LILATracts_Vehicle": 0, "LowIncomeTracts": 0, "LA1and10": 0, "lowincome_lowaccess_share": 28.2564, "pct_zero_car": 0.0148}}, {"type": "Feature", "geometry": {"type": "Polygon", "coordinates": [[[-95.21242, 29.99945], [-95.21239, 29.98185], [-95.19814, 29.98662], [-95.16923, 29.99623], [-95.16573, 29.9973], [-95.16503, 29.99822], [-95.16777, 29.99823], [-95.18458, 29.99864], [-95.19332, 29.9988], [-95.19637, 29.99885], [-95.2105, 29.99947], [-95.21242, 29.99945]]]}, "properties": {"GEOID": "48201250500", "LILATracts_1And10": 0, "LILATracts_halfAnd10": 0, "LILATracts_Vehicle": 0, "LowIncomeTracts": 0, "LA1and10": 0, "lowincome_lowaccess_share": 4.8128, "pct_zero_car": 0.0248}}, {"type": "Feature", "geometry": {"type": "Polygon", "coordinates": [[[-95.26824, 30.00502], [-95.27028, 30.00033], [-95.27122, 29.99746], [-95.27459, 29.98901], [-95.27716, 29.9824], [-95.27392, 29.9811], [-95.27208, 29.9808], [-95.26981, 29.98089], [-95.26093, 29.97931], [-95.25893, 29.97901], [-95.24382, 29.9792], [-95.24173, 29.97903], [-95.23761, 29.97815], [-95.2353, 29.97804], [-95.2334, 29.97828], [-95.2254, 29.98035], [-95.22365, 29.98062], [-95.22032, 29.98063], [-95.21897, 29.98027], [-95.21743, 29.97934], [-95.21522, 29.98056], [-95.21239, 29.98185], [-95.21242, 29.99945], [-95.22782, 29.99942], [-95.24211, 29.99925], [-95.2451, 29.99983], [-95.24696, 30.00076], [-95.25201, 30.0038], [-95.25328, 30.00442], [-95.25558, 30.00502], [-95.25687, 30.00512], [-95.26824, 30.00502]]]}, "properties": {"GEOID": "48201250600", "LILATracts_1And10": 1, "LILATracts_halfAnd10": 1, "LILATracts_Vehicle": 1, "LowIncomeTracts": 1, "LA1and10": 1, "lowincome_lowaccess_share": 40.0769, "pct_zero_car": 0.0365}}, {"type": "Feature", "geometry": {"type": "Polygon", "coordinates": [[[-95.24541, 29.68318], [-95.24575, 29.68138], [-95.24646, 29.67981], [-95.24554, 29.67891], [-95.24532, 29.67813], [-95.24407, 29.67658], [-95.24088, 29.67641], [-95.24001, 29.67533], [-95.23913, 29.67332], [-95.23733, 29.67279], [-95.23622, 29.67159], [-95.23554, 29.67031], [-95.23479, 29.66984], [-95.23349, 29.66969], [-95.23054, 29.66978], [-95.23066, 29.67574], [-95.22414, 29.67588], [-95.22722, 29.68002], [-95.22951, 29.68332], [-95.23032, 29.68338], [-95.24286, 29.6833], [-95.24541, 29.68318]]]}, "properties": {"GEOID": "48201321700", "LILATracts_1And10": 0, "LILATracts_halfAnd10": 0, "LILATracts_Vehicle": 0, "LowIncomeTracts": 0, "LA1and10": 0, "lowincome_lowaccess_share": null, "pct_zero_car": 0.0299}}, {"type": "Feature", "geometry": {"type": "Polygon", "coordinates": [[[-95.23454, 29.69049], [-95.22951, 29.68332], [-95.22153, 29.68335], [-95.22161, 29.69063], [-95.21967, 29.69067], [-95.21983, 29.69719], [-95.21987, 29.70525], [-95.21997, 29.71029], [-95.22215, 29.71002], [-95.22419, 29.70952], [-95.22814, 29.70766], [-95.2281, 29.69982], [-95.22795, 29.69283], [-95.22809, 29.69056], [-95.23454, 29.69049]]]}, "properties": {"GEOID": "48201321900", "LILATracts_1And10": 0, "LILATracts_halfAnd10": 1, "LILATracts_Vehicle": 0, "LowIncomeTracts": 1, "LA1and10": 0, "lowincome_lowaccess_share": 3.5673, "pct_zero_car": 0.0441}}, {"type": "Feature", "geometry": {"type": "Polygon", "coordinates": [[[-95.72384, 29.8797], [-95.72381, 29.87746], [-95.72334, 29.87605], [-95.7215, 29.87378], [-95.72075, 29.87244], [-95.72046, 29.87101], [-95.72039, 29.86226], [-95.72028, 29.86135], [-95.71663, 29.86199], [-95.71506, 29.86247], [-95.71013, 29.86466], [-95.70778, 29.86522], [-95.70361, 29.86473], [-95.69332, 29.86481], [-95.69147, 29.86521], [-95.6833, 29.86536], [-95.68335, 29.87803], [-95.6833, 29.87994], [-95.72384, 29.8797]]]}, "properties": {"GEOID": "48201542102", "LILATracts_1And10": 0, "LILATracts_halfAnd10": 0, "LILATracts_Vehicle": 0, "LowIncomeTracts": 0, "LA1and10": 0, "lowincome_lowaccess_share": 20.8856, "pct_zero_car": 0.0057}}, {"type": "Feature", "geometry": {"type": "Polygon", "coordinates": [[[-95.71841, 29.89447], [-95.71834, 29.89067], [-95.7187, 29.88884], [-95.71967, 29.88729], [-95.72259, 29.88478], [-95.72333, 29.8837], [-95.72387, 29.8818], [-95.72384, 29.8797], [-95.6833, 29.87994], [-95.68344, 29.89392], [-95.68396, 29.8969], [-95.68554, 29.89659], [-95.68731, 29.89593], [-95.68912, 29.89567], [-95.69545, 29.89557], [-95.69876, 29.89485], [-95.70656, 29.89464], [-95.71841, 29.89447]]]}, "properties": {"GEOID": "48201543003", "LILATracts_1And10": 0, "LILATracts_halfAnd10": 0, "LILATracts_Vehicle": 0, "LowIncomeTracts": 0, "LA1and10": 1, "lowincome_lowaccess_share": 30.3036, "pct_zero_car": 0.0032}}, {"type": "Feature", "geometry": {"type": "Polygon", "coordinates": [[[-95.49537, 30.0158], [-95.49488, 30.01548], [-95.49419, 30.01382], [-95.49306, 30.01251], [-95.49033, 30.01075], [-95.48954, 30.00992], [-95.48606, 30.00538], [-95.48511, 30.00371], [-95.48091, 29.99755], [-95.47578, 30.00051], [-95.46537, 30.00629], [-95.46369, 30.00709], [-95.46489, 30.0086], [-95.47095, 30.01699], [-95.4743, 30.02174], [-95.47637, 30.02437], [-95.47729, 30.02397], [-95.47781, 30.02231], [-95.47886, 30.02176], [-95.47908, 30.02098], [-95.48004, 30.01991], [-95.48371, 30.02015], [-95.48463, 30.02091], [-95.48471, 30.02191], [-95.48413, 30.02335], [-95.48494, 30.02433], [-95.48579, 30.02447], [-95.48716, 30.02207], [-95.48786, 30.02178], [-95.48844, 30.02033], [-95.49032, 30.01993], [-95.49108, 30.01772], [-95.49114, 30.01656], [-95.49253, 30.01506], [-95.49361, 30.01583], [-95.49537, 30.0158]]]}, "properties": {"GEOID": "48201553002", "LILATracts_1And10": 0, "LILATracts_halfAnd10": 0, "LILATracts_Vehicle": 0, "LowIncomeTracts": 0, "LA1and10": 1, "lowincome_lowaccess_share": 28.9414, "pct_zero_car": 0.0466}}, {"type": "Feature", "geometry": {"type": "Polygon", "coordinates": [[[-95.51203, 30.0067], [-95.50056, 29.99086], [-95.49834, 29.98787], [-95.48494, 29.99524], [-95.48091, 29.99755], [-95.48511, 30.00371], [-95.48606, 30.00538], [-95.48954, 30.00992], [-95.49033, 30.01075], [-95.49306, 30.01251], [-95.49419, 30.01382], [-95.49488, 30.01548], [-95.49537, 30.0158], [-95.49636, 30.01363], [-95.49674, 30.01332], [-95.49731, 30.01246], [-95.49873, 30.01148], [-95.50053, 30.01194], [-95.50123, 30.0116], [-95.50107, 30.01035], [-95.50172, 30.00965], [-95.50149, 30.00868], [-95.50245, 30.00842], [-95.50346, 30.00933], [-95.50528, 30.00928], [-95.50798, 30.00952], [-95.50915, 30.00904], [-95.51032, 30.00951], [-95.51092, 30.00927], [-95.51203, 30.0067]]]}, "properties": {"GEOID": "48201553001", "LILATracts_1And10": 0, "LILATracts_halfAnd10": 0, "LILATracts_Vehicle": 0, "LowIncomeTracts": 0, "LA1and10": 1, "lowincome_lowaccess_share": 13.6041, "pct_zero_car": 0.028}}, {"type": "Feature", "geometry": {"type": "Polygon", "coordinates": [[[-95.54737, 30.10368], [-95.54759, 30.10185], [-95.54809, 30.10209], [-95.54866, 30.10135], [-95.55, 30.10081], [-95.5525, 30.10033], [-95.55288, 30.09976], [-95.55215, 30.09912], [-95.55208, 30.09796], [-95.5533, 30.09677], [-95.55363, 30.09602], [-95.55457, 30.09553], [-95.55373, 30.09382], [-95.55419, 30.09324], [-95.5534, 30.09233], [-95.55344, 30.09136], [-95.55437, 30.09111], [-95.55519, 30.08969], [-95.55614, 30.08728], [-95.55707, 30.08717], [-95.55763, 30.08625], [-95.55947, 30.08524], [-95.56075, 30.08485], [-95.56113, 30.08398], [-95.56256, 30.08361], [-95.56301, 30.08303], [-95.56406, 30.08329], [-95.56506, 30.08246], [-95.5615, 30.0792], [-95.55724, 30.07562], [-95.55542, 30.0744], [-95.55447, 30.07405], [-95.55179, 30.07328], [-95.54971, 30.0731], [-95.54237, 30.07316], [-95.53238, 30.07332], [-95.5254, 30.07402], [-95.51342, 30.0741], [-95.51539, 30.07601], [-95.53513, 30.09477], [-95.54442, 30.10272], [-95.54572, 30.10338], [-95.54737, 30.10368]]]}, "properties": {"GEOID": "48201554901", "LILATracts_1And10": 0, "LILATracts_halfAnd10": 0, "LILATracts_Vehicle": 0, "LowIncomeTracts": 0, "LA1and10": 1, "lowincome_lowaccess_share": 23.6876, "pct_zero_car": 0.0027}}, {"type": "Feature", "geometry": {"type": "Polygon", "coordinates": [[[-95.36818, 29.77932], [-95.36811, 29.77709], [-95.3674, 29.77494], [-95.36525, 29.77138], [-95.36504, 29.77055], [-95.36394, 29.7695], [-95.36128, 29.76765], [-95.35934, 29.76726], [-95.3562, 29.7682], [-95.35278, 29.76974], [-95.35097, 29.77013], [-95.34783, 29.77017], [-95.34502, 29.76981], [-95.34116, 29.76964], [-95.34045, 29.77169], [-95.34027, 29.77725], [-95.34022, 29.77859], [-95.34943, 29.77852], [-95.35135, 29.77836], [-95.35143, 29.78337], [-95.35686, 29.78332], [-95.36733, 29.77949], [-95.36818, 29.77932]]]}, "properties": {"GEOID": "48201212300", "LILATracts_1And10": 0, "LILATracts_halfAnd10": 1, "LILATracts_Vehicle": 0, "LowIncomeTracts": 1, "LA1and10": 0, "lowincome_lowaccess_share": 23.5599, "pct_zero_car": 0.1708}}, {"type": "Feature", "geometry": {"type": "Polygon", "coordinates": [[[-95.31592, 29.78761], [-95.31591, 29.78676], [-95.31455, 29.78733], [-95.30736, 29.78746], [-95.29176, 29.78762], [-95.29166, 29.78017], [-95.30117, 29.78], [-95.30117, 29.78014], [-95.30738, 29.78014], [-95.30741, 29.77436], [-95.30246, 29.77434], [-95.30063, 29.77453], [-95.29884, 29.77506], [-95.29327, 29.77736], [-95.28991, 29.77803], [-95.28404, 29.77811], [-95.2796, 29.77816], [-95.27823, 29.77806], [-95.26688, 29.77615], [-95.26408, 29.77572], [-95.26342, 29.77959], [-95.26366, 29.78118], [-95.2647, 29.78393], [-95.26722, 29.79016], [-95.26802, 29.79181], [-95.26933, 29.79456], [-95.27024, 29.79579], [-95.27165, 29.79687], [-95.28014, 29.80247], [-95.28434, 29.80102], [-95.28854, 29.79937], [-95.29694, 29.79565], [-95.29945, 29.79464], [-95.31592, 29.78761]]]}, "properties": {"GEOID": "48201212400", "LILATracts_1And10": 0, "LILATracts_halfAnd10": 1, "LILATracts_Vehicle": 0, "LowIncomeTracts": 1, "LA1and10": 0, "lowincome_lowaccess_share": 11.3892, "pct_zero_car": 0.073}}, {"type": "Feature", "geometry": {"type": "Polygon", "coordinates": [[[-95.25899, 30.02662], [-95.26312, 30.01654], [-95.26603, 30.01014], [-95.26824, 30.00502], [-95.25687, 30.00512], [-95.25558, 30.00502], [-95.25328, 30.00442], [-95.25201, 30.0038], [-95.24696, 30.00076], [-95.2451, 29.99983], [-95.24211, 29.99925], [-95.22782, 29.99942], [-95.21242, 29.99945], [-95.2105, 29.99947], [-95.19637, 29.99885], [-95.19332, 29.9988], [-95.19379, 30.00703], [-95.18483, 30.00742], [-95.18357, 30.00758], [-95.18114, 30.00855], [-95.17999, 30.00943], [-95.17846, 30.01107], [-95.17996, 30.01272], [-95.1807, 30.01453], [-95.18084, 30.01618], [-95.18054, 30.01744], [-95.17681, 30.02713], [-95.17755, 30.02661], [-95.17909, 30.02315], [-95.1809, 30.0218], [-95.1833, 30.02162], [-95.18702, 30.02209], [-95.19288, 30.02317], [-95.19777, 30.02461], [-95.20084, 30.02604], [-95.2046, 30.02608], [-95.20672, 30.0253], [-95.21094, 30.02409], [-95.21179, 30.02404], [-95.21273, 30.02399], [-95.21776, 30.02433], [-95.21966, 30.02393], [-95.22277, 30.02267], [-95.22618, 30.01956], [-95.22761, 30.01911], [-95.23139, 30.01875], [-95.23606, 30.02017], [-95.23932, 30.02202], [-95.24222, 30.02415], [-95.24529, 30.02622], [-95.2499, 30.02628], [-95.25307, 30.02618], [-95.25446, 30.02647], [-95.25899, 30.02662]]]}, "properties": {"GEOID": "48201250701", "LILATracts_1And10": 0, "LILATracts_halfAnd10": 0, "LILATracts_Vehicle": 0, "LowIncomeTracts": 0, "LA1and10": 0, "lowincome_lowaccess_share": 19.2273, "pct_zero_car": 0.0088}}, {"type": "Feature", "geometry": {"type": "Polygon", "coordinates": [[[-95.65634, 29.89667], [-95.6606, 29.89919], [-95.6637, 29.90017], [-95.66592, 29.90022], [-95.66936, 29.89955], [-95.66854, 29.89596], [-95.66845, 29.88983], [-95.66831, 29.88903], [-95.66815, 29.87901], [-95.65515, 29.87909], [-95.64957, 29.87916], [-95.64975, 29.88052], [-95.6511, 29.88266], [-95.65193, 29.88501], [-95.65199, 29.88748], [-95.6529, 29.88936], [-95.6541, 29.88981], [-95.65529, 29.89108], [-95.65634, 29.8928], [-95.65674, 29.89401], [-95.65677, 29.89585], [-95.65634, 29.89667]]]}, "properties": {"GEOID": "48201541202", "LILATracts_1And10": 0, "LILATracts_halfAnd10": 0, "LILATracts_Vehicle": 0, "LowIncomeTracts": 0, "LA1and10": 1, "lowincome_lowaccess_share": 15.7531, "pct_zero_car": 0.0403}}, {"type": "Feature", "geometry": {"type": "Polygon", "coordinates": [[[-95.62874, 30.12777], [-95.62267, 30.11524], [-95.61867, 30.10711], [-95.61277, 30.0968], [-95.60167, 30.07724], [-95.5967, 30.06855], [-95.5891, 30.06942], [-95.58901, 30.07248], [-95.59007, 30.07551], [-95.59389, 30.08516], [-95.59406, 30.08612], [-95.59413, 30.09267], [-95.594, 30.09509], [-95.59396, 30.10033], [-95.59302, 30.10424], [-95.59257, 30.10669], [-95.59266, 30.11411], [-95.59218, 30.11735], [-95.59226, 30.12002], [-95.60026, 30.12455], [-95.60786, 30.12879], [-95.61963, 30.13549], [-95.62191, 30.13599], [-95.62315, 30.13584], [-95.62389, 30.13463], [-95.62377, 30.13375], [-95.62528, 30.13195], [-95.62548, 30.13093], [-95.62473, 30.13037], [-95.626, 30.12893], [-95.62404, 30.1285], [-95.6234, 30.12732], [-95.62393, 30.12674], [-95.62639, 30.12639], [-95.62743, 30.1277], [-95.62874, 30.12777]]]}, "properties": {"GEOID": "48201555401", "LILATracts_1And10": 0, "LILATracts_halfAnd10": 0, "LILATracts_Vehicle": 0, "LowIncomeTracts": 0, "LA1and10": 1, "lowincome_lowaccess_share": 18.3358, "pct_zero_car": 0.0231}}, {"type": "Feature", "geometry": {"type": "Polygon", "coordinates": [[[-95.40869, 29.75965], [-95.4084, 29.75641], [-95.40898, 29.75565], [-95.41073, 29.75456], [-95.4107, 29.75202], [-95.4095, 29.75229], [-95.40221, 29.75243], [-95.40228, 29.75315], [-95.39802, 29.75323], [-95.39818, 29.76112], [-95.39842, 29.76186], [-95.40049, 29.76201], [-95.40224, 29.76165], [-95.40359, 29.76092], [-95.40699, 29.76076], [-95.40779, 29.76042], [-95.40884, 29.76061], [-95.40869, 29.75965]]]}, "properties": {"GEOID": "48201410300", "LILATracts_1And10": 0, "LILATracts_halfAnd10": 0, "LILATracts_Vehicle": 0, "LowIncomeTracts": 0, "LA1and10": 0, "lowincome_lowaccess_share": null, "pct_zero_car": 0.0905}}, {"type": "Feature", "geometry": {"type": "Polygon", "coordinates": [[[-95.39793, 29.75241], [-95.39377, 29.74583], [-95.39312, 29.74466], [-95.38966, 29.74462], [-95.38965, 29.74537], [-95.38166, 29.74556], [-95.38157, 29.74713], [-95.38328, 29.74816], [-95.38179, 29.75005], [-95.38092, 29.74953], [-95.37982, 29.75141], [-95.37838, 29.75119], [-95.37802, 29.75163], [-95.37875, 29.75209], [-95.38573, 29.752], [-95.38573, 29.75262], [-95.39793, 29.75241]]]}, "properties": {"GEOID": "48201410500", "LILATracts_1And10": 0, "LILATracts_halfAnd10": 0, "LILATracts_Vehicle": 0, "LowIncomeTracts": 0, "LA1and10": 0, "lowincome_lowaccess_share": 6.7537, "pct_zero_car": 0.0548}}, {"type": "Feature", "geometry": {"type": "Polygon", "coordinates": [[[-95.37802, 29.75163], [-95.37838, 29.75119], [-95.37982, 29.75141], [-95.38092, 29.74953], [-95.38179, 29.75005], [-95.38328, 29.74816], [-95.38157, 29.74713], [-95.38166, 29.74556], [-95.38194, 29.74276], [-95.38197, 29.73974], [-95.38222, 29.7389], [-95.37998, 29.73795], [-95.37095, 29.74932], [-95.37273, 29.75035], [-95.37376, 29.75126], [-95.37449, 29.75288], [-95.37514, 29.75207], [-95.37684, 29.75312], [-95.37802, 29.75163]]]}, "properties": {"GEOID": "48201410600", "LILATracts_1And10": 0, "LILATracts_halfAnd10": 0, "LILATracts_Vehicle": 0, "LowIncomeTracts": 0, "LA1and10": 0, "lowincome_lowaccess_share": 1.5169, "pct_zero_car": 0.0374}}, {"type": "Feature", "geometry": {"type": "Polygon", "coordinates": [[[-95.41073, 29.74258], [-95.41065, 29.73424], [-95.40206, 29.73432], [-95.39948, 29.73442], [-95.39926, 29.73523], [-95.39931, 29.73869], [-95.39931, 29.7428], [-95.40207, 29.74279], [-95.40827, 29.74277], [-95.41073, 29.74258]]]}, "properties": {"GEOID": "48201410800", "LILATracts_1And10": 0, "LILATracts_halfAnd10": 0, "LILATracts_Vehicle": 0, "LowIncomeTracts": 0, "LA1and10": 0, "lowincome_lowaccess_share": null, "pct_zero_car": 0.0576}}, {"type": "Feature", "geometry": {"type": "Polygon", "coordinates": [[[-95.41065, 29.73424], [-95.41061, 29.73098], [-95.40735, 29.73105], [-95.39949, 29.73139], [-95.38864, 29.73219], [-95.38709, 29.73272], [-95.38548, 29.73453], [-95.3869, 29.73447], [-95.39948, 29.73442], [-95.40206, 29.73432], [-95.41065, 29.73424]]]}, "properties": {"GEOID": "48201410900", "LILATracts_1And10": 0, "LILATracts_halfAnd10": 0, "LILATracts_Vehicle": 0, "LowIncomeTracts": 0, "LA1and10": 0, "lowincome_lowaccess_share": 2.619, "pct_zero_car": 0.0233}}, {"type": "Feature", "geometry": {"type": "Polygon", "coordinates": [[[-95.47671, 29.6593], [-95.4773, 29.65668], [-95.47801, 29.6558], [-95.48125, 29.65272], [-95.47988, 29.65255], [-95.4775, 29.6529], [-95.4704, 29.65737], [-95.4691, 29.65733], [-95.46883, 29.65809], [-95.46815, 29.65818], [-95.46715, 29.65915], [-95.46583, 29.65927], [-95.46402, 29.66048], [-95.464, 29.6643], [-95.46374, 29.66535], [-95.46187, 29.67075], [-95.46399, 29.67011], [-95.46522, 29.66937], [-95.47441, 29.6609], [-95.47671, 29.6593]]]}, "properties": {"GEOID": "48201420600", "LILATracts_1And10": 0, "LILATracts_halfAnd10": 0, "LILATracts_Vehicle": 0, "LowIncomeTracts": 0, "LA1and10": 0, "lowincome_lowaccess_share": 5.0029, "pct_zero_car": 0.0395}}, {"type": "Feature", "geometry": {"type": "Polygon", "coordinates": [[[-95.78158, 30.02765], [-95.78235, 30.02745], [-95.78196, 30.00433], [-95.77796, 30.00283], [-95.77395, 30.00118], [-95.77668, 30.00199], [-95.77347, 30.00067], [-95.76248, 29.99646], [-95.75922, 29.99528], [-95.75436, 29.99337], [-95.75103, 29.99223], [-95.74625, 29.99045], [-95.741, 29.98867], [-95.73879, 29.99304], [-95.73829, 29.9946], [-95.73771, 29.99762], [-95.73777, 29.99864], [-95.73834, 30.00038], [-95.74023, 30.00261], [-95.7424, 30.00467], [-95.74344, 30.00677], [-95.7435, 30.00868], [-95.7429, 30.01265], [-95.74301, 30.02039], [-95.74316, 30.02056], [-95.76466, 30.02032], [-95.76845, 30.02042], [-95.76852, 30.02743], [-95.7686, 30.02763], [-95.77094, 30.02776], [-95.78158, 30.02765]]]}, "properties": {"GEOID": "48201555702", "LILATracts_1And10": 0, "LILATracts_halfAnd10": 0, "LILATracts_Vehicle": 0, "LowIncomeTracts": 0, "LA1and10": 1, "lowincome_lowaccess_share": 8.8213, "pct_zero_car": 0.0151}}, {"type": "Feature", "geometry": {"type": "Polygon", "coordinates": [[[-95.24528, 29.79495], [-95.24411, 29.79386], [-95.24276, 29.79354], [-95.24053, 29.792], [-95.23958, 29.79083], [-95.23946, 29.78902], [-95.23897, 29.78814], [-95.23803, 29.7876], [-95.23777, 29.7867], [-95.23817, 29.78604], [-95.23785, 29.78533], [-95.23635, 29.785], [-95.23587, 29.78388], [-95.23484, 29.78375], [-95.23557, 29.78222], [-95.23383, 29.78075], [-95.23361, 29.77972], [-95.23303, 29.77942], [-95.23185, 29.77713], [-95.22996, 29.77634], [-95.22888, 29.77509], [-95.22669, 29.77639], [-95.22527, 29.77642], [-95.22319, 29.77572], [-95.21827, 29.77584], [-95.21849, 29.77653], [-95.21869, 29.78667], [-95.21869, 29.7921], [-95.21891, 29.80261], [-95.23177, 29.79815], [-95.24026, 29.7951], [-95.24528, 29.79495]]]}, "properties": {"GEOID": "48201232701", "LILATracts_1And10": 1, "LILATracts_halfAnd10": 1, "LILATracts_Vehicle": 0, "LowIncomeTracts": 1, "LA1and10": 1, "lowincome_lowaccess_share": 24.6666, "pct_zero_car": 0.0572}}, {"type": "Feature", "geometry": {"type": "Polygon", "coordinates": [[[-95.18308, 29.78271], [-95.1828, 29.77157], [-95.18284, 29.77063], [-95.16945, 29.77091], [-95.16941, 29.77108], [-95.16972, 29.78227], [-95.18239, 29.78201], [-95.1824, 29.78273], [-95.18308, 29.78271]]]}, "properties": {"GEOID": "48201233103", "LILATracts_1And10": 0, "LILATracts_halfAnd10": 0, "LILATracts_Vehicle": 0, "LowIncomeTracts": 1, "LA1and10": 0, "lowincome_lowaccess_share": 3.3266, "pct_zero_car": 0.0884}}, {"type": "Feature", "geometry": {"type": "Polygon", "coordinates": [[[-95.24721, 29.75984], [-95.24713, 29.758], [-95.24681, 29.7568], [-95.24579, 29.75513], [-95.24138, 29.75079], [-95.24059, 29.74947], [-95.24031, 29.74786], [-95.24026, 29.73976], [-95.24013, 29.73244], [-95.23275, 29.73248], [-95.23301, 29.74124], [-95.23345, 29.75312], [-95.23357, 29.75915], [-95.24202, 29.759], [-95.24329, 29.75988], [-95.24721, 29.75984]]]}, "properties": {"GEOID": "48201233702", "LILATracts_1And10": 0, "LILATracts_halfAnd10": 1, "LILATracts_Vehicle": 0, "LowIncomeTracts": 1, "LA1and10": 0, "lowincome_lowaccess_share": 37.0359, "pct_zero_car": 0.0172}}, {"type": "Feature", "geometry": {"type": "Polygon", "coordinates": [[[-95.42937, 30.03564], [-95.42927, 30.03266], [-95.42929, 30.02691], [-95.42898, 30.02115], [-95.42178, 30.02333], [-95.40454, 30.02659], [-95.40429, 30.02664], [-95.40543, 30.03112], [-95.40633, 30.03093], [-95.40818, 30.03211], [-95.40828, 30.03383], [-95.40996, 30.036], [-95.41221, 30.03728], [-95.41477, 30.03761], [-95.41677, 30.03732], [-95.41943, 30.0355], [-95.42239, 30.03529], [-95.42382, 30.03444], [-95.42535, 30.03496], [-95.42672, 30.03588], [-95.42937, 30.03564]]]}, "properties": {"GEOID": "48201240801", "LILATracts_1And10": 1, "LILATracts_halfAnd10": 1, "LILATracts_Vehicle": 1, "LowIncomeTracts": 1, "LA1and10": 1, "lowincome_lowaccess_share": 49.0867, "pct_zero_car": 0.0454}}, {"type": "Feature", "geometry": {"type": "Polygon", "coordinates": [[[-95.51313, 29.97974], [-95.5105, 29.97665], [-95.50963, 29.97511], [-95.50689, 29.96773], [-95.50646, 29.96684], [-95.50431, 29.96383], [-95.50253, 29.95956], [-95.50166, 29.95793], [-95.50069, 29.95723], [-95.49833, 29.95687], [-95.49847, 29.96116], [-95.49812, 29.9633], [-95.49176, 29.9791], [-95.49839, 29.98784], [-95.50507, 29.98412], [-95.51313, 29.97974]]]}, "properties": {"GEOID": "48201551200", "LILATracts_1And10": 0, "LILATracts_halfAnd10": 1, "LILATracts_Vehicle": 0, "LowIncomeTracts": 1, "LA1and10": 0, "lowincome_lowaccess_share": 4.1482, "pct_zero_car": 0.075}}, {"type": "Feature", "geometry": {"type": "Polygon", "coordinates": [[[-95.50253, 29.95956], [-95.50414, 29.95919], [-95.50679, 29.95781], [-95.52045, 29.95023], [-95.51971, 29.94922], [-95.51761, 29.94881], [-95.51506, 29.94728], [-95.51257, 29.9464], [-95.51119, 29.9464], [-95.50813, 29.94605], [-95.50523, 29.94688], [-95.50315, 29.94659], [-95.5018, 29.94684], [-95.49957, 29.94767], [-95.49889, 29.94853], [-95.49806, 29.94869], [-95.49833, 29.95687], [-95.50069, 29.95723], [-95.50166, 29.95793], [-95.50253, 29.95956]]]}, "properties": {"GEOID": "48201551300", "LILATracts_1And10": 0, "LILATracts_halfAnd10": 0, "LILATracts_Vehicle": 0, "LowIncomeTracts": 0, "LA1and10": 1, "lowincome_lowaccess_share": 21.6949, "pct_zero_car": 0.0172}}, {"type": "Feature", "geometry": {"type": "Polygon", "coordinates": [[[-95.28078, 29.70062], [-95.28438, 29.69867], [-95.28873, 29.69745], [-95.28701, 29.69604], [-95.28641, 29.69466], [-95.28477, 29.69258], [-95.27811, 29.68575], [-95.27749, 29.68626], [-95.27776, 29.6958], [-95.27788, 29.70268], [-95.28078, 29.70062]]]}, "properties": {"GEOID": "48201320100", "LILATracts_1And10": 0, "LILATracts_halfAnd10": 0, "LILATracts_Vehicle": 0, "LowIncomeTracts": 1, "LA1and10": 0, "lowincome_lowaccess_share": null, "pct_zero_car": 0.1975}}, {"type": "Feature", "geometry": {"type": "Polygon", "coordinates": [[[-95.3511, 29.78983], [-95.351, 29.78557], [-95.35075, 29.78474], [-95.35167, 29.78474], [-95.35143, 29.78337], [-95.35135, 29.77836], [-95.34943, 29.77852], [-95.34022, 29.77859], [-95.34004, 29.78351], [-95.34007, 29.78521], [-95.33989, 29.79154], [-95.33994, 29.79391], [-95.33996, 29.79789], [-95.34011, 29.80151], [-95.33996, 29.8028], [-95.33932, 29.80429], [-95.33625, 29.80826], [-95.33891, 29.80883], [-95.34402, 29.81038], [-95.35029, 29.81241], [-95.34872, 29.80607], [-95.34786, 29.8031], [-95.35051, 29.80331], [-95.35039, 29.80006], [-95.35013, 29.78984], [-95.3511, 29.78983]]]}, "properties": {"GEOID": "48201210800", "LILATracts_1And10": 0, "LILATracts_halfAnd10": 1, "LILATracts_Vehicle": 0, "LowIncomeTracts": 1, "LA1and10": 0, "lowincome_lowaccess_share": 48.304, "pct_zero_car": 0.1165}}, {"type": "Feature", "geometry": {"type": "Polygon", "coordinates": [[[-95.6833, 29.87994], [-95.68335, 29.87803], [-95.6833, 29.86536], [-95.67, 29.86541], [-95.66905, 29.86528], [-95.66631, 29.86509], [-95.66227, 29.86508], [-95.66029, 29.86526], [-95.65872, 29.86582], [-95.65575, 29.86734], [-95.65369, 29.8676], [-95.64516, 29.86767], [-95.64531, 29.87921], [-95.64957, 29.87916], [-95.65515, 29.87909], [-95.66815, 29.87901], [-95.67848, 29.87895], [-95.68158, 29.87975], [-95.6833, 29.87994]]]}, "properties": {"GEOID": "48201541300", "LILATracts_1And10": 0, "LILATracts_halfAnd10": 0, "LILATracts_Vehicle": 0, "LowIncomeTracts": 0, "LA1and10": 0, "lowincome_lowaccess_share": 19.8319, "pct_zero_car": 0.028}}, {"type": "Feature", "geometry": {"type": "Polygon", "coordinates": [[[-95.66905, 29.86528], [-95.66987, 29.86102], [-95.66964, 29.85933], [-95.66842, 29.8548], [-95.66824, 29.85356], [-95.6682, 29.84922], [-95.66417, 29.84923], [-95.66143, 29.84892], [-95.65845, 29.84899], [-95.64576, 29.849], [-95.64508, 29.85497], [-95.64502, 29.85683], [-95.64512, 29.86597], [-95.64516, 29.86767], [-95.65369, 29.8676], [-95.65575, 29.86734], [-95.65872, 29.86582], [-95.66029, 29.86526], [-95.66227, 29.86508], [-95.66631, 29.86509], [-95.66905, 29.86528]]]}, "properties": {"GEOID": "48201541400", "LILATracts_1And10": 0, "LILATracts_halfAnd10": 0, "LILATracts_Vehicle": 0, "LowIncomeTracts": 0, "LA1and10": 1, "lowincome_lowaccess_share": 17.973, "pct_zero_car": 0.007}}, {"type": "Feature", "geometry": {"type": "Polygon", "coordinates": [[[-95.6833, 29.86536], [-95.68324, 29.85642], [-95.68981, 29.8564], [-95.68977, 29.8486], [-95.6753, 29.84871], [-95.67153, 29.8492], [-95.6682, 29.84922], [-95.66824, 29.85356], [-95.66842, 29.8548], [-95.66964, 29.85933], [-95.66987, 29.86102], [-95.66905, 29.86528], [-95.67, 29.86541], [-95.6833, 29.86536]]]}, "properties": {"GEOID": "48201541500", "LILATracts_1And10": 0, "LILATracts_halfAnd10": 0, "LILATracts_Vehicle": 0, "LowIncomeTracts": 0, "LA1and10": 0, "lowincome_lowaccess_share": 26.7708, "pct_zero_car": 0.0361}}, {"type": "Feature", "geometry": {"type": "Polygon", "coordinates": [[[-95.17846, 30.01107], [-95.17999, 30.00943], [-95.18114, 30.00855], [-95.18357, 30.00758], [-95.18483, 30.00742], [-95.19379, 30.00703], [-95.19332, 29.9988], [-95.18458, 29.99864], [-95.16777, 29.99823], [-95.16503, 29.99822], [-95.16227, 29.99858], [-95.16428, 30.00367], [-95.16526, 30.0053], [-95.16696, 30.00675], [-95.16888, 30.00758], [-95.17464, 30.00884], [-95.17596, 30.00933], [-95.17846, 30.01107]]]}, "properties": {"GEOID": "48201250702", "LILATracts_1And10": 0, "LILATracts_halfAnd10": 0, "LILATracts_Vehicle": 0, "LowIncomeTracts": 0, "LA1and10": 0, "lowincome_lowaccess_share": 7.4806, "pct_zero_car": 0.0139}}, {"type": "Feature", "geometry": {"type": "Polygon", "coordinates": [[[-95.19197, 30.07907], [-95.19112, 30.07529], [-95.18922, 30.07246], [-95.18861, 30.07085], [-95.18818, 30.0678], [-95.18665, 30.0681], [-95.18171, 30.07015], [-95.17936, 30.07193], [-95.17618, 30.07548], [-95.17845, 30.07685], [-95.18, 30.07586], [-95.18262, 30.07522], [-95.18451, 30.0755], [-95.18589, 30.07619], [-95.18779, 30.07819], [-95.18898, 30.07901], [-95.18999, 30.07919], [-95.19197, 30.07907]]]}, "properties": {"GEOID": "48201251503", "LILATracts_1And10": 0, "LILATracts_halfAnd10": 0, "LILATracts_Vehicle": 0, "LowIncomeTracts": 0, "LA1and10": 0, "lowincome_lowaccess_share": 2.9334, "pct_zero_car": 0.0239}}, {"type": "Feature", "geometry": {"type": "Polygon", "coordinates": [[[-95.20034, 30.08345], [-95.204, 30.08022], [-95.21865, 30.06876], [-95.21906, 30.06848], [-95.21135, 30.06847], [-95.20705, 30.06823], [-95.20468, 30.06852], [-95.19856, 30.06855], [-95.19648, 30.06833], [-95.19395, 30.06765], [-95.1922, 30.06745], [-95.18818, 30.0678], [-95.18861, 30.07085], [-95.18922, 30.07246], [-95.19112, 30.07529], [-95.19197, 30.07907], [-95.19562, 30.07873], [-95.19754, 30.07837], [-95.19934, 30.079], [-95.20015, 30.07999], [-95.20035, 30.08104], [-95.20034, 30.08345]]]}, "properties": {"GEOID": "48201251402", "LILATracts_1And10": 0, "LILATracts_halfAnd10": 0, "LILATracts_Vehicle": 0, "LowIncomeTracts": 0, "LA1and10": 0, "lowincome_lowaccess_share": 19.3309, "pct_zero_car": 0.0}}, {"type": "Feature", "geometry": {"type": "Polygon", "coordinates": [[[-95.1335, 29.92003], [-95.13292, 29.91948], [-95.13199, 29.91862], [-95.12755, 29.91672], [-95.12545, 29.91545], [-95.12478, 29.91468], [-95.12383, 29.9128], [-95.12389, 29.91151], [-95.1248, 29.90803], [-95.12507, 29.90596], [-95.12344, 29.90383], [-95.12161, 29.90238], [-95.12056, 29.90127], [-95.119, 29.90045], [-95.11753, 29.89925], [-95.11712, 29.89858], [-95.116, 29.89446], [-95.11414, 29.89179], [-95.11324, 29.89098], [-95.11089, 29.89103], [-95.10867, 29.89231], [-95.10667, 29.893], [-95.1047, 29.89342], [-95.10343, 29.8933], [-95.10189, 29.89259], [-95.09937, 29.89066], [-95.0974, 29.8885], [-95.09701, 29.88768], [-95.0968, 29.88329], [-95.09651, 29.88167], [-95.09538, 29.88024], [-95.09211, 29.88091], [-95.09019, 29.88193], [-95.08867, 29.88339], [-95.08813, 29.88422], [-95.08452, 29.89586], [-95.08366, 29.89787], [-95.07761, 29.90269], [-95.07228, 29.90669], [-95.06378, 29.91324], [-95.06394, 29.92263], [-95.06742, 29.92467], [-95.06816, 29.92485], [-95.07813, 29.92335], [-95.08424, 29.92297], [-95.09619, 29.9261], [-95.09705, 29.92587], [-95.09975, 29.92414], [-95.10233, 29.92095], [-95.10274, 29.92067], [-95.11035, 29.91878], [-95.11563, 29.91718], [-95.11667, 29.91729], [-95.12074, 29.91982], [-95.12206, 29.92005], [-95.12288, 29.92129], [-95.12297, 29.92267], [-95.12484, 29.9243], [-95.12538, 29.92409], [-95.1335, 29.92003]]]}, "properties": {"GEOID": "48201251902", "LILATracts_1And10": 0, "LILATracts_halfAnd10": 0, "LILATracts_Vehicle": 0, "LowIncomeTracts": 0, "LA1and10": 1, "lowincome_lowaccess_share": 8.2377, "pct_zero_car": 0.0231}}, {"type": "Feature", "geometry": {"type": "Polygon", "coordinates": [[[-95.40083, 29.69578], [-95.4006, 29.69339], [-95.40306, 29.69091], [-95.40332, 29.68991], [-95.40315, 29.67905], [-95.39664, 29.68038], [-95.39325, 29.68059], [-95.39047, 29.6888], [-95.39157, 29.68901], [-95.39442, 29.68901], [-95.39268, 29.69178], [-95.3922, 29.69315], [-95.3923, 29.69529], [-95.39306, 29.6977], [-95.40083, 29.69578]]]}, "properties": {"GEOID": "48201314002", "LILATracts_1And10": 1, "LILATracts_halfAnd10": 1, "LILATracts_Vehicle": 1, "LowIncomeTracts": 1, "LA1and10": 1, "lowincome_lowaccess_share": 38.2411, "pct_zero_car": 0.1351}}, {"type": "Feature", "geometry": {"type": "Polygon", "coordinates": [[[-95.42966, 29.80317], [-95.43003, 29.80164], [-95.43808, 29.80161], [-95.43806, 29.7955], [-95.43787, 29.79274], [-95.43784, 29.78922], [-95.42316, 29.78928], [-95.42006, 29.79002], [-95.41706, 29.79012], [-95.41738, 29.79067], [-95.41947, 29.792], [-95.42079, 29.7935], [-95.42205, 29.79402], [-95.42277, 29.79484], [-95.42349, 29.79704], [-95.42441, 29.79816], [-95.42487, 29.80018], [-95.42634, 29.80102], [-95.42652, 29.80166], [-95.42705, 29.80276], [-95.42782, 29.80309], [-95.42966, 29.80317]]]}, "properties": {"GEOID": "48201511002", "LILATracts_1And10": 0, "LILATracts_halfAnd10": 0, "LILATracts_Vehicle": 0, "LowIncomeTracts": 0, "LA1and10": 0, "lowincome_lowaccess_share": 2.3735, "pct_zero_car": 0.0813}}, {"type": "Feature", "geometry": {"type": "Polygon", "coordinates": [[[-95.451, 29.79482], [-95.4433, 29.78917], [-95.43784, 29.78922], [-95.43787, 29.79274], [-95.43806, 29.7955], [-95.43808, 29.80161], [-95.43003, 29.80164], [-95.42966, 29.80317], [-95.4332, 29.80385], [-95.43408, 29.80437], [-95.43525, 29.80566], [-95.43658, 29.80659], [-95.43921, 29.80778], [-95.44088, 29.80887], [-95.44376, 29.80756], [-95.44491, 29.8068], [-95.44801, 29.80344], [-95.44907, 29.8016], [-95.44969, 29.79803], [-95.45049, 29.79668], [-95.451, 29.79482]]]}, "properties": {"GEOID": "48201511001", "LILATracts_1And10": 0, "LILATracts_halfAnd10": 0, "LILATracts_Vehicle": 0, "LowIncomeTracts": 0, "LA1and10": 0, "lowincome_lowaccess_share": 24.0139, "pct_zero_car": 0.0489}}, {"type": "Feature", "geometry": {"type": "Polygon", "coordinates": [[[-95.54467, 29.79428], [-95.54456, 29.78919], [-95.54412, 29.7874], [-95.54398, 29.78474], [-95.53178, 29.78474], [-95.53133, 29.7867], [-95.5314, 29.78973], [-95.532, 29.79179], [-95.5334, 29.79398], [-95.53354, 29.79516], [-95.53743, 29.79413], [-95.54467, 29.79428]]]}, "properties": {"GEOID": "48201522302", "LILATracts_1And10": 0, "LILATracts_halfAnd10": 0, "LILATracts_Vehicle": 0, "LowIncomeTracts": 1, "LA1and10": 0, "lowincome_lowaccess_share": null, "pct_zero_car": 0.0125}}, {"type": "Feature", "geometry": {"type": "Polygon", "coordinates": [[[-95.58373, 29.65943], [-95.5827, 29.65395], [-95.57136, 29.64873], [-95.56853, 29.65139], [-95.57041, 29.65362], [-95.57078, 29.65621], [-95.5738, 29.65731], [-95.57562, 29.65769], [-95.58148, 29.65956], [-95.58373, 29.65943]]]}, "properties": {"GEOID": "48201453401", "LILATracts_1And10": 0, "LILATracts_halfAnd10": 0, "LILATracts_Vehicle": 0, "LowIncomeTracts": 1, "LA1and10": 0, "lowincome_lowaccess_share": null, "pct_zero_car": 0.0385}}, {"type": "Feature", "geometry": {"type": "Polygon", "coordinates": [[[-95.58537, 29.66206], [-95.58434, 29.66083], [-95.58373, 29.65943], [-95.58148, 29.65956], [-95.57562, 29.65769], [-95.5738, 29.65731], [-95.57078, 29.65621], [-95.56896, 29.6616], [-95.5687, 29.66361], [-95.56882, 29.66624], [-95.56928, 29.66822], [-95.57027, 29.6712], [-95.57039, 29.67422], [-95.58152, 29.67488], [-95.58127, 29.67305], [-95.58171, 29.67034], [-95.58537, 29.66206]]]}, "properties": {"GEOID": "48201453402", "LILATracts_1And10": 0, "LILATracts_halfAnd10": 1, "LILATracts_Vehicle": 0, "LowIncomeTracts": 1, "LA1and10": 0, "lowincome_lowaccess_share": 38.7335, "pct_zero_car": 0.0309}}, {"type": "Feature", "geometry": {"type": "Polygon", "coordinates": [[[-95.66064, 29.72694], [-95.66057, 29.72], [-95.66044, 29.71831], [-95.66049, 29.70965], [-95.65276, 29.71026], [-95.64406, 29.71105], [-95.6442, 29.71619], [-95.6442, 29.72136], [-95.64393, 29.72598], [-95.64396, 29.72914], [-95.64405, 29.73564], [-95.64843, 29.73552], [-95.65086, 29.73482], [-95.65284, 29.73348], [-95.65733, 29.72915], [-95.66064, 29.72694]]]}, "properties": {"GEOID": "48201454301", "LILATracts_1And10": 0, "LILATracts_halfAnd10": 1, "LILATracts_Vehicle": 1, "LowIncomeTracts": 1, "LA1and10": 0, "lowincome_lowaccess_share": 15.2221, "pct_zero_car": 0.051}}, {"type": "Feature", "geometry": {"type": "Polygon", "coordinates": [[[-95.40211, 29.70139], [-95.40083, 29.69578], [-95.39306, 29.6977], [-95.3923, 29.69529], [-95.3922, 29.69315], [-95.39268, 29.69178], [-95.39442, 29.68901], [-95.39157, 29.68901], [-95.39047, 29.6888], [-95.38744, 29.69767], [-95.38462, 29.7057], [-95.38644, 29.70636], [-95.38852, 29.70661], [-95.39023, 29.7059], [-95.39194, 29.7015], [-95.3966, 29.703], [-95.39839, 29.70191], [-95.40211, 29.70139]]]}, "properties": {"GEOID": "48201314001", "LILATracts_1And10": 0, "LILATracts_halfAnd10": 0, "LILATracts_Vehicle": 0, "LowIncomeTracts": 0, "LA1and10": 1, "lowincome_lowaccess_share": 24.1581, "pct_zero_car": 0.0638}}, {"type": "Feature", "geometry": {"type": "Polygon", "coordinates": [[[-95.42302, 29.70613], [-95.42289, 29.70007], [-95.42356, 29.69739], [-95.42141, 29.69675], [-95.41979, 29.69699], [-95.41817, 29.69783], [-95.41802, 29.69739], [-95.41722, 29.69773], [-95.41521, 29.69784], [-95.41488, 29.70073], [-95.41824, 29.70071], [-95.41829, 29.70616], [-95.42302, 29.70613]]]}, "properties": {"GEOID": "48201413202", "LILATracts_1And10": 0, "LILATracts_halfAnd10": 0, "LILATracts_Vehicle": 0, "LowIncomeTracts": 0, "LA1and10": 0, "lowincome_lowaccess_share": null, "pct_zero_car": 0.0386}}, {"type": "Feature", "geometry": {"type": "Polygon", "coordinates": [[[-95.25156, 29.68749], [-95.25565, 29.68478], [-95.268, 29.67556], [-95.26514, 29.67265], [-95.26401, 29.67135], [-95.26248, 29.66913], [-95.261, 29.66687], [-95.26079, 29.66754], [-95.25901, 29.67047], [-95.25908, 29.67147], [-95.25746, 29.67258], [-95.25739, 29.67316], [-95.25588, 29.67452], [-95.2552, 29.67683], [-95.2545, 29.67792], [-95.25472, 29.67879], [-95.25379, 29.6809], [-95.25373, 29.68219], [-95.25245, 29.68323], [-95.24951, 29.6845], [-95.24843, 29.68458], [-95.24834, 29.68509], [-95.24674, 29.68607], [-95.24723, 29.68691], [-95.24813, 29.6882], [-95.24948, 29.68754], [-95.25156, 29.68749]]]}, "properties": {"GEOID": "48201320602", "LILATracts_1And10": 0, "LILATracts_halfAnd10": 0, "LILATracts_Vehicle": 0, "LowIncomeTracts": 1, "LA1and10": 0, "lowincome_lowaccess_share": 1.6368, "pct_zero_car": 0.1503}}, {"type": "Feature", "geometry": {"type": "Polygon", "coordinates": [[[-95.27691, 29.66556], [-95.2767, 29.6579], [-95.2696, 29.65806], [-95.26763, 29.65786], [-95.266, 29.65715], [-95.26397, 29.65561], [-95.26118, 29.65331], [-95.25949, 29.65242], [-95.25811, 29.65213], [-95.25337, 29.65218], [-95.25159, 29.6525], [-95.25837, 29.66278], [-95.261, 29.66687], [-95.26248, 29.66913], [-95.26319, 29.66792], [-95.26315, 29.66545], [-95.2698, 29.66532], [-95.27203, 29.66563], [-95.27691, 29.66556]]]}, "properties": {"GEOID": "48201333202", "LILATracts_1And10": 0, "LILATracts_halfAnd10": 1, "LILATracts_Vehicle": 1, "LowIncomeTracts": 1, "LA1and10": 0, "lowincome_lowaccess_share": 52.4012, "pct_zero_car": 0.1526}}, {"type": "Feature", "geometry": {"type": "Polygon", "coordinates": [[[-95.24211, 29.6702], [-95.23777, 29.66536], [-95.23563, 29.6631], [-95.23371, 29.66437], [-95.23011, 29.66053], [-95.22041, 29.66063], [-95.21256, 29.6608], [-95.21559, 29.66465], [-95.21953, 29.66995], [-95.23054, 29.66978], [-95.23349, 29.66969], [-95.23479, 29.66984], [-95.23554, 29.67031], [-95.24211, 29.6702]]]}, "properties": {"GEOID": "48201321401", "LILATracts_1And10": 0, "LILATracts_halfAnd10": 1, "LILATracts_Vehicle": 0, "LowIncomeTracts": 1, "LA1and10": 0, "lowincome_lowaccess_share": 17.5708, "pct_zero_car": 0.0225}}, {"type": "Feature", "geometry": {"type": "Polygon", "coordinates": [[[-95.17136, 29.64952], [-95.17608, 29.64947], [-95.17716, 29.64959], [-95.18035, 29.65067], [-95.18341, 29.6508], [-95.18254, 29.64935], [-95.18147, 29.64672], [-95.18129, 29.64078], [-95.17975, 29.64078], [-95.17792, 29.64033], [-95.17165, 29.64044], [-95.17111, 29.64063], [-95.17136, 29.64952]]]}, "properties": {"GEOID": "48201323702", "LILATracts_1And10": 0, "LILATracts_halfAnd10": 1, "LILATracts_Vehicle": 0, "LowIncomeTracts": 1, "LA1and10": 0, "lowincome_lowaccess_share": 13.0598, "pct_zero_car": 0.0101}}, {"type": "Feature", "geometry": {"type": "Polygon", "coordinates": [[[-95.1216, 29.63349], [-95.1214, 29.63027], [-95.12009, 29.62735], [-95.11606, 29.6244], [-95.11421, 29.62343], [-95.11345, 29.61983], [-95.11326, 29.61412], [-95.11293, 29.61351], [-95.11335, 29.61033], [-95.11266, 29.60875], [-95.10816, 29.60851], [-95.10811, 29.60778], [-95.10758, 29.59963], [-95.10686, 29.59628], [-95.10525, 29.59295], [-95.1029, 29.59012], [-95.10302, 29.58851], [-95.10277, 29.5863], [-95.10295, 29.58502], [-95.10364, 29.58343], [-95.10241, 29.58254], [-95.10192, 29.58179], [-95.10149, 29.58012], [-95.10089, 29.57983], [-95.09782, 29.57968], [-95.09652, 29.57901], [-95.09426, 29.5789], [-95.09253, 29.57985], [-95.09123, 29.57951], [-95.09075, 29.5798], [-95.09085, 29.58089], [-95.08969, 29.5826], [-95.09043, 29.58441], [-95.09016, 29.58563], [-95.08837, 29.58739], [-95.08739, 29.58702], [-95.08711, 29.58601], [-95.08613, 29.58557], [-95.08566, 29.58599], [-95.08563, 29.58784], [-95.08465, 29.58826], [-95.08338, 29.5869], [-95.08249, 29.5876], [-95.08262, 29.58881], [-95.08223, 29.58931], [-95.08083, 29.58971], [-95.07947, 29.59103], [-95.07939, 29.59181], [-95.08052, 29.59182], [-95.08243, 29.59308], [-95.08404, 29.59374], [-95.08473, 29.59262], [-95.08543, 29.59229], [-95.08634, 29.59307], [-95.08762, 29.59333], [-95.08966, 29.59315], [-95.09001, 29.5936], [-95.08994, 29.59499], [-95.09224, 29.59777], [-95.09181, 29.59868], [-95.09001, 29.59878], [-95.08855, 29.60142], [-95.08689, 29.60338], [-95.08585, 29.60591], [-95.08567, 29.60839], [-95.08452, 29.61047], [-95.08424, 29.61311], [-95.08812, 29.61606], [-95.09312, 29.62054], [-95.09863, 29.62467], [-95.10145, 29.62747], [-95.10583, 29.6325], [-95.10823, 29.63491], [-95.11251, 29.63452], [-95.11588, 29.63359], [-95.1216, 29.63349]]]}, "properties": {"GEOID": "48201340203", "LILATracts_1And10": 0, "LILATracts_halfAnd10": 0, "LILATracts_Vehicle": 0, "LowIncomeTracts": 0, "LA1and10": 1, "lowincome_lowaccess_share": 10.8561, "pct_zero_car": 0.0119}}, {"type": "Feature", "geometry": {"type": "Polygon", "coordinates": [[[-95.15613, 29.64985], [-95.15678, 29.64646], [-95.15839, 29.6424], [-95.1595, 29.64076], [-95.16281, 29.63759], [-95.17031, 29.63058], [-95.15748, 29.6309], [-95.14274, 29.63122], [-95.14293, 29.64043], [-95.14337, 29.64187], [-95.14358, 29.65035], [-95.15043, 29.65025], [-95.15213, 29.65001], [-95.15613, 29.64985]]]}, "properties": {"GEOID": "48201342002", "LILATracts_1And10": 0, "LILATracts_halfAnd10": 0, "LILATracts_Vehicle": 0, "LowIncomeTracts": 0, "LA1and10": 0, "lowincome_lowaccess_share": 4.7315, "pct_zero_car": 0.0251}}, {"type": "Feature", "geometry": {"type": "Polygon", "coordinates": [[[-95.20105, 29.69813], [-95.20098, 29.69087], [-95.19324, 29.69088], [-95.19326, 29.69159], [-95.1828, 29.69172], [-95.18294, 29.69832], [-95.1829, 29.69881], [-95.18888, 29.69876], [-95.19328, 29.69861], [-95.19392, 29.69823], [-95.20105, 29.69813]]]}, "properties": {"GEOID": "48201323000", "LILATracts_1And10": 0, "LILATracts_halfAnd10": 1, "LILATracts_Vehicle": 0, "LowIncomeTracts": 1, "LA1and10": 0, "lowincome_lowaccess_share": 35.6679, "pct_zero_car": 0.1105}}, {"type": "Feature", "geometry": {"type": "Polygon", "coordinates": [[[-95.18294, 29.69832], [-95.1828, 29.69172], [-95.17271, 29.69176], [-95.17252, 29.68225], [-95.16977, 29.68147], [-95.16411, 29.68143], [-95.15526, 29.68152], [-95.15454, 29.68374], [-95.16356, 29.68904], [-95.16916, 29.69246], [-95.1712, 29.69358], [-95.17947, 29.69852], [-95.17957, 29.69834], [-95.18294, 29.69832]]]}, "properties": {"GEOID": "48201323100", "LILATracts_1And10": 0, "LILATracts_halfAnd10": 1, "LILATracts_Vehicle": 0, "LowIncomeTracts": 1, "LA1and10": 0, "lowincome_lowaccess_share": 20.0988, "pct_zero_car": 0.1214}}, {"type": "Feature", "geometry": {"type": "Polygon", "coordinates": [[[-95.20098, 29.69087], [-95.21127, 29.69077], [-95.21077, 29.68983], [-95.20915, 29.68797], [-95.20899, 29.68359], [-95.19705, 29.68371], [-95.1953, 29.68225], [-95.19313, 29.68203], [-95.19324, 29.69088], [-95.20098, 29.69087]]]}, "properties": {"GEOID": "48201323300", "LILATracts_1And10": 0, "LILATracts_halfAnd10": 1, "LILATracts_Vehicle": 1, "LowIncomeTracts": 1, "LA1and10": 0, "lowincome_lowaccess_share": 50.5486, "pct_zero_car": 0.1057}}, {"type": "Feature", "geometry": {"type": "Polygon", "coordinates": [[[-95.20899, 29.68359], [-95.20884, 29.67808], [-95.20817, 29.67649], [-95.20804, 29.67527], [-95.20277, 29.67429], [-95.19804, 29.67438], [-95.19789, 29.6649], [-95.19504, 29.66498], [-95.19279, 29.66501], [-95.19301, 29.67363], [-95.19313, 29.68203], [-95.1953, 29.68225], [-95.19705, 29.68371], [-95.20899, 29.68359]]]}, "properties": {"GEOID": "48201323400", "LILATracts_1And10": 0, "LILATracts_halfAnd10": 0, "LILATracts_Vehicle": 0, "LowIncomeTracts": 1, "LA1and10": 0, "lowincome_lowaccess_share": null, "pct_zero_car": 0.0282}}, {"type": "Feature", "geometry": {"type": "Polygon", "coordinates": [[[-95.20796, 29.67009], [-95.20783, 29.6648], [-95.20824, 29.66144], [-95.20813, 29.65496], [-95.20735, 29.65401], [-95.20246, 29.65414], [-95.19336, 29.65426], [-95.19352, 29.66023], [-95.19501, 29.66304], [-95.19504, 29.66498], [-95.19789, 29.6649], [-95.19804, 29.67438], [-95.20277, 29.67429], [-95.20804, 29.67527], [-95.20801, 29.67417], [-95.20796, 29.67009]]]}, "properties": {"GEOID": "48201323500", "LILATracts_1And10": 0, "LILATracts_halfAnd10": 0, "LILATracts_Vehicle": 0, "LowIncomeTracts": 1, "LA1and10": 0, "lowincome_lowaccess_share": 1.3835, "pct_zero_car": 0.0961}}, {"type": "Feature", "geometry": {"type": "Polygon", "coordinates": [[[-95.20735, 29.65401], [-95.19263, 29.63457], [-95.19279, 29.63137], [-95.18702, 29.6311], [-95.18445, 29.63137], [-95.18425, 29.63009], [-95.18121, 29.63036], [-95.18138, 29.63861], [-95.18129, 29.64078], [-95.18147, 29.64672], [-95.18254, 29.64935], [-95.18341, 29.6508], [-95.18499, 29.65211], [-95.18581, 29.65321], [-95.18604, 29.65432], [-95.18604, 29.65676], [-95.18646, 29.65778], [-95.18667, 29.66507], [-95.19279, 29.66501], [-95.19504, 29.66498], [-95.19501, 29.66304], [-95.19352, 29.66023], [-95.19336, 29.65426], [-95.20246, 29.65414], [-95.20735, 29.65401]]]}, "properties": {"GEOID": "48201323600", "LILATracts_1And10": 0, "LILATracts_halfAnd10": 0, "LILATracts_Vehicle": 0, "LowIncomeTracts": 0, "LA1and10": 1, "lowincome_lowaccess_share": 23.0067, "pct_zero_car": 0.0809}}, {"type": "Feature", "geometry": {"type": "Polygon", "coordinates": [[[-95.47687, 29.67739], [-95.47675, 29.66879], [-95.47683, 29.66653], [-95.47671, 29.6593], [-95.47441, 29.6609], [-95.46522, 29.66937], [-95.46399, 29.67011], [-95.46187, 29.67075], [-95.45957, 29.67664], [-95.45908, 29.67916], [-95.45905, 29.6814], [-95.46067, 29.68105], [-95.46262, 29.67974], [-95.46888, 29.67852], [-95.47687, 29.67739]]]}, "properties": {"GEOID": "48201420700", "LILATracts_1And10": 0, "LILATracts_halfAnd10": 0, "LILATracts_Vehicle": 0, "LowIncomeTracts": 0, "LA1and10": 0, "lowincome_lowaccess_share": 4.7429, "pct_zero_car": 0.0157}}, {"type": "Feature", "geometry": {"type": "Polygon", "coordinates": [[[-95.48457, 29.69919], [-95.48446, 29.69103], [-95.47631, 29.69106], [-95.47624, 29.68988], [-95.4591, 29.69008], [-95.45932, 29.70497], [-95.45945, 29.70577], [-95.46222, 29.70582], [-95.47628, 29.7056], [-95.47625, 29.7034], [-95.47416, 29.70442], [-95.47408, 29.69838], [-95.48036, 29.69832], [-95.48041, 29.70125], [-95.48457, 29.69919]]]}, "properties": {"GEOID": "48201420900", "LILATracts_1And10": 0, "LILATracts_halfAnd10": 0, "LILATracts_Vehicle": 0, "LowIncomeTracts": 0, "LA1and10": 0, "lowincome_lowaccess_share": 1.5782, "pct_zero_car": 0.0334}}, {"type": "Feature", "geometry": {"type": "Polygon", "coordinates": [[[-95.47794, 29.76379], [-95.47741, 29.76147], [-95.47728, 29.75238], [-95.47697, 29.75013], [-95.46723, 29.75028], [-95.46296, 29.75032], [-95.46303, 29.75255], [-95.46251, 29.75424], [-95.45961, 29.75431], [-95.45813, 29.75479], [-95.45571, 29.75783], [-95.45572, 29.75996], [-95.45762, 29.75937], [-95.45818, 29.76043], [-95.45802, 29.76158], [-95.46016, 29.76211], [-95.46035, 29.76296], [-95.45921, 29.76287], [-95.45802, 29.76367], [-95.45838, 29.76485], [-95.45978, 29.76514], [-95.46161, 29.76594], [-95.46228, 29.76741], [-95.46326, 29.76776], [-95.46498, 29.76697], [-95.46518, 29.76866], [-95.46624, 29.76863], [-95.46773, 29.76947], [-95.46768, 29.76295], [-95.47034, 29.76327], [-95.47196, 29.76384], [-95.47794, 29.76379]]]}, "properties": {"GEOID": "48201431700", "LILATracts_1And10": 0, "LILATracts_halfAnd10": 0, "LILATracts_Vehicle": 0, "LowIncomeTracts": 0, "LA1and10": 0, "lowincome_lowaccess_share": 7.8934, "pct_zero_car": 0.0425}}, {"type": "Feature", "geometry": {"type": "Polygon", "coordinates": [[[-95.47408, 29.73795], [-95.46839, 29.73801], [-95.46825, 29.73152], [-95.46825, 29.7264], [-95.46666, 29.72668], [-95.4638, 29.72764], [-95.46043, 29.72895], [-95.46031, 29.731], [-95.45883, 29.73786], [-95.45831, 29.74094], [-95.46694, 29.74041], [-95.47408, 29.73795]]]}, "properties": {"GEOID": "48201431900", "LILATracts_1And10": 0, "LILATracts_halfAnd10": 0, "LILATracts_Vehicle": 0, "LowIncomeTracts": 0, "LA1and10": 0, "lowincome_lowaccess_share": 7.7829, "pct_zero_car": 0.0734}}, {"type": "Feature", "geometry": {"type": "Polygon", "coordinates": [[[-95.26673, 29.62644], [-95.27844, 29.62594], [-95.28039, 29.62557], [-95.28547, 29.62545], [-95.28534, 29.62078], [-95.30466, 29.62086], [-95.30068, 29.60755], [-95.29741, 29.59652], [-95.29611, 29.59617], [-95.29448, 29.59664], [-95.29357, 29.59652], [-95.29272, 29.59764], [-95.29084, 29.59752], [-95.28803, 29.59833], [-95.28649, 29.59789], [-95.28615, 29.60291], [-95.27823, 29.60302], [-95.27777, 29.60142], [-95.26648, 29.60163], [-95.2666, 29.61279], [-95.26667, 29.61334], [-95.26679, 29.62451], [-95.26673, 29.62644]]]}, "properties": {"GEOID": "48201333800", "LILATracts_1And10": 0, "LILATracts_halfAnd10": 1, "LILATracts_Vehicle": 0, "LowIncomeTracts": 1, "LA1and10": 0, "lowincome_lowaccess_share": 25.4686, "pct_zero_car": 0.0442}}, {"type": "Feature", "geometry": {"type": "Polygon", "coordinates": [[[-95.43003, 29.74207], [-95.42997, 29.73834], [-95.41875, 29.73848], [-95.41866, 29.73074], [-95.41061, 29.73098], [-95.41065, 29.73424], [-95.41073, 29.74258], [-95.41878, 29.74232], [-95.42114, 29.74218], [-95.43003, 29.74207]]]}, "properties": {"GEOID": "48201411000", "LILATracts_1And10": 0, "LILATracts_halfAnd10": 0, "LILATracts_Vehicle": 0, "LowIncomeTracts": 0, "LA1and10": 0, "lowincome_lowaccess_share": 0.3678, "pct_zero_car": 0.0602}}, {"type": "Feature", "geometry": {"type": "Polygon", "coordinates": [[[-95.40869, 29.75965], [-95.41062, 29.75901], [-95.41374, 29.75867], [-95.4148, 29.7579], [-95.4159, 29.75667], [-95.4173, 29.75456], [-95.41863, 29.7509], [-95.41882, 29.7484], [-95.41878, 29.74232], [-95.41073, 29.74258], [-95.41064, 29.74439], [-95.4107, 29.75202], [-95.41073, 29.75456], [-95.40898, 29.75565], [-95.4084, 29.75641], [-95.40869, 29.75965]]]}, "properties": {"GEOID": "48201411100", "LILATracts_1And10": 0, "LILATracts_halfAnd10": 0, "LILATracts_Vehicle": 0, "LowIncomeTracts": 0, "LA1and10": 0, "lowincome_lowaccess_share": 0.2615, "pct_zero_car": 0.0363}}, {"type": "Feature", "geometry": {"type": "Polygon", "coordinates": [[[-95.46043, 29.72895], [-95.46039, 29.72581], [-95.46031, 29.72024], [-95.45977, 29.72031], [-95.45148, 29.7204], [-95.45151, 29.72267], [-95.44777, 29.72271], [-95.44782, 29.72453], [-95.44793, 29.73005], [-95.45049, 29.7303], [-95.45583, 29.73026], [-95.45754, 29.72993], [-95.46043, 29.72895]]]}, "properties": {"GEOID": "48201411700", "LILATracts_1And10": 0, "LILATracts_halfAnd10": 0, "LILATracts_Vehicle": 0, "LowIncomeTracts": 0, "LA1and10": 0, "lowincome_lowaccess_share": 10.5697, "pct_zero_car": 0.0}}, {"type": "Feature", "geometry": {"type": "Polygon", "coordinates": [[[-95.44793, 29.73005], [-95.44782, 29.72453], [-95.44312, 29.72459], [-95.44303, 29.72035], [-95.44127, 29.72124], [-95.43336, 29.72524], [-95.43011, 29.7253], [-95.41858, 29.72549], [-95.41053, 29.72558], [-95.41061, 29.73098], [-95.41866, 29.73074], [-95.424, 29.73064], [-95.43169, 29.72949], [-95.44044, 29.72902], [-95.44162, 29.729], [-95.44485, 29.72942], [-95.44793, 29.73005]]]}, "properties": {"GEOID": "48201411800", "LILATracts_1And10": 0, "LILATracts_halfAnd10": 0, "LILATracts_Vehicle": 0, "LowIncomeTracts": 0, "LA1and10": 0, "lowincome_lowaccess_share": 2.8068, "pct_zero_car": 0.0394}}, {"type": "Feature", "geometry": {"type": "Polygon", "coordinates": [[[-95.41061, 29.73098], [-95.41053, 29.72558], [-95.39944, 29.72573], [-95.39953, 29.72319], [-95.39881, 29.72249], [-95.39711, 29.72269], [-95.39365, 29.72064], [-95.39132, 29.72358], [-95.39072, 29.72393], [-95.39062, 29.72453], [-95.3845, 29.73222], [-95.38454, 29.73224], [-95.38864, 29.73219], [-95.39949, 29.73139], [-95.40735, 29.73105], [-95.41061, 29.73098]]]}, "properties": {"GEOID": "48201411900", "LILATracts_1And10": 0, "LILATracts_halfAnd10": 0, "LILATracts_Vehicle": 0, "LowIncomeTracts": 0, "LA1and10": 0, "lowincome_lowaccess_share": 16.1606, "pct_zero_car": 0.0144}}, {"type": "Feature", "geometry": {"type": "Polygon", "coordinates": [[[-95.41858, 29.72549], [-95.4184, 29.71505], [-95.41267, 29.71511], [-95.41271, 29.71749], [-95.41094, 29.71779], [-95.39881, 29.72249], [-95.39953, 29.72319], [-95.39944, 29.72573], [-95.41053, 29.72558], [-95.41858, 29.72549]]]}, "properties": {"GEOID": "48201412000", "LILATracts_1And10": 0, "LILATracts_halfAnd10": 0, "LILATracts_Vehicle": 0, "LowIncomeTracts": 0, "LA1and10": 1, "lowincome_lowaccess_share": 8.9528, "pct_zero_car": 0.0192}}, {"type": "Feature", "geometry": {"type": "Polygon", "coordinates": [[[-95.55762, 29.72764], [-95.55758, 29.71826], [-95.5434, 29.71944], [-95.53906, 29.71971], [-95.53915, 29.72773], [-95.54215, 29.72781], [-95.54525, 29.7286], [-95.54776, 29.72881], [-95.54977, 29.72869], [-95.55314, 29.72783], [-95.55501, 29.72762], [-95.55762, 29.72764]]]}, "properties": {"GEOID": "48201432400", "LILATracts_1And10": 0, "LILATracts_halfAnd10": 1, "LILATracts_Vehicle": 1, "LowIncomeTracts": 1, "LA1and10": 0, "lowincome_lowaccess_share": 29.3538, "pct_zero_car": 0.0916}}, {"type": "Feature", "geometry": {"type": "Polygon", "coordinates": [[[-95.45571, 29.75783], [-95.45562, 29.75293], [-95.45574, 29.75159], [-95.45649, 29.74801], [-95.45831, 29.74094], [-95.45772, 29.74108], [-95.44816, 29.74163], [-95.44826, 29.74666], [-95.4484, 29.7561], [-95.45075, 29.75647], [-95.45152, 29.75706], [-95.45284, 29.75729], [-95.45266, 29.75858], [-95.45506, 29.75989], [-95.45572, 29.75996], [-95.45571, 29.75783]]]}, "properties": {"GEOID": "48201411300", "LILATracts_1And10": 0, "LILATracts_halfAnd10": 0, "LILATracts_Vehicle": 0, "LowIncomeTracts": 0, "LA1and10": 0, "lowincome_lowaccess_share": 1.6985, "pct_zero_car": 0.0596}}, {"type": "Feature", "geometry": {"type": "Polygon", "coordinates": [[[-95.44826, 29.74666], [-95.44816, 29.74163], [-95.44166, 29.74173], [-95.43665, 29.74156], [-95.43439, 29.74155], [-95.43262, 29.74192], [-95.43003, 29.74207], [-95.42114, 29.74218], [-95.41878, 29.74232], [-95.41882, 29.7484], [-95.42225, 29.74779], [-95.43015, 29.74776], [-95.4417, 29.74676], [-95.44826, 29.74666]]]}, "properties": {"GEOID": "48201411400", "LILATracts_1And10": 0, "LILATracts_halfAnd10": 0, "LILATracts_Vehicle": 0, "LowIncomeTracts": 0, "LA1and10": 0, "lowincome_lowaccess_share": 1.8233, "pct_zero_car": 0.0302}}, {"type": "Feature", "geometry": {"type": "Polygon", "coordinates": [[[-95.46805, 29.71659], [-95.46799, 29.71298], [-95.47259, 29.7129], [-95.47251, 29.70748], [-95.47629, 29.70743], [-95.47628, 29.7056], [-95.46222, 29.70582], [-95.45945, 29.70577], [-95.46004, 29.70823], [-95.46023, 29.70986], [-95.46031, 29.72024], [-95.46039, 29.72581], [-95.46403, 29.72553], [-95.46396, 29.72026], [-95.4681, 29.72021], [-95.46805, 29.71659]]]}, "properties": {"GEOID": "48201421000", "LILATracts_1And10": 0, "LILATracts_halfAnd10": 0, "LILATracts_Vehicle": 0, "LowIncomeTracts": 0, "LA1and10": 0, "lowincome_lowaccess_share": 2.9794, "pct_zero_car": 0.0}}, {"type": "Feature", "geometry": {"type": "Polygon", "coordinates": [[[-95.52117, 29.73733], [-95.52108, 29.736], [-95.52056, 29.73373], [-95.52049, 29.72907], [-95.51686, 29.72928], [-95.50912, 29.72934], [-95.50766, 29.72963], [-95.50265, 29.73151], [-95.50119, 29.73166], [-95.50122, 29.73404], [-95.50085, 29.73619], [-95.50091, 29.73754], [-95.51009, 29.73743], [-95.52117, 29.73733]]]}, "properties": {"GEOID": "48201432100", "LILATracts_1And10": 0, "LILATracts_halfAnd10": 0, "LILATracts_Vehicle": 0, "LowIncomeTracts": 1, "LA1and10": 0, "lowincome_lowaccess_share": null, "pct_zero_car": 0.1023}}, {"type": "Feature", "geometry": {"type": "Polygon", "coordinates": [[[-95.53887, 29.73712], [-95.53929, 29.73474], [-95.53915, 29.72773], [-95.53814, 29.72776], [-95.53396, 29.72895], [-95.52049, 29.72907], [-95.52056, 29.73373], [-95.52108, 29.736], [-95.52117, 29.73733], [-95.53144, 29.73722], [-95.53887, 29.73712]]]}, "properties": {"GEOID": "48201432200", "LILATracts_1And10": 0, "LILATracts_halfAnd10": 1, "LILATracts_Vehicle": 0, "LowIncomeTracts": 1, "LA1and10": 0, "lowincome_lowaccess_share": 2.938, "pct_zero_car": 0.0608}}, {"type": "Feature", "geometry": {"type": "Polygon", "coordinates": [[[-95.55772, 29.73686], [-95.55762, 29.72764], [-95.55501, 29.72762], [-95.55314, 29.72783], [-95.54977, 29.72869], [-95.54776, 29.72881], [-95.54525, 29.7286], [-95.54215, 29.72781], [-95.53915, 29.72773], [-95.53929, 29.73474], [-95.53887, 29.73712], [-95.55772, 29.73686]]]}, "properties": {"GEOID": "48201432300", "LILATracts_1And10": 0, "LILATracts_halfAnd10": 1, "LILATracts_Vehicle": 1, "LowIncomeTracts": 1, "LA1and10": 0, "lowincome_lowaccess_share": 23.5371, "pct_zero_car": 0.0524}}, {"type": "Feature", "geometry": {"type": "Polygon", "coordinates": [[[-95.1919, 29.61617], [-95.19625, 29.61299], [-95.20555, 29.60635], [-95.20216, 29.60323], [-95.19781, 29.59889], [-95.19179, 29.59302], [-95.1844, 29.58662], [-95.18094, 29.58347], [-95.16902, 29.56962], [-95.16498, 29.57403], [-95.16214, 29.57582], [-95.16138, 29.57649], [-95.15924, 29.57906], [-95.1578, 29.5802], [-95.17697, 29.60062], [-95.17894, 29.60263], [-95.18823, 29.61257], [-95.1919, 29.61617]]]}, "properties": {"GEOID": "48201340100", "LILATracts_1And10": 1, "LILATracts_halfAnd10": 1, "LILATracts_Vehicle": 0, "LowIncomeTracts": 1, "LA1and10": 1, "lowincome_lowaccess_share": 33.746, "pct_zero_car": 0.0281}}, {"type": "Feature", "geometry": {"type": "Polygon", "coordinates": [[[-95.48225, 29.62841], [-95.48239, 29.62749], [-95.48404, 29.62574], [-95.48711, 29.62429], [-95.48885, 29.62284], [-95.49104, 29.6184], [-95.49213, 29.61659], [-95.49277, 29.61661], [-95.49504, 29.61339], [-95.49282, 29.61263], [-95.48812, 29.61053], [-95.48462, 29.60863], [-95.47412, 29.60373], [-95.46912, 29.60133], [-95.46505, 29.5996], [-95.46459, 29.60067], [-95.46447, 29.60312], [-95.46472, 29.60579], [-95.46491, 29.60761], [-95.46497, 29.61165], [-95.46491, 29.61524], [-95.46502, 29.61743], [-95.46519, 29.62728], [-95.47068, 29.6273], [-95.47593, 29.6284], [-95.48225, 29.62841]]]}, "properties": {"GEOID": "48201330302", "LILATracts_1And10": 1, "LILATracts_halfAnd10": 1, "LILATracts_Vehicle": 0, "LowIncomeTracts": 1, "LA1and10": 1, "lowincome_lowaccess_share": 30.8766, "pct_zero_car": 0.0393}}, {"type": "Feature", "geometry": {"type": "Polygon", "coordinates": [[[-95.35595, 29.63786], [-95.35587, 29.63675], [-95.35542, 29.62069], [-95.35542, 29.61661], [-95.35416, 29.61662], [-95.34854, 29.61926], [-95.34466, 29.62051], [-95.34091, 29.621], [-95.34069, 29.62213], [-95.3396, 29.62516], [-95.33933, 29.62682], [-95.33939, 29.63696], [-95.3487, 29.63622], [-95.34883, 29.63793], [-95.34937, 29.6381], [-95.35517, 29.63812], [-95.35595, 29.63786]]]}, "properties": {"GEOID": "48201331601", "LILATracts_1And10": 1, "LILATracts_halfAnd10": 1, "LILATracts_Vehicle": 1, "LowIncomeTracts": 1, "LA1and10": 1, "lowincome_lowaccess_share": 38.3307, "pct_zero_car": 0.0966}}, {"type": "Feature", "geometry": {"type": "Polygon", "coordinates": [[[-95.27711, 29.67241], [-95.27691, 29.66556], [-95.27203, 29.66563], [-95.2698, 29.66532], [-95.26315, 29.66545], [-95.26319, 29.66792], [-95.26248, 29.66913], [-95.26401, 29.67135], [-95.26514, 29.67265], [-95.268, 29.67556], [-95.2709, 29.67335], [-95.272, 29.67273], [-95.27339, 29.67249], [-95.27711, 29.67241]]]}, "properties": {"GEOID": "48201333201", "LILATracts_1And10": 0, "LILATracts_halfAnd10": 0, "LILATracts_Vehicle": 0, "LowIncomeTracts": 1, "LA1and10": 0, "lowincome_lowaccess_share": 3.593, "pct_zero_car": 0.1706}}, {"type": "Feature", "geometry": {"type": "Polygon", "coordinates": [[[-95.13814, 29.59212], [-95.13525, 29.58947], [-95.1337, 29.58693], [-95.13033, 29.58381], [-95.12617, 29.57951], [-95.12464, 29.57858], [-95.12201, 29.57749], [-95.11969, 29.58179], [-95.11852, 29.58422], [-95.11789, 29.58658], [-95.11771, 29.58815], [-95.11776, 29.59061], [-95.11847, 29.5938], [-95.11906, 29.59527], [-95.12423, 29.60512], [-95.1282, 29.60285], [-95.13266, 29.60063], [-95.13425, 29.5989], [-95.13507, 29.59762], [-95.13591, 29.59486], [-95.13696, 29.59322], [-95.13814, 29.59212]]]}, "properties": {"GEOID": "48201340301", "LILATracts_1And10": 0, "LILATracts_halfAnd10": 0, "LILATracts_Vehicle": 0, "LowIncomeTracts": 0, "LA1and10": 0, "lowincome_lowaccess_share": 2.3366, "pct_zero_car": 0.0049}}, {"type": "Feature", "geometry": {"type": "Polygon", "coordinates": [[[-95.55578, 29.87352], [-95.55918, 29.87225], [-95.54413, 29.86166], [-95.53094, 29.85227], [-95.5151, 29.84103], [-95.5149, 29.84118], [-95.50898, 29.84122], [-95.50628, 29.84132], [-95.49273, 29.84143], [-95.49479, 29.84277], [-95.50955, 29.85111], [-95.52436, 29.85943], [-95.53344, 29.86357], [-95.53419, 29.86385], [-95.54311, 29.8679], [-95.54588, 29.86907], [-95.55578, 29.87352]]]}, "properties": {"GEOID": "48201521700", "LILATracts_1And10": 1, "LILATracts_halfAnd10": 1, "LILATracts_Vehicle": 0, "LowIncomeTracts": 1, "LA1and10": 1, "lowincome_lowaccess_share": 27.1189, "pct_zero_car": 0.0664}}, {"type": "Feature", "geometry": {"type": "Polygon", "coordinates": [[[-95.55918, 29.87225], [-95.56093, 29.87138], [-95.56208, 29.8704], [-95.56346, 29.8683], [-95.56374, 29.86704], [-95.56365, 29.84668], [-95.56369, 29.83193], [-95.54532, 29.83224], [-95.54503, 29.83444], [-95.5451, 29.85013], [-95.54519, 29.85872], [-95.54515, 29.86011], [-95.54413, 29.86166], [-95.55918, 29.87225]]]}, "properties": {"GEOID": "48201521800", "LILATracts_1And10": 0, "LILATracts_halfAnd10": 0, "LILATracts_Vehicle": 0, "LowIncomeTracts": 0, "LA1and10": 1, "lowincome_lowaccess_share": 38.4176, "pct_zero_car": 0.0327}}, {"type": "Feature", "geometry": {"type": "Polygon", "coordinates": [[[-95.56369, 29.83193], [-95.56358, 29.81271], [-95.55445, 29.81268], [-95.54521, 29.81269], [-95.54526, 29.82271], [-95.54532, 29.83224], [-95.56369, 29.83193]]]}, "properties": {"GEOID": "48201521900", "LILATracts_1And10": 0, "LILATracts_halfAnd10": 0, "LILATracts_Vehicle": 0, "LowIncomeTracts": 0, "LA1and10": 0, "lowincome_lowaccess_share": 13.5921, "pct_zero_car": 0.0689}}, {"type": "Feature", "geometry": {"type": "Polygon", "coordinates": [[[-95.719, 29.80029], [-95.71898, 29.79443], [-95.71887, 29.79111], [-95.71893, 29.78491], [-95.70837, 29.78505], [-95.69832, 29.78497], [-95.69189, 29.78474], [-95.68835, 29.78476], [-95.68835, 29.78504], [-95.68823, 29.78751], [-95.68833, 29.80033], [-95.70403, 29.80031], [-95.719, 29.80029]]]}, "properties": {"GEOID": "48201541800", "LILATracts_1And10": 1, "LILATracts_halfAnd10": 1, "LILATracts_Vehicle": 0, "LowIncomeTracts": 1, "LA1and10": 1, "lowincome_lowaccess_share": 20.689, "pct_zero_car": 0.0314}}, {"type": "Feature", "geometry": {"type": "Polygon", "coordinates": [[[-95.27811, 29.68575], [-95.27267, 29.68035], [-95.27182, 29.68075], [-95.26999, 29.68106], [-95.26844, 29.68235], [-95.26685, 29.68415], [-95.26555, 29.68631], [-95.26441, 29.68882], [-95.2628, 29.6887], [-95.26205, 29.68899], [-95.26156, 29.68991], [-95.25901, 29.69058], [-95.25802, 29.69143], [-95.25672, 29.69172], [-95.25541, 29.69295], [-95.25577, 29.69404], [-95.25755, 29.69417], [-95.25854, 29.69463], [-95.25959, 29.69435], [-95.26087, 29.69509], [-95.26162, 29.69608], [-95.26244, 29.69619], [-95.26267, 29.69712], [-95.26203, 29.69741], [-95.26314, 29.69938], [-95.26516, 29.70152], [-95.26523, 29.70273], [-95.26434, 29.7039], [-95.2632, 29.70456], [-95.25963, 29.70587], [-95.25751, 29.70719], [-95.2569, 29.70782], [-95.26165, 29.70862], [-95.26718, 29.70991], [-95.2693, 29.70837], [-95.27207, 29.70693], [-95.27788, 29.70268], [-95.27776, 29.6958], [-95.27749, 29.68626], [-95.27811, 29.68575]]]}, "properties": {"GEOID": "48201320200", "LILATracts_1And10": 0, "LILATracts_halfAnd10": 1, "LILATracts_Vehicle": 0, "LowIncomeTracts": 1, "LA1and10": 0, "lowincome_lowaccess_share": 28.4079, "pct_zero_car": 0.0611}}, {"type": "Feature", "geometry": {"type": "Polygon", "coordinates": [[[-94.91863, 29.76817], [-94.92002, 29.7681], [-94.92623, 29.76702], [-94.92969, 29.76732], [-94.93948, 29.76579], [-94.94084, 29.77149], [-94.9421, 29.77556], [-94.94658, 29.7811], [-94.95629, 29.77957], [-94.96191, 29.7786], [-94.96411, 29.77831], [-94.9641, 29.77766], [-94.96401, 29.76969], [-94.96401, 29.76077], [-94.96384, 29.75352], [-94.94998, 29.75573], [-94.94524, 29.75643], [-94.94234, 29.75713], [-94.94035, 29.75742], [-94.92815, 29.75928], [-94.9269, 29.7585], [-94.92457, 29.76031], [-94.922, 29.76477], [-94.91863, 29.76817]]]}, "properties": {"GEOID": "48201253800", "LILATracts_1And10": 0, "LILATracts_halfAnd10": 0, "LILATracts_Vehicle": 0, "LowIncomeTracts": 0, "LA1and10": 1, "lowincome_lowaccess_share": 27.1272, "pct_zero_car": 0.0377}}, {"type": "Feature", "geometry": {"type": "Polygon", "coordinates": [[[-95.35596, 29.68092], [-95.35596, 29.68036], [-95.35242, 29.67933], [-95.3503, 29.67899], [-95.33898, 29.67556], [-95.33644, 29.67542], [-95.33661, 29.67845], [-95.33713, 29.67935], [-95.33911, 29.68116], [-95.34094, 29.68571], [-95.3492, 29.68325], [-95.35276, 29.68178], [-95.35596, 29.68092]]]}, "properties": {"GEOID": "48201332100", "LILATracts_1And10": 0, "LILATracts_halfAnd10": 1, "LILATracts_Vehicle": 0, "LowIncomeTracts": 1, "LA1and10": 0, "lowincome_lowaccess_share": 33.2879, "pct_zero_car": 0.0401}}, {"type": "Feature", "geometry": {"type": "Polygon", "coordinates": [[[-95.14358, 29.65035], [-95.14337, 29.64187], [-95.14293, 29.64043], [-95.14274, 29.63122], [-95.14148, 29.63158], [-95.14019, 29.63272], [-95.13915, 29.6332], [-95.1282, 29.63331], [-95.1216, 29.63349], [-95.11588, 29.63359], [-95.11251, 29.63452], [-95.10823, 29.63491], [-95.11184, 29.63839], [-95.11839, 29.64589], [-95.11897, 29.64706], [-95.12165, 29.64959], [-95.12237, 29.65048], [-95.13315, 29.65049], [-95.14358, 29.65035]]]}, "properties": {"GEOID": "48201342001", "LILATracts_1And10": 0, "LILATracts_halfAnd10": 0, "LILATracts_Vehicle": 0, "LowIncomeTracts": 0, "LA1and10": 1, "lowincome_lowaccess_share": 5.8232, "pct_zero_car": 0.0091}}, {"type": "Feature", "geometry": {"type": "Polygon", "coordinates": [[[-95.4764, 29.72605], [-95.47652, 29.72445], [-95.47641, 29.71653], [-95.46805, 29.71659], [-95.4681, 29.72021], [-95.46396, 29.72026], [-95.46403, 29.72553], [-95.46039, 29.72581], [-95.46043, 29.72895], [-95.4638, 29.72764], [-95.46666, 29.72668], [-95.46825, 29.7264], [-95.47329, 29.72606], [-95.4764, 29.72605]]]}, "properties": {"GEOID": "48201421101", "LILATracts_1And10": 0, "LILATracts_halfAnd10": 0, "LILATracts_Vehicle": 0, "LowIncomeTracts": 1, "LA1and10": 0, "lowincome_lowaccess_share": 0.0028, "pct_zero_car": 0.0885}}, {"type": "Feature", "geometry": {"type": "Polygon", "coordinates": [[[-95.54514, 29.80601], [-95.54484, 29.80263], [-95.54467, 29.79428], [-95.53743, 29.79413], [-95.53354, 29.79516], [-95.53064, 29.79596], [-95.53085, 29.80648], [-95.53992, 29.80639], [-95.54033, 29.806], [-95.54514, 29.80601]]]}, "properties": {"GEOID": "48201522202", "LILATracts_1And10": 0, "LILATracts_halfAnd10": 1, "LILATracts_Vehicle": 0, "LowIncomeTracts": 1, "LA1and10": 0, "lowincome_lowaccess_share": 15.1213, "pct_zero_car": 0.0906}}, {"type": "Feature", "geometry": {"type": "Polygon", "coordinates": [[[-95.53354, 29.79516], [-95.5334, 29.79398], [-95.532, 29.79179], [-95.5314, 29.78973], [-95.53133, 29.7867], [-95.53178, 29.78474], [-95.53178, 29.78381], [-95.52746, 29.78383], [-95.52126, 29.78373], [-95.52134, 29.78576], [-95.52178, 29.78735], [-95.52177, 29.79184], [-95.52216, 29.79325], [-95.5231, 29.79476], [-95.52344, 29.79689], [-95.52392, 29.798], [-95.52662, 29.79706], [-95.53064, 29.79596], [-95.53354, 29.79516]]]}, "properties": {"GEOID": "48201522301", "LILATracts_1And10": 0, "LILATracts_halfAnd10": 0, "LILATracts_Vehicle": 0, "LowIncomeTracts": 1, "LA1and10": 0, "lowincome_lowaccess_share": null, "pct_zero_car": 0.0897}}, {"type": "Feature", "geometry": {"type": "Polygon", "coordinates": [[[-95.54521, 29.81269], [-95.54514, 29.80601], [-95.54033, 29.806], [-95.53992, 29.80639], [-95.53085, 29.80648], [-95.53064, 29.79596], [-95.52662, 29.79706], [-95.52392, 29.798], [-95.52418, 29.79901], [-95.52442, 29.80673], [-95.52569, 29.80764], [-95.52617, 29.80848], [-95.52616, 29.8098], [-95.52892, 29.80921], [-95.53285, 29.80936], [-95.53498, 29.81021], [-95.5371, 29.81177], [-95.53874, 29.81246], [-95.54014, 29.81271], [-95.54521, 29.81269]]]}, "properties": {"GEOID": "48201522201", "LILATracts_1And10": 0, "LILATracts_halfAnd10": 1, "LILATracts_Vehicle": 0, "LowIncomeTracts": 1, "LA1and10": 0, "lowincome_lowaccess_share": 6.0126, "pct_zero_car": 0.056}}, {"type": "Feature", "geometry": {"type": "Polygon", "coordinates": [[[-95.46066, 29.84641], [-95.46373, 29.84823], [-95.46489, 29.84866], [-95.46671, 29.84893], [-95.47206, 29.84889], [-95.4683, 29.8423], [-95.45865, 29.84234], [-95.45983, 29.84439], [-95.46066, 29.84641]]]}, "properties": {"GEOID": "48201532002", "LILATracts_1And10": 0, "LILATracts_halfAnd10": 0, "LILATracts_Vehicle": 0, "LowIncomeTracts": 0, "LA1and10": 0, "lowincome_lowaccess_share": 9.073, "pct_zero_car": 0.0428}}, {"type": "Feature", "geometry": {"type": "Polygon", "coordinates": [[[-95.48038, 29.86566], [-95.48162, 29.86576], [-95.47591, 29.85565], [-95.47206, 29.84889], [-95.46671, 29.84893], [-95.46489, 29.84866], [-95.46373, 29.84823], [-95.46066, 29.84641], [-95.46105, 29.84706], [-95.4612, 29.84916], [-95.4635, 29.85108], [-95.46365, 29.8519], [-95.46301, 29.85263], [-95.46313, 29.85335], [-95.46436, 29.85397], [-95.46455, 29.85485], [-95.462, 29.85733], [-95.46236, 29.85834], [-95.464, 29.85892], [-95.46589, 29.86025], [-95.46684, 29.8619], [-95.46683, 29.86332], [-95.4776, 29.86328], [-95.47862, 29.86353], [-95.48038, 29.86566]]]}, "properties": {"GEOID": "48201532001", "LILATracts_1And10": 0, "LILATracts_halfAnd10": 1, "LILATracts_Vehicle": 1, "LowIncomeTracts": 1, "LA1and10": 0, "lowincome_lowaccess_share": 44.5642, "pct_zero_car": 0.171}}, {"type": "Feature", "geometry": {"type": "Polygon", "coordinates": [[[-95.34094, 29.68571], [-95.33911, 29.68116], [-95.33713, 29.67935], [-95.33661, 29.67845], [-95.33644, 29.67542], [-95.33641, 29.67387], [-95.33696, 29.67188], [-95.32859, 29.67206], [-95.32109, 29.67223], [-95.32014, 29.67266], [-95.32167, 29.67774], [-95.3247, 29.68792], [-95.32594, 29.69186], [-95.33211, 29.68891], [-95.33506, 29.68758], [-95.34094, 29.68571]]]}, "properties": {"GEOID": "48201332200", "LILATracts_1And10": 0, "LILATracts_halfAnd10": 1, "LILATracts_Vehicle": 0, "LowIncomeTracts": 1, "LA1and10": 0, "lowincome_lowaccess_share": 19.1474, "pct_zero_car": 0.0488}}, {"type": "Feature", "geometry": {"type": "Polygon", "coordinates": [[[-95.33696, 29.67188], [-95.3373, 29.66998], [-95.3372, 29.66634], [-95.33713, 29.6639], [-95.33666, 29.66193], [-95.33651, 29.65862], [-95.33638, 29.65184], [-95.33728, 29.64801], [-95.33698, 29.64512], [-95.33653, 29.64549], [-95.33513, 29.64543], [-95.33381, 29.64641], [-95.33231, 29.64634], [-95.33132, 29.64669], [-95.32969, 29.64893], [-95.32852, 29.64967], [-95.32707, 29.64946], [-95.32496, 29.65043], [-95.32013, 29.65063], [-95.31894, 29.65117], [-95.31745, 29.65234], [-95.31659, 29.65416], [-95.31489, 29.65495], [-95.31685, 29.66156], [-95.32855, 29.66136], [-95.32873, 29.66857], [-95.32859, 29.67206], [-95.33696, 29.67188]]]}, "properties": {"GEOID": "48201332400", "LILATracts_1And10": 1, "LILATracts_halfAnd10": 1, "LILATracts_Vehicle": 0, "LowIncomeTracts": 1, "LA1and10": 1, "lowincome_lowaccess_share": 50.8987, "pct_zero_car": 0.0469}}, {"type": "Feature", "geometry": {"type": "Polygon", "coordinates": [[[-95.29032, 29.67354], [-95.29174, 29.67376], [-95.29457, 29.67365], [-95.29978, 29.67282], [-95.30134, 29.67223], [-95.30388, 29.67024], [-95.30667, 29.66868], [-95.30873, 29.66811], [-95.31449, 29.66683], [-95.3182, 29.66611], [-95.31685, 29.66156], [-95.31489, 29.65495], [-95.31263, 29.65534], [-95.31135, 29.6572], [-95.30877, 29.65793], [-95.30786, 29.65935], [-95.30718, 29.66096], [-95.30427, 29.66355], [-95.29839, 29.66719], [-95.29715, 29.66854], [-95.29726, 29.67122], [-95.29693, 29.67193], [-95.29544, 29.67264], [-95.29293, 29.67312], [-95.29128, 29.67284], [-95.29032, 29.67354]]]}, "properties": {"GEOID": "48201332500", "LILATracts_1And10": 1, "LILATracts_halfAnd10": 1, "LILATracts_Vehicle": 0, "LowIncomeTracts": 1, "LA1and10": 1, "lowincome_lowaccess_share": 55.0722, "pct_zero_car": 0.0774}}, {"type": "Feature", "geometry": {"type": "Polygon", "coordinates": [[[-95.17149, 29.71257], [-95.17144, 29.70851], [-95.17107, 29.69368], [-95.1712, 29.69358], [-95.16916, 29.69246], [-95.16356, 29.68904], [-95.16209, 29.68926], [-95.1624, 29.70109], [-95.16254, 29.7087], [-95.16312, 29.70868], [-95.16314, 29.7098], [-95.16125, 29.71017], [-95.16121, 29.71231], [-95.17149, 29.71257]]]}, "properties": {"GEOID": "48201322700", "LILATracts_1And10": 0, "LILATracts_halfAnd10": 0, "LILATracts_Vehicle": 0, "LowIncomeTracts": 0, "LA1and10": 0, "lowincome_lowaccess_share": 16.361, "pct_zero_car": 0.0272}}, {"type": "Feature", "geometry": {"type": "Polygon", "coordinates": [[[-95.1974, 29.71246], [-95.19661, 29.71043], [-95.19067, 29.70535], [-95.19004, 29.70471], [-95.17947, 29.69852], [-95.1712, 29.69358], [-95.17107, 29.69368], [-95.17144, 29.70851], [-95.17149, 29.71257], [-95.19022, 29.71307], [-95.1974, 29.71246]]]}, "properties": {"GEOID": "48201322800", "LILATracts_1And10": 0, "LILATracts_halfAnd10": 1, "LILATracts_Vehicle": 0, "LowIncomeTracts": 1, "LA1and10": 0, "lowincome_lowaccess_share": 21.8264, "pct_zero_car": 0.0462}}, {"type": "Feature", "geometry": {"type": "Polygon", "coordinates": [[[-95.1974, 29.71246], [-95.20127, 29.71211], [-95.20109, 29.70762], [-95.20105, 29.69813], [-95.19392, 29.69823], [-95.19328, 29.69861], [-95.18888, 29.69876], [-95.1829, 29.69881], [-95.18294, 29.69832], [-95.17957, 29.69834], [-95.17947, 29.69852], [-95.19004, 29.70471], [-95.19067, 29.70535], [-95.19661, 29.71043], [-95.1974, 29.71246]]]}, "properties": {"GEOID": "48201322900", "LILATracts_1And10": 0, "LILATracts_halfAnd10": 1, "LILATracts_Vehicle": 0, "LowIncomeTracts": 1, "LA1and10": 0, "lowincome_lowaccess_share": 27.9277, "pct_zero_car": 0.0395}}, {"type": "Feature", "geometry": {"type": "Polygon", "coordinates": [[[-95.22578, 29.65266], [-95.22117, 29.64779], [-95.21446, 29.64059], [-95.21102, 29.63698], [-95.20919, 29.63836], [-95.20807, 29.64007], [-95.20774, 29.6419], [-95.20797, 29.65098], [-95.21134, 29.65089], [-95.21618, 29.65104], [-95.21652, 29.65278], [-95.22578, 29.65266]]]}, "properties": {"GEOID": "48201321300", "LILATracts_1And10": 0, "LILATracts_halfAnd10": 0, "LILATracts_Vehicle": 0, "LowIncomeTracts": 1, "LA1and10": 0, "lowincome_lowaccess_share": 0.1526, "pct_zero_car": 0.0186}}, {"type": "Feature", "geometry": {"type": "Polygon", "coordinates": [[[-95.22797, 29.77212], [-95.22715, 29.77048], [-95.22732, 29.7692], [-95.22651, 29.76893], [-95.22526, 29.7695], [-95.2251, 29.76871], [-95.22357, 29.76835], [-95.2239, 29.76707], [-95.22414, 29.76555], [-95.22395, 29.76034], [-95.22147, 29.76116], [-95.21959, 29.76156], [-95.21918, 29.7605], [-95.21975, 29.76001], [-95.21923, 29.7596], [-95.21603, 29.75958], [-95.21308, 29.75979], [-95.21151, 29.75963], [-95.21133, 29.75768], [-95.21142, 29.74971], [-95.21091, 29.74083], [-95.21115, 29.7396], [-95.21227, 29.73895], [-95.21206, 29.7341], [-95.2127, 29.73273], [-95.21192, 29.73167], [-95.21188, 29.72643], [-95.20961, 29.72801], [-95.2085, 29.7297], [-95.20752, 29.73011], [-95.20811, 29.73119], [-95.2073, 29.73173], [-95.20664, 29.73358], [-95.20458, 29.73668], [-95.20382, 29.73964], [-95.20226, 29.74009], [-95.19896, 29.74134], [-95.19607, 29.74217], [-95.19358, 29.74305], [-95.19205, 29.74395], [-95.19007, 29.74477], [-95.18667, 29.74555], [-95.18255, 29.7456], [-95.17913, 29.74587], [-95.17732, 29.74653], [-95.1734, 29.74692], [-95.16894, 29.7469], [-95.1682, 29.748], [-95.16502, 29.75061], [-95.16511, 29.75179], [-95.16665, 29.75236], [-95.16838, 29.75226], [-95.17447, 29.75299], [-95.17611, 29.75353], [-95.1776, 29.75529], [-95.17892, 29.75731], [-95.18209, 29.76032], [-95.18418, 29.76101], [-95.18682, 29.76074], [-95.18842, 29.75979], [-95.1895, 29.75875], [-95.19057, 29.75816], [-95.19141, 29.75828], [-95.19176, 29.75941], [-95.1915, 29.76038], [-95.19036, 29.76203], [-95.18934, 29.76258], [-95.18819, 29.76443], [-95.1882, 29.76578], [-95.18881, 29.76738], [-95.1902, 29.76946], [-95.19142, 29.77012], [-95.19286, 29.77018], [-95.19569, 29.76975], [-95.19663, 29.77022], [-95.19703, 29.77153], [-95.2006, 29.77166], [-95.20794, 29.77132], [-95.21516, 29.77058], [-95.21879, 29.77043], [-95.22111, 29.7706], [-95.22797, 29.77212]]]}, "properties": {"GEOID": "48201233300", "LILATracts_1And10": 1, "LILATracts_halfAnd10": 1, "LILATracts_Vehicle": 0, "LowIncomeTracts": 1, "LA1and10": 1, "lowincome_lowaccess_share": 49.6733, "pct_zero_car": 0.0646}}, {"type": "Feature", "geometry": {"type": "Polygon", "coordinates": [[[-94.95388, 29.73986], [-94.94824, 29.73858], [-94.94538, 29.73952], [-94.93966, 29.74046], [-94.93813, 29.74049], [-94.93385, 29.74118], [-94.93369, 29.74052], [-94.9286, 29.74116], [-94.92889, 29.74354], [-94.92995, 29.74656], [-94.9301, 29.74786], [-94.92983, 29.75], [-94.9288, 29.75137], [-94.92594, 29.75237], [-94.92426, 29.75462], [-94.9234, 29.75526], [-94.92165, 29.75556], [-94.91955, 29.75527], [-94.91837, 29.75611], [-94.91879, 29.75923], [-94.91778, 29.76104], [-94.91796, 29.76228], [-94.91917, 29.76458], [-94.91902, 29.76539], [-94.91703, 29.76684], [-94.91622, 29.7669], [-94.91466, 29.76626], [-94.91381, 29.7663], [-94.91325, 29.7674], [-94.91369, 29.76868], [-94.91425, 29.76915], [-94.91653, 29.77003], [-94.91662, 29.77027], [-94.91863, 29.76817], [-94.922, 29.76477], [-94.92457, 29.76031], [-94.9269, 29.7585], [-94.92815, 29.75928], [-94.94035, 29.75742], [-94.94242, 29.75611], [-94.94317, 29.75482], [-94.94419, 29.75211], [-94.9449, 29.751], [-94.95268, 29.74163], [-94.95388, 29.73986]]]}, "properties": {"GEOID": "48201253900", "LILATracts_1And10": 0, "LILATracts_halfAnd10": 1, "LILATracts_Vehicle": 0, "LowIncomeTracts": 1, "LA1and10": 0, "lowincome_lowaccess_share": 13.391, "pct_zero_car": 0.0916}}, {"type": "Feature", "geometry": {"type": "Polygon", "coordinates": [[[-94.95742, 29.73228], [-94.94222, 29.72781], [-94.93918, 29.72684], [-94.93617, 29.73102], [-94.93483, 29.73258], [-94.93232, 29.73388], [-94.93106, 29.73548], [-94.92902, 29.73706], [-94.9283, 29.73875], [-94.9286, 29.74116], [-94.93369, 29.74052], [-94.93385, 29.74118], [-94.93813, 29.74049], [-94.93966, 29.74046], [-94.94538, 29.73952], [-94.94824, 29.73858], [-94.95388, 29.73986], [-94.95464, 29.7386], [-94.95742, 29.73228]]]}, "properties": {"GEOID": "48201254000", "LILATracts_1And10": 0, "LILATracts_halfAnd10": 1, "LILATracts_Vehicle": 1, "LowIncomeTracts": 1, "LA1and10": 0, "lowincome_lowaccess_share": 25.5865, "pct_zero_car": 0.1157}}, {"type": "Feature", "geometry": {"type": "Polygon", "coordinates": [[[-94.96373, 29.7503], [-94.96378, 29.7476], [-94.96367, 29.74159], [-94.96611, 29.73603], [-94.95911, 29.73371], [-94.95939, 29.73286], [-94.95742, 29.73228], [-94.95464, 29.7386], [-94.95388, 29.73986], [-94.95268, 29.74163], [-94.9449, 29.751], [-94.94419, 29.75211], [-94.94317, 29.75482], [-94.94242, 29.75611], [-94.94035, 29.75742], [-94.94234, 29.75713], [-94.94524, 29.75643], [-94.94998, 29.75573], [-94.96384, 29.75352], [-94.96373, 29.7503]]]}, "properties": {"GEOID": "48201254100", "LILATracts_1And10": 0, "LILATracts_halfAnd10": 1, "LILATracts_Vehicle": 0, "LowIncomeTracts": 1, "LA1and10": 0, "lowincome_lowaccess_share": 20.2732, "pct_zero_car": 0.0925}}, {"type": "Feature", "geometry": {"type": "Polygon", "coordinates": [[[-94.98346, 29.74274], [-94.98474, 29.74061], [-94.98362, 29.73859], [-94.9834, 29.73692], [-94.98197, 29.73639], [-94.98071, 29.7364], [-94.96782, 29.73209], [-94.96611, 29.73603], [-94.96367, 29.74159], [-94.96378, 29.7476], [-94.96373, 29.7503], [-94.96998, 29.74996], [-94.97483, 29.75], [-94.97947, 29.74985], [-94.97988, 29.74924], [-94.98266, 29.74848], [-94.98231, 29.74707], [-94.9833, 29.74545], [-94.98274, 29.74387], [-94.98346, 29.74274]]]}, "properties": {"GEOID": "48201254300", "LILATracts_1And10": 0, "LILATracts_halfAnd10": 1, "LILATracts_Vehicle": 0, "LowIncomeTracts": 1, "LA1and10": 0, "lowincome_lowaccess_share": 11.4935, "pct_zero_car": 0.0538}}, {"type": "Feature", "geometry": {"type": "Polygon", "coordinates": [[[-94.9834, 29.73692], [-94.98326, 29.73521], [-94.98454, 29.73399], [-94.98693, 29.73382], [-94.9887, 29.73183], [-94.98679, 29.73158], [-94.98565, 29.73171], [-94.98396, 29.73243], [-94.98301, 29.73031], [-94.98291, 29.72499], [-94.98324, 29.725], [-94.98319, 29.72101], [-94.97949, 29.72018], [-94.97998, 29.7166], [-94.98083, 29.7146], [-94.96267, 29.72114], [-94.961, 29.72242], [-94.96028, 29.72385], [-94.96, 29.72616], [-94.96067, 29.72492], [-94.96299, 29.72325], [-94.96455, 29.72279], [-94.96652, 29.7227], [-94.97018, 29.7229], [-94.97155, 29.72276], [-94.97155, 29.72354], [-94.96951, 29.7286], [-94.96895, 29.72947], [-94.96782, 29.73209], [-94.98071, 29.7364], [-94.98197, 29.73639], [-94.9834, 29.73692]]]}, "properties": {"GEOID": "48201254400", "LILATracts_1And10": 1, "LILATracts_halfAnd10": 1, "LILATracts_Vehicle": 0, "LowIncomeTracts": 1, "LA1and10": 1, "lowincome_lowaccess_share": 60.0516, "pct_zero_car": 0.0979}}, {"type": "Feature", "geometry": {"type": "Polygon", "coordinates": [[[-95.19324, 29.69088], [-95.19313, 29.68203], [-95.18381, 29.68212], [-95.17252, 29.68225], [-95.17271, 29.69176], [-95.1828, 29.69172], [-95.19326, 29.69159], [-95.19324, 29.69088]]]}, "properties": {"GEOID": "48201323200", "LILATracts_1And10": 0, "LILATracts_halfAnd10": 0, "LILATracts_Vehicle": 0, "LowIncomeTracts": 0, "LA1and10": 0, "lowincome_lowaccess_share": 15.7753, "pct_zero_car": 0.0456}}, {"type": "Feature", "geometry": {"type": "Polygon", "coordinates": [[[-95.33625, 29.80826], [-95.33932, 29.80429], [-95.33996, 29.8028], [-95.34011, 29.80151], [-95.33486, 29.80017], [-95.33309, 29.80005], [-95.32409, 29.80016], [-95.32423, 29.80907], [-95.33038, 29.80818], [-95.33398, 29.80802], [-95.33625, 29.80826]]]}, "properties": {"GEOID": "48201210900", "LILATracts_1And10": 0, "LILATracts_halfAnd10": 0, "LILATracts_Vehicle": 0, "LowIncomeTracts": 1, "LA1and10": 0, "lowincome_lowaccess_share": 7.607, "pct_zero_car": 0.244}}, {"type": "Feature", "geometry": {"type": "Polygon", "coordinates": [[[-95.31651, 29.86667], [-95.31487, 29.86682], [-95.30056, 29.86687], [-95.3006, 29.87138], [-95.30063, 29.88179], [-95.30085, 29.88718], [-95.30093, 29.89119], [-95.30659, 29.89119], [-95.30783, 29.88832], [-95.31123, 29.8796], [-95.31651, 29.86667]]]}, "properties": {"GEOID": "48201231800", "LILATracts_1And10": 0, "LILATracts_halfAnd10": 1, "LILATracts_Vehicle": 0, "LowIncomeTracts": 1, "LA1and10": 0, "lowincome_lowaccess_share": 27.4592, "pct_zero_car": 0.0168}}, {"type": "Feature", "geometry": {"type": "Polygon", "coordinates": [[[-95.30093, 29.89119], [-95.30085, 29.88718], [-95.30063, 29.88179], [-95.3006, 29.87138], [-95.28786, 29.8716], [-95.28151, 29.87175], [-95.27304, 29.87184], [-95.26832, 29.87195], [-95.26276, 29.87724], [-95.25405, 29.88568], [-95.24777, 29.89186], [-95.25902, 29.89175], [-95.29871, 29.89128], [-95.30093, 29.89119]]]}, "properties": {"GEOID": "48201231900", "LILATracts_1And10": 1, "LILATracts_halfAnd10": 1, "LILATracts_Vehicle": 0, "LowIncomeTracts": 1, "LA1and10": 1, "lowincome_lowaccess_share": 27.1073, "pct_zero_car": 0.079}}, {"type": "Feature", "geometry": {"type": "Polygon", "coordinates": [[[-95.30659, 29.89119], [-95.30093, 29.89119], [-95.29871, 29.89128], [-95.25902, 29.89175], [-95.24777, 29.89186], [-95.24068, 29.89864], [-95.24107, 29.89912], [-95.24074, 29.90233], [-95.24027, 29.90329], [-95.2371, 29.90608], [-95.23689, 29.90703], [-95.23853, 29.90846], [-95.23963, 29.91054], [-95.24266, 29.91292], [-95.24345, 29.91426], [-95.24371, 29.91549], [-95.24406, 29.91987], [-95.24457, 29.92107], [-95.24631, 29.92232], [-95.24924, 29.9229], [-95.25139, 29.92275], [-95.25481, 29.92054], [-95.25933, 29.91744], [-95.26275, 29.91667], [-95.26518, 29.91542], [-95.26649, 29.91544], [-95.27238, 29.91675], [-95.27413, 29.91627], [-95.28049, 29.91618], [-95.28216, 29.91523], [-95.28543, 29.91429], [-95.28638, 29.91342], [-95.28744, 29.91338], [-95.28861, 29.9139], [-95.29218, 29.91466], [-95.29329, 29.91539], [-95.29487, 29.91714], [-95.2956, 29.91864], [-95.29856, 29.91091], [-95.30245, 29.90159], [-95.30329, 29.89932], [-95.30659, 29.89119]]]}, "properties": {"GEOID": "48201232000", "LILATracts_1And10": 0, "LILATracts_halfAnd10": 0, "LILATracts_Vehicle": 0, "LowIncomeTracts": 1, "LA1and10": 0, "lowincome_lowaccess_share": 41.9819, "pct_zero_car": 0.0409}}, {"type": "Feature", "geometry": {"type": "Polygon", "coordinates": [[[-95.31825, 29.89096], [-95.31551, 29.89106], [-95.30659, 29.89119], [-95.30329, 29.89932], [-95.30245, 29.90159], [-95.29856, 29.91091], [-95.2956, 29.91864], [-95.29846, 29.91966], [-95.3001, 29.9196], [-95.30099, 29.91912], [-95.30272, 29.91908], [-95.30529, 29.91851], [-95.30712, 29.91843], [-95.30783, 29.91735], [-95.30868, 29.91537], [-95.31123, 29.90445], [-95.31174, 29.90276], [-95.31339, 29.89931], [-95.31825, 29.89096]]]}, "properties": {"GEOID": "48201232100", "LILATracts_1And10": 0, "LILATracts_halfAnd10": 1, "LILATracts_Vehicle": 0, "LowIncomeTracts": 1, "LA1and10": 0, "lowincome_lowaccess_share": 33.5938, "pct_zero_car": 0.0397}}, {"type": "Feature", "geometry": {"type": "Polygon", "coordinates": [[[-94.97755, 29.76975], [-94.97719, 29.75472], [-94.97861, 29.75393], [-94.97946, 29.75215], [-94.98074, 29.7514], [-94.97952, 29.75099], [-94.97947, 29.74985], [-94.97483, 29.75], [-94.96998, 29.74996], [-94.96373, 29.7503], [-94.96384, 29.75352], [-94.96401, 29.76077], [-94.96401, 29.76969], [-94.9641, 29.77766], [-94.97486, 29.77743], [-94.9776, 29.77795], [-94.97767, 29.77688], [-94.97755, 29.76975]]]}, "properties": {"GEOID": "48201253700", "LILATracts_1And10": 0, "LILATracts_halfAnd10": 0, "LILATracts_Vehicle": 0, "LowIncomeTracts": 0, "LA1and10": 0, "lowincome_lowaccess_share": 3.9695, "pct_zero_car": 0.0304}}, {"type": "Feature", "geometry": {"type": "Polygon", "coordinates": [[[-95.37628, 29.69806], [-95.37722, 29.69504], [-95.37815, 29.69157], [-95.37954, 29.68692], [-95.38062, 29.68489], [-95.38079, 29.68249], [-95.3812, 29.68072], [-95.37166, 29.68093], [-95.36665, 29.68097], [-95.36559, 29.68382], [-95.36312, 29.68997], [-95.36921, 29.69188], [-95.36779, 29.69546], [-95.37628, 29.69806]]]}, "properties": {"GEOID": "48201313800", "LILATracts_1And10": 0, "LILATracts_halfAnd10": 1, "LILATracts_Vehicle": 0, "LowIncomeTracts": 1, "LA1and10": 0, "lowincome_lowaccess_share": 30.8045, "pct_zero_car": 0.1974}}, {"type": "Feature", "geometry": {"type": "Polygon", "coordinates": [[[-95.39047, 29.6888], [-95.39325, 29.68059], [-95.3812, 29.68072], [-95.38079, 29.68249], [-95.38062, 29.68489], [-95.37954, 29.68692], [-95.37815, 29.69157], [-95.37722, 29.69504], [-95.37628, 29.69806], [-95.37542, 29.70099], [-95.37521, 29.70186], [-95.38103, 29.70364], [-95.38256, 29.70432], [-95.38462, 29.7057], [-95.38744, 29.69767], [-95.39047, 29.6888]]]}, "properties": {"GEOID": "48201313900", "LILATracts_1And10": 1, "LILATracts_halfAnd10": 1, "LILATracts_Vehicle": 0, "LowIncomeTracts": 1, "LA1and10": 1, "lowincome_lowaccess_share": 38.2784, "pct_zero_car": 0.0265}}, {"type": "Feature", "geometry": {"type": "Polygon", "coordinates": [[[-95.41436, 29.69445], [-95.41797, 29.69005], [-95.42195, 29.68491], [-95.42604, 29.67988], [-95.42764, 29.67772], [-95.4245, 29.67762], [-95.41227, 29.67808], [-95.41255, 29.69066], [-95.41276, 29.69204], [-95.41353, 29.69353], [-95.41436, 29.69445]]]}, "properties": {"GEOID": "48201314300", "LILATracts_1And10": 0, "LILATracts_halfAnd10": 1, "LILATracts_Vehicle": 1, "LowIncomeTracts": 1, "LA1and10": 0, "lowincome_lowaccess_share": 43.6263, "pct_zero_car": 0.1184}}, {"type": "Feature", "geometry": {"type": "Polygon", "coordinates": [[[-95.40534, 30.06625], [-95.40111, 30.06054], [-95.39922, 30.059], [-95.39161, 30.05517], [-95.38159, 30.06072], [-95.37679, 30.06335], [-95.37562, 30.06419], [-95.37553, 30.06514], [-95.37895, 30.06992], [-95.37904, 30.07037], [-95.37927, 30.0703], [-95.3917, 30.06348], [-95.39397, 30.06286], [-95.3956, 30.06294], [-95.39786, 30.0638], [-95.40029, 30.06562], [-95.40184, 30.0662], [-95.40386, 30.06642], [-95.40534, 30.06625]]]}, "properties": {"GEOID": "48201241101", "LILATracts_1And10": 0, "LILATracts_halfAnd10": 0, "LILATracts_Vehicle": 0, "LowIncomeTracts": 0, "LA1and10": 1, "lowincome_lowaccess_share": 24.5872, "pct_zero_car": 0.0346}}, {"type": "Feature", "geometry": {"type": "Polygon", "coordinates": [[[-95.37904, 30.07037], [-95.37895, 30.06992], [-95.37553, 30.06514], [-95.37562, 30.06419], [-95.37679, 30.06335], [-95.38159, 30.06072], [-95.37961, 30.05763], [-95.38026, 30.05724], [-95.37548, 30.0511], [-95.3704, 30.04342], [-95.37195, 30.04256], [-95.37011, 30.04052], [-95.36786, 30.03905], [-95.36689, 30.03777], [-95.36685, 30.03615], [-95.36578, 30.03464], [-95.3593, 30.03814], [-95.34639, 30.04528], [-95.34749, 30.04698], [-95.35107, 30.05141], [-95.35288, 30.0534], [-95.35392, 30.05578], [-95.35477, 30.05686], [-95.35953, 30.06104], [-95.36076, 30.06166], [-95.36439, 30.06259], [-95.36642, 30.06386], [-95.37174, 30.0691], [-95.37353, 30.07029], [-95.37484, 30.07072], [-95.37728, 30.07083], [-95.37904, 30.07037]]]}, "properties": {"GEOID": "48201241102", "LILATracts_1And10": 0, "LILATracts_halfAnd10": 0, "LILATracts_Vehicle": 0, "LowIncomeTracts": 0, "LA1and10": 1, "lowincome_lowaccess_share": 24.9561, "pct_zero_car": 0.0093}}, {"type": "Feature", "geometry": {"type": "Polygon", "coordinates": [[[-95.30712, 29.91843], [-95.30529, 29.91851], [-95.30272, 29.91908], [-95.30099, 29.91912], [-95.3001, 29.9196], [-95.29846, 29.91966], [-95.2956, 29.91864], [-95.29487, 29.91714], [-95.29329, 29.91539], [-95.29218, 29.91466], [-95.28861, 29.9139], [-95.28744, 29.91338], [-95.28638, 29.91342], [-95.28543, 29.91429], [-95.28216, 29.91523], [-95.28049, 29.91618], [-95.27413, 29.91627], [-95.27238, 29.91675], [-95.26649, 29.91544], [-95.26518, 29.91542], [-95.26275, 29.91667], [-95.25933, 29.91744], [-95.25481, 29.92054], [-95.25139, 29.92275], [-95.24924, 29.9229], [-95.24631, 29.92232], [-95.24457, 29.92107], [-95.24406, 29.91987], [-95.24371, 29.91549], [-95.24345, 29.91426], [-95.24266, 29.91292], [-95.23963, 29.91054], [-95.23853, 29.90846], [-95.23689, 29.90703], [-95.2371, 29.90608], [-95.24027, 29.90329], [-95.24074, 29.90233], [-95.24107, 29.89912], [-95.24068, 29.89864], [-95.22684, 29.91208], [-95.22418, 29.91471], [-95.21521, 29.92334], [-95.20639, 29.93191], [-95.20778, 29.9329], [-95.21007, 29.93393], [-95.21156, 29.93419], [-95.21624, 29.93419], [-95.22576, 29.93412], [-95.23588, 29.93391], [-95.24074, 29.93443], [-95.24381, 29.93457], [-95.24951, 29.9345], [-95.25202, 29.93443], [-95.25612, 29.93481], [-95.25919, 29.93552], [-95.26669, 29.9378], [-95.27289, 29.93987], [-95.27722, 29.94059], [-95.28057, 29.94079], [-95.28333, 29.94055], [-95.28833, 29.94012], [-95.29598, 29.93996], [-95.29755, 29.93627], [-95.30007, 29.93071], [-95.30168, 29.92696], [-95.30382, 29.92317], [-95.30712, 29.91843]]]}, "properties": {"GEOID": "48201232200", "LILATracts_1And10": 0, "LILATracts_halfAnd10": 0, "LILATracts_Vehicle": 0, "LowIncomeTracts": 0, "LA1and10": 1, "lowincome_lowaccess_share": 25.6585, "pct_zero_car": 0.0299}}, {"type": "Feature", "geometry": {"type": "Polygon", "coordinates": [[[-95.3355, 29.82008], [-95.33549, 29.81989], [-95.32977, 29.81999], [-95.32732, 29.82012], [-95.32378, 29.82084], [-95.31857, 29.82332], [-95.3188, 29.82814], [-95.31894, 29.84053], [-95.31903, 29.8438], [-95.32445, 29.84372], [-95.3257, 29.84392], [-95.33069, 29.83154], [-95.33431, 29.82271], [-95.3355, 29.82008]]]}, "properties": {"GEOID": "48201230400", "LILATracts_1And10": 1, "LILATracts_halfAnd10": 1, "LILATracts_Vehicle": 1, "LowIncomeTracts": 1, "LA1and10": 1, "lowincome_lowaccess_share": 52.2143, "pct_zero_car": 0.1133}}, {"type": "Feature", "geometry": {"type": "Polygon", "coordinates": [[[-95.38804, 29.80408], [-95.38805, 29.80256], [-95.38783, 29.79083], [-95.38426, 29.79092], [-95.38433, 29.79053], [-95.37275, 29.79064], [-95.38182, 29.79736], [-95.38191, 29.80309], [-95.38745, 29.8032], [-95.38804, 29.80408]]]}, "properties": {"GEOID": "48201511400", "LILATracts_1And10": 0, "LILATracts_halfAnd10": 0, "LILATracts_Vehicle": 0, "LowIncomeTracts": 0, "LA1and10": 1, "lowincome_lowaccess_share": 22.7311, "pct_zero_car": 0.0676}}, {"type": "Feature", "geometry": {"type": "Polygon", "coordinates": [[[-95.18421, 30.05002], [-95.18251, 30.04702], [-95.18124, 30.04551], [-95.17711, 30.0415], [-95.17464, 30.03686], [-95.17414, 30.03513], [-95.17443, 30.0325], [-95.17653, 30.02732], [-95.17427, 30.02892], [-95.16826, 30.03053], [-95.16584, 30.03152], [-95.1562, 30.03661], [-95.15208, 30.03354], [-95.14788, 30.02431], [-95.14568, 30.02207], [-95.14189, 30.02093], [-95.13676, 30.02182], [-95.13205, 30.02116], [-95.13031, 30.02972], [-95.13073, 30.03152], [-95.12343, 30.04157], [-95.1236, 30.04347], [-95.12492, 30.04586], [-95.12734, 30.04804], [-95.13006, 30.04982], [-95.13096, 30.0518], [-95.13194, 30.05497], [-95.1335, 30.05648], [-95.13682, 30.05798], [-95.13836, 30.05945], [-95.14009, 30.06025], [-95.14313, 30.06305], [-95.14501, 30.06575], [-95.14502, 30.06795], [-95.14532, 30.06983], [-95.14665, 30.07166], [-95.14823, 30.07177], [-95.1492, 30.07127], [-95.15067, 30.07107], [-95.15275, 30.07168], [-95.15347, 30.07091], [-95.15669, 30.07117], [-95.1572, 30.06987], [-95.15946, 30.0665], [-95.1592, 30.06568], [-95.15959, 30.06494], [-95.15768, 30.06419], [-95.15561, 30.06269], [-95.15727, 30.06064], [-95.15816, 30.05733], [-95.1595, 30.05527], [-95.16119, 30.05417], [-95.16419, 30.05355], [-95.168, 30.05355], [-95.17067, 30.05289], [-95.17483, 30.05106], [-95.17777, 30.0507], [-95.17976, 30.05095], [-95.18227, 30.05073], [-95.18421, 30.05002]]]}, "properties": {"GEOID": "48201250900", "LILATracts_1And10": 0, "LILATracts_halfAnd10": 0, "LILATracts_Vehicle": 0, "LowIncomeTracts": 0, "LA1and10": 1, "lowincome_lowaccess_share": 6.438, "pct_zero_car": 0.0191}}, {"type": "Feature", "geometry": {"type": "Polygon", "coordinates": [[[-95.04145, 29.60424], [-95.04165, 29.60367], [-95.04306, 29.60288], [-95.04389, 29.60186], [-95.04279, 29.59906], [-95.04341, 29.59804], [-95.04449, 29.59726], [-95.04382, 29.59572], [-95.04491, 29.59452], [-95.04507, 29.59312], [-95.04414, 29.59255], [-95.04297, 29.59234], [-95.04231, 29.59133], [-95.04149, 29.59132], [-95.0376, 29.59061], [-95.0289, 29.58832], [-95.02922, 29.58604], [-95.02924, 29.58407], [-95.02866, 29.58122], [-95.02783, 29.57597], [-95.02404, 29.5537], [-95.02308, 29.54944], [-95.02165, 29.54856], [-95.01923, 29.54804], [-95.01761, 29.54818], [-95.0174, 29.54973], [-95.01803, 29.55041], [-95.02094, 29.55237], [-95.02088, 29.55301], [-95.01957, 29.55421], [-95.01821, 29.5546], [-95.01732, 29.55666], [-95.01645, 29.55755], [-95.01682, 29.55847], [-95.01638, 29.55896], [-95.01489, 29.56232], [-95.01451, 29.56248], [-95.01222, 29.56785], [-95.01153, 29.56835], [-95.01053, 29.57044], [-95.01021, 29.57051], [-95.00732, 29.57494], [-95.00682, 29.57537], [-95.00608, 29.57707], [-95.00482, 29.5776], [-95.00426, 29.57901], [-95.00317, 29.58001], [-95.00203, 29.58064], [-95.00245, 29.58108], [-95.00156, 29.58178], [-95.0013, 29.58282], [-95.00055, 29.58293], [-94.99862, 29.58467], [-94.99744, 29.58476], [-94.99731, 29.58595], [-94.99617, 29.58676], [-94.99505, 29.58823], [-94.99381, 29.58816], [-94.99459, 29.58911], [-94.99424, 29.59036], [-94.99287, 29.59094], [-94.99072, 29.59334], [-94.9898, 29.59338], [-94.98919, 29.59459], [-94.98759, 29.5941], [-94.98856, 29.59567], [-94.98734, 29.59702], [-94.98652, 29.59692], [-94.98583, 29.5979], [-94.98469, 29.59866], [-94.98295, 29.60114], [-94.98297, 29.60235], [-94.98402, 29.60431], [-94.98559, 29.60493], [-94.98862, 29.60899], [-94.98924, 29.6103], [-94.99475, 29.61372], [-95.00433, 29.61363], [-95.01819, 29.61305], [-95.01829, 29.61787], [-95.02142, 29.61669], [-95.02289, 29.61656], [-95.03211, 29.61643], [-95.03246, 29.61502], [-95.03254, 29.61334], [-95.03231, 29.61191], [-95.03247, 29.61057], [-95.03292, 29.61038], [-95.03181, 29.60372], [-95.0378, 29.60369], [-95.04145, 29.60424]]]}, "properties": {"GEOID": "48201341600", "LILATracts_1And10": 0, "LILATracts_halfAnd10": 0, "LILATracts_Vehicle": 0, "LowIncomeTracts": 0, "LA1and10": 1, "lowincome_lowaccess_share": 14.1728, "pct_zero_car": 0.024}}, {"type": "Feature", "geometry": {"type": "Polygon", "coordinates": [[[-95.14056, 29.57652], [-95.14881, 29.57058], [-95.14067, 29.56188], [-95.12859, 29.54896], [-95.12525, 29.55173], [-95.1226, 29.55326], [-95.12034, 29.55487], [-95.12461, 29.55948], [-95.13243, 29.56776], [-95.14056, 29.57652]]]}, "properties": {"GEOID": "48201340700", "LILATracts_1And10": 0, "LILATracts_halfAnd10": 0, "LILATracts_Vehicle": 0, "LowIncomeTracts": 0, "LA1and10": 0, "lowincome_lowaccess_share": 1.7911, "pct_zero_car": 0.0332}}, {"type": "Feature", "geometry": {"type": "Polygon", "coordinates": [[[-95.31425, 29.73726], [-95.31528, 29.73585], [-95.32288, 29.72822], [-95.31142, 29.72481], [-95.30819, 29.72379], [-95.30503, 29.72238], [-95.30522, 29.72427], [-95.30498, 29.72558], [-95.30544, 29.72658], [-95.30516, 29.72728], [-95.30424, 29.72765], [-95.30319, 29.73], [-95.3022, 29.72982], [-95.30179, 29.729], [-95.2996, 29.72822], [-95.29927, 29.72908], [-95.30072, 29.72953], [-95.29949, 29.73265], [-95.31425, 29.73726]]]}, "properties": {"GEOID": "48201310800", "LILATracts_1And10": 0, "LILATracts_halfAnd10": 0, "LILATracts_Vehicle": 0, "LowIncomeTracts": 1, "LA1and10": 0, "lowincome_lowaccess_share": 8.7358, "pct_zero_car": 0.1788}}, {"type": "Feature", "geometry": {"type": "Polygon", "coordinates": [[[-95.4484, 29.7561], [-95.44826, 29.74666], [-95.4417, 29.74676], [-95.43015, 29.74776], [-95.42225, 29.74779], [-95.41882, 29.7484], [-95.41863, 29.7509], [-95.4173, 29.75456], [-95.4159, 29.75667], [-95.4148, 29.7579], [-95.41374, 29.75867], [-95.41062, 29.75901], [-95.40869, 29.75965], [-95.40884, 29.76061], [-95.41174, 29.76205], [-95.41298, 29.76238], [-95.41317, 29.76055], [-95.41368, 29.75992], [-95.41603, 29.76016], [-95.41699, 29.75867], [-95.41829, 29.75755], [-95.41929, 29.75872], [-95.42028, 29.75928], [-95.42173, 29.75774], [-95.42248, 29.75734], [-95.42363, 29.7584], [-95.42441, 29.75807], [-95.42467, 29.75683], [-95.42547, 29.75675], [-95.42591, 29.75793], [-95.42682, 29.75839], [-95.42718, 29.75957], [-95.42785, 29.76046], [-95.42903, 29.76055], [-95.4285, 29.75892], [-95.42995, 29.75827], [-95.43108, 29.75877], [-95.43192, 29.75967], [-95.4332, 29.75968], [-95.43324, 29.75815], [-95.43375, 29.75766], [-95.43552, 29.75798], [-95.43838, 29.75959], [-95.4392, 29.75878], [-95.43802, 29.75713], [-95.43935, 29.75713], [-95.44115, 29.75522], [-95.4415, 29.75405], [-95.44265, 29.75359], [-95.44339, 29.75398], [-95.44628, 29.75424], [-95.4465, 29.7551], [-95.4484, 29.7561]]]}, "properties": {"GEOID": "48201411200", "LILATracts_1And10": 0, "LILATracts_halfAnd10": 0, "LILATracts_Vehicle": 0, "LowIncomeTracts": 0, "LA1and10": 0, "lowincome_lowaccess_share": 13.778, "pct_zero_car": 0.0228}}, {"type": "Feature", "geometry": {"type": "Polygon", "coordinates": [[[-95.54705, 29.96121], [-95.54341, 29.95794], [-95.53901, 29.95457], [-95.5365, 29.95297], [-95.53338, 29.95071], [-95.53154, 29.95053], [-95.52805, 29.95067], [-95.52446, 29.94937], [-95.52211, 29.94947], [-95.51971, 29.94922], [-95.52045, 29.95023], [-95.50679, 29.95781], [-95.50414, 29.95919], [-95.50253, 29.95956], [-95.50431, 29.96383], [-95.50646, 29.96684], [-95.50689, 29.96773], [-95.50963, 29.97511], [-95.5105, 29.97665], [-95.51313, 29.97974], [-95.51896, 29.97647], [-95.52513, 29.97312], [-95.53635, 29.96694], [-95.53846, 29.96616], [-95.5435, 29.96386], [-95.54561, 29.96246], [-95.54705, 29.96121]]]}, "properties": {"GEOID": "48201551400", "LILATracts_1And10": 0, "LILATracts_halfAnd10": 0, "LILATracts_Vehicle": 0, "LowIncomeTracts": 0, "LA1and10": 1, "lowincome_lowaccess_share": 11.0033, "pct_zero_car": 0.0173}}, {"type": "Feature", "geometry": {"type": "Polygon", "coordinates": [[[-95.58289, 29.93413], [-95.58229, 29.9336], [-95.54865, 29.93373], [-95.54791, 29.93309], [-95.5479, 29.92835], [-95.54623, 29.92892], [-95.53814, 29.93206], [-95.52998, 29.93544], [-95.52649, 29.93636], [-95.52172, 29.93668], [-95.51532, 29.9369], [-95.51912, 29.9398], [-95.5261, 29.94493], [-95.52987, 29.94814], [-95.53338, 29.95071], [-95.5365, 29.95297], [-95.53901, 29.95457], [-95.54341, 29.95794], [-95.54705, 29.96121], [-95.55363, 29.95552], [-95.55882, 29.95085], [-95.56583, 29.94462], [-95.56774, 29.94328], [-95.5798, 29.93595], [-95.58289, 29.93413]]]}, "properties": {"GEOID": "48201551500", "LILATracts_1And10": 1, "LILATracts_halfAnd10": 1, "LILATracts_Vehicle": 0, "LowIncomeTracts": 1, "LA1and10": 1, "lowincome_lowaccess_share": 34.0573, "pct_zero_car": 0.0244}}, {"type": "Feature", "geometry": {"type": "Polygon", "coordinates": [[[-95.5848, 29.93299], [-95.58471, 29.92462], [-95.58163, 29.92465], [-95.57922, 29.92443], [-95.577, 29.92444], [-95.57511, 29.9248], [-95.57357, 29.92556], [-95.57149, 29.92697], [-95.57028, 29.9274], [-95.56739, 29.92755], [-95.56491, 29.92685], [-95.56203, 29.92662], [-95.55992, 29.92616], [-95.55573, 29.92412], [-95.55485, 29.92388], [-95.5535, 29.92551], [-95.55171, 29.92676], [-95.5479, 29.92835], [-95.54791, 29.93309], [-95.54865, 29.93373], [-95.58229, 29.9336], [-95.58289, 29.93413], [-95.5848, 29.93299]]]}, "properties": {"GEOID": "48201551600", "LILATracts_1And10": 1, "LILATracts_halfAnd10": 1, "LILATracts_Vehicle": 0, "LowIncomeTracts": 1, "LA1and10": 1, "lowincome_lowaccess_share": 25.2064, "pct_zero_car": 0.0353}}, {"type": "Feature", "geometry": {"type": "Polygon", "coordinates": [[[-95.68833, 29.80033], [-95.68823, 29.78751], [-95.68835, 29.78504], [-95.68547, 29.78501], [-95.67842, 29.78513], [-95.67165, 29.78509], [-95.66636, 29.78513], [-95.66065, 29.78506], [-95.65365, 29.78509], [-95.64479, 29.78504], [-95.64486, 29.79024], [-95.64506, 29.79784], [-95.64503, 29.80015], [-95.64519, 29.81064], [-95.64553, 29.81482], [-95.6455, 29.81945], [-95.64564, 29.8306], [-95.64563, 29.83599], [-95.65018, 29.836], [-95.65163, 29.83585], [-95.6556, 29.83476], [-95.65721, 29.83392], [-95.66023, 29.83164], [-95.66279, 29.83102], [-95.66693, 29.83101], [-95.67507, 29.83111], [-95.68485, 29.83111], [-95.68515, 29.83014], [-95.68637, 29.82802], [-95.68685, 29.82584], [-95.68656, 29.82398], [-95.68664, 29.82198], [-95.68656, 29.81389], [-95.68709, 29.81106], [-95.6872, 29.80482], [-95.68807, 29.80233], [-95.68833, 29.80033]]]}, "properties": {"GEOID": "48201541700", "LILATracts_1And10": 0, "LILATracts_halfAnd10": 0, "LILATracts_Vehicle": 0, "LowIncomeTracts": 0, "LA1and10": 0, "lowincome_lowaccess_share": 26.6112, "pct_zero_car": 0.024}}, {"type": "Feature", "geometry": {"type": "Polygon", "coordinates": [[[-95.5282, 29.67272], [-95.5281, 29.66497], [-95.52651, 29.6653], [-95.52431, 29.66546], [-95.50854, 29.66563], [-95.50853, 29.66656], [-95.50864, 29.67617], [-95.51071, 29.67609], [-95.51256, 29.67534], [-95.51489, 29.67386], [-95.52093, 29.67219], [-95.52518, 29.67187], [-95.5282, 29.67272]]]}, "properties": {"GEOID": "48201423301", "LILATracts_1And10": 0, "LILATracts_halfAnd10": 0, "LILATracts_Vehicle": 0, "LowIncomeTracts": 0, "LA1and10": 0, "lowincome_lowaccess_share": 13.6153, "pct_zero_car": 0.1565}}, {"type": "Feature", "geometry": {"type": "Polygon", "coordinates": [[[-95.52169, 29.742], [-95.5214, 29.7416], [-95.52117, 29.73733], [-95.51009, 29.73743], [-95.51013, 29.73905], [-95.51123, 29.74081], [-95.51229, 29.74143], [-95.51235, 29.74385], [-95.51298, 29.74376], [-95.51397, 29.74487], [-95.51463, 29.74486], [-95.51645, 29.74331], [-95.51716, 29.74395], [-95.51786, 29.74287], [-95.51892, 29.74333], [-95.52032, 29.74217], [-95.52169, 29.742]]]}, "properties": {"GEOID": "48201431201", "LILATracts_1And10": 0, "LILATracts_halfAnd10": 0, "LILATracts_Vehicle": 0, "LowIncomeTracts": 0, "LA1and10": 0, "lowincome_lowaccess_share": 0.0797, "pct_zero_car": 0.101}}, {"type": "Feature", "geometry": {"type": "Polygon", "coordinates": [[[-95.58365, 29.74688], [-95.58409, 29.74467], [-95.58467, 29.74384], [-95.58609, 29.74271], [-95.58524, 29.74125], [-95.58298, 29.74116], [-95.58172, 29.74132], [-95.58126, 29.73988], [-95.5812, 29.73656], [-95.57176, 29.73669], [-95.57192, 29.73838], [-95.57207, 29.74795], [-95.57704, 29.74791], [-95.57853, 29.74776], [-95.58168, 29.74697], [-95.58365, 29.74688]]]}, "properties": {"GEOID": "48201451001", "LILATracts_1And10": 0, "LILATracts_halfAnd10": 0, "LILATracts_Vehicle": 0, "LowIncomeTracts": 1, "LA1and10": 0, "lowincome_lowaccess_share": 0.3265, "pct_zero_car": 0.0887}}, {"type": "Feature", "geometry": {"type": "Polygon", "coordinates": [[[-95.61961, 29.72807], [-95.61956, 29.72332], [-95.61903, 29.72128], [-95.6186, 29.7206], [-95.61508, 29.71632], [-95.61466, 29.71496], [-95.6147, 29.71341], [-95.60467, 29.71432], [-95.60488, 29.72429], [-95.60566, 29.72729], [-95.60573, 29.72978], [-95.60956, 29.72968], [-95.61116, 29.72923], [-95.61303, 29.72836], [-95.61504, 29.72793], [-95.61961, 29.72807]]]}, "properties": {"GEOID": "48201451901", "LILATracts_1And10": 1, "LILATracts_halfAnd10": 1, "LILATracts_Vehicle": 1, "LowIncomeTracts": 1, "LA1and10": 1, "lowincome_lowaccess_share": 41.8277, "pct_zero_car": 0.1085}}, {"type": "Feature", "geometry": {"type": "Polygon", "coordinates": [[[-95.57176, 29.73669], [-95.57163, 29.72773], [-95.56355, 29.72781], [-95.56131, 29.72765], [-95.55762, 29.72764], [-95.55772, 29.73686], [-95.57176, 29.73669]]]}, "properties": {"GEOID": "48201452201", "LILATracts_1And10": 0, "LILATracts_halfAnd10": 1, "LILATracts_Vehicle": 0, "LowIncomeTracts": 1, "LA1and10": 0, "lowincome_lowaccess_share": 9.8271, "pct_zero_car": 0.0621}}, {"type": "Feature", "geometry": {"type": "Polygon", "coordinates": [[[-95.5041, 29.89916], [-95.50392, 29.89831], [-95.50374, 29.89133], [-95.50332, 29.89033], [-95.5033, 29.88591], [-95.50696, 29.88552], [-95.507, 29.87415], [-95.50202, 29.87333], [-95.50106, 29.87354], [-95.50045, 29.8743], [-95.49971, 29.87614], [-95.49848, 29.87664], [-95.49446, 29.87664], [-95.49443, 29.88847], [-95.49469, 29.8914], [-95.49559, 29.89357], [-95.49569, 29.89968], [-95.50075, 29.89962], [-95.5041, 29.89916]]]}, "properties": {"GEOID": "48201532502", "LILATracts_1And10": 0, "LILATracts_halfAnd10": 1, "LILATracts_Vehicle": 0, "LowIncomeTracts": 1, "LA1and10": 0, "lowincome_lowaccess_share": 20.0867, "pct_zero_car": 0.0046}}, {"type": "Feature", "geometry": {"type": "Polygon", "coordinates": [[[-95.64563, 29.83599], [-95.64564, 29.8306], [-95.6455, 29.81945], [-95.64553, 29.81482], [-95.64519, 29.81064], [-95.64503, 29.80015], [-95.64506, 29.79784], [-95.64486, 29.79024], [-95.64479, 29.78504], [-95.63887, 29.78518], [-95.63049, 29.78513], [-95.62758, 29.78502], [-95.62377, 29.78506], [-95.6065, 29.78496], [-95.59029, 29.78492], [-95.58258, 29.78492], [-95.56593, 29.78481], [-95.56319, 29.78481], [-95.56298, 29.78481], [-95.56305, 29.7906], [-95.5633, 29.79507], [-95.56354, 29.80625], [-95.56358, 29.81271], [-95.56621, 29.81267], [-95.5687, 29.81294], [-95.57355, 29.81286], [-95.57606, 29.81308], [-95.57585, 29.83179], [-95.59675, 29.83152], [-95.60107, 29.83262], [-95.60484, 29.83374], [-95.61166, 29.83582], [-95.61365, 29.83605], [-95.6188, 29.83596], [-95.62561, 29.83598], [-95.63012, 29.83595], [-95.64048, 29.83601], [-95.64563, 29.83599]]]}, "properties": {"GEOID": "48201543200", "LILATracts_1And10": 0, "LILATracts_halfAnd10": 0, "LILATracts_Vehicle": 0, "LowIncomeTracts": 0, "LA1and10": 0, "lowincome_lowaccess_share": 27.2933, "pct_zero_car": 0.0229}}, {"type": "Feature", "geometry": {"type": "Polygon", "coordinates": [[[-95.51013, 29.79885], [-95.51013, 29.79838], [-95.51201, 29.79838], [-95.51212, 29.79713], [-95.51312, 29.79693], [-95.51332, 29.79431], [-95.51392, 29.79431], [-95.51394, 29.78979], [-95.51671, 29.78893], [-95.51862, 29.78863], [-95.52032, 29.78891], [-95.52, 29.78798], [-95.52012, 29.78456], [-95.51446, 29.78455], [-95.50956, 29.78474], [-95.50627, 29.78474], [-95.50053, 29.78462], [-95.49441, 29.78431], [-95.48825, 29.78434], [-95.48822, 29.78352], [-95.4864, 29.78358], [-95.48638, 29.78427], [-95.48485, 29.78414], [-95.48493, 29.79491], [-95.4892, 29.79496], [-95.49548, 29.79483], [-95.49675, 29.79473], [-95.49773, 29.7956], [-95.49971, 29.79596], [-95.50259, 29.79679], [-95.50526, 29.79601], [-95.50609, 29.79701], [-95.50893, 29.79796], [-95.51013, 29.79885]]]}, "properties": {"GEOID": "48201522500", "LILATracts_1And10": 0, "LILATracts_halfAnd10": 0, "LILATracts_Vehicle": 0, "LowIncomeTracts": 0, "LA1and10": 0, "lowincome_lowaccess_share": 6.9914, "pct_zero_car": 0.0226}}, {"type": "Feature", "geometry": {"type": "Polygon", "coordinates": [[[-95.70351, 29.83112], [-95.70353, 29.8286], [-95.7034, 29.81568], [-95.70406, 29.81295], [-95.70393, 29.81178], [-95.70396, 29.80052], [-95.70403, 29.80031], [-95.68833, 29.80033], [-95.68807, 29.80233], [-95.6872, 29.80482], [-95.68709, 29.81106], [-95.68656, 29.81389], [-95.68664, 29.82198], [-95.68656, 29.82398], [-95.68685, 29.82584], [-95.68637, 29.82802], [-95.68515, 29.83014], [-95.68485, 29.83111], [-95.68975, 29.83107], [-95.70231, 29.83112], [-95.70351, 29.83112]]]}, "properties": {"GEOID": "48201541900", "LILATracts_1And10": 0, "LILATracts_halfAnd10": 0, "LILATracts_Vehicle": 0, "LowIncomeTracts": 0, "LA1and10": 1, "lowincome_lowaccess_share": 30.3971, "pct_zero_car": 0.0278}}, {"type": "Feature", "geometry": {"type": "Polygon", "coordinates": [[[-95.71987, 29.83117], [-95.71982, 29.82191], [-95.72004, 29.81996], [-95.72004, 29.81784], [-95.72045, 29.81532], [-95.72039, 29.80568], [-95.72026, 29.80464], [-95.71907, 29.80153], [-95.719, 29.80029], [-95.70403, 29.80031], [-95.70396, 29.80052], [-95.70393, 29.81178], [-95.70406, 29.81295], [-95.7034, 29.81568], [-95.70353, 29.8286], [-95.70351, 29.83112], [-95.71987, 29.83117]]]}, "properties": {"GEOID": "48201542000", "LILATracts_1And10": 0, "LILATracts_halfAnd10": 0, "LILATracts_Vehicle": 0, "LowIncomeTracts": 0, "LA1and10": 0, "lowincome_lowaccess_share": 11.2787, "pct_zero_car": 0.0116}}, {"type": "Feature", "geometry": {"type": "Polygon", "coordinates": [[[-95.58497, 29.89038], [-95.57112, 29.88059], [-95.56945, 29.87948], [-95.56881, 29.87951], [-95.5664, 29.87829], [-95.56311, 29.87688], [-95.56172, 29.87608], [-95.55578, 29.87352], [-95.55191, 29.8751], [-95.55035, 29.87636], [-95.54941, 29.8775], [-95.54875, 29.87935], [-95.54872, 29.88407], [-95.54935, 29.88804], [-95.5494, 29.89638], [-95.55364, 29.89616], [-95.56117, 29.89604], [-95.56652, 29.89586], [-95.56774, 29.89557], [-95.57785, 29.89542], [-95.58006, 29.89569], [-95.58329, 29.89753], [-95.5845, 29.89769], [-95.5844, 29.89106], [-95.58497, 29.89038]]]}, "properties": {"GEOID": "48201551800", "LILATracts_1And10": 0, "LILATracts_halfAnd10": 0, "LILATracts_Vehicle": 0, "LowIncomeTracts": 0, "LA1and10": 1, "lowincome_lowaccess_share": 8.6683, "pct_zero_car": 0.0256}}, {"type": "Feature", "geometry": {"type": "Polygon", "coordinates": [[[-95.58456, 29.90997], [-95.58808, 29.90972], [-95.59002, 29.90884], [-95.59095, 29.90808], [-95.59462, 29.90421], [-95.59636, 29.90292], [-95.59772, 29.90228], [-95.59959, 29.90066], [-95.58867, 29.89294], [-95.58497, 29.89038], [-95.5844, 29.89106], [-95.5845, 29.89769], [-95.58456, 29.90997]]]}, "properties": {"GEOID": "48201551900", "LILATracts_1And10": 0, "LILATracts_halfAnd10": 1, "LILATracts_Vehicle": 0, "LowIncomeTracts": 1, "LA1and10": 0, "lowincome_lowaccess_share": 21.7155, "pct_zero_car": 0.0701}}, {"type": "Feature", "geometry": {"type": "Polygon", "coordinates": [[[-95.60484, 29.95234], [-95.60537, 29.95045], [-95.60712, 29.94866], [-95.60785, 29.94722], [-95.6079, 29.94478], [-95.60775, 29.93631], [-95.60745, 29.93504], [-95.60668, 29.93341], [-95.60637, 29.93186], [-95.60632, 29.92548], [-95.60577, 29.92324], [-95.60493, 29.92181], [-95.59806, 29.92495], [-95.5848, 29.93299], [-95.58468, 29.93775], [-95.58487, 29.95255], [-95.60484, 29.95234]]]}, "properties": {"GEOID": "48201552400", "LILATracts_1And10": 0, "LILATracts_halfAnd10": 0, "LILATracts_Vehicle": 0, "LowIncomeTracts": 0, "LA1and10": 1, "lowincome_lowaccess_share": 18.9122, "pct_zero_car": 0.0653}}, {"type": "Feature", "geometry": {"type": "Polygon", "coordinates": [[[-95.35758, 29.81385], [-95.37111, 29.81364], [-95.37528, 29.81321], [-95.37358, 29.80869], [-95.37214, 29.80143], [-95.37194, 29.80004], [-95.36793, 29.80005], [-95.36793, 29.7999], [-95.3582, 29.80002], [-95.35724, 29.79997], [-95.35742, 29.80428], [-95.35758, 29.81385]]]}, "properties": {"GEOID": "48201210600", "LILATracts_1And10": 0, "LILATracts_halfAnd10": 0, "LILATracts_Vehicle": 0, "LowIncomeTracts": 0, "LA1and10": 0, "lowincome_lowaccess_share": 9.3343, "pct_zero_car": 0.0768}}, {"type": "Feature", "geometry": {"type": "Polygon", "coordinates": [[[-95.35758, 29.81385], [-95.35742, 29.80428], [-95.35724, 29.79997], [-95.35039, 29.80006], [-95.35051, 29.80331], [-95.34786, 29.8031], [-95.34872, 29.80607], [-95.35029, 29.81241], [-95.35169, 29.81286], [-95.35537, 29.81384], [-95.35758, 29.81385]]]}, "properties": {"GEOID": "48201210700", "LILATracts_1And10": 0, "LILATracts_halfAnd10": 0, "LILATracts_Vehicle": 0, "LowIncomeTracts": 1, "LA1and10": 0, "lowincome_lowaccess_share": 9.6656, "pct_zero_car": 0.0417}}, {"type": "Feature", "geometry": {"type": "Polygon", "coordinates": [[[-95.41245, 29.89965], [-95.41211, 29.8822], [-95.41211, 29.87856], [-95.4119, 29.87686], [-95.41144, 29.87567], [-95.41023, 29.8736], [-95.40792, 29.86987], [-95.40649, 29.86983], [-95.38491, 29.87005], [-95.38512, 29.87325], [-95.38672, 29.87603], [-95.39183, 29.88444], [-95.39689, 29.89286], [-95.39805, 29.89271], [-95.39984, 29.89421], [-95.40078, 29.89463], [-95.40116, 29.89537], [-95.40212, 29.89574], [-95.40281, 29.89551], [-95.40553, 29.89626], [-95.40735, 29.89603], [-95.40777, 29.89676], [-95.40959, 29.89697], [-95.41021, 29.8974], [-95.41054, 29.89889], [-95.41245, 29.89965]]]}, "properties": {"GEOID": "48201221600", "LILATracts_1And10": 1, "LILATracts_halfAnd10": 1, "LILATracts_Vehicle": 0, "LowIncomeTracts": 1, "LA1and10": 1, "lowincome_lowaccess_share": 36.5466, "pct_zero_car": 0.0265}}, {"type": "Feature", "geometry": {"type": "Polygon", "coordinates": [[[-95.37443, 29.72626], [-95.3754, 29.72499], [-95.37643, 29.72284], [-95.37822, 29.7169], [-95.3785, 29.71407], [-95.37805, 29.71212], [-95.3737, 29.71384], [-95.37147, 29.71359], [-95.37017, 29.71534], [-95.36567, 29.72097], [-95.37443, 29.72626]]]}, "properties": {"GEOID": "48201313000", "LILATracts_1And10": 0, "LILATracts_halfAnd10": 0, "LILATracts_Vehicle": 0, "LowIncomeTracts": 0, "LA1and10": 1, "lowincome_lowaccess_share": 37.2541, "pct_zero_car": 0.1585}}, {"type": "Feature", "geometry": {"type": "Polygon", "coordinates": [[[-95.92117, 30.05529], [-95.92116, 30.05383], [-95.9024, 30.0024], [-95.89948, 29.9946], [-95.89418, 29.98101], [-95.8931, 29.97771], [-95.89221, 29.97563], [-95.88928, 29.96508], [-95.88787, 29.96097], [-95.87296, 29.91983], [-95.86709, 29.90371], [-95.86201, 29.88905], [-95.85721, 29.87579], [-95.85685, 29.87458], [-95.84062, 29.87467], [-95.80724, 29.87492], [-95.80753, 29.90397], [-95.80775, 29.92183], [-95.80818, 29.94109], [-95.8082, 29.94406], [-95.80918, 29.98824], [-95.80931, 29.99492], [-95.80909, 29.9956], [-95.81447, 29.99553], [-95.81513, 29.99622], [-95.81522, 30.01606], [-95.81552, 30.01624], [-95.82234, 30.0188], [-95.82983, 30.02176], [-95.82937, 30.02118], [-95.83286, 30.02253], [-95.87377, 30.03789], [-95.88222, 30.04109], [-95.90859, 30.05095], [-95.91794, 30.05451], [-95.92117, 30.05529]]]}, "properties": {"GEOID": "48201543100", "LILATracts_1And10": 0, "LILATracts_halfAnd10": 0, "LILATracts_Vehicle": 0, "LowIncomeTracts": 0, "LA1and10": 0, "lowincome_lowaccess_share": 38.2992, "pct_zero_car": 0.0421}}]}