{"type": "FeatureCollection", "bbox": [-95.96, 29.5, -94.91, 30.17], "features": [{"type": "Feature", "geometry": {"type": "LineString", "coordinates": [[-95.40328, 29.70438], [-95.40317, 29.7039], [-95.40341, 29.70375], [-95.40351, 29.70373], [-95.40381, 29.7038], [-95.40431, 29.70398], [-95.40455, 29.70396], [-95.40469, 29.70369], [-95.40465, 29.70344], [-95.40529, 29.70356], [-95.40578, 29.70376], [-95.40666, 29.70423], [-95.40735, 29.70468], [-95.40768, 29.70517], [-95.40787, 29.70558], [-95.40788, 29.7063], [-95.40962, 29.7063], [-95.41168, 29.70627], [-95.41258, 29.70627], [-95.41501, 29.70626], [-95.41551, 29.70625], [-95.41829, 29.70624], [-95.41895, 29.70623], [-95.42175, 29.70622], [-95.42267, 29.7062], [-95.42533, 29.70618], [-95.42926, 29.70616], [-95.43023, 29.70614], [-95.43148, 29.70615], [-95.43584, 29.70609], [-95.43796, 29.70609], [-95.43904, 29.70607], [-95.44021, 29.70607], [-95.44098, 29.70605], [-95.44452, 29.70601], [-95.44559, 29.70601], [-95.44707, 29.70599], [-95.44831, 29.70599], [-95.45021, 29.70597], [-95.45194, 29.70594], [-95.45412, 29.70593], [-95.45503, 29.70591], [-95.45788, 29.70589], [-95.45939, 29.70589], [-95.46223, 29.70586], [-95.46304, 29.70594], [-95.46441, 29.70596], [-95.46793, 29.70593], [-95.4681, 29.70593], [-95.4683, 29.70593], [-95.46841, 29.70583], [-95.46844, 29.70572], [-95.4685, 29.70565], [-95.46908, 29.70563], [-95.46927, 29.70569], [-95.46964, 29.7058], [-95.46989, 29.70577], [-95.47035, 29.70576], [-95.47168, 29.70575], [-95.47268, 29.70576], [-95.47458, 29.70572], [-95.47624, 29.70571], [-95.47887, 29.70569], [-95.47967, 29.70567], [-95.48089, 29.70567], [-95.48368, 29.70563], [-95.48458, 29.70563], [-95.48586, 29.70561], [-95.48808, 29.7056], [-95.48935, 29.70557], [-95.49174, 29.70555], [-95.49318, 29.70555], [-95.49517, 29.70555], [-95.49602, 29.70552], [-95.49723, 29.70551], [-95.50079, 29.70548], [-95.50117, 29.70547], [-95.50225, 29.70546], [-95.50296, 29.7054], [-95.50402, 29.70521], [-95.50469, 29.70503], [-95.50535, 29.70482], [-95.50625, 29.70446], [-95.507, 29.70423], [-95.50807, 29.70401], [-95.5088, 29.70392], [-95.50928, 29.70389], [-95.51039, 29.70391], [-95.5112, 29.70399], [-95.51191, 29.70411], [-95.51269, 29.70431], [-95.5129, 29.7044], [-95.51304, 29.70446], [-95.51396, 29.70478], [-95.51504, 29.70505], [-95.51616, 29.70523], [-95.5168, 29.70529], [-95.51935, 29.70526], [-95.52122, 29.70525], [-95.52481, 29.70521], [-95.52659, 29.70521], [-95.52839, 29.70517], [-95.53026, 29.70515], [-95.53153, 29.70515], [-95.53275, 29.70513], [-95.53564, 29.70513], [-95.53793, 29.7051], [-95.54163, 29.70507], [-95.54236, 29.70505], [-95.54395, 29.70505], [-95.54533, 29.70502], [-95.54795, 29.705], [-95.55035, 29.70497], [-95.55141, 29.70491], [-95.5517, 29.70488], [-95.55301, 29.70483], [-95.55678, 29.70461], [-95.55741, 29.7046], [-95.56027, 29.70443], [-95.56636, 29.70412], [-95.56754, 29.70405], [-95.56894, 29.70401], [-95.57113, 29.70398], [-95.57428, 29.70393], [-95.57633, 29.70391], [-95.57811, 29.70391], [-95.58041, 29.70388], [-95.58156, 29.70388], [-95.5826, 29.70385], [-95.58405, 29.70384], [-95.5869, 29.7038], [-95.58869, 29.70379], [-95.58974, 29.70376], [-95.59181, 29.70373], [-95.59431, 29.70373], [-95.59486, 29.70371], [-95.59593, 29.70371], [-95.59736, 29.70368], [-95.59883, 29.70367], [-95.59938, 29.70365], [-95.60234, 29.70362], [-95.60316, 29.70359], [-95.60452, 29.70358], [-95.60923, 29.70351], [-95.61115, 29.70349], [-95.61333, 29.70355], [-95.61465, 29.70357], [-95.61601, 29.70361], [-95.61832, 29.70366], [-95.62054, 29.70373], [-95.62403, 29.70383], [-95.62476, 29.70388], [-95.62589, 29.7039], [-95.62749, 29.70396], [-95.62744, 29.70408], [-95.62743, 29.70511], [-95.62745, 29.70568], [-95.62756, 29.70621], [-95.62778, 29.70693], [-95.62782, 29.70776], [-95.62782, 29.70898], [-95.6278, 29.71125], [-95.62795, 29.71125], [-95.62876, 29.71128], [-95.62937, 29.71141], [-95.62941, 29.71142], [-95.62951, 29.71142], [-95.62999, 29.71135], [-95.63061, 29.71129], [-95.63068, 29.71115], [-95.63045, 29.71101], [-95.63031, 29.71119], [-95.62999, 29.71135], [-95.62951, 29.71142], [-95.62941, 29.71142]]}, "properties": {"route_id": "002", "route_short_name": "002", "route_long_name": "Bellaire", "route_type": 3, "route_color": "#004080"}}, {"type": "Feature", "geometry": {"type": "LineString", "coordinates": [[-95.35836, 29.77178], [-95.3589, 29.77205], [-95.35897, 29.77215], [-95.35877, 29.77229], [-95.35905, 29.77273], [-95.35944, 29.77256], [-95.35988, 29.7724], [-95.36034, 29.77334], [-95.36039, 29.77354], [-95.36052, 29.77391], [-95.36071, 29.77435], [-95.36153, 29.77613], [-95.36081, 29.7764], [-95.35773, 29.77751], [-95.35561, 29.77832], [-95.35536, 29.77836], [-95.35464, 29.77834], [-95.35289, 29.77834], [-95.3523, 29.77836], [-95.35139, 29.77835], [-95.35053, 29.77836], [-95.35011, 29.7784], [-95.34965, 29.77839], [-95.34953, 29.77852], [-95.34839, 29.77854], [-95.3475, 29.77853], [-95.34666, 29.77855], [-95.34491, 29.77855], [-95.34287, 29.77857], [-95.34187, 29.77857], [-95.34017, 29.77857], [-95.34, 29.77857], [-95.3398, 29.77857], [-95.33959, 29.77873], [-95.33931, 29.78012], [-95.33928, 29.78055], [-95.33933, 29.78179], [-95.33932, 29.78278], [-95.33933, 29.78396], [-95.33933, 29.78585], [-95.33921, 29.7892], [-95.33923, 29.79106], [-95.33924, 29.79388], [-95.33913, 29.79383], [-95.33839, 29.79385], [-95.33722, 29.79385], [-95.33459, 29.79391], [-95.33207, 29.79395], [-95.33141, 29.79395], [-95.33099, 29.7939], [-95.33021, 29.79359], [-95.32984, 29.7935], [-95.32948, 29.79347], [-95.32777, 29.79346], [-95.32679, 29.79348], [-95.32576, 29.79348], [-95.325, 29.79359], [-95.32439, 29.79379], [-95.32367, 29.79391], [-95.32264, 29.79393], [-95.32206, 29.79388], [-95.32211, 29.79414], [-95.32223, 29.79435], [-95.3223, 29.79883], [-95.32237, 29.80389], [-95.31703, 29.80395], [-95.31704, 29.80545], [-95.31706, 29.80643], [-95.31706, 29.80748], [-95.31709, 29.8083], [-95.31703, 29.80867], [-95.31703, 29.80978], [-95.31707, 29.81137], [-95.31709, 29.8134], [-95.31711, 29.81365], [-95.31727, 29.81365], [-95.31898, 29.81364], [-95.32252, 29.8136], [-95.32514, 29.81358], [-95.32721, 29.81355], [-95.32765, 29.81355], [-95.32777, 29.81371], [-95.32822, 29.81428], [-95.32864, 29.81432], [-95.32867, 29.81515], [-95.32872, 29.81823], [-95.32875, 29.81895], [-95.32876, 29.82146], [-95.32879, 29.82229], [-95.32878, 29.8231], [-95.32879, 29.82412], [-95.32878, 29.82513], [-95.32882, 29.82616], [-95.32882, 29.82731], [-95.32885, 29.82908], [-95.32891, 29.82923], [-95.32891, 29.82986], [-95.32895, 29.83135], [-95.32895, 29.83192], [-95.329, 29.83401], [-95.329, 29.83505], [-95.32888, 29.83563], [-95.32816, 29.83744], [-95.32695, 29.8404], [-95.32407, 29.84046], [-95.32173, 29.84049], [-95.32035, 29.8405], [-95.31905, 29.84053], [-95.31798, 29.84054], [-95.31661, 29.84057], [-95.31411, 29.84061], [-95.31292, 29.84062], [-95.31175, 29.84065], [-95.3108, 29.84065], [-95.30714, 29.84068], [-95.30577, 29.8407], [-95.30332, 29.84072], [-95.30211, 29.84072], [-95.30208, 29.83948], [-95.30209, 29.83926], [-95.30196, 29.83927], [-95.30198, 29.84133], [-95.302, 29.84194], [-95.30202, 29.84402], [-95.30208, 29.84702], [-95.30209, 29.84842], [-95.30199, 29.84904], [-95.30184, 29.84941], [-95.3008, 29.85085], [-95.30053, 29.85146], [-95.30044, 29.85197], [-95.30043, 29.85263], [-95.30044, 29.8542], [-95.30046, 29.85472], [-95.30046, 29.85772], [-95.3005, 29.8617], [-95.30051, 29.86424], [-95.30152, 29.86424], [-95.30323, 29.86418], [-95.30496, 29.86414], [-95.30775, 29.8641], [-95.3087, 29.8641], [-95.31067, 29.86406], [-95.31452, 29.86403], [-95.31726, 29.86403], [-95.31621, 29.86667], [-95.31557, 29.8667], [-95.31488, 29.86681], [-95.3145, 29.86684], [-95.30968, 29.86685], [-95.30682, 29.86687], [-95.30497, 29.86687], [-95.30411, 29.86688], [-95.30238, 29.86687], [-95.30052, 29.86687], [-95.30052, 29.87003], [-95.30056, 29.87081], [-95.30055, 29.87127], [-95.30054, 29.87151], [-95.30101, 29.87148], [-95.30312, 29.87143], [-95.30516, 29.8714], [-95.30588, 29.8714], [-95.30833, 29.87133], [-95.30923, 29.87132], [-95.31018, 29.87124], [-95.31117, 29.87101], [-95.31241, 29.87066], [-95.31302, 29.87051], [-95.31365, 29.8704], [-95.31471, 29.87034], [-95.31536, 29.87037], [-95.31618, 29.87036], [-95.31667, 29.87032], [-95.31824, 29.87009], [-95.31916, 29.87003], [-95.32113, 29.87004], [-95.32247, 29.87003], [-95.32373, 29.87006], [-95.32583, 29.86999], [-95.32806, 29.86997], [-95.32856, 29.87], [-95.32909, 29.8701], [-95.32954, 29.87023], [-95.32982, 29.87034], [-95.32998, 29.8704], [-95.33012, 29.87047], [-95.33044, 29.87061], [-95.33127, 29.87089], [-95.33194, 29.87101], [-95.33355, 29.87102], [-95.33486, 29.871], [-95.33546, 29.87101], [-95.337, 29.87109], [-95.3381, 29.8711], [-95.33935, 29.87108], [-95.34128, 29.87107], [-95.34263, 29.87105], [-95.34326, 29.87104], [-95.34565, 29.87103], [-95.34892, 29.87104], [-95.35055, 29.87101], [-95.35334, 29.871], [-95.35552, 29.87098], [-95.3563, 29.87096], [-95.35822, 29.87094], [-95.35891, 29.8709], [-95.3608, 29.8709], [-95.36233, 29.87087], [-95.36284, 29.87082], [-95.36512, 29.87078], [-95.36579, 29.87071], [-95.36744, 29.87044], [-95.36814, 29.87034], [-95.36922, 29.87029], [-95.37103, 29.87029], [-95.37276, 29.87025], [-95.37499, 29.87023], [-95.37925, 29.87014], [-95.3795, 29.87007], [-95.38059, 29.87008], [-95.38071, 29.87012], [-95.38195, 29.8701], [-95.38309, 29.8701], [-95.38485, 29.87007], [-95.38611, 29.87008], [-95.39013, 29.87003], [-95.39143, 29.87003], [-95.39458, 29.86999], [-95.3956, 29.87], [-95.39787, 29.86996], [-95.39912, 29.86996], [-95.39972, 29.86994], [-95.40149, 29.86993], [-95.40519, 29.86986], [-95.40598, 29.86988], [-95.40746, 29.86998], [-95.40772, 29.86999], [-95.40784, 29.86999], [-95.40796, 29.86998], [-95.40967, 29.86997], [-95.41031, 29.86994], [-95.41143, 29.87017], [-95.41207, 29.87039], [-95.41247, 29.87056], [-95.41238, 29.87194], [-95.41214, 29.87408], [-95.41223, 29.87443], [-95.41222, 29.87466], [-95.4124, 29.87474], [-95.41404, 29.87471], [-95.41422, 29.87471], [-95.41424, 29.87602], [-95.41425, 29.87723], [-95.41417, 29.87732], [-95.41407, 29.87723], [-95.41404, 29.87471], [-95.4124, 29.87474], [-95.41258, 29.87321], [-95.41276, 29.87147], [-95.41281, 29.87071], [-95.41281, 29.86912], [-95.41445, 29.86854], [-95.4163, 29.86787], [-95.4173, 29.86752], [-95.41843, 29.86709], [-95.42135, 29.86606], [-95.42299, 29.86546], [-95.4251, 29.8647], [-95.42598, 29.86437], [-95.42815, 29.8636], [-95.42828, 29.86357], [-95.4295, 29.86357], [-95.43104, 29.86357], [-95.4311, 29.86457], [-95.43112, 29.86512], [-95.4311, 29.86525], [-95.43084, 29.86513], [-95.43082, 29.86466], [-95.4311, 29.86457], [-95.43104, 29.86357], [-95.43277, 29.86356], [-95.43521, 29.86353], [-95.4381, 29.86352], [-95.43909, 29.8635], [-95.43982, 29.86351], [-95.44103, 29.86349], [-95.44642, 29.86349], [-95.44744, 29.86344], [-95.44906, 29.86316], [-95.4498, 29.86316], [-95.45185, 29.8632], [-95.45319, 29.86342], [-95.45362, 29.86346], [-95.4556, 29.86347], [-95.45875, 29.86344], [-95.45879, 29.86453], [-95.45888, 29.86499], [-95.45891, 29.86565], [-95.4589, 29.86977], [-95.45892, 29.87003], [-95.45889, 29.87073], [-95.4607, 29.87073], [-95.46167, 29.87069], [-95.46243, 29.87057], [-95.4631, 29.87039], [-95.46568, 29.86952], [-95.46673, 29.86918], [-95.46918, 29.86835], [-95.47081, 29.86783], [-95.47119, 29.86769], [-95.4729, 29.86692], [-95.4729, 29.86676], [-95.47291, 29.8663], [-95.47303, 29.86562], [-95.47339, 29.86441], [-95.47347, 29.86399], [-95.47352, 29.86328], [-95.47435, 29.86326], [-95.47753, 29.86326], [-95.47817, 29.8634], [-95.47863, 29.86364], [-95.47906, 29.86402], [-95.47964, 29.86504], [-95.47985, 29.86529], [-95.48016, 29.86556], [-95.4804, 29.86573], [-95.48084, 29.8658], [-95.48148, 29.86585], [-95.4829, 29.86583], [-95.48745, 29.86579], [-95.4898, 29.86578], [-95.49008, 29.8658], [-95.49225, 29.86579], [-95.49256, 29.86578], [-95.49439, 29.86578], [-95.49607, 29.86576], [-95.50223, 29.86572], [-95.50339, 29.86568], [-95.50692, 29.86569], [-95.50697, 29.86554], [-95.50704, 29.86465], [-95.50697, 29.86406], [-95.50678, 29.86354], [-95.5064, 29.86295], [-95.50603, 29.86252], [-95.50564, 29.86193], [-95.5049, 29.86226], [-95.50449, 29.86253], [-95.50318, 29.86309], [-95.50228, 29.8632], [-95.50119, 29.86321], [-95.50073, 29.86315], [-95.50017, 29.86315], [-95.50019, 29.86557], [-95.49761, 29.8656], [-95.49555, 29.8656], [-95.4938, 29.86562], [-95.49183, 29.86562], [-95.48897, 29.86567], [-95.4859, 29.86568], [-95.48553, 29.86569], [-95.48232, 29.8657], [-95.48132, 29.86571], [-95.4808, 29.86569], [-95.48016, 29.86556], [-95.4795, 29.86549], [-95.47854, 29.86552], [-95.4777, 29.86559], [-95.47632, 29.86565], [-95.47564, 29.86575], [-95.47453, 29.86605], [-95.4729, 29.86676], [-95.4716, 29.86735]]}, "properties": {"route_id": "003", "route_short_name": "003", "route_long_name": "Langley - Little York", "route_type": 3, "route_color": "#004080"}}, {"type": "Feature", "geometry": {"type": "LineString", "coordinates": [[-95.62941, 29.71142], [-95.62937, 29.71141], [-95.62876, 29.71128], [-95.62795, 29.71125], [-95.6278, 29.71125], [-95.62782, 29.71185], [-95.6279, 29.71201], [-95.62792, 29.71213], [-95.63238, 29.71177], [-95.63452, 29.71159], [-95.63457, 29.71117], [-95.63451, 29.70877], [-95.63448, 29.70687], [-95.63448, 29.70581], [-95.6345, 29.70526], [-95.6345, 29.70412], [-95.6361, 29.70416], [-95.63818, 29.70414], [-95.63816, 29.7028], [-95.63807, 29.7022], [-95.63801, 29.70038], [-95.63796, 29.69956], [-95.63797, 29.69922], [-95.63809, 29.69844], [-95.63822, 29.698], [-95.63857, 29.69716], [-95.63874, 29.69668], [-95.63866, 29.69615], [-95.63814, 29.69522], [-95.63803, 29.69471], [-95.63801, 29.69304], [-95.63534, 29.69306], [-95.63436, 29.69306], [-95.63437, 29.69013], [-95.63365, 29.69012], [-95.63299, 29.69004], [-95.63242, 29.68992], [-95.63172, 29.68971], [-95.63118, 29.68948], [-95.62961, 29.68861], [-95.62874, 29.68825], [-95.62782, 29.68801], [-95.62698, 29.6879], [-95.6264, 29.68788], [-95.62566, 29.68792], [-95.62507, 29.68801], [-95.62352, 29.68833], [-95.62294, 29.68841], [-95.6224, 29.68844], [-95.62105, 29.68845], [-95.61764, 29.68845], [-95.61432, 29.68847], [-95.61367, 29.68847], [-95.61294, 29.68855], [-95.61205, 29.68871], [-95.61117, 29.68879], [-95.61068, 29.68879], [-95.60753, 29.68883], [-95.60715, 29.68886], [-95.60519, 29.68887], [-95.60434, 29.68889], [-95.60357, 29.6889], [-95.60217, 29.68898], [-95.60072, 29.689], [-95.59968, 29.689], [-95.59733, 29.68902], [-95.59623, 29.68902], [-95.59482, 29.68904], [-95.59426, 29.68901], [-95.59258, 29.68879], [-95.59151, 29.68878], [-95.58834, 29.68883], [-95.58626, 29.68881], [-95.58496, 29.68884], [-95.58242, 29.68886], [-95.58201, 29.68884], [-95.58129, 29.68875], [-95.57868, 29.68829], [-95.57755, 29.68808], [-95.57653, 29.68796], [-95.57466, 29.68797], [-95.57421, 29.68799], [-95.57251, 29.688], [-95.57151, 29.68807], [-95.57017, 29.68833], [-95.56896, 29.68857], [-95.56822, 29.68874], [-95.56711, 29.68896], [-95.56589, 29.68912], [-95.56538, 29.68915], [-95.56325, 29.68918], [-95.5627, 29.68922], [-95.56023, 29.68956], [-95.55941, 29.68958], [-95.5586, 29.68951], [-95.55689, 29.68923], [-95.55596, 29.68913], [-95.55505, 29.68914], [-95.55424, 29.68925], [-95.55387, 29.68934], [-95.55313, 29.68954], [-95.55137, 29.69013], [-95.5507, 29.6903], [-95.54973, 29.69043], [-95.54645, 29.69048], [-95.54562, 29.69048], [-95.54393, 29.69051], [-95.54247, 29.69051], [-95.54087, 29.69055], [-95.53767, 29.6906], [-95.5369, 29.69067], [-95.5361, 29.69082], [-95.5351, 29.69113], [-95.53434, 29.69143], [-95.53351, 29.69183], [-95.53294, 29.69204], [-95.53229, 29.69224], [-95.53122, 29.69243], [-95.53055, 29.69249], [-95.5297, 29.69248], [-95.52885, 29.6924], [-95.52839, 29.6923], [-95.52716, 29.69197], [-95.52701, 29.69191], [-95.52582, 29.69164], [-95.52521, 29.69154], [-95.52449, 29.69148], [-95.52379, 29.69147], [-95.52241, 29.69149], [-95.52139, 29.69149], [-95.52094, 29.69146], [-95.52028, 29.69136], [-95.51927, 29.69111], [-95.51863, 29.69102], [-95.51773, 29.69098], [-95.51644, 29.691], [-95.51413, 29.69102], [-95.51312, 29.6911], [-95.51252, 29.69123], [-95.51173, 29.69152], [-95.51079, 29.69178], [-95.50987, 29.69194], [-95.50919, 29.692], [-95.50849, 29.692], [-95.50786, 29.69195], [-95.50714, 29.69185], [-95.50619, 29.69161], [-95.50561, 29.69139], [-95.50489, 29.69107], [-95.50452, 29.69087], [-95.5037, 29.69033], [-95.50304, 29.68978], [-95.50253, 29.68935], [-95.50212, 29.68907], [-95.50137, 29.68868], [-95.50077, 29.68844], [-95.50023, 29.68829], [-95.4995, 29.68817], [-95.49894, 29.68814], [-95.49473, 29.6882], [-95.49323, 29.68819], [-95.49252, 29.68821], [-95.4918, 29.68822], [-95.49082, 29.68836], [-95.4894, 29.68875], [-95.48848, 29.68889], [-95.48791, 29.68893], [-95.48649, 29.68895], [-95.48433, 29.68896], [-95.48166, 29.68899], [-95.47848, 29.689], [-95.47729, 29.68894], [-95.47565, 29.68896], [-95.47497, 29.68901], [-95.47383, 29.68903], [-95.47189, 29.68902], [-95.46989, 29.68904], [-95.46849, 29.68907], [-95.46613, 29.68909], [-95.46386, 29.68912], [-95.46295, 29.68912], [-95.46055, 29.68915], [-95.45945, 29.68918], [-95.45854, 29.68917], [-95.45769, 29.68909], [-95.45699, 29.68905], [-95.4556, 29.68908], [-95.45418, 29.68909], [-95.45168, 29.68914], [-95.45109, 29.68921], [-95.45065, 29.6893], [-95.44957, 29.68964], [-95.44896, 29.68977], [-95.44804, 29.68983], [-95.44706, 29.68983], [-95.44594, 29.68985], [-95.44523, 29.68989], [-95.44471, 29.69001], [-95.44396, 29.69035], [-95.4436, 29.69061], [-95.443, 29.69111], [-95.44268, 29.6913], [-95.44218, 29.69147], [-95.44179, 29.69154], [-95.44016, 29.69157], [-95.43824, 29.69159], [-95.43764, 29.69163], [-95.43681, 29.69183], [-95.43656, 29.69193], [-95.43544, 29.69247], [-95.43471, 29.69267], [-95.4341, 29.69271], [-95.4335, 29.69268], [-95.43244, 29.69254], [-95.43179, 29.69253], [-95.43128, 29.69263], [-95.43055, 29.69295], [-95.43, 29.69334], [-95.42924, 29.69398], [-95.42853, 29.69477], [-95.42713, 29.69641], [-95.4268, 29.69672], [-95.42638, 29.697], [-95.42572, 29.69728], [-95.42496, 29.69745], [-95.42404, 29.69742], [-95.42333, 29.69725], [-95.42173, 29.69676], [-95.42113, 29.69668], [-95.42053, 29.69671], [-95.41999, 29.69685], [-95.4182, 29.69774], [-95.41767, 29.698], [-95.41736, 29.69809], [-95.41682, 29.69814], [-95.4162, 29.69804], [-95.41509, 29.69757], [-95.41448, 29.69736], [-95.41327, 29.69713], [-95.41235, 29.69698], [-95.41179, 29.69774], [-95.41132, 29.69835], [-95.40966, 29.70043], [-95.40898, 29.70124], [-95.40726, 29.70348], [-95.40716, 29.70364], [-95.40666, 29.70423], [-95.40578, 29.70376], [-95.40529, 29.70356], [-95.40465, 29.70344], [-95.40451, 29.70384], [-95.4043, 29.70386], [-95.40401, 29.70375], [-95.40381, 29.7038], [-95.40406, 29.70475], [-95.40404, 29.70483], [-95.40379, 29.70483], [-95.40366, 29.70484], [-95.40341, 29.70485], [-95.40317, 29.7039], [-95.40341, 29.70375], [-95.40353, 29.70421], [-95.40361, 29.7045], [-95.40367, 29.70475], [-95.40366, 29.70484], [-95.40341, 29.70485], [-95.40317, 29.7039], [-95.40341, 29.70375], [-95.40351, 29.70373], [-95.40381, 29.7038], [-95.40431, 29.70398], [-95.40455, 29.70396], [-95.40469, 29.70369], [-95.40465, 29.70344], [-95.40391, 29.70346], [-95.40335, 29.70357], [-95.40289, 29.70366], [-95.40274, 29.70369], [-95.4022, 29.70381], [-95.40172, 29.70391], [-95.40104, 29.70406], [-95.39947, 29.7044], [-95.39937, 29.70459], [-95.39908, 29.70539], [-95.39905, 29.70616], [-95.39903, 29.70735], [-95.39904, 29.70872], [-95.3989, 29.70919], [-95.39855, 29.70944], [-95.39739, 29.7101], [-95.39624, 29.70939], [-95.39431, 29.70824], [-95.39401, 29.70786], [-95.39357, 29.70715], [-95.39341, 29.70722], [-95.39275, 29.70751], [-95.39218, 29.70781], [-95.39151, 29.7081], [-95.39124, 29.70816], [-95.39057, 29.70822], [-95.3904, 29.70823], [-95.38887, 29.70831], [-95.38822, 29.70845], [-95.38764, 29.70872], [-95.38738, 29.70891], [-95.38704, 29.70924], [-95.38683, 29.70954], [-95.38644, 29.71019], [-95.38596, 29.71085], [-95.38536, 29.71163], [-95.38506, 29.71197], [-95.38479, 29.7122], [-95.38419, 29.7125], [-95.38371, 29.71264], [-95.38341, 29.71268], [-95.38293, 29.71267], [-95.3823, 29.71253], [-95.37934, 29.71169], [-95.37853, 29.71162], [-95.37794, 29.71166], [-95.37759, 29.71174], [-95.37738, 29.71178], [-95.3767, 29.71204], [-95.37555, 29.71256], [-95.37487, 29.71297], [-95.37373, 29.71345], [-95.37338, 29.71353], [-95.37296, 29.71353], [-95.37224, 29.71334], [-95.37139, 29.71279], [-95.37096, 29.71312], [-95.37048, 29.71338], [-95.37074, 29.71362], [-95.37119, 29.71394], [-95.37172, 29.71421], [-95.37136, 29.71505], [-95.37133, 29.71518], [-95.37144, 29.71542], [-95.3717, 29.71568], [-95.37166, 29.71623], [-95.37146, 29.7167], [-95.37125, 29.71702], [-95.37076, 29.71758], [-95.37032, 29.71814], [-95.36916, 29.71966], [-95.36831, 29.72071], [-95.36729, 29.722], [-95.36582, 29.72383], [-95.36489, 29.72506], [-95.36435, 29.7257], [-95.36266, 29.72464], [-95.3624, 29.72452], [-95.36181, 29.72393], [-95.36158, 29.7238], [-95.35902, 29.72299], [-95.35854, 29.72289], [-95.35757, 29.72282], [-95.35581, 29.72242], [-95.35422, 29.72194], [-95.35201, 29.72124], [-95.35188, 29.72122], [-95.35146, 29.72227], [-95.35055, 29.72441], [-95.35042, 29.72477], [-95.35035, 29.72475], [-95.34951, 29.72447], [-95.34754, 29.72386], [-95.34643, 29.72353], [-95.34632, 29.72349], [-95.34607, 29.72414], [-95.3459, 29.72449], [-95.34548, 29.72514], [-95.34486, 29.72587], [-95.34481, 29.72603], [-95.34432, 29.72666], [-95.34402, 29.7272], [-95.34084, 29.7262], [-95.34015, 29.72599], [-95.33957, 29.72587], [-95.3392, 29.72587], [-95.33851, 29.72599], [-95.33813, 29.72616], [-95.33762, 29.72653], [-95.33712, 29.72711], [-95.33673, 29.72761], [-95.33652, 29.72786], [-95.33614, 29.72822], [-95.33546, 29.72865], [-95.33511, 29.7287], [-95.33505, 29.7287], [-95.33491, 29.72865]]}, "properties": {"route_id": "004", "route_short_name": "004", "route_long_name": "Beechnut", "route_type": 3, "route_color": "#004080"}}, {"type": "Feature", "geometry": {"type": "LineString", "coordinates": [[-95.38335, 29.73239], [-95.38338, 29.73235], [-95.38341, 29.73203], [-95.38362, 29.73176], [-95.38423, 29.731], [-95.38466, 29.73041], [-95.38564, 29.72915], [-95.38862, 29.7254], [-95.38879, 29.72526], [-95.38787, 29.72477], [-95.38737, 29.72448], [-95.38672, 29.72411], [-95.38612, 29.72373], [-95.38529, 29.72324], [-95.38349, 29.72213], [-95.38101, 29.72065], [-95.38038, 29.72025], [-95.37974, 29.71993], [-95.38062, 29.7174], [-95.38091, 29.71648], [-95.38148, 29.71483], [-95.38189, 29.71371], [-95.3823, 29.71253], [-95.37934, 29.71169], [-95.37853, 29.71162], [-95.37794, 29.71166], [-95.37759, 29.71174], [-95.37786, 29.71315], [-95.37791, 29.71429], [-95.37791, 29.71652], [-95.37784, 29.7171], [-95.37761, 29.71781], [-95.37729, 29.71857], [-95.37713, 29.71907], [-95.37677, 29.72064], [-95.37651, 29.72149], [-95.37639, 29.7218], [-95.3755, 29.72125], [-95.37477, 29.72076], [-95.37385, 29.72009], [-95.37355, 29.71994], [-95.37298, 29.71977], [-95.37207, 29.7192], [-95.37173, 29.71902], [-95.37032, 29.71814], [-95.36944, 29.71762], [-95.36911, 29.71739], [-95.36817, 29.71685], [-95.36588, 29.71547], [-95.36571, 29.7154], [-95.36174, 29.71418], [-95.36146, 29.71417], [-95.36084, 29.71445], [-95.36044, 29.71447], [-95.36085, 29.71341], [-95.36191, 29.71073], [-95.36076, 29.71051], [-95.36007, 29.7105], [-95.35942, 29.71062], [-95.35857, 29.71099], [-95.35803, 29.7111], [-95.35763, 29.71104], [-95.35736, 29.71094], [-95.35649, 29.71034], [-95.35642, 29.71032], [-95.35667, 29.70972], [-95.35693, 29.70895], [-95.35726, 29.70806], [-95.35819, 29.70566], [-95.35856, 29.7048], [-95.35905, 29.7035], [-95.35951, 29.70235], [-95.35954, 29.70223], [-95.35961, 29.70169], [-95.35956, 29.70116], [-95.35932, 29.70028], [-95.35897, 29.70034], [-95.35886, 29.70046], [-95.35842, 29.70161], [-95.35798, 29.70147], [-95.35781, 29.70169], [-95.35651, 29.70132], [-95.35647, 29.70112], [-95.35662, 29.70105], [-95.35798, 29.70147], [-95.35842, 29.70161], [-95.35815, 29.70231], [-95.3581, 29.70244], [-95.35727, 29.7044], [-95.35498, 29.70369], [-95.35388, 29.70338], [-95.35263, 29.70295], [-95.35247, 29.70288], [-95.35213, 29.70275], [-95.35086, 29.70239], [-95.34934, 29.70192], [-95.34858, 29.7017], [-95.34569, 29.70081], [-95.34494, 29.70056], [-95.34347, 29.70012], [-95.34018, 29.69906], [-95.33899, 29.69856], [-95.33834, 29.69833], [-95.33687, 29.69786], [-95.33671, 29.6978], [-95.33419, 29.69695], [-95.33217, 29.69634], [-95.32989, 29.69556], [-95.32933, 29.69541], [-95.32746, 29.69495], [-95.32688, 29.69476], [-95.3265, 29.69466], [-95.32586, 29.69444], [-95.32229, 29.69336], [-95.32188, 29.69321], [-95.31914, 29.69241], [-95.31774, 29.69196], [-95.31513, 29.69118], [-95.31458, 29.69097], [-95.31409, 29.6907], [-95.31224, 29.68927], [-95.31037, 29.68784], [-95.30949, 29.68715], [-95.30726, 29.68545], [-95.30677, 29.68522], [-95.30641, 29.68513], [-95.30604, 29.6851], [-95.30437, 29.68511], [-95.29697, 29.68511], [-95.29621, 29.68516], [-95.29441, 29.68517], [-95.29206, 29.68523], [-95.29145, 29.68526], [-95.29041, 29.68528], [-95.28718, 29.68532], [-95.28671, 29.68534], [-95.28431, 29.68539], [-95.28255, 29.68544], [-95.27977, 29.68548], [-95.27892, 29.6855], [-95.27829, 29.6856], [-95.27813, 29.68544], [-95.27771, 29.68503], [-95.27739, 29.68499], [-95.27724, 29.68507], [-95.27705, 29.68523], [-95.27696, 29.68547], [-95.27714, 29.68574], [-95.27661, 29.68618], [-95.27475, 29.68755], [-95.27246, 29.68927], [-95.2701, 29.69107], [-95.26801, 29.69264], [-95.26686, 29.69349], [-95.26468, 29.69513], [-95.26357, 29.69393], [-95.26277, 29.6931], [-95.26011, 29.69025], [-95.25969, 29.68978], [-95.25627, 29.68611], [-95.25526, 29.68507], [-95.25432, 29.68407], [-95.25427, 29.68396], [-95.25385, 29.68353], [-95.25349, 29.68323], [-95.25289, 29.68286], [-95.2526, 29.6826], [-95.25221, 29.68234], [-95.25163, 29.68209], [-95.25064, 29.6818], [-95.24996, 29.68171], [-95.24946, 29.68171], [-95.24899, 29.68177], [-95.2485, 29.68189], [-95.24768, 29.68222], [-95.24625, 29.68285], [-95.24566, 29.68304], [-95.245, 29.68317], [-95.24383, 29.68322], [-95.24191, 29.68322], [-95.24153, 29.68323], [-95.23975, 29.68322], [-95.2381, 29.68324], [-95.23617, 29.68328], [-95.23454, 29.68331], [-95.23217, 29.68333], [-95.23041, 29.68333], [-95.22976, 29.6833], [-95.2295, 29.68333], [-95.22935, 29.68313], [-95.22876, 29.68213], [-95.2277, 29.68067], [-95.22866, 29.67977], [-95.23003, 29.67845], [-95.23186, 29.67666], [-95.23253, 29.67604], [-95.233, 29.67556], [-95.23357, 29.67503], [-95.23463, 29.674], [-95.23498, 29.67427], [-95.23525, 29.67448]]}, "properties": {"route_id": "005", "route_short_name": "005", "route_long_name": "Southmore", "route_type": 3, "route_color": "#004080"}}, {"type": "Feature", "geometry": {"type": "LineString", "coordinates": [[-95.37102, 29.75017], [-95.3713, 29.74978], [-95.37089, 29.74951], [-95.37078, 29.74945], [-95.3706, 29.74934], [-95.36993, 29.74896], [-95.3691, 29.74844], [-95.36854, 29.74918], [-95.36793, 29.74995], [-95.36733, 29.75068], [-95.36615, 29.7522], [-95.36497, 29.75369], [-95.36379, 29.75515], [-95.36261, 29.75666], [-95.36244, 29.75686], [-95.362, 29.75742], [-95.36179, 29.75768], [-95.36146, 29.75814], [-95.36082, 29.7589], [-95.35989, 29.76015], [-95.35899, 29.76122], [-95.35841, 29.76194], [-95.35753, 29.76143], [-95.35667, 29.76091], [-95.35499, 29.75989], [-95.3541, 29.75938], [-95.35325, 29.75885], [-95.35238, 29.75834], [-95.35153, 29.75783], [-95.35084, 29.75741], [-95.35031, 29.75735], [-95.34978, 29.75749], [-95.34933, 29.75765], [-95.34781, 29.75832], [-95.34743, 29.7585], [-95.34702, 29.75865], [-95.34643, 29.75902], [-95.34565, 29.75922], [-95.34536, 29.75937], [-95.34502, 29.75967], [-95.34476, 29.76004], [-95.34415, 29.7608], [-95.34368, 29.76145], [-95.34308, 29.76268], [-95.34301, 29.76301], [-95.34302, 29.76434], [-95.34304, 29.76465], [-95.34299, 29.76612], [-95.34305, 29.76762], [-95.34305, 29.76769], [-95.34312, 29.76801], [-95.34319, 29.76815], [-95.34342, 29.76858], [-95.34349, 29.76871], [-95.34349, 29.76906], [-95.34347, 29.76981], [-95.34343, 29.77114], [-95.34336, 29.77142], [-95.34306, 29.77189], [-95.34253, 29.77234], [-95.34202, 29.77282], [-95.3419, 29.77298], [-95.3418, 29.77332], [-95.34179, 29.77384], [-95.34182, 29.77673], [-95.34187, 29.77857], [-95.34191, 29.78255], [-95.34191, 29.78352], [-95.34198, 29.7875], [-95.34199, 29.78923], [-95.34202, 29.79139], [-95.34209, 29.79375], [-95.34209, 29.79395], [-95.34209, 29.79415], [-95.34211, 29.79518], [-95.34211, 29.7955], [-95.34213, 29.79655], [-95.34217, 29.79878], [-95.34218, 29.79954], [-95.3422, 29.80201], [-95.34221, 29.80317], [-95.34228, 29.80604], [-95.34232, 29.80853], [-95.34233, 29.80987], [-95.34236, 29.81182], [-95.34237, 29.8132], [-95.34237, 29.81335], [-95.34246, 29.81691], [-95.34247, 29.81797], [-95.34253, 29.81986], [-95.34255, 29.82213], [-95.34259, 29.8243], [-95.34262, 29.82652], [-95.34268, 29.82866], [-95.34267, 29.8315], [-95.34271, 29.83392], [-95.34272, 29.8361], [-95.34276, 29.83693], [-95.34279, 29.83928], [-95.34282, 29.84079], [-95.34285, 29.84152], [-95.34287, 29.84358], [-95.34291, 29.845], [-95.34293, 29.84659], [-95.34285, 29.84708], [-95.34286, 29.84776], [-95.34282, 29.84809], [-95.34272, 29.8485], [-95.34245, 29.84911], [-95.34237, 29.8494], [-95.34216, 29.84973], [-95.34148, 29.85092], [-95.34104, 29.85096], [-95.33825, 29.85107], [-95.3364, 29.85127], [-95.33631, 29.85136], [-95.3364, 29.85153], [-95.33763, 29.85151], [-95.33799, 29.85143], [-95.3383, 29.85118], [-95.33825, 29.85107], [-95.34104, 29.85096], [-95.34129, 29.85119], [-95.34029, 29.85289], [-95.33941, 29.8543], [-95.33903, 29.85494], [-95.33777, 29.85701], [-95.33736, 29.85773], [-95.33631, 29.85945], [-95.33399, 29.86336], [-95.33348, 29.86412], [-95.33317, 29.86453], [-95.33298, 29.86447], [-95.3328, 29.86445], [-95.33251, 29.86442], [-95.33234, 29.86502], [-95.33217, 29.86547], [-95.33017, 29.86908], [-95.32995, 29.86944], [-95.32954, 29.87023], [-95.32924, 29.87084], [-95.32856, 29.87205], [-95.32797, 29.87294], [-95.32738, 29.87389], [-95.32602, 29.87625], [-95.32553, 29.87707], [-95.32464, 29.87861], [-95.32386, 29.87998], [-95.32204, 29.88313], [-95.31932, 29.88781], [-95.31839, 29.88943], [-95.31811, 29.88989], [-95.31719, 29.89151], [-95.3159, 29.89373], [-95.3152, 29.89492], [-95.31364, 29.89762], [-95.3127, 29.89922], [-95.31196, 29.90062], [-95.31175, 29.90111], [-95.31116, 29.90255], [-95.31145, 29.90263], [-95.31162, 29.90267], [-95.31179, 29.90272], [-95.31221, 29.90288], [-95.31252, 29.90294], [-95.31308, 29.90293], [-95.3138, 29.90292], [-95.316, 29.90289], [-95.31861, 29.90283], [-95.32078, 29.9028], [-95.32346, 29.90279], [-95.32518, 29.90271], [-95.3266, 29.90266], [-95.33123, 29.90248], [-95.3324, 29.90246], [-95.33238, 29.90308], [-95.3323, 29.90375], [-95.33199, 29.90472], [-95.33162, 29.9055], [-95.33143, 29.90605], [-95.33129, 29.90676], [-95.33126, 29.90719], [-95.33135, 29.91124], [-95.33142, 29.91413], [-95.33144, 29.91542], [-95.3314, 29.91605], [-95.33132, 29.91653], [-95.33105, 29.91745], [-95.33087, 29.91829], [-95.33083, 29.91898], [-95.33087, 29.92206], [-95.3309, 29.92328], [-95.33097, 29.92393], [-95.33115, 29.9249], [-95.33128, 29.92594], [-95.3313, 29.92842], [-95.33123, 29.92892], [-95.33122, 29.93018], [-95.32869, 29.93023], [-95.32645, 29.93026], [-95.32427, 29.93028], [-95.3217, 29.93033], [-95.31632, 29.93041], [-95.31615, 29.93042], [-95.31619, 29.93281], [-95.31623, 29.934], [-95.31615, 29.93463], [-95.31605, 29.93504], [-95.31578, 29.93584], [-95.31566, 29.93628], [-95.31557, 29.93678], [-95.31554, 29.93721], [-95.31552, 29.93901], [-95.31552, 29.93969], [-95.31561, 29.9423], [-95.3156, 29.94277], [-95.31554, 29.94332], [-95.31653, 29.94344], [-95.3175, 29.94352], [-95.32369, 29.94347], [-95.32407, 29.94349], [-95.32457, 29.94359], [-95.32507, 29.94373], [-95.3254, 29.94387], [-95.32594, 29.94418], [-95.3264, 29.94453], [-95.32805, 29.94572], [-95.32853, 29.94597], [-95.32906, 29.94617], [-95.3295, 29.94627], [-95.33016, 29.94633], [-95.33137, 29.94632], [-95.33179, 29.94631], [-95.33178, 29.94512], [-95.33179, 29.94447], [-95.33177, 29.94273], [-95.33175, 29.93997], [-95.33189, 29.9397], [-95.33223, 29.93952], [-95.33899, 29.93951], [-95.34416, 29.93947], [-95.34494, 29.93947], [-95.34779, 29.93944], [-95.34835, 29.93941], [-95.35053, 29.93936], [-95.3554, 29.93933], [-95.35613, 29.93933], [-95.35619, 29.94102], [-95.35625, 29.94134], [-95.35739, 29.94658], [-95.35806, 29.94957], [-95.35843, 29.95114], [-95.35981, 29.95116], [-95.36168, 29.95116], [-95.36258, 29.95122], [-95.3634, 29.95138], [-95.36433, 29.95159], [-95.36481, 29.95166], [-95.3653, 29.95168], [-95.36793, 29.95168], [-95.3687, 29.95169], [-95.36914, 29.95174], [-95.36982, 29.95187], [-95.37084, 29.95222], [-95.37143, 29.95253], [-95.37234, 29.95296], [-95.37323, 29.95329], [-95.3739, 29.95345], [-95.37486, 29.95358], [-95.37601, 29.95359], [-95.37668, 29.95357], [-95.37853, 29.95356], [-95.37992, 29.95353], [-95.38049, 29.95349], [-95.3817, 29.95326], [-95.3825, 29.953], [-95.38288, 29.95284], [-95.38365, 29.95246], [-95.38413, 29.95211], [-95.38506, 29.95153], [-95.3856, 29.95129], [-95.38622, 29.95108], [-95.38676, 29.95096], [-95.38782, 29.95085], [-95.38891, 29.9508], [-95.39513, 29.95073], [-95.39711, 29.95069], [-95.39939, 29.95067], [-95.39957, 29.95067], [-95.39953, 29.95052], [-95.39944, 29.95023], [-95.39914, 29.94961], [-95.39877, 29.94905], [-95.39812, 29.9483], [-95.39714, 29.94726], [-95.39684, 29.94686], [-95.39656, 29.9464], [-95.39635, 29.94588], [-95.39618, 29.94531], [-95.39598, 29.94451], [-95.39592, 29.94409], [-95.39594, 29.94343], [-95.39674, 29.94352], [-95.39824, 29.9438], [-95.39981, 29.94421], [-95.40066, 29.9443], [-95.40162, 29.9443], [-95.40195, 29.94427], [-95.4026, 29.9441], [-95.40384, 29.9436], [-95.40422, 29.94444], [-95.40439, 29.94502], [-95.40453, 29.94592], [-95.40481, 29.94658], [-95.40529, 29.94723], [-95.40593, 29.94775], [-95.40675, 29.94832], [-95.40719, 29.94876], [-95.40751, 29.94939], [-95.4076, 29.94989], [-95.4076, 29.95041], [-95.4076, 29.95055], [-95.40962, 29.95053], [-95.4104, 29.95045], [-95.41119, 29.95029], [-95.41114, 29.95017], [-95.41099, 29.9498], [-95.41065, 29.94913], [-95.41055, 29.94884], [-95.41036, 29.94861]]}, "properties": {"route_id": "006", "route_short_name": "006", "route_long_name": "Jensen / Greens", "route_type": 3, "route_color": "#004080"}}, {"type": "Feature", "geometry": {"type": "LineString", "coordinates": [[-95.45698, 29.67958], [-95.45683, 29.6795], [-95.4568, 29.67931], [-95.45691, 29.67926], [-95.4576, 29.67961], [-95.45764, 29.67972], [-95.45766, 29.67998], [-95.45854, 29.68], [-95.45943, 29.68003], [-95.45946, 29.67937], [-95.45951, 29.67872], [-95.45965, 29.67735], [-95.45979, 29.67677], [-95.46076, 29.67408], [-95.46096, 29.67356], [-95.46132, 29.67288], [-95.4616, 29.6721], [-95.4617, 29.67173], [-95.46206, 29.67065], [-95.46243, 29.66967], [-95.46259, 29.66917], [-95.46302, 29.66767], [-95.46324, 29.66709], [-95.46384, 29.66534], [-95.46403, 29.66461], [-95.46406, 29.66438], [-95.46417, 29.66344], [-95.46403, 29.65801], [-95.46519, 29.65797], [-95.46573, 29.65786], [-95.46644, 29.65753], [-95.46715, 29.65701], [-95.46763, 29.65672], [-95.46836, 29.6564], [-95.46893, 29.65621], [-95.46976, 29.65584], [-95.47071, 29.65523], [-95.47157, 29.6547], [-95.47298, 29.6538], [-95.47486, 29.65262], [-95.47521, 29.65242], [-95.47678, 29.65143], [-95.47737, 29.65115], [-95.47788, 29.65104], [-95.48148, 29.65098], [-95.48217, 29.65098], [-95.48231, 29.65036], [-95.48232, 29.64995], [-95.48227, 29.64745], [-95.48223, 29.64471], [-95.48292, 29.64471], [-95.48478, 29.64466], [-95.48717, 29.64463], [-95.48883, 29.64462], [-95.4902, 29.64459], [-95.49254, 29.64457], [-95.49339, 29.64455], [-95.49556, 29.6445], [-95.50037, 29.64445], [-95.50216, 29.64441], [-95.50588, 29.64436], [-95.50825, 29.64432], [-95.51147, 29.64429], [-95.51251, 29.64418], [-95.51347, 29.64394], [-95.51446, 29.64352], [-95.51624, 29.64261], [-95.517, 29.64231], [-95.51759, 29.64215], [-95.51836, 29.64202], [-95.51917, 29.64197], [-95.52128, 29.64194], [-95.5222, 29.64186], [-95.52342, 29.64166], [-95.52412, 29.64162], [-95.52603, 29.64162], [-95.52652, 29.64167], [-95.52731, 29.64183], [-95.52785, 29.64199], [-95.52779, 29.64227], [-95.52771, 29.64309], [-95.52776, 29.64635], [-95.52776, 29.64697], [-95.52782, 29.64919], [-95.52715, 29.64922]]}, "properties": {"route_id": "007", "route_short_name": "007", "route_long_name": "West Airport", "route_type": 3, "route_color": "#004080"}}, {"type": "Feature", "geometry": {"type": "LineString", "coordinates": [[-95.55946, 29.65528], [-95.55929, 29.65528], [-95.55914, 29.65538], [-95.55912, 29.65553], [-95.55926, 29.65564], [-95.56042, 29.65559], [-95.5606, 29.65549], [-95.56074, 29.65525], [-95.56083, 29.65467], [-95.56175, 29.65466], [-95.56292, 29.65472], [-95.56346, 29.65333], [-95.56352, 29.65319], [-95.5627, 29.65294], [-95.56191, 29.65275], [-95.56141, 29.65266], [-95.56025, 29.65254], [-95.55893, 29.65255], [-95.55749, 29.6526], [-95.5546, 29.65266], [-95.55328, 29.65268], [-95.55267, 29.65272], [-95.55169, 29.65289], [-95.55063, 29.65324], [-95.54967, 29.65367], [-95.54862, 29.65423], [-95.5459, 29.65553], [-95.54527, 29.6558], [-95.54467, 29.65599], [-95.544, 29.65613], [-95.54302, 29.65622], [-95.54237, 29.65621], [-95.5393, 29.65625], [-95.53696, 29.65625], [-95.53584, 29.65623], [-95.53363, 29.65626], [-95.53273, 29.65626], [-95.53194, 29.65617], [-95.53124, 29.65603], [-95.52967, 29.65569], [-95.52896, 29.6556], [-95.52793, 29.6556], [-95.52603, 29.65561], [-95.52492, 29.65563], [-95.52443, 29.65562], [-95.52341, 29.65555], [-95.5225, 29.65552], [-95.51968, 29.65552], [-95.51755, 29.65554], [-95.51608, 29.65553], [-95.51545, 29.65557], [-95.51379, 29.6558], [-95.51268, 29.65589], [-95.51017, 29.65593], [-95.50837, 29.65595], [-95.50599, 29.65594], [-95.5039, 29.65596], [-95.50331, 29.65599], [-95.50258, 29.65609], [-95.50156, 29.65637], [-95.50048, 29.65673], [-95.49939, 29.65695], [-95.49859, 29.65701], [-95.49291, 29.65707], [-95.49214, 29.6571], [-95.48952, 29.65711], [-95.48704, 29.65713], [-95.48376, 29.65718], [-95.48301, 29.65724], [-95.48217, 29.65734], [-95.48116, 29.65752], [-95.47973, 29.6579], [-95.47884, 29.65821], [-95.47819, 29.65847], [-95.47736, 29.65885], [-95.47638, 29.65936], [-95.47525, 29.66011], [-95.47429, 29.66087], [-95.47383, 29.66128], [-95.4718, 29.66318], [-95.47069, 29.66421], [-95.4692, 29.66561], [-95.46907, 29.66571], [-95.46774, 29.667], [-95.46573, 29.66888], [-95.46505, 29.6694], [-95.46442, 29.66979], [-95.46372, 29.67013], [-95.46281, 29.67048], [-95.46206, 29.67065], [-95.4616, 29.67072], [-95.46079, 29.67088], [-95.4598, 29.67115], [-95.45887, 29.67153], [-95.45813, 29.67191], [-95.4574, 29.67231], [-95.45681, 29.67256], [-95.45612, 29.67278], [-95.45545, 29.67293], [-95.45478, 29.67303], [-95.45396, 29.67308], [-95.45257, 29.67308], [-95.44865, 29.67315], [-95.44747, 29.67315], [-95.44664, 29.67318], [-95.4455, 29.67318], [-95.4428, 29.67322], [-95.43995, 29.67323], [-95.43939, 29.67323], [-95.43886, 29.67316], [-95.43789, 29.67283], [-95.43737, 29.67276], [-95.43497, 29.67279], [-95.43451, 29.67284], [-95.43414, 29.67294], [-95.43342, 29.67321], [-95.43269, 29.67332], [-95.43226, 29.67329], [-95.43154, 29.67308], [-95.43136, 29.67302], [-95.43059, 29.67271], [-95.42936, 29.67225], [-95.42858, 29.67201], [-95.42765, 29.67186], [-95.42663, 29.67183], [-95.42609, 29.67187], [-95.42557, 29.67195], [-95.42489, 29.67211], [-95.42396, 29.67242], [-95.4229, 29.67272], [-95.42248, 29.6728], [-95.4216, 29.67289], [-95.42059, 29.67292], [-95.41746, 29.67298], [-95.4152, 29.67305], [-95.41335, 29.67308], [-95.4125, 29.67302], [-95.41174, 29.67286], [-95.41067, 29.67259], [-95.40999, 29.67249], [-95.40904, 29.67245], [-95.40471, 29.67255], [-95.40427, 29.67259], [-95.40375, 29.67269], [-95.40308, 29.67291], [-95.40291, 29.67298], [-95.40223, 29.67326], [-95.40155, 29.67342], [-95.40157, 29.67353], [-95.40165, 29.67384], [-95.40183, 29.67386], [-95.40223, 29.67375]]}, "properties": {"route_id": "008", "route_short_name": "008", "route_long_name": "West Bellfort", "route_type": 3, "route_color": "#004080"}}, {"type": "Feature", "geometry": {"type": "LineString", "coordinates": [[-95.33519, 29.72864], [-95.33511, 29.7287], [-95.33505, 29.7287], [-95.33465, 29.72855], [-95.33467, 29.72874], [-95.3351, 29.72889], [-95.33596, 29.72915], [-95.33604, 29.7288], [-95.33625, 29.72833], [-95.3366, 29.72791], [-95.33681, 29.72765], [-95.33767, 29.72669], [-95.33793, 29.72648], [-95.33821, 29.72633], [-95.33859, 29.72618], [-95.33905, 29.72609], [-95.33944, 29.72607], [-95.33994, 29.72614], [-95.34075, 29.72638], [-95.34395, 29.72738], [-95.34402, 29.7272], [-95.34432, 29.72666], [-95.34481, 29.72603], [-95.34493, 29.72594], [-95.3455, 29.72529], [-95.34594, 29.72464], [-95.3461, 29.72432], [-95.34643, 29.72353], [-95.34754, 29.72386], [-95.34951, 29.72447], [-95.35035, 29.72475], [-95.35042, 29.72477], [-95.35055, 29.72482], [-95.35132, 29.72504], [-95.35256, 29.72543], [-95.3536, 29.72573], [-95.35551, 29.72632], [-95.35602, 29.72656], [-95.35765, 29.72743], [-95.35914, 29.72819], [-95.36068, 29.72904], [-95.36136, 29.72949], [-95.36456, 29.73139], [-95.3652, 29.7318], [-95.36569, 29.73206], [-95.36656, 29.73258], [-95.36592, 29.73339], [-95.36499, 29.7345], [-95.36623, 29.73525], [-95.3673, 29.73581], [-95.36907, 29.73679], [-95.37046, 29.73762], [-95.37134, 29.73818], [-95.37277, 29.73905], [-95.37425, 29.73722], [-95.37813, 29.7395], [-95.37817, 29.73952], [-95.37849, 29.73972], [-95.37859, 29.73978], [-95.37896, 29.74001], [-95.37942, 29.7403], [-95.37794, 29.74217], [-95.37878, 29.74267], [-95.37965, 29.7432], [-95.3805, 29.74371], [-95.38168, 29.74222], [-95.3819, 29.7419], [-95.38191, 29.74045], [-95.38195, 29.73989], [-95.38213, 29.73917], [-95.38239, 29.73857], [-95.38279, 29.73796], [-95.38325, 29.73738], [-95.38459, 29.73562], [-95.3854, 29.73459], [-95.38552, 29.73446], [-95.38618, 29.73357], [-95.38684, 29.73287], [-95.38713, 29.73268], [-95.38757, 29.73247], [-95.38807, 29.73232], [-95.38909, 29.73215], [-95.39107, 29.73202], [-95.39123, 29.732], [-95.39516, 29.73168], [-95.39806, 29.73147], [-95.39875, 29.73143], [-95.40012, 29.73138], [-95.40166, 29.7313], [-95.40701, 29.73106], [-95.4073, 29.73106], [-95.40809, 29.73119], [-95.40893, 29.73124], [-95.41063, 29.73121], [-95.41319, 29.7312], [-95.41364, 29.73116], [-95.41432, 29.73105], [-95.4151, 29.73105], [-95.41787, 29.731], [-95.41865, 29.731], [-95.41866, 29.73061], [-95.41865, 29.73046], [-95.41862, 29.72861], [-95.41957, 29.72862], [-95.42019, 29.72859], [-95.42062, 29.72866], [-95.42115, 29.72879], [-95.42173, 29.72887], [-95.42217, 29.72886], [-95.42321, 29.72874], [-95.42462, 29.72864], [-95.42685, 29.72844], [-95.42803, 29.72836], [-95.42914, 29.72826], [-95.43145, 29.72807], [-95.43279, 29.72797], [-95.43342, 29.72803], [-95.43379, 29.72813], [-95.43441, 29.72824], [-95.43499, 29.72826], [-95.4365, 29.72813], [-95.43935, 29.72791], [-95.44139, 29.72774], [-95.44223, 29.72769], [-95.44528, 29.72745], [-95.44786, 29.72723], [-95.45469, 29.72669], [-95.45924, 29.72632], [-95.46024, 29.72626], [-95.46107, 29.72618], [-95.46078, 29.7248], [-95.46074, 29.72449], [-95.46073, 29.72338], [-95.46075, 29.72283], [-95.46074, 29.72166], [-95.46069, 29.7203], [-95.4607, 29.71886], [-95.46065, 29.71664], [-95.46194, 29.71662], [-95.46391, 29.71661], [-95.4675, 29.71662], [-95.46808, 29.7166], [-95.46834, 29.71664], [-95.46943, 29.71661], [-95.47047, 29.71661], [-95.47471, 29.71654], [-95.47636, 29.71653], [-95.47857, 29.71652], [-95.48222, 29.71649], [-95.48322, 29.71647], [-95.48473, 29.71646], [-95.4899, 29.71641], [-95.49253, 29.71639], [-95.49307, 29.71636], [-95.49415, 29.71636], [-95.49456, 29.71628], [-95.49573, 29.71588], [-95.49626, 29.7156], [-95.49702, 29.71502], [-95.49722, 29.71486], [-95.49617, 29.71395], [-95.49559, 29.71348], [-95.49486, 29.71284], [-95.49425, 29.71227], [-95.494, 29.71197], [-95.49366, 29.71142], [-95.49339, 29.71079], [-95.49407, 29.71066], [-95.49627, 29.71065], [-95.49683, 29.71063], [-95.49681, 29.70886], [-95.4968, 29.70694], [-95.4969, 29.7066], [-95.49718, 29.70604], [-95.49723, 29.70551], [-95.50079, 29.70548], [-95.50117, 29.70547], [-95.50225, 29.70546], [-95.50296, 29.7054], [-95.50402, 29.70521], [-95.50469, 29.70503], [-95.50535, 29.70482], [-95.50625, 29.70446], [-95.507, 29.70423], [-95.50807, 29.70401], [-95.5088, 29.70392], [-95.50928, 29.70389], [-95.51039, 29.70391], [-95.5112, 29.70399], [-95.51191, 29.70411], [-95.51269, 29.70431], [-95.5129, 29.7044], [-95.51304, 29.70446], [-95.51396, 29.70478], [-95.51504, 29.70505], [-95.51616, 29.70523], [-95.5168, 29.70529], [-95.51935, 29.70526], [-95.52122, 29.70525], [-95.52122, 29.7059], [-95.52126, 29.70796], [-95.52126, 29.70938], [-95.52129, 29.71066], [-95.52128, 29.71129], [-95.52123, 29.71176], [-95.52106, 29.71245], [-95.52078, 29.71314], [-95.52019, 29.71301], [-95.51805, 29.71301], [-95.51432, 29.71304], [-95.51362, 29.71306], [-95.51359, 29.70994]]}, "properties": {"route_id": "009", "route_short_name": "009", "route_long_name": "Gulfton / Holman", "route_type": 3, "route_color": "#004080"}}, {"type": "Feature", "geometry": {"type": "LineString", "coordinates": [[-95.40336, 29.70464], [-95.40317, 29.7039], [-95.40341, 29.70375], [-95.40351, 29.70373], [-95.40381, 29.7038], [-95.40431, 29.70398], [-95.40455, 29.70396], [-95.40469, 29.70369], [-95.40465, 29.70344], [-95.40529, 29.70356], [-95.40578, 29.70376], [-95.40666, 29.70423], [-95.40735, 29.70468], [-95.40768, 29.70517], [-95.40787, 29.70558], [-95.40788, 29.7063], [-95.40962, 29.7063], [-95.41168, 29.70627], [-95.41258, 29.70627], [-95.41501, 29.70626], [-95.41551, 29.70625], [-95.41829, 29.70624], [-95.41895, 29.70623], [-95.42175, 29.70622], [-95.42267, 29.7062], [-95.42533, 29.70618], [-95.42926, 29.70616], [-95.43023, 29.70614], [-95.43148, 29.70615], [-95.43584, 29.70609], [-95.43796, 29.70609], [-95.43904, 29.70607], [-95.44021, 29.70607], [-95.44025, 29.70565], [-95.44023, 29.70468], [-95.44023, 29.7037], [-95.44026, 29.70304], [-95.44026, 29.70149], [-95.44024, 29.70038], [-95.44024, 29.69936], [-95.44021, 29.69855], [-95.44022, 29.69796], [-95.44017, 29.69341], [-95.44016, 29.69157], [-95.44015, 29.68972], [-95.44012, 29.68764], [-95.44008, 29.6836], [-95.44004, 29.68201], [-95.44006, 29.68167], [-95.44007, 29.67878], [-95.44, 29.67691], [-95.43998, 29.67522], [-95.43995, 29.674], [-95.43995, 29.67323], [-95.43994, 29.67132], [-95.4399, 29.66886], [-95.4399, 29.66783], [-95.43985, 29.66507], [-95.44123, 29.66506], [-95.44167, 29.66504], [-95.44228, 29.66496], [-95.44302, 29.66482], [-95.44401, 29.66473], [-95.44535, 29.66471], [-95.44631, 29.66455], [-95.4481, 29.66453], [-95.44851, 29.66455], [-95.45016, 29.66455], [-95.45497, 29.66448], [-95.45588, 29.66448], [-95.45774, 29.66445], [-95.46336, 29.66439], [-95.46387, 29.66438], [-95.46406, 29.66438], [-95.46546, 29.66438], [-95.46618, 29.66442], [-95.46695, 29.66461], [-95.46782, 29.66493], [-95.46828, 29.66518], [-95.46893, 29.66559], [-95.46907, 29.66571], [-95.46953, 29.66608], [-95.4698, 29.66624], [-95.47052, 29.66648], [-95.47108, 29.66661], [-95.47181, 29.66662], [-95.47579, 29.66656], [-95.48023, 29.66651], [-95.48183, 29.66648], [-95.48438, 29.66647], [-95.48659, 29.66642], [-95.49203, 29.66637], [-95.49236, 29.66636], [-95.49331, 29.66633], [-95.49818, 29.66628], [-95.49825, 29.66658], [-95.49851, 29.66675], [-95.49879, 29.66677], [-95.50181, 29.66672], [-95.50378, 29.66661], [-95.50718, 29.66655], [-95.50844, 29.66655], [-95.50848, 29.66937], [-95.50851, 29.67086], [-95.50436, 29.67093], [-95.50432, 29.66699]]}, "properties": {"route_id": "010", "route_short_name": "010", "route_long_name": "Willowbend", "route_type": 3, "route_color": "#004080"}}, {"type": "Feature", "geometry": {"type": "LineString", "coordinates": [[-95.26027, 29.78038], [-95.26026, 29.78007], [-95.26062, 29.78004], [-95.26136, 29.77984], [-95.26243, 29.7796], [-95.26316, 29.7815], [-95.26439, 29.78457], [-95.26444, 29.7847], [-95.26529, 29.78445], [-95.2664, 29.78412], [-95.26767, 29.78372], [-95.26845, 29.78341], [-95.26902, 29.7831], [-95.26946, 29.7828], [-95.26992, 29.78244], [-95.27028, 29.78207], [-95.27072, 29.78156], [-95.27102, 29.7811], [-95.2713, 29.78056], [-95.2716, 29.77971], [-95.2721, 29.77731], [-95.27357, 29.77754], [-95.27574, 29.7779], [-95.27787, 29.77824], [-95.27909, 29.77837], [-95.27988, 29.77842], [-95.28164, 29.77847], [-95.28405, 29.77841], [-95.28527, 29.7784], [-95.28654, 29.77817], [-95.28693, 29.77807], [-95.28858, 29.77805], [-95.29025, 29.7783], [-95.29131, 29.77817], [-95.29183, 29.77807], [-95.29249, 29.77795], [-95.29305, 29.77779], [-95.2942, 29.77733], [-95.29506, 29.7769], [-95.29734, 29.77595], [-95.29785, 29.77575], [-95.29939, 29.7752], [-95.30022, 29.77494], [-95.30102, 29.77478], [-95.30102, 29.77518], [-95.30108, 29.77573], [-95.30115, 29.77587], [-95.30118, 29.77649], [-95.3059, 29.77652], [-95.31351, 29.77652], [-95.31536, 29.77646], [-95.31573, 29.77644], [-95.31566, 29.77574], [-95.31564, 29.77555], [-95.3152, 29.77544], [-95.31523, 29.77575], [-95.31536, 29.77646], [-95.31573, 29.77644], [-95.31751, 29.77636], [-95.32113, 29.77625], [-95.3255, 29.77619], [-95.32635, 29.77614], [-95.32652, 29.77613], [-95.3286, 29.77604], [-95.32954, 29.77602], [-95.33131, 29.77597], [-95.3322, 29.77596], [-95.3344, 29.77591], [-95.33576, 29.77589], [-95.33704, 29.77596], [-95.33766, 29.77597], [-95.33787, 29.77593], [-95.33973, 29.7749], [-95.34001, 29.77475], [-95.34017, 29.77467], [-95.34036, 29.77457], [-95.34179, 29.77384], [-95.34309, 29.77314], [-95.34456, 29.77227], [-95.34666, 29.77161], [-95.34706, 29.77159], [-95.34838, 29.7716], [-95.35053, 29.77158], [-95.35208, 29.77155], [-95.35209, 29.77063], [-95.35239, 29.77039], [-95.35371, 29.76972], [-95.35433, 29.76937], [-95.35505, 29.769], [-95.35537, 29.7688], [-95.35594, 29.7683], [-95.35602, 29.76807], [-95.35612, 29.76772], [-95.35643, 29.76679], [-95.35707, 29.76482], [-95.3573, 29.76418], [-95.35766, 29.76375], [-95.35855, 29.76317], [-95.35898, 29.76285], [-95.35928, 29.76249], [-95.35987, 29.76175], [-95.36046, 29.76098], [-95.36229, 29.75866], [-95.36251, 29.75841], [-95.3629, 29.75793], [-95.36322, 29.75752], [-95.36346, 29.75717], [-95.36402, 29.75644], [-95.36466, 29.75569], [-95.3658, 29.75419], [-95.36701, 29.7527], [-95.36759, 29.75195], [-95.36879, 29.75045], [-95.36939, 29.74969], [-95.3699, 29.74999], [-95.3702, 29.75018], [-95.37031, 29.75025], [-95.37114, 29.75074], [-95.372, 29.75127], [-95.37248, 29.75067], [-95.3726, 29.75052], [-95.37171, 29.75002], [-95.37132, 29.74978], [-95.37132, 29.74979], [-95.37089, 29.74951], [-95.37078, 29.74945], [-95.3706, 29.74934], [-95.36993, 29.74896], [-95.3691, 29.74844], [-95.36741, 29.7474], [-95.36653, 29.74688], [-95.36713, 29.7462], [-95.3693, 29.7434], [-95.36976, 29.74278], [-95.37145, 29.74068], [-95.37227, 29.73963], [-95.37277, 29.73905], [-95.37425, 29.73722], [-95.37338, 29.73671], [-95.37397, 29.73597], [-95.37435, 29.7354], [-95.37489, 29.73426], [-95.37507, 29.73376], [-95.37538, 29.73274], [-95.37627, 29.73012], [-95.37707, 29.72782], [-95.3773, 29.72691], [-95.37779, 29.7256], [-95.37812, 29.7246], [-95.37859, 29.72327], [-95.37894, 29.7222], [-95.37939, 29.72089], [-95.37974, 29.71993], [-95.38062, 29.7174], [-95.38091, 29.71648], [-95.38148, 29.71483], [-95.38189, 29.71371], [-95.3823, 29.71253], [-95.38241, 29.71235], [-95.38265, 29.71167], [-95.38286, 29.71118], [-95.38373, 29.70859], [-95.38468, 29.70573], [-95.38509, 29.70459], [-95.38559, 29.70313], [-95.38579, 29.70262], [-95.38657, 29.7028], [-95.38661, 29.7027], [-95.38731, 29.70095], [-95.38841, 29.70123], [-95.38774, 29.70295], [-95.38661, 29.7027], [-95.38584, 29.70247], [-95.38638, 29.7009], [-95.38683, 29.69955], [-95.38703, 29.69888], [-95.38708, 29.69876], [-95.38792, 29.69632], [-95.38818, 29.69552], [-95.38907, 29.69297], [-95.38973, 29.69101], [-95.39024, 29.68953], [-95.39077, 29.68795], [-95.39166, 29.68536], [-95.39177, 29.68507], [-95.39239, 29.68323], [-95.39322, 29.68083], [-95.39555, 29.68075], [-95.39702, 29.68056], [-95.39795, 29.68039], [-95.39991, 29.67998], [-95.40262, 29.6794], [-95.40286, 29.6793], [-95.40296, 29.67914], [-95.40296, 29.67883], [-95.40284, 29.67864], [-95.40259, 29.67863], [-95.40216, 29.67871], [-95.39987, 29.6792], [-95.39989, 29.67866], [-95.39981, 29.67633], [-95.39981, 29.67591], [-95.39976, 29.67341], [-95.40055, 29.67355], [-95.40107, 29.67357], [-95.40157, 29.67353], [-95.40165, 29.67384], [-95.40183, 29.67386], [-95.40261, 29.67364], [-95.40254, 29.67345], [-95.40234, 29.6736], [-95.40165, 29.67384], [-95.40157, 29.67353], [-95.40225, 29.67337], [-95.40309, 29.67303], [-95.40308, 29.67291], [-95.40306, 29.67258], [-95.4033, 29.6698], [-95.40331, 29.66934], [-95.40323, 29.66894], [-95.40306, 29.66852], [-95.40019, 29.66937], [-95.39939, 29.66959], [-95.39776, 29.66998], [-95.3976, 29.66982], [-95.39795, 29.66885], [-95.39834, 29.667], [-95.39893, 29.66549], [-95.40054, 29.66142], [-95.40153, 29.65896], [-95.40207, 29.65759], [-95.40409, 29.65259], [-95.40623, 29.64722], [-95.40745, 29.64413], [-95.40815, 29.64228], [-95.41027, 29.63694], [-95.4107, 29.63593], [-95.41138, 29.63423], [-95.41187, 29.63294], [-95.41223, 29.63206], [-95.41333, 29.62931], [-95.41392, 29.62781], [-95.41508, 29.6279], [-95.41583, 29.62802], [-95.41667, 29.62824], [-95.41727, 29.62837], [-95.41822, 29.62847], [-95.41959, 29.62845], [-95.42529, 29.62835], [-95.42831, 29.62831], [-95.43099, 29.62826], [-95.43092, 29.6225], [-95.4309, 29.62013], [-95.43086, 29.61834], [-95.43087, 29.61742], [-95.43083, 29.61453], [-95.43145, 29.61453], [-95.43147, 29.61417], [-95.43156, 29.614], [-95.43153, 29.61373], [-95.43175, 29.61372]]}, "properties": {"route_id": "011", "route_short_name": "011", "route_long_name": "Almeda / Lyons", "route_type": 3, "route_color": "#004080"}}, {"type": "Feature", "geometry": {"type": "LineString", "coordinates": [[-95.40373, 29.70456], [-95.4037, 29.70448], [-95.40363, 29.70419], [-95.40351, 29.70373], [-95.40381, 29.7038], [-95.40431, 29.70398], [-95.40455, 29.70396], [-95.40469, 29.70369], [-95.40465, 29.70344], [-95.40529, 29.70356], [-95.40578, 29.70376], [-95.40666, 29.70423], [-95.40716, 29.70364], [-95.40726, 29.70348], [-95.40898, 29.70124], [-95.40966, 29.70043], [-95.41132, 29.69835], [-95.41179, 29.69774], [-95.41235, 29.69698], [-95.41366, 29.69536], [-95.41434, 29.69449], [-95.4145, 29.69444], [-95.41528, 29.69347], [-95.41609, 29.69242], [-95.41692, 29.69137], [-95.41742, 29.69069], [-95.41799, 29.69003], [-95.4189, 29.68885], [-95.42133, 29.68575], [-95.42311, 29.68351], [-95.42396, 29.68247], [-95.42441, 29.68188], [-95.42525, 29.68092], [-95.42602, 29.67983], [-95.42741, 29.67804], [-95.42833, 29.67695], [-95.42917, 29.6759], [-95.43007, 29.67489], [-95.43154, 29.67308], [-95.43185, 29.67267], [-95.43274, 29.67156], [-95.43365, 29.67028], [-95.43387, 29.6699], [-95.43534, 29.66803], [-95.43577, 29.66758], [-95.43611, 29.66717], [-95.4367, 29.66639], [-95.43773, 29.66519], [-95.43809, 29.66469], [-95.4401, 29.66213], [-95.44029, 29.66187], [-95.44139, 29.66052], [-95.44178, 29.65987], [-95.44194, 29.65943], [-95.44203, 29.65843], [-95.44208, 29.6574], [-95.44206, 29.65685], [-95.4423, 29.6561], [-95.44262, 29.6556], [-95.44305, 29.65518], [-95.44359, 29.65495], [-95.444, 29.65483], [-95.44506, 29.65474], [-95.44567, 29.65458], [-95.44677, 29.65416], [-95.44668, 29.65387], [-95.44659, 29.65325], [-95.44665, 29.65301], [-95.44664, 29.65128], [-95.4466, 29.64947], [-95.44653, 29.64572], [-95.4449, 29.64576], [-95.44315, 29.64579], [-95.4431, 29.64458], [-95.44306, 29.64227], [-95.44303, 29.64206], [-95.44285, 29.64185], [-95.44347, 29.64159], [-95.44401, 29.64142], [-95.4448, 29.64125], [-95.4453, 29.64119], [-95.44633, 29.64118], [-95.44646, 29.6411], [-95.44641, 29.63855], [-95.44638, 29.63654], [-95.44632, 29.63442], [-95.44632, 29.63384], [-95.44627, 29.63172], [-95.44623, 29.62755], [-95.44396, 29.62759], [-95.44296, 29.6276], [-95.44148, 29.62764], [-95.43801, 29.6277], [-95.438, 29.62619], [-95.43795, 29.62322], [-95.43794, 29.62107], [-95.43792, 29.62045], [-95.43796, 29.62007], [-95.43814, 29.61968], [-95.43875, 29.61874], [-95.43897, 29.61834], [-95.43911, 29.61788], [-95.43906, 29.61503], [-95.43905, 29.61332], [-95.4358, 29.61335], [-95.43221, 29.61341], [-95.43221, 29.61357], [-95.43222, 29.61394], [-95.43211, 29.61398], [-95.43175, 29.61399]]}, "properties": {"route_id": "014", "route_short_name": "014", "route_long_name": "Hiram Clarke", "route_type": 3, "route_color": "#004080"}}, {"type": "Feature", "geometry": {"type": "LineString", "coordinates": [[-95.30292, 29.73514], [-95.30307, 29.73473], [-95.30317, 29.73455], [-95.30046, 29.73374], [-95.29829, 29.73305], [-95.29774, 29.73289], [-95.29726, 29.73411], [-95.29632, 29.73381], [-95.29449, 29.73326], [-95.29041, 29.73198], [-95.29013, 29.73191], [-95.28616, 29.73072], [-95.28569, 29.7319], [-95.28541, 29.73255], [-95.28516, 29.73323], [-95.28453, 29.73474], [-95.28397, 29.73618], [-95.28344, 29.73746], [-95.28315, 29.73768], [-95.28357, 29.73836], [-95.28419, 29.73904], [-95.28472, 29.73941], [-95.28531, 29.73962], [-95.28681, 29.74008], [-95.28802, 29.73717], [-95.2885, 29.73594], [-95.28932, 29.73618], [-95.2918, 29.73695], [-95.29374, 29.73756], [-95.29527, 29.73808], [-95.29635, 29.73841], [-95.29895, 29.73923], [-95.30062, 29.73977], [-95.3026, 29.7404], [-95.30493, 29.74115], [-95.30683, 29.74173], [-95.30995, 29.74272], [-95.31091, 29.74304], [-95.3141, 29.74404], [-95.315, 29.74431], [-95.31592, 29.74461], [-95.31689, 29.7449], [-95.31886, 29.74554], [-95.31905, 29.74559], [-95.32127, 29.74627], [-95.3229, 29.74678], [-95.32343, 29.74693], [-95.32446, 29.74727], [-95.32579, 29.74766], [-95.32669, 29.74794], [-95.32688, 29.74802], [-95.32886, 29.74862], [-95.33025, 29.74903], [-95.33418, 29.75025], [-95.33461, 29.7505], [-95.33495, 29.75086], [-95.33558, 29.75127], [-95.33622, 29.75165], [-95.33706, 29.75218], [-95.33792, 29.75267], [-95.3391, 29.75336], [-95.3404, 29.75417], [-95.34203, 29.75514], [-95.34288, 29.75568], [-95.34438, 29.75658], [-95.34497, 29.75696], [-95.34516, 29.75713], [-95.3461, 29.75773], [-95.34743, 29.7585], [-95.34781, 29.75832], [-95.34933, 29.75765], [-95.34978, 29.75749], [-95.35031, 29.75735], [-95.35084, 29.75741], [-95.35153, 29.75783], [-95.35238, 29.75834], [-95.35298, 29.7576], [-95.35369, 29.75804], [-95.3547, 29.75863], [-95.35553, 29.75914], [-95.35595, 29.7594], [-95.35609, 29.75949], [-95.35643, 29.7597], [-95.35788, 29.76057], [-95.35899, 29.76122], [-95.35987, 29.76175], [-95.3602, 29.76194], [-95.36076, 29.76226], [-95.36084, 29.7623], [-95.36163, 29.7628], [-95.36246, 29.7633], [-95.36336, 29.7638], [-95.36417, 29.76428], [-95.36444, 29.764], [-95.36478, 29.76357], [-95.36538, 29.76281], [-95.36632, 29.76332], [-95.36697, 29.76349], [-95.36897, 29.76378], [-95.36946, 29.76385], [-95.3707, 29.76388], [-95.3723, 29.76385], [-95.37363, 29.76381], [-95.37401, 29.76375], [-95.37548, 29.76372], [-95.37683, 29.76366], [-95.37755, 29.76361], [-95.37882, 29.76347], [-95.37969, 29.7633], [-95.38019, 29.76318], [-95.38274, 29.76226], [-95.38355, 29.7621], [-95.38462, 29.76202], [-95.3857, 29.76196], [-95.38621, 29.76197], [-95.38699, 29.76203], [-95.38804, 29.76221], [-95.38875, 29.76239], [-95.39031, 29.76292], [-95.39073, 29.76301], [-95.39166, 29.76307], [-95.39235, 29.76316], [-95.39253, 29.76318], [-95.39425, 29.76366], [-95.39611, 29.76409], [-95.39665, 29.76419], [-95.39742, 29.76422], [-95.39821, 29.76413], [-95.39895, 29.7639], [-95.39945, 29.7637], [-95.40183, 29.76261], [-95.40266, 29.76222], [-95.40328, 29.76199], [-95.40407, 29.76179], [-95.40472, 29.76172], [-95.40514, 29.76182], [-95.40555, 29.76184], [-95.40772, 29.76179], [-95.40887, 29.7618], [-95.40892, 29.7618], [-95.40909, 29.7618], [-95.40962, 29.76186], [-95.41013, 29.76197], [-95.41093, 29.76227], [-95.41142, 29.76238], [-95.41193, 29.76266], [-95.41226, 29.76278], [-95.41277, 29.76288], [-95.41325, 29.7629], [-95.41386, 29.7628], [-95.41446, 29.76255], [-95.41476, 29.76234], [-95.4153, 29.76189], [-95.41577, 29.76162], [-95.41625, 29.76146], [-95.41658, 29.7615], [-95.41836, 29.76149], [-95.4192, 29.76147], [-95.42024, 29.76147], [-95.42129, 29.76139], [-95.42195, 29.7614], [-95.42273, 29.76155], [-95.42315, 29.76174], [-95.42362, 29.76203], [-95.42431, 29.76274], [-95.42473, 29.76309], [-95.42525, 29.76335], [-95.42549, 29.76343], [-95.42626, 29.76355], [-95.42768, 29.76355], [-95.42843, 29.76363], [-95.42903, 29.76377], [-95.43063, 29.76437], [-95.43214, 29.76483], [-95.43279, 29.76497], [-95.43377, 29.76514], [-95.43512, 29.76528], [-95.43627, 29.76531], [-95.43769, 29.76531], [-95.43838, 29.76528], [-95.43899, 29.76521], [-95.43966, 29.76519], [-95.44022, 29.76523], [-95.44099, 29.76542], [-95.44265, 29.76616], [-95.44468, 29.7671], [-95.44552, 29.76753], [-95.44638, 29.76804], [-95.44764, 29.76847], [-95.44894, 29.76877], [-95.44969, 29.76876], [-95.45067, 29.76847], [-95.45327, 29.7676], [-95.45385, 29.76739], [-95.45436, 29.76714], [-95.45502, 29.76676], [-95.45552, 29.76641], [-95.4561, 29.76603], [-95.45623, 29.76595], [-95.45627, 29.76593], [-95.45642, 29.76584], [-95.4572, 29.76528], [-95.45747, 29.76513], [-95.45833, 29.76463], [-95.45938, 29.76405], [-95.45993, 29.7639], [-95.4611, 29.76374], [-95.46172, 29.76348], [-95.46284, 29.76258], [-95.46336, 29.76234], [-95.46335, 29.76135], [-95.46329, 29.76004], [-95.46319, 29.75701], [-95.46317, 29.75573], [-95.46311, 29.75457], [-95.46305, 29.75259], [-95.46301, 29.75193], [-95.46296, 29.75026], [-95.4639, 29.75022], [-95.46641, 29.75024], [-95.46724, 29.75022], [-95.46701, 29.74234], [-95.46695, 29.74051], [-95.46687, 29.73971], [-95.46679, 29.73722], [-95.46678, 29.73591], [-95.46674, 29.73303], [-95.46669, 29.73247], [-95.46665, 29.73164], [-95.46665, 29.73088], [-95.46668, 29.7306], [-95.46666, 29.72976], [-95.46676, 29.72916], [-95.4669, 29.72884], [-95.46711, 29.72851], [-95.46783, 29.72776], [-95.46822, 29.7271], [-95.46828, 29.72688], [-95.46835, 29.72617], [-95.46835, 29.72602], [-95.46833, 29.72559], [-95.46815, 29.7256], [-95.46728, 29.72569], [-95.46626, 29.72577], [-95.46632, 29.72558], [-95.46604, 29.72542], [-95.46573, 29.72533], [-95.46521, 29.72537], [-95.46429, 29.72541], [-95.46429, 29.72516], [-95.46521, 29.72513], [-95.46521, 29.72537], [-95.46573, 29.72533], [-95.46604, 29.72542], [-95.46632, 29.72558], [-95.46626, 29.72577], [-95.46728, 29.72569], [-95.46815, 29.7256], [-95.46833, 29.72559], [-95.46816, 29.72515], [-95.46814, 29.72365], [-95.46814, 29.72265], [-95.46811, 29.72067], [-95.46811, 29.71865], [-95.46809, 29.71802], [-95.46808, 29.7166], [-95.46805, 29.71487], [-95.46804, 29.71296], [-95.46801, 29.71161], [-95.46801, 29.71062], [-95.46798, 29.70881], [-95.46802, 29.70855], [-95.46801, 29.70762], [-95.468, 29.70615], [-95.46793, 29.70593], [-95.4681, 29.70593], [-95.46841, 29.70583], [-95.46844, 29.70572], [-95.4685, 29.70565], [-95.46908, 29.70563], [-95.46927, 29.70569], [-95.4696, 29.7058], [-95.46989, 29.70577], [-95.47035, 29.70576], [-95.47168, 29.70575], [-95.47199, 29.70557], [-95.47415, 29.70448], [-95.47438, 29.70441], [-95.47598, 29.7036], [-95.47621, 29.70372], [-95.47624, 29.70537]]}, "properties": {"route_id": "020", "route_short_name": "020", "route_long_name": "Canal / Memorial", "route_type": 3, "route_color": "#004080"}}, {"type": "Feature", "geometry": {"type": "LineString", "coordinates": [[-95.50231, 29.82937], [-95.50059, 29.82938], [-95.50035, 29.82948], [-95.50011, 29.82977], [-95.49888, 29.82888], [-95.49798, 29.82825], [-95.49698, 29.82751], [-95.49562, 29.82655], [-95.49526, 29.8269], [-95.49361, 29.82574], [-95.49225, 29.8272], [-95.49175, 29.82782], [-95.49158, 29.82812], [-95.49144, 29.82851], [-95.49133, 29.82917], [-95.49128, 29.82998], [-95.49103, 29.83247], [-95.49089, 29.83305], [-95.49081, 29.83323], [-95.49026, 29.83305], [-95.4899, 29.83299], [-95.48913, 29.83296], [-95.48735, 29.833], [-95.4864, 29.83314], [-95.48519, 29.83315], [-95.48351, 29.83307], [-95.48328, 29.83305], [-95.48276, 29.83301], [-95.48453, 29.83464], [-95.48617, 29.83619], [-95.48715, 29.83708], [-95.48892, 29.83874], [-95.48895, 29.83836], [-95.48896, 29.83816], [-95.48904, 29.8372], [-95.48909, 29.83698], [-95.48942, 29.83617], [-95.49054, 29.83408], [-95.49094, 29.83327], [-95.49081, 29.83323], [-95.49026, 29.83305], [-95.4899, 29.83299], [-95.48913, 29.83296], [-95.48735, 29.833], [-95.4864, 29.83314], [-95.48519, 29.83315], [-95.48351, 29.83307], [-95.48328, 29.83305], [-95.48276, 29.83301], [-95.48204, 29.83293], [-95.4811, 29.8329], [-95.47935, 29.83291], [-95.4769, 29.83291], [-95.47306, 29.83293], [-95.47212, 29.83295], [-95.47134, 29.83283], [-95.47027, 29.83255], [-95.4695, 29.8324], [-95.46908, 29.83236], [-95.46804, 29.83235], [-95.46533, 29.83236], [-95.46439, 29.83238], [-95.46371, 29.83237], [-95.46018, 29.83239], [-95.45562, 29.83246], [-95.45165, 29.83255], [-95.45038, 29.83257], [-95.44743, 29.83264], [-95.44571, 29.83265], [-95.44502, 29.83267], [-95.4436, 29.83267], [-95.44313, 29.83258], [-95.44244, 29.83235], [-95.44064, 29.83125], [-95.43939, 29.83044], [-95.43897, 29.83015], [-95.43785, 29.82945], [-95.43753, 29.82923], [-95.4365, 29.82861], [-95.43623, 29.82848], [-95.4357, 29.8283], [-95.4348, 29.82817], [-95.4345, 29.82823], [-95.43411, 29.82822], [-95.43208, 29.82825], [-95.4314, 29.82825], [-95.42967, 29.82828], [-95.42911, 29.82829], [-95.4284, 29.82836], [-95.42642, 29.82869], [-95.42493, 29.82879], [-95.42364, 29.82883], [-95.42321, 29.8288], [-95.42214, 29.8286], [-95.41969, 29.82775], [-95.4191, 29.82757], [-95.41805, 29.82733], [-95.41727, 29.82719], [-95.41609, 29.82704], [-95.4151, 29.82699], [-95.41421, 29.82703], [-95.41324, 29.82712], [-95.41192, 29.82728], [-95.41059, 29.82733], [-95.41042, 29.82728], [-95.40979, 29.82728], [-95.40921, 29.82731], [-95.40836, 29.8275], [-95.40747, 29.82784], [-95.40657, 29.82801], [-95.40568, 29.82801], [-95.40057, 29.82808], [-95.39972, 29.82811], [-95.39908, 29.82816], [-95.39766, 29.82834], [-95.39651, 29.82842], [-95.39521, 29.82845], [-95.3924, 29.82849], [-95.38978, 29.82851], [-95.38909, 29.82853], [-95.38667, 29.82857], [-95.38431, 29.82857], [-95.38221, 29.82858], [-95.38117, 29.82857], [-95.38106, 29.82857], [-95.38091, 29.82857], [-95.38065, 29.82858], [-95.37987, 29.82856], [-95.37791, 29.82831], [-95.37721, 29.82827], [-95.3763, 29.82827], [-95.37604, 29.82827], [-95.37604, 29.82839], [-95.37603, 29.82898], [-95.37606, 29.82931], [-95.37606, 29.83022], [-95.37601, 29.83107], [-95.37594, 29.83156], [-95.37592, 29.83204], [-95.37604, 29.83202], [-95.37615, 29.83201], [-95.37638, 29.83199], [-95.37655, 29.83222], [-95.37689, 29.83247]]}, "properties": {"route_id": "023", "route_short_name": "023", "route_long_name": "Clay - W. 43rd", "route_type": 3, "route_color": "#004080"}}, {"type": "Feature", "geometry": {"type": "LineString", "coordinates": [[-95.33485, 29.72812], [-95.33504, 29.72777], [-95.33527, 29.72767], [-95.33565, 29.72804], [-95.33519, 29.72864], [-95.33511, 29.7287], [-95.33505, 29.7287], [-95.33465, 29.72855], [-95.33467, 29.72874], [-95.3351, 29.72889], [-95.33596, 29.72915], [-95.33604, 29.7288], [-95.33625, 29.72833], [-95.3366, 29.72791], [-95.33681, 29.72765], [-95.33767, 29.72669], [-95.33793, 29.72648], [-95.33821, 29.72633], [-95.33813, 29.72616], [-95.33761, 29.72539], [-95.33737, 29.72483], [-95.3371, 29.72373], [-95.33675, 29.72245], [-95.33611, 29.72024], [-95.33578, 29.71918], [-95.33542, 29.71794], [-95.33577, 29.71771], [-95.33618, 29.71783], [-95.33653, 29.71799], [-95.33722, 29.71845], [-95.33774, 29.71869], [-95.33906, 29.71909], [-95.33931, 29.71852], [-95.3399, 29.71702], [-95.33999, 29.71584], [-95.3402, 29.71584], [-95.34038, 29.71584], [-95.34067, 29.71587], [-95.34153, 29.71612], [-95.34254, 29.71638], [-95.34523, 29.7172], [-95.34593, 29.71743], [-95.34663, 29.7177], [-95.34703, 29.71792], [-95.34743, 29.71808], [-95.34847, 29.7184], [-95.3498, 29.71881], [-95.35183, 29.71942], [-95.35265, 29.71971], [-95.35281, 29.71923], [-95.35348, 29.71764], [-95.35377, 29.71692], [-95.35512, 29.71735], [-95.35758, 29.71808], [-95.35881, 29.71848], [-95.36097, 29.7191], [-95.36195, 29.71941], [-95.36352, 29.71987], [-95.36393, 29.72001], [-95.36467, 29.72043], [-95.36729, 29.722], [-95.36834, 29.72262], [-95.36854, 29.72269], [-95.36922, 29.72312], [-95.37074, 29.72404], [-95.36926, 29.7259], [-95.37099, 29.72692], [-95.37269, 29.72798], [-95.3735, 29.72846], [-95.37549, 29.72964], [-95.37627, 29.73012], [-95.37789, 29.73107], [-95.37951, 29.73206], [-95.38065, 29.73267], [-95.38272, 29.734], [-95.38295, 29.7336], [-95.38308, 29.73322], [-95.38312, 29.73306], [-95.38323, 29.73259], [-95.38331, 29.73244], [-95.38338, 29.73235], [-95.38341, 29.73203], [-95.38362, 29.73176], [-95.38445, 29.7323], [-95.38341, 29.73366], [-95.38297, 29.73416], [-95.38372, 29.73458], [-95.38418, 29.73466], [-95.38512, 29.73461], [-95.38531, 29.7346], [-95.3854, 29.73459], [-95.38571, 29.73458], [-95.38622, 29.73454], [-95.38807, 29.73453], [-95.38885, 29.73458], [-95.39116, 29.73456], [-95.39315, 29.73452], [-95.39587, 29.7345], [-95.39635, 29.73447], [-95.39845, 29.73449], [-95.40032, 29.73446], [-95.40159, 29.73438], [-95.40207, 29.73438], [-95.40784, 29.73431], [-95.40917, 29.73429], [-95.41065, 29.73429], [-95.41288, 29.73426], [-95.41361, 29.73426], [-95.41548, 29.73423], [-95.4176, 29.73422], [-95.41866, 29.73417], [-95.41922, 29.73415], [-95.42122, 29.73414], [-95.42391, 29.7341], [-95.42502, 29.7341], [-95.4265, 29.73408], [-95.42829, 29.73403], [-95.42941, 29.73397], [-95.43095, 29.73371], [-95.43215, 29.73342], [-95.43358, 29.73304], [-95.43437, 29.73291], [-95.4358, 29.73284], [-95.43694, 29.73283], [-95.43844, 29.73278], [-95.44076, 29.73275], [-95.44157, 29.73275], [-95.44418, 29.73271], [-95.44459, 29.73267], [-95.44716, 29.73262], [-95.44879, 29.7326], [-95.4494, 29.73253], [-95.45006, 29.73252], [-95.45056, 29.73255], [-95.45136, 29.73274], [-95.45229, 29.73285], [-95.4538, 29.73283], [-95.45516, 29.73278], [-95.45612, 29.73278], [-95.45664, 29.73272], [-95.45702, 29.73261], [-95.45831, 29.73214], [-95.45883, 29.73206], [-95.45997, 29.73202], [-95.46069, 29.73202], [-95.46095, 29.73202], [-95.46108, 29.73202], [-95.46181, 29.73198], [-95.46252, 29.73197], [-95.46366, 29.73189], [-95.46551, 29.7317], [-95.46665, 29.73164], [-95.46809, 29.73162], [-95.47102, 29.73161], [-95.47233, 29.73158], [-95.4734, 29.73158], [-95.47492, 29.73156], [-95.47643, 29.73156], [-95.47687, 29.73156], [-95.4779, 29.73164], [-95.48037, 29.73163], [-95.48232, 29.7316], [-95.48416, 29.7316], [-95.48539, 29.7317], [-95.48659, 29.73189], [-95.48902, 29.73188], [-95.48978, 29.73191], [-95.49238, 29.73187], [-95.49333, 29.73187], [-95.49615, 29.73181], [-95.49777, 29.7318], [-95.50133, 29.73175], [-95.50158, 29.73174], [-95.50264, 29.7316], [-95.50334, 29.73139], [-95.50719, 29.72986], [-95.50802, 29.72961], [-95.50843, 29.72952], [-95.50919, 29.72942], [-95.51042, 29.72939], [-95.51447, 29.7294], [-95.51733, 29.72934], [-95.51955, 29.72915], [-95.52044, 29.72915], [-95.52251, 29.72914], [-95.52413, 29.72912], [-95.52702, 29.72911], [-95.52831, 29.72908], [-95.53051, 29.72907], [-95.53273, 29.72907], [-95.53365, 29.72905], [-95.53419, 29.729], [-95.5347, 29.72889], [-95.53704, 29.72809], [-95.53762, 29.72792], [-95.53816, 29.72782], [-95.53906, 29.7278], [-95.53967, 29.7278], [-95.54048, 29.72775], [-95.54151, 29.72778], [-95.54192, 29.72784], [-95.54274, 29.72803], [-95.54339, 29.72823], [-95.54437, 29.72849], [-95.54525, 29.72867], [-95.5463, 29.7288], [-95.54726, 29.72886], [-95.54852, 29.72885], [-95.54899, 29.72881], [-95.55011, 29.72867], [-95.55111, 29.72849], [-95.55174, 29.72834], [-95.55259, 29.72805], [-95.55314, 29.72789], [-95.55399, 29.72773], [-95.5545, 29.72769], [-95.55699, 29.72771], [-95.55893, 29.72771], [-95.55969, 29.72769], [-95.56066, 29.7277], [-95.56154, 29.72773], [-95.56264, 29.72784], [-95.56378, 29.72791], [-95.56802, 29.72786], [-95.57156, 29.72783], [-95.57231, 29.72781], [-95.57413, 29.7278], [-95.57495, 29.72787], [-95.57653, 29.72794], [-95.57885, 29.72791], [-95.57956, 29.72795], [-95.58026, 29.72806], [-95.58101, 29.72826], [-95.58187, 29.72862], [-95.58247, 29.72895], [-95.58294, 29.7293], [-95.58386, 29.73005], [-95.5846, 29.73051], [-95.58569, 29.73097], [-95.58613, 29.7311], [-95.58672, 29.73122], [-95.58758, 29.73131], [-95.58793, 29.73132], [-95.58865, 29.73128], [-95.58922, 29.7312], [-95.59029, 29.73094], [-95.59098, 29.73083], [-95.59257, 29.73079], [-95.59324, 29.73075], [-95.59408, 29.73065], [-95.59491, 29.73042], [-95.59561, 29.73017], [-95.59668, 29.72993], [-95.59726, 29.72988], [-95.59804, 29.72987], [-95.59904, 29.72993], [-95.60279, 29.72989], [-95.60368, 29.72987], [-95.60583, 29.72985], [-95.60581, 29.72816], [-95.60579, 29.72759], [-95.60569, 29.72683], [-95.60557, 29.72636], [-95.60516, 29.72522], [-95.60503, 29.72462], [-95.60499, 29.72426], [-95.60495, 29.72184], [-95.6049, 29.71994], [-95.60578, 29.71993], [-95.60652, 29.72009], [-95.6082, 29.72008], [-95.61167, 29.72002], [-95.61272, 29.72004], [-95.61316, 29.72002], [-95.61349, 29.71995], [-95.61377, 29.71976], [-95.61397, 29.71946], [-95.61402, 29.71914], [-95.61401, 29.71811], [-95.61406, 29.71766], [-95.61419, 29.71733], [-95.61445, 29.71698], [-95.61475, 29.71672], [-95.61519, 29.71651], [-95.61482, 29.7157], [-95.6147, 29.71527], [-95.61467, 29.71423], [-95.61472, 29.71315], [-95.61722, 29.71294], [-95.61864, 29.71288], [-95.61973, 29.71281], [-95.62038, 29.71275], [-95.62411, 29.71245], [-95.62792, 29.71213], [-95.6279, 29.71201], [-95.62794, 29.71185], [-95.62795, 29.71125], [-95.62876, 29.71128], [-95.62937, 29.71141], [-95.62941, 29.71142], [-95.62951, 29.71142], [-95.62999, 29.71135], [-95.63061, 29.71129], [-95.63068, 29.71115], [-95.63045, 29.71101], [-95.63031, 29.71119], [-95.62999, 29.71135], [-95.62951, 29.71142], [-95.62941, 29.71142]]}, "properties": {"route_id": "025", "route_short_name": "025", "route_long_name": "Richmond", "route_type": 3, "route_color": "#004080"}}, {"type": "Feature", "geometry": {"type": "LineString", "coordinates": [[-95.53597, 29.78026], [-95.53597, 29.77965], [-95.53591, 29.77857], [-95.53689, 29.77856], [-95.5396, 29.77856], [-95.5402, 29.77853], [-95.54068, 29.77835], [-95.54126, 29.77825], [-95.54232, 29.77824], [-95.54282, 29.77812], [-95.54311, 29.77809], [-95.54419, 29.7782], [-95.54449, 29.77821], [-95.54451, 29.7791], [-95.54444, 29.77933], [-95.54445, 29.77994], [-95.5444, 29.78048], [-95.54394, 29.78242], [-95.54389, 29.783], [-95.54389, 29.78359], [-95.54393, 29.78391], [-95.54394, 29.78445], [-95.54394, 29.78456], [-95.54394, 29.78472], [-95.54395, 29.78509], [-95.54395, 29.78545], [-95.54402, 29.78661], [-95.54407, 29.78717], [-95.54419, 29.78773], [-95.54445, 29.78848], [-95.54456, 29.78918], [-95.54463, 29.7925], [-95.54465, 29.79428], [-95.54233, 29.79426], [-95.54092, 29.79423], [-95.54015, 29.79423], [-95.53933, 29.79409], [-95.53774, 29.7941], [-95.53693, 29.79422], [-95.53595, 29.79451], [-95.53325, 29.79525], [-95.53029, 29.79605], [-95.52871, 29.79649], [-95.52664, 29.79705], [-95.52581, 29.79729], [-95.5255, 29.79743], [-95.52456, 29.79779], [-95.52399, 29.79796], [-95.52223, 29.79855], [-95.52013, 29.79896], [-95.51867, 29.79922], [-95.51553, 29.79981], [-95.51442, 29.8], [-95.51393, 29.80003], [-95.51275, 29.80023], [-95.51228, 29.80041], [-95.51193, 29.80059], [-95.5112, 29.80107], [-95.51071, 29.80144], [-95.51017, 29.8022], [-95.51003, 29.80235], [-95.50958, 29.80266], [-95.50919, 29.80283], [-95.50895, 29.80288], [-95.50763, 29.80298], [-95.50653, 29.80304], [-95.5052, 29.80301], [-95.50411, 29.80303], [-95.50261, 29.80302], [-95.49873, 29.80302], [-95.49812, 29.80303], [-95.49481, 29.80303], [-95.49434, 29.80301], [-95.49016, 29.8029], [-95.488, 29.80285], [-95.48789, 29.80279], [-95.48739, 29.80278], [-95.48498, 29.80278], [-95.48491, 29.80283], [-95.48446, 29.80282], [-95.48006, 29.80282], [-95.47825, 29.80283], [-95.47674, 29.80285], [-95.47553, 29.80285], [-95.47337, 29.80287], [-95.46825, 29.80288], [-95.4672, 29.8029], [-95.46577, 29.8029], [-95.46296, 29.80292], [-95.46283, 29.80294], [-95.46256, 29.80318], [-95.46118, 29.8022], [-95.46011, 29.80141], [-95.45993, 29.80141], [-95.45858, 29.8014], [-95.45458, 29.80144], [-95.4513, 29.80144], [-95.44906, 29.80144], [-95.44849, 29.80145], [-95.44354, 29.8015], [-95.44068, 29.80151], [-95.43754, 29.80151], [-95.43558, 29.80152], [-95.43321, 29.80155], [-95.43067, 29.80155], [-95.43012, 29.80156], [-95.42788, 29.80156], [-95.42727, 29.80159], [-95.42705, 29.80165], [-95.42598, 29.80166], [-95.42561, 29.80171], [-95.42529, 29.80184], [-95.42466, 29.80231], [-95.42383, 29.80309], [-95.42331, 29.8035], [-95.42277, 29.80369], [-95.42234, 29.80371], [-95.41957, 29.80371], [-95.41933, 29.80373], [-95.41805, 29.80373], [-95.41544, 29.80375], [-95.41423, 29.80375], [-95.41016, 29.8038], [-95.40836, 29.80383], [-95.4056, 29.80384], [-95.39923, 29.80395], [-95.39668, 29.80398], [-95.39556, 29.80398], [-95.39447, 29.80401], [-95.39228, 29.80405], [-95.39107, 29.80406], [-95.39024, 29.80409], [-95.38932, 29.80409], [-95.38854, 29.80412], [-95.38807, 29.80405], [-95.38788, 29.80393], [-95.38738, 29.80388], [-95.38616, 29.80387], [-95.38542, 29.80389], [-95.38423, 29.80389], [-95.38339, 29.80378], [-95.38195, 29.80377], [-95.38127, 29.80379], [-95.38075, 29.80385], [-95.37871, 29.80386], [-95.37812, 29.80382], [-95.37476, 29.80386], [-95.37294, 29.80386], [-95.37257, 29.80384], [-95.37249, 29.80383], [-95.37238, 29.80382], [-95.37057, 29.80368], [-95.37007, 29.80359], [-95.36914, 29.8033], [-95.3684, 29.80313], [-95.36817, 29.80312], [-95.36758, 29.80312], [-95.36627, 29.80317], [-95.36389, 29.80321], [-95.36098, 29.80324], [-95.3573, 29.80329], [-95.35631, 29.80321], [-95.35437, 29.80325], [-95.35244, 29.8033], [-95.3524, 29.80174], [-95.35237, 29.80088], [-95.3523, 29.79746], [-95.35225, 29.79577], [-95.35223, 29.79491], [-95.35221, 29.79407], [-95.35218, 29.79321], [-95.35121, 29.79323], [-95.3507, 29.79325], [-95.35046, 29.79333], [-95.34969, 29.79348], [-95.349, 29.79367], [-95.34795, 29.79372], [-95.34683, 29.79374], [-95.34583, 29.7936], [-95.34404, 29.79361], [-95.34314, 29.79363], [-95.34255, 29.79375], [-95.34209, 29.79375], [-95.34209, 29.79395], [-95.34209, 29.79415], [-95.34211, 29.79518], [-95.34211, 29.7955], [-95.34213, 29.79655], [-95.34217, 29.79878], [-95.34218, 29.79954], [-95.3422, 29.80201], [-95.34121, 29.80182], [-95.34009, 29.80155], [-95.33988, 29.8015], [-95.33965, 29.80144], [-95.33861, 29.8012], [-95.3371, 29.80083], [-95.33624, 29.80054], [-95.33542, 29.80031], [-95.33475, 29.80021], [-95.33337, 29.80009], [-95.33225, 29.80009], [-95.3306, 29.80016], [-95.32979, 29.80018], [-95.32829, 29.80019], [-95.32816, 29.80019], [-95.3282, 29.80201], [-95.32821, 29.80383], [-95.32825, 29.80685], [-95.32828, 29.80753], [-95.32841, 29.80868], [-95.32854, 29.8094], [-95.32858, 29.80997], [-95.32861, 29.81328], [-95.32861, 29.81354], [-95.32862, 29.81406], [-95.32864, 29.81432], [-95.32822, 29.81428], [-95.3281, 29.81442], [-95.32797, 29.81439], [-95.32787, 29.81427]]}, "properties": {"route_id": "026", "route_short_name": "026", "route_long_name": "Long Point / Cavalcade", "route_type": 3, "route_color": "#004080"}}, {"type": "Feature", "geometry": {"type": "LineString", "coordinates": [[-95.404, 29.7045], [-95.40406, 29.70475], [-95.40404, 29.70483], [-95.40379, 29.70483], [-95.40366, 29.70484], [-95.40341, 29.70485], [-95.40317, 29.7039], [-95.40341, 29.70375], [-95.40351, 29.70373], [-95.40381, 29.7038], [-95.40431, 29.70398], [-95.40455, 29.70396], [-95.40469, 29.70369], [-95.40465, 29.70344], [-95.40529, 29.70356], [-95.40578, 29.70376], [-95.40666, 29.70423], [-95.40735, 29.70468], [-95.40768, 29.70517], [-95.40787, 29.70558], [-95.40788, 29.7063], [-95.40962, 29.7063], [-95.41168, 29.70627], [-95.41258, 29.70627], [-95.41258, 29.70709], [-95.41261, 29.70785], [-95.41261, 29.70938], [-95.41264, 29.71023], [-95.41264, 29.7119], [-95.41266, 29.71263], [-95.41263, 29.71343], [-95.41268, 29.7151], [-95.4127, 29.71751], [-95.41153, 29.71763], [-95.41054, 29.71793], [-95.40896, 29.71851], [-95.40984, 29.72024], [-95.41021, 29.72109], [-95.41041, 29.72199], [-95.41047, 29.72291], [-95.41053, 29.72475], [-95.41053, 29.72557], [-95.41056, 29.72782], [-95.41058, 29.72836], [-95.41061, 29.73073], [-95.41061, 29.73085], [-95.41063, 29.73121], [-95.41065, 29.73255], [-95.41065, 29.73429], [-95.41068, 29.73511], [-95.41069, 29.73682], [-95.41071, 29.73722], [-95.41071, 29.73882], [-95.41073, 29.73955], [-95.41073, 29.7418], [-95.41075, 29.7426], [-95.41077, 29.74382], [-95.41066, 29.74431], [-95.41065, 29.74522], [-95.41069, 29.74811], [-95.41069, 29.74908], [-95.41074, 29.75202], [-95.41072, 29.75303], [-95.41075, 29.75445], [-95.41057, 29.75485], [-95.41032, 29.75506], [-95.40908, 29.75559], [-95.40873, 29.75582], [-95.4085, 29.75615], [-95.40841, 29.75643], [-95.40841, 29.75711], [-95.40843, 29.75747], [-95.40832, 29.7577], [-95.40829, 29.75809], [-95.40828, 29.75887], [-95.4083, 29.75933], [-95.40844, 29.75943], [-95.4087, 29.75956], [-95.40871, 29.75966], [-95.40894, 29.76107], [-95.40888, 29.76163], [-95.4089, 29.76168], [-95.40887, 29.7618], [-95.40891, 29.76213], [-95.40929, 29.76368], [-95.40931, 29.76455], [-95.40938, 29.76523], [-95.40938, 29.76607], [-95.40942, 29.76852], [-95.40947, 29.77045], [-95.4095, 29.77157], [-95.4095, 29.77234], [-95.40954, 29.7735], [-95.40956, 29.77525], [-95.4096, 29.77706], [-95.40961, 29.77744], [-95.40961, 29.77766], [-95.40964, 29.77939], [-95.40958, 29.77964], [-95.40931, 29.7804], [-95.40919, 29.78082], [-95.40918, 29.78142], [-95.40948, 29.78229], [-95.40965, 29.78291], [-95.40974, 29.78354], [-95.40977, 29.78498], [-95.40976, 29.78546], [-95.40979, 29.78674], [-95.40985, 29.78846], [-95.40988, 29.79048], [-95.4099, 29.79085], [-95.40996, 29.79358], [-95.41, 29.79656], [-95.41005, 29.79808], [-95.4101, 29.80127], [-95.41011, 29.80137], [-95.41016, 29.8038], [-95.41017, 29.80515], [-95.41024, 29.80758], [-95.41024, 29.80826], [-95.4103, 29.81091], [-95.41032, 29.81228], [-95.41031, 29.81316], [-95.41036, 29.81457], [-95.41033, 29.81495], [-95.4104, 29.8158], [-95.41042, 29.81743], [-95.41045, 29.81911], [-95.4105, 29.8208], [-95.41051, 29.82213], [-95.41058, 29.82495], [-95.41061, 29.82674], [-95.41059, 29.82733], [-95.41051, 29.82747], [-95.41053, 29.82869], [-95.41056, 29.8294], [-95.41056, 29.83017], [-95.41063, 29.83209], [-95.41066, 29.83247], [-95.41073, 29.83254], [-95.41073, 29.83364], [-95.41079, 29.83565], [-95.41078, 29.83602], [-95.41083, 29.83756], [-95.41084, 29.83838], [-95.41088, 29.8393], [-95.41087, 29.84009], [-95.41092, 29.84117], [-95.41095, 29.843], [-95.41095, 29.84379], [-95.41102, 29.84606], [-95.41102, 29.84646], [-95.41108, 29.8471], [-95.41109, 29.84755], [-95.41145, 29.84914], [-95.41171, 29.85011], [-95.41199, 29.85145], [-95.41214, 29.85278], [-95.41218, 29.85392], [-95.41219, 29.85539], [-95.41222, 29.85636], [-95.41224, 29.85848], [-95.41227, 29.8591], [-95.41229, 29.86069], [-95.41232, 29.86165], [-95.41232, 29.86233], [-95.41235, 29.86315], [-95.41235, 29.86396], [-95.41239, 29.86597], [-95.41239, 29.86676], [-95.41242, 29.86781], [-95.41242, 29.86899], [-95.41247, 29.87006], [-95.41247, 29.87056], [-95.41238, 29.87194], [-95.41214, 29.87408], [-95.41223, 29.87443], [-95.41222, 29.87466], [-95.4124, 29.87474], [-95.41404, 29.87471], [-95.41422, 29.87471], [-95.41424, 29.87602]]}, "properties": {"route_id": "027", "route_short_name": "027", "route_long_name": "Shepherd", "route_type": 3, "route_color": "#004080"}}, {"type": "Feature", "geometry": {"type": "LineString", "coordinates": [[-95.39348, 29.71145], [-95.39311, 29.71173], [-95.39276, 29.71126], [-95.39227, 29.71078], [-95.39197, 29.71057], [-95.39142, 29.71006], [-95.3913, 29.70967], [-95.39074, 29.70871], [-95.39079, 29.70851], [-95.39097, 29.70832], [-95.39162, 29.70817], [-95.39224, 29.70792], [-95.39347, 29.70732], [-95.3939, 29.70793], [-95.39423, 29.70832], [-95.39527, 29.70892], [-95.39737, 29.7102], [-95.39886, 29.70935], [-95.39901, 29.7092], [-95.39912, 29.70889], [-95.39915, 29.70745], [-95.39914, 29.70698], [-95.39917, 29.7054], [-95.39947, 29.70458], [-95.39947, 29.7044], [-95.40104, 29.70406], [-95.40172, 29.70391], [-95.4022, 29.70381], [-95.40274, 29.70369], [-95.40289, 29.70366], [-95.40335, 29.70357], [-95.40341, 29.70375], [-95.40353, 29.70421], [-95.40361, 29.7045], [-95.40367, 29.70475], [-95.40366, 29.70484], [-95.40341, 29.70485], [-95.40317, 29.7039], [-95.40341, 29.70375], [-95.40351, 29.70373], [-95.40381, 29.7038], [-95.40431, 29.70398], [-95.40455, 29.70396], [-95.40469, 29.70369], [-95.40465, 29.70344], [-95.40391, 29.70346], [-95.40335, 29.70357], [-95.40289, 29.70366], [-95.40274, 29.70369], [-95.4022, 29.70381], [-95.40172, 29.70391], [-95.40104, 29.70406], [-95.39947, 29.7044], [-95.39953, 29.70349], [-95.39937, 29.70283], [-95.39925, 29.70208], [-95.39926, 29.7009], [-95.39929, 29.69974], [-95.3992, 29.69906], [-95.399, 29.69833], [-95.39837, 29.69637], [-95.39833, 29.69626], [-95.39576, 29.69689], [-95.39313, 29.69752], [-95.39048, 29.69812], [-95.38849, 29.6985], [-95.38708, 29.69876], [-95.38675, 29.69882], [-95.38653, 29.69951], [-95.38552, 29.70249], [-95.38579, 29.70262], [-95.38657, 29.7028], [-95.38661, 29.7027], [-95.38731, 29.70095], [-95.38841, 29.70123], [-95.38774, 29.70295], [-95.38661, 29.7027], [-95.38584, 29.70247], [-95.38638, 29.7009], [-95.38683, 29.69955], [-95.38703, 29.69888], [-95.38708, 29.69876], [-95.38675, 29.69882], [-95.38318, 29.69949], [-95.3808, 29.69995], [-95.37728, 29.70061], [-95.37706, 29.7007], [-95.37579, 29.7009], [-95.37406, 29.70097], [-95.37299, 29.7013], [-95.37267, 29.70142], [-95.37116, 29.70156], [-95.36984, 29.70164], [-95.36775, 29.70175], [-95.36725, 29.70179], [-95.36486, 29.70192], [-95.36344, 29.702], [-95.36129, 29.70214], [-95.35954, 29.70223], [-95.35815, 29.70231], [-95.35842, 29.70161], [-95.35798, 29.70147], [-95.35781, 29.70169], [-95.35651, 29.70132], [-95.35647, 29.70112], [-95.35662, 29.70105], [-95.35798, 29.70147], [-95.35842, 29.70161], [-95.35815, 29.70231], [-95.35606, 29.70244], [-95.35491, 29.70249], [-95.35425, 29.70246], [-95.35336, 29.70255], [-95.35213, 29.70275], [-95.35096, 29.70309], [-95.35032, 29.70333], [-95.34955, 29.7037], [-95.34863, 29.70406], [-95.3463, 29.70496], [-95.34455, 29.70565], [-95.3437, 29.70597], [-95.34351, 29.7061], [-95.34033, 29.70733], [-95.33826, 29.70817], [-95.33766, 29.70844], [-95.3374, 29.70845], [-95.33667, 29.70872], [-95.33624, 29.70887], [-95.3358, 29.70903], [-95.33457, 29.70934], [-95.33235, 29.70984], [-95.33219, 29.70997], [-95.3315, 29.71017], [-95.32691, 29.71119], [-95.32571, 29.71145], [-95.32512, 29.71148], [-95.32445, 29.71142], [-95.32416, 29.71136], [-95.32176, 29.71066], [-95.32128, 29.71053], [-95.32082, 29.71045], [-95.32032, 29.71045], [-95.31998, 29.71049], [-95.31863, 29.71075], [-95.31713, 29.71126], [-95.31686, 29.71143], [-95.31658, 29.71181], [-95.3165, 29.71215], [-95.31653, 29.7123], [-95.3163, 29.71284], [-95.31601, 29.71351], [-95.31539, 29.71502], [-95.31535, 29.71512], [-95.31491, 29.71619], [-95.31457, 29.71683], [-95.3141, 29.7178], [-95.31359, 29.71879], [-95.31304, 29.72014], [-95.31271, 29.72091], [-95.3121, 29.72242], [-95.31182, 29.72319], [-95.31161, 29.72349], [-95.31111, 29.72473], [-95.31042, 29.72624], [-95.3104, 29.72658], [-95.31022, 29.72698], [-95.30949, 29.72882], [-95.30913, 29.72982], [-95.3084, 29.73164], [-95.30816, 29.73196], [-95.30794, 29.73239], [-95.30763, 29.73313], [-95.30735, 29.73356], [-95.30696, 29.73392], [-95.30656, 29.73415], [-95.30581, 29.73446], [-95.30531, 29.73476], [-95.30496, 29.7351], [-95.30342, 29.73463], [-95.30334, 29.73482], [-95.303, 29.73562], [-95.30275, 29.73554], [-95.30307, 29.73473], [-95.30317, 29.73455], [-95.30342, 29.73463], [-95.30496, 29.7351], [-95.30474, 29.73539], [-95.3045, 29.73591], [-95.30444, 29.73606], [-95.30434, 29.73628], [-95.30429, 29.73639], [-95.30413, 29.73673], [-95.30346, 29.73831], [-95.3026, 29.7404], [-95.30177, 29.74242], [-95.30148, 29.74305], [-95.30122, 29.74372], [-95.3009, 29.74444], [-95.30068, 29.74518], [-95.29984, 29.74715], [-95.29968, 29.7475], [-95.29845, 29.75046], [-95.29817, 29.7511], [-95.29772, 29.75205], [-95.29734, 29.75264], [-95.29608, 29.75422], [-95.29527, 29.7551], [-95.29491, 29.75559], [-95.29482, 29.75579], [-95.29472, 29.75627], [-95.29461, 29.75639], [-95.29428, 29.75642], [-95.29391, 29.75606], [-95.2936, 29.75559], [-95.29366, 29.7554], [-95.29402, 29.75514], [-95.29423, 29.75464], [-95.29422, 29.75375], [-95.29442, 29.75356], [-95.29473, 29.75349], [-95.29518, 29.75367], [-95.29608, 29.75422], [-95.29713, 29.75488], [-95.29757, 29.75512], [-95.29775, 29.7554], [-95.29771, 29.75594], [-95.29747, 29.75632], [-95.29728, 29.75647], [-95.29782, 29.75675], [-95.29805, 29.75703], [-95.2984, 29.75719], [-95.30047, 29.75831], [-95.30125, 29.75871], [-95.30121, 29.76034], [-95.30121, 29.76281], [-95.3012, 29.76299], [-95.3012, 29.76645], [-95.30119, 29.76716], [-95.3012, 29.76951], [-95.30118, 29.7717], [-95.30116, 29.77212], [-95.30102, 29.77283], [-95.30102, 29.77386], [-95.30102, 29.77428], [-95.30102, 29.77448], [-95.30102, 29.77478], [-95.30148, 29.77472], [-95.30221, 29.77468], [-95.3042, 29.77469], [-95.30793, 29.77469], [-95.30845, 29.7747], [-95.30862, 29.77457], [-95.30909, 29.7745], [-95.3105, 29.77438], [-95.31232, 29.77438], [-95.31281, 29.77437], [-95.31423, 29.77463], [-95.31516, 29.77465], [-95.31518, 29.77508], [-95.31519, 29.77528], [-95.3152, 29.77544], [-95.31523, 29.77575], [-95.31566, 29.77574], [-95.31564, 29.77555], [-95.31563, 29.77535], [-95.3154, 29.77532]]}, "properties": {"route_id": "028", "route_short_name": "028", "route_long_name": "OST - Wayside", "route_type": 3, "route_color": "#004080"}}, {"type": "Feature", "geometry": {"type": "LineString", "coordinates": [[-95.32813, 29.81416], [-95.32822, 29.81428], [-95.32864, 29.81432], [-95.32876, 29.81432], [-95.32873, 29.81354], [-95.32873, 29.81327], [-95.3287, 29.81019], [-95.32866, 29.80925], [-95.32858, 29.80866], [-95.32839, 29.80699], [-95.32833, 29.80437], [-95.32829, 29.80094], [-95.32829, 29.80019], [-95.32824, 29.79854], [-95.32805, 29.79784], [-95.32792, 29.79751], [-95.32781, 29.79688], [-95.32779, 29.79419], [-95.32777, 29.79346], [-95.32777, 29.79273], [-95.32771, 29.79193], [-95.32759, 29.7913], [-95.32754, 29.79077], [-95.32748, 29.78867], [-95.32746, 29.78731], [-95.32739, 29.78632], [-95.32728, 29.78529], [-95.32725, 29.78392], [-95.32721, 29.78304], [-95.32712, 29.78209], [-95.32699, 29.78152], [-95.32679, 29.78082], [-95.32673, 29.78024], [-95.32674, 29.77966], [-95.32668, 29.77757], [-95.32656, 29.77685], [-95.32652, 29.77613], [-95.32651, 29.77481], [-95.32656, 29.77416], [-95.32652, 29.77287], [-95.32652, 29.77267], [-95.32653, 29.77169], [-95.32651, 29.77052], [-95.32652, 29.76992], [-95.32663, 29.76929], [-95.32685, 29.76859], [-95.32724, 29.76774], [-95.32742, 29.76721], [-95.3275, 29.76686], [-95.32759, 29.76619], [-95.32758, 29.76544], [-95.32758, 29.76472], [-95.32755, 29.76403], [-95.32754, 29.76276], [-95.32758, 29.76201], [-95.32775, 29.7615], [-95.32803, 29.76092], [-95.32858, 29.76015], [-95.32968, 29.75894], [-95.32995, 29.7587], [-95.33031, 29.75828], [-95.33136, 29.75692], [-95.3317, 29.75651], [-95.33197, 29.75624], [-95.33245, 29.75597], [-95.33293, 29.75583], [-95.33422, 29.75552], [-95.33547, 29.75506], [-95.33592, 29.75484], [-95.33627, 29.75462], [-95.3366, 29.75432], [-95.33693, 29.75393], [-95.33792, 29.75267], [-95.33928, 29.75097], [-95.34018, 29.74983], [-95.34091, 29.74889], [-95.34133, 29.74837], [-95.34141, 29.74826], [-95.34198, 29.74753], [-95.34379, 29.74527], [-95.34495, 29.74379], [-95.34513, 29.74332], [-95.34519, 29.74311], [-95.34523, 29.74291], [-95.34524, 29.74288], [-95.34526, 29.74279], [-95.34528, 29.7427], [-95.34524, 29.74184], [-95.34526, 29.74121], [-95.34543, 29.74053], [-95.34686, 29.73694], [-95.3472, 29.73621], [-95.34732, 29.73605], [-95.34748, 29.73565], [-95.34763, 29.73509], [-95.348, 29.73416], [-95.34817, 29.73364], [-95.34854, 29.73271], [-95.34962, 29.73003], [-95.34993, 29.72943], [-95.35003, 29.72886], [-95.35002, 29.72796], [-95.35004, 29.72777], [-95.34979, 29.72771], [-95.3493, 29.72766], [-95.34875, 29.72767], [-95.34806, 29.72779], [-95.34732, 29.72789], [-95.34653, 29.7279], [-95.34581, 29.72777], [-95.34402, 29.7272], [-95.34432, 29.72666], [-95.34481, 29.72603], [-95.34493, 29.72594], [-95.3455, 29.72529], [-95.34594, 29.72464], [-95.3461, 29.72432], [-95.34643, 29.72353], [-95.34668, 29.72288], [-95.3472, 29.72162], [-95.34773, 29.72029], [-95.34821, 29.71905], [-95.34835, 29.71872], [-95.34842, 29.71854], [-95.34847, 29.7184], [-95.34913, 29.7167], [-95.34921, 29.71617], [-95.34919, 29.71565], [-95.34904, 29.7148], [-95.34904, 29.71436], [-95.34911, 29.71391], [-95.34937, 29.71318], [-95.35023, 29.71111], [-95.35027, 29.71094], [-95.34941, 29.71114], [-95.34784, 29.71157], [-95.34742, 29.71174], [-95.34697, 29.71202], [-95.34621, 29.71261], [-95.34562, 29.71296], [-95.3451, 29.71313], [-95.34467, 29.71321], [-95.34379, 29.71321], [-95.34179, 29.71283], [-95.34138, 29.71273], [-95.34157, 29.71142], [-95.34178, 29.71041], [-95.3427, 29.70813], [-95.34288, 29.70775], [-95.34341, 29.7064], [-95.34351, 29.7061], [-95.34403, 29.70596], [-95.34718, 29.70474], [-95.34953, 29.70385], [-95.35043, 29.70347], [-95.35124, 29.7032], [-95.35247, 29.70288], [-95.35375, 29.70267], [-95.3544, 29.70262], [-95.35489, 29.70265], [-95.3558, 29.70257], [-95.35707, 29.70249], [-95.3581, 29.70244], [-95.35815, 29.70231], [-95.35842, 29.70161], [-95.35798, 29.70147], [-95.35781, 29.70169], [-95.35651, 29.70132], [-95.35647, 29.70112], [-95.35662, 29.70105], [-95.35798, 29.70147], [-95.35842, 29.70161], [-95.35815, 29.70231], [-95.35606, 29.70244], [-95.35491, 29.70249], [-95.35425, 29.70246], [-95.35336, 29.70255], [-95.35213, 29.70275], [-95.35096, 29.70309], [-95.35032, 29.70333], [-95.34955, 29.7037], [-95.34863, 29.70406], [-95.34832, 29.7032], [-95.34828, 29.70269], [-95.34832, 29.7024], [-95.34858, 29.7017], [-95.34903, 29.70076], [-95.3503, 29.69761], [-95.35059, 29.69693], [-95.35241, 29.6924], [-95.35256, 29.69198], [-95.35289, 29.69119], [-95.35412, 29.68813], [-95.35506, 29.68589], [-95.35532, 29.6852], [-95.35579, 29.68404], [-95.35595, 29.68352], [-95.35598, 29.68323], [-95.35597, 29.68038], [-95.35598, 29.67923], [-95.35586, 29.67887], [-95.35585, 29.67621], [-95.3558, 29.67469], [-95.35578, 29.67333], [-95.35568, 29.66902], [-95.35563, 29.6669], [-95.35561, 29.66496], [-95.35556, 29.6635], [-95.35556, 29.66255], [-95.35547, 29.65848], [-95.35547, 29.65735], [-95.35542, 29.65558], [-95.35539, 29.65322], [-95.35546, 29.65261], [-95.35568, 29.65179], [-95.35617, 29.64988], [-95.35624, 29.6492], [-95.35624, 29.64854], [-95.3562, 29.64761], [-95.35626, 29.64733], [-95.35625, 29.64687], [-95.35613, 29.64533], [-95.35608, 29.64375], [-95.35604, 29.64187], [-95.35597, 29.63965], [-95.35597, 29.63921], [-95.35589, 29.63674], [-95.35584, 29.63445], [-95.35577, 29.63225], [-95.35568, 29.62879], [-95.35565, 29.62718], [-95.35514, 29.6272], [-95.35462, 29.62718], [-95.35365, 29.62699], [-95.35308, 29.62675], [-95.35237, 29.62637], [-95.35189, 29.62618], [-95.3513, 29.62601], [-95.35072, 29.62591], [-95.35008, 29.62586], [-95.34572, 29.62584], [-95.3429, 29.62582], [-95.34239, 29.62584], [-95.34124, 29.62594], [-95.34058, 29.62593], [-95.33984, 29.62585], [-95.33943, 29.62576], [-95.33932, 29.62627], [-95.33924, 29.62688], [-95.33918, 29.62808], [-95.33919, 29.62951], [-95.3392, 29.63051], [-95.33922, 29.6331], [-95.33937, 29.6331]]}, "properties": {"route_id": "029", "route_short_name": "029", "route_long_name": "Cullen / Hirsch", "route_type": 3, "route_color": "#004080"}}, {"type": "Feature", "geometry": {"type": "LineString", "coordinates": [[-95.41405, 29.87537], [-95.41404, 29.87471], [-95.4124, 29.87474], [-95.41258, 29.87321], [-95.41276, 29.87147], [-95.41281, 29.87071], [-95.41387, 29.87096], [-95.41489, 29.87101], [-95.41738, 29.871], [-95.41739, 29.87355], [-95.41742, 29.87519], [-95.41776, 29.8752], [-95.41875, 29.87508], [-95.42059, 29.87455], [-95.42114, 29.87429], [-95.42084, 29.87387], [-95.42076, 29.87363], [-95.42072, 29.87326], [-95.42069, 29.87099], [-95.42367, 29.87099], [-95.42542, 29.87097], [-95.4259, 29.87098], [-95.42873, 29.87095], [-95.4318, 29.87095], [-95.43295, 29.87093], [-95.43396, 29.87083], [-95.43464, 29.87081], [-95.43658, 29.8708], [-95.43674, 29.8708], [-95.43614, 29.87025], [-95.43536, 29.8695], [-95.4344, 29.86862], [-95.43381, 29.86812], [-95.43257, 29.86719], [-95.43181, 29.86659], [-95.43076, 29.8657], [-95.43111, 29.8654], [-95.4311, 29.86525], [-95.43084, 29.86513], [-95.43082, 29.86466], [-95.4311, 29.86457], [-95.43104, 29.86357], [-95.4295, 29.86357], [-95.42944, 29.86297], [-95.42923, 29.86178], [-95.42918, 29.86107], [-95.42917, 29.85999], [-95.42915, 29.85582], [-95.42917, 29.85547], [-95.42915, 29.85269], [-95.42915, 29.84886], [-95.42897, 29.84709], [-95.42893, 29.84625], [-95.42895, 29.84493], [-95.42895, 29.8419], [-95.42892, 29.84103], [-95.42893, 29.83966], [-95.429, 29.83916], [-95.42916, 29.83873], [-95.42948, 29.83816], [-95.42968, 29.83765], [-95.42978, 29.83724], [-95.4298, 29.8364], [-95.42977, 29.83524], [-95.42973, 29.83144], [-95.42967, 29.82828], [-95.42966, 29.82594], [-95.42963, 29.82512], [-95.42961, 29.8229], [-95.42957, 29.82071], [-95.42958, 29.81982], [-95.42958, 29.81722], [-95.42957, 29.81685], [-95.42946, 29.816], [-95.42943, 29.81512], [-95.42944, 29.81413], [-95.42942, 29.81335], [-95.42943, 29.81231], [-95.42935, 29.80997], [-95.42928, 29.80715], [-95.42923, 29.80478], [-95.42927, 29.80427], [-95.42937, 29.80391], [-95.42988, 29.80292], [-95.42999, 29.80265], [-95.4301, 29.8021], [-95.43012, 29.80156], [-95.4301, 29.80046], [-95.43009, 29.79824], [-95.43003, 29.79757], [-95.42999, 29.79437], [-95.42999, 29.79228], [-95.42997, 29.7907], [-95.42997, 29.78921], [-95.42541, 29.78921], [-95.42298, 29.7892], [-95.42233, 29.78927], [-95.42175, 29.78944], [-95.4204, 29.78989], [-95.41962, 29.79001], [-95.41785, 29.79005], [-95.41761, 29.79011], [-95.41648, 29.79013], [-95.41536, 29.79015], [-95.41496, 29.79012], [-95.41163, 29.79033], [-95.411, 29.79039], [-95.41011, 29.79044], [-95.40988, 29.79048], [-95.40716, 29.79055], [-95.40552, 29.79056], [-95.40448, 29.79059], [-95.40336, 29.79059], [-95.40227, 29.79062], [-95.39899, 29.79065], [-95.39756, 29.79068], [-95.39531, 29.79071], [-95.39421, 29.79074], [-95.39104, 29.79076], [-95.3885, 29.79079], [-95.38784, 29.79081], [-95.38646, 29.79084], [-95.3858, 29.79084], [-95.38519, 29.79077], [-95.38448, 29.79054], [-95.38387, 29.79051], [-95.38211, 29.79055], [-95.3808, 29.79055], [-95.3808, 29.7897], [-95.38077, 29.78889], [-95.38076, 29.78741], [-95.38077, 29.7867], [-95.38073, 29.78526], [-95.38073, 29.7844], [-95.38068, 29.78363], [-95.38069, 29.7829], [-95.38066, 29.78145], [-95.38091, 29.78059], [-95.38105, 29.77953], [-95.38117, 29.77854], [-95.3811, 29.77831], [-95.38116, 29.77777], [-95.38118, 29.7776], [-95.38124, 29.77726], [-95.38138, 29.7769], [-95.38144, 29.77591], [-95.38157, 29.77484], [-95.38173, 29.77461], [-95.38227, 29.77412], [-95.38257, 29.7738], [-95.38276, 29.77338], [-95.38279, 29.77293], [-95.38279, 29.77113], [-95.38275, 29.7691], [-95.38275, 29.76833], [-95.38274, 29.76763], [-95.3826, 29.7672], [-95.38247, 29.767], [-95.38174, 29.76647], [-95.38157, 29.76629], [-95.38136, 29.76576], [-95.38134, 29.76517], [-95.38139, 29.76499], [-95.38135, 29.76449], [-95.38122, 29.76422], [-95.3806, 29.76341], [-95.38019, 29.76318], [-95.37967, 29.76313], [-95.37878, 29.76329], [-95.37776, 29.76341], [-95.37725, 29.76345], [-95.37556, 29.76348], [-95.37434, 29.76355], [-95.37231, 29.76359], [-95.37114, 29.76364], [-95.37083, 29.76358], [-95.3706, 29.76345], [-95.37032, 29.76317], [-95.36986, 29.76271], [-95.36953, 29.76254], [-95.36936, 29.76242], [-95.36922, 29.76233], [-95.36847, 29.76144], [-95.36799, 29.761], [-95.36718, 29.76052], [-95.36635, 29.76001], [-95.36574, 29.76077], [-95.36452, 29.76232], [-95.36394, 29.76308], [-95.36336, 29.7638], [-95.36308, 29.76411], [-95.36274, 29.76457], [-95.36187, 29.76404], [-95.36103, 29.76354], [-95.36023, 29.76303], [-95.36016, 29.76299], [-95.35957, 29.76265], [-95.35928, 29.76249], [-95.35841, 29.76194], [-95.35753, 29.76143], [-95.35667, 29.76091], [-95.35499, 29.75989], [-95.3541, 29.75938], [-95.35325, 29.75885], [-95.35238, 29.75834], [-95.35153, 29.75783], [-95.35084, 29.75741], [-95.35031, 29.75735], [-95.34978, 29.75749], [-95.34933, 29.75765], [-95.34781, 29.75832], [-95.34743, 29.7585], [-95.34702, 29.75865], [-95.34643, 29.75902], [-95.34565, 29.75922], [-95.34536, 29.75937], [-95.34502, 29.75967], [-95.34476, 29.76004], [-95.34415, 29.7608], [-95.34368, 29.76145], [-95.34308, 29.76268], [-95.34301, 29.76301], [-95.34302, 29.76434], [-95.34304, 29.76465], [-95.34094, 29.76468], [-95.33973, 29.76471], [-95.33745, 29.76473], [-95.33649, 29.76475], [-95.33454, 29.76477], [-95.33372, 29.76479], [-95.33354, 29.76482], [-95.33318, 29.76499], [-95.33274, 29.76531], [-95.33238, 29.76538], [-95.32892, 29.76543], [-95.32758, 29.76544], [-95.32526, 29.76546], [-95.32418, 29.76546], [-95.32321, 29.76548], [-95.32285, 29.76544], [-95.32161, 29.76502], [-95.32128, 29.76489], [-95.32009, 29.76449], [-95.31992, 29.76447], [-95.31869, 29.76447], [-95.31834, 29.76442], [-95.31763, 29.76423], [-95.3156, 29.76364], [-95.31548, 29.76353], [-95.31497, 29.76339], [-95.31151, 29.7624], [-95.31099, 29.76226], [-95.30778, 29.76133], [-95.30709, 29.76114], [-95.3056, 29.7607], [-95.30537, 29.76061], [-95.30342, 29.7596], [-95.30329, 29.75946], [-95.30156, 29.75858], [-95.29858, 29.75701], [-95.29818, 29.75694], [-95.29782, 29.75675], [-95.29728, 29.75647], [-95.29692, 29.75664], [-95.29665, 29.75669], [-95.29566, 29.75672], [-95.29494, 29.75679], [-95.29464, 29.75687], [-95.2941, 29.75713], [-95.29346, 29.75716], [-95.29323, 29.75706], [-95.29221, 29.75609], [-95.29181, 29.75568], [-95.29125, 29.75519], [-95.29036, 29.75458], [-95.28767, 29.75282], [-95.285, 29.75108], [-95.28455, 29.75077], [-95.2835, 29.7501], [-95.27992, 29.74772], [-95.27782, 29.74636], [-95.27487, 29.74443], [-95.27397, 29.74387], [-95.27254, 29.74292], [-95.2697, 29.74107], [-95.26825, 29.74011], [-95.26682, 29.73918], [-95.2667, 29.73903], [-95.26524, 29.73806], [-95.26356, 29.73699], [-95.26105, 29.73534], [-95.25779, 29.73316], [-95.2565, 29.73233], [-95.25601, 29.7321], [-95.25538, 29.73197], [-95.25512, 29.73199], [-95.25516, 29.73339], [-95.25516, 29.73409], [-95.25523, 29.73546], [-95.25523, 29.73614], [-95.25526, 29.73684], [-95.25526, 29.73825], [-95.2553, 29.73889], [-95.25535, 29.74144], [-95.25543, 29.74371], [-95.25752, 29.74367], [-95.25749, 29.74193], [-95.25745, 29.74024], [-95.25835, 29.74018], [-95.25916, 29.74004], [-95.25974, 29.73986], [-95.26041, 29.73961], [-95.26108, 29.73933], [-95.26205, 29.73861], [-95.26286, 29.73782], [-95.26305, 29.73792], [-95.26334, 29.73835], [-95.26341, 29.7388], [-95.26343, 29.73996], [-95.26347, 29.74079], [-95.26355, 29.74342], [-95.26493, 29.74343], [-95.26601, 29.74353], [-95.26834, 29.74353], [-95.26923, 29.7435], [-95.27119, 29.7435], [-95.27156, 29.74351], [-95.27205, 29.74338]]}, "properties": {"route_id": "030", "route_short_name": "030", "route_long_name": "Clinton / Ella", "route_type": 3, "route_color": "#004080"}}, {"type": "Feature", "geometry": {"type": "LineString", "coordinates": [[-95.45714, 29.67967], [-95.45746, 29.67984], [-95.45764, 29.67972], [-95.45766, 29.67998], [-95.45854, 29.68], [-95.45943, 29.68003], [-95.45946, 29.67937], [-95.45854, 29.67933], [-95.45854, 29.68], [-95.45852, 29.68072], [-95.45839, 29.68108], [-95.45822, 29.68217], [-95.45884, 29.68207], [-95.45936, 29.68205], [-95.45998, 29.682], [-95.46061, 29.68182], [-95.46134, 29.68138], [-95.46172, 29.681], [-95.46223, 29.68064], [-95.46261, 29.68044], [-95.46333, 29.68021], [-95.46392, 29.68013], [-95.46509, 29.68002], [-95.4661, 29.6799], [-95.46757, 29.67967], [-95.46966, 29.6793], [-95.47184, 29.6789], [-95.4738, 29.67857], [-95.47693, 29.67801], [-95.47738, 29.67791], [-95.48015, 29.67713], [-95.48157, 29.67671], [-95.4818, 29.67735], [-95.48184, 29.67799], [-95.48184, 29.67899], [-95.48277, 29.67899], [-95.48338, 29.67912], [-95.48425, 29.67915], [-95.48427, 29.68118], [-95.4843, 29.68273], [-95.4843, 29.68377], [-95.48434, 29.68657], [-95.48433, 29.68896], [-95.4844, 29.69063], [-95.48441, 29.69222], [-95.48444, 29.69346], [-95.48443, 29.69465], [-95.48446, 29.69573], [-95.48446, 29.69641], [-95.48449, 29.69767], [-95.4845, 29.69925], [-95.48454, 29.70109], [-95.48453, 29.70191], [-95.48457, 29.70418], [-95.48458, 29.70546], [-95.48458, 29.70563], [-95.48465, 29.71188], [-95.48468, 29.7128], [-95.48471, 29.71548], [-95.48473, 29.71646], [-95.48474, 29.71821], [-95.48477, 29.72006], [-95.48479, 29.72199], [-95.48474, 29.72238], [-95.48453, 29.72318], [-95.48419, 29.72425], [-95.48408, 29.72534], [-95.48408, 29.72564], [-95.48407, 29.7258], [-95.48407, 29.72622], [-95.48412, 29.72748], [-95.48412, 29.72877], [-95.48416, 29.73068], [-95.48416, 29.7316], [-95.48421, 29.73323], [-95.48422, 29.73542], [-95.48425, 29.73711], [-95.48425, 29.73776], [-95.48279, 29.73776], [-95.48162, 29.7378], [-95.47971, 29.73781], [-95.47775, 29.73784], [-95.47666, 29.73784], [-95.47662, 29.73547], [-95.48006, 29.73547], [-95.48344, 29.73542], [-95.48357, 29.73543]]}, "properties": {"route_id": "032", "route_short_name": "032", "route_long_name": "Renwick", "route_type": 3, "route_color": "#004080"}}, {"type": "Feature", "geometry": {"type": "LineString", "coordinates": [[-95.37248, 29.75067], [-95.3726, 29.75052], [-95.37315, 29.74979], [-95.37404, 29.75031], [-95.37489, 29.75083], [-95.37571, 29.75132], [-95.37838, 29.75294], [-95.37865, 29.75308], [-95.37918, 29.75323], [-95.37953, 29.75328], [-95.38278, 29.75326], [-95.38376, 29.75324], [-95.38423, 29.75329], [-95.38502, 29.75345], [-95.38544, 29.75346], [-95.39009, 29.75338], [-95.39206, 29.75334], [-95.39225, 29.75334], [-95.39371, 29.7533], [-95.39921, 29.75322], [-95.40265, 29.75315], [-95.40369, 29.75314], [-95.40473, 29.75311], [-95.40592, 29.7531], [-95.40675, 29.75307], [-95.40947, 29.75303], [-95.41072, 29.75303], [-95.41074, 29.75202], [-95.41069, 29.74908], [-95.41182, 29.74904], [-95.41508, 29.749], [-95.41673, 29.74873], [-95.41763, 29.74857], [-95.41883, 29.74838], [-95.42193, 29.74783], [-95.42247, 29.74778], [-95.42654, 29.74777], [-95.43014, 29.74774], [-95.43312, 29.7475], [-95.43839, 29.74704], [-95.4417, 29.74676], [-95.44427, 29.7467], [-95.44827, 29.74664], [-95.4488, 29.74665], [-95.44978, 29.74663], [-95.45224, 29.74661], [-95.45371, 29.74662], [-95.45449, 29.74666], [-95.4549, 29.74673], [-95.45552, 29.74695], [-95.45617, 29.74725], [-95.4569, 29.7478], [-95.45735, 29.74822], [-95.45805, 29.74935], [-95.45839, 29.74971], [-95.45889, 29.75005], [-95.45943, 29.75021], [-95.45984, 29.75029], [-95.46074, 29.75029], [-95.46114, 29.75029], [-95.46135, 29.75029], [-95.46247, 29.75028], [-95.46296, 29.75026], [-95.4639, 29.75022], [-95.46641, 29.75024], [-95.46724, 29.75022], [-95.46769, 29.7503], [-95.46789, 29.75029], [-95.4709, 29.75024], [-95.4745, 29.75017], [-95.47631, 29.75016], [-95.47797, 29.75014], [-95.47955, 29.75011], [-95.48214, 29.75005], [-95.48477, 29.75001], [-95.4861, 29.74998], [-95.48611, 29.74983], [-95.48608, 29.74791], [-95.48601, 29.74744], [-95.48571, 29.74678], [-95.48558, 29.74638], [-95.48555, 29.74602], [-95.48553, 29.74443], [-95.48548, 29.74185], [-95.48533, 29.74127], [-95.48505, 29.74086], [-95.48472, 29.74025], [-95.4846, 29.73961], [-95.48458, 29.73906], [-95.48438, 29.73835], [-95.48435, 29.73789], [-95.48425, 29.73776], [-95.48279, 29.73776], [-95.48162, 29.7378], [-95.47971, 29.73781], [-95.47775, 29.73784], [-95.47666, 29.73784], [-95.47662, 29.73547], [-95.48006, 29.73547], [-95.48344, 29.73542], [-95.48358, 29.73543]]}, "properties": {"route_id": "035", "route_short_name": "035", "route_long_name": "San Felipe", "route_type": 3, "route_color": "#004080"}}, {"type": "Feature", "geometry": {"type": "LineString", "coordinates": [[-95.55973, 29.83426], [-95.55972, 29.83208], [-95.56207, 29.83204], [-95.56326, 29.83205], [-95.56432, 29.83204], [-95.56431, 29.83185], [-95.56432, 29.83082], [-95.56417, 29.82941], [-95.56414, 29.8273], [-95.56414, 29.82529], [-95.56426, 29.82398], [-95.56426, 29.82259], [-95.56321, 29.82258], [-95.55955, 29.82261], [-95.5564, 29.82269], [-95.55554, 29.82269], [-95.55329, 29.82274], [-95.55023, 29.82279], [-95.54846, 29.82283], [-95.54747, 29.82282], [-95.54626, 29.82267], [-95.54524, 29.82262], [-95.54272, 29.82262], [-95.54056, 29.8226], [-95.53835, 29.8226], [-95.53772, 29.82256], [-95.53692, 29.8224], [-95.53597, 29.82209], [-95.53546, 29.82196], [-95.53464, 29.82181], [-95.53426, 29.82178], [-95.53168, 29.82182], [-95.5299, 29.82182], [-95.52828, 29.82185], [-95.52677, 29.82186], [-95.52582, 29.82188], [-95.52341, 29.82189], [-95.52256, 29.82191], [-95.52118, 29.82192], [-95.52068, 29.82188], [-95.5198, 29.82172], [-95.51917, 29.82154], [-95.51858, 29.82133], [-95.51799, 29.82116], [-95.51714, 29.82102], [-95.51647, 29.82098], [-95.51531, 29.82098], [-95.51394, 29.821], [-95.511, 29.82106], [-95.50717, 29.8211], [-95.5066, 29.82107], [-95.50573, 29.8209], [-95.50468, 29.82079], [-95.50266, 29.82079], [-95.50144, 29.8208], [-95.50105, 29.82076], [-95.50015, 29.82053], [-95.4992, 29.82002], [-95.49885, 29.81973], [-95.49849, 29.8195], [-95.49739, 29.81893], [-95.49616, 29.81826], [-95.49579, 29.81808], [-95.49526, 29.81788], [-95.49438, 29.81769], [-95.49393, 29.81765], [-95.49329, 29.81766], [-95.49111, 29.81766], [-95.49068, 29.81763], [-95.48982, 29.81748], [-95.48885, 29.8172], [-95.48818, 29.81703], [-95.48723, 29.81691], [-95.4862, 29.81691], [-95.48527, 29.81698], [-95.48474, 29.81714], [-95.48413, 29.81746], [-95.48367, 29.81785], [-95.48343, 29.81813], [-95.48308, 29.81843], [-95.48252, 29.81876], [-95.48178, 29.81903], [-95.48132, 29.81911], [-95.47381, 29.81928], [-95.47276, 29.81928], [-95.47091, 29.81932], [-95.46942, 29.81933], [-95.46854, 29.81936], [-95.4683, 29.81936], [-95.46636, 29.81945], [-95.46597, 29.81945], [-95.46196, 29.81953], [-95.45988, 29.81958], [-95.45864, 29.81958], [-95.45818, 29.81955], [-95.45739, 29.81944], [-95.45634, 29.81918], [-95.4558, 29.81898], [-95.4542, 29.81822], [-95.45363, 29.81799], [-95.45213, 29.81754], [-95.451, 29.81732], [-95.45011, 29.81721], [-95.44906, 29.81716], [-95.4459, 29.81716], [-95.44479, 29.81717], [-95.44002, 29.81717], [-95.43876, 29.81718], [-95.43511, 29.81718], [-95.43404, 29.8172], [-95.43153, 29.81722], [-95.42958, 29.81722], [-95.42846, 29.81723], [-95.4255, 29.81724], [-95.42528, 29.81725], [-95.42336, 29.81725], [-95.422, 29.81728], [-95.42041, 29.81728], [-95.4175, 29.81732], [-95.4159, 29.81733], [-95.41528, 29.81731], [-95.41267, 29.81732], [-95.41182, 29.81736], [-95.41174, 29.81739], [-95.41042, 29.81743], [-95.41045, 29.81911], [-95.4105, 29.8208], [-95.41051, 29.82213], [-95.41058, 29.82495], [-95.41061, 29.82674], [-95.41059, 29.82733], [-95.41042, 29.82728], [-95.40979, 29.82728], [-95.40921, 29.82731], [-95.40836, 29.8275], [-95.40747, 29.82784], [-95.40657, 29.82801], [-95.40568, 29.82801], [-95.40057, 29.82808], [-95.39972, 29.82811], [-95.39908, 29.82816], [-95.39766, 29.82834], [-95.39651, 29.82842], [-95.39521, 29.82845], [-95.3924, 29.82849], [-95.38978, 29.82851], [-95.38909, 29.82853], [-95.38667, 29.82857], [-95.38431, 29.82857], [-95.38221, 29.82858], [-95.38117, 29.82857], [-95.38106, 29.82857], [-95.38091, 29.82857], [-95.38065, 29.82858], [-95.3807, 29.82873], [-95.38115, 29.82963], [-95.38145, 29.83012], [-95.38212, 29.83099], [-95.38336, 29.83253], [-95.38396, 29.83323], [-95.3843, 29.83371], [-95.38431, 29.83461], [-95.3832, 29.83463], [-95.3808, 29.83463], [-95.37971, 29.83464], [-95.37897, 29.83467], [-95.37722, 29.83471], [-95.37626, 29.83471], [-95.37588, 29.83476], [-95.37593, 29.83401], [-95.37607, 29.83317], [-95.37615, 29.83201], [-95.37638, 29.83199], [-95.37655, 29.83222], [-95.37678, 29.83239], [-95.37705, 29.83259], [-95.37691, 29.83272], [-95.37668, 29.83256], [-95.37643, 29.8324], [-95.37655, 29.83222], [-95.37638, 29.83199], [-95.37615, 29.83201], [-95.37615, 29.83109], [-95.37629, 29.82839], [-95.3763, 29.82827], [-95.37604, 29.82827], [-95.37411, 29.8283], [-95.3716, 29.82836], [-95.36771, 29.8284], [-95.36714, 29.82845], [-95.36594, 29.82875], [-95.3651, 29.82883], [-95.36219, 29.82888], [-95.3612, 29.82888], [-95.35901, 29.82892], [-95.35687, 29.82894], [-95.35607, 29.82896], [-95.35551, 29.82893], [-95.35463, 29.8288], [-95.3543, 29.82871], [-95.3534, 29.82861], [-95.35129, 29.82863], [-95.35007, 29.82863], [-95.34747, 29.82861], [-95.34541, 29.82864], [-95.34268, 29.82866], [-95.34187, 29.82867], [-95.34074, 29.8288], [-95.3394, 29.82906], [-95.33866, 29.82914], [-95.33798, 29.82916], [-95.33637, 29.82915], [-95.33601, 29.82908], [-95.33582, 29.82889], [-95.33577, 29.82868], [-95.33593, 29.82719], [-95.3359, 29.8246], [-95.33585, 29.82335], [-95.33577, 29.82057], [-95.3357, 29.81533], [-95.33573, 29.81473], [-95.33596, 29.81369], [-95.33605, 29.81339], [-95.33607, 29.81326], [-95.33532, 29.81326], [-95.33507, 29.81326], [-95.33452, 29.81327], [-95.33379, 29.81323], [-95.33142, 29.81324], [-95.33124, 29.81325], [-95.32873, 29.81327], [-95.32861, 29.81328], [-95.32861, 29.81354], [-95.32862, 29.81406], [-95.32864, 29.81432], [-95.32822, 29.81428], [-95.3281, 29.81442], [-95.32797, 29.81439], [-95.3276, 29.81395]]}, "properties": {"route_id": "036", "route_short_name": "036", "route_long_name": "Kempwood", "route_type": 3, "route_color": "#004080"}}, {"type": "Feature", "geometry": {"type": "LineString", "coordinates": [[-95.25169, 29.7174], [-95.25388, 29.71872], [-95.25471, 29.71871], [-95.25601, 29.71863], [-95.25803, 29.71857], [-95.26013, 29.71852], [-95.26183, 29.71848], [-95.26219, 29.71846], [-95.2643, 29.71842], [-95.26429, 29.71768], [-95.26545, 29.71766], [-95.2655, 29.71791], [-95.26551, 29.71839], [-95.2643, 29.71842], [-95.26219, 29.71846], [-95.26183, 29.71848], [-95.26013, 29.71852], [-95.26007, 29.71759], [-95.25996, 29.71664], [-95.25991, 29.71532], [-95.26, 29.71451], [-95.26015, 29.71405], [-95.26033, 29.71368], [-95.26082, 29.71301], [-95.2613, 29.71257], [-95.26154, 29.7124], [-95.26258, 29.71183], [-95.26362, 29.71128], [-95.26381, 29.71156], [-95.26395, 29.71197], [-95.26393, 29.71235], [-95.26364, 29.71305], [-95.26609, 29.71399], [-95.26716, 29.71439], [-95.26794, 29.7147], [-95.26877, 29.715], [-95.26976, 29.7154], [-95.27094, 29.71574], [-95.27158, 29.71584], [-95.27238, 29.71588], [-95.27405, 29.71583], [-95.27503, 29.71583], [-95.27696, 29.71581], [-95.2784, 29.71578], [-95.28038, 29.71573], [-95.28086, 29.71575], [-95.2814, 29.71582], [-95.28214, 29.71605], [-95.28271, 29.71632], [-95.28341, 29.7166], [-95.28433, 29.71681], [-95.28508, 29.71685], [-95.28567, 29.71685], [-95.2872, 29.71681], [-95.28927, 29.71677], [-95.29024, 29.71678], [-95.29084, 29.71692], [-95.29151, 29.71717], [-95.29207, 29.71735], [-95.29303, 29.71737], [-95.29492, 29.71734], [-95.29731, 29.71732], [-95.29765, 29.71736], [-95.2982, 29.71749], [-95.29872, 29.71771], [-95.2993, 29.71811], [-95.30133, 29.71974], [-95.30271, 29.72082], [-95.30346, 29.72142], [-95.30351, 29.72152], [-95.30426, 29.72208], [-95.30614, 29.7229], [-95.30629, 29.72292], [-95.30828, 29.72381], [-95.30902, 29.72406], [-95.3097, 29.72424], [-95.30983, 29.72434], [-95.31111, 29.72473], [-95.31042, 29.72624], [-95.3104, 29.72658], [-95.31022, 29.72698], [-95.30949, 29.72882], [-95.30913, 29.72982], [-95.3084, 29.73164], [-95.30816, 29.73196], [-95.30794, 29.73239], [-95.30763, 29.73313], [-95.30735, 29.73356], [-95.30696, 29.73392], [-95.30656, 29.73415], [-95.30581, 29.73446], [-95.30531, 29.73476], [-95.30496, 29.7351], [-95.30342, 29.73463], [-95.30334, 29.73482], [-95.30325, 29.73504]]}, "properties": {"route_id": "038", "route_short_name": "038", "route_long_name": "Manchester - Lawndale", "route_type": 3, "route_color": "#004080"}}, {"type": "Feature", "geometry": {"type": "LineString", "coordinates": [[-95.4553, 29.7833], [-95.45497, 29.7833], [-95.45476, 29.78317], [-95.4548, 29.78302], [-95.45503, 29.78297], [-95.45542, 29.78297], [-95.45566, 29.78297], [-95.45573, 29.78288], [-95.45555, 29.78274], [-95.45512, 29.78268], [-95.45486, 29.78261], [-95.45462, 29.78245], [-95.45436, 29.78249], [-95.45429, 29.78268], [-95.45436, 29.7829], [-95.45446, 29.78294], [-95.45447, 29.7838], [-95.45447, 29.78411], [-95.45463, 29.78411], [-95.45684, 29.78414], [-95.45829, 29.78415], [-95.45889, 29.78414], [-95.45942, 29.78422], [-95.46074, 29.78452], [-95.46138, 29.78462], [-95.46224, 29.7847], [-95.46488, 29.78476], [-95.4653, 29.78479], [-95.46633, 29.7848], [-95.46801, 29.78478], [-95.47036, 29.78474], [-95.47193, 29.78462], [-95.47238, 29.7846], [-95.47541, 29.78435], [-95.47665, 29.78431], [-95.47777, 29.7843], [-95.48042, 29.78434], [-95.4817, 29.78438], [-95.48389, 29.7845], [-95.48493, 29.78453], [-95.48642, 29.7846], [-95.48912, 29.78466], [-95.49093, 29.78468], [-95.49376, 29.78469], [-95.49537, 29.78472], [-95.49763, 29.78481], [-95.49946, 29.78491], [-95.50165, 29.78502], [-95.50268, 29.78505], [-95.50606, 29.78502], [-95.50821, 29.78505], [-95.50954, 29.78508], [-95.51022, 29.78507], [-95.51267, 29.78498], [-95.51397, 29.78494], [-95.51445, 29.78492], [-95.51704, 29.78491], [-95.51941, 29.78494], [-95.5212, 29.78494], [-95.52414, 29.78495], [-95.52571, 29.78498], [-95.52748, 29.78504], [-95.53111, 29.78512], [-95.53615, 29.78512], [-95.53695, 29.78511], [-95.54002, 29.78511], [-95.54395, 29.78509], [-95.54411, 29.78509], [-95.54494, 29.78508], [-95.54621, 29.7851], [-95.54734, 29.7851], [-95.54897, 29.78508], [-95.55104, 29.78503], [-95.55296, 29.78502], [-95.55428, 29.78504], [-95.55605, 29.78505], [-95.55911, 29.78511], [-95.56144, 29.78513], [-95.56299, 29.78513], [-95.56476, 29.78515], [-95.56629, 29.78514], [-95.56846, 29.78515], [-95.57132, 29.78521], [-95.57276, 29.78523], [-95.57509, 29.78523], [-95.57653, 29.78524], [-95.57653, 29.78597], [-95.57657, 29.78893], [-95.57657, 29.79032], [-95.57661, 29.79089], [-95.57658, 29.79106], [-95.5766, 29.79223], [-95.5766, 29.79391], [-95.57664, 29.79677], [-95.57665, 29.79907], [-95.57815, 29.79905], [-95.57945, 29.79905], [-95.57963, 29.79883], [-95.5796, 29.79717], [-95.5796, 29.79569], [-95.57958, 29.79433], [-95.57958, 29.79137], [-95.57955, 29.79101], [-95.57954, 29.78881], [-95.57951, 29.78761], [-95.57952, 29.7852], [-95.58036, 29.78521], [-95.58239, 29.78521], [-95.58548, 29.7853], [-95.58711, 29.78528], [-95.58981, 29.78529], [-95.59, 29.7851], [-95.59002, 29.78479], [-95.59002, 29.78467], [-95.59001, 29.78436], [-95.58991, 29.78421], [-95.58874, 29.78419], [-95.5865, 29.78417], [-95.58444, 29.78414], [-95.58158, 29.78412], [-95.58159, 29.78286], [-95.58271, 29.78287]]}, "properties": {"route_id": "039", "route_short_name": "039", "route_long_name": "Katy Freeway", "route_type": 3, "route_color": "#004080"}}, {"type": "Feature", "geometry": {"type": "LineString", "coordinates": [[-95.25481, 29.66387], [-95.25513, 29.66387], [-95.25516, 29.66387], [-95.25519, 29.66386], [-95.25516, 29.66364], [-95.25489, 29.6635], [-95.25449, 29.6635], [-95.25419, 29.66327], [-95.25378, 29.66267], [-95.25375, 29.66176], [-95.25381, 29.66147], [-95.25395, 29.6612], [-95.25662, 29.66117], [-95.25792, 29.66312], [-95.25804, 29.66332], [-95.25807, 29.66336], [-95.25829, 29.66367], [-95.25922, 29.66514], [-95.26103, 29.66782], [-95.26154, 29.66854], [-95.26183, 29.66901], [-95.26206, 29.6694], [-95.26239, 29.66923], [-95.26254, 29.66916], [-95.26275, 29.66906], [-95.26307, 29.6687], [-95.26327, 29.66831], [-95.26333, 29.66793], [-95.26329, 29.66461], [-95.26327, 29.66241], [-95.26325, 29.66088], [-95.26325, 29.65961], [-95.26323, 29.6583], [-95.26332, 29.65766], [-95.26353, 29.65692], [-95.26404, 29.65573], [-95.26475, 29.65634], [-95.26558, 29.657], [-95.26634, 29.65742], [-95.26677, 29.65763], [-95.26762, 29.65794], [-95.26819, 29.65807], [-95.2689, 29.65814], [-95.27028, 29.65813], [-95.27231, 29.65809], [-95.27278, 29.65807], [-95.27364, 29.65797], [-95.27501, 29.65795], [-95.27551, 29.65791], [-95.27574, 29.65783], [-95.2759, 29.65773], [-95.27637, 29.65766], [-95.2766, 29.65766], [-95.27682, 29.65766], [-95.27736, 29.65765], [-95.27823, 29.65763], [-95.27911, 29.65762], [-95.27927, 29.65756], [-95.27952, 29.65734], [-95.27959, 29.65704], [-95.27959, 29.65665], [-95.27948, 29.656], [-95.27931, 29.65582], [-95.27908, 29.65572], [-95.27811, 29.65572], [-95.27791, 29.65565], [-95.27757, 29.65536], [-95.27742, 29.65533], [-95.27672, 29.65532], [-95.2759, 29.65534], [-95.27574, 29.65535], [-95.27539, 29.65561], [-95.27507, 29.65593], [-95.27504, 29.65633], [-95.27518, 29.65663], [-95.27539, 29.65683], [-95.27617, 29.65731], [-95.27656, 29.65756], [-95.2766, 29.65766], [-95.27663, 29.65799], [-95.27679, 29.65799], [-95.28328, 29.65784], [-95.284, 29.6578], [-95.28489, 29.65765], [-95.28565, 29.65743], [-95.28612, 29.65724], [-95.28724, 29.65668], [-95.28877, 29.65594], [-95.28884, 29.65907], [-95.28891, 29.66339], [-95.28898, 29.66565], [-95.28903, 29.66883], [-95.28906, 29.66961], [-95.28906, 29.6703], [-95.2891, 29.67154], [-95.28912, 29.67308], [-95.2891, 29.6744], [-95.28921, 29.6749], [-95.28936, 29.67533], [-95.28978, 29.67584], [-95.29039, 29.67668], [-95.29064, 29.67699], [-95.29131, 29.6779], [-95.29309, 29.68037], [-95.29341, 29.68079], [-95.29475, 29.6829], [-95.29523, 29.68363], [-95.29621, 29.68516], [-95.2965, 29.68554], [-95.29672, 29.68576], [-95.29781, 29.68745], [-95.29848, 29.68856], [-95.29872, 29.68929], [-95.29875, 29.6896], [-95.2988, 29.69174], [-95.29886, 29.69227], [-95.29895, 29.69256], [-95.29938, 29.69358], [-95.29877, 29.69386], [-95.29847, 29.69436], [-95.29813, 29.69513], [-95.29761, 29.69661], [-95.29748, 29.69702], [-95.29694, 29.69843], [-95.29682, 29.69881], [-95.29676, 29.69918], [-95.29676, 29.69966], [-95.29683, 29.69981], [-95.29672, 29.69995], [-95.2964, 29.70084], [-95.29657, 29.70095], [-95.29857, 29.70155], [-95.29915, 29.70171], [-95.30086, 29.70224], [-95.30339, 29.70298], [-95.3042, 29.7032], [-95.30489, 29.70343], [-95.30619, 29.7044], [-95.30668, 29.70478], [-95.30787, 29.70564], [-95.3087, 29.7062], [-95.30976, 29.70669], [-95.3099, 29.7068], [-95.31052, 29.70707], [-95.31134, 29.70739], [-95.31252, 29.7079], [-95.31284, 29.70812], [-95.31324, 29.70855], [-95.31367, 29.70934], [-95.31444, 29.71022], [-95.31474, 29.71059], [-95.3151, 29.71118], [-95.31532, 29.71164], [-95.3157, 29.71231], [-95.3163, 29.71284], [-95.31702, 29.71354], [-95.31901, 29.71533], [-95.31913, 29.71546], [-95.32003, 29.71712], [-95.32002, 29.71718], [-95.32061, 29.71819], [-95.32072, 29.71837], [-95.32095, 29.71896], [-95.32122, 29.71934], [-95.32199, 29.72085], [-95.32343, 29.72359], [-95.32377, 29.72427], [-95.3243, 29.72527], [-95.32587, 29.72831], [-95.32604, 29.72861], [-95.32747, 29.73134], [-95.32847, 29.73323], [-95.32868, 29.73343], [-95.32921, 29.73379], [-95.33092, 29.73491], [-95.33117, 29.73505], [-95.33182, 29.73522], [-95.33275, 29.73535], [-95.33394, 29.73571], [-95.33428, 29.73489], [-95.33486, 29.73339], [-95.33595, 29.7307], [-95.336, 29.73023], [-95.33594, 29.72959], [-95.33596, 29.72915], [-95.3351, 29.72889], [-95.33467, 29.72874], [-95.33465, 29.72855], [-95.33504, 29.72777], [-95.33527, 29.72767], [-95.33565, 29.72804], [-95.33519, 29.72864], [-95.33511, 29.7287], [-95.33505, 29.7287], [-95.33465, 29.72855], [-95.33467, 29.72874], [-95.3351, 29.72889], [-95.33468, 29.72915], [-95.3343, 29.72944], [-95.33406, 29.72971], [-95.33377, 29.73016], [-95.3326, 29.73306], [-95.33228, 29.73387], [-95.33185, 29.73488], [-95.33182, 29.73522], [-95.33182, 29.73539], [-95.33198, 29.73631], [-95.33197, 29.7368], [-95.33192, 29.73706], [-95.33164, 29.7377], [-95.33175, 29.73783], [-95.33333, 29.7383], [-95.33392, 29.73843], [-95.33561, 29.73892], [-95.33643, 29.73919], [-95.33786, 29.73963], [-95.33943, 29.7401], [-95.34246, 29.74103], [-95.34317, 29.74123], [-95.34419, 29.74155], [-95.34482, 29.74172], [-95.34504, 29.74178], [-95.34524, 29.74184], [-95.3458, 29.74211], [-95.34701, 29.74283], [-95.34789, 29.74337], [-95.34957, 29.74437], [-95.35042, 29.74489], [-95.35424, 29.74718], [-95.35469, 29.74747], [-95.35621, 29.74555], [-95.35705, 29.74452], [-95.35877, 29.74553], [-95.35962, 29.74605], [-95.36049, 29.74656], [-95.36123, 29.74702], [-95.36218, 29.74756], [-95.36304, 29.74809], [-95.36389, 29.74859], [-95.36475, 29.74913], [-95.36561, 29.74964], [-95.36442, 29.75115], [-95.36384, 29.75187], [-95.36332, 29.75255], [-95.36206, 29.75412], [-95.36379, 29.75515], [-95.36466, 29.75569], [-95.36546, 29.75619], [-95.36556, 29.75624], [-95.36641, 29.75677], [-95.36722, 29.75725], [-95.36812, 29.75779], [-95.36896, 29.75829], [-95.37066, 29.75932], [-95.37125, 29.75857], [-95.37181, 29.75793], [-95.37203, 29.75784], [-95.37269, 29.75783], [-95.37438, 29.75776], [-95.37499, 29.75776], [-95.37576, 29.75774], [-95.37815, 29.75773], [-95.37871, 29.75787], [-95.37934, 29.75791], [-95.38128, 29.75788], [-95.38171, 29.75783], [-95.38223, 29.7577], [-95.38338, 29.75764], [-95.38409, 29.75764], [-95.38659, 29.75757], [-95.38975, 29.75752], [-95.39225, 29.75746], [-95.39307, 29.75745], [-95.3944, 29.75741], [-95.39713, 29.75736], [-95.39811, 29.75732], [-95.39816, 29.75954], [-95.39816, 29.76114], [-95.39821, 29.76147], [-95.39871, 29.76245], [-95.39897, 29.76322], [-95.399, 29.76368], [-95.39895, 29.7639], [-95.39874, 29.76442], [-95.39835, 29.76511], [-95.39755, 29.76619], [-95.39739, 29.76653], [-95.39719, 29.76677], [-95.39704, 29.76734], [-95.39703, 29.76772], [-95.39706, 29.76871], [-95.39716, 29.76954], [-95.39719, 29.77141], [-95.39719, 29.77242], [-95.39721, 29.77422], [-95.39726, 29.77519], [-95.39726, 29.77614], [-95.39726, 29.77644], [-95.39726, 29.77668], [-95.39731, 29.77778], [-95.39739, 29.78146], [-95.39742, 29.78331], [-95.39742, 29.784], [-95.39746, 29.78598], [-95.39751, 29.78767], [-95.39756, 29.79068], [-95.39761, 29.79252], [-95.39762, 29.79436], [-95.39769, 29.79805], [-95.39778, 29.80092], [-95.39778, 29.80192], [-95.39781, 29.80294], [-95.39781, 29.80364], [-95.39781, 29.80384], [-95.39781, 29.80394], [-95.39781, 29.80397], [-95.39923, 29.80395], [-95.39925, 29.80572], [-95.39929, 29.80765], [-95.39935, 29.80948], [-95.39938, 29.81107], [-95.3994, 29.8133], [-95.39946, 29.81577], [-95.39951, 29.81881], [-95.39946, 29.81964], [-95.3995, 29.82131], [-95.39955, 29.82467], [-95.39958, 29.82544], [-95.39959, 29.82694], [-95.39962, 29.82742], [-95.39972, 29.82811], [-95.39974, 29.82823], [-95.40012, 29.82911], [-95.40056, 29.82978], [-95.40141, 29.83095], [-95.4023, 29.8322], [-95.40248, 29.8325], [-95.4027, 29.83317], [-95.40275, 29.8336], [-95.40277, 29.83532], [-95.40282, 29.8377], [-95.40283, 29.84048], [-95.40286, 29.84112], [-95.40286, 29.84222], [-95.4029, 29.84348], [-95.4029, 29.84422], [-95.40293, 29.84576], [-95.4029, 29.84736], [-95.40291, 29.84925], [-95.40295, 29.85087], [-95.40298, 29.85367], [-95.40303, 29.85374], [-95.40302, 29.85487], [-95.40304, 29.8557], [-95.40305, 29.8575], [-95.40307, 29.85821], [-95.40326, 29.85883], [-95.40345, 29.85902], [-95.40294, 29.85918], [-95.40257, 29.85936], [-95.40247, 29.85941], [-95.40236, 29.85946], [-95.40216, 29.85954], [-95.40235, 29.85994], [-95.40405, 29.86327], [-95.40452, 29.86424], [-95.40696, 29.86898], [-95.40746, 29.86998], [-95.40772, 29.86999], [-95.40784, 29.86999], [-95.40796, 29.86998], [-95.40967, 29.86997], [-95.41031, 29.86994], [-95.41143, 29.87017], [-95.41207, 29.87039], [-95.41247, 29.87056], [-95.41238, 29.87194], [-95.41214, 29.87408], [-95.41223, 29.87443], [-95.41222, 29.87466], [-95.4124, 29.87474], [-95.41404, 29.87471], [-95.41422, 29.87471], [-95.41425, 29.87723], [-95.41417, 29.87732], [-95.41407, 29.87723], [-95.41405, 29.87569]]}, "properties": {"route_id": "040", "route_short_name": "040", "route_long_name": "Telephone / Heights", "route_type": 3, "route_color": "#004080"}}, {"type": "Feature", "geometry": {"type": "LineString", "coordinates": [[-95.33478, 29.72829], [-95.33504, 29.72777], [-95.33527, 29.72767], [-95.33565, 29.72804], [-95.33519, 29.72864], [-95.33511, 29.7287], [-95.33505, 29.7287], [-95.33465, 29.72855], [-95.33467, 29.72874], [-95.3351, 29.72889], [-95.33468, 29.72915], [-95.3343, 29.72944], [-95.33406, 29.72971], [-95.33377, 29.73016], [-95.3326, 29.73306], [-95.33228, 29.73387], [-95.33185, 29.73488], [-95.33182, 29.73522], [-95.33182, 29.73539], [-95.33198, 29.73631], [-95.33197, 29.7368], [-95.33192, 29.73706], [-95.33164, 29.7377], [-95.33175, 29.73783], [-95.33333, 29.7383], [-95.33392, 29.73843], [-95.33561, 29.73892], [-95.33643, 29.73919], [-95.33786, 29.73963], [-95.33943, 29.7401], [-95.34246, 29.74103], [-95.34317, 29.74123], [-95.34419, 29.74155], [-95.34482, 29.74172], [-95.34504, 29.74178], [-95.34524, 29.74184], [-95.3458, 29.74211], [-95.34701, 29.74283], [-95.34789, 29.74337], [-95.34957, 29.74437], [-95.35042, 29.74489], [-95.35424, 29.74718], [-95.35469, 29.74747], [-95.35621, 29.74555], [-95.35705, 29.74452], [-95.35877, 29.74553], [-95.35962, 29.74605], [-95.36049, 29.74656], [-95.36123, 29.74702], [-95.36218, 29.74756], [-95.36304, 29.74809], [-95.36389, 29.74859], [-95.36475, 29.74913], [-95.36561, 29.74964], [-95.36442, 29.75115], [-95.36384, 29.75187], [-95.36332, 29.75255], [-95.36206, 29.75412], [-95.36379, 29.75515], [-95.36466, 29.75569], [-95.36546, 29.75619], [-95.36556, 29.75624], [-95.36641, 29.75677], [-95.36722, 29.75725], [-95.36812, 29.75779], [-95.36896, 29.75829], [-95.37066, 29.75932], [-95.37125, 29.75857], [-95.37181, 29.75793], [-95.37203, 29.75784], [-95.37269, 29.75783], [-95.37438, 29.75776], [-95.37499, 29.75776], [-95.37576, 29.75774], [-95.37815, 29.75773], [-95.37871, 29.75787], [-95.37934, 29.75791], [-95.38128, 29.75788], [-95.38171, 29.75783], [-95.38223, 29.7577], [-95.38338, 29.75764], [-95.38409, 29.75764], [-95.38659, 29.75757], [-95.38975, 29.75752], [-95.39225, 29.75746], [-95.39307, 29.75745], [-95.3944, 29.75741], [-95.39713, 29.75736], [-95.39811, 29.75732], [-95.39902, 29.75731], [-95.40141, 29.75711], [-95.40178, 29.7571], [-95.40235, 29.75722], [-95.40373, 29.7572], [-95.40841, 29.75711], [-95.40843, 29.75747], [-95.40844, 29.75943], [-95.40848, 29.76006], [-95.4086, 29.76072], [-95.40888, 29.76163], [-95.4089, 29.76168], [-95.40892, 29.7618], [-95.40911, 29.76242], [-95.40927, 29.76343], [-95.40929, 29.76368], [-95.40931, 29.76455], [-95.40938, 29.76523], [-95.40938, 29.76607], [-95.41006, 29.76605], [-95.40973, 29.76561], [-95.40959, 29.76534], [-95.40944, 29.76468], [-95.40938, 29.76319], [-95.40921, 29.76224], [-95.40909, 29.7618], [-95.40894, 29.76107], [-95.40871, 29.75966], [-95.4099, 29.75924], [-95.41096, 29.75902], [-95.41239, 29.75886], [-95.41337, 29.75878], [-95.41381, 29.75866], [-95.41421, 29.75848], [-95.41457, 29.75822], [-95.41535, 29.75742], [-95.41576, 29.75697], [-95.41622, 29.75639], [-95.41679, 29.75555], [-95.41735, 29.75464], [-95.41799, 29.75326], [-95.41838, 29.75217], [-95.41857, 29.75145], [-95.41872, 29.75072], [-95.41883, 29.75002], [-95.41889, 29.74907], [-95.41889, 29.74863], [-95.41883, 29.74838], [-95.41883, 29.74759], [-95.41878, 29.7457], [-95.41878, 29.74472], [-95.41876, 29.74232], [-95.41871, 29.73866], [-95.41873, 29.73785], [-95.41871, 29.73653], [-95.41866, 29.73495], [-95.41866, 29.73417], [-95.41867, 29.7335], [-95.41865, 29.731], [-95.41866, 29.73061], [-95.41865, 29.73046], [-95.41862, 29.72861], [-95.41869, 29.72772], [-95.41863, 29.72543], [-95.4186, 29.72387], [-95.41852, 29.7231], [-95.41852, 29.72227], [-95.41849, 29.72122], [-95.41848, 29.71933], [-95.41844, 29.71827], [-95.41842, 29.71583], [-95.4184, 29.71504], [-95.41838, 29.7134], [-95.41833, 29.71111], [-95.4183, 29.70876], [-95.41828, 29.70795], [-95.41829, 29.70624], [-95.41834, 29.70584], [-95.41831, 29.70386], [-95.41829, 29.70185], [-95.41829, 29.7007], [-95.41833, 29.69973], [-95.41829, 29.69819], [-95.41823, 29.69786], [-95.4182, 29.69774], [-95.41807, 29.69735], [-95.41787, 29.69696], [-95.4176, 29.69659], [-95.41722, 29.69621], [-95.41695, 29.696], [-95.41616, 29.69549], [-95.41568, 29.69522], [-95.41488, 29.69473], [-95.4145, 29.69444], [-95.41436, 29.69433], [-95.41434, 29.69449], [-95.41366, 29.69536], [-95.41235, 29.69698], [-95.41179, 29.69774], [-95.41132, 29.69835], [-95.40966, 29.70043], [-95.40898, 29.70124], [-95.40726, 29.70348], [-95.40716, 29.70364], [-95.40666, 29.70423], [-95.40578, 29.70376], [-95.40529, 29.70356], [-95.40465, 29.70344], [-95.40451, 29.70384], [-95.4043, 29.70386], [-95.40401, 29.70375], [-95.40381, 29.7038], [-95.40406, 29.70475], [-95.40404, 29.70483], [-95.40379, 29.70483], [-95.4037, 29.70448], [-95.40363, 29.70419], [-95.40359, 29.70404]]}, "properties": {"route_id": "041", "route_short_name": "041", "route_long_name": "Kirby / Polk", "route_type": 3, "route_color": "#004080"}}, {"type": "Feature", "geometry": {"type": "LineString", "coordinates": [[-95.36837, 29.74908], [-95.36854, 29.74918], [-95.36939, 29.74969], [-95.3699, 29.74999], [-95.3702, 29.75018], [-95.37031, 29.75025], [-95.37114, 29.75074], [-95.372, 29.75127], [-95.37234, 29.75147], [-95.37288, 29.7518], [-95.37269, 29.75204], [-95.37228, 29.75257], [-95.3705, 29.75484], [-95.3693, 29.75629], [-95.36812, 29.75779], [-95.36695, 29.75927], [-95.36654, 29.75977], [-95.36635, 29.76001], [-95.36574, 29.76077], [-95.3666, 29.76128], [-95.3673, 29.76165], [-95.36837, 29.76217], [-95.36885, 29.76229], [-95.36926, 29.76253], [-95.37005, 29.76329], [-95.37033, 29.76355], [-95.3707, 29.76388], [-95.37102, 29.76399], [-95.3721, 29.76402], [-95.37218, 29.76505], [-95.37233, 29.76536], [-95.37233, 29.76728], [-95.37232, 29.76798], [-95.37236, 29.76969], [-95.37241, 29.77548], [-95.37245, 29.77779], [-95.37244, 29.77817], [-95.37243, 29.77885], [-95.37246, 29.77988], [-95.3725, 29.78033], [-95.37243, 29.78068], [-95.37219, 29.78137], [-95.37194, 29.78224], [-95.3719, 29.78268], [-95.37208, 29.78352], [-95.37211, 29.78601], [-95.37215, 29.78686], [-95.37211, 29.78729], [-95.37189, 29.78773], [-95.37185, 29.78791], [-95.3719, 29.78823], [-95.37203, 29.78857], [-95.37213, 29.78915], [-95.37213, 29.79015], [-95.37365, 29.79128], [-95.37505, 29.79235], [-95.37614, 29.7932], [-95.37738, 29.79407], [-95.37901, 29.79523], [-95.3808, 29.79658], [-95.3815, 29.79708], [-95.38249, 29.79786], [-95.38356, 29.79866], [-95.3844, 29.79933], [-95.38461, 29.79957], [-95.38572, 29.80102], [-95.38642, 29.80187], [-95.38671, 29.80226], [-95.38797, 29.80386], [-95.38807, 29.80405], [-95.38876, 29.80599], [-95.38955, 29.80815], [-95.38984, 29.80897], [-95.39016, 29.8098], [-95.39045, 29.81063], [-95.39136, 29.8131], [-95.39161, 29.81386], [-95.39255, 29.81638], [-95.39344, 29.81889], [-95.39405, 29.82054], [-95.39487, 29.82284], [-95.39514, 29.82348], [-95.39642, 29.82578], [-95.39703, 29.82701], [-95.39716, 29.82724], [-95.39766, 29.82834], [-95.3977, 29.82846], [-95.39918, 29.82827], [-95.39974, 29.82823], [-95.4004, 29.8282], [-95.40408, 29.82814], [-95.40619, 29.82814], [-95.40707, 29.82807], [-95.40757, 29.82794], [-95.40848, 29.82759], [-95.40921, 29.82743], [-95.4096, 29.8274], [-95.41043, 29.82739], [-95.41059, 29.82733], [-95.41051, 29.82747], [-95.41053, 29.82869], [-95.41056, 29.8294], [-95.41056, 29.83017], [-95.41063, 29.83209], [-95.41066, 29.83247], [-95.41073, 29.83254], [-95.41073, 29.83364], [-95.41079, 29.83565], [-95.41078, 29.83602], [-95.41083, 29.83756], [-95.41084, 29.83838], [-95.41088, 29.8393], [-95.41087, 29.84009], [-95.41092, 29.84117], [-95.41095, 29.843], [-95.41095, 29.84379], [-95.41102, 29.84606], [-95.41102, 29.84646], [-95.41108, 29.8471], [-95.41109, 29.84755], [-95.41145, 29.84914], [-95.4117, 29.84944], [-95.4126, 29.85025], [-95.41349, 29.851], [-95.41548, 29.85276], [-95.41596, 29.85315], [-95.41679, 29.85388], [-95.41732, 29.85432], [-95.41962, 29.85629], [-95.42182, 29.85821], [-95.42594, 29.8617], [-95.42745, 29.86302], [-95.42815, 29.8636], [-95.42889, 29.86423], [-95.42936, 29.86468], [-95.42974, 29.86497], [-95.43068, 29.86577], [-95.43076, 29.8657], [-95.43111, 29.8654], [-95.4311, 29.86525], [-95.43084, 29.86513], [-95.43082, 29.86466], [-95.4311, 29.86457], [-95.43112, 29.86512], [-95.4311, 29.86525], [-95.43111, 29.8654], [-95.43076, 29.8657], [-95.43068, 29.86577], [-95.43172, 29.86668], [-95.43333, 29.86789], [-95.434, 29.86842], [-95.43658, 29.8708], [-95.43722, 29.87138], [-95.44043, 29.87439], [-95.44193, 29.87584], [-95.44369, 29.87763], [-95.44388, 29.87785], [-95.44486, 29.87882], [-95.44638, 29.88038], [-95.44748, 29.88148], [-95.44949, 29.88354], [-95.45067, 29.88473], [-95.45161, 29.88572], [-95.453, 29.88711], [-95.45351, 29.88765], [-95.45425, 29.88849], [-95.45475, 29.88898], [-95.45589, 29.89014], [-95.45646, 29.89063], [-95.45713, 29.89108], [-95.45768, 29.89152], [-95.45835, 29.89217], [-95.45938, 29.89327], [-95.45972, 29.89358], [-95.46019, 29.89407], [-95.46185, 29.89594], [-95.46287, 29.89698], [-95.46334, 29.8974], [-95.46353, 29.89747], [-95.46443, 29.89837], [-95.46532, 29.89937], [-95.46723, 29.90143], [-95.46935, 29.90364], [-95.47007, 29.90443], [-95.46995, 29.90479], [-95.47035, 29.90507], [-95.47181, 29.906], [-95.47258, 29.90651], [-95.47357, 29.90713], [-95.47463, 29.90783], [-95.47746, 29.90961], [-95.48002, 29.91121], [-95.48131, 29.91202], [-95.48279, 29.91293], [-95.48386, 29.91362], [-95.48667, 29.91537], [-95.48873, 29.91667], [-95.49031, 29.91765], [-95.49302, 29.91936], [-95.49408, 29.92004], [-95.49497, 29.92065], [-95.49643, 29.92176], [-95.49782, 29.9228], [-95.49781, 29.92369], [-95.49783, 29.92432], [-95.49788, 29.92812], [-95.49898, 29.92813], [-95.49987, 29.92825], [-95.49977, 29.92796], [-95.49916, 29.92789], [-95.49903, 29.92795], [-95.49898, 29.92813], [-95.49987, 29.92825], [-95.50118, 29.92854], [-95.50173, 29.92859], [-95.50232, 29.92856], [-95.5027, 29.92849], [-95.50366, 29.92812], [-95.50418, 29.92763], [-95.50442, 29.92792], [-95.50521, 29.92852], [-95.50636, 29.92942], [-95.5072, 29.93006], [-95.50884, 29.93146], [-95.50932, 29.93183], [-95.50986, 29.9324], [-95.51137, 29.93386], [-95.51214, 29.93452], [-95.51346, 29.93548], [-95.51481, 29.93651], [-95.51566, 29.93724], [-95.51598, 29.93743], [-95.51663, 29.9379], [-95.51954, 29.9401], [-95.52112, 29.94114], [-95.52194, 29.94171], [-95.52414, 29.94338], [-95.52662, 29.94531], [-95.52787, 29.94647], [-95.52864, 29.94713], [-95.52956, 29.94786], [-95.53036, 29.94847], [-95.53186, 29.94958], [-95.53267, 29.9502], [-95.53358, 29.95086], [-95.53474, 29.95175], [-95.53546, 29.95226], [-95.53648, 29.95294], [-95.53816, 29.95403], [-95.53994, 29.95525], [-95.54191, 29.95672], [-95.54268, 29.95733], [-95.5433, 29.95786], [-95.54556, 29.95984], [-95.54679, 29.96095], [-95.54743, 29.96147], [-95.54921, 29.96289], [-95.54993, 29.96342], [-95.55118, 29.9643], [-95.55305, 29.96554], [-95.5559, 29.96729], [-95.55804, 29.96866], [-95.55907, 29.96939], [-95.56002, 29.97017], [-95.56084, 29.97097], [-95.56139, 29.97157], [-95.56209, 29.97242], [-95.56245, 29.97291], [-95.5629, 29.97364], [-95.56316, 29.97414], [-95.56423, 29.97607], [-95.56549, 29.97839], [-95.56572, 29.97885], [-95.56699, 29.98113], [-95.5678, 29.98244], [-95.56811, 29.98288], [-95.56851, 29.98337], [-95.56902, 29.9841], [-95.57017, 29.98591], [-95.5715, 29.98806], [-95.57169, 29.98839], [-95.57217, 29.98911], [-95.57293, 29.99018], [-95.57366, 29.99115], [-95.57468, 29.99242], [-95.57607, 29.99399], [-95.57719, 29.99519], [-95.57755, 29.99562], [-95.57807, 29.99618], [-95.57933, 29.99764], [-95.5806, 29.99906], [-95.58119, 29.99977], [-95.58278, 30.00174], [-95.58363, 30.00144], [-95.58424, 30.00096], [-95.58498, 30.00022], [-95.58553, 29.9997], [-95.58458, 29.99855], [-95.58417, 29.99797], [-95.58401, 29.99753], [-95.58409, 29.99743], [-95.58406, 29.99492], [-95.58411, 29.99353], [-95.58407, 29.99301], [-95.58398, 29.99269], [-95.58379, 29.99234], [-95.5833, 29.99185], [-95.58263, 29.99148], [-95.5819, 29.99135], [-95.58128, 29.99138], [-95.58026, 29.99164], [-95.57935, 29.99167], [-95.5782, 29.99189], [-95.57839, 29.9924], [-95.5786, 29.99275], [-95.57903, 29.99329], [-95.57956, 29.9942], [-95.57841, 29.99507], [-95.578, 29.9947], [-95.57749, 29.99429], [-95.57713, 29.99395], [-95.57631, 29.99311], [-95.57629, 29.99274], [-95.57669, 29.99248], [-95.57727, 29.99227], [-95.5777, 29.99218], [-95.57778, 29.99257], [-95.5776, 29.99259], [-95.57749, 29.99275], [-95.57764, 29.99291], [-95.57774, 29.99324], [-95.57719, 29.99338]]}, "properties": {"route_id": "044", "route_short_name": "044", "route_long_name": "Acres Homes", "route_type": 3, "route_color": "#004080"}}, {"type": "Feature", "geometry": {"type": "LineString", "coordinates": [[-95.55337, 29.86999], [-95.55278, 29.86958], [-95.55266, 29.86928], [-95.55249, 29.86924], [-95.5524, 29.86932], [-95.55243, 29.86955], [-95.55278, 29.86979], [-95.55343, 29.87028], [-95.5538, 29.87037], [-95.55419, 29.87014], [-95.55498, 29.86926], [-95.55293, 29.86783], [-95.55251, 29.86756], [-95.55206, 29.86722], [-95.55139, 29.86676], [-95.5487, 29.86485], [-95.54859, 29.86479], [-95.54427, 29.86177], [-95.54413, 29.86166], [-95.54265, 29.8606], [-95.54119, 29.85954], [-95.5383, 29.85751], [-95.53553, 29.85553], [-95.53077, 29.85216], [-95.52868, 29.85071], [-95.52827, 29.85089], [-95.52769, 29.85102], [-95.52714, 29.85105], [-95.52606, 29.85083], [-95.52558, 29.85078], [-95.52245, 29.85081], [-95.52125, 29.85083], [-95.5197, 29.85082], [-95.51691, 29.85082], [-95.51539, 29.85084], [-95.5128, 29.85085], [-95.51156, 29.85088], [-95.51104, 29.85092], [-95.51063, 29.85099], [-95.50962, 29.85123], [-95.50942, 29.85128], [-95.50808, 29.85157], [-95.5075, 29.85163], [-95.50674, 29.85164], [-95.50597, 29.85161], [-95.50475, 29.85152], [-95.5041, 29.85145], [-95.50344, 29.85134], [-95.50309, 29.85125], [-95.50172, 29.85079], [-95.50087, 29.85061], [-95.50008, 29.85056], [-95.49711, 29.85055], [-95.49542, 29.85053], [-95.49395, 29.85053], [-95.49017, 29.85049], [-95.48864, 29.8505], [-95.48725, 29.85049], [-95.48687, 29.85051], [-95.4851, 29.8505], [-95.48437, 29.85051], [-95.48064, 29.85051], [-95.47958, 29.8504], [-95.47858, 29.85017], [-95.4778, 29.84988], [-95.47666, 29.84937], [-95.4761, 29.84919], [-95.4753, 29.84897], [-95.47437, 29.84883], [-95.4734, 29.8488], [-95.47224, 29.84882], [-95.47112, 29.84882], [-95.47008, 29.84884], [-95.46754, 29.84886], [-95.46655, 29.84885], [-95.46587, 29.84878], [-95.46531, 29.84869], [-95.46486, 29.84857], [-95.46406, 29.84828], [-95.46349, 29.84798], [-95.46265, 29.84745], [-95.46209, 29.84707], [-95.46122, 29.84655], [-95.46073, 29.84634], [-95.45979, 29.84604], [-95.45874, 29.84587], [-95.45821, 29.84584], [-95.4575, 29.84586], [-95.45641, 29.84603], [-95.45542, 29.84628], [-95.4545, 29.8464], [-95.45198, 29.84643], [-95.45112, 29.84643], [-95.45011, 29.84646], [-95.44803, 29.84647], [-95.44733, 29.84651], [-95.44579, 29.84668], [-95.44457, 29.84677], [-95.44281, 29.84681], [-95.44279, 29.8463], [-95.44269, 29.84583], [-95.44254, 29.8456], [-95.44216, 29.84475], [-95.442, 29.84448], [-95.44188, 29.84399], [-95.44183, 29.8424], [-95.44184, 29.84107], [-95.43687, 29.84107], [-95.43592, 29.84108], [-95.43297, 29.84109], [-95.43174, 29.84111], [-95.42983, 29.84112], [-95.42892, 29.84103], [-95.42724, 29.84092], [-95.42543, 29.84093], [-95.42174, 29.84099], [-95.41642, 29.84105], [-95.41518, 29.84108], [-95.41162, 29.84114], [-95.41092, 29.84117], [-95.41095, 29.843], [-95.41095, 29.84379], [-95.41102, 29.84606], [-95.41102, 29.84646], [-95.41108, 29.8471], [-95.40888, 29.84711], [-95.40799, 29.84713], [-95.40616, 29.84713], [-95.4055, 29.8471], [-95.40482, 29.84697], [-95.40453, 29.84687], [-95.40403, 29.84659], [-95.40293, 29.84576], [-95.4026, 29.84558], [-95.40191, 29.84532], [-95.40124, 29.8452], [-95.40056, 29.84518], [-95.39917, 29.8452], [-95.39719, 29.8454], [-95.39495, 29.84541], [-95.39379, 29.84545], [-95.39291, 29.84544], [-95.39276, 29.84545], [-95.39264, 29.84545], [-95.39167, 29.84548], [-95.39055, 29.84548], [-95.38982, 29.84546], [-95.38629, 29.84548], [-95.38444, 29.84547], [-95.38394, 29.84545], [-95.38296, 29.84548], [-95.38157, 29.84549], [-95.37897, 29.84553], [-95.37771, 29.84553], [-95.37719, 29.84431], [-95.37572, 29.84115], [-95.37558, 29.84072], [-95.37553, 29.84024], [-95.37559, 29.83864], [-95.37569, 29.83762], [-95.37577, 29.83731], [-95.37582, 29.83599], [-95.37588, 29.83476], [-95.37593, 29.83401], [-95.37607, 29.83317], [-95.37615, 29.83201], [-95.37638, 29.83199], [-95.37655, 29.83222], [-95.37678, 29.83239], [-95.37705, 29.83259], [-95.37691, 29.83272], [-95.37668, 29.83256], [-95.37643, 29.8324], [-95.37655, 29.83222], [-95.37638, 29.83199], [-95.37615, 29.83201], [-95.37604, 29.83202], [-95.37592, 29.83204], [-95.37586, 29.83314], [-95.37578, 29.83401], [-95.3757, 29.83641], [-95.37562, 29.83738], [-95.37569, 29.83762], [-95.37559, 29.83864], [-95.37553, 29.84024], [-95.37558, 29.84072], [-95.37572, 29.84115], [-95.37719, 29.84431], [-95.37771, 29.84553], [-95.37571, 29.84554], [-95.37382, 29.84557], [-95.37271, 29.84557], [-95.37089, 29.84566], [-95.37057, 29.84571], [-95.36955, 29.84599], [-95.36889, 29.84611], [-95.36834, 29.84614], [-95.36572, 29.84616], [-95.36369, 29.84616], [-95.36299, 29.84619], [-95.36259, 29.84617], [-95.36235, 29.84619], [-95.36137, 29.84619], [-95.36056, 29.84621], [-95.35781, 29.84665], [-95.35732, 29.84672], [-95.35567, 29.84701], [-95.35471, 29.8473], [-95.35357, 29.84771], [-95.35316, 29.84782], [-95.35243, 29.84793], [-95.35186, 29.84797], [-95.35014, 29.848], [-95.34758, 29.84802], [-95.34629, 29.84805], [-95.34299, 29.84809], [-95.34282, 29.84809], [-95.34207, 29.84813], [-95.34088, 29.84815], [-95.33918, 29.8482], [-95.33813, 29.84822], [-95.33751, 29.84826], [-95.33602, 29.84862], [-95.33522, 29.84867], [-95.3338, 29.8487], [-95.33359, 29.84871], [-95.33337, 29.84872], [-95.33181, 29.84869], [-95.33075, 29.8487], [-95.32827, 29.8487], [-95.32773, 29.84869], [-95.32729, 29.84864], [-95.32674, 29.8485], [-95.32592, 29.84821], [-95.32509, 29.84805], [-95.32314, 29.84807], [-95.32162, 29.84807], [-95.31994, 29.8481], [-95.31917, 29.84813], [-95.31621, 29.84816], [-95.31479, 29.8482], [-95.31346, 29.84828], [-95.31093, 29.84832], [-95.30994, 29.84832], [-95.30843, 29.84835], [-95.30499, 29.84838], [-95.30278, 29.84842], [-95.30209, 29.84842], [-95.29987, 29.84844], [-95.2982, 29.84847], [-95.29631, 29.84848], [-95.2949, 29.84851], [-95.29392, 29.8485], [-95.29138, 29.84852], [-95.29036, 29.84841], [-95.28922, 29.84817], [-95.28842, 29.84805], [-95.28774, 29.84803], [-95.28694, 29.84808], [-95.28647, 29.84816], [-95.28569, 29.84834], [-95.28494, 29.84863], [-95.28477, 29.84871], [-95.28363, 29.84915], [-95.28303, 29.84932], [-95.28119, 29.84964], [-95.28084, 29.84969], [-95.27976, 29.84975], [-95.27794, 29.84978], [-95.27728, 29.84978], [-95.27599, 29.84981], [-95.27349, 29.84983], [-95.27176, 29.84987], [-95.26929, 29.8499], [-95.26463, 29.84998], [-95.2642, 29.84999], [-95.26384, 29.84999], [-95.26388, 29.8498], [-95.26421, 29.84971]]}, "properties": {"route_id": "045", "route_short_name": "045", "route_long_name": "Tidwell", "route_type": 3, "route_color": "#004080"}}, {"type": "Feature", "geometry": {"type": "LineString", "coordinates": [[-95.52714, 29.64922], [-95.52623, 29.6493], [-95.52531, 29.64929], [-95.5245, 29.64916], [-95.52387, 29.64891], [-95.52322, 29.6485], [-95.52293, 29.64822], [-95.52254, 29.64771], [-95.52208, 29.64661], [-95.52145, 29.64491], [-95.5213, 29.64424], [-95.52128, 29.6434], [-95.52131, 29.64288], [-95.52128, 29.64194], [-95.5222, 29.64186], [-95.52342, 29.64166], [-95.52412, 29.64162], [-95.52603, 29.64162], [-95.52652, 29.64167], [-95.52731, 29.64183], [-95.52785, 29.64199], [-95.52779, 29.64227], [-95.52771, 29.64309], [-95.52776, 29.64635], [-95.52776, 29.64697], [-95.52782, 29.64919], [-95.52786, 29.65009], [-95.52789, 29.65302], [-95.52792, 29.65432], [-95.52793, 29.6556], [-95.52794, 29.65726], [-95.5279, 29.65788], [-95.52791, 29.65892], [-95.52797, 29.66223], [-95.52802, 29.66448], [-95.52806, 29.66711], [-95.52809, 29.66856], [-95.52809, 29.66966], [-95.52807, 29.67005], [-95.52809, 29.67143], [-95.52813, 29.67326], [-95.52814, 29.67571], [-95.5282, 29.67646], [-95.52832, 29.67703], [-95.5284, 29.67748], [-95.52843, 29.67921], [-95.52843, 29.68014], [-95.52846, 29.68198], [-95.52847, 29.68326], [-95.52851, 29.68555], [-95.52859, 29.68611], [-95.52877, 29.68656], [-95.52916, 29.68707], [-95.52979, 29.68759], [-95.53048, 29.68801], [-95.53061, 29.68807], [-95.53153, 29.68864], [-95.5322, 29.689], [-95.53278, 29.68935], [-95.53378, 29.69001], [-95.53464, 29.69071], [-95.5351, 29.69113], [-95.53575, 29.6919], [-95.53624, 29.69256], [-95.53681, 29.69352], [-95.53707, 29.69407], [-95.53738, 29.69491], [-95.53763, 29.69592], [-95.53774, 29.69667], [-95.5378, 29.6973], [-95.53785, 29.6983], [-95.53787, 29.69953], [-95.5379, 29.70008], [-95.5379, 29.70138], [-95.53793, 29.7051], [-95.53798, 29.70579], [-95.53806, 29.70624], [-95.5382, 29.70672], [-95.53858, 29.70771], [-95.53876, 29.70853], [-95.53879, 29.70892], [-95.53882, 29.71074], [-95.53885, 29.71337], [-95.53889, 29.71493], [-95.53889, 29.71606], [-95.53891, 29.71771], [-95.53898, 29.71986], [-95.539, 29.72164], [-95.53902, 29.72213], [-95.53903, 29.72275], [-95.53899, 29.72418], [-95.53906, 29.72684], [-95.53906, 29.7278], [-95.53906, 29.72872], [-95.5391, 29.73074], [-95.53919, 29.73445], [-95.53919, 29.73501], [-95.53913, 29.73554], [-95.53884, 29.73663], [-95.53879, 29.73726], [-95.53876, 29.73784], [-95.53869, 29.73813], [-95.53838, 29.73901], [-95.53827, 29.73976], [-95.5383, 29.74238], [-95.53835, 29.74534], [-95.53835, 29.74633], [-95.53837, 29.74708], [-95.53838, 29.74866], [-95.53841, 29.74964], [-95.53852, 29.75011], [-95.53871, 29.75058], [-95.53899, 29.75101], [-95.53978, 29.75206], [-95.54017, 29.75255], [-95.54082, 29.7532], [-95.54166, 29.75375], [-95.54242, 29.75429], [-95.54295, 29.75463], [-95.54355, 29.75513], [-95.54385, 29.75547], [-95.54419, 29.75593], [-95.54461, 29.7568], [-95.54471, 29.7572], [-95.54482, 29.75786], [-95.54477, 29.75901], [-95.54478, 29.76159], [-95.54479, 29.76203], [-95.54476, 29.76269], [-95.5447, 29.76301], [-95.54445, 29.76383], [-95.54433, 29.76441], [-95.54428, 29.76492], [-95.5443, 29.76891], [-95.54437, 29.77352], [-95.54437, 29.77557], [-95.5444, 29.77801], [-95.54449, 29.77821], [-95.54451, 29.7791], [-95.54444, 29.77933], [-95.54445, 29.77994], [-95.5444, 29.78048], [-95.54394, 29.78242], [-95.54389, 29.783], [-95.54389, 29.78359], [-95.54393, 29.78391], [-95.54394, 29.78445], [-95.54394, 29.78456], [-95.54394, 29.78472], [-95.54395, 29.78509], [-95.54395, 29.78545], [-95.54402, 29.78661], [-95.54407, 29.78717], [-95.54419, 29.78773], [-95.54445, 29.78848], [-95.54456, 29.78918], [-95.54463, 29.7925], [-95.54465, 29.79428], [-95.54467, 29.79533], [-95.54472, 29.79672], [-95.54472, 29.7973], [-95.54477, 29.79882], [-95.5448, 29.80049], [-95.5448, 29.80152], [-95.54482, 29.80263], [-95.54489, 29.80338], [-95.54502, 29.80398], [-95.54509, 29.8045], [-95.54513, 29.80554], [-95.54513, 29.8064], [-95.54516, 29.80816], [-95.54515, 29.80889], [-95.54517, 29.80948], [-95.54517, 29.81274], [-95.54519, 29.81403], [-95.54519, 29.81539], [-95.54521, 29.81724], [-95.5452, 29.81865], [-95.54524, 29.82134], [-95.54524, 29.82262], [-95.54522, 29.82502], [-95.54519, 29.82515], [-95.54522, 29.8278], [-95.54523, 29.83041], [-95.54526, 29.83114], [-95.54526, 29.83247], [-95.54522, 29.83277], [-95.54498, 29.83357], [-95.54494, 29.83411], [-95.54497, 29.8369], [-95.54497, 29.83828], [-95.54499, 29.84028], [-95.54499, 29.84146], [-95.54502, 29.84536], [-95.54502, 29.84647], [-95.54504, 29.84723], [-95.54505, 29.84983], [-95.54507, 29.85039], [-95.54508, 29.85289], [-95.5451, 29.85474], [-95.54512, 29.85974], [-95.54509, 29.86009], [-95.54493, 29.86055], [-95.54463, 29.86107], [-95.54413, 29.86166], [-95.54427, 29.86177], [-95.54859, 29.86479], [-95.5487, 29.86485], [-95.55139, 29.86676], [-95.55206, 29.86722], [-95.55251, 29.86756], [-95.55252, 29.86766], [-95.55478, 29.86926], [-95.55404, 29.87006], [-95.55386, 29.87016], [-95.55377, 29.87008], [-95.55348, 29.87007], [-95.55313, 29.86982]]}, "properties": {"route_id": "046", "route_short_name": "046", "route_long_name": "Gessner", "route_type": 3, "route_color": "#004080"}}, {"type": "Feature", "geometry": {"type": "LineString", "coordinates": [[-95.45614, 29.78298], [-95.45633, 29.78299], [-95.45643, 29.7832], [-95.45626, 29.7833], [-95.45596, 29.7833], [-95.45546, 29.7833], [-95.4553, 29.7833], [-95.45497, 29.7833], [-95.45476, 29.78317], [-95.4548, 29.78302], [-95.45503, 29.78297], [-95.45542, 29.78297], [-95.45566, 29.78297], [-95.45573, 29.78288], [-95.45555, 29.78274], [-95.45512, 29.78268], [-95.45486, 29.78261], [-95.45462, 29.78245], [-95.45436, 29.78249], [-95.45429, 29.78268], [-95.45436, 29.7829], [-95.45446, 29.78294], [-95.45447, 29.7838], [-95.45447, 29.78411], [-95.45463, 29.78411], [-95.45684, 29.78414], [-95.45682, 29.78385], [-95.45676, 29.783], [-95.45675, 29.78228], [-95.45674, 29.78154], [-95.45669, 29.77962], [-95.45667, 29.77784], [-95.45674, 29.7776], [-95.45677, 29.77462], [-95.45674, 29.77431], [-95.45662, 29.77394], [-95.4566, 29.77352], [-95.45657, 29.77337], [-95.45692, 29.77336], [-95.45761, 29.77336], [-95.45761, 29.77323], [-95.45762, 29.77154], [-95.45755, 29.77022], [-95.45755, 29.76947], [-95.4575, 29.76855], [-95.45747, 29.76665], [-95.45747, 29.76513], [-95.45833, 29.76463], [-95.45938, 29.76405], [-95.45993, 29.7639], [-95.4611, 29.76374], [-95.46172, 29.76348], [-95.46284, 29.76258], [-95.46336, 29.76234], [-95.46396, 29.76225], [-95.46459, 29.76221], [-95.46566, 29.76219], [-95.46634, 29.76229], [-95.46676, 29.76246], [-95.46738, 29.7628], [-95.46774, 29.76305], [-95.4682, 29.76321], [-95.46878, 29.76328], [-95.46976, 29.76327], [-95.47056, 29.76338], [-95.47105, 29.76354], [-95.47165, 29.76381], [-95.47197, 29.76391], [-95.47259, 29.76396], [-95.47579, 29.76387], [-95.4779, 29.76383], [-95.4784, 29.7638], [-95.47881, 29.76371], [-95.47947, 29.7634], [-95.47983, 29.76311], [-95.48274, 29.76048], [-95.48369, 29.75965], [-95.48436, 29.75909], [-95.4849, 29.75882], [-95.48756, 29.75841], [-95.48972, 29.75806], [-95.49514, 29.75652], [-95.49599, 29.75627], [-95.49797, 29.75572], [-95.49885, 29.75545], [-95.49925, 29.75536], [-95.49971, 29.7552], [-95.50005, 29.75502], [-95.50089, 29.75438], [-95.50122, 29.7541], [-95.50119, 29.7532], [-95.5012, 29.75244], [-95.5012, 29.75049], [-95.50115, 29.74829], [-95.50113, 29.74692], [-95.50113, 29.74567], [-95.50108, 29.74265], [-95.50106, 29.74226], [-95.50103, 29.74059], [-95.50102, 29.73814], [-95.50103, 29.73769], [-95.50099, 29.73626], [-95.50107, 29.73539], [-95.5013, 29.73436], [-95.50135, 29.73368], [-95.50133, 29.73175], [-95.50132, 29.73088], [-95.50125, 29.72767], [-95.50125, 29.72694], [-95.50119, 29.72459], [-95.50118, 29.72305], [-95.50116, 29.72149], [-95.50112, 29.71966], [-95.50096, 29.71906], [-95.50079, 29.71856], [-95.50052, 29.71805], [-95.50026, 29.71768], [-95.49978, 29.71715], [-95.49923, 29.71666], [-95.49913, 29.71657], [-95.49796, 29.71549], [-95.49722, 29.71486], [-95.49617, 29.71395], [-95.49559, 29.71348], [-95.49486, 29.71284], [-95.49425, 29.71227], [-95.494, 29.71197], [-95.49366, 29.71142], [-95.49339, 29.71079], [-95.49331, 29.71045], [-95.49325, 29.70988], [-95.49323, 29.70909], [-95.49318, 29.70555], [-95.49318, 29.70538], [-95.49316, 29.70446], [-95.49317, 29.70284], [-95.49315, 29.70108], [-95.4931, 29.69777], [-95.4931, 29.69484], [-95.49305, 29.69139], [-95.49298, 29.69069], [-95.49276, 29.68978], [-95.49264, 29.68941], [-95.49253, 29.68866], [-95.49252, 29.68821], [-95.49251, 29.68696], [-95.49264, 29.68616], [-95.49284, 29.68539], [-95.49293, 29.68482], [-95.49294, 29.68424], [-95.49291, 29.68345], [-95.49289, 29.68191], [-95.49288, 29.68], [-95.49292, 29.67924], [-95.49304, 29.67877], [-95.49354, 29.67762], [-95.49375, 29.67679], [-95.49381, 29.67626], [-95.49383, 29.67563], [-95.49367, 29.67476], [-95.49345, 29.67409], [-95.49292, 29.67303], [-95.49264, 29.67241], [-95.49249, 29.67191], [-95.49239, 29.67129], [-95.49235, 29.67033], [-95.49231, 29.66793], [-95.49236, 29.66739], [-95.49236, 29.66636], [-95.4923, 29.66392], [-95.4923, 29.66229], [-95.49225, 29.66059], [-95.49224, 29.6586], [-95.49219, 29.65808], [-95.49214, 29.6571], [-95.49219, 29.65542], [-95.49215, 29.65322], [-95.49217, 29.65228], [-95.49227, 29.65174], [-95.49238, 29.65135], [-95.49257, 29.65085], [-95.49296, 29.65005], [-95.49323, 29.64938], [-95.49339, 29.6487], [-95.49344, 29.64832], [-95.49344, 29.64703], [-95.49339, 29.64455], [-95.49333, 29.64265], [-95.49333, 29.64204], [-95.49329, 29.64006], [-95.49325, 29.63759], [-95.49367, 29.63756]]}, "properties": {"route_id": "047", "route_short_name": "047", "route_long_name": "Hillcroft", "route_type": 3, "route_color": "#004080"}}, {"type": "Feature", "geometry": {"type": "LineString", "coordinates": [[-95.27774, 29.77141], [-95.27755, 29.77138], [-95.27756, 29.77068], [-95.27751, 29.77002], [-95.27729, 29.76974], [-95.27663, 29.76931], [-95.27642, 29.76913], [-95.2763, 29.76884], [-95.27626, 29.76777], [-95.27622, 29.76752], [-95.27602, 29.76679], [-95.27597, 29.76615], [-95.27528, 29.76615], [-95.27493, 29.76607], [-95.27444, 29.76589], [-95.2742, 29.76587], [-95.27278, 29.76591], [-95.27209, 29.76587], [-95.27074, 29.7656], [-95.27009, 29.76558], [-95.27007, 29.76367], [-95.27007, 29.7626], [-95.27003, 29.76106], [-95.26999, 29.76046], [-95.26989, 29.76029], [-95.27261, 29.76025], [-95.27284, 29.76023], [-95.27279, 29.75949], [-95.2728, 29.75888], [-95.27272, 29.7581], [-95.27271, 29.75733], [-95.27561, 29.75728], [-95.27563, 29.75785], [-95.2758, 29.75805], [-95.27582, 29.75819], [-95.27585, 29.75961], [-95.27758, 29.75958], [-95.27761, 29.76119], [-95.28088, 29.76117], [-95.28281, 29.76117], [-95.28369, 29.76115], [-95.2837, 29.76256], [-95.28375, 29.76406], [-95.28375, 29.76501], [-95.2838, 29.76663], [-95.28381, 29.76768], [-95.28386, 29.76912], [-95.28386, 29.76968], [-95.28391, 29.77109], [-95.28396, 29.77318], [-95.284, 29.77541], [-95.28406, 29.77702], [-95.28405, 29.77792], [-95.28405, 29.77812], [-95.28405, 29.77841], [-95.28527, 29.7784], [-95.28654, 29.77817], [-95.28693, 29.77807], [-95.28858, 29.77805], [-95.29025, 29.7783], [-95.29131, 29.77817], [-95.29183, 29.77807], [-95.29184, 29.77779], [-95.29183, 29.77761], [-95.29179, 29.77672], [-95.29165, 29.77604], [-95.29162, 29.77573], [-95.29155, 29.77283], [-95.29254, 29.7726], [-95.29293, 29.77258], [-95.29493, 29.77255], [-95.29655, 29.7726], [-95.29725, 29.77271], [-95.29791, 29.77285], [-95.30035, 29.77285], [-95.30102, 29.77283], [-95.30269, 29.77282], [-95.30428, 29.77284], [-95.30528, 29.77283], [-95.30845, 29.77286], [-95.31049, 29.77287], [-95.31151, 29.77286], [-95.31279, 29.77287], [-95.31359, 29.77265], [-95.31514, 29.77263], [-95.31514, 29.77385], [-95.31515, 29.77439], [-95.31516, 29.77465], [-95.31518, 29.77508], [-95.31519, 29.77528], [-95.31563, 29.77535], [-95.31556, 29.77439], [-95.31558, 29.77385], [-95.31555, 29.77264], [-95.3174, 29.77263], [-95.31741, 29.76982], [-95.31786, 29.76981], [-95.31785, 29.76804], [-95.31795, 29.76797], [-95.31967, 29.76795], [-95.32085, 29.76792], [-95.32135, 29.76795], [-95.32174, 29.76805], [-95.32324, 29.76804], [-95.32328, 29.77063], [-95.32326, 29.77078], [-95.32457, 29.77075], [-95.32506, 29.77082], [-95.32636, 29.77082], [-95.32632, 29.77275], [-95.32631, 29.77296], [-95.32637, 29.77416], [-95.32634, 29.77518], [-95.32635, 29.77614], [-95.32652, 29.77613], [-95.3286, 29.77604], [-95.32954, 29.77602], [-95.32952, 29.77449], [-95.32971, 29.77397], [-95.32968, 29.77266], [-95.33039, 29.77258], [-95.33456, 29.77258], [-95.33578, 29.77254], [-95.33573, 29.77093], [-95.33578, 29.77065], [-95.33576, 29.76946], [-95.33631, 29.76938], [-95.33692, 29.76936], [-95.33951, 29.76936], [-95.33951, 29.76917], [-95.3395, 29.76903], [-95.3395, 29.76863], [-95.33949, 29.76847], [-95.34174, 29.76799], [-95.34282, 29.76766], [-95.34305, 29.76762], [-95.34299, 29.76612], [-95.34304, 29.76465], [-95.34302, 29.76434], [-95.34301, 29.76301], [-95.34308, 29.76268], [-95.34368, 29.76145], [-95.34415, 29.7608], [-95.34476, 29.76004], [-95.34517, 29.75966], [-95.34556, 29.75945], [-95.34633, 29.75919], [-95.34659, 29.75907], [-95.34729, 29.75864], [-95.34743, 29.7585], [-95.34781, 29.75832], [-95.34933, 29.75765], [-95.34978, 29.75749], [-95.35031, 29.75735], [-95.35084, 29.75741], [-95.35153, 29.75783], [-95.35238, 29.75834], [-95.35298, 29.7576], [-95.35369, 29.75804], [-95.3547, 29.75863], [-95.35553, 29.75914], [-95.35595, 29.7594], [-95.35609, 29.75949], [-95.35643, 29.7597], [-95.35788, 29.76057], [-95.35899, 29.76122], [-95.35987, 29.76175], [-95.3602, 29.76194], [-95.36076, 29.76226], [-95.36084, 29.7623], [-95.36163, 29.7628], [-95.36246, 29.7633], [-95.36336, 29.7638], [-95.36417, 29.76428], [-95.36427, 29.76438], [-95.36425, 29.76488], [-95.36437, 29.7649], [-95.36548, 29.76516], [-95.36632, 29.76533], [-95.36663, 29.76471], [-95.36572, 29.76413], [-95.36559, 29.76405]]}, "properties": {"route_id": "048", "route_short_name": "048", "route_long_name": "Market", "route_type": 3, "route_color": "#004080"}}, {"type": "Feature", "geometry": {"type": "LineString", "coordinates": [[-95.46903, 29.59021], [-95.46819, 29.58987], [-95.46694, 29.5894], [-95.4648, 29.58856], [-95.46353, 29.58808], [-95.4589, 29.58628], [-95.45753, 29.58573], [-95.45633, 29.58528], [-95.45536, 29.58489], [-95.45384, 29.5843], [-95.45403, 29.58379], [-95.45416, 29.58323], [-95.45421, 29.58286], [-95.45422, 29.58234], [-95.45421, 29.58108], [-95.45918, 29.58099], [-95.46125, 29.58094], [-95.46388, 29.5809], [-95.4645, 29.58088], [-95.46772, 29.58082], [-95.46824, 29.5808], [-95.47105, 29.58074], [-95.47106, 29.58187], [-95.47109, 29.58306], [-95.47112, 29.58493], [-95.47115, 29.58585], [-95.47113, 29.58656], [-95.47106, 29.58701], [-95.47094, 29.58745], [-95.47077, 29.58787], [-95.47046, 29.58851], [-95.47, 29.58957], [-95.46969, 29.59005], [-95.46882, 29.5918], [-95.46805, 29.59329], [-95.46696, 29.59547], [-95.46687, 29.59567], [-95.46575, 29.5979], [-95.46542, 29.59859], [-95.46467, 29.60005], [-95.46449, 29.60058], [-95.46438, 29.60114], [-95.46436, 29.6019], [-95.46439, 29.60312], [-95.46447, 29.60396], [-95.46457, 29.60439], [-95.46465, 29.60527], [-95.46465, 29.60577], [-95.46469, 29.60637], [-95.46479, 29.60726], [-95.46489, 29.61165], [-95.46482, 29.61215], [-95.46483, 29.61457], [-95.46485, 29.61497], [-95.46491, 29.61805], [-95.46491, 29.61866], [-95.46496, 29.62099], [-95.46501, 29.62255], [-95.46506, 29.62518], [-95.46509, 29.62753], [-95.46494, 29.62846], [-95.46474, 29.62902], [-95.46446, 29.6296], [-95.464, 29.63035], [-95.46367, 29.6311], [-95.46354, 29.63153], [-95.46342, 29.63239], [-95.46345, 29.63508], [-95.46355, 29.63554], [-95.46355, 29.63802], [-95.46359, 29.63971], [-95.46362, 29.64034], [-95.46368, 29.64304], [-95.46363, 29.64325], [-95.46362, 29.645], [-95.46357, 29.64538], [-95.46356, 29.64645], [-95.46359, 29.64759], [-95.46362, 29.64969], [-95.46371, 29.65051], [-95.46377, 29.65182], [-95.46384, 29.65562], [-95.46384, 29.65688], [-95.46394, 29.66148], [-95.46397, 29.66243], [-95.46395, 29.66379], [-95.46387, 29.66438], [-95.46365, 29.6653], [-95.46344, 29.66586], [-95.46283, 29.66762], [-95.46209, 29.66937], [-95.4616, 29.67072], [-95.46142, 29.67119], [-95.46082, 29.67237], [-95.46051, 29.67306], [-95.45915, 29.6762], [-95.45877, 29.67698], [-95.45856, 29.67736], [-95.45849, 29.67762], [-95.45845, 29.67819], [-95.45848, 29.67895], [-95.45854, 29.67933], [-95.45804, 29.67923], [-95.45779, 29.67914], [-95.45769, 29.67926], [-95.45769, 29.67959], [-95.4576, 29.67961], [-95.45764, 29.67972], [-95.45746, 29.67984], [-95.45714, 29.67967], [-95.45683, 29.6795], [-95.4568, 29.67931], [-95.45691, 29.67926], [-95.4576, 29.67961], [-95.45764, 29.67972], [-95.45766, 29.67998], [-95.45854, 29.68], [-95.45943, 29.68003], [-95.45946, 29.67937], [-95.45854, 29.67933], [-95.45854, 29.68], [-95.45852, 29.68072], [-95.45839, 29.68108], [-95.45822, 29.68217], [-95.45823, 29.68252], [-95.45849, 29.68462], [-95.45853, 29.68589], [-95.45855, 29.68715], [-95.45854, 29.68917], [-95.45854, 29.68928], [-95.4598, 29.68929], [-95.46056, 29.68927], [-95.46386, 29.68926], [-95.46428, 29.68925], [-95.46751, 29.68924], [-95.46765, 29.68991], [-95.46768, 29.6904], [-95.46769, 29.69142], [-95.46774, 29.69158], [-95.46778, 29.69301], [-95.46777, 29.69363], [-95.46781, 29.69481], [-95.46782, 29.69602], [-95.46781, 29.69698], [-95.46784, 29.69844], [-95.46787, 29.70153], [-95.46791, 29.7044], [-95.46785, 29.70468], [-95.46787, 29.7053], [-95.46794, 29.70549], [-95.46793, 29.70593], [-95.4681, 29.70593], [-95.46841, 29.70583], [-95.46844, 29.70572], [-95.4685, 29.70565], [-95.46908, 29.70563], [-95.46927, 29.70569], [-95.4696, 29.7058], [-95.46989, 29.70577], [-95.47035, 29.70576], [-95.47168, 29.70575], [-95.47268, 29.70576], [-95.47458, 29.70572], [-95.47624, 29.70571], [-95.47624, 29.70662], [-95.47627, 29.70795], [-95.47628, 29.7095], [-95.47632, 29.71291], [-95.47636, 29.71522], [-95.47636, 29.71653], [-95.4764, 29.71812], [-95.47641, 29.72016], [-95.47642, 29.72149], [-95.47645, 29.7228], [-95.47643, 29.7249], [-95.47638, 29.72569], [-95.47638, 29.72585], [-95.47634, 29.7263], [-95.47637, 29.72837], [-95.47638, 29.72983], [-95.47643, 29.73156], [-95.47651, 29.73586], [-95.47653, 29.73661], [-95.47654, 29.73799], [-95.47801, 29.73799], [-95.4794, 29.73797], [-95.47942, 29.73852], [-95.47951, 29.74559], [-95.4795, 29.74738], [-95.47952, 29.74799], [-95.47955, 29.75011], [-95.47955, 29.75142], [-95.47957, 29.75294], [-95.47967, 29.7549], [-95.47969, 29.75561], [-95.47969, 29.75717], [-95.47967, 29.75779], [-95.47968, 29.75903], [-95.47971, 29.76041], [-95.47975, 29.76063], [-95.47973, 29.76144], [-95.47976, 29.76309], [-95.4793, 29.76341], [-95.47856, 29.7637], [-95.4779, 29.76376], [-95.4779, 29.76383], [-95.47795, 29.76423], [-95.47806, 29.76442], [-95.47818, 29.76508], [-95.47826, 29.76634], [-95.47829, 29.76731], [-95.47831, 29.76859], [-95.47821, 29.76931], [-95.47824, 29.771], [-95.4783, 29.7713], [-95.47846, 29.77163], [-95.47934, 29.77277], [-95.4803, 29.77406], [-95.48079, 29.77461], [-95.48112, 29.77492], [-95.48168, 29.77538], [-95.4824, 29.77588], [-95.48299, 29.77626], [-95.48322, 29.77645], [-95.4838, 29.77702], [-95.4841, 29.77735], [-95.48419, 29.77759], [-95.48443, 29.7779], [-95.48457, 29.77828], [-95.48469, 29.77948], [-95.48478, 29.7806], [-95.48476, 29.78239], [-95.48468, 29.78345], [-95.48378, 29.78338], [-95.48056, 29.78316], [-95.47905, 29.78312], [-95.47681, 29.78311], [-95.47561, 29.78314], [-95.47386, 29.78324], [-95.47286, 29.78331], [-95.47145, 29.78343], [-95.46947, 29.78355], [-95.468, 29.78365], [-95.46685, 29.78368], [-95.46494, 29.78369], [-95.46253, 29.78364], [-95.46176, 29.78358], [-95.46097, 29.78348], [-95.46038, 29.78338], [-95.4595, 29.78317], [-95.4589, 29.78298], [-95.45837, 29.78274], [-95.45789, 29.7824], [-95.45715, 29.78171], [-95.45693, 29.78157], [-95.45674, 29.78154], [-95.45675, 29.78228], [-95.45676, 29.783], [-95.45682, 29.78385], [-95.45462, 29.7838], [-95.45462, 29.78345], [-95.45474, 29.7834], [-95.45476, 29.78317], [-95.4548, 29.78302], [-95.45503, 29.78297], [-95.45542, 29.78297], [-95.45566, 29.78297], [-95.45602, 29.78298]]}, "properties": {"route_id": "049", "route_short_name": "049", "route_long_name": "Chimney Rock / S. Post Oak", "route_type": 3, "route_color": "#004080"}}, {"type": "Feature", "geometry": {"type": "LineString", "coordinates": [[-95.33542, 29.72835], [-95.33519, 29.72864], [-95.33511, 29.7287], [-95.33505, 29.7287], [-95.33465, 29.72855], [-95.33467, 29.72874], [-95.3351, 29.72889], [-95.33468, 29.72915], [-95.3343, 29.72944], [-95.33406, 29.72971], [-95.33377, 29.73016], [-95.3326, 29.73306], [-95.33228, 29.73387], [-95.33185, 29.73488], [-95.33182, 29.73522], [-95.33182, 29.73539], [-95.33198, 29.73631], [-95.33197, 29.7368], [-95.33192, 29.73706], [-95.33164, 29.7377], [-95.33064, 29.73738], [-95.33008, 29.73727], [-95.32894, 29.73692], [-95.32851, 29.73671], [-95.32665, 29.73617], [-95.32597, 29.73603], [-95.32499, 29.73573], [-95.32331, 29.73524], [-95.32173, 29.73475], [-95.32022, 29.7343], [-95.31675, 29.73323], [-95.31653, 29.73311], [-95.31511, 29.73264], [-95.3143, 29.73253], [-95.31205, 29.73253], [-95.31145, 29.73259], [-95.3107, 29.73271], [-95.31024, 29.73287], [-95.30963, 29.73321], [-95.30922, 29.73335], [-95.30877, 29.73337], [-95.308, 29.73318], [-95.30763, 29.73313], [-95.30735, 29.73356], [-95.30696, 29.73392], [-95.30656, 29.73415], [-95.30581, 29.73446], [-95.30531, 29.73476], [-95.30496, 29.7351], [-95.30342, 29.73463], [-95.30334, 29.73482], [-95.303, 29.73562], [-95.30275, 29.73554], [-95.30307, 29.73473], [-95.30317, 29.73455], [-95.30046, 29.73374], [-95.29829, 29.73305], [-95.29774, 29.73289], [-95.29726, 29.73411], [-95.29632, 29.73381], [-95.29449, 29.73326], [-95.29041, 29.73198], [-95.29013, 29.73191], [-95.28616, 29.73072], [-95.28419, 29.73015], [-95.28336, 29.72989], [-95.28053, 29.72907], [-95.2803, 29.72897], [-95.27986, 29.72865], [-95.27938, 29.72823], [-95.27889, 29.72756], [-95.2787, 29.72713], [-95.27858, 29.72664], [-95.27864, 29.72614], [-95.27865, 29.72501], [-95.27857, 29.72232], [-95.27851, 29.72179], [-95.27844, 29.71988], [-95.27845, 29.71905], [-95.27848, 29.71887], [-95.27844, 29.71759], [-95.2784, 29.71578], [-95.27838, 29.71488], [-95.27833, 29.71393], [-95.27824, 29.71176], [-95.27819, 29.71132], [-95.27814, 29.70984], [-95.27815, 29.70902], [-95.27808, 29.70882], [-95.27805, 29.70796], [-95.278, 29.70587], [-95.27797, 29.70515], [-95.27791, 29.70296], [-95.27786, 29.70237], [-95.27788, 29.70155], [-95.27793, 29.70139], [-95.27791, 29.69982], [-95.27786, 29.69839], [-95.27786, 29.69785], [-95.27781, 29.69618], [-95.27774, 29.69463], [-95.27769, 29.69135], [-95.27763, 29.68992], [-95.27763, 29.68888], [-95.27758, 29.68736], [-95.27754, 29.68659], [-95.27762, 29.68615], [-95.27797, 29.6858], [-95.27809, 29.6857], [-95.27813, 29.68544], [-95.27771, 29.68503], [-95.27747, 29.68482], [-95.27745, 29.68192], [-95.27738, 29.67932], [-95.27738, 29.67809], [-95.27735, 29.67741], [-95.2773, 29.67544], [-95.27728, 29.67505], [-95.27722, 29.67235], [-95.27718, 29.67122], [-95.27715, 29.6697], [-95.27707, 29.66735], [-95.27701, 29.66533], [-95.27699, 29.6637], [-95.27695, 29.66303], [-95.27688, 29.66067], [-95.27678, 29.6601], [-95.27671, 29.65818], [-95.27679, 29.65799], [-95.27702, 29.6578], [-95.27736, 29.65765], [-95.27823, 29.65763], [-95.27911, 29.65762], [-95.27927, 29.65756], [-95.27952, 29.65734], [-95.27959, 29.65704], [-95.27959, 29.65665], [-95.27948, 29.656], [-95.27931, 29.65582], [-95.27908, 29.65572], [-95.27811, 29.65572], [-95.27791, 29.65565], [-95.27757, 29.65536], [-95.27742, 29.65533], [-95.27672, 29.65532], [-95.27578, 29.65535]]}, "properties": {"route_id": "050", "route_short_name": "050", "route_long_name": "Broadway", "route_type": 3, "route_color": "#004080"}}, {"type": "Feature", "geometry": {"type": "LineString", "coordinates": [[-95.31282, 29.81291], [-95.31282, 29.81281], [-95.31245, 29.81282], [-95.31242, 29.81342], [-95.31146, 29.81323], [-95.31136, 29.81347], [-95.3116, 29.81355], [-95.31247, 29.81369], [-95.31361, 29.81371], [-95.31711, 29.81365], [-95.31727, 29.81365], [-95.31898, 29.81364], [-95.32252, 29.8136], [-95.32514, 29.81358], [-95.32721, 29.81355], [-95.32765, 29.81355], [-95.32777, 29.81371], [-95.32822, 29.81428], [-95.3281, 29.81442], [-95.32797, 29.81439], [-95.32755, 29.81388], [-95.32722, 29.81381], [-95.32721, 29.81355], [-95.32765, 29.81355], [-95.32861, 29.81354], [-95.32873, 29.81354], [-95.33144, 29.8135], [-95.33359, 29.81348], [-95.33452, 29.81342], [-95.33507, 29.81341], [-95.33533, 29.8134], [-95.33605, 29.81339], [-95.33756, 29.81337], [-95.33915, 29.81335], [-95.34237, 29.81335], [-95.34363, 29.81332], [-95.34556, 29.81331], [-95.3471, 29.81328], [-95.34947, 29.81326], [-95.35012, 29.81323], [-95.35073, 29.81317], [-95.35142, 29.81321], [-95.35213, 29.81345], [-95.35242, 29.81311], [-95.3526, 29.81275], [-95.35268, 29.81245], [-95.35262, 29.81027], [-95.35261, 29.8094], [-95.35253, 29.80685], [-95.35244, 29.8033], [-95.3524, 29.80174], [-95.35237, 29.80088], [-95.3523, 29.79746], [-95.35225, 29.79577], [-95.35223, 29.79491], [-95.35221, 29.79407], [-95.35218, 29.79321], [-95.35216, 29.79202], [-95.35211, 29.79067], [-95.35199, 29.78555], [-95.35189, 29.78509], [-95.3515, 29.78443], [-95.35142, 29.784], [-95.35141, 29.78337], [-95.35142, 29.7824], [-95.35139, 29.78022], [-95.35136, 29.7787], [-95.35139, 29.77835], [-95.3523, 29.77836], [-95.35289, 29.77834], [-95.35464, 29.77834], [-95.35536, 29.77836], [-95.35561, 29.77832], [-95.35773, 29.77751], [-95.36081, 29.7764], [-95.36153, 29.77613], [-95.36162, 29.77609], [-95.36171, 29.77606], [-95.36083, 29.77425], [-95.36051, 29.77356], [-95.36034, 29.77334], [-95.35988, 29.7724], [-95.35944, 29.77256], [-95.35905, 29.77273], [-95.35877, 29.77229], [-95.35808, 29.77192], [-95.35819, 29.77169], [-95.3589, 29.77205], [-95.35897, 29.77215], [-95.35877, 29.77229], [-95.35905, 29.77273], [-95.35944, 29.77256], [-95.35988, 29.7724], [-95.3593, 29.77143], [-95.35895, 29.7706], [-95.35887, 29.77016], [-95.35844, 29.76922], [-95.35828, 29.7687], [-95.35823, 29.76832], [-95.35815, 29.76811], [-95.35818, 29.7678], [-95.35753, 29.76772], [-95.3571, 29.76768], [-95.35612, 29.76772], [-95.35643, 29.76679], [-95.35707, 29.76482], [-95.3573, 29.76418], [-95.35766, 29.76375], [-95.35855, 29.76317], [-95.35898, 29.76285], [-95.35928, 29.76249], [-95.35987, 29.76175], [-95.36046, 29.76098], [-95.36229, 29.75866], [-95.36251, 29.75841], [-95.3629, 29.75793], [-95.36322, 29.75752], [-95.36346, 29.75717], [-95.36402, 29.75644], [-95.36466, 29.75569], [-95.3658, 29.75419], [-95.36701, 29.7527], [-95.36759, 29.75195], [-95.36879, 29.75045], [-95.36939, 29.74969], [-95.3699, 29.74999], [-95.3702, 29.75018], [-95.37031, 29.75025], [-95.37103, 29.75066], [-95.37129, 29.7503]]}, "properties": {"route_id": "051", "route_short_name": "051", "route_long_name": "Hardy - Kelley", "route_type": 3, "route_color": "#004080"}}, {"type": "Feature", "geometry": {"type": "LineString", "coordinates": [[-95.37124, 29.75032], [-95.37154, 29.74991], [-95.37089, 29.74951], [-95.37078, 29.74945], [-95.3706, 29.74934], [-95.36993, 29.74896], [-95.3691, 29.74844], [-95.36854, 29.74918], [-95.36793, 29.74995], [-95.36733, 29.75068], [-95.36615, 29.7522], [-95.36497, 29.75369], [-95.36379, 29.75515], [-95.36261, 29.75666], [-95.36244, 29.75686], [-95.362, 29.75742], [-95.36179, 29.75768], [-95.36146, 29.75814], [-95.36082, 29.7589], [-95.35989, 29.76015], [-95.35899, 29.76122], [-95.35841, 29.76194], [-95.35778, 29.76272], [-95.35753, 29.76307], [-95.35728, 29.76404], [-95.3573, 29.76418], [-95.35707, 29.76482], [-95.35643, 29.76679], [-95.35733, 29.76703], [-95.35831, 29.7672], [-95.35828, 29.76729], [-95.35824, 29.76749], [-95.35818, 29.7678], [-95.35815, 29.76811], [-95.35807, 29.76831], [-95.35812, 29.7687], [-95.35827, 29.76923], [-95.35854, 29.76986], [-95.35868, 29.7701], [-95.35895, 29.7706], [-95.3593, 29.77143], [-95.35988, 29.7724], [-95.35944, 29.77256], [-95.35905, 29.77273], [-95.35877, 29.77229], [-95.35808, 29.77192], [-95.35819, 29.77169], [-95.3589, 29.77205], [-95.35897, 29.77215], [-95.35877, 29.77229], [-95.35905, 29.77273], [-95.35944, 29.77256], [-95.35988, 29.7724], [-95.36034, 29.77334], [-95.36039, 29.77354], [-95.36052, 29.77391], [-95.36071, 29.77435], [-95.36153, 29.77613], [-95.36081, 29.7764], [-95.35773, 29.77751], [-95.35561, 29.77832], [-95.35536, 29.77836], [-95.35464, 29.77834], [-95.35289, 29.77834], [-95.3523, 29.77836], [-95.35139, 29.77835], [-95.35053, 29.77836], [-95.35053, 29.7791], [-95.35059, 29.78143], [-95.35059, 29.78309], [-95.35062, 29.78338], [-95.35064, 29.78433], [-95.35069, 29.78454], [-95.351, 29.7853], [-95.35103, 29.78556], [-95.35106, 29.78728], [-95.35111, 29.78896], [-95.35113, 29.79068], [-95.35121, 29.79323], [-95.35125, 29.79408], [-95.35126, 29.79494], [-95.35134, 29.79834], [-95.35134, 29.79919], [-95.35139, 29.80004], [-95.35151, 29.80517], [-95.35156, 29.80687], [-95.3516, 29.80766], [-95.35161, 29.80857], [-95.35164, 29.80942], [-95.3517, 29.812], [-95.3517, 29.81264], [-95.35148, 29.81264], [-95.35125, 29.81273], [-95.35087, 29.81305], [-95.35045, 29.81313], [-95.34999, 29.81309], [-95.34709, 29.81313], [-95.3445, 29.81315], [-95.34319, 29.81319], [-95.34237, 29.8132], [-95.34118, 29.81322], [-95.33764, 29.81325], [-95.33607, 29.81326], [-95.33532, 29.81326], [-95.33507, 29.81326], [-95.33452, 29.81327], [-95.33379, 29.81323], [-95.33142, 29.81324], [-95.33124, 29.81325], [-95.32873, 29.81327], [-95.32861, 29.81328], [-95.32861, 29.81354], [-95.32862, 29.81406], [-95.32864, 29.81432], [-95.32822, 29.81428], [-95.3281, 29.81442], [-95.32797, 29.81439], [-95.32755, 29.81388], [-95.32777, 29.81371], [-95.32822, 29.81428], [-95.32864, 29.81432], [-95.32867, 29.81515], [-95.32872, 29.81823], [-95.32875, 29.81895], [-95.32876, 29.82146], [-95.32879, 29.82229], [-95.32878, 29.8231], [-95.32879, 29.82412], [-95.32878, 29.82513], [-95.32882, 29.82616], [-95.32882, 29.82731], [-95.32885, 29.82908], [-95.32891, 29.82923], [-95.32891, 29.82986], [-95.32895, 29.83135], [-95.32895, 29.83192], [-95.329, 29.83401], [-95.3284, 29.83404], [-95.3276, 29.83404], [-95.32361, 29.83409], [-95.32271, 29.83409], [-95.32141, 29.83412], [-95.31896, 29.83416], [-95.31739, 29.83419], [-95.31521, 29.83421], [-95.31402, 29.83424], [-95.31075, 29.83426], [-95.30997, 29.8341], [-95.30932, 29.83379], [-95.30873, 29.83337], [-95.3082, 29.83305], [-95.30793, 29.83296], [-95.30773, 29.83276], [-95.30661, 29.8319], [-95.3059, 29.83148], [-95.30557, 29.83113], [-95.30489, 29.83127], [-95.30404, 29.83131], [-95.30194, 29.83131], [-95.3007, 29.83132], [-95.30016, 29.83136], [-95.298, 29.83135], [-95.29327, 29.83135], [-95.29257, 29.83134], [-95.29164, 29.83136], [-95.2884, 29.83139], [-95.28693, 29.83136], [-95.28568, 29.83127], [-95.28429, 29.83127], [-95.27689, 29.83134], [-95.27399, 29.83136], [-95.27379, 29.83137], [-95.27007, 29.8314], [-95.26917, 29.83138], [-95.26854, 29.83124], [-95.26763, 29.83086], [-95.26714, 29.83074], [-95.26645, 29.83068], [-95.26323, 29.83072], [-95.26237, 29.83072], [-95.26194, 29.83076], [-95.26197, 29.83315], [-95.26198, 29.83492], [-95.262, 29.8354], [-95.26215, 29.83639], [-95.26221, 29.83661], [-95.26221, 29.83719], [-95.26222, 29.83855], [-95.26225, 29.83958], [-95.26225, 29.84142], [-95.2623, 29.84397], [-95.2623, 29.84485], [-95.26233, 29.84577], [-95.26233, 29.84708], [-95.26235, 29.84882], [-95.26226, 29.84931], [-95.26225, 29.85001], [-95.26225, 29.85013], [-95.26384, 29.85011], [-95.26384, 29.84999], [-95.26388, 29.8498], [-95.26421, 29.84971], [-95.26429, 29.84971], [-95.26463, 29.84976], [-95.26463, 29.84998], [-95.2642, 29.84999], [-95.26384, 29.84999], [-95.26246, 29.85001], [-95.26225, 29.85001], [-95.26225, 29.85013], [-95.26229, 29.8507], [-95.26226, 29.85118], [-95.2623, 29.85325], [-95.26231, 29.85486], [-95.2624, 29.85526], [-95.26243, 29.8567], [-95.26244, 29.85961], [-95.26248, 29.86307], [-95.2625, 29.86628], [-95.26254, 29.86934], [-95.26257, 29.87213], [-95.2673, 29.87205], [-95.27208, 29.87196], [-95.28134, 29.87181], [-95.28151, 29.8718], [-95.28163, 29.87138], [-95.2817, 29.8709], [-95.28173, 29.87031], [-95.28169, 29.86838], [-95.28166, 29.86738], [-95.28156, 29.86218], [-95.2815, 29.85814], [-95.28152, 29.85745], [-95.28162, 29.85677], [-95.28191, 29.85545], [-95.28215, 29.85472], [-95.28243, 29.85407], [-95.28296, 29.85308], [-95.28383, 29.85132], [-95.2841, 29.8508], [-95.28428, 29.85026], [-95.28463, 29.84955], [-95.28487, 29.84912], [-95.28494, 29.84863], [-95.28477, 29.84871], [-95.28363, 29.84915], [-95.28303, 29.84932], [-95.28119, 29.84964], [-95.28084, 29.84969], [-95.27976, 29.84975], [-95.27794, 29.84978], [-95.27728, 29.84978], [-95.27599, 29.84981], [-95.27349, 29.84983], [-95.27176, 29.84987], [-95.26929, 29.8499], [-95.26463, 29.84998], [-95.2642, 29.84999]]}, "properties": {"route_id": "052", "route_short_name": "052", "route_long_name": "Hardy - Ley", "route_type": 3, "route_color": "#004080"}}, {"type": "Feature", "geometry": {"type": "LineString", "coordinates": [[-95.37128, 29.7503], [-95.37157, 29.74993], [-95.37089, 29.74951], [-95.37078, 29.74945], [-95.3706, 29.74934], [-95.36993, 29.74896], [-95.37054, 29.74824], [-95.37104, 29.74762], [-95.37272, 29.74548], [-95.37317, 29.74487], [-95.37122, 29.7437], [-95.36976, 29.74278], [-95.3672, 29.74125], [-95.36638, 29.74077], [-95.36609, 29.74056], [-95.36413, 29.73942], [-95.36121, 29.73763], [-95.36035, 29.73714], [-95.3595, 29.73661], [-95.35786, 29.73562], [-95.35758, 29.7355], [-95.35476, 29.73461], [-95.35147, 29.73364], [-95.35013, 29.73322], [-95.34925, 29.73296], [-95.34854, 29.73271], [-95.34962, 29.73003], [-95.34993, 29.72943], [-95.35003, 29.72886], [-95.35002, 29.72796], [-95.35004, 29.72777], [-95.35001, 29.72691], [-95.35003, 29.72631], [-95.35016, 29.72583], [-95.35055, 29.72482], [-95.35161, 29.72228], [-95.35201, 29.72124], [-95.35232, 29.72047], [-95.35265, 29.71971], [-95.35281, 29.71923], [-95.35348, 29.71764], [-95.35377, 29.71692], [-95.3541, 29.7161], [-95.35467, 29.71459], [-95.3556, 29.71235], [-95.35642, 29.71032], [-95.35667, 29.70972], [-95.35693, 29.70895], [-95.35726, 29.70806], [-95.35819, 29.70566], [-95.35856, 29.7048], [-95.35905, 29.7035], [-95.35951, 29.70235], [-95.35954, 29.70223], [-95.35961, 29.70169], [-95.35956, 29.70116], [-95.35932, 29.70028], [-95.35897, 29.70034], [-95.35886, 29.70046], [-95.35842, 29.70161], [-95.35798, 29.70147], [-95.35781, 29.70169], [-95.35651, 29.70132], [-95.35647, 29.70112], [-95.35662, 29.70105], [-95.35798, 29.70147], [-95.35842, 29.70161], [-95.35886, 29.70046], [-95.35897, 29.70034], [-95.35932, 29.70028], [-95.35937, 29.69951], [-95.35948, 29.69917], [-95.36022, 29.69736], [-95.36171, 29.69359], [-95.36205, 29.69271], [-95.36239, 29.69191], [-95.36405, 29.68778], [-95.36448, 29.68676], [-95.36512, 29.68518], [-95.3658, 29.68344], [-95.36588, 29.68315], [-95.36634, 29.68221], [-95.3668, 29.68113], [-95.36703, 29.68048], [-95.36724, 29.67985], [-95.36727, 29.67954], [-95.36718, 29.6757], [-95.36716, 29.67446], [-95.36712, 29.67289], [-95.36719, 29.67227], [-95.36728, 29.67193], [-95.36773, 29.67071], [-95.36809, 29.66982], [-95.36824, 29.66935], [-95.36832, 29.66905], [-95.36833, 29.66863], [-95.36829, 29.66651], [-95.36823, 29.66428], [-95.36818, 29.66206], [-95.36816, 29.66055], [-95.36811, 29.65878], [-95.36811, 29.65832], [-95.36812, 29.65767], [-95.36823, 29.65724], [-95.36845, 29.65681], [-95.36863, 29.65633], [-95.36873, 29.65557], [-95.36867, 29.65302], [-95.36864, 29.65217], [-95.36859, 29.64994], [-95.36852, 29.64716], [-95.36848, 29.64522], [-95.36849, 29.64506], [-95.3684, 29.64087], [-95.36839, 29.63994], [-95.36835, 29.63922], [-95.36835, 29.63756], [-95.36827, 29.63235], [-95.36827, 29.63114], [-95.36825, 29.62909], [-95.36823, 29.62847], [-95.36834, 29.62759], [-95.36851, 29.62665], [-95.36853, 29.62624], [-95.36848, 29.6251], [-95.36845, 29.62344], [-95.36843, 29.62109], [-95.36834, 29.61978], [-95.36831, 29.61899], [-95.36796, 29.61903], [-95.36796, 29.6198], [-95.36834, 29.61978], [-95.36831, 29.61899], [-95.36816, 29.61789], [-95.36812, 29.61715], [-95.36812, 29.61665], [-95.36968, 29.61666], [-95.37284, 29.61666], [-95.37409, 29.61663], [-95.37488, 29.61645], [-95.37545, 29.61622], [-95.376, 29.61593], [-95.37776, 29.61485], [-95.37817, 29.61461], [-95.37869, 29.61438], [-95.37915, 29.61424], [-95.37958, 29.61416], [-95.38024, 29.6141], [-95.38304, 29.61407], [-95.38626, 29.61402], [-95.38671, 29.61411], [-95.38761, 29.61411], [-95.39079, 29.61406], [-95.39273, 29.61404], [-95.39648, 29.61399], [-95.39814, 29.61398], [-95.4003, 29.61393], [-95.40103, 29.61395], [-95.40208, 29.61393], [-95.40619, 29.61389], [-95.40895, 29.61387], [-95.41131, 29.61382], [-95.41764, 29.61376], [-95.41925, 29.61371], [-95.42374, 29.61367], [-95.42531, 29.61364], [-95.42712, 29.61362], [-95.431, 29.61359], [-95.43221, 29.61357], [-95.43222, 29.61394], [-95.43211, 29.61398], [-95.43156, 29.614], [-95.43153, 29.61373], [-95.43183, 29.61372]]}, "properties": {"route_id": "054", "route_short_name": "054", "route_long_name": "Scott", "route_type": 3, "route_color": "#004080"}}, {"type": "Feature", "geometry": {"type": "LineString", "coordinates": [[-95.41036, 29.94861], [-95.41018, 29.94841], [-95.40984, 29.94822], [-95.40903, 29.94739], [-95.40834, 29.94651], [-95.4081, 29.94611], [-95.4078, 29.94541], [-95.40768, 29.945], [-95.40757, 29.94425], [-95.40752, 29.94323], [-95.40545, 29.94325], [-95.40458, 29.94337], [-95.40384, 29.9436], [-95.40422, 29.94444], [-95.40439, 29.94502], [-95.40453, 29.94592], [-95.40481, 29.94658], [-95.40529, 29.94723], [-95.40593, 29.94775], [-95.40675, 29.94832], [-95.40719, 29.94876], [-95.40751, 29.94939], [-95.4076, 29.94989], [-95.4076, 29.95041], [-95.40591, 29.95044], [-95.40169, 29.95049], [-95.39953, 29.95052], [-95.39944, 29.95023], [-95.39914, 29.94961], [-95.39877, 29.94905], [-95.39812, 29.9483], [-95.39714, 29.94726], [-95.39684, 29.94686], [-95.39656, 29.9464], [-95.39635, 29.94588], [-95.39618, 29.94531], [-95.39598, 29.94451], [-95.39592, 29.94409], [-95.39594, 29.94343], [-95.39604, 29.94296], [-95.3966, 29.9412], [-95.39691, 29.94035], [-95.39719, 29.93943], [-95.39738, 29.93892], [-95.39779, 29.93738], [-95.39817, 29.93616], [-95.39843, 29.93565], [-95.39886, 29.93519], [-95.39951, 29.93481], [-95.4005, 29.93454], [-95.40097, 29.93434], [-95.40139, 29.93407], [-95.4019, 29.9335], [-95.40213, 29.93301], [-95.40221, 29.93245], [-95.4022, 29.93176], [-95.40246, 29.93175], [-95.40528, 29.93174], [-95.40621, 29.93173], [-95.40866, 29.93166], [-95.40974, 29.93166], [-95.40977, 29.93155], [-95.40979, 29.93018], [-95.40992, 29.92931], [-95.40991, 29.92872], [-95.40983, 29.92825], [-95.40919, 29.92636], [-95.40889, 29.92553], [-95.40862, 29.92491], [-95.40807, 29.9234], [-95.40774, 29.92253], [-95.40736, 29.92132], [-95.40722, 29.92096], [-95.40529, 29.91565], [-95.4052, 29.91533], [-95.40509, 29.91488], [-95.40482, 29.91415], [-95.40467, 29.91406], [-95.40363, 29.9112], [-95.40335, 29.91039], [-95.40216, 29.90706], [-95.40186, 29.90629], [-95.40121, 29.90451], [-95.40053, 29.90256], [-95.40008, 29.90137], [-95.39929, 29.89911], [-95.399, 29.89833], [-95.39793, 29.8953], [-95.39717, 29.89323], [-95.39679, 29.89253], [-95.39574, 29.89082], [-95.39489, 29.88941], [-95.39491, 29.88931], [-95.3946, 29.88882], [-95.39384, 29.8875], [-95.39337, 29.88676], [-95.39226, 29.88489], [-95.39212, 29.88479], [-95.39167, 29.88408], [-95.39066, 29.8824], [-95.38981, 29.88101], [-95.38872, 29.87919], [-95.38719, 29.87671], [-95.38653, 29.87559], [-95.38654, 29.87548], [-95.38533, 29.87346], [-95.38516, 29.87312], [-95.38501, 29.87264], [-95.38495, 29.87141], [-95.38492, 29.87013], [-95.38485, 29.87007], [-95.38483, 29.8683], [-95.38478, 29.86661], [-95.38477, 29.86473], [-95.38475, 29.86361], [-95.38469, 29.8615], [-95.38465, 29.8595], [-95.38462, 29.8564], [-95.38456, 29.85329], [-95.38454, 29.85091], [-95.38451, 29.85006], [-95.38449, 29.8484], [-95.38446, 29.84729], [-95.38446, 29.84619], [-95.38444, 29.84556], [-95.38444, 29.84547], [-95.38448, 29.84521], [-95.38448, 29.84441], [-95.38444, 29.84213], [-95.38443, 29.84076], [-95.38441, 29.83997], [-95.3844, 29.83823], [-95.38441, 29.83724], [-95.37984, 29.8373], [-95.3776, 29.83732], [-95.37705, 29.83737], [-95.37634, 29.83756], [-95.37569, 29.83762], [-95.37577, 29.83731], [-95.37582, 29.83599], [-95.37588, 29.83476], [-95.37593, 29.83401], [-95.37607, 29.83317], [-95.37615, 29.83201], [-95.37615, 29.83109], [-95.37629, 29.82839], [-95.37757, 29.82839], [-95.37847, 29.82849], [-95.38013, 29.82871], [-95.3807, 29.82873], [-95.38097, 29.82872], [-95.38112, 29.82872], [-95.38124, 29.82872], [-95.38236, 29.82872], [-95.38276, 29.8287], [-95.38432, 29.82868], [-95.38431, 29.82857], [-95.38418, 29.82745], [-95.384, 29.8257], [-95.38355, 29.82179], [-95.38327, 29.81901], [-95.38307, 29.81757], [-95.38303, 29.8171], [-95.3828, 29.8151], [-95.38269, 29.81443], [-95.38256, 29.8141], [-95.38229, 29.81258], [-95.38205, 29.81148], [-95.382, 29.80946], [-95.38199, 29.80806], [-95.38196, 29.80592], [-95.38193, 29.80465], [-95.38195, 29.8039], [-95.38322, 29.8039], [-95.38405, 29.80399], [-95.38507, 29.80403], [-95.38772, 29.80401], [-95.38807, 29.80405], [-95.38804, 29.80309], [-95.38803, 29.80185], [-95.38795, 29.79735], [-95.38795, 29.79672], [-95.38784, 29.79174], [-95.38784, 29.79081], [-95.38782, 29.78941], [-95.38777, 29.78733], [-95.38775, 29.78592], [-95.38766, 29.7816], [-95.38763, 29.78138], [-95.38723, 29.78044], [-95.38713, 29.78012], [-95.38704, 29.77945], [-95.38715, 29.77866], [-95.38741, 29.77803], [-95.38823, 29.77715], [-95.38846, 29.77689], [-95.38873, 29.77663], [-95.3898, 29.7756], [-95.39008, 29.7753], [-95.39049, 29.77464], [-95.3907, 29.77402], [-95.39076, 29.77353], [-95.39071, 29.77277], [-95.39072, 29.77202], [-95.39078, 29.77156], [-95.39108, 29.77076], [-95.39189, 29.76896], [-95.39217, 29.76824], [-95.39232, 29.76767], [-95.39238, 29.7672], [-95.3924, 29.76629], [-95.3924, 29.7647], [-95.39248, 29.76392], [-95.39253, 29.76318], [-95.39249, 29.7617], [-95.39243, 29.76136], [-95.39238, 29.75863], [-95.39234, 29.75808], [-95.39225, 29.75746], [-95.3923, 29.75722], [-95.39227, 29.75579], [-95.39222, 29.75434], [-95.39225, 29.75334], [-95.3922, 29.75162], [-95.39218, 29.75028], [-95.39212, 29.74896], [-95.39206, 29.74687], [-95.39192, 29.7463], [-95.39149, 29.74532], [-95.39128, 29.74466], [-95.39124, 29.74271], [-95.39127, 29.74149], [-95.39125, 29.73955], [-95.39122, 29.73877], [-95.39119, 29.73701], [-95.39115, 29.73613], [-95.39114, 29.7353], [-95.39116, 29.73456], [-95.39107, 29.73261], [-95.39107, 29.73202], [-95.39108, 29.73187], [-95.39109, 29.73172], [-95.39109, 29.72998], [-95.39105, 29.72782], [-95.39104, 29.72615], [-95.39101, 29.7248], [-95.39109, 29.72429], [-95.39124, 29.72412], [-95.39128, 29.72378], [-95.3917, 29.7231], [-95.3933, 29.72117], [-95.39433, 29.71987], [-95.3954, 29.7185], [-95.39743, 29.71592], [-95.39875, 29.71422], [-95.40094, 29.71146], [-95.40307, 29.70873], [-95.40362, 29.70811], [-95.4052, 29.70614], [-95.40631, 29.7048], [-95.40666, 29.70423], [-95.40578, 29.70376], [-95.40529, 29.70356], [-95.40465, 29.70344], [-95.40451, 29.70384], [-95.4043, 29.70386], [-95.40401, 29.70375], [-95.40381, 29.7038], [-95.40392, 29.70427]]}, "properties": {"route_id": "056", "route_short_name": "056", "route_long_name": "Airline / Montrose", "route_type": 3, "route_color": "#004080"}}, {"type": "Feature", "geometry": {"type": "LineString", "coordinates": [[-95.45572, 29.7833], [-95.45546, 29.7833], [-95.4553, 29.7833], [-95.45497, 29.7833], [-95.45476, 29.78317], [-95.4548, 29.78302], [-95.45503, 29.78297], [-95.45542, 29.78297], [-95.45566, 29.78297], [-95.45573, 29.78288], [-95.45555, 29.78274], [-95.45512, 29.78268], [-95.45486, 29.78261], [-95.45462, 29.78245], [-95.45436, 29.78249], [-95.45429, 29.78268], [-95.45436, 29.7829], [-95.45446, 29.78294], [-95.45447, 29.7838], [-95.45447, 29.78411], [-95.45463, 29.78411], [-95.45684, 29.78414], [-95.45691, 29.78516], [-95.45688, 29.78593], [-95.45683, 29.78609], [-95.45687, 29.78731], [-95.45687, 29.78838], [-95.45691, 29.78969], [-95.45692, 29.79071], [-95.45702, 29.79449], [-95.45702, 29.79634], [-95.457, 29.79661], [-95.45677, 29.79714], [-95.45646, 29.79762], [-95.45587, 29.79826], [-95.45574, 29.7984], [-95.45695, 29.79929], [-95.45794, 29.79997], [-95.45871, 29.80054], [-95.45993, 29.80141], [-95.46012, 29.80156], [-95.46186, 29.80282], [-95.46322, 29.80379], [-95.46341, 29.80389], [-95.4655, 29.80542], [-95.4665, 29.80636], [-95.46717, 29.8069], [-95.46751, 29.80711], [-95.46822, 29.80748], [-95.46838, 29.80753], [-95.46936, 29.80822], [-95.47175, 29.80994], [-95.47198, 29.81012], [-95.4745, 29.81194], [-95.47505, 29.81135], [-95.47566, 29.811], [-95.47622, 29.81091], [-95.47835, 29.81087], [-95.47945, 29.81067], [-95.48084, 29.81064], [-95.48193, 29.81064], [-95.48458, 29.81061], [-95.48537, 29.81061], [-95.48646, 29.81064], [-95.48705, 29.81072], [-95.48771, 29.81076], [-95.49029, 29.81072], [-95.4917, 29.81074], [-95.49215, 29.8108], [-95.49328, 29.81103], [-95.49396, 29.81109], [-95.49469, 29.81109], [-95.5008, 29.81095], [-95.50202, 29.81096], [-95.5034, 29.81101], [-95.50437, 29.81102], [-95.50662, 29.81108], [-95.50985, 29.81111], [-95.51177, 29.81108], [-95.5125, 29.81103], [-95.51319, 29.81093], [-95.51466, 29.81084], [-95.51535, 29.81076], [-95.51622, 29.81059], [-95.51863, 29.81005], [-95.51969, 29.8099], [-95.52195, 29.80986], [-95.52389, 29.80986], [-95.52529, 29.80983], [-95.52618, 29.80983], [-95.5267, 29.80979], [-95.52735, 29.80965], [-95.52801, 29.80943], [-95.52858, 29.8093], [-95.52985, 29.80926], [-95.53139, 29.80925], [-95.53211, 29.80929], [-95.53284, 29.80941], [-95.53337, 29.80954], [-95.53393, 29.80973], [-95.5345, 29.80998], [-95.53493, 29.81024], [-95.53565, 29.81073], [-95.53663, 29.81153], [-95.53744, 29.81201], [-95.53786, 29.8122], [-95.5387, 29.8125], [-95.53927, 29.81263], [-95.54006, 29.81274], [-95.54125, 29.81277], [-95.54337, 29.81276], [-95.54517, 29.81274], [-95.54789, 29.81274], [-95.54885, 29.81273], [-95.55095, 29.81273], [-95.5522, 29.81275], [-95.5532, 29.81275], [-95.55429, 29.81273], [-95.56116, 29.81273], [-95.56452, 29.81275], [-95.56642, 29.81272], [-95.56709, 29.81277], [-95.56815, 29.81294], [-95.56904, 29.813], [-95.56992, 29.81298], [-95.5699, 29.8149], [-95.5699, 29.81608], [-95.56992, 29.81859], [-95.56992, 29.8207], [-95.56994, 29.82209], [-95.56994, 29.82569], [-95.56995, 29.82883], [-95.56997, 29.83179], [-95.56905, 29.83178], [-95.56802, 29.8318], [-95.56508, 29.83183], [-95.56431, 29.83185], [-95.56326, 29.83186], [-95.56326, 29.83205], [-95.5633, 29.83344], [-95.56341, 29.83433], [-95.56345, 29.83546], [-95.56289, 29.83553], [-95.56245, 29.83565], [-95.56217, 29.83577], [-95.56131, 29.83624], [-95.56102, 29.83629], [-95.5602, 29.83631], [-95.55962, 29.83622], [-95.5593, 29.83604], [-95.55956, 29.83564], [-95.5597, 29.83522], [-95.55973, 29.83426]]}, "properties": {"route_id": "058", "route_short_name": "058", "route_long_name": "Hammerly", "route_type": 3, "route_color": "#004080"}}, {"type": "Feature", "geometry": {"type": "LineString", "coordinates": [[-95.41424, 29.87553], [-95.41425, 29.87723], [-95.41417, 29.87732], [-95.4144, 29.87732], [-95.41445, 29.87781], [-95.41432, 29.87795], [-95.41412, 29.87796], [-95.41382, 29.87814], [-95.41474, 29.8794], [-95.41662, 29.88182], [-95.41736, 29.88279], [-95.41949, 29.88552], [-95.4206, 29.88697], [-95.42142, 29.88801], [-95.42358, 29.89079], [-95.42672, 29.89485], [-95.42711, 29.89537], [-95.42872, 29.89744], [-95.42916, 29.89799], [-95.43003, 29.89913], [-95.43101, 29.90036], [-95.43123, 29.90058], [-95.43165, 29.9011], [-95.43264, 29.9024], [-95.43403, 29.90415], [-95.43046, 29.90421], [-95.42702, 29.90429], [-95.42546, 29.90431], [-95.42273, 29.90439], [-95.4228, 29.9067], [-95.42281, 29.90821], [-95.42286, 29.91004], [-95.42301, 29.91058], [-95.42354, 29.91135], [-95.42367, 29.91168], [-95.42371, 29.91195], [-95.42375, 29.91487], [-95.42181, 29.91491], [-95.42072, 29.91487], [-95.41953, 29.9149], [-95.41681, 29.91494], [-95.41528, 29.91498], [-95.41353, 29.915], [-95.41296, 29.91502], [-95.41271, 29.91502], [-95.41255, 29.91502], [-95.40829, 29.91513], [-95.40665, 29.91515], [-95.4052, 29.91533], [-95.40509, 29.91488], [-95.40482, 29.91415], [-95.40467, 29.91406], [-95.40363, 29.9112], [-95.40335, 29.91039], [-95.40216, 29.90706], [-95.40186, 29.90629], [-95.40121, 29.90451], [-95.40053, 29.90256], [-95.40008, 29.90137], [-95.39987, 29.90141], [-95.39928, 29.90141], [-95.39658, 29.90145], [-95.39323, 29.90151], [-95.39161, 29.902], [-95.39145, 29.90208], [-95.39096, 29.90208], [-95.39082, 29.90203], [-95.38811, 29.90207], [-95.38679, 29.90207], [-95.38219, 29.90201], [-95.37971, 29.90202], [-95.37897, 29.90201], [-95.37731, 29.90202], [-95.37582, 29.90208], [-95.37471, 29.90209], [-95.37322, 29.90214], [-95.3731, 29.90219], [-95.3724, 29.9022], [-95.37227, 29.90213], [-95.36925, 29.90215], [-95.36645, 29.90215], [-95.36508, 29.90221], [-95.36501, 29.90225], [-95.3625, 29.90226], [-95.36061, 29.90228], [-95.35907, 29.90228], [-95.35505, 29.90233], [-95.35088, 29.90234], [-95.34851, 29.90236], [-95.34795, 29.90238], [-95.34651, 29.90238], [-95.34466, 29.9024], [-95.34247, 29.9024], [-95.34069, 29.90242], [-95.3361, 29.90242], [-95.33361, 29.90246], [-95.33256, 29.90246], [-95.3324, 29.90246], [-95.33123, 29.90248], [-95.3266, 29.90266], [-95.32518, 29.90271], [-95.32346, 29.90279], [-95.32078, 29.9028], [-95.31861, 29.90283], [-95.316, 29.90289], [-95.3138, 29.90292], [-95.31335, 29.90293], [-95.31308, 29.90293], [-95.31252, 29.90294], [-95.31221, 29.90288], [-95.31179, 29.90272], [-95.31162, 29.90267], [-95.31145, 29.90263], [-95.31116, 29.90255], [-95.31055, 29.90229], [-95.30958, 29.90204], [-95.309, 29.90186], [-95.30873, 29.90167], [-95.30842, 29.90121], [-95.30889, 29.90108], [-95.31133, 29.90109], [-95.31175, 29.90111], [-95.31116, 29.90255], [-95.31145, 29.90263], [-95.31162, 29.90267], [-95.31179, 29.90272], [-95.31221, 29.90288], [-95.31252, 29.90294], [-95.31308, 29.90293], [-95.31335, 29.90293]]}, "properties": {"route_id": "059", "route_short_name": "059", "route_long_name": "Aldine Mail", "route_type": 3, "route_color": "#004080"}}, {"type": "Feature", "geometry": {"type": "LineString", "coordinates": [[-95.40358, 29.7044], [-95.40361, 29.7045], [-95.40367, 29.70475], [-95.40366, 29.70484], [-95.40341, 29.70485], [-95.40317, 29.7039], [-95.40341, 29.70375], [-95.40351, 29.70373], [-95.40381, 29.7038], [-95.40431, 29.70398], [-95.40455, 29.70396], [-95.40469, 29.70369], [-95.40465, 29.70344], [-95.40391, 29.70346], [-95.40335, 29.70357], [-95.40289, 29.70366], [-95.40274, 29.70369], [-95.4022, 29.70381], [-95.40172, 29.70391], [-95.40104, 29.70406], [-95.39947, 29.7044], [-95.39937, 29.70459], [-95.39908, 29.70539], [-95.39905, 29.70616], [-95.39903, 29.70735], [-95.39904, 29.70872], [-95.3989, 29.70919], [-95.39855, 29.70944], [-95.39739, 29.7101], [-95.39624, 29.70939], [-95.39431, 29.70824], [-95.39401, 29.70786], [-95.39357, 29.70715], [-95.39341, 29.70722], [-95.39275, 29.70751], [-95.39218, 29.70781], [-95.39151, 29.7081], [-95.39124, 29.70816], [-95.39057, 29.70822], [-95.39036, 29.70748], [-95.39024, 29.70657], [-95.39025, 29.70593], [-95.39041, 29.70532], [-95.39126, 29.70315], [-95.39191, 29.70151], [-95.3925, 29.70027], [-95.39303, 29.69911], [-95.39315, 29.69873], [-95.39321, 29.69831], [-95.39317, 29.69763], [-95.39313, 29.69752], [-95.39306, 29.69733], [-95.39253, 29.69557], [-95.39234, 29.69481], [-95.39229, 29.69436], [-95.39229, 29.69354], [-95.39247, 29.69266], [-95.39266, 29.69213], [-95.3929, 29.69169], [-95.3945, 29.68903], [-95.39584, 29.68901], [-95.39729, 29.68901], [-95.40006, 29.68897], [-95.40001, 29.68631], [-95.4, 29.68525], [-95.39565, 29.68532], [-95.39301, 29.68537], [-95.39166, 29.68536], [-95.38746, 29.68541], [-95.38661, 29.68541], [-95.38441, 29.68545], [-95.38397, 29.68552], [-95.38343, 29.68569], [-95.38261, 29.68611], [-95.38178, 29.68663], [-95.38127, 29.68692], [-95.38065, 29.68708], [-95.37988, 29.6871], [-95.37937, 29.68706], [-95.37836, 29.68702], [-95.37748, 29.68678], [-95.37734, 29.68671], [-95.37471, 29.6859], [-95.37166, 29.68494], [-95.3711, 29.68627], [-95.37055, 29.68764], [-95.37038, 29.6881], [-95.37007, 29.68877], [-95.36963, 29.68994], [-95.36887, 29.69176], [-95.36855, 29.69167], [-95.36828, 29.69235], [-95.36739, 29.69451], [-95.36711, 29.69525], [-95.36621, 29.69743], [-95.36493, 29.70068], [-95.3648, 29.70113], [-95.36486, 29.70192], [-95.36344, 29.702], [-95.36129, 29.70214], [-95.35954, 29.70223], [-95.35815, 29.70231], [-95.35842, 29.70161], [-95.35798, 29.70147], [-95.35781, 29.70169], [-95.35651, 29.70132], [-95.35647, 29.70112], [-95.35662, 29.70105], [-95.35761, 29.70135]]}, "properties": {"route_id": "060", "route_short_name": "060", "route_long_name": "Cambridge", "route_type": 3, "route_color": "#004080"}}, {"type": "Feature", "geometry": {"type": "LineString", "coordinates": [[-95.50725, 29.62186], [-95.50722, 29.62222], [-95.50726, 29.62229], [-95.50776, 29.62229], [-95.50754, 29.62312], [-95.50735, 29.62422], [-95.50726, 29.62535], [-95.50726, 29.62679], [-95.50729, 29.62891], [-95.50735, 29.62971], [-95.50747, 29.63064], [-95.50756, 29.63099], [-95.508, 29.63235], [-95.50812, 29.63325], [-95.50817, 29.63706], [-95.50817, 29.63816], [-95.50821, 29.64039], [-95.50821, 29.64215], [-95.50825, 29.64432], [-95.5083, 29.64749], [-95.50831, 29.65053], [-95.50833, 29.6521], [-95.50831, 29.653], [-95.50835, 29.65387], [-95.50837, 29.65595], [-95.50836, 29.65661], [-95.50839, 29.65756], [-95.50839, 29.65931], [-95.50841, 29.66021], [-95.5084, 29.66165], [-95.50844, 29.6646], [-95.50843, 29.66515], [-95.50844, 29.66655], [-95.50848, 29.66937], [-95.50851, 29.67086], [-95.50853, 29.67375], [-95.50856, 29.67489], [-95.50856, 29.67572], [-95.50859, 29.67818], [-95.50858, 29.67872], [-95.50864, 29.68144], [-95.50864, 29.68257], [-95.50866, 29.68338], [-95.50865, 29.68447], [-95.5087, 29.68566], [-95.50871, 29.68686], [-95.50874, 29.68789], [-95.50892, 29.68904], [-95.50906, 29.68956], [-95.50933, 29.69038], [-95.50987, 29.69194], [-95.51016, 29.69265], [-95.51051, 29.69334], [-95.51087, 29.69393], [-95.5115, 29.69478], [-95.51229, 29.69562], [-95.51599, 29.69885], [-95.51762, 29.70023], [-95.51772, 29.70033], [-95.51833, 29.7009], [-95.51854, 29.70105], [-95.52006, 29.70234], [-95.52052, 29.70289], [-95.52076, 29.70328], [-95.52107, 29.70401], [-95.52119, 29.70464], [-95.52122, 29.70525], [-95.52122, 29.7059], [-95.52126, 29.70796], [-95.52126, 29.70938], [-95.52129, 29.71066], [-95.52128, 29.71129], [-95.52123, 29.71176], [-95.52106, 29.71245], [-95.52078, 29.71314], [-95.52043, 29.71376], [-95.52028, 29.7141], [-95.52008, 29.71468], [-95.51997, 29.71518], [-95.51991, 29.71581], [-95.51993, 29.71706], [-95.51992, 29.71774], [-95.51995, 29.71976], [-95.52002, 29.72053], [-95.52026, 29.72147], [-95.52037, 29.72191], [-95.52043, 29.7224], [-95.52051, 29.72537], [-95.52053, 29.72572], [-95.52053, 29.72684], [-95.52056, 29.72782], [-95.52053, 29.72853], [-95.52044, 29.72915], [-95.52043, 29.73021], [-95.52047, 29.7326], [-95.5205, 29.73371], [-95.52059, 29.73444], [-95.52095, 29.73565], [-95.52102, 29.73603], [-95.52112, 29.73746], [-95.52114, 29.73808], [-95.52125, 29.73968], [-95.52135, 29.74029], [-95.52137, 29.74091], [-95.51836, 29.74101], [-95.51799, 29.74105], [-95.51732, 29.74126], [-95.5167, 29.74152], [-95.51607, 29.74166], [-95.51361, 29.7417], [-95.5133, 29.74157], [-95.51264, 29.74138], [-95.51171, 29.74104], [-95.51128, 29.74067], [-95.51089, 29.74027], [-95.51051, 29.73967], [-95.51033, 29.73925], [-95.51023, 29.73889], [-95.5102, 29.73853], [-95.5102, 29.7379]]}, "properties": {"route_id": "063", "route_short_name": "063", "route_long_name": "Fondren", "route_type": 3, "route_color": "#004080"}}, {"type": "Feature", "geometry": {"type": "LineString", "coordinates": [[-95.38303, 29.73335], [-95.38308, 29.73322], [-95.38312, 29.73306], [-95.38323, 29.73259], [-95.38331, 29.73244], [-95.38338, 29.73235], [-95.38341, 29.73203], [-95.38362, 29.73176], [-95.38445, 29.7323], [-95.38514, 29.73137], [-95.38561, 29.73081], [-95.38608, 29.73017], [-95.38747, 29.72842], [-95.38794, 29.72789], [-95.38848, 29.72723], [-95.38959, 29.72579], [-95.38991, 29.72599], [-95.3904, 29.72611], [-95.39104, 29.72615], [-95.39423, 29.72611], [-95.39459, 29.72606], [-95.39512, 29.7258], [-95.39542, 29.72577], [-95.39625, 29.72577], [-95.39777, 29.72573], [-95.3989, 29.72573], [-95.39951, 29.7257], [-95.40015, 29.7257], [-95.40344, 29.72566], [-95.40437, 29.72568], [-95.40518, 29.72562], [-95.40692, 29.72562], [-95.40792, 29.72557], [-95.40863, 29.72558], [-95.41053, 29.72557], [-95.41279, 29.72557], [-95.41447, 29.72552], [-95.41675, 29.72548], [-95.41863, 29.72543], [-95.41917, 29.72549], [-95.42104, 29.72552], [-95.42481, 29.72544], [-95.42776, 29.72541], [-95.42947, 29.72538], [-95.43234, 29.72534], [-95.4334, 29.72528], [-95.43378, 29.72511], [-95.43619, 29.72386], [-95.43841, 29.72277], [-95.44116, 29.72132], [-95.4413, 29.72118], [-95.44232, 29.72066], [-95.4436, 29.72003], [-95.44513, 29.71924], [-95.44586, 29.71888], [-95.44796, 29.71778], [-95.4496, 29.71697], [-95.45177, 29.71585], [-95.45343, 29.71502], [-95.45752, 29.71292], [-95.45933, 29.71204], [-95.46056, 29.71135], [-95.46144, 29.71094], [-95.46188, 29.71071], [-95.46342, 29.70995], [-95.46468, 29.70931], [-95.46557, 29.70884], [-95.46728, 29.70797], [-95.46793, 29.70767], [-95.46801, 29.70762], [-95.468, 29.70615], [-95.46793, 29.70593], [-95.4681, 29.70593], [-95.46841, 29.70583], [-95.46844, 29.70572], [-95.4685, 29.70565], [-95.46908, 29.70563], [-95.46927, 29.70569], [-95.4696, 29.7058], [-95.46989, 29.70577], [-95.47035, 29.70576], [-95.47168, 29.70575], [-95.47199, 29.70557], [-95.47415, 29.70448], [-95.47438, 29.70441], [-95.47598, 29.7036], [-95.47632, 29.70341], [-95.48001, 29.70154], [-95.48214, 29.70047], [-95.4845, 29.69925], [-95.48464, 29.69919], [-95.48708, 29.69793], [-95.48973, 29.69658], [-95.49221, 29.69529], [-95.4931, 29.69484], [-95.49488, 29.69394], [-95.49688, 29.69291], [-95.50155, 29.69053], [-95.50304, 29.68978], [-95.50539, 29.68858], [-95.50871, 29.68686], [-95.51012, 29.68616], [-95.51346, 29.68446], [-95.51498, 29.68367], [-95.51516, 29.68353], [-95.51757, 29.68232], [-95.51846, 29.6819], [-95.51881, 29.68177], [-95.51969, 29.68133], [-95.52123, 29.68053], [-95.52172, 29.68029], [-95.52592, 29.67819], [-95.52734, 29.67747], [-95.52832, 29.67703], [-95.52892, 29.67675], [-95.52983, 29.67653], [-95.53058, 29.67647], [-95.53676, 29.67628], [-95.53744, 29.67624], [-95.53832, 29.67615], [-95.53958, 29.6761], [-95.54133, 29.67601], [-95.54167, 29.67597], [-95.5419, 29.67595], [-95.54243, 29.67593], [-95.5439, 29.67583], [-95.546, 29.6757], [-95.54712, 29.67561], [-95.54837, 29.67553], [-95.55067, 29.67535], [-95.55197, 29.67527], [-95.55365, 29.67515], [-95.55504, 29.67504], [-95.55689, 29.67494], [-95.55852, 29.67482], [-95.56061, 29.6747], [-95.56285, 29.67454], [-95.56486, 29.6744], [-95.56514, 29.6744], [-95.56792, 29.67422], [-95.56907, 29.67421], [-95.57032, 29.67429], [-95.57214, 29.67439], [-95.57377, 29.6745], [-95.57851, 29.67478], [-95.57934, 29.67481], [-95.58125, 29.67492], [-95.58256, 29.67503], [-95.58371, 29.67511], [-95.58655, 29.67528], [-95.58819, 29.67537], [-95.58913, 29.6754], [-95.59043, 29.67548], [-95.5915, 29.6756], [-95.594, 29.67576], [-95.5945, 29.67583], [-95.59513, 29.67598], [-95.59951, 29.67722], [-95.59969, 29.67728], [-95.60256, 29.67809], [-95.60299, 29.6782], [-95.60676, 29.67929], [-95.60773, 29.67956], [-95.61123, 29.68058], [-95.6122, 29.68084], [-95.61345, 29.68107], [-95.61429, 29.68115], [-95.61429, 29.68437], [-95.61431, 29.68522], [-95.61426, 29.68609], [-95.61432, 29.68847], [-95.61367, 29.68847], [-95.61294, 29.68855], [-95.61205, 29.68871], [-95.61117, 29.68879], [-95.61068, 29.68879], [-95.61065, 29.68708], [-95.61063, 29.68541]]}, "properties": {"route_id": "065", "route_short_name": "065", "route_long_name": "Bissonnet", "route_type": 3, "route_color": "#004080"}}, {"type": "Feature", "geometry": {"type": "LineString", "coordinates": [[-95.4561, 29.7833], [-95.45596, 29.7833], [-95.45546, 29.7833], [-95.4553, 29.7833], [-95.45497, 29.7833], [-95.45476, 29.78317], [-95.4548, 29.78302], [-95.45503, 29.78297], [-95.45542, 29.78297], [-95.45566, 29.78297], [-95.45573, 29.78288], [-95.45555, 29.78274], [-95.45512, 29.78268], [-95.45486, 29.78261], [-95.45462, 29.78245], [-95.45436, 29.78249], [-95.45429, 29.78268], [-95.45436, 29.7829], [-95.45446, 29.78294], [-95.45447, 29.7838], [-95.45447, 29.78411], [-95.45463, 29.78411], [-95.45684, 29.78414], [-95.45691, 29.78516], [-95.45688, 29.78593], [-95.45683, 29.78609], [-95.45687, 29.78731], [-95.45687, 29.78838], [-95.45691, 29.78969], [-95.45692, 29.79071], [-95.45702, 29.79449], [-95.45702, 29.79634], [-95.457, 29.79661], [-95.45677, 29.79714], [-95.45646, 29.79762], [-95.45587, 29.79826], [-95.45504, 29.79768], [-95.45319, 29.79633], [-95.45201, 29.79552], [-95.45039, 29.79435], [-95.44906, 29.79338], [-95.44826, 29.79273], [-95.4465, 29.79144], [-95.446, 29.7911], [-95.44507, 29.79041], [-95.44384, 29.78953], [-95.44308, 29.78897], [-95.44283, 29.7891], [-95.44216, 29.78913], [-95.44083, 29.78912], [-95.43819, 29.78913], [-95.43727, 29.78915], [-95.43307, 29.78917], [-95.42997, 29.78921], [-95.42541, 29.78921], [-95.42298, 29.7892], [-95.42233, 29.78927], [-95.42175, 29.78944], [-95.4204, 29.78989], [-95.41962, 29.79001], [-95.41785, 29.79005], [-95.41761, 29.79011], [-95.41648, 29.79013], [-95.4164, 29.78979], [-95.4164, 29.78937], [-95.41661, 29.78842], [-95.41682, 29.78763], [-95.41724, 29.78586], [-95.41755, 29.78448], [-95.41813, 29.78213], [-95.41821, 29.78167], [-95.4182, 29.78055], [-95.41822, 29.78009], [-95.4182, 29.77942], [-95.41818, 29.77756], [-95.41818, 29.77733], [-95.41817, 29.77693], [-95.41491, 29.77696], [-95.41168, 29.77703], [-95.4096, 29.77706], [-95.40847, 29.77707], [-95.40734, 29.777], [-95.40575, 29.7767], [-95.40537, 29.77669], [-95.40218, 29.77625], [-95.40057, 29.77611], [-95.40007, 29.77609], [-95.39726, 29.77614], [-95.39726, 29.77644], [-95.39726, 29.77668], [-95.39731, 29.77778], [-95.39739, 29.78146], [-95.39624, 29.78147], [-95.39137, 29.78155], [-95.39034, 29.78158], [-95.3893, 29.78158], [-95.38766, 29.7816], [-95.38595, 29.78165], [-95.38371, 29.78167], [-95.38328, 29.78149], [-95.3831, 29.78115], [-95.38303, 29.78067], [-95.38261, 29.78045], [-95.38205, 29.77979], [-95.38164, 29.77956], [-95.38105, 29.77953], [-95.38057, 29.77958], [-95.38033, 29.77967], [-95.38001, 29.7799], [-95.37973, 29.7803], [-95.37952, 29.78047], [-95.37901, 29.78071], [-95.37768, 29.78124], [-95.37631, 29.78181], [-95.37573, 29.78191], [-95.37493, 29.78178], [-95.3743, 29.7818], [-95.37379, 29.78174], [-95.37345, 29.78155], [-95.37284, 29.781], [-95.37243, 29.78068], [-95.37104, 29.77999], [-95.36996, 29.77951], [-95.36964, 29.77941], [-95.36906, 29.77932], [-95.36889, 29.7793], [-95.36818, 29.77931], [-95.36773, 29.77939], [-95.36733, 29.77951], [-95.36515, 29.78031], [-95.36467, 29.78048], [-95.3641, 29.78069], [-95.36395, 29.78074], [-95.36388, 29.78077], [-95.36378, 29.78081], [-95.36304, 29.78106], [-95.3608, 29.78188], [-95.35999, 29.78219], [-95.35881, 29.7826], [-95.35843, 29.78275], [-95.35694, 29.78328], [-95.35672, 29.78331], [-95.3556, 29.78334], [-95.35469, 29.78334], [-95.35141, 29.78337], [-95.35062, 29.78338], [-95.34791, 29.78344], [-95.34724, 29.78347], [-95.34584, 29.7835], [-95.34399, 29.78352], [-95.34191, 29.78352], [-95.34116, 29.78349], [-95.34065, 29.78356], [-95.34001, 29.78371], [-95.33986, 29.78376], [-95.33964, 29.78384], [-95.33933, 29.78396], [-95.33895, 29.78417], [-95.33834, 29.78466], [-95.3361, 29.78469], [-95.33564, 29.78483], [-95.33461, 29.78486], [-95.33249, 29.78488], [-95.33054, 29.78493], [-95.32929, 29.78549], [-95.32769, 29.78617], [-95.32739, 29.78632], [-95.32564, 29.78706], [-95.32486, 29.78741], [-95.32434, 29.7876], [-95.32392, 29.78766], [-95.32258, 29.78766], [-95.32176, 29.78768], [-95.32124, 29.78756], [-95.32042, 29.78757], [-95.31838, 29.78765], [-95.31646, 29.78774], [-95.31652, 29.78944], [-95.31639, 29.78971], [-95.31616, 29.78975], [-95.31594, 29.78953], [-95.31593, 29.78785], [-95.31589, 29.7855], [-95.31589, 29.78474], [-95.31594, 29.78455], [-95.31601, 29.78377], [-95.31602, 29.78317], [-95.316, 29.78225], [-95.31599, 29.78007], [-95.31596, 29.77834], [-95.31584, 29.77712], [-95.31573, 29.77644], [-95.31566, 29.77574], [-95.31535, 29.7757]]}, "properties": {"route_id": "066", "route_short_name": "066", "route_long_name": "Quitman", "route_type": 3, "route_color": "#004080"}}, {"type": "Feature", "geometry": {"type": "LineString", "coordinates": [[-95.63847, 29.78754], [-95.63784, 29.78754], [-95.63778, 29.78781], [-95.63789, 29.78784], [-95.63896, 29.78782], [-95.63896, 29.78825], [-95.6384, 29.78819], [-95.63691, 29.78824], [-95.63557, 29.78824], [-95.63026, 29.78831], [-95.62917, 29.78828], [-95.62826, 29.78812], [-95.6265, 29.78762], [-95.62598, 29.78753], [-95.62506, 29.78746], [-95.6245, 29.78748], [-95.62337, 29.78762], [-95.62289, 29.78765], [-95.62078, 29.78765], [-95.61982, 29.7876], [-95.61864, 29.7874], [-95.61683, 29.78739], [-95.61633, 29.7873], [-95.6158, 29.78709], [-95.61527, 29.78672], [-95.61472, 29.78612], [-95.61424, 29.7858], [-95.61396, 29.78569], [-95.6135, 29.78558], [-95.61303, 29.78555], [-95.61262, 29.78559], [-95.61205, 29.78576], [-95.61025, 29.78682], [-95.60989, 29.78695], [-95.6093, 29.78703], [-95.60787, 29.78701], [-95.60745, 29.7869], [-95.60722, 29.78679], [-95.60681, 29.78637], [-95.60666, 29.78608], [-95.6066, 29.78532], [-95.6066, 29.78484], [-95.6066, 29.78472], [-95.60659, 29.78456], [-95.60659, 29.78404], [-95.60652, 29.78281], [-95.60648, 29.78054], [-95.60648, 29.77894], [-95.60645, 29.77794], [-95.60639, 29.77697], [-95.60636, 29.77608], [-95.60637, 29.77515], [-95.60642, 29.77408], [-95.60639, 29.77311], [-95.60635, 29.77007], [-95.60633, 29.76847], [-95.60633, 29.76744], [-95.6063, 29.76623], [-95.60624, 29.76311], [-95.60634, 29.76114], [-95.60629, 29.75995], [-95.60628, 29.75858], [-95.60623, 29.75598], [-95.6062, 29.75398], [-95.60615, 29.75123], [-95.60615, 29.7496], [-95.60612, 29.74851], [-95.60606, 29.74763], [-95.60613, 29.74678], [-95.60613, 29.74627], [-95.60613, 29.74562], [-95.60607, 29.74272], [-95.60603, 29.74115], [-95.60601, 29.73979], [-95.60598, 29.73935], [-95.60593, 29.73738], [-95.60591, 29.73626], [-95.60587, 29.73377], [-95.60587, 29.73225], [-95.60583, 29.72985], [-95.60581, 29.72816], [-95.60579, 29.72759], [-95.60569, 29.72683], [-95.60557, 29.72636], [-95.60516, 29.72522], [-95.60503, 29.72462], [-95.60499, 29.72426], [-95.60495, 29.72184], [-95.6049, 29.71994], [-95.60484, 29.71757], [-95.60477, 29.71403], [-95.60473, 29.71226], [-95.60472, 29.71125], [-95.60464, 29.70737], [-95.60462, 29.70596], [-95.60452, 29.70358], [-95.60451, 29.70257], [-95.60455, 29.70124], [-95.60453, 29.69936], [-95.60447, 29.69607], [-95.60444, 29.69408], [-95.60434, 29.68889], [-95.60432, 29.68843], [-95.60431, 29.68655], [-95.60428, 29.68555], [-95.60426, 29.68389], [-95.60424, 29.68356], [-95.60413, 29.6829], [-95.60389, 29.68216], [-95.60376, 29.68186], [-95.60328, 29.68098], [-95.60302, 29.68041], [-95.60282, 29.67972], [-95.60128, 29.6797], [-95.60067, 29.67971], [-95.59997, 29.67991], [-95.59954, 29.679], [-95.59941, 29.67861], [-95.59939, 29.67819], [-95.59945, 29.67796]]}, "properties": {"route_id": "067", "route_short_name": "067", "route_long_name": "Dairy Ashford", "route_type": 3, "route_color": "#004080"}}, {"type": "Feature", "geometry": {"type": "LineString", "coordinates": [[-95.40391, 29.70418], [-95.40406, 29.70475], [-95.40404, 29.70483], [-95.40379, 29.70483], [-95.40366, 29.70484], [-95.40341, 29.70485], [-95.40317, 29.7039], [-95.40341, 29.70375], [-95.40351, 29.70373], [-95.40381, 29.7038], [-95.40431, 29.70398], [-95.40455, 29.70396], [-95.40469, 29.70369], [-95.40465, 29.70344], [-95.40529, 29.70356], [-95.40578, 29.70376], [-95.40666, 29.70423], [-95.40716, 29.70364], [-95.40726, 29.70348], [-95.40898, 29.70124], [-95.40966, 29.70043], [-95.41132, 29.69835], [-95.41179, 29.69774], [-95.41325, 29.69805], [-95.41445, 29.69826], [-95.41588, 29.69834], [-95.41664, 29.69834], [-95.41703, 29.69829], [-95.41756, 29.69815], [-95.41823, 29.69786], [-95.4182, 29.69774], [-95.41807, 29.69735], [-95.41787, 29.69696], [-95.41807, 29.69692], [-95.4183, 29.69675], [-95.41913, 29.69586], [-95.41942, 29.69564], [-95.42002, 29.69539], [-95.42064, 29.69534], [-95.42136, 29.69546], [-95.42184, 29.69564], [-95.42257, 29.69606], [-95.4234, 29.69639], [-95.42415, 29.69652], [-95.42477, 29.69653], [-95.42528, 29.69644], [-95.42574, 29.69625], [-95.42604, 29.69607], [-95.42675, 29.69536], [-95.42691, 29.69513], [-95.42754, 29.69438], [-95.42778, 29.69399], [-95.42794, 29.69356], [-95.42811, 29.69248], [-95.42835, 29.69192], [-95.42878, 29.69139], [-95.42918, 29.69108], [-95.42972, 29.69083], [-95.43011, 29.69071], [-95.43091, 29.69059], [-95.43146, 29.69058], [-95.43213, 29.69066], [-95.4331, 29.69088], [-95.43372, 29.69098], [-95.43432, 29.69098], [-95.43484, 29.69092], [-95.43533, 29.69077], [-95.43618, 29.69043], [-95.43704, 29.69003], [-95.43763, 29.6898], [-95.43801, 29.68969], [-95.43847, 29.68962], [-95.43884, 29.68961], [-95.44015, 29.68972], [-95.44103, 29.68981], [-95.44181, 29.68981], [-95.44284, 29.68963], [-95.44333, 29.68941], [-95.44378, 29.68911], [-95.44549, 29.68757], [-95.44591, 29.68728], [-95.44625, 29.68713], [-95.4476, 29.68674], [-95.44823, 29.68647], [-95.44859, 29.68625], [-95.44901, 29.68592], [-95.44918, 29.68573], [-95.44964, 29.68535], [-95.44998, 29.68514], [-95.45055, 29.68489], [-95.45213, 29.68434], [-95.45449, 29.68348], [-95.45644, 29.68279], [-95.45789, 29.68226], [-95.45822, 29.68217], [-95.45884, 29.68207], [-95.45936, 29.68205], [-95.45943, 29.68003], [-95.45946, 29.67937], [-95.45854, 29.67933], [-95.45804, 29.67923], [-95.45779, 29.67914], [-95.45769, 29.67926], [-95.45769, 29.67959], [-95.4576, 29.67961], [-95.45764, 29.67972], [-95.45746, 29.67984], [-95.45683, 29.6795], [-95.4568, 29.67931], [-95.45691, 29.67926], [-95.4576, 29.67961], [-95.45764, 29.67972], [-95.45766, 29.67998], [-95.45854, 29.68], [-95.45943, 29.68003], [-95.45946, 29.67937], [-95.45854, 29.67933], [-95.45854, 29.68], [-95.45852, 29.68072], [-95.45839, 29.68108], [-95.45822, 29.68217], [-95.45884, 29.68207], [-95.45936, 29.68205], [-95.45998, 29.682], [-95.46061, 29.68182], [-95.46134, 29.68138], [-95.46172, 29.681], [-95.46223, 29.68064], [-95.46261, 29.68044], [-95.46333, 29.68021], [-95.46392, 29.68013], [-95.46509, 29.68002], [-95.4661, 29.6799], [-95.46757, 29.67967], [-95.46966, 29.6793], [-95.47184, 29.6789], [-95.4738, 29.67857], [-95.47693, 29.67801], [-95.47738, 29.67791], [-95.48015, 29.67713], [-95.48157, 29.67671], [-95.48254, 29.67644], [-95.48424, 29.67595], [-95.48515, 29.6758], [-95.48574, 29.67576], [-95.48641, 29.67579], [-95.48745, 29.676], [-95.48794, 29.67617], [-95.48877, 29.67658], [-95.49094, 29.67776], [-95.49183, 29.67826], [-95.49243, 29.67854], [-95.49304, 29.67877], [-95.49383, 29.67898], [-95.49632, 29.67941], [-95.49685, 29.67945], [-95.4974, 29.67939], [-95.49771, 29.6793], [-95.49817, 29.67909], [-95.49844, 29.6789], [-95.4987, 29.67855], [-95.49906, 29.67776], [-95.49917, 29.67761], [-95.49943, 29.6775], [-95.49991, 29.6774], [-95.50213, 29.67705], [-95.50288, 29.67691], [-95.50366, 29.67667], [-95.50461, 29.67629], [-95.50551, 29.67597], [-95.50648, 29.67579], [-95.50696, 29.67574], [-95.50856, 29.67572], [-95.51017, 29.6757], [-95.5106, 29.67565], [-95.51119, 29.67551], [-95.51175, 29.67529], [-95.51225, 29.67501], [-95.51323, 29.67433], [-95.51422, 29.67368], [-95.51492, 29.67337], [-95.51658, 29.67292], [-95.51734, 29.6727], [-95.51888, 29.67229], [-95.51999, 29.67198], [-95.52064, 29.67182], [-95.5215, 29.6717], [-95.52459, 29.67148], [-95.52809, 29.67143], [-95.52946, 29.6714], [-95.52985, 29.67142], [-95.53077, 29.67155], [-95.53128, 29.67168], [-95.53205, 29.67197], [-95.53268, 29.6723], [-95.53305, 29.67253], [-95.53368, 29.67304], [-95.5345, 29.67381], [-95.53532, 29.67454], [-95.53639, 29.67555], [-95.53674, 29.67578], [-95.53727, 29.67601], [-95.53778, 29.67612], [-95.53832, 29.67615], [-95.53958, 29.6761], [-95.54133, 29.67601], [-95.54167, 29.67597], [-95.5419, 29.67595], [-95.54243, 29.67593], [-95.5439, 29.67583], [-95.546, 29.6757], [-95.54712, 29.67561], [-95.54837, 29.67553], [-95.55067, 29.67535], [-95.55197, 29.67527], [-95.55365, 29.67515], [-95.55504, 29.67504], [-95.55689, 29.67494], [-95.55852, 29.67482], [-95.56061, 29.6747], [-95.56285, 29.67454], [-95.56287, 29.6766], [-95.56289, 29.67751], [-95.56285, 29.67793], [-95.56269, 29.67849], [-95.56261, 29.6789], [-95.56262, 29.67971], [-95.56266, 29.68065], [-95.56268, 29.68175], [-95.56269, 29.68208], [-95.56271, 29.68523], [-95.56275, 29.6865], [-95.56276, 29.68863], [-95.56269, 29.68881], [-95.5627, 29.68922], [-95.56272, 29.68935], [-95.56334, 29.6893], [-95.56559, 29.68926], [-95.56618, 29.68922], [-95.56714, 29.68908], [-95.5702, 29.68845], [-95.57145, 29.68821], [-95.57246, 29.68813], [-95.57342, 29.68813], [-95.57466, 29.68809], [-95.57466, 29.68797], [-95.57463, 29.68689], [-95.57457, 29.68357], [-95.57457, 29.68201], [-95.57455, 29.68031], [-95.57458, 29.67952], [-95.57457, 29.67893], [-95.57307, 29.67895], [-95.57307, 29.67968]]}, "properties": {"route_id": "068", "route_short_name": "068", "route_long_name": "Braeswood", "route_type": 3, "route_color": "#004080"}}, {"type": "Feature", "geometry": {"type": "LineString", "coordinates": [[-95.56809, 29.78876], [-95.56809, 29.78841], [-95.56986, 29.78841], [-95.56985, 29.79073], [-95.56808, 29.79074], [-95.56585, 29.79073], [-95.5644, 29.79071], [-95.56415, 29.79074], [-95.56198, 29.79074], [-95.56117, 29.79072], [-95.55886, 29.7907], [-95.55872, 29.79074], [-95.55368, 29.7907], [-95.5523, 29.79073], [-95.55038, 29.79074], [-95.54809, 29.79078], [-95.54714, 29.79088], [-95.54655, 29.79091], [-95.5447, 29.79088], [-95.54466, 29.78918], [-95.54456, 29.78851], [-95.54428, 29.78766], [-95.54417, 29.78716], [-95.54411, 29.78509], [-95.5441, 29.78456], [-95.54409, 29.78445], [-95.54406, 29.78391], [-95.54409, 29.78257], [-95.54423, 29.78172], [-95.54447, 29.78079], [-95.54455, 29.7803], [-95.54459, 29.77973], [-95.54458, 29.77932], [-95.54451, 29.7791], [-95.54449, 29.77821], [-95.54457, 29.77801], [-95.54454, 29.77581], [-95.54456, 29.77557], [-95.5445, 29.77144], [-95.54448, 29.77061], [-95.54449, 29.76976], [-95.54446, 29.76891], [-95.54446, 29.76662], [-95.54445, 29.76525], [-95.54449, 29.76464], [-95.5446, 29.7639], [-95.54445, 29.76383], [-95.54385, 29.76361], [-95.5431, 29.76344], [-95.54269, 29.76341], [-95.54162, 29.76341], [-95.53888, 29.76343], [-95.53851, 29.7634], [-95.53814, 29.7632], [-95.538, 29.7629], [-95.53796, 29.76257], [-95.53794, 29.75979], [-95.53782, 29.75934], [-95.53748, 29.75907], [-95.53705, 29.75901], [-95.53526, 29.75902], [-95.53275, 29.75902], [-95.53041, 29.75906], [-95.52996, 29.75892], [-95.52978, 29.75872], [-95.52968, 29.7584], [-95.52966, 29.75726], [-95.52963, 29.75457], [-95.52942, 29.75419], [-95.52895, 29.754], [-95.52784, 29.75401], [-95.52655, 29.75399], [-95.52632, 29.75392], [-95.52603, 29.75366], [-95.52596, 29.75344], [-95.52593, 29.75195], [-95.52589, 29.75102], [-95.52303, 29.75102], [-95.52233, 29.751], [-95.52139, 29.75102], [-95.51871, 29.75103], [-95.51782, 29.75102], [-95.51644, 29.75103], [-95.51475, 29.75106], [-95.51437, 29.7511], [-95.51408, 29.75126], [-95.51371, 29.75178], [-95.51316, 29.75283], [-95.51272, 29.75373], [-95.51223, 29.75465], [-95.51123, 29.756], [-95.51069, 29.75678], [-95.51031, 29.75729], [-95.50978, 29.75777], [-95.50923, 29.75812], [-95.50783, 29.75889], [-95.50726, 29.75931], [-95.50703, 29.75954], [-95.50673, 29.76002], [-95.50655, 29.76047], [-95.5065, 29.76084], [-95.5065, 29.76258], [-95.5063, 29.76304], [-95.50605, 29.76338], [-95.50579, 29.7636], [-95.50546, 29.76377], [-95.50467, 29.76411], [-95.5032, 29.76471], [-95.50232, 29.76503], [-95.50007, 29.76591], [-95.49967, 29.76612], [-95.49916, 29.76653], [-95.49861, 29.7672], [-95.49734, 29.76883], [-95.49667, 29.76971], [-95.49641, 29.77002], [-95.4959, 29.77042], [-95.49543, 29.77061], [-95.49412, 29.77099], [-95.49382, 29.77113], [-95.4933, 29.77147], [-95.49308, 29.77168], [-95.49251, 29.77231], [-95.4909, 29.7742], [-95.49002, 29.77519], [-95.48905, 29.77633], [-95.4883, 29.77709], [-95.48791, 29.77729], [-95.48741, 29.7774], [-95.48691, 29.77738], [-95.48501, 29.77734], [-95.4841, 29.77735], [-95.4835, 29.77747], [-95.48296, 29.77763], [-95.48205, 29.77811], [-95.48155, 29.7783], [-95.48094, 29.77843], [-95.4805, 29.77848], [-95.47892, 29.77848], [-95.47848, 29.77853], [-95.47727, 29.77876], [-95.47647, 29.77886], [-95.47584, 29.77887], [-95.47546, 29.77892], [-95.47438, 29.77892], [-95.47269, 29.77898], [-95.47225, 29.77901], [-95.47086, 29.77927], [-95.47017, 29.77931], [-95.46892, 29.77931], [-95.4675, 29.77935], [-95.46638, 29.77926], [-95.46572, 29.77914], [-95.46497, 29.77892], [-95.46429, 29.77862], [-95.46347, 29.77811], [-95.46317, 29.77787], [-95.46262, 29.77736], [-95.46199, 29.77659], [-95.46169, 29.77594], [-95.4616, 29.77546], [-95.46155, 29.7746], [-95.46138, 29.7741], [-95.46109, 29.77374], [-95.46092, 29.7736], [-95.46044, 29.77334], [-95.46004, 29.77322], [-95.45981, 29.7732], [-95.45805, 29.77321], [-95.45761, 29.77323], [-95.4572, 29.77323], [-95.45679, 29.77324], [-95.45657, 29.77324], [-95.45657, 29.77337], [-95.4566, 29.77352], [-95.45662, 29.77394], [-95.45674, 29.77431], [-95.45677, 29.77462], [-95.45674, 29.7776], [-95.45667, 29.77784], [-95.45669, 29.77962], [-95.45674, 29.78154], [-95.45675, 29.78228], [-95.45676, 29.783], [-95.45682, 29.78385], [-95.45462, 29.7838], [-95.45462, 29.78345], [-95.45474, 29.7834], [-95.45476, 29.78317], [-95.4548, 29.78302], [-95.45503, 29.78297], [-95.45542, 29.78297], [-95.45566, 29.78297], [-95.45614, 29.78298], [-95.45633, 29.78299], [-95.45643, 29.7832], [-95.45626, 29.7833], [-95.4561, 29.7833], [-95.45596, 29.7833]]}, "properties": {"route_id": "070", "route_short_name": "070", "route_long_name": "Memorial", "route_type": 3, "route_color": "#004080"}}, {"type": "Feature", "geometry": {"type": "LineString", "coordinates": [[-95.56809, 29.78876], [-95.56809, 29.78841], [-95.56986, 29.78841], [-95.56985, 29.79073], [-95.56808, 29.79074], [-95.56585, 29.79073], [-95.5644, 29.79071], [-95.56415, 29.79074], [-95.56198, 29.79074], [-95.56117, 29.79072], [-95.55886, 29.7907], [-95.55872, 29.79074], [-95.55368, 29.7907], [-95.5523, 29.79073], [-95.55038, 29.79074], [-95.54809, 29.79078], [-95.54714, 29.79088], [-95.54655, 29.79091], [-95.5447, 29.79088], [-95.54466, 29.78918], [-95.54456, 29.78851], [-95.54428, 29.78766], [-95.54417, 29.78716], [-95.54411, 29.78509], [-95.5441, 29.78456], [-95.54409, 29.78445], [-95.54406, 29.78391], [-95.54393, 29.78391], [-95.54181, 29.78392], [-95.54006, 29.78392], [-95.53807, 29.7839], [-95.53667, 29.7839], [-95.5349, 29.78388], [-95.53304, 29.78388], [-95.53082, 29.78386], [-95.52874, 29.78383], [-95.52599, 29.78383], [-95.52091, 29.7838], [-95.52025, 29.78378], [-95.51519, 29.78376], [-95.51389, 29.78383], [-95.51389, 29.78431], [-95.51389, 29.78442], [-95.51389, 29.78469], [-95.51397, 29.78494], [-95.51445, 29.78492], [-95.51704, 29.78491], [-95.51941, 29.78494], [-95.5212, 29.78494], [-95.52121, 29.78547], [-95.52136, 29.78612], [-95.5216, 29.78677], [-95.52166, 29.78704], [-95.5217, 29.78762], [-95.5217, 29.79192], [-95.52173, 29.79224], [-95.52196, 29.79299], [-95.5221, 29.79325], [-95.52145, 29.79358], [-95.52101, 29.79371], [-95.52055, 29.79379], [-95.51642, 29.7938], [-95.51594, 29.79382], [-95.51555, 29.79388], [-95.51439, 29.79425], [-95.51375, 29.79429], [-95.51148, 29.79429], [-95.50962, 29.79432], [-95.50828, 29.79427], [-95.50627, 29.79414], [-95.50497, 29.79399], [-95.50376, 29.79383], [-95.49945, 29.79383], [-95.49885, 29.79385], [-95.49844, 29.7939], [-95.49805, 29.79401], [-95.49682, 29.79458], [-95.49633, 29.79473], [-95.4959, 29.79482], [-95.49461, 29.79483], [-95.4932, 29.79488], [-95.49085, 29.79489], [-95.48893, 29.79493], [-95.4866, 29.7949], [-95.48487, 29.7949], [-95.48445, 29.79483], [-95.4841, 29.79469], [-95.48355, 29.79459], [-95.48089, 29.79457], [-95.47859, 29.79454], [-95.47714, 29.7945], [-95.4756, 29.79449], [-95.47435, 29.79446], [-95.47327, 29.79445], [-95.47036, 29.7945], [-95.4693, 29.7945], [-95.46814, 29.79452], [-95.4681, 29.79282], [-95.46807, 29.78866], [-95.468, 29.78702], [-95.46801, 29.78478], [-95.46801, 29.78425], [-95.46801, 29.78417], [-95.468, 29.78397], [-95.468, 29.78365], [-95.46685, 29.78368], [-95.46494, 29.78369], [-95.46253, 29.78364], [-95.46176, 29.78358], [-95.46097, 29.78348], [-95.46038, 29.78338], [-95.4595, 29.78317], [-95.4589, 29.78298], [-95.45837, 29.78274], [-95.45789, 29.7824], [-95.45715, 29.78171], [-95.45693, 29.78157], [-95.45674, 29.78154], [-95.45675, 29.78228], [-95.45676, 29.783], [-95.45682, 29.78385], [-95.45462, 29.7838], [-95.45462, 29.78345], [-95.45474, 29.7834], [-95.45476, 29.78317], [-95.4548, 29.78302], [-95.45503, 29.78297], [-95.45542, 29.78297], [-95.45566, 29.78297], [-95.45614, 29.78298], [-95.45633, 29.78299], [-95.45643, 29.7832], [-95.45626, 29.7833], [-95.4561, 29.7833], [-95.45596, 29.7833]]}, "properties": {"route_id": "072", "route_short_name": "072", "route_long_name": "Westview", "route_type": 3, "route_color": "#004080"}}, {"type": "Feature", "geometry": {"type": "LineString", "coordinates": [[-95.40252, 29.67367], [-95.40261, 29.67364], [-95.40254, 29.67345], [-95.40234, 29.6736], [-95.40165, 29.67384], [-95.40157, 29.67353], [-95.40155, 29.67342], [-95.40085, 29.67346], [-95.40011, 29.67338], [-95.3994, 29.67318], [-95.39893, 29.67298], [-95.3985, 29.67274], [-95.39795, 29.67234], [-95.39767, 29.67209], [-95.39726, 29.67164], [-95.39629, 29.67043], [-95.39504, 29.66897], [-95.39475, 29.6687], [-95.39412, 29.66826], [-95.39327, 29.66788], [-95.39257, 29.66771], [-95.39153, 29.66761], [-95.38685, 29.66769], [-95.38558, 29.6677], [-95.38404, 29.66769], [-95.38241, 29.66775], [-95.38143, 29.66786], [-95.38058, 29.66807], [-95.38006, 29.66824], [-95.37853, 29.66883], [-95.37781, 29.66905], [-95.37698, 29.6692], [-95.37639, 29.66924], [-95.37442, 29.66926], [-95.37075, 29.66933], [-95.36948, 29.66933], [-95.36824, 29.66935], [-95.36771, 29.66935], [-95.35942, 29.66948], [-95.35796, 29.66949], [-95.35749, 29.66947], [-95.35676, 29.66935], [-95.35568, 29.66902], [-95.35491, 29.66872], [-95.35453, 29.66849], [-95.35378, 29.66798], [-95.35347, 29.66782], [-95.35279, 29.66758], [-95.35051, 29.66691], [-95.34978, 29.6668], [-95.3483, 29.66675], [-95.3477, 29.66668], [-95.34607, 29.66623], [-95.34547, 29.66609], [-95.34485, 29.66606], [-95.34269, 29.66611], [-95.3418, 29.66612], [-95.33731, 29.66621], [-95.33214, 29.6663], [-95.3301, 29.66635], [-95.32867, 29.66637], [-95.32268, 29.66649], [-95.32173, 29.66644], [-95.31981, 29.66597], [-95.31937, 29.66591], [-95.31876, 29.6659], [-95.31793, 29.66602], [-95.3166, 29.66632], [-95.31603, 29.6664], [-95.31521, 29.66658], [-95.31421, 29.66677], [-95.31289, 29.66711], [-95.30957, 29.66788], [-95.30818, 29.66817], [-95.30722, 29.66846], [-95.30611, 29.66891], [-95.30501, 29.66948], [-95.30384, 29.67019], [-95.30308, 29.67073], [-95.30253, 29.67116], [-95.30173, 29.67186], [-95.30129, 29.67217], [-95.30085, 29.6724], [-95.30043, 29.67257], [-95.29984, 29.67274], [-95.29486, 29.67354], [-95.29401, 29.67364], [-95.29299, 29.67369], [-95.29215, 29.6737], [-95.29149, 29.67367], [-95.29103, 29.67361], [-95.29011, 29.6734], [-95.28929, 29.67314], [-95.28912, 29.67308], [-95.28771, 29.67264], [-95.2872, 29.67252], [-95.28594, 29.67233], [-95.28439, 29.67222], [-95.2836, 29.67219], [-95.28265, 29.6722], [-95.28195, 29.67223], [-95.28037, 29.67226], [-95.27954, 29.67229], [-95.27797, 29.67232], [-95.27722, 29.67235], [-95.27718, 29.67122], [-95.27715, 29.6697], [-95.27707, 29.66735], [-95.27701, 29.66533], [-95.27699, 29.6637], [-95.27695, 29.66303], [-95.27688, 29.66067], [-95.27678, 29.6601], [-95.27671, 29.65818], [-95.27679, 29.65799], [-95.27702, 29.6578], [-95.27736, 29.65765], [-95.27823, 29.65763], [-95.27911, 29.65762], [-95.27927, 29.65756], [-95.27952, 29.65734], [-95.27959, 29.65704], [-95.27959, 29.65665], [-95.27948, 29.656], [-95.27931, 29.65582], [-95.27908, 29.65572], [-95.27811, 29.65572], [-95.27791, 29.65565], [-95.27757, 29.65536], [-95.27742, 29.65533], [-95.27672, 29.65532], [-95.2759, 29.65534], [-95.27578, 29.65535]]}, "properties": {"route_id": "073", "route_short_name": "073", "route_long_name": "Bellfort", "route_type": 3, "route_color": "#004080"}}, {"type": "Feature", "geometry": {"type": "LineString", "coordinates": [[-95.63868, 29.78754], [-95.63784, 29.78754], [-95.63778, 29.78781], [-95.63789, 29.78784], [-95.63896, 29.78782], [-95.63896, 29.78825], [-95.63894, 29.78841], [-95.64004, 29.78868], [-95.6407, 29.78875], [-95.64133, 29.78868], [-95.64209, 29.78845], [-95.6428, 29.78812], [-95.64347, 29.78803], [-95.64509, 29.78804], [-95.64502, 29.78493], [-95.64502, 29.78477], [-95.64502, 29.78427], [-95.64501, 29.78258], [-95.64498, 29.78158], [-95.64498, 29.78035], [-95.64489, 29.77884], [-95.6448, 29.77835], [-95.64474, 29.77827], [-95.64469, 29.77709], [-95.64462, 29.77665], [-95.64424, 29.77556], [-95.64403, 29.77538], [-95.64341, 29.77556], [-95.64271, 29.77562], [-95.64122, 29.77553], [-95.64093, 29.7755], [-95.63957, 29.77543], [-95.63813, 29.77533], [-95.63736, 29.77531], [-95.63689, 29.77534], [-95.63638, 29.77542], [-95.63568, 29.77557], [-95.63501, 29.7758], [-95.63423, 29.77619], [-95.63379, 29.77646], [-95.63164, 29.77783], [-95.62929, 29.77928], [-95.62888, 29.77951], [-95.62824, 29.77973], [-95.62779, 29.77983], [-95.62701, 29.77989], [-95.62581, 29.77988], [-95.6242, 29.7799], [-95.62245, 29.7799], [-95.62161, 29.77981], [-95.62092, 29.77962], [-95.6203, 29.77933], [-95.61998, 29.77912], [-95.61937, 29.77864], [-95.61833, 29.7777], [-95.61851, 29.77653], [-95.61859, 29.77626], [-95.61907, 29.77518], [-95.61935, 29.77474], [-95.61991, 29.77395], [-95.62008, 29.77359], [-95.62031, 29.77297], [-95.62063, 29.77237], [-95.62088, 29.77202], [-95.62166, 29.77114], [-95.62204, 29.77067], [-95.62253, 29.76983], [-95.62346, 29.7685], [-95.62465, 29.76677], [-95.62479, 29.76654], [-95.62513, 29.76583], [-95.62527, 29.76541], [-95.62543, 29.76468], [-95.62546, 29.76408], [-95.62544, 29.76132], [-95.62542, 29.76047], [-95.62541, 29.75865], [-95.62539, 29.75758], [-95.62538, 29.755], [-95.62538, 29.75432], [-95.62534, 29.75238], [-95.62533, 29.75038], [-95.62531, 29.74943], [-95.62531, 29.74814], [-95.62528, 29.74765], [-95.62519, 29.74705], [-95.62496, 29.74626], [-95.62434, 29.74498], [-95.6242, 29.74461], [-95.62403, 29.74401], [-95.62396, 29.74354], [-95.62394, 29.74263], [-95.62383, 29.74188], [-95.62367, 29.74105], [-95.62364, 29.7407], [-95.62361, 29.73843], [-95.62363, 29.73806], [-95.62386, 29.73665], [-95.62388, 29.73595], [-95.62387, 29.73403], [-95.62384, 29.7311], [-95.62385, 29.72949], [-95.62388, 29.72919], [-95.6241, 29.72803], [-95.62413, 29.72734], [-95.62408, 29.72693], [-95.62398, 29.7265], [-95.62359, 29.72539], [-95.62349, 29.7248], [-95.62343, 29.72357], [-95.62346, 29.72327], [-95.62362, 29.72266], [-95.62393, 29.72184], [-95.62412, 29.72106], [-95.62417, 29.72015], [-95.62415, 29.71803], [-95.62414, 29.71554], [-95.62411, 29.71356], [-95.62411, 29.71245], [-95.62792, 29.71213], [-95.6279, 29.71201], [-95.62794, 29.71185], [-95.62795, 29.71125], [-95.62876, 29.71128], [-95.62937, 29.71141], [-95.62951, 29.71142], [-95.62999, 29.71135], [-95.63061, 29.71129], [-95.63068, 29.71115], [-95.63045, 29.71101], [-95.63031, 29.71119], [-95.62999, 29.71135], [-95.62951, 29.71142], [-95.62937, 29.71141], [-95.62876, 29.71128], [-95.62795, 29.71125], [-95.6278, 29.71125], [-95.62782, 29.71185], [-95.6279, 29.71201], [-95.62792, 29.71213], [-95.63238, 29.71177], [-95.63452, 29.71159], [-95.63602, 29.71147], [-95.63732, 29.71135], [-95.63947, 29.71119], [-95.64173, 29.711], [-95.64173, 29.71042], [-95.64158, 29.71016], [-95.6416, 29.70811], [-95.64138, 29.70779], [-95.6395, 29.7072], [-95.63949, 29.70701], [-95.6396, 29.70667], [-95.63994, 29.70612], [-95.64012, 29.70556], [-95.6401, 29.70518], [-95.64015, 29.70476], [-95.64014, 29.70412], [-95.64334, 29.70409], [-95.64383, 29.70407], [-95.64467, 29.70408], [-95.64551, 29.70401], [-95.64638, 29.70386], [-95.64722, 29.70362], [-95.64771, 29.70344], [-95.64843, 29.70311], [-95.64992, 29.70229], [-95.65088, 29.70188], [-95.65166, 29.70163], [-95.65472, 29.7007], [-95.65571, 29.70041], [-95.65768, 29.6998], [-95.65871, 29.69957], [-95.65977, 29.69944], [-95.66026, 29.69941], [-95.66119, 29.69941], [-95.6618, 29.69945], [-95.66271, 29.69957], [-95.66376, 29.69979], [-95.66431, 29.69995], [-95.66404, 29.7008], [-95.66372, 29.70155], [-95.66331, 29.70235], [-95.66308, 29.70272], [-95.66265, 29.70327], [-95.66176, 29.70445], [-95.66133, 29.70515], [-95.66102, 29.70577], [-95.66075, 29.70645], [-95.66065, 29.70679], [-95.66045, 29.70774], [-95.66037, 29.70877], [-95.66037, 29.70984], [-95.66041, 29.71207], [-95.6604, 29.71389], [-95.66031, 29.71508], [-95.66031, 29.71605], [-95.65601, 29.71811], [-95.65506, 29.71839], [-95.65456, 29.71848], [-95.65392, 29.71855], [-95.65387, 29.71887], [-95.65405, 29.71993], [-95.65451, 29.72147], [-95.65466, 29.72211], [-95.65474, 29.72293], [-95.65475, 29.72375], [-95.65464, 29.7246], [-95.65439, 29.72576], [-95.65433, 29.72635], [-95.65437, 29.72663], [-95.65334, 29.72664], [-95.65112, 29.72663], [-95.65052, 29.72677], [-95.65023, 29.72695], [-95.64974, 29.72733], [-95.64929, 29.72773], [-95.64897, 29.72808], [-95.6487, 29.72856], [-95.64844, 29.72925], [-95.64847, 29.72942], [-95.64883, 29.72954]]}, "properties": {"route_id": "075", "route_short_name": "075", "route_long_name": "Eldridge", "route_type": 3, "route_color": "#004080"}}, {"type": "Feature", "geometry": {"type": "LineString", "coordinates": [[-95.30317, 29.73523], [-95.303, 29.73562], [-95.30275, 29.73554], [-95.30307, 29.73473], [-95.30317, 29.73455], [-95.30046, 29.73374], [-95.29829, 29.73305], [-95.29774, 29.73289], [-95.29576, 29.73229], [-95.29337, 29.73159], [-95.29263, 29.73133], [-95.29294, 29.73059], [-95.29313, 29.7303], [-95.29371, 29.72964], [-95.29439, 29.72892], [-95.29456, 29.72868], [-95.2948, 29.7282], [-95.29494, 29.72781], [-95.29559, 29.72617], [-95.29577, 29.72582], [-95.29587, 29.72538], [-95.2959, 29.7247], [-95.29578, 29.72405], [-95.29559, 29.72354], [-95.29505, 29.72259], [-95.29497, 29.72222], [-95.29494, 29.72027], [-95.29492, 29.71734], [-95.29303, 29.71737], [-95.29207, 29.71735], [-95.29151, 29.71717], [-95.29083, 29.71671], [-95.29025, 29.71636], [-95.29023, 29.71546], [-95.29029, 29.71529], [-95.29027, 29.71413], [-95.29022, 29.7137], [-95.29019, 29.71242], [-95.29016, 29.71013], [-95.29013, 29.7094], [-95.29009, 29.70713], [-95.29004, 29.70621], [-95.28972, 29.70494], [-95.2898, 29.70464], [-95.29022, 29.70425], [-95.29068, 29.70399], [-95.29117, 29.70384], [-95.29183, 29.70379], [-95.29318, 29.70385], [-95.29384, 29.70369], [-95.29438, 29.70338], [-95.29397, 29.70299], [-95.29388, 29.70282], [-95.29335, 29.70212], [-95.29314, 29.70193], [-95.29226, 29.70133], [-95.29122, 29.7007], [-95.29067, 29.70042], [-95.29022, 29.70029], [-95.28935, 29.70021], [-95.28835, 29.70024], [-95.28713, 29.70038], [-95.28648, 29.70052], [-95.28524, 29.70082], [-95.28447, 29.70097], [-95.28339, 29.70105], [-95.28335, 29.69944], [-95.28425, 29.69917], [-95.28748, 29.69835], [-95.28788, 29.69829], [-95.28854, 29.69831], [-95.28922, 29.69849], [-95.28967, 29.69874], [-95.29082, 29.69949], [-95.29296, 29.70086], [-95.29343, 29.70114], [-95.29465, 29.70191], [-95.2953, 29.70235], [-95.29555, 29.70202], [-95.2956, 29.70193], [-95.29624, 29.70114], [-95.2964, 29.70084], [-95.29672, 29.69995], [-95.29683, 29.69981], [-95.2969, 29.69967], [-95.29694, 29.69887], [-95.29717, 29.69815], [-95.29749, 29.69737], [-95.29802, 29.69593], [-95.29828, 29.69514], [-95.29813, 29.69513], [-95.29754, 29.69508], [-95.29678, 29.69505], [-95.29605, 29.69507], [-95.29543, 29.69513], [-95.29472, 29.69525], [-95.29315, 29.69567], [-95.29305, 29.69574], [-95.29274, 29.69645], [-95.29228, 29.69665], [-95.29207, 29.69602], [-95.29165, 29.6952], [-95.29129, 29.69426], [-95.29092, 29.69336], [-95.29077, 29.69292], [-95.29065, 29.69227], [-95.2906, 29.69139], [-95.29059, 29.6906], [-95.29055, 29.68977], [-95.29046, 29.68656], [-95.29041, 29.68528], [-95.29039, 29.68411], [-95.2903, 29.68193], [-95.29023, 29.68144], [-95.28998, 29.68028], [-95.28948, 29.67809], [-95.28938, 29.67751], [-95.28934, 29.67676], [-95.28937, 29.67598], [-95.28936, 29.67533], [-95.28929, 29.67397], [-95.28929, 29.67314], [-95.28912, 29.67308], [-95.28771, 29.67264], [-95.2872, 29.67252], [-95.28594, 29.67233], [-95.28439, 29.67222], [-95.2836, 29.67219], [-95.28265, 29.6722], [-95.28195, 29.67223], [-95.28037, 29.67226], [-95.27954, 29.67229], [-95.27797, 29.67232], [-95.27722, 29.67235], [-95.27574, 29.67239], [-95.27356, 29.67243], [-95.27312, 29.67245], [-95.27238, 29.67257], [-95.2717, 29.6728], [-95.27123, 29.67304], [-95.2702, 29.67381], [-95.26983, 29.67404], [-95.26938, 29.67441], [-95.26788, 29.67547], [-95.26779, 29.67555], [-95.26751, 29.67583], [-95.26663, 29.67651], [-95.26551, 29.67536], [-95.26529, 29.67511], [-95.26436, 29.6742], [-95.26315, 29.67294], [-95.26141, 29.67119], [-95.26126, 29.67093], [-95.26069, 29.67033], [-95.26045, 29.67011], [-95.26019, 29.67006], [-95.25941, 29.67012], [-95.25802, 29.67015], [-95.25526, 29.67019], [-95.25114, 29.67023], [-95.24899, 29.67028], [-95.24827, 29.67013], [-95.24768, 29.67009], [-95.24545, 29.67015], [-95.24388, 29.67015], [-95.24211, 29.6702], [-95.24117, 29.67021], [-95.2402, 29.67024], [-95.23933, 29.67042], [-95.23839, 29.67076], [-95.23748, 29.6713], [-95.23683, 29.67186], [-95.23463, 29.674], [-95.23498, 29.67427], [-95.23569, 29.67485], [-95.23594, 29.67518], [-95.23614, 29.67567], [-95.23618, 29.67625], [-95.23613, 29.6773], [-95.23597, 29.67922], [-95.23598, 29.68088], [-95.23601, 29.68211], [-95.23615, 29.68288], [-95.23617, 29.68328], [-95.23617, 29.68338], [-95.23894, 29.68337], [-95.23893, 29.68392], [-95.23896, 29.68575], [-95.23897, 29.68732], [-95.23901, 29.69024], [-95.23901, 29.69107], [-95.24026, 29.69107], [-95.24274, 29.69104], [-95.24292, 29.69107], [-95.24405, 29.68946], [-95.24487, 29.68847], [-95.24563, 29.68777], [-95.24619, 29.68738], [-95.24598, 29.68717], [-95.24542, 29.6868], [-95.24442, 29.68635], [-95.24392, 29.6862]]}, "properties": {"route_id": "076", "route_short_name": "076", "route_long_name": "Evergreen", "route_type": 3, "route_color": "#004080"}}, {"type": "Feature", "geometry": {"type": "LineString", "coordinates": [[-95.31531, 29.77511], [-95.31518, 29.77508], [-95.31519, 29.77528], [-95.3152, 29.77544], [-95.31523, 29.77575], [-95.31536, 29.77646], [-95.31571, 29.77749], [-95.31579, 29.77785], [-95.31582, 29.77834], [-95.31584, 29.78225], [-95.31586, 29.78367], [-95.31584, 29.78453], [-95.31589, 29.78474], [-95.31589, 29.7855], [-95.31593, 29.78785], [-95.31594, 29.78953], [-95.31594, 29.78976], [-95.31507, 29.78977], [-95.31503, 29.7883], [-95.3144, 29.78852], [-95.31354, 29.78888], [-95.31213, 29.7895], [-95.31139, 29.78981], [-95.30791, 29.7913], [-95.30329, 29.79327], [-95.30173, 29.79396], [-95.30174, 29.79588], [-95.30178, 29.79901], [-95.30179, 29.80122], [-95.30181, 29.80309], [-95.30181, 29.80795], [-95.30185, 29.80971], [-95.30185, 29.81152], [-95.30186, 29.81256], [-95.30186, 29.8154], [-95.30187, 29.81716], [-95.30151, 29.81718], [-95.30071, 29.81715], [-95.30001, 29.81704], [-95.29791, 29.81703], [-95.29789, 29.81889], [-95.29795, 29.82161], [-95.29796, 29.82319], [-95.29758, 29.82351], [-95.29749, 29.82365], [-95.29745, 29.82402], [-95.29744, 29.82481], [-95.2975, 29.82503], [-95.29783, 29.82531], [-95.29795, 29.82551], [-95.29794, 29.82598], [-95.30013, 29.82598], [-95.30191, 29.82597], [-95.30193, 29.82775], [-95.30193, 29.83103], [-95.30194, 29.83131], [-95.30196, 29.83268], [-95.30195, 29.83322], [-95.30197, 29.83489], [-95.29803, 29.83489], [-95.29376, 29.83491], [-95.29377, 29.83942], [-95.29378, 29.84043], [-95.29806, 29.84039], [-95.29803, 29.83847], [-95.29803, 29.83489], [-95.30197, 29.83489], [-95.30197, 29.83616], [-95.30199, 29.83731], [-95.30199, 29.83847], [-95.30196, 29.83927], [-95.30198, 29.84133], [-95.302, 29.84194], [-95.30202, 29.84402], [-95.30208, 29.84702], [-95.30209, 29.84842], [-95.30199, 29.84904], [-95.30184, 29.84941], [-95.3008, 29.85085], [-95.30053, 29.85146], [-95.30044, 29.85197], [-95.30043, 29.85263], [-95.30044, 29.8542], [-95.30046, 29.85472], [-95.30046, 29.85772], [-95.3005, 29.8617], [-95.30051, 29.86424], [-95.30052, 29.86687], [-95.30052, 29.87003], [-95.30056, 29.87081], [-95.30055, 29.87127], [-95.29986, 29.87131], [-95.29624, 29.87137], [-95.29501, 29.8714], [-95.29283, 29.87143], [-95.29287, 29.874], [-95.29293, 29.87555], [-95.29126, 29.87562], [-95.29008, 29.87563], [-95.28881, 29.87561], [-95.28788, 29.87563], [-95.28706, 29.87567], [-95.28698, 29.87573], [-95.28701, 29.87679], [-95.287, 29.87725], [-95.2869, 29.87747], [-95.28824, 29.87806], [-95.29096, 29.87923], [-95.29154, 29.87931], [-95.293, 29.87926], [-95.29304, 29.88296], [-95.29287, 29.88361], [-95.29382, 29.88391], [-95.29349, 29.8847], [-95.29446, 29.88498], [-95.29509, 29.88511], [-95.29611, 29.88521], [-95.29679, 29.88522], [-95.29925, 29.88518], [-95.29952, 29.88519]]}, "properties": {"route_id": "077", "route_short_name": "077", "route_long_name": "Homestead", "route_type": 3, "route_color": "#004080"}}, {"type": "Feature", "geometry": {"type": "LineString", "coordinates": [[-95.31556, 29.77579], [-95.31566, 29.77574], [-95.31564, 29.77555], [-95.31563, 29.77535], [-95.31556, 29.77439], [-95.31558, 29.77385], [-95.31514, 29.77385], [-95.31473, 29.77385], [-95.31307, 29.77407], [-95.31257, 29.77418], [-95.31046, 29.77418], [-95.30975, 29.77404], [-95.30859, 29.77387], [-95.3022, 29.77387], [-95.30102, 29.77386], [-95.30102, 29.77428], [-95.30102, 29.77448], [-95.30102, 29.77478], [-95.30102, 29.77518], [-95.30108, 29.77573], [-95.30115, 29.77587], [-95.30118, 29.77649], [-95.30118, 29.78014], [-95.30116, 29.78136], [-95.30116, 29.78357], [-95.30114, 29.7855], [-95.30114, 29.78701], [-95.30116, 29.78752], [-95.29957, 29.78753], [-95.29539, 29.78758], [-95.29282, 29.78759], [-95.29162, 29.78764], [-95.29146, 29.78869], [-95.29114, 29.78969], [-95.29067, 29.7908], [-95.29001, 29.79241], [-95.28973, 29.79314], [-95.28932, 29.79409], [-95.28907, 29.79484], [-95.28897, 29.79527], [-95.28883, 29.79622], [-95.2888, 29.7967], [-95.28883, 29.79816], [-95.28889, 29.79842], [-95.28887, 29.79883], [-95.28869, 29.79954], [-95.2885, 29.79994], [-95.28814, 29.80048], [-95.28722, 29.80111], [-95.28632, 29.80159], [-95.28569, 29.80195], [-95.28526, 29.80227], [-95.28482, 29.80281], [-95.28463, 29.8032], [-95.28455, 29.80347], [-95.2845, 29.80389], [-95.28449, 29.8049], [-95.2845, 29.8052], [-95.28445, 29.80793], [-95.28446, 29.80872], [-95.28444, 29.80945], [-95.28095, 29.80948], [-95.28095, 29.81019], [-95.28092, 29.81251], [-95.28092, 29.81537], [-95.2809, 29.81681], [-95.28089, 29.8204], [-95.28087, 29.82186], [-95.28315, 29.82182], [-95.28433, 29.82182], [-95.28434, 29.82318], [-95.28438, 29.82387], [-95.28437, 29.82705], [-95.28431, 29.82961], [-95.28429, 29.83127], [-95.28428, 29.83314], [-95.28426, 29.83495], [-95.28428, 29.83546], [-95.28437, 29.83622], [-95.2844, 29.837], [-95.28441, 29.83877], [-95.28445, 29.84276], [-95.28447, 29.84318], [-95.28449, 29.84494], [-95.28453, 29.84694], [-95.28461, 29.84749], [-95.28475, 29.8481], [-95.28477, 29.84871], [-95.28463, 29.84937], [-95.28463, 29.84955], [-95.28428, 29.85026], [-95.28416, 29.85036], [-95.28367, 29.85125], [-95.2815, 29.85039], [-95.28131, 29.8502], [-95.28119, 29.84964], [-95.28084, 29.84969], [-95.27976, 29.84975], [-95.27794, 29.84978], [-95.27728, 29.84978], [-95.27599, 29.84981], [-95.27349, 29.84983], [-95.27176, 29.84987], [-95.26929, 29.8499], [-95.26463, 29.84998], [-95.2642, 29.84999], [-95.26384, 29.84999], [-95.26388, 29.8498], [-95.26421, 29.84971], [-95.26429, 29.84971], [-95.26463, 29.84976], [-95.26463, 29.84998], [-95.2642, 29.84999], [-95.26384, 29.84999], [-95.26246, 29.85001], [-95.26225, 29.85001], [-95.26049, 29.85003], [-95.26031, 29.85007], [-95.25923, 29.8501], [-95.25683, 29.85011], [-95.25612, 29.85018], [-95.25543, 29.85038], [-95.25422, 29.85066], [-95.25367, 29.85074], [-95.25255, 29.85086], [-95.25198, 29.85088], [-95.24973, 29.85088], [-95.24762, 29.85089], [-95.24457, 29.85092], [-95.23822, 29.851], [-95.23703, 29.85102], [-95.23704, 29.85164], [-95.23708, 29.85313], [-95.23619, 29.85315], [-95.23622, 29.8547], [-95.2371, 29.85468], [-95.24088, 29.85463], [-95.24085, 29.85333], [-95.24081, 29.85311], [-95.24069, 29.85308], [-95.23708, 29.85313], [-95.23704, 29.85164]]}, "properties": {"route_id": "078", "route_short_name": "078", "route_long_name": "Wayside", "route_type": 3, "route_color": "#004080"}}, {"type": "Feature", "geometry": {"type": "LineString", "coordinates": [[-95.3586, 29.7722], [-95.35808, 29.77192], [-95.35819, 29.77169], [-95.3589, 29.77205], [-95.35897, 29.77215], [-95.35877, 29.77229], [-95.35905, 29.77273], [-95.35944, 29.77256], [-95.35988, 29.7724], [-95.36034, 29.77334], [-95.36039, 29.77354], [-95.36052, 29.77391], [-95.36071, 29.77435], [-95.36153, 29.77613], [-95.36081, 29.7764], [-95.35773, 29.77751], [-95.35828, 29.77868], [-95.35941, 29.78101], [-95.35999, 29.78219], [-95.36067, 29.78358], [-95.36081, 29.78418], [-95.36084, 29.78487], [-95.36066, 29.78571], [-95.3605, 29.78666], [-95.36037, 29.78774], [-95.36031, 29.78974], [-95.36037, 29.79021], [-95.36058, 29.79057], [-95.36077, 29.79116], [-95.36081, 29.79148], [-95.36081, 29.79341], [-95.36086, 29.79429], [-95.36085, 29.79655], [-95.36089, 29.7982], [-95.36089, 29.79925], [-95.36092, 29.79998], [-95.36094, 29.80193], [-95.36098, 29.80324], [-95.36095, 29.80423], [-95.36099, 29.80494], [-95.36101, 29.80717], [-95.36105, 29.80868], [-95.36106, 29.81015], [-95.36109, 29.81123], [-95.36111, 29.81404], [-95.36106, 29.81479], [-95.36105, 29.81563], [-95.36109, 29.81721], [-95.36105, 29.81895], [-95.36109, 29.81962], [-95.36111, 29.82126], [-95.36114, 29.82186], [-95.36111, 29.82301], [-95.36115, 29.82603], [-95.36118, 29.82699], [-95.3612, 29.82888], [-95.3612, 29.82899], [-95.36175, 29.82899], [-95.36512, 29.82893], [-95.36583, 29.82887], [-95.36704, 29.82857], [-95.36729, 29.82853], [-95.36803, 29.8285], [-95.37176, 29.82845], [-95.37321, 29.82844], [-95.37604, 29.82839], [-95.37603, 29.82898], [-95.37606, 29.82931], [-95.37606, 29.83022], [-95.37601, 29.83107], [-95.37594, 29.83156], [-95.37592, 29.83204], [-95.37604, 29.83202], [-95.37615, 29.83201], [-95.37638, 29.83199], [-95.37655, 29.83222], [-95.37678, 29.83239], [-95.37705, 29.83259], [-95.37691, 29.83272], [-95.37668, 29.83256], [-95.37643, 29.8324], [-95.37655, 29.83222], [-95.37638, 29.83199], [-95.37615, 29.83201], [-95.37604, 29.83202], [-95.37592, 29.83204], [-95.37586, 29.83314], [-95.37578, 29.83401], [-95.3757, 29.83641], [-95.37562, 29.83738], [-95.37569, 29.83762], [-95.37396, 29.83766], [-95.37266, 29.83766], [-95.3715, 29.83756], [-95.37017, 29.83757], [-95.36817, 29.83757], [-95.36598, 29.83759], [-95.36377, 29.83759], [-95.36162, 29.8376], [-95.36145, 29.83759], [-95.36146, 29.83877], [-95.36149, 29.83973], [-95.3616, 29.84039], [-95.3617, 29.84065], [-95.3623, 29.84202], [-95.36247, 29.8427], [-95.36252, 29.84321], [-95.36253, 29.84406], [-95.36259, 29.84617], [-95.36254, 29.84675], [-95.36233, 29.84749], [-95.36228, 29.84787], [-95.36231, 29.85048], [-95.3623, 29.85082], [-95.36234, 29.85187], [-95.36318, 29.85187], [-95.36569, 29.85182], [-95.36682, 29.85182], [-95.36808, 29.85179], [-95.36851, 29.85185], [-95.3709, 29.85183], [-95.37188, 29.85183], [-95.37191, 29.85418], [-95.37194, 29.8553], [-95.37205, 29.86148], [-95.37212, 29.86473], [-95.37214, 29.86626], [-95.37193, 29.8669], [-95.37188, 29.86741], [-95.37194, 29.87015], [-95.37055, 29.87017], [-95.36853, 29.87018], [-95.3676, 29.87027], [-95.36567, 29.87058], [-95.36482, 29.87066], [-95.36253, 29.87069], [-95.36137, 29.87067], [-95.35901, 29.87076], [-95.3582, 29.87078], [-95.35766, 29.87077], [-95.35552, 29.87083], [-95.35306, 29.87084], [-95.35194, 29.87086], [-95.35137, 29.86986], [-95.35129, 29.86966]]}, "properties": {"route_id": "079", "route_short_name": "079", "route_long_name": "Irvington", "route_type": 3, "route_color": "#004080"}}, {"type": "Feature", "geometry": {"type": "LineString", "coordinates": [[-95.33678, 29.85152], [-95.33763, 29.85151], [-95.33799, 29.85143], [-95.3383, 29.85118], [-95.33825, 29.85107], [-95.3383, 29.85118], [-95.34104, 29.85096], [-95.34148, 29.85092], [-95.34216, 29.84973], [-95.34237, 29.8494], [-95.34265, 29.84907], [-95.34289, 29.84851], [-95.34299, 29.84809], [-95.34282, 29.84809], [-95.34207, 29.84813], [-95.34088, 29.84815], [-95.33918, 29.8482], [-95.33813, 29.84822], [-95.33751, 29.84826], [-95.33602, 29.84862], [-95.33522, 29.84867], [-95.3338, 29.8487], [-95.33359, 29.84871], [-95.33337, 29.84872], [-95.33181, 29.84869], [-95.33075, 29.8487], [-95.32827, 29.8487], [-95.32773, 29.84869], [-95.32729, 29.84864], [-95.32674, 29.8485], [-95.32592, 29.84821], [-95.32509, 29.84805], [-95.32314, 29.84807], [-95.32162, 29.84807], [-95.31994, 29.8481], [-95.31917, 29.84813], [-95.31919, 29.84701], [-95.31916, 29.84479], [-95.31912, 29.8438], [-95.31905, 29.84053], [-95.31901, 29.83888], [-95.31897, 29.83639], [-95.31898, 29.83566], [-95.31896, 29.83416], [-95.31893, 29.83272], [-95.31893, 29.83196], [-95.31888, 29.83119], [-95.31889, 29.82842], [-95.31881, 29.82748], [-95.31873, 29.82715], [-95.31868, 29.82629], [-95.31864, 29.8239], [-95.31864, 29.8219], [-95.3186, 29.82046], [-95.31851, 29.81986], [-95.31833, 29.81922], [-95.31796, 29.81837], [-95.31779, 29.81789], [-95.31764, 29.81726], [-95.31727, 29.81365], [-95.31726, 29.8134], [-95.31709, 29.8134], [-95.31573, 29.81342], [-95.31361, 29.81343], [-95.31284, 29.81344], [-95.31282, 29.81281], [-95.31245, 29.81282], [-95.31242, 29.81342], [-95.31146, 29.81323], [-95.31136, 29.81347], [-95.3116, 29.81355], [-95.31247, 29.81369], [-95.31361, 29.81371], [-95.31711, 29.81365], [-95.31727, 29.81365], [-95.31898, 29.81364], [-95.32252, 29.8136], [-95.32514, 29.81358], [-95.32721, 29.81355], [-95.32765, 29.81355], [-95.32777, 29.81371], [-95.32822, 29.81428], [-95.32864, 29.81432], [-95.32876, 29.81432], [-95.32873, 29.81354], [-95.32873, 29.81327], [-95.32861, 29.81328], [-95.32766, 29.81328], [-95.32576, 29.81331], [-95.32426, 29.81332], [-95.32033, 29.81336], [-95.31954, 29.81338], [-95.31726, 29.8134], [-95.31724, 29.8108], [-95.31721, 29.80948], [-95.31722, 29.80898], [-95.31709, 29.8083], [-95.31706, 29.80748], [-95.31706, 29.80643], [-95.31704, 29.80545], [-95.31703, 29.80395], [-95.31701, 29.80219], [-95.31706, 29.80202], [-95.31707, 29.80142], [-95.31705, 29.79979], [-95.317, 29.79887], [-95.31695, 29.79868], [-95.31689, 29.79532], [-95.31682, 29.79486], [-95.31662, 29.79444], [-95.31625, 29.79384], [-95.31615, 29.7934], [-95.3161, 29.7915], [-95.31598, 29.79064], [-95.31594, 29.78976], [-95.31594, 29.78953], [-95.31593, 29.78785], [-95.31589, 29.7855], [-95.31589, 29.78474], [-95.31594, 29.78455], [-95.31601, 29.78377], [-95.31602, 29.78317], [-95.316, 29.78225], [-95.31599, 29.78007], [-95.31596, 29.77834], [-95.31584, 29.77712], [-95.31573, 29.77644], [-95.31566, 29.77574], [-95.31564, 29.77555], [-95.31563, 29.77535], [-95.31556, 29.77439], [-95.31558, 29.77385], [-95.31555, 29.77264], [-95.31551, 29.77161], [-95.31549, 29.77051], [-95.3155, 29.77001], [-95.3155, 29.76604], [-95.31557, 29.76471], [-95.31556, 29.76381], [-95.3156, 29.76364], [-95.31568, 29.76342], [-95.31622, 29.76244], [-95.318, 29.7594], [-95.31867, 29.75831], [-95.31919, 29.75752], [-95.3211, 29.75504], [-95.32211, 29.75365], [-95.32262, 29.75301], [-95.32322, 29.7522], [-95.32412, 29.75104], [-95.32473, 29.7502], [-95.32564, 29.74903], [-95.32612, 29.74856], [-95.32669, 29.74794], [-95.32697, 29.74753], [-95.32726, 29.747], [-95.32854, 29.74389], [-95.32868, 29.74357], [-95.32876, 29.74342], [-95.32883, 29.74328], [-95.32904, 29.74296], [-95.3299, 29.74192], [-95.3303, 29.74127], [-95.33148, 29.73844], [-95.33175, 29.73783], [-95.33191, 29.73749], [-95.33221, 29.73716], [-95.33266, 29.73689], [-95.33334, 29.73654], [-95.33356, 29.73635], [-95.33384, 29.73594], [-95.33394, 29.73571], [-95.33428, 29.73489], [-95.33486, 29.73339], [-95.33595, 29.7307], [-95.336, 29.73023], [-95.33594, 29.72959], [-95.33596, 29.72915], [-95.3351, 29.72889], [-95.33467, 29.72874], [-95.33465, 29.72855], [-95.33504, 29.72777], [-95.33527, 29.72767], [-95.33565, 29.72804], [-95.33519, 29.72864], [-95.33511, 29.7287], [-95.33505, 29.7287], [-95.33465, 29.72855], [-95.33467, 29.72874], [-95.3351, 29.72889], [-95.33596, 29.72915], [-95.33604, 29.7288], [-95.33625, 29.72833], [-95.3366, 29.72791], [-95.33681, 29.72765], [-95.33767, 29.72669], [-95.33793, 29.72648], [-95.33821, 29.72633], [-95.33813, 29.72616], [-95.33761, 29.72539], [-95.33737, 29.72483], [-95.3371, 29.72373], [-95.33675, 29.72245], [-95.33611, 29.72024], [-95.33578, 29.71918], [-95.33542, 29.71794], [-95.33577, 29.71771], [-95.33618, 29.71783], [-95.33653, 29.71799], [-95.33722, 29.71845], [-95.33774, 29.71869], [-95.33906, 29.71909], [-95.33931, 29.71852], [-95.3399, 29.71702], [-95.33999, 29.71584], [-95.33999, 29.71572], [-95.34003, 29.71565], [-95.34005, 29.71555], [-95.34002, 29.71539], [-95.33972, 29.71478], [-95.33947, 29.7145], [-95.33867, 29.71374], [-95.33827, 29.71331], [-95.33798, 29.71277], [-95.33769, 29.71181], [-95.33742, 29.71101], [-95.33685, 29.70985], [-95.33682, 29.70909], [-95.33667, 29.70872], [-95.33653, 29.70855], [-95.33601, 29.70817], [-95.33585, 29.70793], [-95.33543, 29.70707], [-95.33492, 29.70608], [-95.33443, 29.70519], [-95.33432, 29.7049], [-95.33436, 29.70423], [-95.33453, 29.70378], [-95.33546, 29.70153], [-95.33592, 29.70029], [-95.33687, 29.69786], [-95.33701, 29.69748], [-95.33822, 29.6944], [-95.33852, 29.69368], [-95.33866, 29.69328], [-95.33946, 29.69135], [-95.33998, 29.68999], [-95.34056, 29.68857], [-95.34111, 29.68718], [-95.3412, 29.68686], [-95.34123, 29.68623], [-95.34077, 29.68491], [-95.33984, 29.68256], [-95.33945, 29.68155], [-95.33913, 29.681], [-95.3389, 29.6807], [-95.33855, 29.68034], [-95.33767, 29.67968], [-95.33735, 29.67941], [-95.33708, 29.67911], [-95.3369, 29.67882], [-95.33675, 29.67842], [-95.33667, 29.67802], [-95.33661, 29.6767], [-95.33656, 29.67498], [-95.33655, 29.67386], [-95.33668, 29.67304], [-95.33683, 29.67253], [-95.33709, 29.67186], [-95.33727, 29.67126], [-95.33735, 29.6708], [-95.33741, 29.67001], [-95.33731, 29.66662], [-95.33731, 29.66621], [-95.33727, 29.66466], [-95.33722, 29.66352], [-95.33716, 29.66315], [-95.33677, 29.6618], [-95.33672, 29.66153], [-95.33664, 29.65862], [-95.33659, 29.65616], [-95.33656, 29.65539], [-95.3365, 29.65308], [-95.3365, 29.65183], [-95.33665, 29.65091], [-95.3368, 29.65043], [-95.33719, 29.64947], [-95.33734, 29.64883], [-95.33741, 29.64799], [-95.33735, 29.64718], [-95.33706, 29.64441], [-95.33712, 29.6433], [-95.33723, 29.64276], [-95.33738, 29.6423], [-95.33547, 29.64228], [-95.33323, 29.6423], [-95.33167, 29.64227], [-95.32893, 29.64223], [-95.32779, 29.64248], [-95.32696, 29.64268], [-95.32398, 29.64323], [-95.32398, 29.63835], [-95.32397, 29.63753], [-95.32559, 29.63753], [-95.32804, 29.63755], [-95.33228, 29.6376], [-95.33273, 29.63758], [-95.33487, 29.63741], [-95.33687, 29.63724], [-95.33712, 29.63726], [-95.33773, 29.6372], [-95.33955, 29.63706], [-95.33956, 29.63581], [-95.33954, 29.63406], [-95.33954, 29.63234], [-95.33951, 29.6295], [-95.33919, 29.62951], [-95.3392, 29.63051], [-95.33921, 29.63088]]}, "properties": {"route_id": "080", "route_short_name": "080", "route_long_name": "MLK / Lockwood", "route_type": 3, "route_color": "#004080"}}, {"type": "Feature", "geometry": {"type": "LineString", "coordinates": [[-95.36383, 29.76408], [-95.36417, 29.76428], [-95.36427, 29.76438], [-95.36425, 29.76488], [-95.36437, 29.7649], [-95.36548, 29.76516], [-95.36632, 29.76533], [-95.36663, 29.76471], [-95.36572, 29.76413], [-95.36478, 29.76357], [-95.36394, 29.76308], [-95.36305, 29.76255], [-95.36432, 29.76098], [-95.36524, 29.75977], [-95.36547, 29.75949], [-95.36571, 29.75921], [-95.36666, 29.758], [-95.36722, 29.75725], [-95.36778, 29.75653], [-95.3684, 29.75577], [-95.36863, 29.75552], [-95.37021, 29.75356], [-95.37139, 29.75202], [-95.372, 29.75127], [-95.37248, 29.75067], [-95.3726, 29.75052], [-95.37315, 29.74979], [-95.37386, 29.74891], [-95.37421, 29.74844], [-95.37613, 29.74605], [-95.37681, 29.74514], [-95.3773, 29.74457], [-95.37878, 29.74267], [-95.37965, 29.7432], [-95.3805, 29.74371], [-95.38137, 29.74425], [-95.38194, 29.74453], [-95.3824, 29.74465], [-95.38356, 29.74465], [-95.38466, 29.7446], [-95.38787, 29.74452], [-95.38914, 29.74451], [-95.38994, 29.74467], [-95.39128, 29.74466], [-95.39227, 29.74463], [-95.3933, 29.74463], [-95.39347, 29.74458], [-95.39459, 29.74399], [-95.3958, 29.74339], [-95.39698, 29.74283], [-95.39758, 29.74279], [-95.39937, 29.74278], [-95.40145, 29.74278], [-95.40374, 29.74275], [-95.40443, 29.74273], [-95.40628, 29.74274], [-95.4083, 29.74278], [-95.40962, 29.74269], [-95.41045, 29.7426], [-95.41075, 29.7426], [-95.41137, 29.74258], [-95.41295, 29.74256], [-95.41542, 29.74245], [-95.41742, 29.74238], [-95.41811, 29.74233], [-95.41876, 29.74232], [-95.42028, 29.74224], [-95.4223, 29.74217], [-95.42455, 29.74214], [-95.42648, 29.74213], [-95.42728, 29.7421], [-95.42853, 29.7421], [-95.43041, 29.74206], [-95.43143, 29.74211], [-95.43208, 29.74206], [-95.4328, 29.74194], [-95.43306, 29.74181], [-95.43379, 29.74165], [-95.43441, 29.74156], [-95.43468, 29.74159], [-95.43527, 29.74158], [-95.43812, 29.74167], [-95.43952, 29.74173], [-95.43986, 29.74167], [-95.44166, 29.74174], [-95.44272, 29.74176], [-95.44438, 29.74173], [-95.4463, 29.74167], [-95.44816, 29.74163], [-95.45063, 29.7415], [-95.4525, 29.74137], [-95.45449, 29.74126], [-95.45651, 29.7411], [-95.45728, 29.74108], [-95.45741, 29.74115], [-95.45773, 29.74117], [-95.45861, 29.74114], [-95.46026, 29.74102], [-95.46085, 29.74098], [-95.46105, 29.74097], [-95.46201, 29.74088], [-95.46421, 29.74078], [-95.46614, 29.74064], [-95.46695, 29.74051], [-95.46755, 29.74035], [-95.46905, 29.73983], [-95.47065, 29.73925], [-95.47126, 29.73907], [-95.47256, 29.73864], [-95.47348, 29.73829], [-95.47426, 29.73808], [-95.47503, 29.738], [-95.47591, 29.73798], [-95.47654, 29.73799], [-95.47801, 29.73799], [-95.4794, 29.73797], [-95.48057, 29.73796], [-95.48193, 29.73792], [-95.48346, 29.73789], [-95.48435, 29.73789], [-95.48599, 29.73789], [-95.48787, 29.73785], [-95.48954, 29.73784], [-95.49049, 29.73781], [-95.49187, 29.73781], [-95.49286, 29.73778], [-95.49511, 29.73777], [-95.4971, 29.73775], [-95.50103, 29.73769], [-95.50193, 29.73765], [-95.50285, 29.73766], [-95.50416, 29.73763], [-95.5056, 29.73762], [-95.50805, 29.73762], [-95.5102, 29.7376], [-95.5117, 29.73756], [-95.51283, 29.73755], [-95.51511, 29.73755], [-95.52112, 29.73746], [-95.52215, 29.73743], [-95.52376, 29.73743], [-95.52757, 29.73739], [-95.52838, 29.73736], [-95.52991, 29.73736], [-95.53072, 29.73734], [-95.53147, 29.73735], [-95.53287, 29.73733], [-95.53544, 29.73731], [-95.53796, 29.73725], [-95.53879, 29.73726], [-95.54001, 29.73726], [-95.54254, 29.73723], [-95.54584, 29.73718], [-95.54836, 29.73713], [-95.55078, 29.7371], [-95.55437, 29.73707], [-95.55755, 29.73701], [-95.55987, 29.73701], [-95.56422, 29.73694], [-95.56663, 29.73692], [-95.56693, 29.73691], [-95.56925, 29.73687], [-95.57171, 29.73684], [-95.57486, 29.7368], [-95.5764, 29.73677], [-95.57766, 29.73676], [-95.58017, 29.73672], [-95.58277, 29.73667], [-95.58552, 29.73663], [-95.58805, 29.73661], [-95.59069, 29.73654], [-95.5925, 29.73644], [-95.59303, 29.73644], [-95.59992, 29.73634], [-95.60262, 29.73631], [-95.60344, 29.73629], [-95.60553, 29.73628], [-95.60591, 29.73626], [-95.60875, 29.73622], [-95.61012, 29.73618], [-95.6115, 29.73616], [-95.61345, 29.73609], [-95.61541, 29.73607], [-95.61666, 29.73603], [-95.61927, 29.73601], [-95.6201, 29.73599], [-95.62172, 29.73598], [-95.62388, 29.73595], [-95.62551, 29.73593], [-95.62677, 29.7359], [-95.63383, 29.73581], [-95.636, 29.73577], [-95.63667, 29.73577], [-95.63894, 29.73574], [-95.63938, 29.73572], [-95.64118, 29.7357], [-95.64235, 29.7357], [-95.6441, 29.73564], [-95.644, 29.73158], [-95.644, 29.73028], [-95.64398, 29.72919], [-95.64692, 29.72918], [-95.64771, 29.72926], [-95.64847, 29.72942], [-95.64898, 29.72958], [-95.64946, 29.72978], [-95.6501, 29.73011], [-95.65059, 29.73042], [-95.65172, 29.73132], [-95.65322, 29.73248]]}, "properties": {"route_id": "082", "route_short_name": "082", "route_long_name": "Westheimer", "route_type": 3, "route_color": "#004080"}}, {"type": "Feature", "geometry": {"type": "LineString", "coordinates": [[-95.32624, 29.94442], [-95.3264, 29.94453], [-95.32805, 29.94572], [-95.32853, 29.94597], [-95.32906, 29.94617], [-95.3295, 29.94627], [-95.33016, 29.94633], [-95.33137, 29.94632], [-95.33179, 29.94631], [-95.33178, 29.94512], [-95.33179, 29.94447], [-95.33177, 29.94273], [-95.33175, 29.93997], [-95.33175, 29.93975], [-95.33173, 29.93889], [-95.33127, 29.9389], [-95.32916, 29.9389], [-95.32783, 29.93889], [-95.32177, 29.93897], [-95.31995, 29.93897], [-95.31809, 29.93898], [-95.31552, 29.93901], [-95.31442, 29.93901], [-95.31213, 29.93903], [-95.3112, 29.93906], [-95.31008, 29.93914], [-95.30812, 29.93944], [-95.30718, 29.93954], [-95.30545, 29.9396], [-95.30342, 29.93959], [-95.30325, 29.93558], [-95.30317, 29.93424], [-95.30312, 29.93265], [-95.30309, 29.93241], [-95.30304, 29.93063], [-95.30299, 29.92981], [-95.3029, 29.92912], [-95.30282, 29.92786], [-95.30283, 29.92762], [-95.30279, 29.9264], [-95.3028, 29.92539], [-95.30306, 29.9249], [-95.30364, 29.92394], [-95.30429, 29.92299], [-95.30666, 29.91959], [-95.30709, 29.91894], [-95.30794, 29.91773], [-95.30844, 29.91685], [-95.30868, 29.91634], [-95.30889, 29.91571], [-95.30903, 29.91517], [-95.30996, 29.91121], [-95.31004, 29.9108], [-95.31055, 29.91082], [-95.31279, 29.91082], [-95.31635, 29.9108], [-95.32064, 29.91075], [-95.32261, 29.91072], [-95.32377, 29.91075], [-95.32451, 29.91082], [-95.32546, 29.911], [-95.32619, 29.91117], [-95.3268, 29.91127], [-95.32797, 29.91129], [-95.33135, 29.91124], [-95.33152, 29.91123], [-95.33148, 29.90951], [-95.33144, 29.90719], [-95.33148, 29.90661], [-95.33157, 29.90619], [-95.33177, 29.90555], [-95.33224, 29.90453], [-95.33242, 29.90397], [-95.33255, 29.90314], [-95.33256, 29.90246], [-95.3324, 29.90246], [-95.33123, 29.90248], [-95.33122, 29.90123], [-95.33112, 29.89439], [-95.33112, 29.8932], [-95.33108, 29.891], [-95.33098, 29.89087], [-95.33061, 29.89086], [-95.33053, 29.88585], [-95.33052, 29.88453], [-95.33043, 29.88416], [-95.33015, 29.88342], [-95.33007, 29.88306], [-95.33006, 29.88165], [-95.3319, 29.88163], [-95.33239, 29.88156], [-95.33287, 29.88143], [-95.33317, 29.8814], [-95.33558, 29.88139], [-95.33557, 29.8795], [-95.33666, 29.87951], [-95.33735, 29.8796], [-95.33957, 29.8796], [-95.34368, 29.87953], [-95.34435, 29.87953], [-95.34444, 29.87899], [-95.34454, 29.87867], [-95.34455, 29.87779], [-95.34441, 29.87711], [-95.34428, 29.87692], [-95.34355, 29.87604], [-95.34284, 29.87511], [-95.34267, 29.87479], [-95.34265, 29.87352], [-95.34263, 29.87105], [-95.34264, 29.8709], [-95.3413, 29.87093], [-95.33746, 29.87094], [-95.33665, 29.87092], [-95.33543, 29.87084], [-95.33355, 29.87086], [-95.33209, 29.87085], [-95.33179, 29.87082], [-95.33112, 29.87067], [-95.33055, 29.87041], [-95.33115, 29.86945], [-95.33225, 29.86761], [-95.33284, 29.86648], [-95.33367, 29.86407], [-95.33399, 29.86336], [-95.33631, 29.85945], [-95.33736, 29.85773], [-95.33777, 29.85701], [-95.33903, 29.85494], [-95.33941, 29.8543], [-95.34029, 29.85289], [-95.34129, 29.85119], [-95.34148, 29.85092], [-95.34104, 29.85096], [-95.33825, 29.85107], [-95.3364, 29.85127], [-95.33631, 29.85136], [-95.3364, 29.85153], [-95.33715, 29.85152]]}, "properties": {"route_id": "083", "route_short_name": "083", "route_long_name": "Lee Road - JFK", "route_type": 3, "route_color": "#004080"}}, {"type": "Feature", "geometry": {"type": "LineString", "coordinates": [[-95.45576, 29.78297], [-95.45609, 29.78297], [-95.45633, 29.78299], [-95.45643, 29.7832], [-95.45626, 29.7833], [-95.45596, 29.7833], [-95.45546, 29.7833], [-95.4553, 29.7833], [-95.45497, 29.7833], [-95.45476, 29.78317], [-95.4548, 29.78302], [-95.45503, 29.78297], [-95.45542, 29.78297], [-95.45566, 29.78297], [-95.45573, 29.78288], [-95.45555, 29.78274], [-95.45512, 29.78268], [-95.45486, 29.78261], [-95.45462, 29.78245], [-95.45436, 29.78249], [-95.45429, 29.78268], [-95.45436, 29.7829], [-95.45446, 29.78294], [-95.45447, 29.7838], [-95.45447, 29.78411], [-95.45463, 29.78411], [-95.45684, 29.78414], [-95.45682, 29.78385], [-95.45676, 29.783], [-95.45675, 29.78228], [-95.45674, 29.78154], [-95.45669, 29.77962], [-95.45667, 29.77784], [-95.45674, 29.7776], [-95.45677, 29.77462], [-95.45674, 29.77431], [-95.45662, 29.77394], [-95.4566, 29.77352], [-95.45657, 29.77337], [-95.45657, 29.77324], [-95.45655, 29.77268], [-95.45654, 29.77186], [-95.45654, 29.77143], [-95.45651, 29.77021], [-95.45648, 29.76703], [-95.45642, 29.76584], [-95.45632, 29.76513], [-95.45613, 29.76343], [-95.45604, 29.76186], [-95.45604, 29.76081], [-95.456, 29.75852], [-95.45604, 29.75813], [-95.45605, 29.7574], [-95.45603, 29.75605], [-95.45598, 29.75452], [-95.45598, 29.75423], [-95.45598, 29.75407], [-95.45443, 29.75406], [-95.45388, 29.75416], [-95.4538, 29.75338], [-95.45383, 29.7521], [-95.45382, 29.75156], [-95.45392, 29.75143], [-95.45391, 29.75053], [-95.45379, 29.74711], [-95.45371, 29.74662], [-95.45224, 29.74661], [-95.44978, 29.74663], [-95.4488, 29.74665], [-95.44827, 29.74664], [-95.44427, 29.7467], [-95.4417, 29.74676], [-95.44174, 29.74632], [-95.44175, 29.74551], [-95.44172, 29.74474], [-95.4417, 29.74249], [-95.44166, 29.74174], [-95.44171, 29.74109], [-95.4417, 29.7395], [-95.44168, 29.7382], [-95.44162, 29.73609], [-95.44158, 29.73409], [-95.44157, 29.73275], [-95.44157, 29.73259], [-95.44037, 29.7326], [-95.43799, 29.73264], [-95.43577, 29.73265], [-95.43388, 29.73283], [-95.4334, 29.73292], [-95.43234, 29.73317], [-95.43022, 29.73369], [-95.42935, 29.73383], [-95.42873, 29.7321], [-95.42833, 29.73061], [-95.4282, 29.7303], [-95.42814, 29.72992], [-95.42811, 29.72976], [-95.42804, 29.72913], [-95.42807, 29.7288], [-95.42803, 29.72836], [-95.42792, 29.72809], [-95.4278, 29.72677], [-95.42779, 29.7259], [-95.42776, 29.72541], [-95.42779, 29.72457], [-95.42777, 29.724], [-95.42775, 29.72233], [-95.4277, 29.72016], [-95.42768, 29.71998], [-95.42764, 29.71799], [-95.42766, 29.71701], [-95.42761, 29.71498], [-95.42607, 29.71499], [-95.42318, 29.71502], [-95.42083, 29.71507], [-95.42026, 29.71506], [-95.41872, 29.71508], [-95.4184, 29.71504], [-95.41746, 29.71504], [-95.41527, 29.71507], [-95.4141, 29.71512], [-95.41268, 29.7151], [-95.41209, 29.71508], [-95.4111, 29.71486], [-95.40887, 29.71413], [-95.40657, 29.71336], [-95.4044, 29.71266], [-95.40418, 29.71258], [-95.40205, 29.7119], [-95.40094, 29.71146], [-95.40307, 29.70873], [-95.40362, 29.70811], [-95.4052, 29.70614], [-95.40631, 29.7048], [-95.40666, 29.70423], [-95.40578, 29.70376], [-95.40529, 29.70356], [-95.40465, 29.70344], [-95.40451, 29.70384], [-95.4043, 29.70386], [-95.40401, 29.70375], [-95.40381, 29.7038], [-95.40406, 29.70475], [-95.40404, 29.70483], [-95.40379, 29.70483], [-95.4037, 29.70448], [-95.40363, 29.70419], [-95.40351, 29.70373], [-95.40381, 29.7038], [-95.40431, 29.70398], [-95.40455, 29.70396], [-95.40469, 29.70369], [-95.40465, 29.70344], [-95.40391, 29.70346], [-95.40335, 29.70357], [-95.40289, 29.70366], [-95.40255, 29.70244], [-95.40235, 29.70187], [-95.40225, 29.70158], [-95.40216, 29.70129], [-95.402, 29.7005], [-95.40161, 29.69881], [-95.40119, 29.69685], [-95.40091, 29.69578], [-95.40203, 29.69549], [-95.40476, 29.69483], [-95.40485, 29.69481], [-95.40548, 29.69466], [-95.40616, 29.6945], [-95.40672, 29.69437], [-95.40747, 29.69418], [-95.41036, 29.69348], [-95.41318, 29.69282], [-95.41284, 29.69198], [-95.41269, 29.69129], [-95.41265, 29.69077], [-95.41259, 29.68875], [-95.41254, 29.68752], [-95.4125, 29.68554], [-95.41245, 29.68368], [-95.41242, 29.68205], [-95.41582, 29.68213], [-95.41876, 29.68219], [-95.41967, 29.68222], [-95.42082, 29.68223], [-95.42354, 29.68228], [-95.42376, 29.68232], [-95.42396, 29.68247], [-95.42441, 29.68188], [-95.42525, 29.68092], [-95.42602, 29.67983], [-95.4254, 29.67939], [-95.42508, 29.67902], [-95.42492, 29.67866], [-95.42486, 29.67833], [-95.42485, 29.6771], [-95.42417, 29.6771], [-95.42223, 29.67717], [-95.41836, 29.67734], [-95.41833, 29.67668], [-95.41844, 29.67619], [-95.41901, 29.67569], [-95.41922, 29.67543], [-95.4194, 29.67506], [-95.4195, 29.67468], [-95.41947, 29.67324]]}, "properties": {"route_id": "084", "route_short_name": "084", "route_long_name": "Buffalo Speedway", "route_type": 3, "route_color": "#004080"}}, {"type": "Feature", "geometry": {"type": "LineString", "coordinates": [[-95.41036, 29.94861], [-95.41018, 29.94841], [-95.40984, 29.94822], [-95.40903, 29.94739], [-95.40834, 29.94651], [-95.4081, 29.94611], [-95.4078, 29.94541], [-95.40768, 29.945], [-95.40757, 29.94425], [-95.40752, 29.94323], [-95.40545, 29.94325], [-95.40458, 29.94337], [-95.40384, 29.9436], [-95.40422, 29.94444], [-95.40439, 29.94502], [-95.40453, 29.94592], [-95.40481, 29.94658], [-95.40529, 29.94723], [-95.40593, 29.94775], [-95.40675, 29.94832], [-95.40719, 29.94876], [-95.40751, 29.94939], [-95.4076, 29.94989], [-95.4076, 29.95041], [-95.4076, 29.95055], [-95.40962, 29.95053], [-95.4104, 29.95045], [-95.41119, 29.95029], [-95.41196, 29.95003], [-95.41274, 29.94968], [-95.41331, 29.94946], [-95.41399, 29.9493], [-95.41523, 29.94914], [-95.41608, 29.94917], [-95.41704, 29.94929], [-95.41719, 29.9493], [-95.4196, 29.94924], [-95.42027, 29.94919], [-95.42081, 29.9491], [-95.42218, 29.94907], [-95.42476, 29.94903], [-95.42702, 29.94901], [-95.42754, 29.94887], [-95.42846, 29.94878], [-95.42906, 29.94863], [-95.42943, 29.94849], [-95.42988, 29.94824], [-95.43028, 29.94795], [-95.43085, 29.94744], [-95.4316, 29.94681], [-95.43219, 29.94647], [-95.43301, 29.94618], [-95.43336, 29.94612], [-95.4342, 29.94613], [-95.43624, 29.94611], [-95.43702, 29.94609], [-95.43957, 29.94607], [-95.44124, 29.94607], [-95.44379, 29.94604], [-95.44475, 29.94604], [-95.44792, 29.94599], [-95.45112, 29.94596], [-95.45501, 29.94596], [-95.4552, 29.94593], [-95.45772, 29.94592], [-95.46242, 29.94587], [-95.46637, 29.94587], [-95.46799, 29.948], [-95.46843, 29.94856], [-95.4708, 29.95164], [-95.47316, 29.95475], [-95.47373, 29.95547], [-95.4748, 29.9569], [-95.47536, 29.95762], [-95.47801, 29.96107], [-95.47998, 29.96002], [-95.4804, 29.95976], [-95.48088, 29.95939], [-95.48129, 29.95901], [-95.48187, 29.95837], [-95.4822, 29.95792], [-95.48269, 29.95718], [-95.48308, 29.95643], [-95.48331, 29.95575], [-95.48345, 29.95504], [-95.48348, 29.95448], [-95.48343, 29.95173], [-95.48338, 29.94965], [-95.48333, 29.94845], [-95.48335, 29.94814], [-95.48348, 29.94741], [-95.48373, 29.94644], [-95.48384, 29.94589], [-95.48387, 29.94501], [-95.48379, 29.94414], [-95.48349, 29.94297], [-95.48343, 29.94253], [-95.48341, 29.94202], [-95.48337, 29.93957], [-95.48332, 29.93753], [-95.4833, 29.93618], [-95.4833, 29.93518], [-95.48326, 29.93466], [-95.4831, 29.93387], [-95.48263, 29.93275], [-95.48186, 29.93114], [-95.48166, 29.93059], [-95.48152, 29.93002], [-95.48146, 29.92953], [-95.48144, 29.92868], [-95.48141, 29.92542], [-95.48144, 29.92498], [-95.48162, 29.92407], [-95.4817, 29.92338], [-95.48169, 29.92161], [-95.48165, 29.91906], [-95.48157, 29.91845], [-95.48132, 29.9176], [-95.48111, 29.91714], [-95.48039, 29.91593], [-95.48007, 29.91531], [-95.47988, 29.91474], [-95.47978, 29.91431], [-95.47973, 29.91315], [-95.47973, 29.91262], [-95.47982, 29.91209], [-95.48002, 29.91121], [-95.48023, 29.91041], [-95.48028, 29.90956], [-95.48029, 29.9083], [-95.48039, 29.90719], [-95.48038, 29.90587], [-95.4803, 29.90494], [-95.4803, 29.90405], [-95.48038, 29.90333], [-95.48051, 29.90257], [-95.48056, 29.90179], [-95.48052, 29.89971], [-95.48047, 29.89918], [-95.48025, 29.89806], [-95.48022, 29.89762], [-95.48019, 29.89556], [-95.48018, 29.89406], [-95.48015, 29.89371], [-95.48002, 29.89308], [-95.47977, 29.89234], [-95.47934, 29.89154], [-95.47893, 29.891], [-95.47843, 29.89047], [-95.47786, 29.89001], [-95.47636, 29.88905], [-95.47605, 29.88881], [-95.47533, 29.88815], [-95.47477, 29.88742], [-95.47441, 29.88672], [-95.47414, 29.88591], [-95.47402, 29.88512], [-95.47398, 29.88385], [-95.47395, 29.88103], [-95.47389, 29.87875], [-95.47388, 29.87716], [-95.47386, 29.87651], [-95.47389, 29.87613], [-95.47408, 29.87504], [-95.4741, 29.87462], [-95.47406, 29.87382], [-95.47344, 29.87028], [-95.47325, 29.86903], [-95.47309, 29.86824], [-95.4729, 29.86692], [-95.4729, 29.86676], [-95.47291, 29.8663], [-95.47303, 29.86562], [-95.47339, 29.86441], [-95.47347, 29.86399], [-95.47352, 29.86328], [-95.47351, 29.86208], [-95.47346, 29.85957], [-95.47344, 29.85766], [-95.47342, 29.85722], [-95.47343, 29.85589], [-95.4734, 29.85469], [-95.47339, 29.85311], [-95.47343, 29.85211], [-95.47343, 29.84999], [-95.4734, 29.8488], [-95.47336, 29.84734], [-95.47336, 29.84636], [-95.47332, 29.84432], [-95.47331, 29.84329], [-95.47327, 29.84238], [-95.47325, 29.8405], [-95.47325, 29.83886], [-95.47323, 29.8374], [-95.4732, 29.83681], [-95.47311, 29.83603], [-95.47306, 29.83293], [-95.47303, 29.83127], [-95.47299, 29.8273], [-95.47297, 29.82648], [-95.47297, 29.8254], [-95.47307, 29.82462], [-95.47335, 29.82388], [-95.47341, 29.82372], [-95.47366, 29.82306], [-95.4738, 29.82257], [-95.47389, 29.82193], [-95.4739, 29.82118], [-95.47381, 29.81928], [-95.47373, 29.81579], [-95.47367, 29.81411], [-95.47374, 29.81342], [-95.47385, 29.81301], [-95.47415, 29.8124], [-95.4745, 29.81194], [-95.47198, 29.81012], [-95.47175, 29.80994], [-95.46936, 29.80822], [-95.46838, 29.80753], [-95.46715, 29.80656], [-95.46671, 29.80624], [-95.4655, 29.80542], [-95.46341, 29.80389], [-95.4633, 29.80375], [-95.46256, 29.80318], [-95.46118, 29.8022], [-95.46011, 29.80141], [-95.4597, 29.80108], [-95.45646, 29.79872], [-95.45587, 29.79826], [-95.45646, 29.79762], [-95.4568, 29.79729], [-95.45701, 29.79694], [-95.45716, 29.79643], [-95.45711, 29.79446], [-95.45706, 29.79136], [-95.45692, 29.7861], [-95.45688, 29.78593], [-95.45691, 29.78516], [-95.45684, 29.78414], [-95.45682, 29.78385], [-95.45462, 29.7838], [-95.45462, 29.78345], [-95.45474, 29.7834], [-95.45559, 29.78341], [-95.45631, 29.78342], [-95.45644, 29.78342], [-95.45645, 29.78373], [-95.45558, 29.78373], [-95.45474, 29.7837], [-95.45474, 29.7834], [-95.45476, 29.78317], [-95.4548, 29.78302], [-95.45503, 29.78297], [-95.45542, 29.78297], [-95.45566, 29.78297], [-95.45573, 29.78288], [-95.45555, 29.78274], [-95.45512, 29.78268], [-95.45486, 29.78261], [-95.45462, 29.78245], [-95.45436, 29.78249], [-95.45429, 29.78268], [-95.45436, 29.7829], [-95.45446, 29.78294], [-95.45447, 29.7838], [-95.45403, 29.7838], [-95.45272, 29.78386], [-95.45144, 29.78384], [-95.44887, 29.78375], [-95.44818, 29.7837], [-95.44713, 29.78357], [-95.44636, 29.78344], [-95.4453, 29.78321], [-95.44443, 29.78298], [-95.44284, 29.7825], [-95.44213, 29.78226], [-95.44133, 29.78202], [-95.43981, 29.78153], [-95.43818, 29.78103], [-95.43763, 29.78084], [-95.43708, 29.7807], [-95.4364, 29.78062], [-95.43506, 29.78057], [-95.4344, 29.78049], [-95.43393, 29.78035], [-95.43333, 29.78012], [-95.43317, 29.78011], [-95.43147, 29.7791], [-95.42981, 29.77808], [-95.42948, 29.77769], [-95.42923, 29.77745], [-95.42888, 29.77705], [-95.42852, 29.77666], [-95.42602, 29.77382], [-95.4256, 29.77329], [-95.42499, 29.77244], [-95.42422, 29.77158], [-95.42393, 29.77138], [-95.4236, 29.77087], [-95.42345, 29.77087], [-95.42329, 29.77102], [-95.42302, 29.7711], [-95.42246, 29.77106], [-95.4214, 29.77103], [-95.41934, 29.77086], [-95.41701, 29.77063], [-95.41495, 29.77052], [-95.4141, 29.77049], [-95.41343, 29.77043], [-95.41249, 29.77041], [-95.40947, 29.77045], [-95.40744, 29.7705], [-95.40614, 29.77051], [-95.40536, 29.77042], [-95.4026, 29.77014], [-95.4009, 29.76993], [-95.39875, 29.76972], [-95.39816, 29.76964], [-95.39716, 29.76954], [-95.39623, 29.76942], [-95.39488, 29.76929], [-95.39258, 29.76905], [-95.39189, 29.76896], [-95.39176, 29.76895], [-95.39073, 29.76886], [-95.38773, 29.76869], [-95.38692, 29.76862], [-95.38521, 29.76843], [-95.38446, 29.76837], [-95.38275, 29.76833], [-95.38162, 29.76826], [-95.37943, 29.76802], [-95.37772, 29.76786], [-95.37666, 29.76774], [-95.37464, 29.76753], [-95.37357, 29.76743], [-95.37233, 29.76728], [-95.37173, 29.7672], [-95.37051, 29.76694], [-95.36932, 29.76623], [-95.36883, 29.76601], [-95.36786, 29.76569], [-95.36732, 29.76555], [-95.367, 29.76548], [-95.36632, 29.76533], [-95.36548, 29.76516], [-95.36437, 29.7649], [-95.36444, 29.764], [-95.36478, 29.76357], [-95.36538, 29.76281], [-95.3666, 29.76128], [-95.36718, 29.76052], [-95.36728, 29.7604], [-95.36777, 29.75978], [-95.36815, 29.75931], [-95.36896, 29.75829], [-95.36955, 29.75752], [-95.36999, 29.75698], [-95.37128, 29.75532], [-95.37154, 29.75501], [-95.37251, 29.75377], [-95.37308, 29.75305], [-95.37369, 29.75227], [-95.3743, 29.75158], [-95.37344, 29.75107], [-95.3726, 29.75052], [-95.37171, 29.75002], [-95.37109, 29.74963]]}, "properties": {"route_id": "085", "route_short_name": "085", "route_long_name": "Antoine / Washington", "route_type": 3, "route_color": "#004080"}}, {"type": "Feature", "geometry": {"type": "LineString", "coordinates": [[-95.41036, 29.94861], [-95.41018, 29.94841], [-95.40984, 29.94822], [-95.40903, 29.94739], [-95.40834, 29.94651], [-95.4081, 29.94611], [-95.4078, 29.94541], [-95.40768, 29.945], [-95.40757, 29.94425], [-95.40752, 29.94323], [-95.40545, 29.94325], [-95.40458, 29.94337], [-95.40384, 29.9436], [-95.40422, 29.94444], [-95.40439, 29.94502], [-95.40453, 29.94592], [-95.40481, 29.94658], [-95.40529, 29.94723], [-95.40593, 29.94775], [-95.40675, 29.94832], [-95.40719, 29.94876], [-95.40751, 29.94939], [-95.4076, 29.94989], [-95.4076, 29.95041], [-95.40591, 29.95044], [-95.40169, 29.95049], [-95.39953, 29.95052], [-95.39935, 29.95053], [-95.39939, 29.95067], [-95.3995, 29.95108], [-95.39978, 29.95382], [-95.39994, 29.9548], [-95.4002, 29.95555], [-95.40091, 29.95696], [-95.40121, 29.95772], [-95.40135, 29.95831], [-95.40142, 29.95908], [-95.40146, 29.96144], [-95.40149, 29.96185], [-95.40158, 29.96237], [-95.40205, 29.96398], [-95.40216, 29.96465], [-95.40222, 29.96552], [-95.40219, 29.96652], [-95.40207, 29.96744], [-95.40186, 29.96848], [-95.4018, 29.96898], [-95.4018, 29.96948], [-95.40185, 29.97004], [-95.40194, 29.97044], [-95.4022, 29.9712], [-95.4024, 29.97161], [-95.40282, 29.97226], [-95.40341, 29.97294], [-95.40398, 29.97344], [-95.40429, 29.97366], [-95.40493, 29.97405], [-95.4071, 29.97527], [-95.40758, 29.97559], [-95.40813, 29.97604], [-95.40877, 29.97678], [-95.40925, 29.97757], [-95.40945, 29.97802], [-95.4099, 29.97924], [-95.41013, 29.98013], [-95.41028, 29.98101], [-95.41032, 29.98164], [-95.41036, 29.98306], [-95.41037, 29.98453], [-95.41041, 29.98487], [-95.41063, 29.98601], [-95.41068, 29.98659], [-95.4107, 29.98781], [-95.41071, 29.98989], [-95.41062, 29.99049], [-95.4105, 29.99078], [-95.41018, 29.99125], [-95.40883, 29.99284], [-95.40839, 29.9934], [-95.40809, 29.994], [-95.4079, 29.99445], [-95.4077, 29.99516], [-95.40764, 29.99567], [-95.4077, 29.99605], [-95.40774, 29.99728], [-95.40776, 29.9985], [-95.40778, 30.00106], [-95.40784, 30.00153], [-95.40807, 30.00237], [-95.40828, 30.00296], [-95.40853, 30.00351], [-95.40885, 30.00407], [-95.40921, 30.00461], [-95.41158, 30.00763], [-95.41227, 30.00853], [-95.41299, 30.00943], [-95.41345, 30.00988], [-95.4151, 30.01145], [-95.41545, 30.01183], [-95.41588, 30.01251], [-95.41612, 30.01302], [-95.41653, 30.01448], [-95.41685, 30.01528], [-95.41705, 30.01564], [-95.41751, 30.01628], [-95.41879, 30.01765], [-95.41919, 30.01843], [-95.4194, 30.01896], [-95.41955, 30.01948], [-95.41972, 30.02037], [-95.41807, 30.02063], [-95.41801, 30.0219], [-95.41766, 30.02194], [-95.41762, 30.0222], [-95.41775, 30.0223], [-95.41801, 30.02228], [-95.41795, 30.02288], [-95.41774, 30.02342], [-95.41789, 30.0241], [-95.42047, 30.02362], [-95.42145, 30.02344], [-95.42253, 30.02322], [-95.42406, 30.0228], [-95.42463, 30.02273], [-95.42551, 30.02252], [-95.42789, 30.02186], [-95.42901, 30.02154], [-95.42939, 30.02146], [-95.43126, 30.02091], [-95.43217, 30.02059], [-95.43438, 30.01975], [-95.43648, 30.01911], [-95.43668, 30.01904], [-95.43904, 30.01833], [-95.4393, 30.01818], [-95.43978, 30.01879], [-95.44035, 30.01937], [-95.44069, 30.01983], [-95.44112, 30.02026], [-95.44258, 30.02228], [-95.44483, 30.02103], [-95.4461, 30.0203], [-95.44519, 30.01908], [-95.44463, 30.01827], [-95.44366, 30.01691], [-95.44592, 30.01622], [-95.44749, 30.01577], [-95.44813, 30.01555], [-95.4487, 30.01529], [-95.4506, 30.01426], [-95.45285, 30.01301], [-95.45354, 30.01265], [-95.45574, 30.01145], [-95.45771, 30.01035], [-95.45832, 30.01003], [-95.45934, 30.00946], [-95.46357, 30.00715], [-95.46506, 30.00642], [-95.46586, 30.00601], [-95.46722, 30.00523], [-95.46858, 30.00449], [-95.47027, 30.00353], [-95.47124, 30.003], [-95.47254, 30.00225], [-95.47413, 30.00137], [-95.47504, 30.00084], [-95.47674, 29.9999], [-95.47796, 29.9992], [-95.47983, 29.99816], [-95.48176, 29.99706], [-95.48242, 29.9967], [-95.48426, 29.99566], [-95.48631, 29.99452], [-95.48791, 29.99366], [-95.49162, 29.9916], [-95.49283, 29.99094], [-95.4953, 29.98958], [-95.49644, 29.98896], [-95.49723, 29.98851], [-95.49841, 29.98787], [-95.5001, 29.98692], [-95.50121, 29.98632], [-95.50186, 29.98595], [-95.50339, 29.98512], [-95.50461, 29.98444], [-95.50563, 29.98389], [-95.50803, 29.98255], [-95.50842, 29.98235], [-95.50981, 29.98157], [-95.51173, 29.98053], [-95.51259, 29.98004], [-95.5133, 29.97968], [-95.51401, 29.97927], [-95.51651, 29.97789], [-95.51712, 29.97754], [-95.51816, 29.97698], [-95.52071, 29.97558], [-95.52344, 29.97406], [-95.52586, 29.97274], [-95.52689, 29.97216], [-95.52838, 29.97135], [-95.53083, 29.96998], [-95.53295, 29.96881], [-95.53388, 29.96831], [-95.5356, 29.96735], [-95.5364, 29.96695], [-95.53753, 29.96644], [-95.53959, 29.96554], [-95.54076, 29.96505], [-95.54232, 29.96435], [-95.5434, 29.96381], [-95.54401, 29.96364], [-95.54469, 29.96325], [-95.54565, 29.96262], [-95.54623, 29.96218], [-95.54699, 29.96152], [-95.54743, 29.96147], [-95.54921, 29.96289], [-95.54993, 29.96342]]}, "properties": {"route_id": "086", "route_short_name": "086", "route_long_name": "FM 1960 / Imperial Valley", "route_type": 3, "route_color": "#004080"}}, {"type": "Feature", "geometry": {"type": "LineString", "coordinates": [[-95.40358, 29.70439], [-95.40361, 29.7045], [-95.40367, 29.70475], [-95.40366, 29.70484], [-95.40341, 29.70485], [-95.40317, 29.7039], [-95.40341, 29.70375], [-95.40351, 29.70373], [-95.40381, 29.7038], [-95.40431, 29.70398], [-95.40455, 29.70396], [-95.40469, 29.70369], [-95.40465, 29.70344], [-95.40391, 29.70346], [-95.40335, 29.70357], [-95.40289, 29.70366], [-95.40274, 29.70369], [-95.4022, 29.70381], [-95.40172, 29.70391], [-95.40104, 29.70406], [-95.39947, 29.7044], [-95.39937, 29.70459], [-95.39908, 29.70539], [-95.39905, 29.70616], [-95.39576, 29.70616], [-95.39464, 29.70612], [-95.39338, 29.70612], [-95.39216, 29.70587], [-95.39153, 29.70577], [-95.39117, 29.70576], [-95.39059, 29.70584], [-95.39025, 29.70593], [-95.3897, 29.70615], [-95.38928, 29.70637], [-95.38893, 29.7065], [-95.3882, 29.70664], [-95.38775, 29.70664], [-95.38695, 29.70651], [-95.38594, 29.7062], [-95.38468, 29.70573], [-95.38441, 29.7056], [-95.3838, 29.70521], [-95.38277, 29.70446], [-95.38227, 29.70414], [-95.38173, 29.70389], [-95.3807, 29.70354], [-95.37675, 29.70229], [-95.37549, 29.70191], [-95.37579, 29.7009], [-95.37668, 29.69818], [-95.37627, 29.69802], [-95.37424, 29.69742], [-95.37257, 29.6969], [-95.37065, 29.69631], [-95.36779, 29.69546], [-95.36711, 29.69525], [-95.36171, 29.69359], [-95.36162, 29.69358], [-95.35986, 29.69306], [-95.35769, 29.69239], [-95.3569, 29.69216], [-95.35609, 29.69189], [-95.35452, 29.69142], [-95.35369, 29.69127], [-95.35326, 29.69126], [-95.35289, 29.69119], [-95.35207, 29.69091], [-95.35036, 29.69035], [-95.34952, 29.69009], [-95.34836, 29.68976], [-95.34688, 29.68928], [-95.3462, 29.68902], [-95.34496, 29.68866], [-95.34432, 29.6885], [-95.34366, 29.68839], [-95.34286, 29.68837], [-95.34242, 29.68842], [-95.34162, 29.68856], [-95.34103, 29.6886], [-95.34056, 29.68857], [-95.34041, 29.68853], [-95.33998, 29.68963], [-95.33902, 29.69204], [-95.33865, 29.69291], [-95.33852, 29.69327], [-95.33743, 29.69604], [-95.33671, 29.6978], [-95.33419, 29.69695], [-95.33217, 29.69634], [-95.32989, 29.69556], [-95.32933, 29.69541], [-95.32746, 29.69495], [-95.32688, 29.69476], [-95.32613, 29.69226], [-95.32696, 29.69183], [-95.32815, 29.69114], [-95.33036, 29.6901], [-95.3314, 29.68964], [-95.33228, 29.68919], [-95.33187, 29.68849], [-95.3316, 29.68789], [-95.33101, 29.68638], [-95.33069, 29.68561], [-95.3303, 29.68461], [-95.32992, 29.6841], [-95.32917, 29.68347], [-95.32892, 29.68315], [-95.32883, 29.68285], [-95.3288, 29.68175], [-95.3287, 29.67746], [-95.32869, 29.67657], [-95.32864, 29.67569], [-95.32859, 29.67313], [-95.3286, 29.67095], [-95.3287, 29.66936], [-95.32871, 29.66818], [-95.32867, 29.66637], [-95.32858, 29.66331], [-95.32853, 29.66138], [-95.32853, 29.65947], [-95.32859, 29.65864], [-95.33105, 29.6586], [-95.33119, 29.65861], [-95.33447, 29.65854], [-95.33554, 29.65862], [-95.33664, 29.65862], [-95.33688, 29.65869], [-95.34031, 29.65866], [-95.34395, 29.65861], [-95.34548, 29.6586], [-95.34726, 29.65857], [-95.34887, 29.65856], [-95.35002, 29.65854], [-95.35222, 29.65852], [-95.35547, 29.65848], [-95.35763, 29.65844], [-95.36028, 29.65841], [-95.36223, 29.6584], [-95.36443, 29.65837], [-95.36593, 29.65834], [-95.36811, 29.65832], [-95.37108, 29.65831], [-95.37451, 29.65824], [-95.37649, 29.65821], [-95.37828, 29.65816], [-95.38056, 29.65811], [-95.38447, 29.65797], [-95.38539, 29.6579], [-95.3865, 29.65785], [-95.38797, 29.65781], [-95.38813, 29.65625], [-95.38814, 29.65591], [-95.38803, 29.65495], [-95.3876, 29.65216], [-95.38756, 29.6506], [-95.38769, 29.64969], [-95.3879, 29.64794], [-95.38799, 29.64733], [-95.38795, 29.64367], [-95.39086, 29.64363], [-95.39086, 29.64343], [-95.38898, 29.64346], [-95.38748, 29.64347], [-95.38654, 29.64349], [-95.38655, 29.64509], [-95.38663, 29.64595], [-95.38706, 29.64879], [-95.38712, 29.65218], [-95.3869, 29.65409], [-95.38676, 29.65566], [-95.38653, 29.65767], [-95.3865, 29.65785], [-95.38797, 29.65781], [-95.39028, 29.65771], [-95.39126, 29.65769], [-95.39289, 29.65765], [-95.39289, 29.65854], [-95.3928, 29.65873], [-95.39234, 29.65928], [-95.39124, 29.65928], [-95.39124, 29.65778], [-95.39126, 29.65769], [-95.39289, 29.65765], [-95.39547, 29.65761], [-95.398, 29.65756], [-95.39981, 29.65761], [-95.40144, 29.65758], [-95.40207, 29.65759], [-95.40153, 29.65896], [-95.40054, 29.66142], [-95.39893, 29.66549], [-95.39834, 29.667], [-95.39815, 29.66723], [-95.39786, 29.66792], [-95.3977, 29.66838], [-95.39722, 29.66958], [-95.39686, 29.67044], [-95.39712, 29.67038], [-95.39878, 29.66991], [-95.40022, 29.66946], [-95.40192, 29.66896], [-95.40293, 29.66864], [-95.40312, 29.66916], [-95.40315, 29.66962], [-95.40291, 29.67229], [-95.40291, 29.67298], [-95.40223, 29.67326], [-95.40155, 29.67342], [-95.40157, 29.67353], [-95.40165, 29.67384], [-95.40183, 29.67386], [-95.40196, 29.67382]]}, "properties": {"route_id": "087", "route_short_name": "087", "route_long_name": "Sunnyside", "route_type": 3, "route_color": "#004080"}}, {"type": "Feature", "geometry": {"type": "LineString", "coordinates": [[-95.28939, 29.6481], [-95.29091, 29.64806], [-95.29142, 29.64799], [-95.29148, 29.64997], [-95.29151, 29.65042], [-95.2915, 29.65267], [-95.29152, 29.65297], [-95.29161, 29.65326], [-95.29215, 29.65409], [-95.2903, 29.655], [-95.28877, 29.65577], [-95.28833, 29.65597], [-95.28779, 29.65627], [-95.28656, 29.65688], [-95.28557, 29.65731], [-95.28453, 29.65757], [-95.28387, 29.65764], [-95.282, 29.6577], [-95.27975, 29.65775], [-95.27857, 29.65776], [-95.27702, 29.6578], [-95.27682, 29.65766], [-95.27694, 29.65741], [-95.27747, 29.65743], [-95.27792, 29.65751], [-95.27823, 29.65763], [-95.27911, 29.65762], [-95.27927, 29.65756], [-95.27952, 29.65734], [-95.27959, 29.65704], [-95.27959, 29.65665], [-95.27948, 29.656], [-95.27931, 29.65582], [-95.27908, 29.65572], [-95.27811, 29.65572], [-95.27791, 29.65565], [-95.27757, 29.65536], [-95.27742, 29.65533], [-95.27672, 29.65532], [-95.2759, 29.65534], [-95.27574, 29.65535], [-95.27539, 29.65561], [-95.27507, 29.65593], [-95.27504, 29.65633], [-95.27518, 29.65663], [-95.27539, 29.65683], [-95.27617, 29.65731], [-95.27636, 29.65751], [-95.27637, 29.65766], [-95.27607, 29.65782], [-95.27574, 29.65783], [-95.273, 29.65788], [-95.27231, 29.65788], [-95.26959, 29.65797], [-95.26865, 29.65795], [-95.26777, 29.6578], [-95.2672, 29.65761], [-95.26616, 29.65716], [-95.26541, 29.65669], [-95.26409, 29.65561], [-95.26363, 29.65521], [-95.26239, 29.6542], [-95.26158, 29.65349], [-95.26114, 29.65317], [-95.26031, 29.65268], [-95.25954, 29.65238], [-95.25894, 29.65221], [-95.25833, 29.6521], [-95.25831, 29.65099], [-95.25824, 29.64883], [-95.25824, 29.64825], [-95.25819, 29.64637], [-95.25819, 29.64563], [-95.25813, 29.64333], [-95.25567, 29.64336], [-95.25108, 29.64345], [-95.24899, 29.64348], [-95.24894, 29.64005], [-95.24664, 29.64008], [-95.24618, 29.64006], [-95.24583, 29.63998], [-95.24542, 29.63978], [-95.24513, 29.63957], [-95.24553, 29.63911], [-95.24584, 29.63868], [-95.24616, 29.63798], [-95.24632, 29.63708], [-95.24631, 29.63526], [-95.24629, 29.63457], [-95.2463, 29.63391], [-95.24648, 29.63305], [-95.24667, 29.63248], [-95.24686, 29.63208], [-95.24724, 29.63142], [-95.24807, 29.63008], [-95.24831, 29.62956], [-95.24849, 29.62903], [-95.24862, 29.62828], [-95.2486, 29.62709], [-95.24514, 29.62721], [-95.24357, 29.62729], [-95.23847, 29.6275], [-95.23672, 29.62754], [-95.23519, 29.62756], [-95.23372, 29.62756], [-95.23173, 29.62758], [-95.23116, 29.6276], [-95.23052, 29.62739], [-95.23026, 29.62721], [-95.22998, 29.62692], [-95.22979, 29.62652], [-95.2297, 29.62623], [-95.22971, 29.62574], [-95.22962, 29.62442], [-95.22961, 29.62368], [-95.22948, 29.62113], [-95.22942, 29.62028], [-95.22943, 29.62007], [-95.22989, 29.61878], [-95.22997, 29.6186], [-95.22497, 29.61442], [-95.22357, 29.61324], [-95.22313, 29.61223], [-95.22284, 29.61164], [-95.22249, 29.61106], [-95.22202, 29.61043], [-95.2212, 29.60957], [-95.21809, 29.60698], [-95.21801, 29.60705], [-95.21781, 29.60716], [-95.21705, 29.60785], [-95.21666, 29.60809], [-95.21625, 29.60822], [-95.21549, 29.60828], [-95.21542, 29.60837], [-95.21545, 29.60955], [-95.21531, 29.60982], [-95.21524, 29.60991], [-95.21534, 29.60999], [-95.21554, 29.61013], [-95.21554, 29.61032], [-95.21565, 29.61032], [-95.21676, 29.61032], [-95.21676, 29.60959], [-95.21681, 29.60949], [-95.2171, 29.60958], [-95.2171, 29.61015], [-95.21697, 29.61032], [-95.21676, 29.61032], [-95.21565, 29.61032], [-95.21565, 29.61012], [-95.21542, 29.60989], [-95.21556, 29.60949], [-95.21553, 29.60844], [-95.21564, 29.60838], [-95.21627, 29.60831], [-95.21671, 29.60818], [-95.21699, 29.60803], [-95.21784, 29.60729], [-95.21801, 29.60705], [-95.22106, 29.60959], [-95.2218, 29.61031], [-95.22241, 29.6111], [-95.22272, 29.61163], [-95.22303, 29.61226], [-95.22313, 29.61223], [-95.22402, 29.61194], [-95.22465, 29.61177], [-95.2254, 29.61162], [-95.22604, 29.61154], [-95.22698, 29.61149], [-95.22799, 29.61148], [-95.22801, 29.61047], [-95.22835, 29.60711], [-95.22846, 29.60572], [-95.22849, 29.6056], [-95.22877, 29.60252], [-95.22872, 29.60156], [-95.22869, 29.59936], [-95.22865, 29.59863], [-95.22857, 29.59824], [-95.22841, 29.59771], [-95.2281, 29.59708], [-95.22779, 29.59661], [-95.22727, 29.596], [-95.22692, 29.59566], [-95.22645, 29.59526], [-95.22423, 29.59345], [-95.22254, 29.59204], [-95.21978, 29.58975], [-95.21956, 29.58951], [-95.21903, 29.58884], [-95.21886, 29.58867], [-95.21627, 29.58655], [-95.21515, 29.5856], [-95.2149, 29.58541], [-95.21387, 29.58455], [-95.21303, 29.58378], [-95.21144, 29.58248], [-95.21062, 29.58179], [-95.21015, 29.58226], [-95.21024, 29.58233], [-95.21169, 29.58352], [-95.21105, 29.5841], [-95.21059, 29.58443], [-95.20869, 29.58614], [-95.20799, 29.58553], [-95.20735, 29.58502], [-95.21024, 29.58233], [-95.21169, 29.58352], [-95.21342, 29.58495], [-95.21387, 29.58455], [-95.21722, 29.58148], [-95.21805, 29.58075], [-95.21947, 29.57943], [-95.22067, 29.57835], [-95.22325, 29.57597], [-95.22585, 29.5736], [-95.22597, 29.5735], [-95.22542, 29.573], [-95.22482, 29.57239], [-95.22449, 29.57209], [-95.22145, 29.56957], [-95.21979, 29.56822], [-95.21948, 29.56801], [-95.218, 29.56714], [-95.21757, 29.56681], [-95.21625, 29.56571], [-95.21134, 29.56168], [-95.2108, 29.56216], [-95.20743, 29.5652], [-95.205, 29.56743], [-95.20456, 29.56793], [-95.20198, 29.57035], [-95.20074, 29.57163], [-95.20019, 29.57213], [-95.1999, 29.57233], [-95.19903, 29.57313], [-95.20086, 29.57464], [-95.20235, 29.57585], [-95.20432, 29.57749]]}, "properties": {"route_id": "088", "route_short_name": "088", "route_long_name": "Sagemont", "route_type": 3, "route_color": "#004080"}}, {"type": "Feature", "geometry": {"type": "LineString", "coordinates": [[-95.45613, 29.78342], [-95.45631, 29.78342], [-95.45644, 29.78342], [-95.45645, 29.78373], [-95.45558, 29.78373], [-95.45474, 29.7837], [-95.45474, 29.7834], [-95.45476, 29.78317], [-95.4548, 29.78302], [-95.45503, 29.78297], [-95.45542, 29.78297], [-95.45566, 29.78297], [-95.45573, 29.78288], [-95.45555, 29.78274], [-95.45512, 29.78268], [-95.45486, 29.78261], [-95.45462, 29.78245], [-95.45436, 29.78249], [-95.45429, 29.78268], [-95.45436, 29.7829], [-95.45446, 29.78294], [-95.45447, 29.7838], [-95.45447, 29.78411], [-95.45463, 29.78411], [-95.45684, 29.78414], [-95.45691, 29.78516], [-95.45688, 29.78593], [-95.45683, 29.78609], [-95.45687, 29.78731], [-95.45687, 29.78838], [-95.45691, 29.78969], [-95.45692, 29.79071], [-95.45702, 29.79449], [-95.45702, 29.79634], [-95.457, 29.79661], [-95.45677, 29.79714], [-95.45646, 29.79762], [-95.45587, 29.79826], [-95.45574, 29.7984], [-95.45695, 29.79929], [-95.45794, 29.79997], [-95.45871, 29.80054], [-95.45993, 29.80141], [-95.45858, 29.8014], [-95.45868, 29.80295], [-95.45873, 29.80425], [-95.45874, 29.80592], [-95.45877, 29.80666], [-95.45732, 29.80668], [-95.45683, 29.80675], [-95.4566, 29.80683], [-95.45624, 29.80705], [-95.45621, 29.80715], [-95.45579, 29.80746], [-95.4554, 29.80778], [-95.45478, 29.80823], [-95.45408, 29.8086], [-95.45337, 29.80885], [-95.45281, 29.80897], [-95.45265, 29.8081], [-95.4525, 29.80762], [-95.45233, 29.80727], [-95.45188, 29.80678], [-95.45121, 29.80618], [-95.45065, 29.80593], [-95.4504, 29.80589], [-95.4494, 29.80591], [-95.44907, 29.806], [-95.44853, 29.80636], [-95.44791, 29.80703], [-95.44767, 29.80735], [-95.4475, 29.80766], [-95.44735, 29.8083], [-95.44735, 29.80917], [-95.44742, 29.80935], [-95.44544, 29.80936], [-95.4447, 29.80956], [-95.44433, 29.80975], [-95.44379, 29.8102], [-95.44482, 29.8111], [-95.44501, 29.81135], [-95.4452, 29.81172], [-95.44529, 29.81234], [-95.44531, 29.81414], [-95.44642, 29.81414]]}, "properties": {"route_id": "089", "route_short_name": "089", "route_long_name": "Dacoma", "route_type": 3, "route_color": "#004080"}}, {"type": "Feature", "geometry": {"type": "LineString", "coordinates": [[-95.37695, 29.83252], [-95.37699, 29.83256], [-95.37696, 29.83264], [-95.37688, 29.83267], [-95.37668, 29.83256], [-95.37651, 29.83241], [-95.37655, 29.83222], [-95.37638, 29.83199], [-95.37615, 29.83201], [-95.37604, 29.83202], [-95.37592, 29.83204], [-95.37586, 29.83314], [-95.37578, 29.83401], [-95.3757, 29.83641], [-95.37562, 29.83738], [-95.37569, 29.83762], [-95.37559, 29.83864], [-95.37553, 29.84024], [-95.37558, 29.84072], [-95.37572, 29.84115], [-95.37719, 29.84431], [-95.37771, 29.84553], [-95.37776, 29.84563], [-95.3798, 29.84562], [-95.38245, 29.84558], [-95.38362, 29.84558], [-95.38444, 29.84556], [-95.38734, 29.84555], [-95.39025, 29.84555], [-95.39085, 29.84559], [-95.39088, 29.84645], [-95.39087, 29.84787], [-95.3909, 29.84893], [-95.39092, 29.85052], [-95.39096, 29.85212], [-95.39096, 29.85295], [-95.39102, 29.85536], [-95.39108, 29.85839], [-95.39108, 29.85975], [-95.3917, 29.85974], [-95.39651, 29.85974], [-95.39766, 29.85972], [-95.3977, 29.86068], [-95.3977, 29.86223], [-95.39772, 29.86353], [-95.39781, 29.86689], [-95.39782, 29.86838], [-95.39787, 29.86996], [-95.39912, 29.86996], [-95.39972, 29.86994], [-95.40149, 29.86993], [-95.40519, 29.86986], [-95.40598, 29.86988], [-95.40746, 29.86998], [-95.40772, 29.86999], [-95.40784, 29.86999], [-95.40796, 29.86998], [-95.40967, 29.86997], [-95.41031, 29.86994], [-95.41143, 29.87017], [-95.41207, 29.87039], [-95.41247, 29.87056], [-95.41238, 29.87194], [-95.41214, 29.87408], [-95.41223, 29.87443], [-95.41222, 29.87466], [-95.4124, 29.87474], [-95.41404, 29.87471], [-95.41422, 29.87471], [-95.41424, 29.87602], [-95.41425, 29.87723], [-95.41417, 29.87732], [-95.4144, 29.87732], [-95.41445, 29.87781], [-95.41432, 29.87795], [-95.41412, 29.87796], [-95.41382, 29.87814], [-95.41474, 29.8794], [-95.41662, 29.88182], [-95.41736, 29.88279], [-95.41949, 29.88552], [-95.4206, 29.88697], [-95.42142, 29.88801], [-95.42358, 29.89079], [-95.42672, 29.89485], [-95.42711, 29.89537], [-95.42872, 29.89744], [-95.42916, 29.89799], [-95.43003, 29.89913], [-95.43101, 29.90036], [-95.43123, 29.90058], [-95.43165, 29.9011], [-95.43264, 29.9024], [-95.43403, 29.90415], [-95.43607, 29.90679], [-95.437, 29.90788], [-95.43866, 29.91005], [-95.43963, 29.91129], [-95.4403, 29.91218], [-95.44121, 29.91332], [-95.44211, 29.91452], [-95.44331, 29.91602], [-95.44533, 29.91862], [-95.44592, 29.91942], [-95.44682, 29.9206], [-95.44938, 29.92389], [-95.45015, 29.92487], [-95.45428, 29.93017], [-95.45484, 29.93087], [-95.45563, 29.93193], [-95.45664, 29.93325], [-95.45894, 29.93615], [-95.45969, 29.93717], [-95.46039, 29.93807], [-95.46084, 29.93871], [-95.46232, 29.94063], [-95.46452, 29.94344], [-95.46521, 29.94436], [-95.46637, 29.94587], [-95.46799, 29.948], [-95.46843, 29.94856], [-95.4708, 29.95164], [-95.47316, 29.95475], [-95.47373, 29.95547], [-95.4748, 29.9569], [-95.47536, 29.95762], [-95.47801, 29.96107], [-95.47872, 29.96201], [-95.4796, 29.96314], [-95.48179, 29.96602], [-95.48266, 29.96712], [-95.48353, 29.96829], [-95.48551, 29.9709], [-95.4864, 29.97204], [-95.48725, 29.97321], [-95.4878, 29.97393], [-95.48869, 29.97513], [-95.48919, 29.97575], [-95.49112, 29.97828], [-95.49172, 29.97908], [-95.49302, 29.98077], [-95.49327, 29.98112], [-95.49462, 29.98285], [-95.49496, 29.98327], [-95.497, 29.98592], [-95.49676, 29.98611], [-95.49619, 29.98631], [-95.49574, 29.98637], [-95.49533, 29.98637], [-95.49532, 29.98656], [-95.49518, 29.98695], [-95.49478, 29.98734], [-95.49441, 29.98749], [-95.49397, 29.98753], [-95.49262, 29.98732], [-95.49246, 29.98728], [-95.49211, 29.98898], [-95.49211, 29.98946], [-95.49218, 29.98985], [-95.49239, 29.99029], [-95.49283, 29.99094], [-95.4953, 29.98958], [-95.49644, 29.98896], [-95.49723, 29.98851], [-95.49841, 29.98787], [-95.49797, 29.98727]]}, "properties": {"route_id": "096", "route_short_name": "096", "route_long_name": "Veterans Memorial", "route_type": 3, "route_color": "#004080"}}, {"type": "Feature", "geometry": {"type": "LineString", "coordinates": [[-95.26429, 29.84971], [-95.26463, 29.84976], [-95.26463, 29.84998], [-95.2642, 29.84999], [-95.26384, 29.84999], [-95.26246, 29.85001], [-95.26244, 29.84914], [-95.26235, 29.84882], [-95.26233, 29.84708], [-95.26233, 29.84577], [-95.2623, 29.84485], [-95.2623, 29.84397], [-95.26225, 29.84142], [-95.26225, 29.83958], [-95.26222, 29.83855], [-95.26221, 29.83719], [-95.26241, 29.83688], [-95.26271, 29.8367], [-95.26299, 29.83662], [-95.26573, 29.83657], [-95.26954, 29.83657], [-95.26979, 29.83651], [-95.27005, 29.83631], [-95.27015, 29.83595], [-95.27013, 29.83456], [-95.27008, 29.83255], [-95.27007, 29.8314], [-95.27003, 29.82904], [-95.26993, 29.82398], [-95.26992, 29.82203], [-95.26988, 29.82052], [-95.26985, 29.81808], [-95.26982, 29.81618], [-95.2667, 29.8162], [-95.26364, 29.81619], [-95.2625, 29.81614], [-95.26246, 29.81346], [-95.26243, 29.81291], [-95.26235, 29.81247], [-95.26222, 29.81202], [-95.26196, 29.81138], [-95.26172, 29.81088], [-95.26135, 29.81028], [-95.26079, 29.80968], [-95.2606, 29.80957], [-95.25965, 29.81062], [-95.2587, 29.81162], [-95.25793, 29.81217], [-95.2564, 29.81283], [-95.25329, 29.81415], [-95.25122, 29.81504], [-95.24801, 29.81641], [-95.24446, 29.81792], [-95.24215, 29.81892], [-95.2406, 29.81958], [-95.2406, 29.81603], [-95.24057, 29.81433], [-95.24056, 29.81187], [-95.24054, 29.81062], [-95.24053, 29.80746], [-95.24049, 29.80429], [-95.24048, 29.80244], [-95.24046, 29.80082], [-95.24047, 29.80033], [-95.24058, 29.79971], [-95.24082, 29.79913], [-95.24109, 29.79875], [-95.24304, 29.79633], [-95.24331, 29.79608], [-95.24387, 29.79546], [-95.24421, 29.79518], [-95.24467, 29.79502], [-95.24677, 29.79498], [-95.24728, 29.79494], [-95.24802, 29.79483], [-95.25256, 29.79393], [-95.253, 29.79383], [-95.2547, 29.79351], [-95.25625, 29.79319], [-95.25872, 29.79271], [-95.26027, 29.79239], [-95.26142, 29.79218], [-95.262, 29.7921], [-95.2633, 29.79205], [-95.26739, 29.79194], [-95.26838, 29.79179], [-95.26742, 29.78974], [-95.26723, 29.78937], [-95.26686, 29.78854], [-95.26645, 29.78753], [-95.26603, 29.78644], [-95.26564, 29.78534], [-95.26529, 29.78445], [-95.26523, 29.78432], [-95.26439, 29.78457], [-95.26328, 29.7849], [-95.26178, 29.78539], [-95.26149, 29.78552], [-95.2611, 29.78507], [-95.26077, 29.78483], [-95.26043, 29.78466], [-95.26014, 29.78458], [-95.26028, 29.78444], [-95.26034, 29.78369], [-95.26026, 29.78007], [-95.26062, 29.78004], [-95.26136, 29.77984], [-95.26243, 29.7796], [-95.26316, 29.7815], [-95.26439, 29.78457], [-95.26444, 29.7847], [-95.26478, 29.78552], [-95.26501, 29.78601], [-95.26566, 29.78752], [-95.26604, 29.78849], [-95.26643, 29.78943], [-95.26724, 29.79149], [-95.26739, 29.79194], [-95.26755, 29.79229], [-95.26879, 29.79481], [-95.26906, 29.79525], [-95.2698, 29.7961], [-95.27013, 29.79643], [-95.27136, 29.79734], [-95.27189, 29.79768], [-95.27349, 29.79866], [-95.27628, 29.8005], [-95.27667, 29.80062], [-95.27746, 29.80097], [-95.27804, 29.80134], [-95.28137, 29.80355], [-95.28165, 29.80384], [-95.28206, 29.80414], [-95.2827, 29.80468], [-95.2832, 29.80481], [-95.28449, 29.8049], [-95.28538, 29.80482], [-95.28728, 29.80446], [-95.29, 29.80442], [-95.29149, 29.80467], [-95.2919, 29.80472], [-95.2923, 29.80466], [-95.29278, 29.80464], [-95.29388, 29.80464], [-95.29455, 29.80469], [-95.29515, 29.80477], [-95.29612, 29.805], [-95.29698, 29.8053], [-95.29746, 29.80551], [-95.298, 29.80579], [-95.30009, 29.80695], [-95.30181, 29.80795], [-95.30198, 29.80805], [-95.30328, 29.80867], [-95.30398, 29.80905], [-95.30478, 29.80953], [-95.307, 29.8109], [-95.3082, 29.8117], [-95.31041, 29.81308], [-95.31136, 29.81347], [-95.3116, 29.81355], [-95.31247, 29.81369], [-95.31361, 29.81371], [-95.31361, 29.81343], [-95.31284, 29.81344], [-95.31282, 29.81281], [-95.31245, 29.81282], [-95.31242, 29.81342], [-95.31146, 29.81323], [-95.31136, 29.81347], [-95.3116, 29.81355], [-95.31247, 29.81369], [-95.31361, 29.81371], [-95.31711, 29.81365], [-95.31727, 29.81365], [-95.31898, 29.81364], [-95.32252, 29.8136], [-95.32514, 29.81358], [-95.32721, 29.81355], [-95.32765, 29.81355], [-95.32777, 29.81371], [-95.32822, 29.81428], [-95.3281, 29.81442], [-95.32797, 29.81439], [-95.32789, 29.8143]]}, "properties": {"route_id": "097", "route_short_name": "097", "route_long_name": "Settegast", "route_type": 3, "route_color": "#004080"}}, {"type": "Feature", "geometry": {"type": "LineString", "coordinates": [[-95.50704, 29.62192], [-95.50701, 29.62155], [-95.50729, 29.62151], [-95.50722, 29.62222], [-95.50726, 29.62229], [-95.50776, 29.62229], [-95.50793, 29.62232], [-95.50812, 29.62172], [-95.50849, 29.62072], [-95.50867, 29.62007], [-95.50884, 29.61931], [-95.50893, 29.61877], [-95.509, 29.61811], [-95.50907, 29.6171], [-95.50918, 29.615], [-95.50924, 29.61412], [-95.50924, 29.61369], [-95.50916, 29.61302], [-95.50906, 29.61258], [-95.50883, 29.61191], [-95.50811, 29.61035], [-95.50772, 29.60947], [-95.50743, 29.60874], [-95.50728, 29.60809], [-95.50722, 29.60751], [-95.50724, 29.60681], [-95.50729, 29.60649], [-95.50756, 29.6054], [-95.50764, 29.60482], [-95.50765, 29.60404], [-95.5076, 29.60136], [-95.50631, 29.60137], [-95.5058, 29.60132], [-95.50487, 29.60114], [-95.50428, 29.60095], [-95.50382, 29.60076], [-95.50248, 29.60014], [-95.50092, 29.5994], [-95.50049, 29.59922], [-95.49972, 29.59898], [-95.49902, 29.59884], [-95.49812, 29.59876], [-95.49619, 29.59878], [-95.49269, 29.59885], [-95.48671, 29.59893], [-95.48572, 29.599], [-95.48518, 29.5991], [-95.48429, 29.59936], [-95.48349, 29.59972], [-95.48308, 29.59993], [-95.48262, 29.60026], [-95.48211, 29.60069], [-95.48145, 29.60011], [-95.47923, 29.59829], [-95.47892, 29.59808], [-95.47803, 29.59764], [-95.47614, 29.5969], [-95.4745, 29.59627], [-95.47398, 29.59614], [-95.47339, 29.59611], [-95.47251, 29.59612], [-95.46946, 29.5962], [-95.46892, 29.59615], [-95.46845, 29.59603], [-95.46696, 29.59547], [-95.46687, 29.59567], [-95.46575, 29.5979], [-95.46542, 29.59859], [-95.46467, 29.60005], [-95.46449, 29.60058], [-95.46438, 29.60114], [-95.46436, 29.6019], [-95.46439, 29.60312], [-95.46447, 29.60396], [-95.46457, 29.60439], [-95.46465, 29.60527], [-95.46465, 29.60577], [-95.464, 29.60579], [-95.46271, 29.6058], [-95.45804, 29.60589], [-95.45293, 29.60597], [-95.45163, 29.606], [-95.44906, 29.60603], [-95.44666, 29.60609], [-95.44587, 29.6061], [-95.44589, 29.60752], [-95.44593, 29.60896], [-95.44598, 29.61182], [-95.4458, 29.61294], [-95.44579, 29.61324], [-95.44462, 29.61326], [-95.44224, 29.61328], [-95.44172, 29.6133], [-95.44063, 29.6133], [-95.43905, 29.61332], [-95.4358, 29.61335], [-95.43221, 29.61341], [-95.43221, 29.61357], [-95.43222, 29.61394], [-95.43211, 29.61398], [-95.43201, 29.61399]]}, "properties": {"route_id": "098", "route_short_name": "098", "route_long_name": "Briargate", "route_type": 3, "route_color": "#004080"}}, {"type": "Feature", "geometry": {"type": "LineString", "coordinates": [[-95.3778, 30.00632], [-95.3781, 30.00516], [-95.37873, 30.00482], [-95.37913, 30.00469], [-95.37969, 30.00457], [-95.38063, 30.00404], [-95.38107, 30.00383], [-95.38167, 30.00365], [-95.3821, 30.00362], [-95.38252, 30.00376], [-95.38283, 30.00404], [-95.38303, 30.00446], [-95.38321, 30.00498], [-95.38374, 30.00576], [-95.38387, 30.00604], [-95.38294, 30.00645], [-95.38206, 30.00702], [-95.38084, 30.00811], [-95.38051, 30.00838], [-95.38002, 30.00867], [-95.3789, 30.00926], [-95.37516, 30.01134], [-95.37499, 30.01144], [-95.37544, 30.01219], [-95.37618, 30.01325], [-95.37714, 30.01487], [-95.37955, 30.01901], [-95.37974, 30.0194], [-95.37993, 30.01999], [-95.38008, 30.02026], [-95.38122, 30.02047], [-95.38435, 30.02102], [-95.38519, 30.02118], [-95.38599, 30.02139], [-95.38702, 30.02179], [-95.38857, 30.02245], [-95.39073, 30.02341], [-95.39264, 30.02423], [-95.39366, 30.02469], [-95.39509, 30.0253], [-95.39616, 30.02577], [-95.39696, 30.02615], [-95.39727, 30.02642], [-95.39814, 30.02675], [-95.39908, 30.02702], [-95.39992, 30.0272], [-95.40076, 30.02728], [-95.40185, 30.02728], [-95.4023, 30.02725], [-95.4031, 30.02714], [-95.40498, 30.02676], [-95.40673, 30.02645], [-95.40918, 30.02598], [-95.41104, 30.02551], [-95.41194, 30.02519], [-95.41501, 30.02461], [-95.41555, 30.02452], [-95.41622, 30.02437], [-95.41789, 30.0241], [-95.41774, 30.02342], [-95.41795, 30.02288], [-95.41801, 30.02228], [-95.41801, 30.0219], [-95.41766, 30.02194], [-95.41762, 30.0222], [-95.41775, 30.0223], [-95.41801, 30.02228], [-95.41795, 30.02288], [-95.41774, 30.02342], [-95.41789, 30.0241], [-95.42047, 30.02362], [-95.42059, 30.02459], [-95.42057, 30.02579], [-95.42052, 30.02687], [-95.42053, 30.02743], [-95.4206, 30.02796], [-95.42085, 30.02894], [-95.4215, 30.02873], [-95.42228, 30.02858], [-95.42658, 30.02862], [-95.42865, 30.02867], [-95.42924, 30.0287], [-95.43127, 30.02869], [-95.43198, 30.02864], [-95.43257, 30.02853], [-95.43367, 30.02815], [-95.43419, 30.0279], [-95.43596, 30.02691], [-95.43781, 30.02591], [-95.43893, 30.02502], [-95.43985, 30.02446], [-95.44247, 30.02304], [-95.44297, 30.0226], [-95.44258, 30.02228], [-95.44112, 30.02026], [-95.44069, 30.01983], [-95.44035, 30.01937], [-95.43978, 30.01879], [-95.4393, 30.01818], [-95.44188, 30.01742], [-95.44366, 30.01691], [-95.44592, 30.01622], [-95.44749, 30.01577], [-95.44813, 30.01555], [-95.4487, 30.01529], [-95.4506, 30.01426], [-95.44945, 30.01265], [-95.44797, 30.01072], [-95.44621, 30.00837], [-95.44487, 30.00646], [-95.44406, 30.00527], [-95.44294, 30.00371], [-95.44225, 30.00283], [-95.44142, 30.00183], [-95.43996, 29.99987], [-95.43825, 29.99752], [-95.4377, 29.99692], [-95.43691, 29.9963], [-95.43485, 29.99503], [-95.43464, 29.99484], [-95.43371, 29.99425], [-95.43286, 29.99356], [-95.43224, 29.99286], [-95.43193, 29.99237], [-95.43163, 29.99172], [-95.43153, 29.99143], [-95.43133, 29.99064], [-95.43128, 29.99004], [-95.43136, 29.98926], [-95.43146, 29.98877], [-95.43174, 29.98796], [-95.43205, 29.98735], [-95.43222, 29.9871], [-95.43329, 29.98585], [-95.43489, 29.984], [-95.43587, 29.98285], [-95.43667, 29.98196], [-95.43763, 29.98078], [-95.43809, 29.97993], [-95.4383, 29.97932], [-95.4384, 29.97886], [-95.43846, 29.97831], [-95.43847, 29.97775], [-95.43839, 29.97682], [-95.43823, 29.97614], [-95.43783, 29.97524], [-95.43735, 29.97453], [-95.43709, 29.9742], [-95.43662, 29.97374], [-95.43469, 29.97204], [-95.43407, 29.97147], [-95.43165, 29.9693], [-95.43101, 29.96856], [-95.43069, 29.96796], [-95.43064, 29.96771], [-95.43035, 29.96679], [-95.42964, 29.96536], [-95.42936, 29.96452], [-95.42924, 29.96384], [-95.42917, 29.96092], [-95.42916, 29.9599], [-95.42901, 29.95993], [-95.42673, 29.96048], [-95.42567, 29.96085], [-95.42468, 29.96126], [-95.42423, 29.96052], [-95.42383, 29.95997], [-95.42341, 29.95906], [-95.42328, 29.95864], [-95.4232, 29.95774], [-95.42316, 29.95683], [-95.42312, 29.95499], [-95.42305, 29.95461], [-95.42237, 29.9534], [-95.42224, 29.95288], [-95.42219, 29.95126], [-95.42218, 29.94907], [-95.42224, 29.94891], [-95.42087, 29.94896], [-95.41792, 29.94894], [-95.41705, 29.94888], [-95.41689, 29.94887], [-95.41586, 29.94877], [-95.41541, 29.94875], [-95.41468, 29.94881], [-95.41381, 29.94905], [-95.41324, 29.94927], [-95.41233, 29.94973], [-95.41194, 29.9499], [-95.41114, 29.95017], [-95.41099, 29.9498], [-95.41065, 29.94913], [-95.41055, 29.94884], [-95.41036, 29.94861], [-95.41018, 29.94841], [-95.40984, 29.94822], [-95.40903, 29.94739], [-95.40834, 29.94651], [-95.4081, 29.94611], [-95.4078, 29.94541], [-95.40768, 29.945], [-95.40757, 29.94425], [-95.40752, 29.94323], [-95.40744, 29.94113], [-95.40922, 29.94122], [-95.41165, 29.94128], [-95.41193, 29.94127], [-95.41264, 29.94113], [-95.41355, 29.94099], [-95.4141, 29.94098], [-95.41429, 29.94098], [-95.41461, 29.94097], [-95.41439, 29.94034], [-95.41395, 29.93899], [-95.41357, 29.938], [-95.41326, 29.93692], [-95.41264, 29.93495], [-95.41248, 29.93435], [-95.4124, 29.93374], [-95.41241, 29.93271], [-95.41239, 29.93103], [-95.41226, 29.93013], [-95.41224, 29.92983], [-95.41232, 29.92849], [-95.4124, 29.92755], [-95.41244, 29.9268], [-95.41275, 29.92211], [-95.41301, 29.91766], [-95.41301, 29.91709], [-95.41296, 29.91549], [-95.41296, 29.91502], [-95.41294, 29.91272], [-95.4129, 29.91113], [-95.41288, 29.91095], [-95.41283, 29.90882], [-95.41278, 29.90525], [-95.41276, 29.9047], [-95.41277, 29.90388], [-95.41271, 29.9016], [-95.41271, 29.90109], [-95.41267, 29.90034], [-95.41265, 29.89824], [-95.41241, 29.89824], [-95.41226, 29.89824], [-95.41186, 29.89825], [-95.41129, 29.89825], [-95.41086, 29.8982], [-95.40999, 29.89803], [-95.40942, 29.89782], [-95.40866, 29.89742], [-95.40863, 29.89572], [-95.40863, 29.89493], [-95.40858, 29.89116], [-95.40858, 29.88882], [-95.40859, 29.88788], [-95.40854, 29.88513], [-95.40855, 29.88432], [-95.40779, 29.88432], [-95.40571, 29.88435], [-95.4057, 29.88057], [-95.40568, 29.87941], [-95.40562, 29.87909], [-95.40533, 29.8787], [-95.40517, 29.87834], [-95.40513, 29.87801], [-95.40512, 29.87542], [-95.40317, 29.87542], [-95.40104, 29.87546], [-95.39881, 29.87547], [-95.39786, 29.8755], [-95.3979, 29.87455], [-95.39787, 29.8727], [-95.39786, 29.8711], [-95.39787, 29.86996], [-95.39912, 29.86996], [-95.39972, 29.86994], [-95.40149, 29.86993], [-95.40519, 29.86986], [-95.40598, 29.86988], [-95.40746, 29.86998], [-95.40772, 29.86999], [-95.40784, 29.86999], [-95.40796, 29.86998], [-95.40967, 29.86997], [-95.41031, 29.86994], [-95.41143, 29.87017], [-95.41207, 29.87039], [-95.41247, 29.87056], [-95.41238, 29.87194], [-95.41214, 29.87408], [-95.41223, 29.87443], [-95.41222, 29.87466], [-95.4124, 29.87474], [-95.41404, 29.87471], [-95.41422, 29.87471], [-95.41424, 29.87602], [-95.41425, 29.87698]]}, "properties": {"route_id": "099", "route_short_name": "099", "route_long_name": "Ella - FM 1960", "route_type": 3, "route_color": "#004080"}}, {"type": "Feature", "geometry": {"type": "LineString", "coordinates": [[-95.36838, 29.74909], [-95.36854, 29.74918], [-95.36939, 29.74969], [-95.3699, 29.74999], [-95.3702, 29.75018], [-95.37031, 29.75025], [-95.37114, 29.75074], [-95.37051, 29.7515], [-95.36935, 29.75301], [-95.36841, 29.7542], [-95.36768, 29.7551], [-95.36743, 29.75547], [-95.36661, 29.75645], [-95.36641, 29.75677], [-95.36504, 29.75852], [-95.36482, 29.75879], [-95.36465, 29.75899], [-95.36447, 29.75924], [-95.36359, 29.7603], [-95.36324, 29.76076], [-95.36163, 29.7628], [-95.36103, 29.76354], [-95.36073, 29.76394], [-95.36058, 29.76427], [-95.36053, 29.76454], [-95.36066, 29.76639], [-95.36073, 29.7669], [-95.36098, 29.76719], [-95.3612, 29.76744], [-95.36151, 29.76765], [-95.36235, 29.7681], [-95.36358, 29.76866], [-95.36406, 29.76892], [-95.36457, 29.76938], [-95.36506, 29.76999], [-95.36549, 29.77062], [-95.36587, 29.77155], [-95.36643, 29.77244], [-95.36735, 29.7738], [-95.36806, 29.7748], [-95.36883, 29.77605], [-95.36905, 29.7765], [-95.36917, 29.7769], [-95.36925, 29.77742], [-95.36923, 29.7781], [-95.36905, 29.77888], [-95.36889, 29.7793], [-95.36858, 29.7802], [-95.36847, 29.78076], [-95.36842, 29.7817], [-95.36846, 29.78277], [-95.36853, 29.78325], [-95.36877, 29.7841], [-95.36903, 29.78468], [-95.36958, 29.78551], [-95.37031, 29.7865], [-95.37091, 29.78735], [-95.37141, 29.78823], [-95.37168, 29.7889], [-95.37176, 29.78925], [-95.37181, 29.78992], [-95.37174, 29.79221], [-95.3717, 29.79405], [-95.37173, 29.7968], [-95.37174, 29.79825], [-95.37179, 29.79989], [-95.37183, 29.80042], [-95.3719, 29.80083], [-95.37249, 29.80383], [-95.37273, 29.80487], [-95.37306, 29.80644], [-95.37326, 29.8077], [-95.37372, 29.80933], [-95.37425, 29.81081], [-95.37521, 29.81318], [-95.37555, 29.81409], [-95.37648, 29.81639], [-95.37713, 29.81784], [-95.37838, 29.82039], [-95.37918, 29.82204], [-95.37969, 29.82331], [-95.38002, 29.82441], [-95.38074, 29.82767], [-95.38106, 29.82857], [-95.38112, 29.82872], [-95.38144, 29.8294], [-95.3818, 29.82996], [-95.38219, 29.83049], [-95.38335, 29.83195], [-95.3842, 29.833], [-95.38598, 29.83525], [-95.38666, 29.83619], [-95.38874, 29.8394], [-95.39045, 29.84203], [-95.39165, 29.84385], [-95.39276, 29.84545], [-95.3967, 29.85102], [-95.40144, 29.8577], [-95.40191, 29.85842], [-95.40247, 29.85941], [-95.40348, 29.86143], [-95.40587, 29.86612], [-95.40675, 29.86784], [-95.40784, 29.86999], [-95.40848, 29.87117], [-95.40984, 29.87327], [-95.41075, 29.87474], [-95.41106, 29.87522], [-95.41152, 29.87618], [-95.41175, 29.87685], [-95.41195, 29.8779], [-95.41197, 29.87839], [-95.41196, 29.87942], [-95.41193, 29.88071], [-95.41198, 29.88312], [-95.41204, 29.88641], [-95.4121, 29.88928], [-95.41214, 29.89216], [-95.41219, 29.89443], [-95.41226, 29.89824], [-95.41232, 29.90182], [-95.4124, 29.9059], [-95.41249, 29.91119], [-95.41255, 29.91388], [-95.41255, 29.91502], [-95.41261, 29.91699], [-95.41252, 29.91914], [-95.41233, 29.91955], [-95.41214, 29.92013], [-95.41209, 29.92087], [-95.41198, 29.92171], [-95.41181, 29.92371], [-95.41172, 29.92529], [-95.41154, 29.92804], [-95.41144, 29.92939], [-95.41123, 29.93053], [-95.41123, 29.93093], [-95.41128, 29.93169], [-95.41125, 29.93315], [-95.4113, 29.9338], [-95.41138, 29.93429], [-95.41156, 29.935], [-95.41222, 29.93791], [-95.41112, 29.93794], [-95.40959, 29.93796], [-95.40892, 29.93802], [-95.40831, 29.93815], [-95.40746, 29.93818], [-95.40749, 29.93995], [-95.40744, 29.94113], [-95.40752, 29.94323], [-95.40757, 29.94425], [-95.40768, 29.945], [-95.4078, 29.94541], [-95.4081, 29.94611], [-95.40834, 29.94651], [-95.40903, 29.94739], [-95.40984, 29.94822], [-95.41034, 29.94873], [-95.41065, 29.94913], [-95.41099, 29.9498], [-95.41114, 29.95017], [-95.41062, 29.95027], [-95.40995, 29.95035], [-95.4076, 29.95041], [-95.40591, 29.95044], [-95.40169, 29.95049], [-95.39953, 29.95052], [-95.39944, 29.95023], [-95.39914, 29.94961], [-95.39877, 29.94905], [-95.39812, 29.9483], [-95.39714, 29.94726], [-95.39684, 29.94686], [-95.39656, 29.9464], [-95.39635, 29.94588], [-95.39618, 29.94531], [-95.39598, 29.94451], [-95.39592, 29.94409], [-95.39594, 29.94343], [-95.39604, 29.94296], [-95.3966, 29.9412], [-95.39691, 29.94035], [-95.39719, 29.93943], [-95.39738, 29.93892], [-95.39591, 29.93857], [-95.39527, 29.93845], [-95.39452, 29.93835], [-95.39378, 29.93829], [-95.39287, 29.93835], [-95.39117, 29.93837], [-95.38944, 29.93837], [-95.38724, 29.93865], [-95.38574, 29.93866], [-95.3771, 29.93876], [-95.36189, 29.9389], [-95.35978, 29.93894], [-95.35656, 29.93897], [-95.35286, 29.93897], [-95.34966, 29.93895], [-95.3464, 29.93898], [-95.34142, 29.93904], [-95.33913, 29.93906], [-95.33818, 29.93897], [-95.33692, 29.93893], [-95.33584, 29.93892], [-95.33337, 29.93895], [-95.33276, 29.93905], [-95.3322, 29.93932], [-95.33194, 29.93952], [-95.33175, 29.93975], [-95.33152, 29.94021], [-95.33146, 29.94059], [-95.33144, 29.94262], [-95.33133, 29.94441], [-95.33137, 29.94632], [-95.33138, 29.94795], [-95.3314, 29.94869], [-95.33142, 29.95171], [-95.33145, 29.95254], [-95.33145, 29.95386], [-95.33134, 29.9544], [-95.33097, 29.95576], [-95.33089, 29.95636], [-95.33088, 29.95692], [-95.331, 29.95785], [-95.3311, 29.95822], [-95.33129, 29.95869], [-95.33163, 29.95924], [-95.33233, 29.96025], [-95.33319, 29.96164], [-95.33412, 29.96318], [-95.33478, 29.96422], [-95.33538, 29.9652], [-95.33564, 29.96568], [-95.33691, 29.96772], [-95.33954, 29.97205], [-95.34032, 29.97327], [-95.34125, 29.97433], [-95.34199, 29.97557], [-95.34224, 29.97602], [-95.34252, 29.97683], [-95.3426, 29.97754], [-95.34258, 29.97784], [-95.34246, 29.97851], [-95.3421, 29.97925], [-95.34185, 29.97965], [-95.34137, 29.98005], [-95.33951, 29.98103], [-95.33888, 29.98132], [-95.33854, 29.98141], [-95.33801, 29.98148], [-95.33764, 29.98149], [-95.3367, 29.98145], [-95.33541, 29.98124], [-95.33482, 29.98118], [-95.33363, 29.98118], [-95.33244, 29.98116], [-95.33118, 29.98117], [-95.33055, 29.9812], [-95.32972, 29.98121], [-95.32898, 29.98114], [-95.32793, 29.98109], [-95.32744, 29.98112], [-95.32688, 29.9813], [-95.32647, 29.98156], [-95.32617, 29.98186], [-95.32598, 29.98217], [-95.32584, 29.98271], [-95.32584, 29.983], [-95.32592, 29.98337], [-95.32609, 29.98369], [-95.32739, 29.98528], [-95.3277, 29.98555], [-95.3284, 29.98606], [-95.32866, 29.98621], [-95.32961, 29.98689], [-95.33003, 29.98715], [-95.33051, 29.98731], [-95.33101, 29.98741], [-95.33143, 29.98743], [-95.33236, 29.98735], [-95.33316, 29.98731], [-95.33552, 29.98735], [-95.33754, 29.98745], [-95.3393, 29.98746], [-95.34061, 29.98744], [-95.34095, 29.98732], [-95.3412, 29.98713], [-95.34127, 29.98693], [-95.34126, 29.98653], [-95.34111, 29.98623], [-95.34079, 29.98611], [-95.34031, 29.98609], [-95.33992, 29.98601], [-95.33922, 29.986], [-95.33866, 29.9861], [-95.33787, 29.9861], [-95.33712, 29.98598], [-95.33609, 29.98598], [-95.33488, 29.986], [-95.3343, 29.98598], [-95.33344, 29.98599], [-95.33223, 29.98598], [-95.33077, 29.986], [-95.32945, 29.98597], [-95.3289, 29.98585], [-95.32739, 29.98528], [-95.32618, 29.98486], [-95.32568, 29.98478], [-95.32514, 29.98474], [-95.32286, 29.98475], [-95.32141, 29.98474], [-95.31928, 29.98476], [-95.31318, 29.98477], [-95.31318, 29.98564], [-95.31323, 29.98677], [-95.31652, 29.9868], [-95.32144, 29.9868], [-95.32211, 29.9868], [-95.32329, 29.9868], [-95.32342, 29.98681]]}, "properties": {"route_id": "102", "route_short_name": "102", "route_long_name": "Bush IAH", "route_type": 3, "route_color": "#004080"}}, {"type": "Feature", "geometry": {"type": "LineString", "coordinates": [[-95.36925, 29.74961], [-95.36939, 29.74969], [-95.3699, 29.74999], [-95.3702, 29.75018], [-95.37031, 29.75025], [-95.37114, 29.75074], [-95.37051, 29.7515], [-95.36935, 29.75301], [-95.36841, 29.7542], [-95.36768, 29.7551], [-95.36743, 29.75547], [-95.36661, 29.75645], [-95.36641, 29.75677], [-95.36504, 29.75852], [-95.36482, 29.75879], [-95.36465, 29.75899], [-95.36447, 29.75924], [-95.36359, 29.7603], [-95.36324, 29.76076], [-95.36163, 29.7628], [-95.36103, 29.76354], [-95.36073, 29.76394], [-95.36058, 29.76427], [-95.36053, 29.76454], [-95.36066, 29.76639], [-95.36073, 29.7669], [-95.36098, 29.76719], [-95.3612, 29.76744], [-95.36151, 29.76765], [-95.36235, 29.7681], [-95.36358, 29.76866], [-95.36406, 29.76892], [-95.36457, 29.76938], [-95.36506, 29.76999], [-95.36549, 29.77062], [-95.36587, 29.77155], [-95.36643, 29.77244], [-95.36735, 29.7738], [-95.36806, 29.7748], [-95.36883, 29.77605], [-95.36905, 29.7765], [-95.36917, 29.7769], [-95.36925, 29.77742], [-95.36923, 29.7781], [-95.36905, 29.77888], [-95.36889, 29.7793], [-95.36858, 29.7802], [-95.36847, 29.78076], [-95.36842, 29.7817], [-95.36846, 29.78277], [-95.36853, 29.78325], [-95.36877, 29.7841], [-95.36903, 29.78468], [-95.36958, 29.78551], [-95.37031, 29.7865], [-95.37091, 29.78735], [-95.37141, 29.78823], [-95.37168, 29.7889], [-95.37176, 29.78925], [-95.37181, 29.78992], [-95.37174, 29.79221], [-95.3717, 29.79405], [-95.37173, 29.7968], [-95.37174, 29.79825], [-95.37179, 29.79989], [-95.37183, 29.80042], [-95.3719, 29.80083], [-95.37249, 29.80383], [-95.37273, 29.80487], [-95.37306, 29.80644], [-95.37326, 29.8077], [-95.37372, 29.80933], [-95.37425, 29.81081], [-95.37521, 29.81318], [-95.37555, 29.81409], [-95.37648, 29.81639], [-95.37713, 29.81784], [-95.37838, 29.82039], [-95.37918, 29.82204], [-95.37969, 29.82331], [-95.38002, 29.82441], [-95.38074, 29.82767], [-95.38106, 29.82857], [-95.38112, 29.82872], [-95.38144, 29.8294], [-95.3818, 29.82996], [-95.38219, 29.83049], [-95.38335, 29.83195], [-95.3842, 29.833], [-95.38598, 29.83525], [-95.38666, 29.83619], [-95.38874, 29.8394], [-95.39045, 29.84203], [-95.39165, 29.84385], [-95.39276, 29.84545], [-95.3967, 29.85102], [-95.40144, 29.8577], [-95.40191, 29.85842], [-95.40247, 29.85941], [-95.40348, 29.86143], [-95.40587, 29.86612], [-95.40675, 29.86784], [-95.40784, 29.86999], [-95.40848, 29.87117], [-95.40984, 29.87327], [-95.41075, 29.87474], [-95.41093, 29.87548], [-95.41107, 29.87627], [-95.41137, 29.87638], [-95.41152, 29.87618], [-95.41161, 29.87602], [-95.41185, 29.87576], [-95.41209, 29.8758], [-95.41218, 29.87597], [-95.41324, 29.87736], [-95.41338, 29.87727], [-95.41373, 29.87726], [-95.41417, 29.87732], [-95.41407, 29.87723], [-95.41404, 29.87471], [-95.41422, 29.87471], [-95.41423, 29.87521]]}, "properties": {"route_id": "108", "route_short_name": "108", "route_long_name": "Veterans Memorial Express", "route_type": 3, "route_color": "#004080"}}, {"type": "Feature", "geometry": {"type": "LineString", "coordinates": [[-95.37559, 29.75125], [-95.37571, 29.75132], [-95.37512, 29.75208], [-95.37465, 29.75179], [-95.3743, 29.75158], [-95.37344, 29.75107], [-95.3726, 29.75052], [-95.37171, 29.75002], [-95.37132, 29.74978], [-95.37132, 29.74979], [-95.37089, 29.74951], [-95.37078, 29.74945], [-95.3706, 29.74934], [-95.36993, 29.74896], [-95.3691, 29.74844], [-95.36854, 29.74918], [-95.36793, 29.74995], [-95.36733, 29.75068], [-95.36615, 29.7522], [-95.36497, 29.75369], [-95.36379, 29.75515], [-95.36261, 29.75666], [-95.36244, 29.75686], [-95.362, 29.75742], [-95.36179, 29.75768], [-95.36146, 29.75814], [-95.36082, 29.7589], [-95.35989, 29.76015], [-95.35899, 29.76122], [-95.35841, 29.76194], [-95.35753, 29.76143], [-95.35667, 29.76091], [-95.35499, 29.75989], [-95.3541, 29.75938], [-95.35325, 29.75885], [-95.35238, 29.75834], [-95.35153, 29.75783], [-95.35095, 29.75857], [-95.35179, 29.7591], [-95.35267, 29.75963], [-95.35205, 29.76038], [-95.35169, 29.76092], [-95.3512, 29.76166], [-95.3508, 29.7624], [-95.35065, 29.76224], [-95.35037, 29.76213], [-95.35008, 29.7619], [-95.34945, 29.76147], [-95.34934, 29.76285], [-95.34916, 29.76343], [-95.34903, 29.76372], [-95.34864, 29.76429], [-95.34826, 29.76473], [-95.34757, 29.76537], [-95.34694, 29.76584], [-95.34627, 29.76627], [-95.34572, 29.76659], [-95.34512, 29.76689], [-95.34369, 29.76749], [-95.34305, 29.76769], [-95.34236, 29.76793], [-95.3407, 29.76835], [-95.3395, 29.76863], [-95.33906, 29.76876], [-95.33772, 29.76895], [-95.33672, 29.76897], [-95.33598, 29.76907], [-95.33507, 29.76936], [-95.33097, 29.77095], [-95.33012, 29.77127], [-95.32876, 29.77181], [-95.32652, 29.77267], [-95.32632, 29.77275], [-95.32581, 29.77296], [-95.32439, 29.77349], [-95.3237, 29.77373], [-95.3225, 29.77403], [-95.32192, 29.77412], [-95.32121, 29.77418], [-95.32056, 29.7742], [-95.31972, 29.77405], [-95.31795, 29.77385], [-95.31558, 29.77385], [-95.31514, 29.77385], [-95.31515, 29.77439], [-95.31516, 29.77465], [-95.31518, 29.77508], [-95.31519, 29.77528], [-95.31563, 29.77535], [-95.31556, 29.77439], [-95.31558, 29.77385], [-95.31514, 29.77385], [-95.31473, 29.77385], [-95.31307, 29.77407], [-95.31257, 29.77418], [-95.31046, 29.77418], [-95.30848, 29.77417], [-95.30515, 29.77417], [-95.30281, 29.77416], [-95.30142, 29.77422], [-95.30102, 29.77428], [-95.30031, 29.77442], [-95.29932, 29.7747], [-95.29853, 29.77499], [-95.29611, 29.77599], [-95.29517, 29.77641], [-95.29291, 29.77731], [-95.29183, 29.77761], [-95.2913, 29.77771], [-95.29033, 29.77782], [-95.28822, 29.77787], [-95.286, 29.77788], [-95.28405, 29.77792], [-95.28282, 29.77793], [-95.28096, 29.77797], [-95.27913, 29.77788], [-95.27766, 29.7777], [-95.27627, 29.77747], [-95.2754, 29.77735], [-95.27234, 29.77684], [-95.26929, 29.77636], [-95.26632, 29.77588], [-95.26358, 29.77547], [-95.26212, 29.77524], [-95.2612, 29.77507], [-95.25838, 29.77462], [-95.25738, 29.77445], [-95.25318, 29.77378], [-95.25236, 29.77367], [-95.25166, 29.77361], [-95.25096, 29.77347], [-95.24983, 29.77329], [-95.24682, 29.77329], [-95.24517, 29.77331], [-95.24368, 29.77339], [-95.24283, 29.77342], [-95.24077, 29.77343], [-95.24016, 29.77345], [-95.23715, 29.77347], [-95.23656, 29.77344], [-95.23569, 29.77333], [-95.23425, 29.77304], [-95.23181, 29.77249], [-95.23069, 29.7722], [-95.22985, 29.77202], [-95.22904, 29.77189], [-95.22643, 29.77131], [-95.22117, 29.77013], [-95.22053, 29.77005], [-95.21954, 29.76999], [-95.21833, 29.77], [-95.21593, 29.77004], [-95.21524, 29.77007], [-95.21405, 29.77018], [-95.2107, 29.77051], [-95.20923, 29.77067], [-95.20702, 29.77086], [-95.20627, 29.77089], [-95.20346, 29.77104], [-95.20312, 29.77104], [-95.20161, 29.77112], [-95.20006, 29.77127], [-95.19918, 29.77128], [-95.19725, 29.77114], [-95.19539, 29.77099], [-95.19439, 29.77089], [-95.19376, 29.7708], [-95.19205, 29.77065], [-95.1914, 29.77062], [-95.18963, 29.77048], [-95.18854, 29.77037], [-95.18755, 29.77032], [-95.18646, 29.77029], [-95.18646, 29.77078], [-95.18647, 29.77217], [-95.1865, 29.77289], [-95.18651, 29.77394], [-95.1866, 29.77713], [-95.18662, 29.77869], [-95.1867, 29.78125], [-95.18676, 29.78358], [-95.1868, 29.7855], [-95.18683, 29.78622], [-95.18687, 29.78814], [-95.18691, 29.78936], [-95.18697, 29.79184], [-95.18778, 29.79194], [-95.1881, 29.7921], [-95.18882, 29.79232], [-95.18987, 29.79279], [-95.19082, 29.79334], [-95.19145, 29.79361], [-95.19238, 29.79387], [-95.19329, 29.79401], [-95.19415, 29.79403], [-95.19497, 29.79395], [-95.19569, 29.7938], [-95.19634, 29.79359], [-95.19702, 29.7933], [-95.19772, 29.79289], [-95.19828, 29.7925], [-95.19882, 29.79218], [-95.19949, 29.79186], [-95.20039, 29.79157], [-95.20087, 29.79148], [-95.20162, 29.79139], [-95.20264, 29.79137], [-95.20497, 29.79136], [-95.20586, 29.79125], [-95.20653, 29.79108], [-95.20753, 29.79074], [-95.20945, 29.79029], [-95.21016, 29.79005], [-95.21049, 29.78991], [-95.21181, 29.78922], [-95.21291, 29.78879], [-95.21358, 29.78845], [-95.21385, 29.78827], [-95.21463, 29.78764], [-95.21503, 29.78736], [-95.21571, 29.78705], [-95.21611, 29.7869], [-95.21655, 29.78679], [-95.21725, 29.7867], [-95.21868, 29.78667], [-95.21868, 29.78465], [-95.21866, 29.78387], [-95.21804, 29.78387], [-95.21773, 29.78388], [-95.21762, 29.78397], [-95.21762, 29.78435]]}, "properties": {"route_id": "137", "route_short_name": "137", "route_long_name": "Northshore Express", "route_type": 3, "route_color": "#004080"}}, {"type": "Feature", "geometry": {"type": "LineString", "coordinates": [[-95.35631, 29.75962], [-95.35643, 29.7597], [-95.35788, 29.76057], [-95.35899, 29.76122], [-95.35987, 29.76175], [-95.3602, 29.76194], [-95.36076, 29.76226], [-95.36084, 29.7623], [-95.36163, 29.7628], [-95.36246, 29.7633], [-95.36336, 29.7638], [-95.36417, 29.76428], [-95.36444, 29.764], [-95.36478, 29.76357], [-95.36538, 29.76281], [-95.3666, 29.76128], [-95.36718, 29.76052], [-95.36728, 29.7604], [-95.36777, 29.75978], [-95.36815, 29.75931], [-95.36896, 29.75829], [-95.36955, 29.75752], [-95.36999, 29.75698], [-95.37128, 29.75532], [-95.37154, 29.75501], [-95.37251, 29.75377], [-95.37308, 29.75305], [-95.37369, 29.75227], [-95.3743, 29.75158], [-95.37489, 29.75083], [-95.37546, 29.75009], [-95.37633, 29.749], [-95.37698, 29.74813], [-95.37822, 29.74658], [-95.379, 29.74558], [-95.3805, 29.74371], [-95.38168, 29.74222], [-95.3819, 29.7419], [-95.38191, 29.74045], [-95.38195, 29.73989], [-95.38213, 29.73917], [-95.38239, 29.73857], [-95.3826, 29.73817], [-95.38292, 29.73773], [-95.3837, 29.73672], [-95.38531, 29.7346], [-95.38617, 29.73348], [-95.38677, 29.73275], [-95.3872, 29.73246], [-95.38776, 29.73222], [-95.38814, 29.73213], [-95.38886, 29.73205], [-95.39108, 29.73187], [-95.39806, 29.73132], [-95.39949, 29.73123], [-95.40211, 29.73112], [-95.40443, 29.731], [-95.40501, 29.73098], [-95.40549, 29.73095], [-95.40739, 29.7309], [-95.41061, 29.73085], [-95.41245, 29.73083], [-95.41377, 29.73073], [-95.41507, 29.73065], [-95.41749, 29.73061], [-95.41866, 29.73061], [-95.41968, 29.73059], [-95.42133, 29.73058], [-95.42281, 29.73056], [-95.42394, 29.7305], [-95.42497, 29.73041], [-95.42814, 29.72992], [-95.43056, 29.72954], [-95.43181, 29.72938], [-95.43277, 29.7293], [-95.43378, 29.72924], [-95.43748, 29.72905], [-95.43858, 29.72898], [-95.44086, 29.72888], [-95.44161, 29.72888], [-95.44291, 29.72896], [-95.44461, 29.72918], [-95.4472, 29.72972], [-95.4479, 29.72985], [-95.44893, 29.72999], [-95.44999, 29.73008], [-95.45172, 29.73011], [-95.45572, 29.73002], [-95.45675, 29.7299], [-95.4574, 29.72969], [-95.45803, 29.72939], [-95.45877, 29.72913], [-95.45945, 29.72896], [-95.46094, 29.72841], [-95.46124, 29.72828], [-95.46145, 29.72819], [-95.46242, 29.72782], [-95.46374, 29.72726], [-95.46428, 29.72712], [-95.4646, 29.72709], [-95.46518, 29.72699], [-95.46601, 29.7267], [-95.46668, 29.72649], [-95.46749, 29.72631], [-95.46835, 29.72617], [-95.46927, 29.72608], [-95.47078, 29.726], [-95.47322, 29.72589], [-95.47638, 29.72585], [-95.4833, 29.7258], [-95.48407, 29.7258], [-95.48625, 29.72577], [-95.48686, 29.72575], [-95.48746, 29.72569], [-95.48792, 29.7256], [-95.48846, 29.72545], [-95.48898, 29.72527], [-95.4899, 29.7248], [-95.49034, 29.7245], [-95.49117, 29.72381], [-95.49306, 29.72214], [-95.49377, 29.72148], [-95.49474, 29.72068], [-95.4949, 29.72069], [-95.49526, 29.72099], [-95.49543, 29.72106], [-95.49679, 29.72106], [-95.49699, 29.72113], [-95.49706, 29.72129], [-95.49706, 29.72204], [-95.49684, 29.7224], [-95.49653, 29.72254], [-95.49658, 29.7227], [-95.49531, 29.72281], [-95.49515, 29.72261], [-95.49531, 29.72248], [-95.49632, 29.72241], [-95.49653, 29.72254], [-95.49658, 29.7227], [-95.49733, 29.72267], [-95.49734, 29.72334], [-95.50056, 29.72311], [-95.50118, 29.72305], [-95.50274, 29.72288], [-95.50599, 29.72261], [-95.51317, 29.72203], [-95.51512, 29.72189], [-95.52026, 29.72147], [-95.52371, 29.7212], [-95.52511, 29.72105], [-95.52742, 29.72085], [-95.53164, 29.72052], [-95.53407, 29.72031], [-95.53486, 29.72034], [-95.53533, 29.72041], [-95.53548, 29.72011], [-95.53575, 29.72011], [-95.53605, 29.72021], [-95.53649, 29.72042], [-95.53681, 29.72051], [-95.53705, 29.72043], [-95.53703, 29.72021], [-95.53705, 29.72], [-95.53731, 29.71998], [-95.53732, 29.72062], [-95.53709, 29.72067], [-95.53705, 29.72043], [-95.53703, 29.72021], [-95.53693, 29.72017], [-95.53605, 29.72021], [-95.53575, 29.72011], [-95.53548, 29.72011], [-95.53533, 29.72041], [-95.53555, 29.72044], [-95.53642, 29.72069], [-95.53714, 29.72102], [-95.53781, 29.72144], [-95.53813, 29.72168], [-95.53858, 29.72194], [-95.53902, 29.72213], [-95.53977, 29.72242], [-95.54106, 29.72288], [-95.54195, 29.72308], [-95.54244, 29.72315], [-95.54305, 29.72319], [-95.5437, 29.72319], [-95.54644, 29.72297], [-95.54696, 29.72294], [-95.54881, 29.72278], [-95.54894, 29.72277], [-95.5489, 29.7218], [-95.54894, 29.72068], [-95.54892, 29.71989], [-95.54888, 29.7196], [-95.54885, 29.71904], [-95.54882, 29.71734], [-95.54872, 29.71662], [-95.5503, 29.71656], [-95.55428, 29.71677], [-95.55568, 29.71682], [-95.55706, 29.71669], [-95.55834, 29.71659], [-95.55935, 29.71649], [-95.55949, 29.71655], [-95.56335, 29.71621], [-95.56344, 29.7163], [-95.56351, 29.71702], [-95.56349, 29.71729], [-95.5623, 29.71738], [-95.56227, 29.71716], [-95.56351, 29.71702], [-95.56344, 29.7163], [-95.56335, 29.71621], [-95.56475, 29.71614], [-95.56528, 29.71609], [-95.56606, 29.71595], [-95.56734, 29.71586], [-95.57039, 29.7156], [-95.57135, 29.71553], [-95.57304, 29.71539], [-95.57427, 29.71527], [-95.57557, 29.71519], [-95.5765, 29.71532], [-95.57715, 29.71552], [-95.57799, 29.71587], [-95.57888, 29.71607], [-95.57975, 29.7161], [-95.58118, 29.71599], [-95.58643, 29.71554], [-95.58696, 29.71541], [-95.58781, 29.71513], [-95.58832, 29.71503], [-95.58876, 29.71499], [-95.58931, 29.71499], [-95.59398, 29.71491], [-95.59472, 29.71486], [-95.60245, 29.71422], [-95.60416, 29.71409], [-95.60477, 29.71403], [-95.60702, 29.71382], [-95.60807, 29.71374], [-95.60983, 29.71358], [-95.61296, 29.71323], [-95.61395, 29.71315], [-95.61472, 29.71315], [-95.61722, 29.71294], [-95.61864, 29.71288], [-95.61973, 29.71281], [-95.62038, 29.71275], [-95.62411, 29.71245], [-95.62792, 29.71213], [-95.6279, 29.71201], [-95.62794, 29.71185], [-95.62795, 29.71125], [-95.62876, 29.71128], [-95.62937, 29.71141], [-95.62941, 29.71142], [-95.62951, 29.71142], [-95.62999, 29.71135], [-95.63061, 29.71129], [-95.63068, 29.71115], [-95.63045, 29.71101], [-95.63031, 29.71119], [-95.62999, 29.71135], [-95.62951, 29.71142], [-95.62941, 29.71142]]}, "properties": {"route_id": "151", "route_short_name": "151", "route_long_name": "Westpark Express", "route_type": 3, "route_color": "#004080"}}, {"type": "Feature", "geometry": {"type": "LineString", "coordinates": [[-95.38312, 29.73312], [-95.38312, 29.73306], [-95.38323, 29.73259], [-95.38331, 29.73244], [-95.38338, 29.73235], [-95.38341, 29.73203], [-95.38362, 29.73176], [-95.38445, 29.7323], [-95.38341, 29.73366], [-95.38297, 29.73416], [-95.38372, 29.73458], [-95.38418, 29.73466], [-95.38512, 29.73461], [-95.38531, 29.7346], [-95.3854, 29.73459], [-95.38571, 29.73458], [-95.38613, 29.73399], [-95.38653, 29.73333], [-95.38684, 29.73287], [-95.38713, 29.73268], [-95.38757, 29.73247], [-95.38807, 29.73232], [-95.38909, 29.73215], [-95.39107, 29.73202], [-95.39123, 29.732], [-95.39516, 29.73168], [-95.39806, 29.73147], [-95.39875, 29.73143], [-95.40012, 29.73138], [-95.40166, 29.7313], [-95.40211, 29.73121], [-95.40443, 29.73104], [-95.40501, 29.73098], [-95.40549, 29.73095], [-95.40739, 29.7309], [-95.41061, 29.73085], [-95.41245, 29.73083], [-95.41377, 29.73073], [-95.41507, 29.73065], [-95.41749, 29.73061], [-95.41866, 29.73061], [-95.41968, 29.73059], [-95.42133, 29.73058], [-95.42281, 29.73056], [-95.42394, 29.7305], [-95.42497, 29.73041], [-95.42814, 29.72992], [-95.43056, 29.72954], [-95.43181, 29.72938], [-95.43277, 29.7293], [-95.43378, 29.72924], [-95.43748, 29.72905], [-95.43858, 29.72898], [-95.44086, 29.72888], [-95.44161, 29.72888], [-95.44291, 29.72896], [-95.44461, 29.72918], [-95.4472, 29.72972], [-95.4479, 29.72985], [-95.44893, 29.72999], [-95.44999, 29.73008], [-95.45172, 29.73011], [-95.45572, 29.73002], [-95.45675, 29.7299], [-95.4574, 29.72969], [-95.45803, 29.72939], [-95.45877, 29.72913], [-95.45945, 29.72896], [-95.46094, 29.72841], [-95.46124, 29.72828], [-95.46145, 29.72819], [-95.46242, 29.72782], [-95.46374, 29.72726], [-95.46428, 29.72712], [-95.4646, 29.72709], [-95.46518, 29.72699], [-95.46601, 29.7267], [-95.46668, 29.72649], [-95.46749, 29.72631], [-95.46835, 29.72617], [-95.46927, 29.72608], [-95.47078, 29.726], [-95.47322, 29.72589], [-95.47638, 29.72585], [-95.4833, 29.7258], [-95.48407, 29.7258], [-95.48625, 29.72577], [-95.48686, 29.72575], [-95.48746, 29.72569], [-95.48792, 29.7256], [-95.48846, 29.72545], [-95.48898, 29.72527], [-95.4899, 29.7248], [-95.49034, 29.7245], [-95.49117, 29.72381], [-95.49306, 29.72214], [-95.49377, 29.72148], [-95.49474, 29.72068], [-95.4949, 29.72069], [-95.49526, 29.72099], [-95.49543, 29.72106], [-95.49679, 29.72106], [-95.49699, 29.72113], [-95.49706, 29.72129], [-95.49706, 29.72204], [-95.49684, 29.7224], [-95.49653, 29.72254], [-95.49658, 29.7227], [-95.49531, 29.72281], [-95.49515, 29.72261], [-95.49531, 29.72248], [-95.49632, 29.72241], [-95.49653, 29.72254], [-95.49658, 29.7227], [-95.49733, 29.72267], [-95.49735, 29.72151], [-95.49732, 29.72129], [-95.49781, 29.72127], [-95.49794, 29.72113], [-95.49789, 29.72009], [-95.49818, 29.71949], [-95.49864, 29.71963], [-95.49918, 29.71973], [-95.49985, 29.71975], [-95.50094, 29.71964], [-95.50112, 29.71966], [-95.50218, 29.71955], [-95.50266, 29.71944], [-95.50318, 29.71922], [-95.50384, 29.71887], [-95.5048, 29.71842], [-95.50559, 29.71824], [-95.50755, 29.71823], [-95.50822, 29.71817], [-95.51003, 29.71789], [-95.51063, 29.71787], [-95.51262, 29.71784], [-95.51328, 29.71784], [-95.51443, 29.71776], [-95.51635, 29.71771], [-95.5188, 29.71768], [-95.51963, 29.71777], [-95.51992, 29.71774], [-95.52234, 29.71772], [-95.52433, 29.71769], [-95.52502, 29.71776], [-95.52584, 29.71793], [-95.52881, 29.71788], [-95.52951, 29.71788], [-95.5335, 29.7178], [-95.53674, 29.71775], [-95.53891, 29.71771], [-95.53943, 29.71772], [-95.54016, 29.71784], [-95.54131, 29.7182], [-95.54203, 29.71832], [-95.54283, 29.71835], [-95.54328, 29.71831], [-95.54418, 29.71812], [-95.54533, 29.71769], [-95.54655, 29.7172], [-95.54768, 29.71685], [-95.54872, 29.71662], [-95.54855, 29.71607], [-95.54836, 29.71565], [-95.54811, 29.71525], [-95.54785, 29.71492], [-95.54724, 29.71429], [-95.54639, 29.71351], [-95.54634, 29.71332], [-95.54608, 29.71287], [-95.5457, 29.71194], [-95.54559, 29.71113], [-95.54555, 29.70898], [-95.54544, 29.70834], [-95.54536, 29.70704], [-95.54533, 29.70502], [-95.54795, 29.705], [-95.55035, 29.70497], [-95.55141, 29.70491], [-95.55145, 29.70393], [-95.55155, 29.7035], [-95.55192, 29.70275], [-95.55204, 29.70258], [-95.55221, 29.70212], [-95.55228, 29.70158], [-95.55227, 29.70057], [-95.55223, 29.69906], [-95.55225, 29.69839], [-95.55222, 29.69752], [-95.55215, 29.69424], [-95.55209, 29.69319], [-95.55204, 29.6928], [-95.5519, 29.69215], [-95.55163, 29.69132], [-95.55134, 29.69057], [-95.5512, 29.69032], [-95.55344, 29.68959], [-95.55389, 29.68947], [-95.55387, 29.68934], [-95.55374, 29.6889], [-95.55345, 29.68844], [-95.55309, 29.68808], [-95.55233, 29.68758], [-95.55189, 29.68712], [-95.55141, 29.68623], [-95.55138, 29.68601], [-95.5515, 29.68447], [-95.55148, 29.68392], [-95.55141, 29.68355], [-95.55129, 29.6832], [-95.55103, 29.68262], [-95.55062, 29.68185], [-95.55047, 29.6815], [-95.5511, 29.6812], [-95.55167, 29.68084], [-95.55217, 29.68033], [-95.55237, 29.68002], [-95.55303, 29.67849], [-95.55329, 29.67793], [-95.55357, 29.67723], [-95.55372, 29.67663], [-95.55373, 29.6761], [-95.55365, 29.67515], [-95.55504, 29.67504], [-95.55689, 29.67494], [-95.55852, 29.67482], [-95.56061, 29.6747], [-95.56285, 29.67454], [-95.56287, 29.6766], [-95.56289, 29.67751], [-95.56285, 29.67793], [-95.56269, 29.67849], [-95.56261, 29.6789], [-95.56262, 29.67971], [-95.56266, 29.68065], [-95.56268, 29.68175], [-95.56219, 29.68173], [-95.5615, 29.68154]]}, "properties": {"route_id": "152", "route_short_name": "152", "route_long_name": "Harwin Express", "route_type": 3, "route_color": "#004080"}}, {"type": "Feature", "geometry": {"type": "LineString", "coordinates": [[-95.38327, 29.73251], [-95.38331, 29.73244], [-95.38338, 29.73235], [-95.38341, 29.73203], [-95.38362, 29.73176], [-95.38445, 29.7323], [-95.38341, 29.73366], [-95.38297, 29.73416], [-95.38372, 29.73458], [-95.38418, 29.73466], [-95.38512, 29.73461], [-95.38531, 29.7346], [-95.3854, 29.73459], [-95.38571, 29.73458], [-95.38613, 29.73399], [-95.38653, 29.73333], [-95.38684, 29.73287], [-95.38713, 29.73268], [-95.38757, 29.73247], [-95.38807, 29.73232], [-95.38909, 29.73215], [-95.39107, 29.73202], [-95.39123, 29.732], [-95.39516, 29.73168], [-95.39806, 29.73147], [-95.39875, 29.73143], [-95.40012, 29.73138], [-95.40166, 29.7313], [-95.40211, 29.73121], [-95.40443, 29.73104], [-95.40501, 29.73098], [-95.40549, 29.73095], [-95.40739, 29.7309], [-95.41061, 29.73085], [-95.41245, 29.73083], [-95.41377, 29.73073], [-95.41507, 29.73065], [-95.41749, 29.73061], [-95.41866, 29.73061], [-95.41968, 29.73059], [-95.42133, 29.73058], [-95.42281, 29.73056], [-95.42394, 29.7305], [-95.42497, 29.73041], [-95.42814, 29.72992], [-95.43056, 29.72954], [-95.43181, 29.72938], [-95.43277, 29.7293], [-95.43378, 29.72924], [-95.43748, 29.72905], [-95.43858, 29.72898], [-95.44086, 29.72888], [-95.44161, 29.72888], [-95.44291, 29.72896], [-95.44461, 29.72918], [-95.4472, 29.72972], [-95.4479, 29.72985], [-95.44893, 29.72999], [-95.44999, 29.73008], [-95.45172, 29.73011], [-95.45572, 29.73002], [-95.45675, 29.7299], [-95.4574, 29.72969], [-95.45803, 29.72939], [-95.45877, 29.72913], [-95.45945, 29.72896], [-95.46094, 29.72841], [-95.46124, 29.72828], [-95.46145, 29.72819], [-95.46242, 29.72782], [-95.46374, 29.72726], [-95.46428, 29.72712], [-95.4646, 29.72709], [-95.46518, 29.72699], [-95.46601, 29.7267], [-95.46668, 29.72649], [-95.46749, 29.72631], [-95.46835, 29.72617], [-95.46927, 29.72608], [-95.47078, 29.726], [-95.47322, 29.72589], [-95.47638, 29.72585], [-95.4833, 29.7258], [-95.48407, 29.7258], [-95.48625, 29.72577], [-95.48686, 29.72575], [-95.48746, 29.72569], [-95.48792, 29.7256], [-95.48846, 29.72545], [-95.48898, 29.72527], [-95.4899, 29.7248], [-95.49034, 29.7245], [-95.49117, 29.72381], [-95.49306, 29.72214], [-95.49377, 29.72148], [-95.49474, 29.72068], [-95.4949, 29.72069], [-95.49526, 29.72099], [-95.49543, 29.72106], [-95.49679, 29.72106], [-95.49699, 29.72113], [-95.49706, 29.72129], [-95.49706, 29.72204], [-95.49684, 29.7224], [-95.49653, 29.72254], [-95.49658, 29.7227], [-95.49531, 29.72281], [-95.49515, 29.72261], [-95.49531, 29.72248], [-95.49632, 29.72241], [-95.49653, 29.72254], [-95.49658, 29.7227], [-95.49733, 29.72267], [-95.49735, 29.72151], [-95.49732, 29.72129], [-95.49781, 29.72127], [-95.49794, 29.72113], [-95.49789, 29.72009], [-95.49818, 29.71949], [-95.49864, 29.71963], [-95.49918, 29.71973], [-95.49985, 29.71975], [-95.50094, 29.71964], [-95.50112, 29.71966], [-95.50218, 29.71955], [-95.50266, 29.71944], [-95.50318, 29.71922], [-95.50384, 29.71887], [-95.5048, 29.71842], [-95.50559, 29.71824], [-95.50755, 29.71823], [-95.50822, 29.71817], [-95.51003, 29.71789], [-95.51063, 29.71787], [-95.51262, 29.71784], [-95.51328, 29.71784], [-95.51443, 29.71776], [-95.51635, 29.71771], [-95.5188, 29.71768], [-95.51963, 29.71777], [-95.51992, 29.71774], [-95.52234, 29.71772], [-95.52433, 29.71769], [-95.52502, 29.71776], [-95.52584, 29.71793], [-95.52881, 29.71788], [-95.52951, 29.71788], [-95.5335, 29.7178], [-95.53674, 29.71775], [-95.53891, 29.71771], [-95.53943, 29.71772], [-95.54016, 29.71784], [-95.54131, 29.7182], [-95.54203, 29.71832], [-95.54283, 29.71835], [-95.54328, 29.71831], [-95.54418, 29.71812], [-95.54533, 29.71769], [-95.54655, 29.7172], [-95.54768, 29.71685], [-95.54872, 29.71662], [-95.54882, 29.71734], [-95.54885, 29.71904], [-95.54888, 29.7196], [-95.54879, 29.72166], [-95.54881, 29.72278], [-95.54883, 29.72405], [-95.54888, 29.72575], [-95.54894, 29.72869], [-95.54899, 29.72881], [-95.54906, 29.73313], [-95.54898, 29.73399], [-95.54882, 29.73463], [-95.54858, 29.73539], [-95.54835, 29.7363], [-95.54836, 29.73713], [-95.55078, 29.7371], [-95.55437, 29.73707], [-95.55755, 29.73701], [-95.55987, 29.73701], [-95.55979, 29.73722], [-95.55983, 29.73873], [-95.55979, 29.73926], [-95.55967, 29.73967], [-95.56011, 29.73979], [-95.56074, 29.7398], [-95.56101, 29.73974], [-95.56129, 29.73959], [-95.56181, 29.74018], [-95.56207, 29.74069], [-95.56215, 29.74105], [-95.56218, 29.74155], [-95.56213, 29.74223], [-95.56195, 29.74281], [-95.56119, 29.74395], [-95.56104, 29.74421], [-95.56096, 29.74452], [-95.56097, 29.74538], [-95.56089, 29.74582], [-95.56088, 29.74616], [-95.56097, 29.74679], [-95.561, 29.74743], [-95.56157, 29.74731], [-95.5624, 29.74725], [-95.56429, 29.74725], [-95.56499, 29.74733], [-95.56587, 29.74747], [-95.56653, 29.7475], [-95.56781, 29.74748], [-95.56838, 29.74752], [-95.56893, 29.7476], [-95.57058, 29.74795], [-95.57122, 29.74802], [-95.57199, 29.74804], [-95.57267, 29.74804], [-95.57583, 29.748], [-95.57688, 29.748], [-95.57754, 29.74797], [-95.57839, 29.74786], [-95.57929, 29.74766], [-95.58061, 29.74728], [-95.58124, 29.74713], [-95.58209, 29.747], [-95.58305, 29.74695], [-95.58365, 29.74696], [-95.58432, 29.74701], [-95.58516, 29.74714], [-95.58605, 29.74737], [-95.58663, 29.74756], [-95.58739, 29.74788], [-95.58784, 29.74811], [-95.58843, 29.74848], [-95.589, 29.74888], [-95.59129, 29.75073], [-95.59195, 29.75125], [-95.59284, 29.75182], [-95.59367, 29.75221], [-95.59425, 29.75243], [-95.59503, 29.75267], [-95.59791, 29.75326], [-95.59921, 29.7535], [-95.60095, 29.75384], [-95.60171, 29.75391], [-95.60237, 29.75394], [-95.6035, 29.75396], [-95.60451, 29.75396], [-95.6062, 29.75398], [-95.60615, 29.75123], [-95.60615, 29.7496], [-95.60612, 29.74851], [-95.60606, 29.74763], [-95.60613, 29.74678], [-95.60613, 29.74627], [-95.60674, 29.74624], [-95.60689, 29.7462], [-95.60787, 29.74615], [-95.6093, 29.74614], [-95.60948, 29.74617], [-95.61009, 29.74644], [-95.61025, 29.74647], [-95.6127, 29.74645], [-95.6145, 29.74638], [-95.61636, 29.74634], [-95.61766, 29.74633], [-95.61809, 29.74637], [-95.61904, 29.74655], [-95.61887, 29.74699], [-95.61825, 29.74759], [-95.61811, 29.74766], [-95.61832, 29.7479], [-95.61844, 29.74817], [-95.61844, 29.74946], [-95.61849, 29.74968], [-95.61885, 29.7506], [-95.61893, 29.75097], [-95.61893, 29.75167], [-95.61888, 29.75191], [-95.61856, 29.75278], [-95.61845, 29.75316], [-95.61846, 29.75381], [-95.61837, 29.75437], [-95.61838, 29.75494], [-95.61864, 29.75645], [-95.61867, 29.757], [-95.61866, 29.75791], [-95.61866, 29.76073], [-95.61873, 29.76111], [-95.6189, 29.76146], [-95.61936, 29.76191], [-95.62021, 29.76226], [-95.62068, 29.76254], [-95.62096, 29.76281], [-95.62119, 29.76321], [-95.62129, 29.76361], [-95.62132, 29.76409], [-95.62223, 29.76407], [-95.62244, 29.764], [-95.62428, 29.764], [-95.62462, 29.76407], [-95.62546, 29.76408], [-95.62544, 29.76132], [-95.62542, 29.76047], [-95.62541, 29.75865], [-95.62539, 29.75758], [-95.62538, 29.755], [-95.62686, 29.75558], [-95.62741, 29.75575], [-95.62834, 29.75594], [-95.62901, 29.75599], [-95.63145, 29.75599], [-95.63223, 29.75598], [-95.63581, 29.75597], [-95.6358, 29.75345], [-95.6358, 29.75065], [-95.63591, 29.7505], [-95.63608, 29.75048], [-95.63913, 29.75045], [-95.63946, 29.75055], [-95.63949, 29.75082], [-95.63951, 29.75273], [-95.6395, 29.75356], [-95.63953, 29.7551]]}, "properties": {"route_id": "153", "route_short_name": "153", "route_long_name": "Harwin Express", "route_type": 3, "route_color": "#004080"}}, {"type": "Feature", "geometry": {"type": "LineString", "coordinates": [[-95.56034, 29.65526], [-95.55929, 29.65528], [-95.55914, 29.65538], [-95.55912, 29.65553], [-95.55926, 29.65564], [-95.56042, 29.65559], [-95.5606, 29.65549], [-95.56074, 29.65525], [-95.56083, 29.65467], [-95.56175, 29.65466], [-95.56292, 29.65472], [-95.56346, 29.65333], [-95.56508, 29.65383], [-95.56595, 29.65411], [-95.56696, 29.65439], [-95.56851, 29.65486], [-95.5703, 29.65539], [-95.57075, 29.65554], [-95.57072, 29.65604], [-95.57062, 29.6566], [-95.57048, 29.65712], [-95.57022, 29.6578], [-95.56988, 29.65861], [-95.56939, 29.65994], [-95.56895, 29.66135], [-95.5688, 29.66206], [-95.56871, 29.66267], [-95.56862, 29.66403], [-95.56863, 29.66507], [-95.5687, 29.66582], [-95.5689, 29.66704], [-95.56903, 29.66755], [-95.57008, 29.67081], [-95.57019, 29.67121], [-95.57028, 29.67197], [-95.57031, 29.67284], [-95.57032, 29.67429], [-95.57031, 29.67498], [-95.57036, 29.67549], [-95.57051, 29.67635], [-95.57056, 29.6775], [-95.57051, 29.67854], [-95.57014, 29.67982], [-95.57, 29.6806], [-95.56998, 29.68142], [-95.5699, 29.6822], [-95.56954, 29.68343], [-95.56942, 29.68432], [-95.56943, 29.68517], [-95.56952, 29.68593], [-95.57017, 29.68833], [-95.5702, 29.68845], [-95.57049, 29.68949], [-95.57085, 29.69085], [-95.57096, 29.69167], [-95.57098, 29.69244], [-95.57107, 29.69911], [-95.57112, 29.70249], [-95.57113, 29.70398], [-95.57117, 29.70554], [-95.57118, 29.70668], [-95.57125, 29.71016], [-95.57125, 29.71056], [-95.57135, 29.71553], [-95.57138, 29.71703], [-95.57141, 29.71775], [-95.57141, 29.71912], [-95.57143, 29.72042], [-95.57087, 29.72043], [-95.56988, 29.72055], [-95.56938, 29.72068], [-95.56834, 29.72102], [-95.56751, 29.72122], [-95.56693, 29.72131], [-95.56697, 29.72365], [-95.56705, 29.72413], [-95.56729, 29.72451], [-95.5677, 29.72489], [-95.56793, 29.72526], [-95.56797, 29.7255], [-95.56798, 29.72669], [-95.56802, 29.72786], [-95.56805, 29.73023], [-95.56804, 29.73101], [-95.56787, 29.73159], [-95.56768, 29.73202], [-95.56723, 29.73294], [-95.56693, 29.73388], [-95.5669, 29.73439], [-95.56691, 29.73551], [-95.56694, 29.73646], [-95.56693, 29.73691], [-95.56925, 29.73687], [-95.57171, 29.73684], [-95.57172, 29.73719], [-95.57184, 29.73823], [-95.57187, 29.73902], [-95.57187, 29.73995], [-95.5719, 29.74084], [-95.57189, 29.74235], [-95.57196, 29.74517], [-95.57198, 29.74632], [-95.57199, 29.74804], [-95.572, 29.7497], [-95.57208, 29.75053], [-95.57231, 29.75132], [-95.57256, 29.7519], [-95.57325, 29.7531], [-95.57379, 29.75399], [-95.57416, 29.75446], [-95.57491, 29.75514], [-95.57533, 29.75556], [-95.57556, 29.75585], [-95.57586, 29.75637], [-95.57611, 29.75704], [-95.57621, 29.7575], [-95.57624, 29.75803], [-95.57627, 29.76021], [-95.57621, 29.76085], [-95.57605, 29.76138], [-95.5757, 29.76216], [-95.5756, 29.76249], [-95.57552, 29.76308], [-95.57558, 29.76383], [-95.5759, 29.76522], [-95.57594, 29.76579], [-95.57592, 29.76618], [-95.57575, 29.76701], [-95.57552, 29.7678], [-95.57543, 29.76868], [-95.57544, 29.76991], [-95.57548, 29.77034], [-95.57562, 29.77084], [-95.57576, 29.77154], [-95.57586, 29.77221], [-95.57586, 29.77259], [-95.57446, 29.77262], [-95.57402, 29.77261], [-95.57218, 29.77263], [-95.57044, 29.77263], [-95.5677, 29.77267], [-95.56721, 29.77267], [-95.56486, 29.77273], [-95.56362, 29.77275], [-95.56316, 29.77279], [-95.56165, 29.77284], [-95.56079, 29.77275], [-95.56049, 29.77269], [-95.55994, 29.77251], [-95.55947, 29.7723], [-95.5589, 29.7719], [-95.55831, 29.77121], [-95.55809, 29.77075], [-95.55796, 29.77034], [-95.5579, 29.76986], [-95.55786, 29.76791], [-95.55777, 29.7675], [-95.55754, 29.76704], [-95.55719, 29.76666], [-95.55672, 29.76637], [-95.55604, 29.76618], [-95.55544, 29.76616], [-95.55475, 29.76617], [-95.5529, 29.76623], [-95.54826, 29.76629], [-95.5475, 29.76615], [-95.54696, 29.76589], [-95.54662, 29.76564], [-95.54579, 29.76471], [-95.54514, 29.7642], [-95.5446, 29.7639], [-95.54445, 29.76383], [-95.54433, 29.76441], [-95.54428, 29.76492], [-95.5443, 29.76891], [-95.54437, 29.77352], [-95.54437, 29.77557], [-95.5444, 29.77801], [-95.54449, 29.77821], [-95.54451, 29.7791], [-95.54444, 29.77933], [-95.54445, 29.77994], [-95.5444, 29.78048], [-95.54394, 29.78242], [-95.54389, 29.783], [-95.54389, 29.78359], [-95.54393, 29.78391], [-95.54181, 29.78392], [-95.54037, 29.78402], [-95.53665, 29.78402], [-95.53451, 29.784], [-95.53296, 29.78405], [-95.53211, 29.78417], [-95.53088, 29.78417], [-95.5285, 29.78414], [-95.5246, 29.78415], [-95.52367, 29.78428], [-95.52317, 29.78432], [-95.51983, 29.78431], [-95.51935, 29.7843], [-95.51584, 29.78428], [-95.51389, 29.78431], [-95.51137, 29.78441], [-95.50977, 29.78446], [-95.50739, 29.78447], [-95.50383, 29.78445], [-95.50153, 29.78441], [-95.49993, 29.78435], [-95.49647, 29.78417], [-95.49552, 29.78413], [-95.49331, 29.78406], [-95.49194, 29.78404], [-95.4898, 29.78404], [-95.48783, 29.78405], [-95.48549, 29.784], [-95.48489, 29.78395], [-95.48172, 29.78375], [-95.48146, 29.78374], [-95.47888, 29.78367], [-95.47698, 29.78368], [-95.47534, 29.78373], [-95.47402, 29.7838], [-95.47176, 29.78398], [-95.46964, 29.78412], [-95.46801, 29.78417], [-95.46251, 29.78417], [-95.46184, 29.78414], [-95.46099, 29.78403], [-95.45987, 29.78383], [-95.45943, 29.78384], [-95.4583, 29.78398], [-95.4572, 29.78391], [-95.45682, 29.78385], [-95.45462, 29.7838], [-95.45462, 29.78345], [-95.45474, 29.7834], [-95.45559, 29.78341], [-95.45631, 29.78342], [-95.45644, 29.78342], [-95.45645, 29.78373], [-95.45558, 29.78373], [-95.45474, 29.7837], [-95.45474, 29.7834], [-95.45476, 29.78317], [-95.4548, 29.78302], [-95.45503, 29.78297], [-95.45542, 29.78297], [-95.45566, 29.78297], [-95.45573, 29.78288], [-95.45555, 29.78274], [-95.45512, 29.78268], [-95.45486, 29.78261], [-95.45462, 29.78245], [-95.45436, 29.78249], [-95.45429, 29.78268], [-95.45436, 29.7829], [-95.45446, 29.78294], [-95.45447, 29.7838], [-95.45403, 29.7838], [-95.45272, 29.78386], [-95.45144, 29.78384], [-95.44887, 29.78375], [-95.44818, 29.7837], [-95.44713, 29.78357], [-95.44636, 29.78344], [-95.4453, 29.78321], [-95.44443, 29.78298], [-95.44284, 29.7825], [-95.44213, 29.78226], [-95.44133, 29.78202], [-95.43981, 29.78153], [-95.43818, 29.78103], [-95.43763, 29.78084], [-95.43708, 29.7807], [-95.4364, 29.78062], [-95.43506, 29.78057], [-95.4344, 29.78049], [-95.43393, 29.78035], [-95.43333, 29.78012], [-95.43317, 29.78011], [-95.43147, 29.7791], [-95.42981, 29.77808], [-95.42948, 29.77769], [-95.42923, 29.77745], [-95.42888, 29.77705], [-95.42789, 29.77699], [-95.4261, 29.77714], [-95.4257, 29.77722], [-95.42446, 29.77726], [-95.42187, 29.77728], [-95.41818, 29.77733], [-95.41782, 29.77733], [-95.41145, 29.77741], [-95.40961, 29.77744], [-95.40865, 29.77742], [-95.40768, 29.77735], [-95.40703, 29.77728], [-95.40618, 29.77715], [-95.40303, 29.7766], [-95.40224, 29.77649], [-95.40129, 29.77642], [-95.4005, 29.77639], [-95.39972, 29.77639], [-95.39726, 29.77644], [-95.39705, 29.77645], [-95.38873, 29.77663], [-95.38858, 29.77663], [-95.38781, 29.77663], [-95.38736, 29.77673], [-95.38677, 29.77675], [-95.38566, 29.77682], [-95.38481, 29.77691], [-95.38453, 29.77697], [-95.38366, 29.77712], [-95.38227, 29.77743], [-95.38116, 29.77777], [-95.38043, 29.77801], [-95.37943, 29.7784], [-95.37819, 29.77882], [-95.37765, 29.77895], [-95.37709, 29.77902], [-95.37653, 29.77905], [-95.37597, 29.77904], [-95.37485, 29.77888], [-95.37378, 29.7786], [-95.37244, 29.77817], [-95.37132, 29.77781], [-95.37064, 29.77756], [-95.37001, 29.77722], [-95.36928, 29.77669], [-95.36905, 29.7765], [-95.36874, 29.77622], [-95.36823, 29.77552], [-95.36802, 29.77514], [-95.36721, 29.77383], [-95.3666, 29.77281], [-95.36643, 29.77244], [-95.36628, 29.772], [-95.36617, 29.77132], [-95.36618, 29.77065], [-95.36623, 29.77034], [-95.36651, 29.76932], [-95.36699, 29.76769], [-95.36706, 29.76732], [-95.36709, 29.7668], [-95.36725, 29.76611], [-95.36732, 29.76555], [-95.367, 29.76548], [-95.36632, 29.76533], [-95.36548, 29.76516], [-95.36437, 29.7649], [-95.36444, 29.764], [-95.36478, 29.76357], [-95.36538, 29.76281], [-95.3666, 29.76128], [-95.36718, 29.76052], [-95.36728, 29.7604], [-95.36777, 29.75978], [-95.36815, 29.75931], [-95.36896, 29.75829], [-95.36955, 29.75752], [-95.36999, 29.75698], [-95.37128, 29.75532], [-95.37154, 29.75501], [-95.37251, 29.75377], [-95.37308, 29.75305], [-95.37369, 29.75227], [-95.3743, 29.75158], [-95.37344, 29.75107], [-95.3726, 29.75052], [-95.37171, 29.75002], [-95.37149, 29.74989], [-95.37119, 29.75025]]}, "properties": {"route_id": "161", "route_short_name": "161", "route_long_name": "Wilcrest Express", "route_type": 3, "route_color": "#004080"}}, {"type": "Feature", "geometry": {"type": "LineString", "coordinates": [[-95.63821, 29.78754], [-95.63784, 29.78754], [-95.63778, 29.78781], [-95.63789, 29.78784], [-95.63896, 29.78782], [-95.63896, 29.78825], [-95.63894, 29.78841], [-95.64004, 29.78868], [-95.6407, 29.78875], [-95.64133, 29.78868], [-95.64209, 29.78845], [-95.6428, 29.78812], [-95.64347, 29.78803], [-95.64509, 29.78804], [-95.64502, 29.78493], [-95.64502, 29.78477], [-95.64502, 29.78427], [-95.64423, 29.78428], [-95.64176, 29.78428], [-95.64179, 29.78391], [-95.6418, 29.78256], [-95.64039, 29.78256], [-95.64017, 29.78253], [-95.63955, 29.78234], [-95.63931, 29.7822], [-95.63905, 29.78214], [-95.63661, 29.78219], [-95.63358, 29.78221], [-95.63127, 29.78221], [-95.6303, 29.78222], [-95.63028, 29.78093], [-95.63017, 29.78069], [-95.62997, 29.78052], [-95.62952, 29.78028], [-95.6293, 29.78007], [-95.62899, 29.77956], [-95.62888, 29.77951], [-95.62824, 29.77973], [-95.62779, 29.77983], [-95.62701, 29.77989], [-95.62581, 29.77988], [-95.6242, 29.7799], [-95.62245, 29.7799], [-95.62161, 29.77981], [-95.62092, 29.77962], [-95.6203, 29.77933], [-95.61998, 29.77912], [-95.61937, 29.77864], [-95.61833, 29.7777], [-95.61722, 29.77668], [-95.61658, 29.77595], [-95.61629, 29.77551], [-95.61604, 29.77504], [-95.61556, 29.77398], [-95.61516, 29.77339], [-95.61479, 29.77301], [-95.61432, 29.77263], [-95.61389, 29.77236], [-95.61057, 29.77056], [-95.60981, 29.77026], [-95.60943, 29.77017], [-95.6086, 29.77006], [-95.60802, 29.77005], [-95.60635, 29.77007], [-95.6056, 29.77008], [-95.60398, 29.77013], [-95.60291, 29.77015], [-95.60162, 29.77015], [-95.59873, 29.77021], [-95.59802, 29.77021], [-95.59698, 29.77017], [-95.59484, 29.77001], [-95.5937, 29.76996], [-95.59317, 29.76998], [-95.59256, 29.77006], [-95.59156, 29.77031], [-95.59072, 29.77065], [-95.59031, 29.77088], [-95.58974, 29.77126], [-95.58914, 29.7717], [-95.58839, 29.77221], [-95.58772, 29.77263], [-95.58706, 29.77294], [-95.58634, 29.77314], [-95.58568, 29.77324], [-95.58297, 29.77329], [-95.58242, 29.77325], [-95.58175, 29.77314], [-95.58003, 29.77269], [-95.57941, 29.7726], [-95.57895, 29.77258], [-95.57707, 29.77258], [-95.57586, 29.77259], [-95.57446, 29.77262], [-95.57402, 29.77261], [-95.57218, 29.77263], [-95.57044, 29.77263], [-95.5677, 29.77267], [-95.56721, 29.77267], [-95.56486, 29.77273], [-95.56362, 29.77275], [-95.56316, 29.77279], [-95.56165, 29.77284], [-95.56079, 29.77275], [-95.56049, 29.77269], [-95.55994, 29.77251], [-95.55947, 29.7723], [-95.5589, 29.7719], [-95.55831, 29.77121], [-95.55809, 29.77075], [-95.55796, 29.77034], [-95.5579, 29.76986], [-95.55786, 29.76791], [-95.55777, 29.7675], [-95.55754, 29.76704], [-95.55719, 29.76666], [-95.55672, 29.76637], [-95.55604, 29.76618], [-95.55544, 29.76616], [-95.55475, 29.76617], [-95.5529, 29.76623], [-95.54826, 29.76629], [-95.5475, 29.76615], [-95.54696, 29.76589], [-95.54662, 29.76564], [-95.54579, 29.76471], [-95.54514, 29.7642], [-95.5446, 29.7639], [-95.54445, 29.76383], [-95.54433, 29.76441], [-95.54428, 29.76492], [-95.5443, 29.76891], [-95.54437, 29.77352], [-95.54437, 29.77557], [-95.5444, 29.77801], [-95.54449, 29.77821], [-95.54451, 29.7791], [-95.54444, 29.77933], [-95.54445, 29.77994], [-95.5444, 29.78048], [-95.54394, 29.78242], [-95.54389, 29.783], [-95.54389, 29.78359], [-95.54393, 29.78391], [-95.54181, 29.78392], [-95.54037, 29.78402], [-95.53665, 29.78402], [-95.53451, 29.784], [-95.53296, 29.78405], [-95.53211, 29.78417], [-95.53088, 29.78417], [-95.5285, 29.78414], [-95.5246, 29.78415], [-95.52367, 29.78428], [-95.52317, 29.78432], [-95.51983, 29.78431], [-95.51935, 29.7843], [-95.51584, 29.78428], [-95.51389, 29.78431], [-95.51137, 29.78441], [-95.50977, 29.78446], [-95.50739, 29.78447], [-95.50383, 29.78445], [-95.50153, 29.78441], [-95.49993, 29.78435], [-95.49647, 29.78417], [-95.49552, 29.78413], [-95.49331, 29.78406], [-95.49194, 29.78404], [-95.4898, 29.78404], [-95.48783, 29.78405], [-95.48549, 29.784], [-95.48489, 29.78395], [-95.48172, 29.78375], [-95.48146, 29.78374], [-95.47888, 29.78367], [-95.47698, 29.78368], [-95.47534, 29.78373], [-95.47402, 29.7838], [-95.47176, 29.78398], [-95.46964, 29.78412], [-95.46801, 29.78417], [-95.46251, 29.78417], [-95.46184, 29.78414], [-95.46099, 29.78403], [-95.45987, 29.78383], [-95.45943, 29.78384], [-95.4583, 29.78398], [-95.4572, 29.78391], [-95.45682, 29.78385], [-95.45462, 29.7838], [-95.45462, 29.78345], [-95.45474, 29.7834], [-95.45559, 29.78341], [-95.45631, 29.78342], [-95.45644, 29.78342], [-95.45645, 29.78373], [-95.45558, 29.78373], [-95.45474, 29.7837], [-95.45474, 29.7834], [-95.45476, 29.78317], [-95.4548, 29.78302], [-95.45503, 29.78297], [-95.45542, 29.78297], [-95.45566, 29.78297], [-95.45573, 29.78288], [-95.45555, 29.78274], [-95.45512, 29.78268], [-95.45486, 29.78261], [-95.45462, 29.78245], [-95.45436, 29.78249], [-95.45429, 29.78268], [-95.45436, 29.7829], [-95.45446, 29.78294], [-95.45447, 29.7838], [-95.45403, 29.7838], [-95.45272, 29.78386], [-95.45144, 29.78384], [-95.44887, 29.78375], [-95.44818, 29.7837], [-95.44713, 29.78357], [-95.44636, 29.78344], [-95.4453, 29.78321], [-95.44443, 29.78298], [-95.44284, 29.7825], [-95.44213, 29.78226], [-95.44133, 29.78202], [-95.43981, 29.78153], [-95.43818, 29.78103], [-95.43763, 29.78084], [-95.43708, 29.7807], [-95.4364, 29.78062], [-95.43506, 29.78057], [-95.4344, 29.78049], [-95.43393, 29.78035], [-95.43333, 29.78012], [-95.43317, 29.78011], [-95.43147, 29.7791], [-95.42981, 29.77808], [-95.42948, 29.77769], [-95.42923, 29.77745], [-95.42888, 29.77705], [-95.42789, 29.77699], [-95.4261, 29.77714], [-95.4257, 29.77722], [-95.42446, 29.77726], [-95.42187, 29.77728], [-95.41818, 29.77733], [-95.41782, 29.77733], [-95.41145, 29.77741], [-95.40961, 29.77744], [-95.40865, 29.77742], [-95.40768, 29.77735], [-95.40703, 29.77728], [-95.40618, 29.77715], [-95.40303, 29.7766], [-95.40224, 29.77649], [-95.40129, 29.77642], [-95.4005, 29.77639], [-95.39972, 29.77639], [-95.39726, 29.77644], [-95.39705, 29.77645], [-95.38873, 29.77663], [-95.38858, 29.77663], [-95.38781, 29.77663], [-95.38736, 29.77673], [-95.38677, 29.77675], [-95.38566, 29.77682], [-95.38481, 29.77691], [-95.38453, 29.77697], [-95.38366, 29.77712], [-95.38227, 29.77743], [-95.38116, 29.77777], [-95.38043, 29.77801], [-95.37943, 29.7784], [-95.37819, 29.77882], [-95.37765, 29.77895], [-95.37709, 29.77902], [-95.37653, 29.77905], [-95.37597, 29.77904], [-95.37485, 29.77888], [-95.37378, 29.7786], [-95.37244, 29.77817], [-95.37132, 29.77781], [-95.37064, 29.77756], [-95.37001, 29.77722], [-95.36928, 29.77669], [-95.36905, 29.7765], [-95.36874, 29.77622], [-95.36823, 29.77552], [-95.36802, 29.77514], [-95.36721, 29.77383], [-95.3666, 29.77281], [-95.36643, 29.77244], [-95.36628, 29.772], [-95.36617, 29.77132], [-95.36618, 29.77065], [-95.36623, 29.77034], [-95.36651, 29.76932], [-95.36699, 29.76769], [-95.36706, 29.76732], [-95.36709, 29.7668], [-95.36725, 29.76611], [-95.36732, 29.76555], [-95.367, 29.76548], [-95.36632, 29.76533], [-95.36548, 29.76516], [-95.36437, 29.7649], [-95.36444, 29.764], [-95.36478, 29.76357], [-95.36538, 29.76281], [-95.3666, 29.76128], [-95.36718, 29.76052], [-95.36728, 29.7604], [-95.36777, 29.75978], [-95.36815, 29.75931], [-95.36896, 29.75829], [-95.36955, 29.75752], [-95.36999, 29.75698], [-95.37128, 29.75532], [-95.37154, 29.75501], [-95.37251, 29.75377], [-95.37308, 29.75305], [-95.37369, 29.75227], [-95.3743, 29.75158], [-95.37344, 29.75107], [-95.3726, 29.75052], [-95.37171, 29.75002], [-95.37149, 29.74989], [-95.37119, 29.75025]]}, "properties": {"route_id": "162", "route_short_name": "162", "route_long_name": "Memorial Express", "route_type": 3, "route_color": "#004080"}}, {"type": "Feature", "geometry": {"type": "LineString", "coordinates": [[-95.37329, 29.75317], [-95.37308, 29.75305], [-95.37258, 29.75274], [-95.37228, 29.75257], [-95.37139, 29.75202], [-95.37051, 29.7515], [-95.36935, 29.75301], [-95.36841, 29.7542], [-95.36768, 29.7551], [-95.36743, 29.75547], [-95.36661, 29.75645], [-95.36641, 29.75677], [-95.36504, 29.75852], [-95.36482, 29.75879], [-95.36465, 29.75899], [-95.36447, 29.75924], [-95.36359, 29.7603], [-95.36324, 29.76076], [-95.36163, 29.7628], [-95.36103, 29.76354], [-95.36073, 29.76394], [-95.36058, 29.76427], [-95.36053, 29.76454], [-95.36066, 29.76639], [-95.36073, 29.7669], [-95.36098, 29.76719], [-95.3612, 29.76744], [-95.36151, 29.76765], [-95.36235, 29.7681], [-95.36358, 29.76866], [-95.36406, 29.76892], [-95.36457, 29.76938], [-95.36506, 29.76999], [-95.36549, 29.77062], [-95.36587, 29.77155], [-95.36643, 29.77244], [-95.36735, 29.7738], [-95.36806, 29.7748], [-95.36883, 29.77605], [-95.36905, 29.7765], [-95.36917, 29.7769], [-95.36925, 29.77742], [-95.36923, 29.7781], [-95.36905, 29.77888], [-95.36889, 29.7793], [-95.36858, 29.7802], [-95.36847, 29.78076], [-95.36842, 29.7817], [-95.36846, 29.78277], [-95.36853, 29.78325], [-95.36877, 29.7841], [-95.36903, 29.78468], [-95.36958, 29.78551], [-95.37031, 29.7865], [-95.37091, 29.78735], [-95.37141, 29.78823], [-95.37168, 29.7889], [-95.37176, 29.78925], [-95.37181, 29.78992], [-95.37174, 29.79221], [-95.3717, 29.79405], [-95.37173, 29.7968], [-95.37174, 29.79825], [-95.37179, 29.79989], [-95.37183, 29.80042], [-95.3719, 29.80083], [-95.37249, 29.80383], [-95.37273, 29.80487], [-95.37306, 29.80644], [-95.37326, 29.8077], [-95.37372, 29.80933], [-95.37425, 29.81081], [-95.37521, 29.81318], [-95.37555, 29.81409], [-95.37648, 29.81639], [-95.37713, 29.81784], [-95.37838, 29.82039], [-95.37918, 29.82204], [-95.37969, 29.82331], [-95.38002, 29.82441], [-95.38074, 29.82767], [-95.38106, 29.82857], [-95.38112, 29.82872], [-95.38144, 29.8294], [-95.3818, 29.82996], [-95.38219, 29.83049], [-95.38335, 29.83195], [-95.3842, 29.833], [-95.38598, 29.83525], [-95.38666, 29.83619], [-95.38874, 29.8394], [-95.39045, 29.84203], [-95.39165, 29.84385], [-95.39276, 29.84545], [-95.3967, 29.85102], [-95.40144, 29.8577], [-95.40191, 29.85842], [-95.40247, 29.85941], [-95.40348, 29.86143], [-95.40587, 29.86612], [-95.40675, 29.86784], [-95.40784, 29.86999], [-95.40848, 29.87117], [-95.40984, 29.87327], [-95.41075, 29.87474], [-95.41106, 29.87522], [-95.41152, 29.87618], [-95.41175, 29.87685], [-95.41195, 29.8779], [-95.41197, 29.87839], [-95.41196, 29.87942], [-95.41193, 29.88071], [-95.41198, 29.88312], [-95.41204, 29.88641], [-95.4121, 29.88928], [-95.41214, 29.89216], [-95.41219, 29.89443], [-95.41226, 29.89824], [-95.41232, 29.90182], [-95.4124, 29.9059], [-95.41249, 29.91119], [-95.41255, 29.91388], [-95.41255, 29.91502], [-95.41261, 29.91699], [-95.41252, 29.91914], [-95.41239, 29.921], [-95.41202, 29.92687], [-95.41187, 29.92936], [-95.41185, 29.93086], [-95.41189, 29.93204], [-95.41189, 29.93262], [-95.41193, 29.93338], [-95.41204, 29.93439], [-95.41223, 29.93539], [-95.41235, 29.93589], [-95.41265, 29.93686], [-95.41371, 29.93994], [-95.4141, 29.94098], [-95.41572, 29.94557], [-95.41689, 29.94887], [-95.41704, 29.94929], [-95.41765, 29.95112], [-95.41796, 29.9525], [-95.41812, 29.9537], [-95.41832, 29.95563], [-95.41842, 29.95705], [-95.41847, 29.95859], [-95.41848, 29.96176], [-95.41853, 29.96299], [-95.41863, 29.96371], [-95.41883, 29.96465], [-95.42048, 29.97151], [-95.42096, 29.97353], [-95.42103, 29.97376], [-95.42128, 29.97409], [-95.42157, 29.97414], [-95.42297, 29.97412], [-95.42518, 29.97406], [-95.42527, 29.97406], [-95.42513, 29.97379], [-95.42512, 29.97351], [-95.42536, 29.97342], [-95.42556, 29.97351], [-95.42556, 29.97364]]}, "properties": {"route_id": "202", "route_short_name": "202", "route_long_name": "Kuykendahl P&R", "route_type": 3, "route_color": "#004080"}}, {"type": "Feature", "geometry": {"type": "LineString", "coordinates": [[-95.41762, 30.02211], [-95.41762, 30.0222], [-95.41775, 30.0223], [-95.41801, 30.02228], [-95.41801, 30.0219], [-95.41807, 30.02063], [-95.41972, 30.02037], [-95.41989, 30.02035], [-95.42465, 30.01964], [-95.42811, 30.01913], [-95.4283, 30.02094], [-95.42857, 30.02107], [-95.42914, 30.02094], [-95.42932, 30.02079], [-95.42911, 30.01887], [-95.42903, 30.01801], [-95.42885, 30.01747], [-95.42873, 30.01638], [-95.42869, 30.01578], [-95.42838, 30.01321], [-95.42791, 30.01218], [-95.42773, 30.01041], [-95.42738, 30.00815], [-95.42691, 30.00561], [-95.42656, 30.00364], [-95.42628, 30.00213], [-95.42554, 29.99803], [-95.42535, 29.99702], [-95.4245, 29.99233], [-95.42334, 29.98598], [-95.42241, 29.98081], [-95.42175, 29.97721], [-95.42147, 29.97576], [-95.42103, 29.97376], [-95.42096, 29.97353], [-95.42048, 29.97151], [-95.41883, 29.96465], [-95.41863, 29.96371], [-95.41853, 29.96299], [-95.41848, 29.96176], [-95.41847, 29.95859], [-95.41842, 29.95705], [-95.41832, 29.95563], [-95.41812, 29.9537], [-95.41796, 29.9525], [-95.41765, 29.95112], [-95.41704, 29.94929], [-95.41689, 29.94887], [-95.41572, 29.94557], [-95.4141, 29.94098], [-95.41371, 29.93994], [-95.41265, 29.93686], [-95.41235, 29.93589], [-95.41223, 29.93539], [-95.41204, 29.93439], [-95.41193, 29.93338], [-95.41189, 29.93262], [-95.41189, 29.93204], [-95.41185, 29.93086], [-95.41187, 29.92936], [-95.41202, 29.92687], [-95.41239, 29.921], [-95.41252, 29.91914], [-95.41261, 29.91699], [-95.41255, 29.91502], [-95.41255, 29.91388], [-95.41249, 29.91119], [-95.4124, 29.9059], [-95.41232, 29.90182], [-95.41226, 29.89824], [-95.41219, 29.89443], [-95.41214, 29.89216], [-95.4121, 29.88928], [-95.41204, 29.88641], [-95.41198, 29.88312], [-95.41193, 29.88071], [-95.41196, 29.87942], [-95.41197, 29.87839], [-95.41195, 29.8779], [-95.41175, 29.87685], [-95.41152, 29.87618], [-95.41106, 29.87522], [-95.41075, 29.87474], [-95.40984, 29.87327], [-95.40848, 29.87117], [-95.40784, 29.86999], [-95.40675, 29.86784], [-95.40587, 29.86612], [-95.40348, 29.86143], [-95.40247, 29.85941], [-95.40191, 29.85842], [-95.40144, 29.8577], [-95.3967, 29.85102], [-95.39276, 29.84545], [-95.39165, 29.84385], [-95.39045, 29.84203], [-95.38874, 29.8394], [-95.38666, 29.83619], [-95.38598, 29.83525], [-95.3842, 29.833], [-95.38335, 29.83195], [-95.38219, 29.83049], [-95.3818, 29.82996], [-95.38144, 29.8294], [-95.38112, 29.82872], [-95.38106, 29.82857], [-95.38074, 29.82767], [-95.38002, 29.82441], [-95.37969, 29.82331], [-95.37918, 29.82204], [-95.37838, 29.82039], [-95.37713, 29.81784], [-95.37648, 29.81639], [-95.37555, 29.81409], [-95.37521, 29.81318], [-95.37425, 29.81081], [-95.37372, 29.80933], [-95.37326, 29.8077], [-95.37306, 29.80644], [-95.37273, 29.80487], [-95.37249, 29.80383], [-95.3719, 29.80083], [-95.37183, 29.80042], [-95.37179, 29.79989], [-95.37174, 29.79825], [-95.37173, 29.7968], [-95.3717, 29.79405], [-95.37174, 29.79221], [-95.37181, 29.78992], [-95.37176, 29.78925], [-95.37168, 29.7889], [-95.37141, 29.78823], [-95.37091, 29.78735], [-95.37031, 29.7865], [-95.36958, 29.78551], [-95.36903, 29.78468], [-95.36877, 29.7841], [-95.36853, 29.78325], [-95.36846, 29.78277], [-95.36842, 29.7817], [-95.36847, 29.78076], [-95.36858, 29.7802], [-95.36889, 29.7793], [-95.36905, 29.77888], [-95.36923, 29.7781], [-95.36925, 29.77742], [-95.36917, 29.7769], [-95.36905, 29.7765], [-95.36883, 29.77605], [-95.36806, 29.7748], [-95.36735, 29.7738], [-95.36643, 29.77244], [-95.36587, 29.77155], [-95.36549, 29.77062], [-95.36506, 29.76999], [-95.36457, 29.76938], [-95.36406, 29.76892], [-95.36358, 29.76866], [-95.36235, 29.7681], [-95.36151, 29.76765], [-95.3612, 29.76744], [-95.36098, 29.76719], [-95.36075, 29.76668], [-95.36071, 29.76633], [-95.36074, 29.76579], [-95.36101, 29.76532], [-95.36125, 29.76482], [-95.36187, 29.76404], [-95.36246, 29.7633], [-95.36305, 29.76255], [-95.36432, 29.76098], [-95.36524, 29.75977], [-95.36547, 29.75949], [-95.36571, 29.75921], [-95.36666, 29.758], [-95.36722, 29.75725], [-95.36778, 29.75653], [-95.3684, 29.75577], [-95.36863, 29.75552], [-95.37021, 29.75356], [-95.37139, 29.75202], [-95.372, 29.75127], [-95.37234, 29.75147], [-95.37288, 29.7518], [-95.37342, 29.75211]]}, "properties": {"route_id": "204", "route_short_name": "204", "route_long_name": "Spring P&R", "route_type": 3, "route_color": "#004080"}}, {"type": "Feature", "geometry": {"type": "LineString", "coordinates": [[-95.41762, 30.02211], [-95.41762, 30.0222], [-95.41775, 30.0223], [-95.41801, 30.02228], [-95.41801, 30.0219], [-95.41807, 30.02063], [-95.41972, 30.02037], [-95.41989, 30.02035], [-95.42465, 30.01964], [-95.42811, 30.01913], [-95.4283, 30.02094], [-95.42857, 30.02107], [-95.42914, 30.02094], [-95.42932, 30.02079], [-95.42911, 30.01887], [-95.42903, 30.01801], [-95.42891, 30.01681], [-95.42857, 30.01377], [-95.42844, 30.01252], [-95.42832, 30.01114], [-95.4276, 30.0078], [-95.42726, 30.00655], [-95.42709, 30.00559], [-95.42661, 30.00301], [-95.42634, 30.00148], [-95.42561, 29.99753], [-95.42553, 29.99703], [-95.42487, 29.99339], [-95.42417, 29.98963], [-95.42376, 29.98729], [-95.42315, 29.98397], [-95.42277, 29.98183], [-95.42233, 29.97943], [-95.42235, 29.97905], [-95.42215, 29.97708], [-95.42213, 29.97647], [-95.42202, 29.97591], [-95.4218, 29.975], [-95.42157, 29.97414], [-95.4214, 29.97328], [-95.42118, 29.97243], [-95.42109, 29.97188], [-95.42071, 29.96977], [-95.4198, 29.96633], [-95.41979, 29.96606], [-95.42007, 29.96584], [-95.42079, 29.96589], [-95.42215, 29.96602], [-95.42285, 29.96603], [-95.42288, 29.96683], [-95.42304, 29.96765], [-95.42323, 29.96822], [-95.42344, 29.96869], [-95.4237, 29.96915], [-95.4243, 29.96994], [-95.42501, 29.97062], [-95.42661, 29.97185], [-95.42758, 29.97268], [-95.42853, 29.97353], [-95.42799, 29.97399], [-95.42786, 29.97403], [-95.42567, 29.97405], [-95.42538, 29.97394], [-95.42513, 29.97379], [-95.42512, 29.97351], [-95.42536, 29.97342], [-95.42556, 29.97351], [-95.42556, 29.97364], [-95.42556, 29.97378], [-95.42547, 29.97385], [-95.42538, 29.97394], [-95.42527, 29.97406], [-95.42518, 29.97406], [-95.42513, 29.97401], [-95.42296, 29.97405], [-95.42297, 29.97412], [-95.42292, 29.97511], [-95.4224, 29.97509], [-95.4218, 29.975], [-95.42157, 29.97414], [-95.4214, 29.97328], [-95.42118, 29.97243], [-95.42109, 29.97188], [-95.42084, 29.97089], [-95.42042, 29.96973], [-95.42017, 29.96893], [-95.4199, 29.96837], [-95.41891, 29.96423], [-95.41872, 29.96319], [-95.41866, 29.96227], [-95.41864, 29.95988], [-95.41859, 29.95709], [-95.41851, 29.95589], [-95.41829, 29.95385], [-95.41815, 29.95279], [-95.41792, 29.9516], [-95.41759, 29.95042], [-95.41719, 29.9493], [-95.41705, 29.94888], [-95.41692, 29.94854], [-95.41575, 29.94523], [-95.41429, 29.94098], [-95.41327, 29.93811], [-95.41278, 29.93681], [-95.41263, 29.93636], [-95.4124, 29.93551], [-95.41221, 29.93449], [-95.4121, 29.93365], [-95.41205, 29.93296], [-95.41201, 29.93113], [-95.412, 29.9301], [-95.41204, 29.92898], [-95.41231, 29.92451], [-95.41257, 29.92052], [-95.41262, 29.91948], [-95.41271, 29.91819], [-95.41274, 29.91702], [-95.41274, 29.91599], [-95.41271, 29.91502], [-95.41259, 29.90874], [-95.41257, 29.90709], [-95.41255, 29.90644], [-95.41247, 29.90162], [-95.41244, 29.90056], [-95.41241, 29.89824], [-95.41231, 29.89372], [-95.41227, 29.89092], [-95.41222, 29.88826], [-95.41219, 29.88732], [-95.41218, 29.88609], [-95.4121, 29.88233], [-95.4121, 29.88167], [-95.41207, 29.88048], [-95.41212, 29.87877], [-95.4121, 29.87809], [-95.41204, 29.87762], [-95.41189, 29.8769], [-95.41161, 29.87602], [-95.41124, 29.87528], [-95.41088, 29.87467], [-95.41055, 29.87418], [-95.40973, 29.87289], [-95.40905, 29.87187], [-95.40859, 29.87114], [-95.40796, 29.86998], [-95.40718, 29.86842], [-95.40597, 29.86604], [-95.40564, 29.86541], [-95.40404, 29.86226], [-95.40314, 29.8605], [-95.40257, 29.85936], [-95.4021, 29.85853], [-95.40148, 29.85754], [-95.40092, 29.85678], [-95.40021, 29.85576], [-95.39857, 29.85346], [-95.39749, 29.85192], [-95.39438, 29.84753], [-95.39291, 29.84544], [-95.39225, 29.84452], [-95.3916, 29.84357], [-95.39068, 29.84214], [-95.38912, 29.83976], [-95.38663, 29.83593], [-95.38608, 29.83518], [-95.38546, 29.83439], [-95.38452, 29.83323], [-95.38232, 29.83048], [-95.38181, 29.82979], [-95.38151, 29.82927], [-95.38124, 29.82872], [-95.38117, 29.82857], [-95.38091, 29.82777], [-95.38078, 29.82727], [-95.38011, 29.82414], [-95.37967, 29.82289], [-95.37917, 29.82171], [-95.37849, 29.82033], [-95.37785, 29.81912], [-95.37722, 29.81785], [-95.37669, 29.81671], [-95.37613, 29.81532], [-95.37515, 29.81285], [-95.37412, 29.81031], [-95.37371, 29.80915], [-95.3734, 29.80797], [-95.37265, 29.80412], [-95.37257, 29.80384], [-95.37208, 29.80125], [-95.37195, 29.80038], [-95.37188, 29.79941], [-95.37185, 29.79825], [-95.37182, 29.795], [-95.3718, 29.79422], [-95.3718, 29.79295], [-95.3719, 29.79148], [-95.37191, 29.79054], [-95.3719, 29.7895], [-95.37173, 29.78875], [-95.37158, 29.78837], [-95.37134, 29.7879], [-95.37096, 29.78729], [-95.37018, 29.78613], [-95.3697, 29.78545], [-95.36914, 29.78458], [-95.36881, 29.78384], [-95.36861, 29.78289], [-95.36855, 29.7819], [-95.36856, 29.78129], [-95.36862, 29.78076], [-95.36872, 29.78033], [-95.36906, 29.77932], [-95.36933, 29.77847], [-95.36942, 29.77787], [-95.36943, 29.77757], [-95.36937, 29.77705], [-95.36928, 29.77669], [-95.36901, 29.77601], [-95.36857, 29.77527], [-95.36763, 29.77378], [-95.36721, 29.77338], [-95.3667, 29.77265], [-95.36659, 29.77243], [-95.36628, 29.772], [-95.36611, 29.77177], [-95.36574, 29.77104], [-95.36556, 29.77061], [-95.36525, 29.76999], [-95.36511, 29.76978], [-95.36485, 29.76943], [-95.36465, 29.76918], [-95.36362, 29.7686], [-95.36305, 29.76836], [-95.36228, 29.76799], [-95.36132, 29.76744], [-95.36108, 29.76722], [-95.3609, 29.76688], [-95.3608, 29.76621], [-95.36084, 29.76587], [-95.36101, 29.76532], [-95.36125, 29.76482], [-95.36187, 29.76404], [-95.36246, 29.7633], [-95.36305, 29.76255], [-95.36432, 29.76098], [-95.36524, 29.75977], [-95.36547, 29.75949], [-95.36571, 29.75921], [-95.36666, 29.758], [-95.36722, 29.75725], [-95.36778, 29.75653], [-95.3684, 29.75577], [-95.36863, 29.75552], [-95.37021, 29.75356], [-95.37139, 29.75202], [-95.372, 29.75127], [-95.37234, 29.75147], [-95.37288, 29.7518], [-95.37342, 29.75211], [-95.37369, 29.75227], [-95.37454, 29.75276], [-95.37396, 29.75355], [-95.37329, 29.75317]]}, "properties": {"route_id": "209", "route_short_name": "209", "route_long_name": "Kuykendahl / Spring P&R", "route_type": 3, "route_color": "#004080"}}, {"type": "Feature", "geometry": {"type": "LineString", "coordinates": [[-95.37342, 29.75211], [-95.37369, 29.75227], [-95.37454, 29.75276], [-95.37459, 29.75284], [-95.37466, 29.75355], [-95.37454, 29.75424], [-95.37444, 29.75464], [-95.37448, 29.75573], [-95.37443, 29.75732], [-95.37438, 29.75776], [-95.37431, 29.75805], [-95.37395, 29.75887], [-95.37341, 29.7598], [-95.37255, 29.7614], [-95.37229, 29.76181], [-95.37208, 29.76204], [-95.37132, 29.76273], [-95.37032, 29.76317], [-95.37005, 29.76329], [-95.36897, 29.76378], [-95.36868, 29.76392], [-95.36805, 29.7643], [-95.36772, 29.76457], [-95.36727, 29.76508], [-95.367, 29.76548], [-95.36663, 29.76624], [-95.36639, 29.76679], [-95.36522, 29.76943], [-95.36511, 29.76978], [-95.36506, 29.76999], [-95.36502, 29.77051], [-95.36509, 29.77097], [-95.36521, 29.77132], [-95.3654, 29.77171], [-95.36675, 29.77394], [-95.36726, 29.77473], [-95.36769, 29.77553], [-95.36788, 29.77603], [-95.36805, 29.7767], [-95.36811, 29.77711], [-95.36814, 29.77765], [-95.36815, 29.77855], [-95.36818, 29.77931], [-95.36826, 29.78152], [-95.36836, 29.78287], [-95.36848, 29.78355], [-95.36874, 29.7843], [-95.36909, 29.78496], [-95.36984, 29.78608], [-95.37007, 29.78639], [-95.37088, 29.78758], [-95.37135, 29.78841], [-95.37148, 29.78874], [-95.37163, 29.78935], [-95.37167, 29.7898], [-95.37168, 29.79107], [-95.37163, 29.79229], [-95.37157, 29.7932], [-95.37159, 29.79532], [-95.37159, 29.79661], [-95.37165, 29.79946], [-95.3717, 29.8001], [-95.3718, 29.80094], [-95.37191, 29.80154], [-95.37212, 29.80249], [-95.37238, 29.80382], [-95.37308, 29.80744], [-95.37335, 29.80863], [-95.37366, 29.80963], [-95.37418, 29.81098], [-95.37508, 29.81318], [-95.37621, 29.81601], [-95.37679, 29.81738], [-95.37761, 29.81904], [-95.37776, 29.81943], [-95.37828, 29.82045], [-95.37896, 29.82185], [-95.37922, 29.82242], [-95.37962, 29.82347], [-95.37995, 29.82463], [-95.3803, 29.82626], [-95.38061, 29.82762], [-95.38091, 29.82857], [-95.38097, 29.82872], [-95.38138, 29.82962], [-95.38173, 29.83016], [-95.3821, 29.83067], [-95.38293, 29.83158], [-95.38602, 29.83545], [-95.3864, 29.83599], [-95.38748, 29.83763], [-95.38927, 29.8404], [-95.3918, 29.84426], [-95.39264, 29.84545], [-95.3954, 29.84934], [-95.39793, 29.85293], [-95.3989, 29.85429], [-95.40098, 29.85724], [-95.40139, 29.85781], [-95.40188, 29.85858], [-95.40236, 29.85946], [-95.40338, 29.86145], [-95.40613, 29.86686], [-95.40641, 29.86744], [-95.40693, 29.86842], [-95.40772, 29.86999], [-95.40836, 29.87118], [-95.40891, 29.87203], [-95.41003, 29.87381], [-95.41041, 29.8746], [-95.41134, 29.87761], [-95.41168, 29.8789], [-95.41176, 29.87956], [-95.41179, 29.88008], [-95.41181, 29.88153], [-95.41199, 29.89083], [-95.41191, 29.89128], [-95.41176, 29.89275], [-95.41179, 29.89356], [-95.41181, 29.89528], [-95.41189, 29.89767], [-95.41186, 29.89825], [-95.41226, 29.89824], [-95.41241, 29.89824], [-95.41265, 29.89824], [-95.41481, 29.89822], [-95.4168, 29.89818], [-95.41901, 29.89812], [-95.42134, 29.89807], [-95.42265, 29.89805], [-95.42583, 29.89802], [-95.42669, 29.898], [-95.42855, 29.898], [-95.42916, 29.89799], [-95.43128, 29.89795], [-95.43232, 29.89795], [-95.43504, 29.89791], [-95.4361, 29.89788], [-95.44026, 29.89782], [-95.44439, 29.89774], [-95.44648, 29.89771], [-95.44795, 29.89768], [-95.4486, 29.89768], [-95.45066, 29.89764], [-95.45218, 29.89762], [-95.45258, 29.8976], [-95.45521, 29.89757], [-95.45828, 29.89757], [-95.45895, 29.89756], [-95.45992, 29.89751], [-95.46043, 29.89756], [-95.46129, 29.89773], [-95.46166, 29.89784], [-95.46245, 29.89819], [-95.46302, 29.89857], [-95.46335, 29.89886], [-95.46432, 29.89984], [-95.46516, 29.90077], [-95.46577, 29.9014], [-95.46713, 29.90287], [-95.46743, 29.90315], [-95.46872, 29.90403], [-95.46995, 29.90479], [-95.47035, 29.90507], [-95.47181, 29.906], [-95.47258, 29.90651], [-95.47357, 29.90713], [-95.47463, 29.90783], [-95.47746, 29.90961], [-95.48002, 29.91121], [-95.48131, 29.91202], [-95.48279, 29.91293], [-95.48386, 29.91362], [-95.48667, 29.91537], [-95.48873, 29.91667], [-95.49031, 29.91765], [-95.49302, 29.91936], [-95.49408, 29.92004], [-95.49497, 29.92065], [-95.49643, 29.92176], [-95.49782, 29.9228], [-95.50012, 29.92456], [-95.50127, 29.92542], [-95.50266, 29.92649], [-95.50418, 29.92763], [-95.50366, 29.92812], [-95.5027, 29.92849], [-95.50232, 29.92856], [-95.50173, 29.92859], [-95.50118, 29.92854], [-95.49987, 29.92825], [-95.49977, 29.92796], [-95.4993, 29.92791]]}, "properties": {"route_id": "212", "route_short_name": "212", "route_long_name": "Seton Lake P&R", "route_type": 3, "route_color": "#004080"}}, {"type": "Feature", "geometry": {"type": "LineString", "coordinates": [[-95.37297, 29.7517], [-95.37288, 29.7518], [-95.37269, 29.75204], [-95.37228, 29.75257], [-95.3705, 29.75484], [-95.3693, 29.75629], [-95.36812, 29.75779], [-95.36695, 29.75927], [-95.36654, 29.75977], [-95.36635, 29.76001], [-95.36574, 29.76077], [-95.36452, 29.76232], [-95.36394, 29.76308], [-95.36336, 29.7638], [-95.36417, 29.76428], [-95.36427, 29.76438], [-95.36425, 29.76488], [-95.36437, 29.7649], [-95.36548, 29.76516], [-95.36632, 29.76533], [-95.367, 29.76548], [-95.36732, 29.76555], [-95.36725, 29.76611], [-95.36709, 29.7668], [-95.36706, 29.76732], [-95.36699, 29.76769], [-95.36651, 29.76932], [-95.36623, 29.77034], [-95.36618, 29.77065], [-95.36617, 29.77132], [-95.36628, 29.772], [-95.36643, 29.77244], [-95.3666, 29.77281], [-95.36721, 29.77383], [-95.36802, 29.77514], [-95.36823, 29.77552], [-95.36874, 29.77622], [-95.36905, 29.7765], [-95.36928, 29.77669], [-95.37001, 29.77722], [-95.37064, 29.77756], [-95.37132, 29.77781], [-95.37244, 29.77817], [-95.37378, 29.7786], [-95.37485, 29.77888], [-95.37597, 29.77904], [-95.37653, 29.77905], [-95.37709, 29.77902], [-95.37765, 29.77895], [-95.37819, 29.77882], [-95.37943, 29.7784], [-95.38043, 29.77801], [-95.38116, 29.77777], [-95.38227, 29.77743], [-95.38366, 29.77712], [-95.38453, 29.77697], [-95.38593, 29.77687], [-95.38697, 29.77687], [-95.38784, 29.7769], [-95.38833, 29.77689], [-95.38846, 29.77689], [-95.39025, 29.77686], [-95.39437, 29.77675], [-95.39714, 29.77667], [-95.39726, 29.77668], [-95.3987, 29.77663], [-95.40026, 29.77661], [-95.40128, 29.77665], [-95.40211, 29.77671], [-95.40389, 29.77697], [-95.40626, 29.77739], [-95.40722, 29.77752], [-95.40826, 29.77762], [-95.40905, 29.77766], [-95.40961, 29.77766], [-95.41073, 29.77766], [-95.41146, 29.77763], [-95.41726, 29.77756], [-95.41818, 29.77756], [-95.42193, 29.77749], [-95.4247, 29.77745], [-95.42557, 29.77746], [-95.42679, 29.77745], [-95.42757, 29.7775], [-95.42948, 29.77769], [-95.43065, 29.77783], [-95.43148, 29.7779], [-95.43325, 29.77808], [-95.43515, 29.77824], [-95.4371, 29.77845], [-95.44166, 29.77891], [-95.44299, 29.77904], [-95.44397, 29.77908], [-95.44522, 29.77908], [-95.44829, 29.77906], [-95.44969, 29.77907], [-95.4505, 29.77916], [-95.45102, 29.77927], [-95.45172, 29.77951], [-95.45215, 29.77981], [-95.45234, 29.78006], [-95.45256, 29.78057], [-95.45254, 29.78113], [-95.45216, 29.78201], [-95.45182, 29.78272], [-95.4518, 29.783], [-95.45218, 29.78329], [-95.45251, 29.78341], [-95.45293, 29.78343], [-95.45323, 29.78333], [-95.45348, 29.78302], [-95.45379, 29.78287], [-95.45436, 29.7829], [-95.45446, 29.78294], [-95.45476, 29.7829], [-95.4548, 29.78302], [-95.45503, 29.78297], [-95.45542, 29.78297], [-95.45566, 29.78297], [-95.45614, 29.78298], [-95.45633, 29.78299], [-95.45643, 29.7832], [-95.45626, 29.7833], [-95.4561, 29.7833], [-95.45596, 29.7833], [-95.45546, 29.7833], [-95.4553, 29.7833], [-95.45497, 29.7833], [-95.45476, 29.78317], [-95.4548, 29.78302], [-95.45503, 29.78297], [-95.45542, 29.78297], [-95.45566, 29.78297], [-95.45614, 29.78298], [-95.45633, 29.78299], [-95.45511, 29.78242], [-95.45465, 29.78232], [-95.45426, 29.78232], [-95.45389, 29.78242], [-95.45341, 29.78271], [-95.45309, 29.78313], [-95.45293, 29.78343], [-95.45272, 29.78386], [-95.45264, 29.78409], [-95.4526, 29.78438], [-95.45263, 29.78489], [-95.45286, 29.78632], [-95.45301, 29.78747], [-95.45311, 29.78861], [-95.45316, 29.79004], [-95.45314, 29.79065], [-95.45306, 29.79143], [-95.4523, 29.79444], [-95.45201, 29.79552], [-95.45176, 29.79652], [-95.45146, 29.79759], [-95.45133, 29.79831], [-95.4513, 29.7988], [-95.45133, 29.80003], [-95.45128, 29.80094], [-95.4513, 29.80144], [-95.45136, 29.80209], [-95.45149, 29.80256], [-95.45176, 29.80314], [-95.45213, 29.8037], [-95.45269, 29.80446], [-95.45324, 29.80509], [-95.45419, 29.80596], [-95.45579, 29.80746], [-95.45771, 29.80927], [-95.45927, 29.81068], [-95.45962, 29.81102], [-95.46211, 29.81338], [-95.46553, 29.81655], [-95.46854, 29.81936], [-95.46931, 29.82009], [-95.47076, 29.8214], [-95.47167, 29.82218], [-95.47341, 29.82372], [-95.47444, 29.8247], [-95.4802, 29.83005], [-95.48237, 29.83204], [-95.4833, 29.83286], [-95.48351, 29.83307], [-95.48423, 29.83376], [-95.48525, 29.83468], [-95.48752, 29.83682], [-95.48896, 29.83816], [-95.49053, 29.83962], [-95.49154, 29.84053], [-95.49273, 29.84151], [-95.49326, 29.8419], [-95.49412, 29.84248], [-95.49468, 29.84283], [-95.49623, 29.84368], [-95.50005, 29.84583], [-95.50171, 29.84678], [-95.5056, 29.84897], [-95.50597, 29.84916], [-95.50765, 29.85013], [-95.50962, 29.85123], [-95.51092, 29.85197], [-95.514, 29.8537], [-95.5154, 29.8545], [-95.5167, 29.85522], [-95.52011, 29.85715], [-95.52471, 29.85974], [-95.52614, 29.86048], [-95.52932, 29.86193], [-95.53093, 29.86264], [-95.53337, 29.86373], [-95.53578, 29.86471], [-95.53745, 29.86543], [-95.53987, 29.86651], [-95.54085, 29.86696], [-95.54184, 29.86737], [-95.54296, 29.86789], [-95.54524, 29.8689], [-95.54829, 29.87028], [-95.54849, 29.87036], [-95.55073, 29.87135], [-95.55091, 29.87141], [-95.55117, 29.87125], [-95.55158, 29.87049], [-95.55221, 29.8694], [-95.55278, 29.86979], [-95.55343, 29.87028], [-95.5538, 29.87037], [-95.55386, 29.87016], [-95.55377, 29.87008], [-95.55348, 29.87007], [-95.55278, 29.86958], [-95.55266, 29.86928], [-95.55249, 29.86924], [-95.55221, 29.8694], [-95.55212, 29.86972], [-95.55128, 29.87113], [-95.55115, 29.87144], [-95.55146, 29.87168], [-95.55359, 29.87262], [-95.55652, 29.87395], [-95.55711, 29.87419], [-95.55965, 29.87534], [-95.56369, 29.87712], [-95.56668, 29.87847], [-95.56773, 29.87895], [-95.56845, 29.87933], [-95.56961, 29.88004], [-95.57044, 29.88061], [-95.57213, 29.8818], [-95.57356, 29.88279], [-95.57861, 29.88632], [-95.57885, 29.88648], [-95.58448, 29.89043], [-95.58477, 29.89062], [-95.5863, 29.89173], [-95.58697, 29.89219], [-95.5887, 29.89343], [-95.59023, 29.89448], [-95.59266, 29.8962], [-95.59339, 29.89668], [-95.59457, 29.89755], [-95.59616, 29.89867], [-95.59593, 29.89895], [-95.59528, 29.89964], [-95.59477, 29.90025], [-95.59471, 29.90028], [-95.59388, 29.90126], [-95.59368, 29.90155], [-95.59376, 29.90173], [-95.59413, 29.90213]]}, "properties": {"route_id": "216", "route_short_name": "216", "route_long_name": "W L York / NW Station P&R", "route_type": 3, "route_color": "#004080"}}, {"type": "Feature", "geometry": {"type": "LineString", "coordinates": [[-95.68493, 29.96437], [-95.68459, 29.96415], [-95.6844, 29.96413], [-95.68442, 29.96369], [-95.68441, 29.96342], [-95.68442, 29.96136], [-95.68457, 29.96115], [-95.68581, 29.962], [-95.68659, 29.96256], [-95.68728, 29.96302], [-95.6875, 29.96295], [-95.68774, 29.96269], [-95.68774, 29.96249], [-95.6874, 29.96225], [-95.68331, 29.95941], [-95.68205, 29.95854], [-95.67774, 29.95559], [-95.67745, 29.95546], [-95.67584, 29.95443], [-95.67359, 29.95287], [-95.67204, 29.95186], [-95.67125, 29.95145], [-95.67016, 29.95065], [-95.66763, 29.94869], [-95.6656, 29.94722], [-95.65951, 29.943], [-95.65411, 29.93925], [-95.65301, 29.9385], [-95.65101, 29.93717], [-95.64847, 29.93539], [-95.6473, 29.93455], [-95.64626, 29.93383], [-95.64381, 29.93208], [-95.63993, 29.92937], [-95.63885, 29.92865], [-95.63812, 29.92819], [-95.6379, 29.9281], [-95.63428, 29.9256], [-95.63321, 29.92488], [-95.63252, 29.92451], [-95.63196, 29.92426], [-95.63122, 29.924], [-95.63056, 29.92381], [-95.62996, 29.92368], [-95.62924, 29.92358], [-95.62805, 29.92349], [-95.62589, 29.92338], [-95.62487, 29.92323], [-95.62403, 29.92304], [-95.62332, 29.92282], [-95.62245, 29.92246], [-95.62183, 29.92214], [-95.62082, 29.92143], [-95.61886, 29.91996], [-95.61818, 29.91944], [-95.61775, 29.91907], [-95.61728, 29.91859], [-95.61688, 29.91808], [-95.61661, 29.91768], [-95.61595, 29.91663], [-95.61573, 29.91644], [-95.61273, 29.91156], [-95.61211, 29.91063], [-95.61137, 29.90974], [-95.61072, 29.90909], [-95.61015, 29.9086], [-95.60864, 29.90749], [-95.60605, 29.90569], [-95.60365, 29.90394], [-95.60173, 29.9026], [-95.60096, 29.90204], [-95.59995, 29.90134], [-95.59954, 29.90103], [-95.59737, 29.8995], [-95.59616, 29.89867], [-95.59457, 29.89755], [-95.59339, 29.89668], [-95.59266, 29.8962], [-95.59023, 29.89448], [-95.5887, 29.89343], [-95.58697, 29.89219], [-95.5863, 29.89173], [-95.58477, 29.89062], [-95.58448, 29.89043], [-95.57885, 29.88648], [-95.57861, 29.88632], [-95.57356, 29.88279], [-95.57213, 29.8818], [-95.57044, 29.88061], [-95.56961, 29.88004], [-95.56845, 29.87933], [-95.56773, 29.87895], [-95.56668, 29.87847], [-95.56369, 29.87712], [-95.55965, 29.87534], [-95.55711, 29.87419], [-95.55652, 29.87395], [-95.55359, 29.87262], [-95.55146, 29.87168], [-95.55073, 29.87135], [-95.54849, 29.87036], [-95.54829, 29.87028], [-95.54524, 29.8689], [-95.54296, 29.86789], [-95.54184, 29.86737], [-95.54085, 29.86696], [-95.53987, 29.86651], [-95.53745, 29.86543], [-95.53578, 29.86471], [-95.53337, 29.86373], [-95.53093, 29.86264], [-95.52932, 29.86193], [-95.52614, 29.86048], [-95.52471, 29.85974], [-95.52011, 29.85715], [-95.5167, 29.85522], [-95.5154, 29.8545], [-95.514, 29.8537], [-95.51092, 29.85197], [-95.50962, 29.85123], [-95.50765, 29.85013], [-95.50597, 29.84916], [-95.5056, 29.84897], [-95.50171, 29.84678], [-95.50005, 29.84583], [-95.49623, 29.84368], [-95.49468, 29.84283], [-95.49412, 29.84248], [-95.49326, 29.8419], [-95.49273, 29.84151], [-95.49154, 29.84053], [-95.49053, 29.83962], [-95.48896, 29.83816], [-95.48752, 29.83682], [-95.48525, 29.83468], [-95.48423, 29.83376], [-95.48351, 29.83307], [-95.4833, 29.83286], [-95.48237, 29.83204], [-95.4802, 29.83005], [-95.47444, 29.8247], [-95.47341, 29.82372], [-95.47167, 29.82218], [-95.47076, 29.8214], [-95.46931, 29.82009], [-95.46854, 29.81936], [-95.46553, 29.81655], [-95.46211, 29.81338], [-95.45962, 29.81102], [-95.45927, 29.81068], [-95.45771, 29.80927], [-95.45579, 29.80746], [-95.45419, 29.80596], [-95.45324, 29.80509], [-95.45269, 29.80446], [-95.45213, 29.8037], [-95.45176, 29.80314], [-95.45149, 29.80256], [-95.45136, 29.80209], [-95.4513, 29.80144], [-95.45128, 29.80094], [-95.45133, 29.80003], [-95.4513, 29.7988], [-95.45133, 29.79831], [-95.45146, 29.79759], [-95.45176, 29.79652], [-95.45201, 29.79552], [-95.4523, 29.79444], [-95.45306, 29.79143], [-95.45314, 29.79065], [-95.45316, 29.79004], [-95.45311, 29.78861], [-95.45301, 29.78747], [-95.45286, 29.78632], [-95.45263, 29.78489], [-95.4526, 29.78438], [-95.45264, 29.78409], [-95.45272, 29.78386], [-95.45293, 29.78343], [-95.45309, 29.78313], [-95.45341, 29.78271], [-95.45389, 29.78242], [-95.45426, 29.78232], [-95.45465, 29.78232], [-95.45511, 29.78242], [-95.45523, 29.7826], [-95.45512, 29.78268], [-95.45486, 29.78261], [-95.45462, 29.78245], [-95.45436, 29.78249], [-95.45429, 29.78268], [-95.45436, 29.7829], [-95.45446, 29.78294], [-95.45476, 29.7829], [-95.45542, 29.78297], [-95.45566, 29.78297], [-95.45573, 29.78288], [-95.45555, 29.78274], [-95.45512, 29.78268], [-95.45486, 29.78261], [-95.45462, 29.78245], [-95.45436, 29.78249], [-95.45429, 29.78268], [-95.45436, 29.7829], [-95.45446, 29.78294], [-95.45447, 29.7838], [-95.45403, 29.7838], [-95.45272, 29.78386], [-95.45144, 29.78384], [-95.44887, 29.78375], [-95.44818, 29.7837], [-95.44713, 29.78357], [-95.44636, 29.78344], [-95.4453, 29.78321], [-95.44443, 29.78298], [-95.44284, 29.7825], [-95.44213, 29.78226], [-95.44133, 29.78202], [-95.43981, 29.78153], [-95.43818, 29.78103], [-95.43763, 29.78084], [-95.43708, 29.7807], [-95.4364, 29.78062], [-95.43506, 29.78057], [-95.4344, 29.78049], [-95.43393, 29.78035], [-95.43333, 29.78012], [-95.43317, 29.78011], [-95.43147, 29.7791], [-95.42981, 29.77808], [-95.42948, 29.77769], [-95.42923, 29.77745], [-95.42888, 29.77705], [-95.42789, 29.77699], [-95.4261, 29.77714], [-95.4257, 29.77722], [-95.42446, 29.77726], [-95.42187, 29.77728], [-95.41818, 29.77733], [-95.41782, 29.77733], [-95.41145, 29.77741], [-95.40961, 29.77744], [-95.40865, 29.77742], [-95.40768, 29.77735], [-95.40703, 29.77728], [-95.40618, 29.77715], [-95.40303, 29.7766], [-95.40224, 29.77649], [-95.40129, 29.77642], [-95.4005, 29.77639], [-95.39972, 29.77639], [-95.39726, 29.77644], [-95.39705, 29.77645], [-95.38873, 29.77663], [-95.38858, 29.77663], [-95.38781, 29.77663], [-95.38736, 29.77673], [-95.38677, 29.77675], [-95.38566, 29.77682], [-95.38481, 29.77691], [-95.38453, 29.77697], [-95.38366, 29.77712], [-95.38227, 29.77743], [-95.38116, 29.77777], [-95.38043, 29.77801], [-95.37943, 29.7784], [-95.37819, 29.77882], [-95.37765, 29.77895], [-95.37709, 29.77902], [-95.37653, 29.77905], [-95.37597, 29.77904], [-95.37485, 29.77888], [-95.37378, 29.7786], [-95.37244, 29.77817], [-95.37132, 29.77781], [-95.37064, 29.77756], [-95.37001, 29.77722], [-95.36928, 29.77669], [-95.36905, 29.7765], [-95.36874, 29.77622], [-95.36823, 29.77552], [-95.36802, 29.77514], [-95.36721, 29.77383], [-95.3666, 29.77281], [-95.36643, 29.77244], [-95.36628, 29.772], [-95.36617, 29.77132], [-95.36618, 29.77065], [-95.36623, 29.77034], [-95.36651, 29.76932], [-95.36699, 29.76769], [-95.36706, 29.76732], [-95.36709, 29.7668], [-95.36725, 29.76611], [-95.36732, 29.76555], [-95.367, 29.76548], [-95.36632, 29.76533], [-95.36548, 29.76516], [-95.36437, 29.7649], [-95.36444, 29.764], [-95.36478, 29.76357], [-95.36538, 29.76281], [-95.3666, 29.76128], [-95.36718, 29.76052], [-95.36728, 29.7604], [-95.36777, 29.75978], [-95.36815, 29.75931], [-95.36896, 29.75829], [-95.36955, 29.75752], [-95.36999, 29.75698], [-95.37128, 29.75532], [-95.37154, 29.75501], [-95.37251, 29.75377], [-95.37297, 29.7532]]}, "properties": {"route_id": "217", "route_short_name": "217", "route_long_name": "Cypress P&R", "route_type": 3, "route_color": "#004080"}}, {"type": "Feature", "geometry": {"type": "LineString", "coordinates": [[-95.37296, 29.75171], [-95.37288, 29.7518], [-95.37269, 29.75204], [-95.37228, 29.75257], [-95.3705, 29.75484], [-95.3693, 29.75629], [-95.36812, 29.75779], [-95.36695, 29.75927], [-95.36654, 29.75977], [-95.36635, 29.76001], [-95.36574, 29.76077], [-95.36452, 29.76232], [-95.36394, 29.76308], [-95.36336, 29.7638], [-95.36417, 29.76428], [-95.36427, 29.76438], [-95.36425, 29.76488], [-95.36437, 29.7649], [-95.36548, 29.76516], [-95.36632, 29.76533], [-95.367, 29.76548], [-95.36732, 29.76555], [-95.36725, 29.76611], [-95.36709, 29.7668], [-95.36706, 29.76732], [-95.36699, 29.76769], [-95.36651, 29.76932], [-95.36623, 29.77034], [-95.36618, 29.77065], [-95.36617, 29.77132], [-95.36628, 29.772], [-95.36643, 29.77244], [-95.3666, 29.77281], [-95.36721, 29.77383], [-95.36802, 29.77514], [-95.36823, 29.77552], [-95.36874, 29.77622], [-95.36905, 29.7765], [-95.36928, 29.77669], [-95.37001, 29.77722], [-95.37064, 29.77756], [-95.37132, 29.77781], [-95.37244, 29.77817], [-95.37378, 29.7786], [-95.37485, 29.77888], [-95.37597, 29.77904], [-95.37653, 29.77905], [-95.37709, 29.77902], [-95.37765, 29.77895], [-95.37819, 29.77882], [-95.37943, 29.7784], [-95.38043, 29.77801], [-95.38116, 29.77777], [-95.38227, 29.77743], [-95.38366, 29.77712], [-95.38453, 29.77697], [-95.38593, 29.77687], [-95.38697, 29.77687], [-95.38784, 29.7769], [-95.38833, 29.77689], [-95.38846, 29.77689], [-95.39025, 29.77686], [-95.39437, 29.77675], [-95.39714, 29.77667], [-95.39726, 29.77668], [-95.3987, 29.77663], [-95.40026, 29.77661], [-95.40128, 29.77665], [-95.40211, 29.77671], [-95.40389, 29.77697], [-95.40626, 29.77739], [-95.40722, 29.77752], [-95.40826, 29.77762], [-95.40905, 29.77766], [-95.40961, 29.77766], [-95.41073, 29.77766], [-95.41146, 29.77763], [-95.41726, 29.77756], [-95.41818, 29.77756], [-95.42193, 29.77749], [-95.4247, 29.77745], [-95.42557, 29.77746], [-95.42679, 29.77745], [-95.42757, 29.7775], [-95.42948, 29.77769], [-95.43065, 29.77783], [-95.43148, 29.7779], [-95.43325, 29.77808], [-95.43925, 29.77874], [-95.44261, 29.77909], [-95.44449, 29.77919], [-95.4451, 29.7792], [-95.44937, 29.77919], [-95.4499, 29.77923], [-95.45076, 29.77954], [-95.45097, 29.77966], [-95.45134, 29.78], [-95.45153, 29.78031], [-95.45164, 29.78067], [-95.45163, 29.78119], [-95.45142, 29.78264], [-95.45144, 29.78384], [-95.45143, 29.78407], [-95.45264, 29.78409], [-95.45447, 29.78411], [-95.45463, 29.78411], [-95.45462, 29.7838], [-95.45462, 29.78345], [-95.45474, 29.7834], [-95.45476, 29.78317], [-95.4548, 29.78302], [-95.45503, 29.78297], [-95.45542, 29.78297], [-95.45566, 29.78297], [-95.45576, 29.78297], [-95.45609, 29.78297], [-95.45633, 29.78299], [-95.45643, 29.7832], [-95.45626, 29.7833], [-95.45596, 29.7833], [-95.45546, 29.7833], [-95.4553, 29.7833], [-95.45497, 29.7833], [-95.45476, 29.78317], [-95.4548, 29.78302], [-95.45503, 29.78297], [-95.45542, 29.78297], [-95.45566, 29.78297], [-95.45573, 29.78288], [-95.45555, 29.78274], [-95.45512, 29.78268], [-95.45486, 29.78261], [-95.45462, 29.78245], [-95.45436, 29.78249], [-95.45429, 29.78268], [-95.45436, 29.7829], [-95.45446, 29.78294], [-95.45447, 29.7838], [-95.45403, 29.7838], [-95.45272, 29.78386], [-95.45144, 29.78384], [-95.45143, 29.78407], [-95.45141, 29.78594], [-95.45142, 29.78839], [-95.45138, 29.78938], [-95.45112, 29.79141], [-95.45074, 29.79306], [-95.45045, 29.79407], [-95.45039, 29.79435], [-95.45025, 29.79494], [-95.44976, 29.79679], [-95.44953, 29.79751], [-95.44915, 29.79905], [-95.44885, 29.80018], [-95.44872, 29.80055], [-95.44849, 29.80145], [-95.44819, 29.80254], [-95.44802, 29.80289], [-95.44767, 29.8034], [-95.44769, 29.80365], [-95.44784, 29.80381], [-95.4485, 29.80426], [-95.44875, 29.80429], [-95.44928, 29.80415], [-95.44989, 29.80407], [-95.45031, 29.80406], [-95.4507, 29.80413], [-95.45149, 29.80437], [-95.45208, 29.80469], [-95.45295, 29.8054], [-95.45401, 29.8064], [-95.4554, 29.80778], [-95.45625, 29.80862], [-95.45664, 29.80903], [-95.45741, 29.80973], [-95.45827, 29.81056], [-95.45932, 29.81149], [-95.46056, 29.81261], [-95.46232, 29.81427], [-95.46274, 29.81463], [-95.46481, 29.81656], [-95.46552, 29.81721], [-95.4658, 29.81734], [-95.46689, 29.8182], [-95.46751, 29.81872], [-95.46781, 29.8189], [-95.4683, 29.81936], [-95.46866, 29.81973], [-95.46937, 29.82035], [-95.47084, 29.82169], [-95.47194, 29.82262], [-95.47335, 29.82388], [-95.47461, 29.82507], [-95.4754, 29.82579], [-95.47601, 29.82638], [-95.47704, 29.82732], [-95.47774, 29.82798], [-95.47923, 29.82935], [-95.48185, 29.83178], [-95.48328, 29.83305], [-95.48523, 29.83486], [-95.48664, 29.83619], [-95.48786, 29.83736], [-95.48895, 29.83836], [-95.49006, 29.83939], [-95.49135, 29.84061], [-95.49218, 29.84133], [-95.49277, 29.84178], [-95.49337, 29.8422], [-95.49456, 29.84292], [-95.49971, 29.84581], [-95.50113, 29.84662], [-95.50355, 29.84797], [-95.50519, 29.8489], [-95.5076, 29.85025], [-95.50942, 29.85128], [-95.5147, 29.85427], [-95.51997, 29.85723], [-95.52086, 29.85774], [-95.52244, 29.85862], [-95.5245, 29.85979], [-95.52609, 29.8606], [-95.52623, 29.86077], [-95.52695, 29.86111], [-95.52802, 29.86168], [-95.52927, 29.86225], [-95.5294, 29.86236], [-95.53126, 29.86321], [-95.53348, 29.86419], [-95.53418, 29.86448], [-95.53504, 29.8648], [-95.53672, 29.86552], [-95.54002, 29.86698], [-95.54055, 29.86723], [-95.54242, 29.86805], [-95.54423, 29.86886], [-95.54616, 29.86971], [-95.54732, 29.87021], [-95.54797, 29.87051], [-95.54818, 29.87068], [-95.54816, 29.8709], [-95.54802, 29.871], [-95.54705, 29.87142], [-95.54675, 29.87142], [-95.54688, 29.87111], [-95.54751, 29.87079], [-95.54797, 29.87051], [-95.54829, 29.87028], [-95.5501, 29.86883], [-95.55045, 29.86857], [-95.55122, 29.86806], [-95.55182, 29.86778], [-95.55251, 29.86756], [-95.55252, 29.86766], [-95.55478, 29.86926], [-95.55404, 29.87006], [-95.55386, 29.87016], [-95.55377, 29.87008], [-95.55348, 29.87007], [-95.55278, 29.86958], [-95.55266, 29.86928], [-95.55249, 29.86924], [-95.55221, 29.8694], [-95.55278, 29.86979], [-95.55343, 29.87028], [-95.5538, 29.87037], [-95.55419, 29.87014], [-95.55498, 29.86926], [-95.55293, 29.86783], [-95.55251, 29.86756], [-95.55182, 29.86778], [-95.55122, 29.86806], [-95.55045, 29.86857], [-95.5501, 29.86883], [-95.54829, 29.87028], [-95.54797, 29.87051], [-95.54751, 29.87079], [-95.54688, 29.87111], [-95.54655, 29.87105], [-95.54648, 29.87088], [-95.54663, 29.87067], [-95.54699, 29.8703], [-95.54732, 29.87021], [-95.54797, 29.87051], [-95.54879, 29.87086], [-95.54976, 29.87136], [-95.55061, 29.87177], [-95.55264, 29.87271], [-95.55416, 29.87338], [-95.5554, 29.87394], [-95.5562, 29.87428], [-95.55644, 29.87441], [-95.55772, 29.87501], [-95.56179, 29.87665], [-95.56304, 29.87719], [-95.56403, 29.87759], [-95.56553, 29.87807], [-95.56737, 29.87889], [-95.56843, 29.87946], [-95.5693, 29.88], [-95.57025, 29.88064], [-95.57118, 29.88131], [-95.57322, 29.88274], [-95.5747, 29.88379], [-95.57641, 29.88498], [-95.57851, 29.88643], [-95.57976, 29.8873], [-95.58079, 29.88805], [-95.58111, 29.88826], [-95.58247, 29.88922], [-95.58476, 29.89085], [-95.58586, 29.89161], [-95.58611, 29.89187], [-95.58712, 29.89268], [-95.5883, 29.89353], [-95.58894, 29.89407], [-95.58976, 29.89461], [-95.59107, 29.89553], [-95.5915, 29.8958], [-95.59243, 29.89658], [-95.59345, 29.89733], [-95.59466, 29.89813], [-95.59593, 29.89895], [-95.59899, 29.90112], [-95.59827, 29.90182], [-95.59763, 29.90226], [-95.59722, 29.90249], [-95.5964, 29.90287], [-95.5958, 29.90321], [-95.59498, 29.90231], [-95.59442, 29.90172], [-95.59388, 29.90126], [-95.59368, 29.90155], [-95.59376, 29.90173], [-95.59442, 29.90245], [-95.59464, 29.90251], [-95.59498, 29.90231], [-95.5958, 29.90321], [-95.5959, 29.90332], [-95.59673, 29.90287], [-95.59721, 29.90266], [-95.59787, 29.90232], [-95.59832, 29.90202], [-95.59874, 29.90167], [-95.59915, 29.90123], [-95.60537, 29.9056], [-95.6064, 29.90638], [-95.60865, 29.90795], [-95.60912, 29.90825], [-95.6102, 29.90907], [-95.61051, 29.90934], [-95.61116, 29.91001], [-95.61171, 29.91071], [-95.61227, 29.91155], [-95.61246, 29.91175], [-95.61275, 29.91221], [-95.61347, 29.91324], [-95.61368, 29.91345], [-95.61388, 29.91375], [-95.61449, 29.91476], [-95.6149, 29.91549], [-95.61569, 29.91676], [-95.61609, 29.91743], [-95.61661, 29.91814], [-95.61705, 29.91867], [-95.6179, 29.91948], [-95.61835, 29.91984], [-95.62093, 29.92168], [-95.62147, 29.92204], [-95.62209, 29.9224], [-95.62279, 29.92273], [-95.62349, 29.92298], [-95.62432, 29.92323], [-95.6256, 29.92348], [-95.6265, 29.92356], [-95.62704, 29.92356], [-95.62898, 29.92368], [-95.62947, 29.92373], [-95.63027, 29.92386], [-95.63122, 29.92411], [-95.63222, 29.92449], [-95.6326, 29.92466], [-95.63331, 29.92505], [-95.63405, 29.92555], [-95.63474, 29.92607], [-95.63594, 29.92692], [-95.63702, 29.92776], [-95.63885, 29.92899], [-95.64222, 29.93132], [-95.64755, 29.93509], [-95.64865, 29.93585], [-95.64965, 29.93656], [-95.65076, 29.93733], [-95.6522, 29.9383], [-95.65572, 29.94072], [-95.65609, 29.94104], [-95.65809, 29.94256], [-95.65873, 29.94302], [-95.65896, 29.94328], [-95.66208, 29.94543], [-95.6633, 29.9463], [-95.66419, 29.94691], [-95.66716, 29.94898], [-95.66775, 29.94942], [-95.6691, 29.9505], [-95.67047, 29.95156], [-95.67079, 29.95176], [-95.67167, 29.95241], [-95.67236, 29.95286], [-95.67328, 29.95349], [-95.67374, 29.95384], [-95.67515, 29.95481], [-95.6765, 29.95569], [-95.67686, 29.95591], [-95.67854, 29.957], [-95.67945, 29.95763], [-95.68036, 29.95823], [-95.68141, 29.95896], [-95.68302, 29.96001], [-95.6841, 29.96082], [-95.68457, 29.96115], [-95.68442, 29.96136], [-95.68441, 29.96342], [-95.68442, 29.96369], [-95.68537, 29.96431], [-95.68519, 29.96455], [-95.68494, 29.96438]]}, "properties": {"route_id": "219", "route_short_name": "219", "route_long_name": "Cypress / NW Station / W L York P&R", "route_type": 3, "route_color": "#004080"}}, {"type": "Feature", "geometry": {"type": "LineString", "coordinates": [[-95.74443, 29.77407], [-95.74404, 29.77407], [-95.74382, 29.77407], [-95.74364, 29.77423], [-95.74363, 29.77488], [-95.74297, 29.77489], [-95.7422, 29.77496], [-95.74132, 29.77515], [-95.74067, 29.77536], [-95.73923, 29.77594], [-95.73832, 29.77616], [-95.73778, 29.77623], [-95.73723, 29.77626], [-95.73648, 29.77624], [-95.7355, 29.77608], [-95.7355, 29.77936], [-95.73553, 29.78016], [-95.73566, 29.78106], [-95.73568, 29.78184], [-95.73568, 29.78482], [-95.73403, 29.7848], [-95.72962, 29.7848], [-95.72858, 29.78481], [-95.72648, 29.78472], [-95.72578, 29.78482], [-95.72386, 29.78486], [-95.72281, 29.78495], [-95.72165, 29.78493], [-95.71936, 29.78491], [-95.71685, 29.7849], [-95.71494, 29.7849], [-95.71089, 29.78495], [-95.70996, 29.78497], [-95.70866, 29.78506], [-95.70581, 29.78507], [-95.70227, 29.78504], [-95.69802, 29.78502], [-95.6904, 29.78488], [-95.68867, 29.78485], [-95.67937, 29.78487], [-95.67497, 29.78487], [-95.66637, 29.78488], [-95.66076, 29.78486], [-95.65018, 29.78479], [-95.64921, 29.78478], [-95.64502, 29.78477], [-95.64404, 29.78477], [-95.64229, 29.78475], [-95.62825, 29.78479], [-95.62567, 29.78481], [-95.62404, 29.78481], [-95.61965, 29.78478], [-95.61753, 29.78478], [-95.61693, 29.78478], [-95.61495, 29.78473], [-95.61326, 29.7847], [-95.61199, 29.7847], [-95.60781, 29.78473], [-95.6066, 29.78472], [-95.60388, 29.7847], [-95.60221, 29.7847], [-95.59859, 29.78468], [-95.59533, 29.78468], [-95.59317, 29.78469], [-95.59002, 29.78467], [-95.58816, 29.78466], [-95.58262, 29.78458], [-95.57793, 29.78459], [-95.57724, 29.7846], [-95.57586, 29.78458], [-95.57407, 29.78458], [-95.57117, 29.78454], [-95.56733, 29.78451], [-95.56444, 29.7845], [-95.56267, 29.78447], [-95.56091, 29.78446], [-95.55648, 29.78442], [-95.55203, 29.78436], [-95.54655, 29.78441], [-95.54409, 29.78445], [-95.54394, 29.78445], [-95.5428, 29.78445], [-95.53861, 29.78442], [-95.53661, 29.7844], [-95.53273, 29.7844], [-95.53211, 29.78441], [-95.52961, 29.78442], [-95.52317, 29.78432], [-95.51983, 29.78431], [-95.51935, 29.7843], [-95.51584, 29.78428], [-95.51389, 29.78431], [-95.51137, 29.78441], [-95.50977, 29.78446], [-95.50739, 29.78447], [-95.50383, 29.78445], [-95.50153, 29.78441], [-95.49993, 29.78435], [-95.49647, 29.78417], [-95.49552, 29.78413], [-95.49331, 29.78406], [-95.49194, 29.78404], [-95.4898, 29.78404], [-95.48783, 29.78405], [-95.48549, 29.784], [-95.48489, 29.78395], [-95.48172, 29.78375], [-95.48146, 29.78374], [-95.48089, 29.78367], [-95.47956, 29.78359], [-95.47877, 29.78343], [-95.47747, 29.78342], [-95.47575, 29.78345], [-95.47415, 29.78352], [-95.47073, 29.78378], [-95.46887, 29.78395], [-95.468, 29.78397], [-95.46627, 29.78399], [-95.46493, 29.78398], [-95.46255, 29.78395], [-95.46188, 29.78392], [-95.46121, 29.78386], [-95.45953, 29.78361], [-95.45858, 29.78333], [-95.45799, 29.78306], [-95.45744, 29.78275], [-95.45675, 29.78228], [-95.45591, 29.7817], [-95.45432, 29.78065], [-95.45365, 29.78018], [-95.45226, 29.77941], [-95.45156, 29.77913], [-95.45059, 29.77888], [-95.44963, 29.77879], [-95.44888, 29.77876], [-95.44511, 29.7788], [-95.4438, 29.7788], [-95.44283, 29.77877], [-95.44146, 29.77863], [-95.43532, 29.77808], [-95.43153, 29.7777], [-95.42923, 29.77745], [-95.42785, 29.7773], [-95.42688, 29.77723], [-95.4257, 29.77722], [-95.42446, 29.77726], [-95.42187, 29.77728], [-95.41818, 29.77733], [-95.41782, 29.77733], [-95.41145, 29.77741], [-95.40961, 29.77744], [-95.40865, 29.77742], [-95.40768, 29.77735], [-95.40703, 29.77728], [-95.40618, 29.77715], [-95.40303, 29.7766], [-95.40224, 29.77649], [-95.40129, 29.77642], [-95.4005, 29.77639], [-95.39972, 29.77639], [-95.39726, 29.77644], [-95.39705, 29.77645], [-95.38873, 29.77663], [-95.38858, 29.77663], [-95.38781, 29.77663], [-95.38687, 29.77663], [-95.3856, 29.77669], [-95.38496, 29.77675], [-95.38401, 29.77688], [-95.3831, 29.77706], [-95.38229, 29.77725], [-95.38118, 29.7776], [-95.38044, 29.77789], [-95.37861, 29.77854], [-95.37766, 29.77881], [-95.37722, 29.77889], [-95.37679, 29.77892], [-95.37584, 29.77887], [-95.37471, 29.77866], [-95.37406, 29.77848], [-95.37245, 29.77779], [-95.37094, 29.77713], [-95.37039, 29.77683], [-95.36991, 29.77648], [-95.36954, 29.77613], [-95.36894, 29.77536], [-95.36824, 29.77419], [-95.36798, 29.77389], [-95.36753, 29.77325], [-95.36701, 29.77257], [-95.36685, 29.77242], [-95.36617, 29.77132], [-95.36585, 29.77052], [-95.36578, 29.76996], [-95.36579, 29.76925], [-95.36592, 29.76867], [-95.36614, 29.76808], [-95.36675, 29.76673], [-95.36699, 29.76619], [-95.36732, 29.76555], [-95.3678, 29.76492], [-95.36809, 29.76464], [-95.36844, 29.76437], [-95.36895, 29.76409], [-95.36946, 29.76385], [-95.36994, 29.76363], [-95.37033, 29.76355], [-95.3706, 29.76345], [-95.3721, 29.763], [-95.37268, 29.76276], [-95.3734, 29.76234], [-95.37383, 29.76195], [-95.37425, 29.76148], [-95.37454, 29.76101], [-95.37474, 29.76062], [-95.37492, 29.76001], [-95.37498, 29.75949], [-95.37499, 29.75776], [-95.37493, 29.75554], [-95.37491, 29.75411], [-95.37494, 29.75357], [-95.37522, 29.75244], [-95.37512, 29.75208], [-95.37465, 29.75179], [-95.3743, 29.75158], [-95.37344, 29.75107], [-95.37288, 29.7518], [-95.37269, 29.75204], [-95.37238, 29.75245]]}, "properties": {"route_id": "221", "route_short_name": "221", "route_long_name": "Kingsland P&R", "route_type": 3, "route_color": "#004080"}}, {"type": "Feature", "geometry": {"type": "LineString", "coordinates": [[-95.7763, 29.78779], [-95.77629, 29.78793], [-95.77656, 29.78798], [-95.77673, 29.78813], [-95.77663, 29.78881], [-95.77585, 29.78886], [-95.7754, 29.78895], [-95.77482, 29.78923], [-95.7743, 29.78932], [-95.77389, 29.78935], [-95.77376, 29.7889], [-95.77364, 29.78865], [-95.77316, 29.78806], [-95.77265, 29.7877], [-95.772, 29.78746], [-95.77061, 29.78725], [-95.77059, 29.78587], [-95.77526, 29.7859], [-95.77617, 29.78591], [-95.77648, 29.78579], [-95.77659, 29.78559], [-95.77659, 29.78512], [-95.77649, 29.78484], [-95.77628, 29.78474], [-95.77517, 29.78473], [-95.77326, 29.78475], [-95.77183, 29.78481], [-95.77085, 29.78488], [-95.76687, 29.78497], [-95.76507, 29.78498], [-95.7631, 29.78497], [-95.76255, 29.78495], [-95.7615, 29.78495], [-95.76107, 29.78492], [-95.75884, 29.78487], [-95.75772, 29.78482], [-95.75732, 29.78478], [-95.75427, 29.78492], [-95.75344, 29.78503], [-95.75199, 29.78503], [-95.74935, 29.78503], [-95.74541, 29.78505], [-95.74371, 29.78509], [-95.74297, 29.78518], [-95.74157, 29.78521], [-95.73584, 29.78521], [-95.7355, 29.78521], [-95.72761, 29.78514], [-95.72599, 29.78511], [-95.72225, 29.78503], [-95.71936, 29.78501], [-95.7179, 29.78501], [-95.70866, 29.78506], [-95.70581, 29.78507], [-95.70227, 29.78504], [-95.69802, 29.78502], [-95.6904, 29.78488], [-95.68867, 29.78485], [-95.67937, 29.78487], [-95.67497, 29.78487], [-95.66637, 29.78488], [-95.66076, 29.78486], [-95.65018, 29.78479], [-95.64921, 29.78478], [-95.64502, 29.78477], [-95.64404, 29.78477], [-95.64229, 29.78475], [-95.62825, 29.78479], [-95.62567, 29.78481], [-95.62404, 29.78481], [-95.61965, 29.78478], [-95.61753, 29.78478], [-95.61693, 29.78478], [-95.61495, 29.78473], [-95.61326, 29.7847], [-95.61199, 29.7847], [-95.60781, 29.78473], [-95.6066, 29.78472], [-95.60388, 29.7847], [-95.60221, 29.7847], [-95.59859, 29.78468], [-95.59533, 29.78468], [-95.59317, 29.78469], [-95.59002, 29.78467], [-95.58816, 29.78466], [-95.58262, 29.78458], [-95.57793, 29.78459], [-95.57724, 29.7846], [-95.57586, 29.78458], [-95.57407, 29.78458], [-95.57117, 29.78454], [-95.56733, 29.78451], [-95.56444, 29.7845], [-95.56267, 29.78447], [-95.56091, 29.78446], [-95.55648, 29.78442], [-95.55203, 29.78436], [-95.54655, 29.78441], [-95.54409, 29.78445], [-95.54394, 29.78445], [-95.5428, 29.78445], [-95.53861, 29.78442], [-95.53661, 29.7844], [-95.53273, 29.7844], [-95.53211, 29.78441], [-95.52961, 29.78442], [-95.52317, 29.78432], [-95.51983, 29.78431], [-95.51935, 29.7843], [-95.51584, 29.78428], [-95.51389, 29.78431], [-95.51137, 29.78441], [-95.50977, 29.78446], [-95.50739, 29.78447], [-95.50383, 29.78445], [-95.50153, 29.78441], [-95.49993, 29.78435], [-95.49647, 29.78417], [-95.49552, 29.78413], [-95.49331, 29.78406], [-95.49194, 29.78404], [-95.4898, 29.78404], [-95.48783, 29.78405], [-95.48549, 29.784], [-95.48489, 29.78395], [-95.48172, 29.78375], [-95.48146, 29.78374], [-95.48089, 29.78367], [-95.47956, 29.78359], [-95.47877, 29.78343], [-95.47747, 29.78342], [-95.47575, 29.78345], [-95.47415, 29.78352], [-95.47073, 29.78378], [-95.46887, 29.78395], [-95.468, 29.78397], [-95.46627, 29.78399], [-95.46493, 29.78398], [-95.46255, 29.78395], [-95.46188, 29.78392], [-95.46121, 29.78386], [-95.45953, 29.78361], [-95.45858, 29.78333], [-95.45799, 29.78306], [-95.45744, 29.78275], [-95.45675, 29.78228], [-95.45591, 29.7817], [-95.45432, 29.78065], [-95.45365, 29.78018], [-95.45226, 29.77941], [-95.45156, 29.77913], [-95.45059, 29.77888], [-95.44963, 29.77879], [-95.44888, 29.77876], [-95.44511, 29.7788], [-95.4438, 29.7788], [-95.44283, 29.77877], [-95.44146, 29.77863], [-95.43532, 29.77808], [-95.43153, 29.7777], [-95.42923, 29.77745], [-95.42785, 29.7773], [-95.42688, 29.77723], [-95.4257, 29.77722], [-95.42446, 29.77726], [-95.42187, 29.77728], [-95.41818, 29.77733], [-95.41782, 29.77733], [-95.41145, 29.77741], [-95.40961, 29.77744], [-95.40865, 29.77742], [-95.40768, 29.77735], [-95.40703, 29.77728], [-95.40618, 29.77715], [-95.40303, 29.7766], [-95.40224, 29.77649], [-95.40129, 29.77642], [-95.4005, 29.77639], [-95.39972, 29.77639], [-95.39726, 29.77644], [-95.39705, 29.77645], [-95.38873, 29.77663], [-95.38858, 29.77663], [-95.38781, 29.77663], [-95.38687, 29.77663], [-95.3856, 29.77669], [-95.38496, 29.77675], [-95.38401, 29.77688], [-95.3831, 29.77706], [-95.38229, 29.77725], [-95.38118, 29.7776], [-95.38044, 29.77789], [-95.37861, 29.77854], [-95.37766, 29.77881], [-95.37722, 29.77889], [-95.37679, 29.77892], [-95.37584, 29.77887], [-95.37471, 29.77866], [-95.37406, 29.77848], [-95.37245, 29.77779], [-95.37094, 29.77713], [-95.37039, 29.77683], [-95.36991, 29.77648], [-95.36954, 29.77613], [-95.36894, 29.77536], [-95.36824, 29.77419], [-95.36798, 29.77389], [-95.36753, 29.77325], [-95.36701, 29.77257], [-95.36685, 29.77242], [-95.36617, 29.77132], [-95.36585, 29.77052], [-95.36578, 29.76996], [-95.36579, 29.76925], [-95.36592, 29.76867], [-95.36614, 29.76808], [-95.36675, 29.76673], [-95.36699, 29.76619], [-95.36732, 29.76555], [-95.3678, 29.76492], [-95.36809, 29.76464], [-95.36844, 29.76437], [-95.36895, 29.76409], [-95.36946, 29.76385], [-95.36994, 29.76363], [-95.37033, 29.76355], [-95.3706, 29.76345], [-95.3721, 29.763], [-95.37268, 29.76276], [-95.3734, 29.76234], [-95.37383, 29.76195], [-95.37425, 29.76148], [-95.37454, 29.76101], [-95.37474, 29.76062], [-95.37492, 29.76001], [-95.37498, 29.75949], [-95.37499, 29.75776], [-95.37493, 29.75554], [-95.37491, 29.75411], [-95.37494, 29.75357], [-95.37522, 29.75244], [-95.37512, 29.75208], [-95.37465, 29.75179], [-95.3743, 29.75158], [-95.37344, 29.75107], [-95.3726, 29.75052], [-95.37171, 29.75002], [-95.37123, 29.75063]]}, "properties": {"route_id": "222", "route_short_name": "222", "route_long_name": "Grand Parkway P&R", "route_type": 3, "route_color": "#004080"}}, {"type": "Feature", "geometry": {"type": "LineString", "coordinates": [[-95.63835, 29.78754], [-95.63784, 29.78754], [-95.63778, 29.78781], [-95.63789, 29.78784], [-95.63896, 29.78782], [-95.63896, 29.78825], [-95.6384, 29.78819], [-95.63691, 29.78824], [-95.63557, 29.78824], [-95.63026, 29.78831], [-95.62917, 29.78828], [-95.62826, 29.78812], [-95.6265, 29.78762], [-95.62598, 29.78753], [-95.62506, 29.78746], [-95.6245, 29.78748], [-95.62337, 29.78762], [-95.62289, 29.78765], [-95.62078, 29.78765], [-95.61982, 29.7876], [-95.61864, 29.7874], [-95.61683, 29.78739], [-95.61633, 29.7873], [-95.6158, 29.78709], [-95.61527, 29.78672], [-95.61472, 29.78612], [-95.61424, 29.7858], [-95.61396, 29.78569], [-95.6135, 29.78558], [-95.61303, 29.78555], [-95.61262, 29.78559], [-95.61205, 29.78576], [-95.61025, 29.78682], [-95.60989, 29.78695], [-95.6093, 29.78703], [-95.60787, 29.78701], [-95.60745, 29.7869], [-95.60722, 29.78679], [-95.60681, 29.78637], [-95.60666, 29.78608], [-95.6066, 29.78532], [-95.61043, 29.78532], [-95.61211, 29.78535], [-95.61734, 29.78537], [-95.61753, 29.7852], [-95.61753, 29.7849], [-95.61753, 29.78478], [-95.61753, 29.78449], [-95.61727, 29.78433], [-95.61217, 29.78429], [-95.61099, 29.78439], [-95.60951, 29.78446], [-95.60876, 29.78447], [-95.6075, 29.78456], [-95.60659, 29.78456], [-95.60454, 29.78454], [-95.60352, 29.78454], [-95.60167, 29.7845], [-95.59881, 29.78447], [-95.59688, 29.78447], [-95.59555, 29.78449], [-95.59446, 29.78462], [-95.59386, 29.78462], [-95.59317, 29.78469], [-95.59002, 29.78467], [-95.58816, 29.78466], [-95.58262, 29.78458], [-95.57793, 29.78459], [-95.57724, 29.7846], [-95.57586, 29.78458], [-95.57407, 29.78458], [-95.57117, 29.78454], [-95.56733, 29.78451], [-95.56444, 29.7845], [-95.56267, 29.78447], [-95.56091, 29.78446], [-95.55648, 29.78442], [-95.55203, 29.78436], [-95.54655, 29.78441], [-95.54409, 29.78445], [-95.54394, 29.78445], [-95.5428, 29.78445], [-95.53861, 29.78442], [-95.53661, 29.7844], [-95.53273, 29.7844], [-95.53211, 29.78441], [-95.52961, 29.78442], [-95.52317, 29.78432], [-95.51983, 29.78431], [-95.51935, 29.7843], [-95.51584, 29.78428], [-95.51389, 29.78431], [-95.51137, 29.78441], [-95.50977, 29.78446], [-95.50739, 29.78447], [-95.50383, 29.78445], [-95.50153, 29.78441], [-95.49993, 29.78435], [-95.49647, 29.78417], [-95.49552, 29.78413], [-95.49331, 29.78406], [-95.49194, 29.78404], [-95.4898, 29.78404], [-95.48783, 29.78405], [-95.48549, 29.784], [-95.48489, 29.78395], [-95.48172, 29.78375], [-95.48146, 29.78374], [-95.48089, 29.78367], [-95.47956, 29.78359], [-95.47877, 29.78343], [-95.47747, 29.78342], [-95.47575, 29.78345], [-95.47415, 29.78352], [-95.47073, 29.78378], [-95.46887, 29.78395], [-95.468, 29.78397], [-95.46627, 29.78399], [-95.46493, 29.78398], [-95.46255, 29.78395], [-95.46188, 29.78392], [-95.46121, 29.78386], [-95.45953, 29.78361], [-95.45858, 29.78333], [-95.45799, 29.78306], [-95.45744, 29.78275], [-95.45675, 29.78228], [-95.45591, 29.7817], [-95.45432, 29.78065], [-95.45365, 29.78018], [-95.45226, 29.77941], [-95.45156, 29.77913], [-95.45059, 29.77888], [-95.44963, 29.77879], [-95.44888, 29.77876], [-95.44511, 29.7788], [-95.4438, 29.7788], [-95.44283, 29.77877], [-95.44146, 29.77863], [-95.43532, 29.77808], [-95.43153, 29.7777], [-95.42923, 29.77745], [-95.42785, 29.7773], [-95.42688, 29.77723], [-95.4257, 29.77722], [-95.42446, 29.77726], [-95.42187, 29.77728], [-95.41818, 29.77733], [-95.41782, 29.77733], [-95.41145, 29.77741], [-95.40961, 29.77744], [-95.40865, 29.77742], [-95.40768, 29.77735], [-95.40703, 29.77728], [-95.40618, 29.77715], [-95.40303, 29.7766], [-95.40224, 29.77649], [-95.40129, 29.77642], [-95.4005, 29.77639], [-95.39972, 29.77639], [-95.39726, 29.77644], [-95.39705, 29.77645], [-95.38873, 29.77663], [-95.38858, 29.77663], [-95.38781, 29.77663], [-95.38687, 29.77663], [-95.3856, 29.77669], [-95.38496, 29.77675], [-95.38401, 29.77688], [-95.3831, 29.77706], [-95.38229, 29.77725], [-95.38118, 29.7776], [-95.38044, 29.77789], [-95.37861, 29.77854], [-95.37766, 29.77881], [-95.37722, 29.77889], [-95.37679, 29.77892], [-95.37584, 29.77887], [-95.37471, 29.77866], [-95.37406, 29.77848], [-95.37245, 29.77779], [-95.37094, 29.77713], [-95.37039, 29.77683], [-95.36991, 29.77648], [-95.36954, 29.77613], [-95.36894, 29.77536], [-95.36824, 29.77419], [-95.36798, 29.77389], [-95.36753, 29.77325], [-95.36701, 29.77257], [-95.36685, 29.77242], [-95.36617, 29.77132], [-95.36585, 29.77052], [-95.36578, 29.76996], [-95.36579, 29.76925], [-95.36592, 29.76867], [-95.36614, 29.76808], [-95.36675, 29.76673], [-95.36699, 29.76619], [-95.36732, 29.76555], [-95.3678, 29.76492], [-95.36809, 29.76464], [-95.36844, 29.76437], [-95.36895, 29.76409], [-95.36946, 29.76385], [-95.36994, 29.76363], [-95.37033, 29.76355], [-95.3706, 29.76345], [-95.3721, 29.763], [-95.37268, 29.76276], [-95.3734, 29.76234], [-95.37383, 29.76195], [-95.37425, 29.76148], [-95.37454, 29.76101], [-95.37474, 29.76062], [-95.37492, 29.76001], [-95.37498, 29.75949], [-95.37499, 29.75776], [-95.37493, 29.75554], [-95.37491, 29.75411], [-95.37494, 29.75357], [-95.37522, 29.75244], [-95.37512, 29.75208], [-95.37465, 29.75179], [-95.3743, 29.75158], [-95.37344, 29.75107], [-95.37288, 29.7518], [-95.37269, 29.75204], [-95.37238, 29.75244]]}, "properties": {"route_id": "228", "route_short_name": "228", "route_long_name": "Addicks P&R", "route_type": 3, "route_color": "#004080"}}, {"type": "Feature", "geometry": {"type": "LineString", "coordinates": [[-95.7763, 29.78779], [-95.77629, 29.78793], [-95.77656, 29.78798], [-95.77673, 29.78813], [-95.77663, 29.78881], [-95.77585, 29.78886], [-95.7754, 29.78895], [-95.77482, 29.78923], [-95.7743, 29.78932], [-95.77389, 29.78935], [-95.77376, 29.7889], [-95.77364, 29.78865], [-95.77316, 29.78806], [-95.77265, 29.7877], [-95.772, 29.78746], [-95.77061, 29.78725], [-95.76906, 29.78725], [-95.76857, 29.78731], [-95.76812, 29.78744], [-95.76759, 29.78768], [-95.76711, 29.78796], [-95.76667, 29.78833], [-95.76649, 29.78856], [-95.76632, 29.78894], [-95.76627, 29.78925], [-95.76627, 29.78997], [-95.76324, 29.78996], [-95.76284, 29.78998], [-95.76217, 29.79007], [-95.76095, 29.79029], [-95.76039, 29.79035], [-95.75926, 29.7904], [-95.75805, 29.79032], [-95.75727, 29.79015], [-95.75508, 29.78951], [-95.754, 29.78932], [-95.75322, 29.78928], [-95.75197, 29.78928], [-95.75195, 29.7881], [-95.75199, 29.78575], [-95.75199, 29.78503], [-95.752, 29.78463], [-95.75195, 29.7836], [-95.75192, 29.78153], [-95.75193, 29.78066], [-95.75188, 29.77858], [-95.75186, 29.77742], [-95.75185, 29.77463], [-95.74894, 29.77465], [-95.74828, 29.77469], [-95.74657, 29.77486], [-95.74613, 29.77487], [-95.74363, 29.77488], [-95.74364, 29.77423], [-95.74382, 29.77407], [-95.74404, 29.77407], [-95.74463, 29.77443], [-95.74482, 29.77432], [-95.74481, 29.77414], [-95.74469, 29.77407], [-95.74404, 29.77407], [-95.74382, 29.77407], [-95.74364, 29.77423], [-95.74363, 29.77488], [-95.74297, 29.77489], [-95.7422, 29.77496], [-95.74132, 29.77515], [-95.74067, 29.77536], [-95.73923, 29.77594], [-95.73832, 29.77616], [-95.73778, 29.77623], [-95.73723, 29.77626], [-95.73648, 29.77624], [-95.7355, 29.77608], [-95.7355, 29.77936], [-95.73553, 29.78016], [-95.73566, 29.78106], [-95.73568, 29.78184], [-95.73568, 29.78482], [-95.73403, 29.7848], [-95.72962, 29.7848], [-95.72858, 29.78481], [-95.72648, 29.78472], [-95.72578, 29.78482], [-95.72386, 29.78486], [-95.72281, 29.78495], [-95.72165, 29.78493], [-95.71936, 29.78491], [-95.71685, 29.7849], [-95.71494, 29.7849], [-95.71089, 29.78495], [-95.70996, 29.78497], [-95.70866, 29.78506], [-95.70581, 29.78507], [-95.70227, 29.78504], [-95.69802, 29.78502], [-95.6904, 29.78488], [-95.68867, 29.78485], [-95.67937, 29.78487], [-95.67497, 29.78487], [-95.66637, 29.78488], [-95.66076, 29.78486], [-95.65018, 29.78479], [-95.64921, 29.78478], [-95.64502, 29.78477], [-95.64404, 29.78477], [-95.64229, 29.78475], [-95.64153, 29.78483], [-95.63913, 29.78487], [-95.63693, 29.78489], [-95.63574, 29.78486], [-95.63574, 29.78498], [-95.63571, 29.78557], [-95.63556, 29.7859], [-95.63549, 29.78637], [-95.63545, 29.78738], [-95.63548, 29.78766], [-95.63571, 29.78796], [-95.63603, 29.78808], [-95.63658, 29.78805], [-95.6384, 29.78803], [-95.63872, 29.78795], [-95.63896, 29.78782], [-95.63887, 29.78754], [-95.63784, 29.78754], [-95.63778, 29.78781], [-95.63789, 29.78784], [-95.63896, 29.78782], [-95.63872, 29.78795], [-95.6384, 29.78803], [-95.63658, 29.78805], [-95.63611, 29.78797], [-95.63587, 29.78778], [-95.63576, 29.78759], [-95.63575, 29.78737], [-95.63581, 29.78591], [-95.63571, 29.78557], [-95.63574, 29.78498], [-95.63574, 29.78486], [-95.63444, 29.78485], [-95.63347, 29.78486], [-95.6306, 29.78485], [-95.62945, 29.78484], [-95.62825, 29.78479], [-95.62567, 29.78481], [-95.62404, 29.78481], [-95.61965, 29.78478], [-95.61753, 29.78478], [-95.61693, 29.78478], [-95.61495, 29.78473], [-95.61326, 29.7847], [-95.61199, 29.7847], [-95.60781, 29.78473], [-95.6066, 29.78472], [-95.60388, 29.7847], [-95.60221, 29.7847], [-95.59859, 29.78468], [-95.59533, 29.78468], [-95.59317, 29.78469], [-95.59002, 29.78467], [-95.58816, 29.78466], [-95.58262, 29.78458], [-95.57793, 29.78459], [-95.57724, 29.7846], [-95.57586, 29.78458], [-95.57407, 29.78458], [-95.57117, 29.78454], [-95.56733, 29.78451], [-95.56444, 29.7845], [-95.56267, 29.78447], [-95.56091, 29.78446], [-95.55648, 29.78442], [-95.55203, 29.78436], [-95.54655, 29.78441], [-95.54409, 29.78445], [-95.54394, 29.78445], [-95.5428, 29.78445], [-95.53861, 29.78442], [-95.53661, 29.7844], [-95.53273, 29.7844], [-95.53211, 29.78441], [-95.52961, 29.78442], [-95.52317, 29.78432], [-95.51983, 29.78431], [-95.51935, 29.7843], [-95.51584, 29.78428], [-95.51389, 29.78431], [-95.51137, 29.78441], [-95.50977, 29.78446], [-95.50739, 29.78447], [-95.50383, 29.78445], [-95.50153, 29.78441], [-95.49993, 29.78435], [-95.49647, 29.78417], [-95.49552, 29.78413], [-95.49331, 29.78406], [-95.49194, 29.78404], [-95.4898, 29.78404], [-95.48783, 29.78405], [-95.48549, 29.784], [-95.48489, 29.78395], [-95.48172, 29.78375], [-95.48146, 29.78374], [-95.48089, 29.78367], [-95.47956, 29.78359], [-95.47877, 29.78343], [-95.47747, 29.78342], [-95.47575, 29.78345], [-95.47415, 29.78352], [-95.47073, 29.78378], [-95.46887, 29.78395], [-95.468, 29.78397], [-95.46627, 29.78399], [-95.46493, 29.78398], [-95.46255, 29.78395], [-95.46188, 29.78392], [-95.46121, 29.78386], [-95.45953, 29.78361], [-95.45858, 29.78333], [-95.45799, 29.78306], [-95.45744, 29.78275], [-95.45675, 29.78228], [-95.45591, 29.7817], [-95.45432, 29.78065], [-95.45365, 29.78018], [-95.45226, 29.77941], [-95.45156, 29.77913], [-95.45059, 29.77888], [-95.44963, 29.77879], [-95.44888, 29.77876], [-95.44511, 29.7788], [-95.4438, 29.7788], [-95.44283, 29.77877], [-95.44146, 29.77863], [-95.43532, 29.77808], [-95.43153, 29.7777], [-95.42923, 29.77745], [-95.42785, 29.7773], [-95.42688, 29.77723], [-95.4257, 29.77722], [-95.42446, 29.77726], [-95.42187, 29.77728], [-95.41818, 29.77733], [-95.41782, 29.77733], [-95.41145, 29.77741], [-95.40961, 29.77744], [-95.40865, 29.77742], [-95.40768, 29.77735], [-95.40703, 29.77728], [-95.40618, 29.77715], [-95.40303, 29.7766], [-95.40224, 29.77649], [-95.40129, 29.77642], [-95.4005, 29.77639], [-95.39972, 29.77639], [-95.39726, 29.77644], [-95.39705, 29.77645], [-95.38873, 29.77663], [-95.38858, 29.77663], [-95.38781, 29.77663], [-95.38736, 29.77673], [-95.38677, 29.77675], [-95.38566, 29.77682], [-95.38481, 29.77691], [-95.38453, 29.77697], [-95.38366, 29.77712], [-95.38227, 29.77743], [-95.38116, 29.77777], [-95.38043, 29.77801], [-95.37943, 29.7784], [-95.37819, 29.77882], [-95.37765, 29.77895], [-95.37709, 29.77902], [-95.37653, 29.77905], [-95.37597, 29.77904], [-95.37485, 29.77888], [-95.37378, 29.7786], [-95.37244, 29.77817], [-95.37132, 29.77781], [-95.37064, 29.77756], [-95.37001, 29.77722], [-95.36928, 29.77669], [-95.36905, 29.7765], [-95.36874, 29.77622], [-95.36823, 29.77552], [-95.36802, 29.77514], [-95.36721, 29.77383], [-95.3666, 29.77281], [-95.36643, 29.77244], [-95.36628, 29.772], [-95.36617, 29.77132], [-95.36618, 29.77065], [-95.36623, 29.77034], [-95.36651, 29.76932], [-95.36699, 29.76769], [-95.36706, 29.76732], [-95.36709, 29.7668], [-95.36725, 29.76611], [-95.36732, 29.76555], [-95.36727, 29.76508], [-95.36663, 29.76471], [-95.36572, 29.76413], [-95.36478, 29.76357], [-95.36538, 29.76281], [-95.3666, 29.76128], [-95.36718, 29.76052], [-95.36728, 29.7604], [-95.36777, 29.75978], [-95.36815, 29.75931], [-95.36896, 29.75829], [-95.36955, 29.75752], [-95.36999, 29.75698], [-95.37128, 29.75532], [-95.37154, 29.75501], [-95.37251, 29.75377], [-95.37308, 29.75305], [-95.37369, 29.75227], [-95.3743, 29.75158], [-95.37344, 29.75107], [-95.37288, 29.7518], [-95.37269, 29.75204], [-95.37238, 29.75244]]}, "properties": {"route_id": "229", "route_short_name": "229", "route_long_name": "Grand Parkway / Kingsland / Addicks", "route_type": 3, "route_color": "#004080"}}, {"type": "Feature", "geometry": {"type": "LineString", "coordinates": [[-95.09187, 29.79001], [-95.09228, 29.78988], [-95.09506, 29.78896], [-95.09951, 29.7875], [-95.10057, 29.78714], [-95.10484, 29.78573], [-95.10676, 29.78511], [-95.10799, 29.78467], [-95.10871, 29.78439], [-95.11054, 29.78361], [-95.11199, 29.78301], [-95.11536, 29.78158], [-95.11741, 29.78072], [-95.11848, 29.78026], [-95.12064, 29.77936], [-95.12185, 29.77892], [-95.12276, 29.77864], [-95.12409, 29.77831], [-95.1295, 29.77699], [-95.13061, 29.77673], [-95.13185, 29.77642], [-95.13436, 29.77581], [-95.13537, 29.77559], [-95.13654, 29.7753], [-95.13872, 29.77478], [-95.14003, 29.77445], [-95.14366, 29.77357], [-95.1454, 29.77313], [-95.15086, 29.77181], [-95.15231, 29.77149], [-95.15329, 29.77133], [-95.1546, 29.77117], [-95.15549, 29.77113], [-95.15868, 29.77107], [-95.15968, 29.77103], [-95.16111, 29.77101], [-95.16157, 29.77102], [-95.16304, 29.77099], [-95.16507, 29.77098], [-95.16766, 29.77094], [-95.17121, 29.77087], [-95.17478, 29.77079], [-95.17761, 29.77071], [-95.17926, 29.77067], [-95.18193, 29.77062], [-95.18306, 29.77063], [-95.18646, 29.77078], [-95.18854, 29.77086], [-95.18962, 29.77091], [-95.19345, 29.77122], [-95.19587, 29.7714], [-95.19803, 29.77158], [-95.19953, 29.77166], [-95.20094, 29.77164], [-95.2038, 29.77183], [-95.20766, 29.77161], [-95.20919, 29.77145], [-95.21301, 29.77108], [-95.21372, 29.77099], [-95.21379, 29.77131], [-95.21398, 29.77162], [-95.21428, 29.77194], [-95.21504, 29.77256], [-95.21544, 29.7728], [-95.21746, 29.77464], [-95.21793, 29.77521], [-95.21814, 29.77558], [-95.21837, 29.77612], [-95.21851, 29.77682], [-95.21854, 29.77736], [-95.21855, 29.77868], [-95.21864, 29.78268], [-95.21866, 29.78387], [-95.21804, 29.78387], [-95.21773, 29.78388], [-95.21762, 29.78397], [-95.21762, 29.78435], [-95.21762, 29.78457], [-95.21794, 29.78468], [-95.21804, 29.78448], [-95.21804, 29.78387], [-95.21866, 29.78387], [-95.21864, 29.78268], [-95.21855, 29.77868], [-95.21854, 29.77736], [-95.21851, 29.77682], [-95.21837, 29.77612], [-95.21814, 29.77558], [-95.21793, 29.77521], [-95.21746, 29.77464], [-95.21544, 29.7728], [-95.215, 29.77227], [-95.21449, 29.77175], [-95.214, 29.77131], [-95.21441, 29.77094], [-95.21474, 29.7709], [-95.21649, 29.77078], [-95.21834, 29.77072], [-95.21951, 29.77072], [-95.22024, 29.77075], [-95.22082, 29.77082], [-95.2218, 29.77102], [-95.22618, 29.772], [-95.22671, 29.77211], [-95.22851, 29.77252], [-95.22974, 29.77266], [-95.23065, 29.77281], [-95.23123, 29.77285], [-95.23274, 29.77318], [-95.23371, 29.77341], [-95.23522, 29.77373], [-95.23618, 29.77386], [-95.23725, 29.77389], [-95.2408, 29.77385], [-95.24279, 29.77384], [-95.2499, 29.77376], [-95.25126, 29.77378], [-95.25246, 29.77388], [-95.25314, 29.77396], [-95.25418, 29.77413], [-95.25886, 29.77487], [-95.26321, 29.77557], [-95.2651, 29.77587], [-95.26681, 29.77617], [-95.27076, 29.77681], [-95.27134, 29.77693], [-95.27198, 29.77701], [-95.27297, 29.77718], [-95.27534, 29.77755], [-95.27724, 29.77787], [-95.27805, 29.77799], [-95.27911, 29.77812], [-95.28006, 29.77818], [-95.28405, 29.77812], [-95.2864, 29.77809], [-95.28693, 29.77807], [-95.28858, 29.77805], [-95.28991, 29.77803], [-95.29113, 29.77793], [-95.29184, 29.77779], [-95.29261, 29.7776], [-95.29373, 29.7772], [-95.29523, 29.77656], [-95.29661, 29.77602], [-95.29841, 29.77525], [-95.29923, 29.77494], [-95.29981, 29.77475], [-95.30102, 29.77448], [-95.30194, 29.77438], [-95.30309, 29.77435], [-95.30679, 29.77437], [-95.30915, 29.77437], [-95.3105, 29.77438], [-95.31232, 29.77438], [-95.31281, 29.77437], [-95.31515, 29.77439], [-95.31556, 29.77439], [-95.32073, 29.77439], [-95.32159, 29.77434], [-95.32222, 29.77427], [-95.32311, 29.77409], [-95.32405, 29.77381], [-95.32478, 29.77355], [-95.32631, 29.77296], [-95.32652, 29.77287], [-95.32783, 29.77238], [-95.33054, 29.77132], [-95.33544, 29.76944], [-95.33589, 29.7693], [-95.33646, 29.76917], [-95.3368, 29.76913], [-95.338, 29.76911], [-95.33891, 29.76903], [-95.3395, 29.76903], [-95.34047, 29.76902], [-95.34136, 29.76897], [-95.34167, 29.76893], [-95.34248, 29.76884], [-95.34294, 29.76875], [-95.34342, 29.76858], [-95.34394, 29.76843], [-95.34555, 29.76783], [-95.34679, 29.76728], [-95.34741, 29.76695], [-95.34818, 29.76638], [-95.34869, 29.76588], [-95.34926, 29.76518], [-95.34959, 29.76461], [-95.34982, 29.76403], [-95.34991, 29.76379], [-95.35005, 29.76315], [-95.35019, 29.76289], [-95.35037, 29.76213], [-95.35057, 29.76131], [-95.35077, 29.76062], [-95.35097, 29.76018], [-95.35179, 29.7591], [-95.35238, 29.75834], [-95.35298, 29.7576], [-95.35369, 29.75804], [-95.3547, 29.75863], [-95.35553, 29.75914], [-95.35595, 29.7594], [-95.35609, 29.75949], [-95.35643, 29.7597], [-95.35788, 29.76057], [-95.35899, 29.76122], [-95.35987, 29.76175], [-95.3602, 29.76194], [-95.36076, 29.76226], [-95.36084, 29.7623], [-95.36163, 29.7628], [-95.36246, 29.7633], [-95.36305, 29.76255], [-95.36432, 29.76098], [-95.36524, 29.75977], [-95.36547, 29.75949], [-95.36571, 29.75921], [-95.36666, 29.758], [-95.36722, 29.75725], [-95.36778, 29.75653], [-95.3684, 29.75577], [-95.36863, 29.75552], [-95.37021, 29.75356], [-95.37139, 29.75202], [-95.372, 29.75127], [-95.37234, 29.75147], [-95.37264, 29.75165]]}, "properties": {"route_id": "236", "route_short_name": "236", "route_long_name": "Maxey P&R", "route_type": 3, "route_color": "#004080"}}, {"type": "Feature", "geometry": {"type": "LineString", "coordinates": [[-94.97973, 29.79802], [-94.97939, 29.7981], [-94.97812, 29.79866], [-94.97776, 29.79889], [-94.97751, 29.79922], [-94.97738, 29.79963], [-94.97741, 29.79996], [-94.97765, 29.80086], [-94.97799, 29.8024], [-94.98134, 29.80182], [-94.9815, 29.80306], [-94.98164, 29.80427], [-94.98169, 29.80432], [-94.9818, 29.80501], [-94.98217, 29.80496], [-94.98385, 29.80466], [-94.9847, 29.80444], [-94.98651, 29.80411], [-94.9879, 29.80378], [-94.9884, 29.80371], [-94.99214, 29.80312], [-94.99265, 29.80305], [-94.99444, 29.80276], [-94.99694, 29.80237], [-95.00303, 29.80143], [-95.00418, 29.80124], [-95.0069, 29.80082], [-95.00853, 29.80056], [-95.01005, 29.80033], [-95.01135, 29.80019], [-95.01229, 29.80014], [-95.0153, 29.80009], [-95.0184, 29.80002], [-95.01969, 29.8], [-95.02181, 29.79995], [-95.02224, 29.79995], [-95.02453, 29.79989], [-95.02501, 29.79985], [-95.02571, 29.79974], [-95.02653, 29.79957], [-95.02727, 29.79935], [-95.03186, 29.79764], [-95.03249, 29.79743], [-95.03333, 29.79709], [-95.03681, 29.79579], [-95.03969, 29.79473], [-95.047, 29.792], [-95.04782, 29.79168], [-95.04894, 29.79127], [-95.05008, 29.79094], [-95.05108, 29.79072], [-95.05163, 29.79062], [-95.05254, 29.79051], [-95.05363, 29.79045], [-95.05459, 29.79046], [-95.05537, 29.79053], [-95.05618, 29.79067], [-95.05688, 29.79085], [-95.05745, 29.79103], [-95.05877, 29.79154], [-95.06182, 29.79293], [-95.06336, 29.79361], [-95.0656, 29.79463], [-95.0663, 29.7949], [-95.06691, 29.79509], [-95.06776, 29.79528], [-95.0688, 29.79541], [-95.0695, 29.79544], [-95.07043, 29.7954], [-95.07152, 29.79524], [-95.07264, 29.79494], [-95.07427, 29.79436], [-95.07574, 29.79382], [-95.07843, 29.79287], [-95.08074, 29.79204], [-95.08169, 29.79173], [-95.08291, 29.79141], [-95.08431, 29.79115], [-95.08535, 29.79102], [-95.08729, 29.79084], [-95.08856, 29.79071], [-95.08918, 29.79062], [-95.09012, 29.79045], [-95.09067, 29.79033], [-95.09188, 29.79001], [-95.09228, 29.78988], [-95.09506, 29.78896], [-95.09951, 29.7875], [-95.10057, 29.78714], [-95.10484, 29.78573], [-95.10676, 29.78511], [-95.10799, 29.78467], [-95.10871, 29.78439], [-95.11054, 29.78361], [-95.11199, 29.78301], [-95.11536, 29.78158], [-95.11741, 29.78072], [-95.11848, 29.78026], [-95.12064, 29.77936], [-95.12185, 29.77892], [-95.12276, 29.77864], [-95.12409, 29.77831], [-95.1295, 29.77699], [-95.13061, 29.77673], [-95.13185, 29.77642], [-95.13436, 29.77581], [-95.13537, 29.77559], [-95.13654, 29.7753], [-95.13872, 29.77478], [-95.14003, 29.77445], [-95.14366, 29.77357], [-95.1454, 29.77313], [-95.15086, 29.77181], [-95.15231, 29.77149], [-95.15329, 29.77133], [-95.1546, 29.77117], [-95.15549, 29.77113], [-95.15868, 29.77107], [-95.15968, 29.77103], [-95.16111, 29.77101], [-95.16157, 29.77102], [-95.16304, 29.77099], [-95.16507, 29.77098], [-95.16766, 29.77094], [-95.17121, 29.77087], [-95.17478, 29.77079], [-95.17761, 29.77071], [-95.17926, 29.77067], [-95.18193, 29.77062], [-95.18306, 29.77063], [-95.18646, 29.77078], [-95.18854, 29.77086], [-95.18962, 29.77091], [-95.19345, 29.77122], [-95.19587, 29.7714], [-95.19803, 29.77158], [-95.19953, 29.77166], [-95.20094, 29.77164], [-95.20405, 29.77149], [-95.20738, 29.77134], [-95.20812, 29.77128], [-95.2095, 29.77113], [-95.21098, 29.77099], [-95.2134, 29.77074], [-95.21562, 29.77053], [-95.21689, 29.77047], [-95.21933, 29.77044], [-95.22034, 29.77049], [-95.22118, 29.77061], [-95.22301, 29.77101], [-95.22446, 29.77135], [-95.22797, 29.77212], [-95.23123, 29.77285], [-95.23274, 29.77318], [-95.23371, 29.77341], [-95.23522, 29.77373], [-95.23618, 29.77386], [-95.23725, 29.77389], [-95.2408, 29.77385], [-95.24279, 29.77384], [-95.2499, 29.77376], [-95.25126, 29.77378], [-95.25246, 29.77388], [-95.25314, 29.77396], [-95.25418, 29.77413], [-95.25886, 29.77487], [-95.26321, 29.77557], [-95.2651, 29.77587], [-95.26681, 29.77617], [-95.27076, 29.77681], [-95.27134, 29.77693], [-95.27198, 29.77701], [-95.27297, 29.77718], [-95.27534, 29.77755], [-95.27724, 29.77787], [-95.27805, 29.77799], [-95.27911, 29.77812], [-95.28006, 29.77818], [-95.28405, 29.77812], [-95.2864, 29.77809], [-95.28693, 29.77807], [-95.28858, 29.77805], [-95.28991, 29.77803], [-95.29113, 29.77793], [-95.29184, 29.77779], [-95.29261, 29.7776], [-95.29373, 29.7772], [-95.29523, 29.77656], [-95.29661, 29.77602], [-95.29841, 29.77525], [-95.29923, 29.77494], [-95.29981, 29.77475], [-95.30102, 29.77448], [-95.30194, 29.77438], [-95.30309, 29.77435], [-95.30679, 29.77437], [-95.30915, 29.77437], [-95.3105, 29.77438], [-95.31232, 29.77438], [-95.31281, 29.77437], [-95.31515, 29.77439], [-95.31556, 29.77439], [-95.32073, 29.77439], [-95.32159, 29.77434], [-95.32222, 29.77427], [-95.32311, 29.77409], [-95.32405, 29.77381], [-95.32478, 29.77355], [-95.32631, 29.77296], [-95.32652, 29.77287], [-95.32783, 29.77238], [-95.33054, 29.77132], [-95.33544, 29.76944], [-95.33589, 29.7693], [-95.33646, 29.76917], [-95.3368, 29.76913], [-95.338, 29.76911], [-95.33885, 29.76911], [-95.33951, 29.76917], [-95.34016, 29.76934], [-95.34055, 29.76948], [-95.34082, 29.76958], [-95.34103, 29.76962], [-95.3415, 29.76972], [-95.34238, 29.76982], [-95.34347, 29.76981], [-95.34444, 29.7698], [-95.34513, 29.76982], [-95.34589, 29.76989], [-95.34726, 29.77011], [-95.3482, 29.77019], [-95.35029, 29.77018], [-95.35109, 29.77013], [-95.35177, 29.77004], [-95.35257, 29.76985], [-95.3532, 29.7696], [-95.35494, 29.76875], [-95.35594, 29.7683], [-95.3567, 29.76801], [-95.35753, 29.76772], [-95.35824, 29.76749], [-95.35846, 29.76741], [-95.35916, 29.76725], [-95.35972, 29.76721], [-95.36016, 29.76725], [-95.36066, 29.76737], [-95.36125, 29.7676], [-95.36218, 29.76808], [-95.36303, 29.76856], [-95.36395, 29.76911], [-95.36457, 29.76938], [-95.36485, 29.76943], [-95.36522, 29.76943], [-95.36579, 29.76925], [-95.36606, 29.76906], [-95.36629, 29.76882], [-95.36648, 29.76842], [-95.36656, 29.76799], [-95.36675, 29.76673], [-95.36699, 29.76619], [-95.36732, 29.76555], [-95.3678, 29.76492], [-95.36809, 29.76464], [-95.36844, 29.76437], [-95.36895, 29.76409], [-95.36946, 29.76385], [-95.36994, 29.76363], [-95.37033, 29.76355], [-95.3706, 29.76345], [-95.3721, 29.763], [-95.37268, 29.76276], [-95.3734, 29.76234], [-95.37383, 29.76195], [-95.37425, 29.76148], [-95.37454, 29.76101], [-95.37474, 29.76062], [-95.37492, 29.76001], [-95.37498, 29.75949], [-95.37499, 29.75776], [-95.37493, 29.75554], [-95.37491, 29.75411], [-95.37494, 29.75357], [-95.37522, 29.75244], [-95.37512, 29.75208], [-95.37465, 29.75179], [-95.37445, 29.75167]]}, "properties": {"route_id": "237", "route_short_name": "237", "route_long_name": "Baytown P&R", "route_type": 3, "route_color": "#004080"}}, {"type": "Feature", "geometry": {"type": "LineString", "coordinates": [[-95.15785, 29.54773], [-95.15753, 29.54791], [-95.15772, 29.54808], [-95.1583, 29.54774], [-95.15852, 29.54755], [-95.15879, 29.54735], [-95.16005, 29.54793], [-95.15973, 29.54862], [-95.15929, 29.54932], [-95.15903, 29.54963], [-95.15825, 29.55039], [-95.15782, 29.55077], [-95.15743, 29.55105], [-95.15635, 29.55168], [-95.15524, 29.55243], [-95.15429, 29.55314], [-95.15378, 29.5535], [-95.1535, 29.55371], [-95.15467, 29.55491], [-95.15543, 29.55566], [-95.1563, 29.55662], [-95.15733, 29.5577], [-95.15924, 29.55968], [-95.16032, 29.56083], [-95.16361, 29.56431], [-95.16438, 29.56519], [-95.16488, 29.56554], [-95.1652, 29.56592], [-95.16617, 29.56698], [-95.1666, 29.56724], [-95.1673, 29.56808], [-95.16808, 29.56897], [-95.16869, 29.56973], [-95.1692, 29.57033], [-95.16992, 29.57112], [-95.17073, 29.57206], [-95.17186, 29.57342], [-95.17396, 29.57586], [-95.17456, 29.57653], [-95.17506, 29.57714], [-95.17567, 29.57753], [-95.17748, 29.57967], [-95.17902, 29.58141], [-95.17968, 29.58214], [-95.18058, 29.5831], [-95.18126, 29.58379], [-95.18262, 29.58512], [-95.18445, 29.5868], [-95.18685, 29.58888], [-95.19198, 29.59335], [-95.19282, 29.59414], [-95.19552, 29.59681], [-95.19586, 29.59714], [-95.19781, 29.59909], [-95.19891, 29.6002], [-95.20196, 29.6032], [-95.20312, 29.60432], [-95.20412, 29.60523], [-95.20525, 29.60628], [-95.20662, 29.6075], [-95.20764, 29.60843], [-95.21068, 29.61123], [-95.21246, 29.61284], [-95.21531, 29.61544], [-95.21609, 29.61614], [-95.21919, 29.61895], [-95.22076, 29.62039], [-95.22497, 29.62423], [-95.22673, 29.62582], [-95.22849, 29.62743], [-95.22869, 29.62764], [-95.23143, 29.63009], [-95.23421, 29.63262], [-95.23514, 29.63349], [-95.23634, 29.63457], [-95.23952, 29.63747], [-95.24219, 29.63989], [-95.24329, 29.64091], [-95.24387, 29.64151], [-95.2447, 29.64246], [-95.24545, 29.6435], [-95.24652, 29.64504], [-95.2474, 29.64635], [-95.24852, 29.64808], [-95.25019, 29.65072], [-95.25137, 29.65251], [-95.25151, 29.65271], [-95.25384, 29.65624], [-95.25635, 29.66006], [-95.25706, 29.66112], [-95.25799, 29.66254], [-95.25801, 29.66266], [-95.25828, 29.66309], [-95.25804, 29.66332], [-95.25753, 29.66343], [-95.25567, 29.66346], [-95.25489, 29.6635], [-95.25449, 29.6635], [-95.25415, 29.66351], [-95.25405, 29.66357], [-95.25403, 29.6638], [-95.25412, 29.66388], [-95.25525, 29.66386], [-95.25574, 29.66363], [-95.25629, 29.66352], [-95.25743, 29.66351], [-95.25807, 29.66336], [-95.25841, 29.66326], [-95.25867, 29.66357], [-95.2594, 29.66468], [-95.26013, 29.66573], [-95.26224, 29.669], [-95.26239, 29.66923], [-95.26358, 29.67099], [-95.26404, 29.67161], [-95.26472, 29.67241], [-95.26564, 29.67337], [-95.26779, 29.67555], [-95.26868, 29.67648], [-95.27225, 29.68008], [-95.2726, 29.68045], [-95.27406, 29.68189], [-95.27661, 29.68443], [-95.27724, 29.68507], [-95.27797, 29.6858], [-95.28024, 29.68809], [-95.28091, 29.68879], [-95.28191, 29.6898], [-95.28437, 29.69231], [-95.28492, 29.69296], [-95.28521, 29.69336], [-95.2861, 29.69472], [-95.28637, 29.69508], [-95.28667, 29.69535], [-95.28746, 29.69581], [-95.28789, 29.69613], [-95.28835, 29.69659], [-95.28848, 29.69674], [-95.28867, 29.69703], [-95.28894, 29.69742], [-95.28923, 29.69771], [-95.28989, 29.69819], [-95.29019, 29.69833], [-95.29074, 29.69866], [-95.29163, 29.69929], [-95.29295, 29.70031], [-95.29358, 29.70075], [-95.29467, 29.70147], [-95.29555, 29.70202], [-95.29663, 29.70272], [-95.30049, 29.7052], [-95.30196, 29.70617], [-95.30434, 29.70779], [-95.30545, 29.70853], [-95.31204, 29.71298], [-95.31337, 29.71386], [-95.31401, 29.71425], [-95.31535, 29.71512], [-95.3179, 29.71675], [-95.31881, 29.71734], [-95.31957, 29.71777], [-95.32072, 29.71837], [-95.32097, 29.71849], [-95.32483, 29.72051], [-95.32584, 29.72105], [-95.32646, 29.72142], [-95.3277, 29.72222], [-95.32857, 29.72276], [-95.32932, 29.72325], [-95.33326, 29.72576], [-95.33335, 29.72593], [-95.33318, 29.72643], [-95.33327, 29.72667], [-95.33351, 29.72686], [-95.33442, 29.72714], [-95.33461, 29.72741], [-95.33475, 29.72748], [-95.33497, 29.72745], [-95.33527, 29.72767], [-95.33565, 29.72804], [-95.33519, 29.72864], [-95.33511, 29.7287], [-95.33505, 29.7287], [-95.33465, 29.72855], [-95.33504, 29.72777], [-95.33497, 29.72745], [-95.33449, 29.72711], [-95.33357, 29.72683], [-95.33336, 29.72671], [-95.33323, 29.72648], [-95.33329, 29.7262], [-95.33349, 29.72602], [-95.3337, 29.72605], [-95.33652, 29.72786], [-95.3366, 29.72791], [-95.33698, 29.72816], [-95.33791, 29.72874], [-95.33839, 29.72906], [-95.3395, 29.72976], [-95.34026, 29.73026], [-95.34117, 29.7309], [-95.34214, 29.73169], [-95.34351, 29.73277], [-95.34409, 29.73321], [-95.34511, 29.73404], [-95.34614, 29.73479], [-95.34676, 29.73519], [-95.34711, 29.73541], [-95.3472, 29.73547], [-95.34748, 29.73565], [-95.35022, 29.73739], [-95.35469, 29.74022], [-95.35516, 29.74057], [-95.35548, 29.74088], [-95.35606, 29.74158], [-95.35666, 29.74198], [-95.35794, 29.74277], [-95.35859, 29.74313], [-95.35876, 29.74333], [-95.35998, 29.74405], [-95.36167, 29.74506], [-95.36109, 29.74581], [-95.36049, 29.74656], [-95.36123, 29.74702], [-95.36218, 29.74756], [-95.36304, 29.74809], [-95.36365, 29.74735], [-95.36425, 29.74659], [-95.36681, 29.74812], [-95.36854, 29.74918], [-95.36939, 29.74969], [-95.3699, 29.74999], [-95.3702, 29.75018], [-95.37031, 29.75025], [-95.37114, 29.75074], [-95.37051, 29.7515], [-95.36935, 29.75301], [-95.36841, 29.7542], [-95.36768, 29.7551], [-95.36743, 29.75547], [-95.36661, 29.75645], [-95.36641, 29.75677], [-95.36504, 29.75852], [-95.36482, 29.75879], [-95.36465, 29.75899], [-95.36447, 29.75924], [-95.36359, 29.7603], [-95.36324, 29.76076], [-95.36163, 29.7628], [-95.36103, 29.76354], [-95.36023, 29.76303], [-95.36016, 29.76299], [-95.35957, 29.76265], [-95.35928, 29.76249], [-95.35841, 29.76194], [-95.35753, 29.76143], [-95.35667, 29.76091], [-95.35499, 29.75989], [-95.3541, 29.75938], [-95.3547, 29.75863], [-95.35553, 29.75914], [-95.35595, 29.7594], [-95.35609, 29.75949], [-95.35632, 29.75963]]}, "properties": {"route_id": "244", "route_short_name": "244", "route_long_name": "Monroe / El Dorado P&R", "route_type": 3, "route_color": "#004080"}}, {"type": "Feature", "geometry": {"type": "LineString", "coordinates": [[-95.12409, 29.55293], [-95.12372, 29.55306], [-95.12354, 29.5527], [-95.1242, 29.5524], [-95.12467, 29.55214], [-95.1252, 29.55175], [-95.12622, 29.55082], [-95.12697, 29.55028], [-95.1274, 29.54987], [-95.12862, 29.54894], [-95.13082, 29.54725], [-95.13213, 29.54634], [-95.13427, 29.54483], [-95.13528, 29.54408], [-95.13651, 29.5432], [-95.13749, 29.54257], [-95.13788, 29.54235], [-95.13964, 29.5415], [-95.14004, 29.54135], [-95.1411, 29.54076], [-95.14209, 29.54174], [-95.14516, 29.5449], [-95.14609, 29.54592], [-95.14875, 29.54869], [-95.14963, 29.54962], [-95.14988, 29.54977], [-95.15122, 29.55108], [-95.1517, 29.55137], [-95.15275, 29.55242], [-95.15378, 29.5535], [-95.1544, 29.55415], [-95.15521, 29.55505], [-95.15575, 29.55561], [-95.15634, 29.55626], [-95.15858, 29.55859], [-95.16034, 29.56044], [-95.16105, 29.56116], [-95.16225, 29.56242], [-95.16324, 29.56352], [-95.16446, 29.5648], [-95.16565, 29.56617], [-95.1666, 29.56724], [-95.1673, 29.56808], [-95.16808, 29.56897], [-95.16869, 29.56973], [-95.1692, 29.57033], [-95.16992, 29.57112], [-95.17073, 29.57206], [-95.17186, 29.57342], [-95.17396, 29.57586], [-95.17456, 29.57653], [-95.17506, 29.57714], [-95.17617, 29.57844], [-95.17741, 29.57985], [-95.1781, 29.58061], [-95.17954, 29.58228], [-95.1804, 29.5832], [-95.18129, 29.58411], [-95.18285, 29.5856], [-95.18366, 29.58632], [-95.1843, 29.58692], [-95.1855, 29.58795], [-95.18588, 29.58824], [-95.18676, 29.58899], [-95.18913, 29.59106], [-95.18988, 29.5917], [-95.1921, 29.59364], [-95.19276, 29.59427], [-95.19441, 29.59589], [-95.19509, 29.59658], [-95.19544, 29.5969], [-95.19646, 29.59793], [-95.19812, 29.59957], [-95.19862, 29.60009], [-95.1995, 29.60093], [-95.20179, 29.60321], [-95.20278, 29.60418], [-95.20424, 29.60554], [-95.20442, 29.60567], [-95.20501, 29.60624], [-95.20533, 29.60649], [-95.20619, 29.60728], [-95.20677, 29.60787], [-95.2072, 29.60835], [-95.20826, 29.60944], [-95.20863, 29.60989], [-95.20933, 29.6108], [-95.21012, 29.61134], [-95.21116, 29.61215], [-95.21191, 29.61281], [-95.2125, 29.6133], [-95.21477, 29.61536], [-95.2148, 29.61579], [-95.2146, 29.61609], [-95.21402, 29.61658], [-95.21391, 29.61686], [-95.214, 29.61718], [-95.21438, 29.61757], [-95.21609, 29.61614], [-95.21637, 29.6159], [-95.21776, 29.61474], [-95.21745, 29.61444], [-95.21714, 29.6143], [-95.21673, 29.61433], [-95.21596, 29.61491], [-95.21569, 29.615], [-95.21545, 29.61497], [-95.21517, 29.61484], [-95.21357, 29.61336], [-95.21239, 29.6123], [-95.21162, 29.61156], [-95.21087, 29.61076], [-95.21068, 29.61056], [-95.21085, 29.61038], [-95.21357, 29.61027], [-95.21475, 29.61024], [-95.2151, 29.61016], [-95.21534, 29.60999], [-95.21554, 29.61013], [-95.21554, 29.61032], [-95.21565, 29.61032], [-95.21676, 29.61032], [-95.21676, 29.60959], [-95.21681, 29.60949], [-95.2171, 29.60958], [-95.2171, 29.61015], [-95.21697, 29.61032], [-95.21676, 29.61032], [-95.21565, 29.61032], [-95.21554, 29.61032], [-95.21349, 29.61035], [-95.2118, 29.61047], [-95.21122, 29.61056], [-95.21087, 29.61076], [-95.21068, 29.61085], [-95.21062, 29.61101], [-95.21068, 29.61123], [-95.21246, 29.61284], [-95.21531, 29.61544], [-95.21609, 29.61614], [-95.21919, 29.61895], [-95.22076, 29.62039], [-95.22497, 29.62423], [-95.22673, 29.62582], [-95.22849, 29.62743], [-95.22869, 29.62764], [-95.23143, 29.63009], [-95.23421, 29.63262], [-95.23514, 29.63349], [-95.23634, 29.63457], [-95.23952, 29.63747], [-95.24219, 29.63989], [-95.24329, 29.64091], [-95.24387, 29.64151], [-95.2447, 29.64246], [-95.24545, 29.6435], [-95.24652, 29.64504], [-95.2474, 29.64635], [-95.24852, 29.64808], [-95.25019, 29.65072], [-95.25137, 29.65251], [-95.25151, 29.65271], [-95.25384, 29.65624], [-95.25635, 29.66006], [-95.25706, 29.66112], [-95.25799, 29.66254], [-95.25867, 29.66357], [-95.2594, 29.66468], [-95.26013, 29.66573], [-95.26224, 29.669], [-95.26239, 29.66923], [-95.26358, 29.67099], [-95.26404, 29.67161], [-95.26472, 29.67241], [-95.26564, 29.67337], [-95.26779, 29.67555], [-95.26868, 29.67648], [-95.27225, 29.68008], [-95.2726, 29.68045], [-95.27406, 29.68189], [-95.27661, 29.68443], [-95.27724, 29.68507], [-95.27797, 29.6858], [-95.28024, 29.68809], [-95.28091, 29.68879], [-95.28191, 29.6898], [-95.28437, 29.69231], [-95.28492, 29.69296], [-95.28521, 29.69336], [-95.2861, 29.69472], [-95.28637, 29.69508], [-95.28667, 29.69535], [-95.28746, 29.69581], [-95.28789, 29.69613], [-95.28835, 29.69659], [-95.28848, 29.69674], [-95.28867, 29.69703], [-95.28894, 29.69742], [-95.28923, 29.69771], [-95.28989, 29.69819], [-95.29019, 29.69833], [-95.29074, 29.69866], [-95.29163, 29.69929], [-95.29295, 29.70031], [-95.29358, 29.70075], [-95.29467, 29.70147], [-95.29555, 29.70202], [-95.29663, 29.70272], [-95.30049, 29.7052], [-95.30196, 29.70617], [-95.30434, 29.70779], [-95.30545, 29.70853], [-95.31204, 29.71298], [-95.31337, 29.71386], [-95.31401, 29.71425], [-95.31535, 29.71512], [-95.3179, 29.71675], [-95.31881, 29.71734], [-95.31957, 29.71777], [-95.32072, 29.71837], [-95.32097, 29.71849], [-95.32483, 29.72051], [-95.32584, 29.72105], [-95.32646, 29.72142], [-95.3277, 29.72222], [-95.32857, 29.72276], [-95.32932, 29.72325], [-95.33326, 29.72576], [-95.33335, 29.72593], [-95.33318, 29.72643], [-95.33327, 29.72667], [-95.33351, 29.72686], [-95.33442, 29.72714], [-95.33461, 29.72741], [-95.33475, 29.72748], [-95.33497, 29.72745], [-95.33527, 29.72767], [-95.33565, 29.72804], [-95.33519, 29.72864], [-95.33511, 29.7287], [-95.33505, 29.7287], [-95.33465, 29.72855], [-95.33504, 29.72777], [-95.33497, 29.72745], [-95.33449, 29.72711], [-95.33357, 29.72683], [-95.33336, 29.72671], [-95.33323, 29.72648], [-95.33329, 29.7262], [-95.33349, 29.72602], [-95.3337, 29.72605], [-95.33652, 29.72786], [-95.3366, 29.72791], [-95.33698, 29.72816], [-95.33791, 29.72874], [-95.33839, 29.72906], [-95.3395, 29.72976], [-95.34026, 29.73026], [-95.34117, 29.7309], [-95.34214, 29.73169], [-95.34351, 29.73277], [-95.34409, 29.73321], [-95.34511, 29.73404], [-95.34614, 29.73479], [-95.34676, 29.73519], [-95.34711, 29.73541], [-95.3472, 29.73547], [-95.34748, 29.73565], [-95.35022, 29.73739], [-95.35469, 29.74022], [-95.35516, 29.74057], [-95.35548, 29.74088], [-95.35606, 29.74158], [-95.35666, 29.74198], [-95.35794, 29.74277], [-95.35859, 29.74313], [-95.35876, 29.74333], [-95.35998, 29.74405], [-95.36167, 29.74506], [-95.36109, 29.74581], [-95.36049, 29.74656], [-95.36123, 29.74702], [-95.36218, 29.74756], [-95.36304, 29.74809], [-95.36365, 29.74735], [-95.36425, 29.74659], [-95.36681, 29.74812], [-95.36854, 29.74918], [-95.36939, 29.74969], [-95.3699, 29.74999], [-95.3702, 29.75018], [-95.37031, 29.75025], [-95.37114, 29.75074], [-95.37051, 29.7515], [-95.36935, 29.75301], [-95.36841, 29.7542], [-95.36768, 29.7551], [-95.36743, 29.75547], [-95.36661, 29.75645], [-95.36641, 29.75677], [-95.36504, 29.75852], [-95.36482, 29.75879], [-95.36465, 29.75899], [-95.36447, 29.75924], [-95.36359, 29.7603], [-95.36324, 29.76076], [-95.36163, 29.7628], [-95.36103, 29.76354], [-95.36023, 29.76303], [-95.36016, 29.76299], [-95.35957, 29.76265], [-95.35928, 29.76249], [-95.35841, 29.76194], [-95.35753, 29.76143], [-95.35667, 29.76091], [-95.35499, 29.75989], [-95.3541, 29.75938], [-95.3547, 29.75863], [-95.35553, 29.75914], [-95.35595, 29.7594], [-95.35632, 29.75963]]}, "properties": {"route_id": "247", "route_short_name": "247", "route_long_name": "Fuqua / Bay Area P&R", "route_type": 3, "route_color": "#004080"}}, {"type": "Feature", "geometry": {"type": "LineString", "coordinates": [[-95.35632, 29.75963], [-95.35643, 29.7597], [-95.35788, 29.76057], [-95.35899, 29.76122], [-95.35987, 29.76175], [-95.3602, 29.76194], [-95.36076, 29.76226], [-95.36084, 29.7623], [-95.36163, 29.7628], [-95.36246, 29.7633], [-95.36305, 29.76255], [-95.36432, 29.76098], [-95.36524, 29.75977], [-95.36547, 29.75949], [-95.36571, 29.75921], [-95.36666, 29.758], [-95.36722, 29.75725], [-95.36778, 29.75653], [-95.3684, 29.75577], [-95.36863, 29.75552], [-95.37021, 29.75356], [-95.37139, 29.75202], [-95.372, 29.75127], [-95.37248, 29.75067], [-95.3726, 29.75052], [-95.37171, 29.75002], [-95.37132, 29.74978], [-95.37132, 29.74979], [-95.37089, 29.74951], [-95.37078, 29.74945], [-95.3706, 29.74934], [-95.36993, 29.74896], [-95.3691, 29.74844], [-95.36741, 29.7474], [-95.36653, 29.74688], [-95.36484, 29.74585], [-95.36395, 29.74537], [-95.36336, 29.74608], [-95.36278, 29.74683], [-95.36146, 29.74605], [-95.36109, 29.74581], [-95.35939, 29.74478], [-95.35998, 29.74405], [-95.36056, 29.74331], [-95.35941, 29.74259], [-95.35799, 29.74172], [-95.35708, 29.74122], [-95.35576, 29.74041], [-95.3553, 29.73998], [-95.35474, 29.73955], [-95.35216, 29.73795], [-95.35118, 29.73729], [-95.34892, 29.73588], [-95.34859, 29.73565], [-95.34763, 29.73509], [-95.34744, 29.73497], [-95.34729, 29.73488], [-95.3469, 29.73463], [-95.34597, 29.73401], [-95.34532, 29.73355], [-95.34481, 29.73314], [-95.34355, 29.73206], [-95.34293, 29.73155], [-95.34228, 29.73096], [-95.34126, 29.73012], [-95.34073, 29.72964], [-95.34028, 29.72928], [-95.33895, 29.72839], [-95.33856, 29.72793], [-95.33844, 29.72766], [-95.3383, 29.72664], [-95.33821, 29.72633], [-95.33813, 29.72616], [-95.33762, 29.72653], [-95.33712, 29.72711], [-95.33673, 29.72761], [-95.33652, 29.72786], [-95.33614, 29.72822], [-95.33546, 29.72865], [-95.33511, 29.7287], [-95.33505, 29.7287], [-95.33465, 29.72855], [-95.33504, 29.72777], [-95.33527, 29.72767], [-95.33565, 29.72804], [-95.33519, 29.72864], [-95.33511, 29.7287], [-95.33505, 29.7287], [-95.33465, 29.72855], [-95.33467, 29.72874], [-95.3351, 29.72889], [-95.33596, 29.72915], [-95.33644, 29.72929], [-95.33664, 29.7287], [-95.33698, 29.72816], [-95.33706, 29.72785], [-95.33681, 29.72765], [-95.33673, 29.72761], [-95.33587, 29.72704], [-95.33527, 29.72669], [-95.33398, 29.72587], [-95.33248, 29.72487], [-95.33174, 29.72455], [-95.3308, 29.72407], [-95.32842, 29.72255], [-95.32695, 29.7216], [-95.32601, 29.72102], [-95.32515, 29.72055], [-95.3232, 29.71954], [-95.32061, 29.71819], [-95.31924, 29.71746], [-95.31878, 29.71719], [-95.31779, 29.71655], [-95.31539, 29.71502], [-95.31413, 29.7142], [-95.31278, 29.71334], [-95.31078, 29.71199], [-95.30897, 29.71078], [-95.30819, 29.71024], [-95.30679, 29.70931], [-95.30372, 29.70724], [-95.30295, 29.70671], [-95.3011, 29.70546], [-95.30004, 29.7048], [-95.29879, 29.70399], [-95.29745, 29.70314], [-95.2956, 29.70193], [-95.29528, 29.70175], [-95.2941, 29.70099], [-95.29283, 29.70006], [-95.28988, 29.69778], [-95.28897, 29.69702], [-95.28754, 29.69554], [-95.2859, 29.69377], [-95.2845, 29.69229], [-95.2833, 29.69106], [-95.28061, 29.68834], [-95.28011, 29.68777], [-95.27809, 29.6857], [-95.27739, 29.68499], [-95.27662, 29.68421], [-95.27636, 29.68401], [-95.27435, 29.68203], [-95.27386, 29.68152], [-95.27281, 29.68048], [-95.26979, 29.6774], [-95.26788, 29.67547], [-95.26679, 29.67435], [-95.26639, 29.67397], [-95.26604, 29.67359], [-95.26484, 29.67235], [-95.26397, 29.6713], [-95.26348, 29.67061], [-95.26254, 29.66916], [-95.26237, 29.66892], [-95.26024, 29.6657], [-95.25994, 29.66504], [-95.25944, 29.66419], [-95.25906, 29.66347], [-95.25874, 29.66299], [-95.25728, 29.66075], [-95.25601, 29.65884], [-95.25318, 29.65455], [-95.25202, 29.65276], [-95.25164, 29.65267], [-95.25151, 29.65271], [-95.25128, 29.65281], [-95.25123, 29.653], [-95.25195, 29.65407], [-95.25254, 29.655], [-95.2533, 29.65612], [-95.25393, 29.6571], [-95.25519, 29.65897], [-95.25662, 29.66117], [-95.25395, 29.6612], [-95.25381, 29.66147], [-95.25375, 29.66176], [-95.25378, 29.66267], [-95.25378, 29.66389], [-95.25412, 29.66388], [-95.25525, 29.66386], [-95.25516, 29.66364], [-95.25489, 29.6635], [-95.25449, 29.6635], [-95.25419, 29.66327], [-95.25378, 29.66267], [-95.25375, 29.66176], [-95.25381, 29.66147], [-95.25395, 29.6612], [-95.25662, 29.66117], [-95.25792, 29.66312], [-95.25804, 29.66332], [-95.25807, 29.66336], [-95.25829, 29.66367], [-95.25922, 29.66514], [-95.26103, 29.66782], [-95.26154, 29.66854], [-95.26183, 29.66901], [-95.26224, 29.669], [-95.26237, 29.66892], [-95.26247, 29.66866], [-95.26216, 29.66816], [-95.2618, 29.66767], [-95.26029, 29.66537], [-95.25949, 29.66411], [-95.25906, 29.66347], [-95.25874, 29.66299], [-95.25728, 29.66075], [-95.25601, 29.65884], [-95.25552, 29.65824], [-95.25495, 29.65746], [-95.25452, 29.65702], [-95.25389, 29.65605], [-95.25164, 29.65267], [-95.25152, 29.65248], [-95.24864, 29.64811], [-95.24807, 29.64723], [-95.24562, 29.64352], [-95.24506, 29.64273], [-95.24421, 29.64168], [-95.24327, 29.6407], [-95.24165, 29.63923], [-95.24117, 29.63878], [-95.23923, 29.63703], [-95.2383, 29.63618], [-95.23339, 29.63171], [-95.23225, 29.63066], [-95.23031, 29.62891], [-95.22889, 29.62764], [-95.22679, 29.62571], [-95.22658, 29.62538], [-95.22635, 29.62512], [-95.22518, 29.62401], [-95.22485, 29.62364], [-95.22361, 29.6225], [-95.22132, 29.62043], [-95.22104, 29.62014], [-95.21845, 29.61777], [-95.21727, 29.61673], [-95.21637, 29.6159], [-95.21549, 29.61515], [-95.21517, 29.61484], [-95.21357, 29.61336], [-95.21239, 29.6123], [-95.21162, 29.61156], [-95.21087, 29.61076], [-95.21068, 29.61056], [-95.21085, 29.61038], [-95.21357, 29.61027], [-95.21475, 29.61024], [-95.2151, 29.61016], [-95.21534, 29.60999], [-95.21554, 29.61013], [-95.21554, 29.61032], [-95.21565, 29.61032], [-95.21676, 29.61032], [-95.21676, 29.60959], [-95.21681, 29.60949], [-95.2171, 29.60958], [-95.2171, 29.61015], [-95.21697, 29.61032], [-95.21676, 29.61032], [-95.21565, 29.61032], [-95.21565, 29.61012], [-95.21542, 29.60989], [-95.21531, 29.60982], [-95.21524, 29.60991], [-95.21502, 29.61007], [-95.21477, 29.61014], [-95.21262, 29.61023], [-95.21106, 29.61027], [-95.21046, 29.61032], [-95.21018, 29.60998], [-95.20986, 29.60973], [-95.20916, 29.60906], [-95.20839, 29.60861], [-95.20711, 29.6078], [-95.20487, 29.60578], [-95.20315, 29.60419], [-95.20238, 29.60345], [-95.2004, 29.60149], [-95.19893, 29.6], [-95.19641, 29.59753], [-95.19555, 29.59666], [-95.19478, 29.59591], [-95.19386, 29.59496], [-95.19247, 29.59361], [-95.19146, 29.59272], [-95.18643, 29.58837], [-95.18538, 29.58741], [-95.18475, 29.58687], [-95.1831, 29.58536], [-95.18187, 29.58417], [-95.18075, 29.58304], [-95.17992, 29.58217], [-95.17899, 29.58114], [-95.177, 29.57885], [-95.17603, 29.57772], [-95.17514, 29.57663], [-95.17394, 29.57524], [-95.17285, 29.57403], [-95.17116, 29.57205], [-95.17027, 29.57106], [-95.16895, 29.56948], [-95.16853, 29.56891], [-95.1677, 29.56793], [-95.1669, 29.56708], [-95.16673, 29.56671], [-95.16651, 29.56639], [-95.16493, 29.56447], [-95.16454, 29.56391], [-95.16271, 29.56197], [-95.16118, 29.56039], [-95.16027, 29.5594], [-95.15853, 29.55757], [-95.15736, 29.55636], [-95.15545, 29.55434], [-95.1544, 29.55326], [-95.15534, 29.55256], [-95.15635, 29.55188], [-95.15755, 29.55118], [-95.1584, 29.5505], [-95.15915, 29.54973], [-95.15965, 29.54909], [-95.15986, 29.54874], [-95.16031, 29.54784], [-95.16013, 29.54778], [-95.15888, 29.54725], [-95.15879, 29.54735], [-95.15852, 29.54755], [-95.15825, 29.54749], [-95.15753, 29.54791], [-95.15772, 29.54808], [-95.1583, 29.54774], [-95.15852, 29.54755], [-95.15879, 29.54735], [-95.16005, 29.54793], [-95.15973, 29.54862], [-95.15929, 29.54932], [-95.15903, 29.54963], [-95.15825, 29.55039], [-95.15782, 29.55077], [-95.15743, 29.55105], [-95.15635, 29.55168], [-95.15524, 29.55243], [-95.15429, 29.55314], [-95.15324, 29.55204], [-95.15103, 29.54975], [-95.14848, 29.54705], [-95.14527, 29.5437], [-95.14444, 29.54286], [-95.14341, 29.54175], [-95.14257, 29.54087], [-95.14194, 29.54018], [-95.14132, 29.54046], [-95.13947, 29.54136], [-95.13796, 29.54213], [-95.13737, 29.54246], [-95.13659, 29.54294], [-95.13513, 29.54396], [-95.13495, 29.5441], [-95.13348, 29.54513], [-95.13213, 29.54612], [-95.13108, 29.54684], [-95.13035, 29.54736], [-95.12983, 29.54777], [-95.12909, 29.54842], [-95.12779, 29.54935], [-95.12713, 29.54972], [-95.12662, 29.55005], [-95.12621, 29.54975], [-95.12583, 29.54956], [-95.12533, 29.54947], [-95.12447, 29.54955], [-95.12354, 29.54983], [-95.12296, 29.55006], [-95.1221, 29.55045], [-95.1225, 29.55116], [-95.12347, 29.55257], [-95.12354, 29.5527], [-95.1242, 29.5524], [-95.12437, 29.55265], [-95.1241, 29.55292]]}, "properties": {"route_id": "249", "route_short_name": "249", "route_long_name": "Bay Area/El Dorado/Fuqua/Monroe P&R", "route_type": 3, "route_color": "#004080"}}, {"type": "Feature", "geometry": {"type": "LineString", "coordinates": [[-95.18307, 30.05429], [-95.18342, 30.05429], [-95.18395, 30.05414], [-95.18444, 30.0539], [-95.18534, 30.05351], [-95.18589, 30.05338], [-95.18557, 30.05241], [-95.18497, 30.05088], [-95.18455, 30.05], [-95.18546, 30.04968], [-95.18605, 30.04954], [-95.18684, 30.04924], [-95.18773, 30.0488], [-95.18833, 30.04846], [-95.18892, 30.04803], [-95.18951, 30.04746], [-95.18986, 30.04704], [-95.19051, 30.0461], [-95.19092, 30.04563], [-95.19163, 30.04503], [-95.19217, 30.04467], [-95.19305, 30.04423], [-95.19399, 30.04393], [-95.19458, 30.04381], [-95.19752, 30.04342], [-95.19815, 30.04337], [-95.19891, 30.04335], [-95.19954, 30.04338], [-95.20016, 30.04344], [-95.20086, 30.04355], [-95.20183, 30.0438], [-95.20251, 30.04403], [-95.20338, 30.04441], [-95.20479, 30.04517], [-95.2057, 30.04554], [-95.20613, 30.04567], [-95.20701, 30.04587], [-95.20847, 30.04607], [-95.20926, 30.04626], [-95.20995, 30.04648], [-95.21056, 30.04674], [-95.21118, 30.04706], [-95.2121, 30.04759], [-95.21303, 30.04798], [-95.21378, 30.04825], [-95.21687, 30.04943], [-95.21871, 30.05028], [-95.21929, 30.05049], [-95.21972, 30.05061], [-95.22071, 30.0508], [-95.22251, 30.05103], [-95.22403, 30.0512], [-95.22497, 30.05124], [-95.2279, 30.05123], [-95.22856, 30.05119], [-95.22927, 30.05109], [-95.22968, 30.051], [-95.23076, 30.05063], [-95.23184, 30.05011], [-95.23272, 30.0498], [-95.23352, 30.04965], [-95.23449, 30.04956], [-95.23751, 30.04954], [-95.2391, 30.04952], [-95.23972, 30.04958], [-95.24052, 30.04972], [-95.24137, 30.04996], [-95.2417, 30.05008], [-95.24253, 30.05051], [-95.24301, 30.0508], [-95.244, 30.05124], [-95.24504, 30.0515], [-95.24616, 30.05171], [-95.24852, 30.05211], [-95.24957, 30.05226], [-95.25153, 30.05257], [-95.25239, 30.05275], [-95.25288, 30.0506], [-95.25297, 30.05031], [-95.25309, 30.04968], [-95.25315, 30.04907], [-95.2535, 30.04728], [-95.25353, 30.04652], [-95.25375, 30.04563], [-95.25449, 30.04242], [-95.25478, 30.04121], [-95.25492, 30.04055], [-95.25584, 30.03648], [-95.25662, 30.033], [-95.25684, 30.03214], [-95.25714, 30.03124], [-95.25833, 30.02823], [-95.25881, 30.02708], [-95.26013, 30.02378], [-95.26069, 30.02234], [-95.26215, 30.01876], [-95.26239, 30.01822], [-95.26262, 30.01764], [-95.26312, 30.01654], [-95.2677, 30.00613], [-95.26812, 30.00519], [-95.26831, 30.00471], [-95.26986, 30.00127], [-95.27018, 30.00048], [-95.27047, 29.99965], [-95.2709, 29.99823], [-95.27131, 29.99711], [-95.27198, 29.99551], [-95.27265, 29.99384], [-95.27317, 29.9925], [-95.27374, 29.99114], [-95.27532, 29.9873], [-95.27545, 29.98699], [-95.27633, 29.9847], [-95.27721, 29.98231], [-95.27773, 29.98084], [-95.2783, 29.97932], [-95.27851, 29.97882], [-95.27901, 29.97779], [-95.27983, 29.9763], [-95.28015, 29.97563], [-95.28071, 29.97436], [-95.28092, 29.97394], [-95.28469, 29.96544], [-95.28503, 29.96469], [-95.28728, 29.95959], [-95.28929, 29.95505], [-95.29014, 29.95314], [-95.29138, 29.95032], [-95.29232, 29.9482], [-95.29256, 29.94762], [-95.29578, 29.94035], [-95.29614, 29.93958], [-95.29654, 29.93862], [-95.29935, 29.93229], [-95.29982, 29.93128], [-95.30028, 29.93023], [-95.30211, 29.92612], [-95.3028, 29.92473], [-95.30366, 29.92336], [-95.30451, 29.92215], [-95.30592, 29.92011], [-95.30703, 29.91852], [-95.30774, 29.91748], [-95.30823, 29.9166], [-95.30857, 29.91574], [-95.30878, 29.91496], [-95.30917, 29.9133], [-95.30973, 29.91094], [-95.30991, 29.91014], [-95.31092, 29.9059], [-95.31123, 29.90457], [-95.31143, 29.9038], [-95.31179, 29.90272], [-95.3122, 29.90163], [-95.31252, 29.90092], [-95.31286, 29.90023], [-95.31347, 29.89916], [-95.3152, 29.89619], [-95.31785, 29.8916], [-95.31878, 29.89001], [-95.31985, 29.88815], [-95.32041, 29.8872], [-95.32243, 29.88371], [-95.32294, 29.88284], [-95.32396, 29.88106], [-95.3272, 29.87547], [-95.33012, 29.87047], [-95.33155, 29.86805], [-95.33241, 29.86651], [-95.3327, 29.86588], [-95.33302, 29.86501], [-95.33317, 29.86453], [-95.3333, 29.864], [-95.33349, 29.8629], [-95.33357, 29.862], [-95.3336, 29.8611], [-95.33369, 29.85943], [-95.33369, 29.85908], [-95.33385, 29.8553], [-95.33392, 29.85431], [-95.33396, 29.85324], [-95.33397, 29.8521], [-95.33394, 29.8507], [-95.3338, 29.8487], [-95.33375, 29.84779], [-95.33371, 29.84647], [-95.33367, 29.84352], [-95.33362, 29.84078], [-95.3336, 29.83883], [-95.33367, 29.83771], [-95.33389, 29.83631], [-95.33411, 29.83529], [-95.33449, 29.83344], [-95.33472, 29.83237], [-95.33498, 29.831], [-95.33535, 29.82927], [-95.33549, 29.82834], [-95.33557, 29.82717], [-95.33555, 29.82572], [-95.33555, 29.82334], [-95.33551, 29.82034], [-95.33545, 29.81892], [-95.3354, 29.81584], [-95.33533, 29.8134], [-95.33532, 29.81326], [-95.33531, 29.81211], [-95.33527, 29.81102], [-95.33531, 29.81053], [-95.33539, 29.81012], [-95.33567, 29.8093], [-95.33598, 29.8087], [-95.33698, 29.80738], [-95.33789, 29.80629], [-95.33874, 29.8052], [-95.33918, 29.8046], [-95.33936, 29.80431], [-95.33947, 29.80411], [-95.33959, 29.80388], [-95.33983, 29.80323], [-95.33997, 29.80257], [-95.34009, 29.80155], [-95.34011, 29.8006], [-95.34006, 29.79941], [-95.33999, 29.79656], [-95.33996, 29.79414], [-95.33995, 29.79163], [-95.33993, 29.78957], [-95.34004, 29.7865], [-95.34004, 29.78566], [-95.34001, 29.78371], [-95.34003, 29.78236], [-95.34009, 29.78085], [-95.34014, 29.78029], [-95.34017, 29.77857], [-95.34026, 29.77695], [-95.34036, 29.77457], [-95.3404, 29.77385], [-95.34074, 29.77169], [-95.34084, 29.77133], [-95.34106, 29.77094], [-95.34135, 29.77065], [-95.34177, 29.77033], [-95.34215, 29.77014], [-95.34248, 29.77004], [-95.34347, 29.76981], [-95.34444, 29.7698], [-95.34513, 29.76982], [-95.34589, 29.76989], [-95.34726, 29.77011], [-95.3482, 29.77019], [-95.35029, 29.77018], [-95.35109, 29.77013], [-95.35177, 29.77004], [-95.35257, 29.76985], [-95.3532, 29.7696], [-95.35494, 29.76875], [-95.35594, 29.7683], [-95.3567, 29.76801], [-95.35753, 29.76772], [-95.35824, 29.76749], [-95.35846, 29.76741], [-95.35916, 29.76725], [-95.35972, 29.76721], [-95.36016, 29.76725], [-95.36066, 29.76737], [-95.36125, 29.7676], [-95.36218, 29.76808], [-95.36303, 29.76856], [-95.36395, 29.76911], [-95.36457, 29.76938], [-95.36485, 29.76943], [-95.36522, 29.76943], [-95.36579, 29.76925], [-95.36606, 29.76906], [-95.36629, 29.76882], [-95.36648, 29.76842], [-95.36656, 29.76799], [-95.36675, 29.76673], [-95.36699, 29.76619], [-95.36732, 29.76555], [-95.3678, 29.76492], [-95.36809, 29.76464], [-95.36844, 29.76437], [-95.36895, 29.76409], [-95.36946, 29.76385], [-95.36994, 29.76363], [-95.37033, 29.76355], [-95.3706, 29.76345], [-95.3721, 29.763], [-95.37268, 29.76276], [-95.3734, 29.76234], [-95.37383, 29.76195], [-95.37425, 29.76148], [-95.37454, 29.76101], [-95.37474, 29.76062], [-95.37492, 29.76001], [-95.37498, 29.75949], [-95.37499, 29.75776], [-95.37493, 29.75554], [-95.37484, 29.7549], [-95.37474, 29.75455], [-95.37454, 29.75424], [-95.37442, 29.75406], [-95.37396, 29.75355], [-95.37308, 29.75305], [-95.37258, 29.75274], [-95.37239, 29.75263]]}, "properties": {"route_id": "255", "route_short_name": "255", "route_long_name": "Kingwood P&R", "route_type": 3, "route_color": "#004080"}}, {"type": "Feature", "geometry": {"type": "LineString", "coordinates": [[-95.29811, 29.92769], [-95.29818, 29.92766], [-95.29824, 29.92738], [-95.29796, 29.92709], [-95.29845, 29.92654], [-95.29929, 29.92576], [-95.30096, 29.92431], [-95.30198, 29.92336], [-95.30214, 29.92323], [-95.30253, 29.92335], [-95.30264, 29.92369], [-95.30274, 29.92411], [-95.30278, 29.9244], [-95.3028, 29.92473], [-95.3028, 29.92539], [-95.30306, 29.9249], [-95.30364, 29.92394], [-95.30429, 29.92299], [-95.30666, 29.91959], [-95.30709, 29.91894], [-95.30794, 29.91773], [-95.30844, 29.91685], [-95.30868, 29.91634], [-95.30885, 29.91522], [-95.30916, 29.9137], [-95.30917, 29.9133], [-95.30973, 29.91094], [-95.30991, 29.91014], [-95.31092, 29.9059], [-95.31123, 29.90457], [-95.31143, 29.9038], [-95.31179, 29.90272], [-95.3122, 29.90163], [-95.31252, 29.90092], [-95.31286, 29.90023], [-95.31347, 29.89916], [-95.3152, 29.89619], [-95.31785, 29.8916], [-95.31878, 29.89001], [-95.31985, 29.88815], [-95.32041, 29.8872], [-95.32243, 29.88371], [-95.32294, 29.88284], [-95.32396, 29.88106], [-95.3272, 29.87547], [-95.33012, 29.87047], [-95.33155, 29.86805], [-95.33241, 29.86651], [-95.3327, 29.86588], [-95.33302, 29.86501], [-95.33317, 29.86453], [-95.3333, 29.864], [-95.33349, 29.8629], [-95.33357, 29.862], [-95.3336, 29.8611], [-95.33369, 29.85943], [-95.33369, 29.85908], [-95.33385, 29.8553], [-95.33392, 29.85431], [-95.33396, 29.85324], [-95.33397, 29.8521], [-95.33394, 29.8507], [-95.3338, 29.8487], [-95.33375, 29.84779], [-95.33371, 29.84647], [-95.33367, 29.84352], [-95.33362, 29.84078], [-95.3336, 29.83883], [-95.33367, 29.83771], [-95.33389, 29.83631], [-95.33411, 29.83529], [-95.33449, 29.83344], [-95.33472, 29.83237], [-95.33498, 29.831], [-95.33535, 29.82927], [-95.33549, 29.82834], [-95.33557, 29.82717], [-95.33555, 29.82572], [-95.33555, 29.82334], [-95.33551, 29.82034], [-95.33545, 29.81892], [-95.3354, 29.81584], [-95.33533, 29.8134], [-95.33532, 29.81326], [-95.33531, 29.81211], [-95.33527, 29.81102], [-95.33531, 29.81053], [-95.33539, 29.81012], [-95.33567, 29.8093], [-95.33598, 29.8087], [-95.33698, 29.80738], [-95.33789, 29.80629], [-95.33874, 29.8052], [-95.33918, 29.8046], [-95.33936, 29.80431], [-95.33947, 29.80411], [-95.33959, 29.80388], [-95.33983, 29.80323], [-95.33997, 29.80257], [-95.34009, 29.80155], [-95.34011, 29.8006], [-95.34006, 29.79941], [-95.33999, 29.79656], [-95.33996, 29.79414], [-95.33995, 29.79163], [-95.33993, 29.78957], [-95.34004, 29.7865], [-95.34004, 29.78566], [-95.34001, 29.78371], [-95.34003, 29.78236], [-95.34009, 29.78085], [-95.34014, 29.78029], [-95.34017, 29.77857], [-95.34026, 29.77695], [-95.34036, 29.77457], [-95.3404, 29.77385], [-95.34074, 29.77169], [-95.34084, 29.77133], [-95.34106, 29.77094], [-95.34135, 29.77065], [-95.34177, 29.77033], [-95.34215, 29.77014], [-95.34248, 29.77004], [-95.34347, 29.76981], [-95.34444, 29.7698], [-95.34513, 29.76982], [-95.34589, 29.76989], [-95.34726, 29.77011], [-95.3482, 29.77019], [-95.35029, 29.77018], [-95.35109, 29.77013], [-95.35177, 29.77004], [-95.35257, 29.76985], [-95.3532, 29.7696], [-95.35494, 29.76875], [-95.35594, 29.7683], [-95.3567, 29.76801], [-95.35753, 29.76772], [-95.35824, 29.76749], [-95.35846, 29.76741], [-95.35916, 29.76725], [-95.35972, 29.76721], [-95.36016, 29.76725], [-95.36066, 29.76737], [-95.36125, 29.7676], [-95.36218, 29.76808], [-95.36303, 29.76856], [-95.36395, 29.76911], [-95.36457, 29.76938], [-95.36485, 29.76943], [-95.36522, 29.76943], [-95.36579, 29.76925], [-95.36606, 29.76906], [-95.36629, 29.76882], [-95.36648, 29.76842], [-95.36656, 29.76799], [-95.36675, 29.76673], [-95.36699, 29.76619], [-95.36732, 29.76555], [-95.3678, 29.76492], [-95.36809, 29.76464], [-95.36844, 29.76437], [-95.36895, 29.76409], [-95.36946, 29.76385], [-95.36994, 29.76363], [-95.37033, 29.76355], [-95.3706, 29.76345], [-95.3721, 29.763], [-95.37268, 29.76276], [-95.3734, 29.76234], [-95.37383, 29.76195], [-95.37425, 29.76148], [-95.37454, 29.76101], [-95.37474, 29.76062], [-95.37492, 29.76001], [-95.37498, 29.75949], [-95.37499, 29.75776], [-95.37493, 29.75554], [-95.37484, 29.7549], [-95.37474, 29.75455], [-95.37454, 29.75424], [-95.37442, 29.75406], [-95.37396, 29.75355], [-95.37308, 29.75305], [-95.37258, 29.75274], [-95.37239, 29.75263]]}, "properties": {"route_id": "256", "route_short_name": "256", "route_long_name": "Eastex P&R", "route_type": 3, "route_color": "#004080"}}, {"type": "Feature", "geometry": {"type": "LineString", "coordinates": [[-95.37266, 29.75166], [-95.37288, 29.7518], [-95.37369, 29.75227], [-95.37454, 29.75276], [-95.37459, 29.75284], [-95.37466, 29.75355], [-95.37454, 29.75424], [-95.37444, 29.75464], [-95.37448, 29.75573], [-95.37443, 29.75732], [-95.37438, 29.75776], [-95.37431, 29.75805], [-95.37395, 29.75887], [-95.37341, 29.7598], [-95.37255, 29.7614], [-95.37229, 29.76181], [-95.37208, 29.76204], [-95.37132, 29.76273], [-95.37032, 29.76317], [-95.37005, 29.76329], [-95.36897, 29.76378], [-95.36868, 29.76392], [-95.36805, 29.7643], [-95.36772, 29.76457], [-95.36727, 29.76508], [-95.367, 29.76548], [-95.36663, 29.76624], [-95.36639, 29.76679], [-95.36592, 29.76751], [-95.36576, 29.76769], [-95.36538, 29.76795], [-95.3651, 29.76805], [-95.36458, 29.7681], [-95.36387, 29.76798], [-95.36267, 29.76766], [-95.3616, 29.76741], [-95.36108, 29.76722], [-95.36098, 29.76719], [-95.36033, 29.76704], [-95.35947, 29.76702], [-95.35894, 29.76711], [-95.35841, 29.76726], [-95.35828, 29.76729], [-95.35786, 29.76741], [-95.3571, 29.76768], [-95.35602, 29.76807], [-95.35371, 29.76915], [-95.35294, 29.7695], [-95.35195, 29.76984], [-95.35126, 29.76997], [-95.35017, 29.77001], [-95.34818, 29.77001], [-95.34764, 29.76998], [-95.34655, 29.76981], [-95.34564, 29.76956], [-95.34428, 29.76916], [-95.34349, 29.76906], [-95.34178, 29.76905], [-95.34152, 29.76907], [-95.34119, 29.76913], [-95.34079, 29.76929], [-95.34055, 29.76948], [-95.34027, 29.76984], [-95.34018, 29.77006], [-95.33988, 29.7713], [-95.33978, 29.77194], [-95.33974, 29.77359], [-95.33973, 29.7749], [-95.33973, 29.77579], [-95.33986, 29.77715], [-95.3398, 29.77857], [-95.33965, 29.78181], [-95.33963, 29.78244], [-95.33964, 29.78384], [-95.33967, 29.78617], [-95.33966, 29.78715], [-95.33955, 29.79006], [-95.33953, 29.79148], [-95.33957, 29.79447], [-95.33956, 29.79541], [-95.33961, 29.79717], [-95.33963, 29.79946], [-95.33965, 29.80032], [-95.33965, 29.80144], [-95.33961, 29.80245], [-95.33942, 29.80326], [-95.33922, 29.80381], [-95.33896, 29.80438], [-95.33842, 29.80527], [-95.33628, 29.80791], [-95.33588, 29.8085], [-95.33552, 29.80913], [-95.33529, 29.8097], [-95.3352, 29.81006], [-95.33505, 29.81113], [-95.33503, 29.81242], [-95.33507, 29.81326], [-95.33507, 29.81341], [-95.33504, 29.81583], [-95.33505, 29.817], [-95.33506, 29.82109], [-95.33507, 29.82248], [-95.33513, 29.82371], [-95.3352, 29.82634], [-95.33519, 29.82742], [-95.33512, 29.82833], [-95.33499, 29.82927], [-95.33465, 29.83087], [-95.33453, 29.83151], [-95.33405, 29.83374], [-95.33344, 29.83679], [-95.3333, 29.8378], [-95.33325, 29.83852], [-95.33323, 29.83964], [-95.33326, 29.84101], [-95.33328, 29.84284], [-95.3333, 29.84359], [-95.33337, 29.84872], [-95.33339, 29.85024], [-95.33344, 29.85291], [-95.33346, 29.85574], [-95.3334, 29.85712], [-95.33333, 29.85816], [-95.3333, 29.85923], [-95.33326, 29.85995], [-95.33323, 29.86103], [-95.33318, 29.86225], [-95.33311, 29.86295], [-95.333, 29.86363], [-95.3328, 29.86445], [-95.33264, 29.86499], [-95.33235, 29.86575], [-95.33194, 29.86667], [-95.32982, 29.87034], [-95.32664, 29.87578], [-95.32456, 29.87938], [-95.32338, 29.8814], [-95.32125, 29.88508], [-95.32069, 29.88606], [-95.31945, 29.88818], [-95.31732, 29.89187], [-95.31653, 29.89322], [-95.31516, 29.8956], [-95.31452, 29.89669], [-95.31318, 29.899], [-95.31267, 29.89991], [-95.31206, 29.90112], [-95.3117, 29.90195], [-95.31145, 29.90263], [-95.31113, 29.90359], [-95.31079, 29.90485], [-95.31013, 29.90766], [-95.30994, 29.90851], [-95.30957, 29.91002], [-95.30883, 29.91316], [-95.30843, 29.91485], [-95.3082, 29.91571], [-95.30805, 29.91613], [-95.30763, 29.917], [-95.30716, 29.91774], [-95.30336, 29.92321], [-95.30274, 29.92411], [-95.30206, 29.9252], [-95.30149, 29.92625], [-95.30097, 29.92736], [-95.30048, 29.92846], [-95.2998, 29.93008], [-95.2993, 29.9313], [-95.29864, 29.93298], [-95.29824, 29.93391], [-95.29636, 29.93816], [-95.29614, 29.9387], [-95.29574, 29.93956], [-95.29534, 29.94052], [-95.29502, 29.94121], [-95.29421, 29.94302], [-95.29334, 29.94504], [-95.29092, 29.95049], [-95.28971, 29.95324], [-95.28895, 29.95491], [-95.28657, 29.96026], [-95.28563, 29.96242], [-95.28532, 29.96309], [-95.28415, 29.96574], [-95.28071, 29.97351], [-95.27981, 29.97553], [-95.27914, 29.97685], [-95.27849, 29.97802], [-95.27795, 29.97917], [-95.27753, 29.98028], [-95.27739, 29.98074], [-95.27683, 29.98219], [-95.27511, 29.98651], [-95.27483, 29.98717], [-95.27401, 29.98932], [-95.2722, 29.99402], [-95.27152, 29.99574], [-95.27086, 29.99734], [-95.27052, 29.99831], [-95.27006, 29.99979], [-95.2696, 30.001], [-95.26816, 30.00423], [-95.26796, 30.00471], [-95.26644, 30.00814], [-95.26486, 30.01083], [-95.26406, 30.01261], [-95.2636, 30.01357], [-95.26315, 30.0146], [-95.26262, 30.01527], [-95.26211, 30.01571], [-95.26136, 30.01618], [-95.26093, 30.01657], [-95.26066, 30.01692], [-95.26034, 30.01757], [-95.26239, 30.01822], [-95.26286, 30.01836], [-95.26411, 30.01876], [-95.26431, 30.01874], [-95.26495, 30.0189], [-95.26512, 30.01843], [-95.26509, 30.01793], [-95.26474, 30.01731], [-95.26431, 30.01676], [-95.26416, 30.01652], [-95.26367, 30.01672], [-95.26353, 30.01681], [-95.26342, 30.01709], [-95.26331, 30.01741], [-95.26306, 30.01787], [-95.26286, 30.01836], [-95.26279, 30.01862], [-95.26245, 30.01952], [-95.26259, 30.01973], [-95.26281, 30.01963], [-95.26286, 30.01945], [-95.26301, 30.01909]]}, "properties": {"route_id": "257", "route_short_name": "257", "route_long_name": "Townsen P&R", "route_type": 3, "route_color": "#004080"}}, {"type": "Feature", "geometry": {"type": "LineString", "coordinates": [[-95.37239, 29.75263], [-95.37228, 29.75257], [-95.37139, 29.75202], [-95.37051, 29.7515], [-95.36935, 29.75301], [-95.36841, 29.7542], [-95.36768, 29.7551], [-95.36743, 29.75547], [-95.36661, 29.75645], [-95.36641, 29.75677], [-95.36504, 29.75852], [-95.36482, 29.75879], [-95.36465, 29.75899], [-95.36447, 29.75924], [-95.36359, 29.7603], [-95.36324, 29.76076], [-95.36163, 29.7628], [-95.36103, 29.76354], [-95.36023, 29.76303], [-95.36016, 29.76299], [-95.35957, 29.76265], [-95.35928, 29.76249], [-95.35841, 29.76194], [-95.35753, 29.76143], [-95.35667, 29.76091], [-95.35499, 29.75989], [-95.3541, 29.75938], [-95.35325, 29.75885], [-95.35267, 29.75963], [-95.35205, 29.76038], [-95.35169, 29.76092], [-95.3516, 29.76121], [-95.35128, 29.76188], [-95.35093, 29.76254], [-95.35034, 29.76342], [-95.34982, 29.76403], [-95.34944, 29.76434], [-95.34907, 29.76471], [-95.34788, 29.76571], [-95.34725, 29.76617], [-95.34646, 29.76663], [-95.34601, 29.76685], [-95.34576, 29.76706], [-95.34357, 29.76783], [-95.34312, 29.76801], [-95.3423, 29.76834], [-95.34183, 29.76861], [-95.34136, 29.76897], [-95.34119, 29.76913], [-95.34082, 29.76958], [-95.34052, 29.77013], [-95.34025, 29.77097], [-95.34017, 29.77143], [-95.3401, 29.77248], [-95.34001, 29.77475], [-95.33986, 29.77715], [-95.3398, 29.77857], [-95.33965, 29.78181], [-95.33963, 29.78244], [-95.33964, 29.78384], [-95.33967, 29.78617], [-95.33966, 29.78715], [-95.33955, 29.79006], [-95.33953, 29.79148], [-95.33957, 29.79447], [-95.33956, 29.79541], [-95.33961, 29.79717], [-95.33963, 29.79946], [-95.33965, 29.80032], [-95.33965, 29.80144], [-95.33961, 29.80245], [-95.33942, 29.80326], [-95.33922, 29.80381], [-95.33896, 29.80438], [-95.33842, 29.80527], [-95.33628, 29.80791], [-95.33588, 29.8085], [-95.33552, 29.80913], [-95.33529, 29.8097], [-95.3352, 29.81006], [-95.33505, 29.81113], [-95.33503, 29.81242], [-95.33507, 29.81326], [-95.33507, 29.81341], [-95.33504, 29.81583], [-95.33505, 29.817], [-95.33506, 29.82109], [-95.33507, 29.82248], [-95.33513, 29.82371], [-95.3352, 29.82634], [-95.33519, 29.82742], [-95.33512, 29.82833], [-95.33499, 29.82927], [-95.33465, 29.83087], [-95.33453, 29.83151], [-95.33405, 29.83374], [-95.33344, 29.83679], [-95.3333, 29.8378], [-95.33325, 29.83852], [-95.33323, 29.83964], [-95.33326, 29.84101], [-95.33328, 29.84284], [-95.3333, 29.84359], [-95.33337, 29.84872], [-95.33339, 29.85024], [-95.33344, 29.85291], [-95.33346, 29.85574], [-95.3334, 29.85712], [-95.33333, 29.85816], [-95.3333, 29.85923], [-95.33326, 29.85995], [-95.33323, 29.86103], [-95.33318, 29.86225], [-95.33311, 29.86295], [-95.333, 29.86363], [-95.3328, 29.86445], [-95.33264, 29.86499], [-95.33235, 29.86575], [-95.33194, 29.86667], [-95.32982, 29.87034], [-95.32664, 29.87578], [-95.32456, 29.87938], [-95.32338, 29.8814], [-95.32125, 29.88508], [-95.32069, 29.88606], [-95.31945, 29.88818], [-95.31732, 29.89187], [-95.31653, 29.89322], [-95.31516, 29.8956], [-95.31452, 29.89669], [-95.31318, 29.899], [-95.31267, 29.89991], [-95.31206, 29.90112], [-95.3117, 29.90195], [-95.31145, 29.90263], [-95.31113, 29.90359], [-95.31079, 29.90485], [-95.31013, 29.90766], [-95.30994, 29.90851], [-95.30957, 29.91002], [-95.30883, 29.91316], [-95.30838, 29.91427], [-95.30822, 29.91482], [-95.30774, 29.91608], [-95.30752, 29.91657], [-95.30706, 29.91734], [-95.30601, 29.91886], [-95.30455, 29.9209], [-95.30362, 29.9218], [-95.30235, 29.92294], [-95.30187, 29.92325], [-95.30074, 29.92429], [-95.30017, 29.92477], [-95.29861, 29.92615], [-95.29788, 29.92695], [-95.2971, 29.9277], [-95.29761, 29.92814], [-95.29793, 29.92776], [-95.29818, 29.92766], [-95.29824, 29.92738], [-95.29796, 29.92709], [-95.29845, 29.92654], [-95.29929, 29.92576], [-95.30096, 29.92431], [-95.30198, 29.92336], [-95.30214, 29.92323], [-95.30253, 29.92335], [-95.30264, 29.92369], [-95.30203, 29.92467], [-95.30171, 29.92523], [-95.30085, 29.92689], [-95.30031, 29.92806], [-95.30021, 29.92834], [-95.29978, 29.92926], [-95.29853, 29.93249], [-95.29813, 29.93344], [-95.29727, 29.93513], [-95.29694, 29.93597], [-95.29642, 29.93787], [-95.29636, 29.93816], [-95.29614, 29.9387], [-95.29574, 29.93956], [-95.29534, 29.94052], [-95.29502, 29.94121], [-95.29421, 29.94302], [-95.29334, 29.94504], [-95.29092, 29.95049], [-95.28971, 29.95324], [-95.28895, 29.95491], [-95.28657, 29.96026], [-95.28563, 29.96242], [-95.28532, 29.96309], [-95.28415, 29.96574], [-95.28071, 29.97351], [-95.27981, 29.97553], [-95.27914, 29.97685], [-95.27849, 29.97802], [-95.27795, 29.97917], [-95.27753, 29.98028], [-95.27739, 29.98074], [-95.27683, 29.98219], [-95.27511, 29.98651], [-95.27483, 29.98717], [-95.27401, 29.98932], [-95.2722, 29.99402], [-95.27152, 29.99574], [-95.27086, 29.99734], [-95.27052, 29.99831], [-95.27006, 29.99979], [-95.2696, 30.001], [-95.26816, 30.00423], [-95.26796, 30.00471], [-95.26644, 30.00814], [-95.26486, 30.01083], [-95.26406, 30.01261], [-95.2636, 30.01357], [-95.26315, 30.0146], [-95.26262, 30.01527], [-95.26211, 30.01571], [-95.26136, 30.01618], [-95.26093, 30.01657], [-95.26066, 30.01692], [-95.26034, 30.01757], [-95.26239, 30.01822], [-95.26286, 30.01836], [-95.26411, 30.01876], [-95.26431, 30.01874], [-95.26495, 30.0189], [-95.26512, 30.01843], [-95.26509, 30.01793], [-95.26474, 30.01731], [-95.26431, 30.01676], [-95.26416, 30.01652], [-95.26367, 30.01672], [-95.26353, 30.01681], [-95.26342, 30.01709], [-95.26331, 30.01741], [-95.26306, 30.01787], [-95.26286, 30.01836], [-95.26279, 30.01862], [-95.26245, 30.01952], [-95.26259, 30.01973], [-95.26281, 30.01963], [-95.26286, 30.01945], [-95.26317, 30.01868], [-95.26298, 30.01855], [-95.26279, 30.01862], [-95.26286, 30.01836], [-95.26306, 30.01787], [-95.26331, 30.01741], [-95.26342, 30.01709], [-95.26394, 30.01728], [-95.26429, 30.01758], [-95.2645, 30.01755], [-95.26449, 30.01726], [-95.26424, 30.01701], [-95.26367, 30.01672], [-95.26312, 30.01654], [-95.26268, 30.01638], [-95.2619, 30.01616], [-95.26136, 30.01618], [-95.26093, 30.01657], [-95.26066, 30.01692], [-95.26034, 30.01757], [-95.26024, 30.01795], [-95.26025, 30.01836], [-95.26031, 30.01857], [-95.26061, 30.01917], [-95.26071, 30.0196], [-95.26069, 30.02001], [-95.26051, 30.0207], [-95.25954, 30.02288], [-95.25898, 30.0243], [-95.2585, 30.02536], [-95.25804, 30.02642], [-95.25771, 30.02713], [-95.25672, 30.02944], [-95.25525, 30.0326], [-95.25441, 30.03433], [-95.25406, 30.03538], [-95.25388, 30.03602], [-95.25339, 30.03717], [-95.25298, 30.03787], [-95.25287, 30.03817], [-95.25257, 30.03874], [-95.25183, 30.04026], [-95.25141, 30.04107], [-95.25033, 30.04333], [-95.24978, 30.04461], [-95.2483, 30.04884], [-95.24813, 30.04937], [-95.24734, 30.0517], [-95.24566, 30.0514], [-95.24498, 30.05121], [-95.24449, 30.05104], [-95.24398, 30.05082], [-95.24298, 30.05026], [-95.24236, 30.04994], [-95.242, 30.04979], [-95.24128, 30.04957], [-95.2406, 30.04941], [-95.24011, 30.04935], [-95.23957, 30.04933], [-95.23669, 30.04934], [-95.23411, 30.04937], [-95.23354, 30.04939], [-95.23247, 30.04954], [-95.23191, 30.04969], [-95.23105, 30.05002], [-95.23012, 30.05046], [-95.22911, 30.0508], [-95.22828, 30.05096], [-95.22715, 30.05103], [-95.22506, 30.05104], [-95.22434, 30.05102], [-95.2232, 30.05092], [-95.2219, 30.05075], [-95.2208, 30.05056], [-95.22027, 30.05044], [-95.21973, 30.05027], [-95.21813, 30.04968], [-95.21692, 30.04921], [-95.2158, 30.04881], [-95.21452, 30.04832], [-95.21373, 30.04796], [-95.21201, 30.04696], [-95.21099, 30.04652], [-95.21049, 30.04634], [-95.20994, 30.04618], [-95.20851, 30.04583], [-95.20694, 30.04547], [-95.20589, 30.04513], [-95.20499, 30.04478], [-95.20222, 30.04374], [-95.2015, 30.04348], [-95.20095, 30.04331], [-95.20028, 30.04316], [-95.19981, 30.04309], [-95.19899, 30.04302], [-95.19835, 30.04302], [-95.19718, 30.04314], [-95.19569, 30.04341], [-95.19424, 30.04356], [-95.19381, 30.04364], [-95.19305, 30.04385], [-95.19257, 30.04403], [-95.19186, 30.04438], [-95.19134, 30.04471], [-95.19096, 30.045], [-95.19027, 30.04566], [-95.18992, 30.04611], [-95.1895, 30.04676], [-95.1893, 30.04713], [-95.18893, 30.0476], [-95.18836, 30.04813], [-95.18791, 30.04844], [-95.18675, 30.04908], [-95.18596, 30.04941], [-95.18428, 30.04996], [-95.18491, 30.05145], [-95.18506, 30.05191], [-95.18518, 30.05252], [-95.18534, 30.05351], [-95.18444, 30.0539], [-95.18386, 30.05392], [-95.18264, 30.05384], [-95.18257, 30.05403], [-95.18267, 30.05418], [-95.18307, 30.05429]]}, "properties": {"route_id": "259", "route_short_name": "259", "route_long_name": "Kingwood / Townsen / Eastex P&R", "route_type": 3, "route_color": "#004080"}}, {"type": "Feature", "geometry": {"type": "LineString", "coordinates": [[-95.55985, 29.65528], [-95.55929, 29.65528], [-95.55914, 29.65538], [-95.55912, 29.65553], [-95.55926, 29.65564], [-95.56042, 29.65559], [-95.5606, 29.65549], [-95.56074, 29.65525], [-95.56083, 29.65467], [-95.56175, 29.65466], [-95.56292, 29.65472], [-95.56346, 29.65333], [-95.56508, 29.65383], [-95.5645, 29.65441], [-95.56329, 29.65553], [-95.56279, 29.65597], [-95.56229, 29.65636], [-95.56147, 29.65704], [-95.56022, 29.65822], [-95.55914, 29.65944], [-95.55732, 29.66129], [-95.55666, 29.66202], [-95.55549, 29.6631], [-95.55482, 29.6637], [-95.55314, 29.66528], [-95.55177, 29.66658], [-95.55133, 29.66696], [-95.54671, 29.67128], [-95.54568, 29.67222], [-95.54479, 29.67306], [-95.54363, 29.67413], [-95.54269, 29.67503], [-95.54167, 29.67597], [-95.5387, 29.67874], [-95.53778, 29.67958], [-95.53654, 29.68074], [-95.53563, 29.68162], [-95.53493, 29.68236], [-95.53447, 29.6829], [-95.53356, 29.68405], [-95.53304, 29.68473], [-95.53048, 29.68801], [-95.52909, 29.6898], [-95.52864, 29.69033], [-95.52764, 29.69137], [-95.52701, 29.69191], [-95.52563, 29.69314], [-95.52516, 29.69354], [-95.52386, 29.6947], [-95.52096, 29.69727], [-95.51833, 29.69959], [-95.51762, 29.70023], [-95.5165, 29.70121], [-95.51362, 29.70377], [-95.5129, 29.7044], [-95.51277, 29.70453], [-95.51141, 29.70572], [-95.50945, 29.70745], [-95.50703, 29.7096], [-95.50492, 29.71146], [-95.50253, 29.71358], [-95.50022, 29.71562], [-95.49913, 29.71657], [-95.49897, 29.71671], [-95.49431, 29.72083], [-95.49379, 29.7213], [-95.49249, 29.72243], [-95.49155, 29.72328], [-95.49041, 29.72426], [-95.49003, 29.72454], [-95.48949, 29.72487], [-95.48891, 29.72514], [-95.48833, 29.72535], [-95.48744, 29.72555], [-95.48695, 29.7256], [-95.48615, 29.72563], [-95.48408, 29.72564], [-95.47896, 29.72569], [-95.47638, 29.72569], [-95.47531, 29.72571], [-95.47318, 29.72572], [-95.47158, 29.7258], [-95.47033, 29.72588], [-95.46956, 29.72591], [-95.46835, 29.72602], [-95.46718, 29.72622], [-95.46599, 29.72654], [-95.4646, 29.72709], [-95.46303, 29.72774], [-95.4615, 29.72833], [-95.46128, 29.72842], [-95.46104, 29.72852], [-95.46083, 29.72861], [-95.45922, 29.72924], [-95.45837, 29.72949], [-95.4574, 29.72969], [-95.45659, 29.72982], [-95.45532, 29.72992], [-95.45164, 29.73], [-95.45086, 29.73], [-95.44951, 29.7299], [-95.44828, 29.72975], [-95.44754, 29.72963], [-95.4464, 29.72939], [-95.44439, 29.72901], [-95.44366, 29.72891], [-95.44273, 29.72881], [-95.44142, 29.72874], [-95.4398, 29.72877], [-95.43639, 29.72894], [-95.43342, 29.72906], [-95.43227, 29.72914], [-95.4311, 29.72928], [-95.43018, 29.72942], [-95.42811, 29.72976], [-95.42539, 29.73022], [-95.42388, 29.73038], [-95.42298, 29.73042], [-95.42011, 29.73044], [-95.41865, 29.73046], [-95.41697, 29.73047], [-95.41521, 29.73051], [-95.41458, 29.73054], [-95.4125, 29.73069], [-95.41061, 29.73073], [-95.40901, 29.73074], [-95.40692, 29.73074], [-95.40457, 29.73084], [-95.40331, 29.73088], [-95.40012, 29.73102], [-95.39788, 29.73117], [-95.39477, 29.73143], [-95.39109, 29.73172], [-95.38996, 29.7318], [-95.38915, 29.73184], [-95.38808, 29.73203], [-95.38772, 29.73212], [-95.38724, 29.73231], [-95.38689, 29.73251], [-95.3866, 29.73274], [-95.38628, 29.73309], [-95.38512, 29.73461], [-95.3841, 29.73598], [-95.38318, 29.73715], [-95.38275, 29.73766], [-95.38235, 29.73819], [-95.38208, 29.73872], [-95.3819, 29.7394], [-95.38174, 29.74043], [-95.38153, 29.74082], [-95.38111, 29.74129], [-95.38022, 29.74249], [-95.37965, 29.7432], [-95.37893, 29.74409], [-95.37726, 29.74624], [-95.37668, 29.74694], [-95.37404, 29.75031], [-95.37344, 29.75107], [-95.3726, 29.75052], [-95.37171, 29.75002], [-95.37132, 29.74978], [-95.37132, 29.74979], [-95.37089, 29.74951], [-95.37078, 29.74945], [-95.3706, 29.74934], [-95.36993, 29.74896], [-95.3691, 29.74844], [-95.36741, 29.7474], [-95.36681, 29.74812], [-95.36617, 29.74888], [-95.36561, 29.74964], [-95.36442, 29.75115], [-95.36384, 29.75187], [-95.36332, 29.75255], [-95.36206, 29.75412], [-95.36073, 29.75582], [-95.36029, 29.75636], [-95.35972, 29.7571], [-95.35844, 29.7587], [-95.35786, 29.75947], [-95.35699, 29.75895], [-95.35613, 29.75839], [-95.35553, 29.75914], [-95.35499, 29.75989], [-95.3541, 29.75938], [-95.3547, 29.75863], [-95.35553, 29.75914], [-95.35595, 29.7594], [-95.35609, 29.75949], [-95.35632, 29.75963]]}, "properties": {"route_id": "265", "route_short_name": "265", "route_long_name": "West Bellfort P&R", "route_type": 3, "route_color": "#004080"}}, {"type": "Feature", "geometry": {"type": "LineString", "coordinates": [[-95.55986, 29.65527], [-95.55929, 29.65528], [-95.55914, 29.65538], [-95.55912, 29.65553], [-95.55926, 29.65564], [-95.56042, 29.65559], [-95.5606, 29.65549], [-95.56074, 29.65525], [-95.56083, 29.65467], [-95.56175, 29.65466], [-95.56292, 29.65472], [-95.56346, 29.65333], [-95.56508, 29.65383], [-95.5645, 29.65441], [-95.56329, 29.65553], [-95.56279, 29.65597], [-95.56229, 29.65636], [-95.56147, 29.65704], [-95.56022, 29.65822], [-95.55914, 29.65944], [-95.55732, 29.66129], [-95.55666, 29.66202], [-95.55549, 29.6631], [-95.55482, 29.6637], [-95.55314, 29.66528], [-95.55177, 29.66658], [-95.55133, 29.66696], [-95.54671, 29.67128], [-95.54568, 29.67222], [-95.54479, 29.67306], [-95.54363, 29.67413], [-95.54269, 29.67503], [-95.54167, 29.67597], [-95.5387, 29.67874], [-95.53778, 29.67958], [-95.53654, 29.68074], [-95.53563, 29.68162], [-95.53493, 29.68236], [-95.53447, 29.6829], [-95.53356, 29.68405], [-95.53304, 29.68473], [-95.53048, 29.68801], [-95.52909, 29.6898], [-95.52864, 29.69033], [-95.52764, 29.69137], [-95.52701, 29.69191], [-95.52563, 29.69314], [-95.52516, 29.69354], [-95.52386, 29.6947], [-95.52096, 29.69727], [-95.51833, 29.69959], [-95.51762, 29.70023], [-95.5165, 29.70121], [-95.51362, 29.70377], [-95.5129, 29.7044], [-95.51277, 29.70453], [-95.51141, 29.70572], [-95.50945, 29.70745], [-95.50703, 29.7096], [-95.50492, 29.71146], [-95.50253, 29.71358], [-95.50022, 29.71562], [-95.49913, 29.71657], [-95.49897, 29.71671], [-95.49431, 29.72083], [-95.49379, 29.7213], [-95.49249, 29.72243], [-95.49155, 29.72328], [-95.49041, 29.72426], [-95.49003, 29.72454], [-95.48949, 29.72487], [-95.48891, 29.72514], [-95.48833, 29.72535], [-95.48744, 29.72555], [-95.48695, 29.7256], [-95.48615, 29.72563], [-95.48408, 29.72564], [-95.47896, 29.72569], [-95.47638, 29.72569], [-95.47531, 29.72571], [-95.47318, 29.72572], [-95.47158, 29.7258], [-95.47033, 29.72588], [-95.46956, 29.72591], [-95.46835, 29.72602], [-95.46718, 29.72622], [-95.46599, 29.72654], [-95.4646, 29.72709], [-95.46303, 29.72774], [-95.4615, 29.72833], [-95.46128, 29.72842], [-95.46104, 29.72852], [-95.46083, 29.72861], [-95.45922, 29.72924], [-95.45837, 29.72949], [-95.4574, 29.72969], [-95.45659, 29.72982], [-95.45532, 29.72992], [-95.45164, 29.73], [-95.45086, 29.73], [-95.44951, 29.7299], [-95.44828, 29.72975], [-95.44754, 29.72963], [-95.4464, 29.72939], [-95.44439, 29.72901], [-95.44366, 29.72891], [-95.44273, 29.72881], [-95.44142, 29.72874], [-95.4398, 29.72877], [-95.43639, 29.72894], [-95.43342, 29.72906], [-95.43227, 29.72914], [-95.4311, 29.72928], [-95.43018, 29.72942], [-95.42811, 29.72976], [-95.42539, 29.73022], [-95.42388, 29.73038], [-95.42298, 29.73042], [-95.42011, 29.73044], [-95.41865, 29.73046], [-95.41697, 29.73047], [-95.41521, 29.73051], [-95.41458, 29.73054], [-95.4125, 29.73069], [-95.41061, 29.73073], [-95.40901, 29.73074], [-95.40692, 29.73074], [-95.40457, 29.73084], [-95.40331, 29.73088], [-95.40012, 29.73102], [-95.39788, 29.73117], [-95.39477, 29.73143], [-95.39109, 29.73172], [-95.38996, 29.7318], [-95.38915, 29.73184], [-95.38808, 29.73203], [-95.38772, 29.73212], [-95.38724, 29.73231], [-95.38689, 29.73251], [-95.3866, 29.73274], [-95.38628, 29.73309], [-95.38512, 29.73461], [-95.3841, 29.73598], [-95.38318, 29.73715], [-95.38275, 29.73766], [-95.38235, 29.73819], [-95.38208, 29.73872], [-95.3819, 29.7394], [-95.38174, 29.74043], [-95.38153, 29.74082], [-95.38111, 29.74129], [-95.38022, 29.74249], [-95.37965, 29.7432], [-95.37893, 29.74409], [-95.37726, 29.74624], [-95.37668, 29.74694], [-95.37404, 29.75031], [-95.37344, 29.75107], [-95.37288, 29.7518], [-95.37269, 29.75204], [-95.37228, 29.75257], [-95.3705, 29.75484], [-95.3693, 29.75629], [-95.36812, 29.75779], [-95.36695, 29.75927], [-95.36654, 29.75977], [-95.36635, 29.76001], [-95.36574, 29.76077], [-95.36452, 29.76232], [-95.36394, 29.76308], [-95.36336, 29.7638], [-95.36308, 29.76411], [-95.36274, 29.76457], [-95.36187, 29.76404], [-95.36103, 29.76354], [-95.36023, 29.76303], [-95.36016, 29.76299], [-95.35957, 29.76265], [-95.35928, 29.76249], [-95.35841, 29.76194], [-95.35753, 29.76143], [-95.35667, 29.76091], [-95.35499, 29.75989], [-95.3541, 29.75938], [-95.3547, 29.75863], [-95.35553, 29.75914], [-95.35595, 29.7594], [-95.35632, 29.75963]]}, "properties": {"route_id": "269", "route_short_name": "269", "route_long_name": "West Bellfort P&R", "route_type": 3, "route_color": "#004080"}}, {"type": "Feature", "geometry": {"type": "LineString", "coordinates": [[-95.3877, 29.70105], [-95.38841, 29.70123], [-95.38774, 29.70295], [-95.38661, 29.7027], [-95.38584, 29.70247], [-95.38638, 29.7009], [-95.38683, 29.69955], [-95.38703, 29.69888], [-95.38831, 29.69865], [-95.39051, 29.69823], [-95.39188, 29.69794], [-95.39317, 29.69763], [-95.3957, 29.69703], [-95.39837, 29.69637], [-95.399, 29.69833], [-95.3992, 29.69906], [-95.39929, 29.69974], [-95.39926, 29.7009], [-95.39925, 29.70208], [-95.39937, 29.70283], [-95.39953, 29.70349], [-95.39947, 29.7044], [-95.40104, 29.70406], [-95.40172, 29.70391], [-95.4022, 29.70381], [-95.40274, 29.70369], [-95.40289, 29.70366], [-95.40335, 29.70357], [-95.40391, 29.70346], [-95.40465, 29.70344], [-95.40451, 29.70384], [-95.4043, 29.70386], [-95.40401, 29.70375], [-95.40381, 29.7038], [-95.40406, 29.70475], [-95.40404, 29.70483], [-95.40379, 29.70483], [-95.40366, 29.70484], [-95.40341, 29.70485], [-95.40317, 29.7039], [-95.40341, 29.70375], [-95.40353, 29.70421], [-95.40361, 29.7045], [-95.40367, 29.70475], [-95.40366, 29.70484], [-95.40341, 29.70485], [-95.40317, 29.7039], [-95.40341, 29.70375], [-95.40351, 29.70373], [-95.40381, 29.7038], [-95.40431, 29.70398], [-95.40455, 29.70396], [-95.40469, 29.70369], [-95.40465, 29.70344], [-95.40529, 29.70356], [-95.40578, 29.70376], [-95.40666, 29.70423], [-95.40716, 29.70364], [-95.40726, 29.70348], [-95.40898, 29.70124], [-95.40966, 29.70043], [-95.41132, 29.69835], [-95.41179, 29.69774], [-95.41235, 29.69698], [-95.41366, 29.69536], [-95.41434, 29.69449], [-95.4145, 29.69444], [-95.41528, 29.69347], [-95.41609, 29.69242], [-95.41692, 29.69137], [-95.41742, 29.69069], [-95.41799, 29.69003], [-95.4189, 29.68885], [-95.42133, 29.68575], [-95.42311, 29.68351], [-95.42396, 29.68247], [-95.42441, 29.68188], [-95.42525, 29.68092], [-95.42602, 29.67983], [-95.42741, 29.67804], [-95.42833, 29.67695], [-95.42917, 29.6759], [-95.4304, 29.67427], [-95.43136, 29.67302], [-95.43387, 29.6699], [-95.43534, 29.66803], [-95.4357, 29.66758], [-95.43843, 29.66407], [-95.4404, 29.66159], [-95.44109, 29.6607], [-95.44143, 29.66023], [-95.44157, 29.65998], [-95.44178, 29.65942], [-95.44185, 29.659], [-95.44198, 29.65738], [-95.44206, 29.65685], [-95.4423, 29.6561], [-95.44262, 29.6556], [-95.44305, 29.65518], [-95.44364, 29.65482], [-95.4446, 29.6545], [-95.44648, 29.65394], [-95.44668, 29.65387], [-95.44757, 29.65361], [-95.45001, 29.65285], [-95.45119, 29.65239], [-95.45368, 29.65145], [-95.45596, 29.65056], [-95.4568, 29.65021], [-95.45792, 29.64977], [-95.46088, 29.64864], [-95.46359, 29.64759], [-95.46592, 29.64667], [-95.47032, 29.645], [-95.47105, 29.64471], [-95.47411, 29.64356], [-95.47579, 29.64286], [-95.47634, 29.64262], [-95.4789, 29.64161], [-95.47927, 29.64154], [-95.48035, 29.64121], [-95.48109, 29.64094], [-95.48147, 29.64077], [-95.48202, 29.64034], [-95.48231, 29.63998], [-95.4825, 29.63935], [-95.48251, 29.63892], [-95.48235, 29.63778], [-95.48228, 29.63609], [-95.48216, 29.63478], [-95.48207, 29.63269], [-95.48208, 29.63205], [-95.48202, 29.63045], [-95.48201, 29.629], [-95.48204, 29.6285], [-95.48227, 29.62767], [-95.48259, 29.62708], [-95.48284, 29.62672], [-95.48313, 29.6264], [-95.48348, 29.62611], [-95.48398, 29.62577], [-95.48715, 29.62425], [-95.48753, 29.62404], [-95.48804, 29.62367], [-95.4885, 29.62322], [-95.48901, 29.62249], [-95.4897, 29.62109], [-95.49029, 29.62], [-95.49102, 29.61857], [-95.49154, 29.61768], [-95.49216, 29.61666], [-95.49379, 29.61416], [-95.49547, 29.61162], [-95.49653, 29.60997], [-95.49764, 29.60815], [-95.49867, 29.60652], [-95.5003, 29.60385], [-95.50147, 29.60179], [-95.50248, 29.60014], [-95.50372, 29.59812], [-95.50449, 29.59682], [-95.50506, 29.5957], [-95.50525, 29.59525], [-95.50566, 29.59409], [-95.50596, 29.59297], [-95.50618, 29.5917], [-95.50629, 29.5904], [-95.50628, 29.58915], [-95.50622, 29.58668], [-95.5062, 29.58475], [-95.50611, 29.58033], [-95.50613, 29.57804], [-95.50622, 29.57641], [-95.50637, 29.57494], [-95.50659, 29.57322], [-95.5067, 29.57246], [-95.50683, 29.57116], [-95.50694, 29.56945], [-95.50697, 29.56812], [-95.50697, 29.56693], [-95.50679, 29.55858], [-95.50673, 29.55768], [-95.50666, 29.55707], [-95.50644, 29.55584], [-95.50625, 29.55512], [-95.50601, 29.55435], [-95.5058, 29.55377], [-95.50527, 29.55257], [-95.50341, 29.54914], [-95.50271, 29.54779], [-95.50241, 29.54712], [-95.50214, 29.54642], [-95.5019, 29.54569], [-95.50165, 29.54472], [-95.50151, 29.54405], [-95.50137, 29.54297], [-95.50134, 29.54254], [-95.50132, 29.54155], [-95.50137, 29.54054], [-95.50152, 29.53952], [-95.50163, 29.539], [-95.50186, 29.5385], [-95.50214, 29.53779], [-95.50267, 29.53658], [-95.50329, 29.53524], [-95.5043, 29.53364], [-95.50507, 29.53263], [-95.50624, 29.53134], [-95.50691, 29.53067], [-95.50794, 29.52994], [-95.50864, 29.52952], [-95.50911, 29.52927], [-95.50888, 29.52854], [-95.50847, 29.52865]]}, "properties": {"route_id": "270", "route_short_name": "270", "route_long_name": "Missouri City P&R", "route_type": 3, "route_color": "#004080"}}, {"type": "Feature", "geometry": {"type": "LineString", "coordinates": [[-95.40349, 29.70404], [-95.40353, 29.70421], [-95.40361, 29.7045], [-95.40367, 29.70475], [-95.40366, 29.70484], [-95.40341, 29.70485], [-95.40317, 29.7039], [-95.40341, 29.70375], [-95.40351, 29.70373], [-95.40381, 29.7038], [-95.40431, 29.70398], [-95.40455, 29.70396], [-95.40469, 29.70369], [-95.40465, 29.70344], [-95.40391, 29.70346], [-95.40335, 29.70357], [-95.40289, 29.70366], [-95.40274, 29.70369], [-95.4022, 29.70381], [-95.40172, 29.70391], [-95.40104, 29.70406], [-95.39947, 29.7044], [-95.39937, 29.70459], [-95.39908, 29.70539], [-95.39905, 29.70616], [-95.39903, 29.70735], [-95.39904, 29.70872], [-95.3989, 29.70919], [-95.39855, 29.70944], [-95.39739, 29.7101], [-95.39624, 29.70939], [-95.39431, 29.70824], [-95.39401, 29.70786], [-95.39357, 29.70715], [-95.39341, 29.70722], [-95.39275, 29.70751], [-95.39218, 29.70781], [-95.39151, 29.7081], [-95.39124, 29.70816], [-95.39057, 29.70822], [-95.3904, 29.70823], [-95.39053, 29.70876], [-95.39089, 29.70936], [-95.3913, 29.70997], [-95.39142, 29.71006], [-95.39197, 29.71057], [-95.39227, 29.71078], [-95.39276, 29.71126], [-95.39311, 29.71173], [-95.3933, 29.71203], [-95.39355, 29.71265], [-95.39369, 29.71327], [-95.39382, 29.71356], [-95.39427, 29.71404], [-95.39641, 29.7153], [-95.39645, 29.71533], [-95.3965, 29.71537], [-95.39671, 29.7155], [-95.39743, 29.71592], [-95.3954, 29.7185], [-95.39433, 29.71987], [-95.3933, 29.72117], [-95.3917, 29.7231], [-95.3914, 29.72339], [-95.39116, 29.7237], [-95.39097, 29.72374], [-95.39071, 29.72396], [-95.39065, 29.72422], [-95.39046, 29.7247], [-95.38959, 29.72579], [-95.38848, 29.72723], [-95.38794, 29.72789], [-95.38747, 29.72842], [-95.38608, 29.73017], [-95.38561, 29.73081], [-95.38514, 29.73137], [-95.38445, 29.7323], [-95.38341, 29.73366], [-95.38297, 29.73416], [-95.38372, 29.73458], [-95.38418, 29.73466], [-95.38512, 29.73461], [-95.38531, 29.7346], [-95.3854, 29.73459], [-95.38571, 29.73458], [-95.38613, 29.73399], [-95.38653, 29.73333], [-95.38684, 29.73287], [-95.38713, 29.73268], [-95.38757, 29.73247], [-95.38807, 29.73232], [-95.38909, 29.73215], [-95.39107, 29.73202], [-95.39123, 29.732], [-95.39516, 29.73168], [-95.39806, 29.73147], [-95.39875, 29.73143], [-95.40012, 29.73138], [-95.40166, 29.7313], [-95.40211, 29.73121], [-95.40443, 29.73104], [-95.40501, 29.73098], [-95.40549, 29.73095], [-95.40739, 29.7309], [-95.41061, 29.73085], [-95.41245, 29.73083], [-95.41377, 29.73073], [-95.41507, 29.73065], [-95.41749, 29.73061], [-95.41866, 29.73061], [-95.41968, 29.73059], [-95.42133, 29.73058], [-95.42281, 29.73056], [-95.42394, 29.7305], [-95.42497, 29.73041], [-95.42814, 29.72992], [-95.43056, 29.72954], [-95.43181, 29.72938], [-95.43277, 29.7293], [-95.43378, 29.72924], [-95.43748, 29.72905], [-95.43858, 29.72898], [-95.44086, 29.72888], [-95.44161, 29.72888], [-95.44291, 29.72896], [-95.44461, 29.72918], [-95.4472, 29.72972], [-95.4479, 29.72985], [-95.44893, 29.72999], [-95.44999, 29.73008], [-95.45172, 29.73011], [-95.45572, 29.73002], [-95.45675, 29.7299], [-95.4574, 29.72969], [-95.45803, 29.72939], [-95.45877, 29.72913], [-95.45945, 29.72896], [-95.46094, 29.72841], [-95.46124, 29.72828], [-95.46145, 29.72819], [-95.46242, 29.72782], [-95.46374, 29.72726], [-95.46388, 29.72711], [-95.46403, 29.72678], [-95.46428, 29.72593], [-95.46429, 29.72541], [-95.46429, 29.72516], [-95.46521, 29.72513], [-95.46521, 29.72537], [-95.46429, 29.72541], [-95.46428, 29.72593], [-95.46403, 29.72678], [-95.46408, 29.72701], [-95.46428, 29.72712], [-95.4646, 29.72709], [-95.46518, 29.72699], [-95.46601, 29.7267], [-95.46668, 29.72649], [-95.46749, 29.72631], [-95.46835, 29.72617], [-95.46927, 29.72608], [-95.47078, 29.726], [-95.47322, 29.72589], [-95.47638, 29.72585], [-95.4833, 29.7258], [-95.48407, 29.7258], [-95.48625, 29.72577], [-95.48686, 29.72575], [-95.48746, 29.72569], [-95.48792, 29.7256], [-95.48846, 29.72545], [-95.48898, 29.72527], [-95.4899, 29.7248], [-95.49034, 29.7245], [-95.49117, 29.72381], [-95.49306, 29.72214], [-95.49377, 29.72148], [-95.49483, 29.72053], [-95.49605, 29.71946], [-95.49696, 29.71869], [-95.49908, 29.7168], [-95.49923, 29.71666], [-95.50077, 29.71532], [-95.50552, 29.71111], [-95.50747, 29.70939], [-95.50876, 29.70824], [-95.51092, 29.70634], [-95.51304, 29.70446], [-95.51772, 29.70033], [-95.52119, 29.69724], [-95.52716, 29.69197], [-95.52751, 29.69167], [-95.52838, 29.6908], [-95.52913, 29.68995], [-95.53061, 29.68807], [-95.53191, 29.68641], [-95.5338, 29.68396], [-95.53486, 29.68264], [-95.53563, 29.6818], [-95.53664, 29.68083], [-95.53919, 29.67846], [-95.5419, 29.67595], [-95.54656, 29.67161], [-95.54668, 29.67148], [-95.54759, 29.67071], [-95.54774, 29.67069], [-95.54829, 29.67115], [-95.54839, 29.67158], [-95.54844, 29.67343], [-95.5483, 29.67361], [-95.54809, 29.67361], [-95.54795, 29.67337], [-95.54821, 29.67282], [-95.54815, 29.67182], [-95.54795, 29.67162], [-95.54779, 29.67183], [-95.5478, 29.67244], [-95.54789, 29.67262], [-95.5479, 29.67345], [-95.54808, 29.67366], [-95.54838, 29.67363], [-95.54851, 29.67344], [-95.54846, 29.67149], [-95.54834, 29.67112], [-95.54821, 29.67096], [-95.54779, 29.67064], [-95.54795, 29.67036], [-95.54816, 29.67025], [-95.54866, 29.66977], [-95.54866, 29.66963], [-95.55003, 29.66838], [-95.5536, 29.66504], [-95.5556, 29.6632], [-95.55685, 29.66209], [-95.55755, 29.66138], [-95.5585, 29.66052], [-95.55982, 29.65927], [-95.56169, 29.65756], [-95.56243, 29.65678], [-95.56255, 29.65662], [-95.56229, 29.65636], [-95.56118, 29.65544], [-95.56074, 29.65525], [-95.56034, 29.65526], [-95.55985, 29.65528]]}, "properties": {"route_id": "292", "route_short_name": "292", "route_long_name": "Southwest Freeway / TMC P&R", "route_type": 3, "route_color": "#004080"}}, {"type": "Feature", "geometry": {"type": "LineString", "coordinates": [[-95.20818, 29.61377], [-95.20822, 29.61408], [-95.20787, 29.61401], [-95.20774, 29.61379], [-95.20789, 29.61345], [-95.20908, 29.61226], [-95.20972, 29.61176], [-95.21012, 29.61134], [-95.21042, 29.61114], [-95.21068, 29.61123], [-95.21246, 29.61284], [-95.21531, 29.61544], [-95.21609, 29.61614], [-95.21919, 29.61895], [-95.22076, 29.62039], [-95.22497, 29.62423], [-95.22673, 29.62582], [-95.22849, 29.62743], [-95.22869, 29.62764], [-95.23143, 29.63009], [-95.23421, 29.63262], [-95.23514, 29.63349], [-95.23634, 29.63457], [-95.23952, 29.63747], [-95.24219, 29.63989], [-95.24329, 29.64091], [-95.24387, 29.64151], [-95.2447, 29.64246], [-95.24545, 29.6435], [-95.24652, 29.64504], [-95.2474, 29.64635], [-95.24852, 29.64808], [-95.25019, 29.65072], [-95.25137, 29.65251], [-95.25151, 29.65271], [-95.25384, 29.65624], [-95.25635, 29.66006], [-95.25706, 29.66112], [-95.25799, 29.66254], [-95.25801, 29.66266], [-95.25828, 29.66309], [-95.25804, 29.66332], [-95.25753, 29.66343], [-95.25567, 29.66346], [-95.25489, 29.6635], [-95.25449, 29.6635], [-95.25415, 29.66351], [-95.25405, 29.66357], [-95.25403, 29.6638], [-95.25412, 29.66388], [-95.25525, 29.66386], [-95.25574, 29.66363], [-95.25629, 29.66352], [-95.25743, 29.66351], [-95.25807, 29.66336], [-95.25841, 29.66326], [-95.25867, 29.66357], [-95.2594, 29.66468], [-95.26013, 29.66573], [-95.26224, 29.669], [-95.26239, 29.66923], [-95.26358, 29.67099], [-95.26404, 29.67161], [-95.26472, 29.67241], [-95.26564, 29.67337], [-95.26779, 29.67555], [-95.26868, 29.67648], [-95.27225, 29.68008], [-95.2726, 29.68045], [-95.27406, 29.68189], [-95.27661, 29.68443], [-95.27724, 29.68507], [-95.27797, 29.6858], [-95.28024, 29.68809], [-95.28091, 29.68879], [-95.28191, 29.6898], [-95.28437, 29.69231], [-95.28492, 29.69296], [-95.28521, 29.69336], [-95.2861, 29.69472], [-95.28637, 29.69508], [-95.28667, 29.69535], [-95.28746, 29.69581], [-95.28789, 29.69613], [-95.28835, 29.69659], [-95.28848, 29.69674], [-95.28867, 29.69703], [-95.28894, 29.69742], [-95.28923, 29.69771], [-95.28989, 29.69819], [-95.29019, 29.69833], [-95.29074, 29.69866], [-95.29163, 29.69929], [-95.29295, 29.70031], [-95.29358, 29.70075], [-95.29467, 29.70147], [-95.29555, 29.70202], [-95.29663, 29.70272], [-95.30049, 29.7052], [-95.30196, 29.70617], [-95.30434, 29.70779], [-95.30545, 29.70853], [-95.31204, 29.71298], [-95.31337, 29.71386], [-95.31401, 29.71425], [-95.31535, 29.71512], [-95.3179, 29.71675], [-95.31881, 29.71734], [-95.31957, 29.71777], [-95.32072, 29.71837], [-95.32097, 29.71849], [-95.32483, 29.72051], [-95.32584, 29.72105], [-95.32646, 29.72142], [-95.3277, 29.72222], [-95.32857, 29.72276], [-95.32932, 29.72325], [-95.33326, 29.72576], [-95.3337, 29.72605], [-95.33652, 29.72786], [-95.3366, 29.72791], [-95.33698, 29.72816], [-95.33791, 29.72874], [-95.33839, 29.72906], [-95.3395, 29.72976], [-95.34026, 29.73026], [-95.34117, 29.7309], [-95.34214, 29.73169], [-95.34351, 29.73277], [-95.34409, 29.73321], [-95.34511, 29.73404], [-95.34614, 29.73479], [-95.34676, 29.73519], [-95.34711, 29.73541], [-95.3472, 29.73547], [-95.34748, 29.73565], [-95.35022, 29.73739], [-95.35469, 29.74022], [-95.35516, 29.74057], [-95.35548, 29.74088], [-95.35606, 29.74158], [-95.35666, 29.74198], [-95.35794, 29.74277], [-95.35859, 29.74313], [-95.35876, 29.74333], [-95.35998, 29.74405], [-95.36167, 29.74506], [-95.36248, 29.74556], [-95.36296, 29.74496], [-95.36449, 29.74316], [-95.36455, 29.74277], [-95.36526, 29.74187], [-95.36583, 29.74092], [-95.36609, 29.74056], [-95.36759, 29.73872], [-95.36907, 29.73679], [-95.36964, 29.73634], [-95.37052, 29.7355], [-95.37081, 29.7352], [-95.37123, 29.73463], [-95.3714, 29.73432], [-95.37175, 29.73333], [-95.3718, 29.7329], [-95.37199, 29.73209], [-95.3723, 29.73117], [-95.37244, 29.7306], [-95.37273, 29.72978], [-95.37296, 29.72927], [-95.3735, 29.72846], [-95.37499, 29.72659], [-95.37584, 29.72547], [-95.37612, 29.72504], [-95.37643, 29.72447], [-95.37676, 29.72377], [-95.37708, 29.72291], [-95.37772, 29.72081], [-95.37808, 29.7195], [-95.37883, 29.71701], [-95.37895, 29.71656], [-95.37908, 29.71584], [-95.37914, 29.71482], [-95.37912, 29.71424], [-95.37906, 29.71365], [-95.37885, 29.71266], [-95.37853, 29.71162], [-95.37833, 29.71107], [-95.37791, 29.7101], [-95.37736, 29.70903], [-95.3763, 29.70718], [-95.37576, 29.70612], [-95.37544, 29.70524], [-95.37523, 29.70442], [-95.37529, 29.70297], [-95.37549, 29.70191], [-95.37675, 29.70229], [-95.3807, 29.70354], [-95.38173, 29.70389], [-95.38227, 29.70414], [-95.38277, 29.70446], [-95.3838, 29.70521], [-95.38441, 29.7056], [-95.38468, 29.70573], [-95.38594, 29.7062], [-95.38695, 29.70651], [-95.38775, 29.70664], [-95.3882, 29.70664], [-95.38893, 29.7065], [-95.38928, 29.70637], [-95.3897, 29.70615], [-95.39025, 29.70593], [-95.39059, 29.70584], [-95.39117, 29.70576], [-95.39153, 29.70577], [-95.39216, 29.70587], [-95.39338, 29.70612], [-95.39363, 29.70621], [-95.39422, 29.70627], [-95.39438, 29.70658], [-95.39412, 29.70681], [-95.39357, 29.70715], [-95.39341, 29.70722], [-95.39347, 29.70732], [-95.3939, 29.70793], [-95.39423, 29.70832], [-95.39527, 29.70892], [-95.39737, 29.7102], [-95.39886, 29.70935], [-95.39901, 29.7092], [-95.39912, 29.70889], [-95.39915, 29.70745], [-95.39914, 29.70698], [-95.39917, 29.7054], [-95.39947, 29.70458], [-95.39947, 29.7044], [-95.40104, 29.70406], [-95.40172, 29.70391], [-95.4022, 29.70381], [-95.40274, 29.70369], [-95.40289, 29.70366], [-95.40335, 29.70357], [-95.40341, 29.70375], [-95.40353, 29.70421], [-95.40361, 29.7045], [-95.40367, 29.70475], [-95.40366, 29.70484], [-95.40341, 29.70485], [-95.40317, 29.7039], [-95.40341, 29.70375], [-95.40351, 29.70373], [-95.40381, 29.7038], [-95.40431, 29.70398], [-95.40455, 29.70396], [-95.40469, 29.70369], [-95.40465, 29.70344], [-95.40391, 29.70346], [-95.40335, 29.70357], [-95.40289, 29.70366], [-95.40274, 29.70369], [-95.4022, 29.70381], [-95.40172, 29.70391], [-95.40104, 29.70406], [-95.39947, 29.7044], [-95.39953, 29.70349], [-95.39937, 29.70283], [-95.39925, 29.70208], [-95.39926, 29.7009], [-95.39929, 29.69974], [-95.3992, 29.69906], [-95.399, 29.69833], [-95.39837, 29.69637], [-95.39833, 29.69626], [-95.39576, 29.69689], [-95.39313, 29.69752], [-95.39306, 29.69733], [-95.39253, 29.69557], [-95.39234, 29.69481], [-95.39229, 29.69436], [-95.39291, 29.69425], [-95.39418, 29.69396]]}, "properties": {"route_id": "297", "route_short_name": "297", "route_long_name": "Gulf Freeway / TMC P&R", "route_type": 3, "route_color": "#004080"}}, {"type": "Feature", "geometry": {"type": "LineString", "coordinates": [[-95.40321, 29.70404], [-95.40317, 29.7039], [-95.40341, 29.70375], [-95.40351, 29.70373], [-95.40381, 29.7038], [-95.40431, 29.70398], [-95.40455, 29.70396], [-95.40469, 29.70369], [-95.40465, 29.70344], [-95.40391, 29.70346], [-95.40335, 29.70357], [-95.40289, 29.70366], [-95.40274, 29.70369], [-95.4022, 29.70381], [-95.40172, 29.70391], [-95.40104, 29.70406], [-95.39947, 29.7044], [-95.39937, 29.70459], [-95.39908, 29.70539], [-95.39905, 29.70616], [-95.39903, 29.70735], [-95.39904, 29.70872], [-95.3989, 29.70919], [-95.39855, 29.70944], [-95.39739, 29.7101], [-95.39624, 29.70939], [-95.39431, 29.70824], [-95.39401, 29.70786], [-95.39357, 29.70715], [-95.39341, 29.70722], [-95.39275, 29.70751], [-95.39218, 29.70781], [-95.39151, 29.7081], [-95.39124, 29.70816], [-95.39057, 29.70822], [-95.3904, 29.70823], [-95.39053, 29.70876], [-95.39089, 29.70936], [-95.3913, 29.70997], [-95.39142, 29.71006], [-95.39197, 29.71057], [-95.39227, 29.71078], [-95.39276, 29.71126], [-95.39311, 29.71173], [-95.3933, 29.71203], [-95.39355, 29.71265], [-95.39369, 29.71327], [-95.39382, 29.71356], [-95.39427, 29.71404], [-95.39641, 29.7153], [-95.39645, 29.71533], [-95.3965, 29.71537], [-95.39671, 29.7155], [-95.39743, 29.71592], [-95.3954, 29.7185], [-95.39433, 29.71987], [-95.3933, 29.72117], [-95.3917, 29.7231], [-95.3914, 29.72339], [-95.39116, 29.7237], [-95.39097, 29.72374], [-95.39071, 29.72396], [-95.39065, 29.72422], [-95.39073, 29.72437], [-95.39089, 29.7244], [-95.39101, 29.7248], [-95.39104, 29.72615], [-95.39105, 29.72782], [-95.39109, 29.72998], [-95.39109, 29.73172], [-95.39108, 29.73187], [-95.39107, 29.73202], [-95.39107, 29.73261], [-95.39116, 29.73456], [-95.39114, 29.7353], [-95.39115, 29.73613], [-95.39119, 29.73701], [-95.39122, 29.73877], [-95.39125, 29.73955], [-95.39127, 29.74149], [-95.39124, 29.74271], [-95.39128, 29.74466], [-95.39122, 29.74486], [-95.39131, 29.74531], [-95.39168, 29.74614], [-95.39184, 29.7466], [-95.3919, 29.7469], [-95.39195, 29.74843], [-95.392, 29.75042], [-95.39201, 29.75149], [-95.39205, 29.75251], [-95.39206, 29.75334], [-95.39209, 29.75497], [-95.39216, 29.75702], [-95.39225, 29.75746], [-95.39234, 29.75808], [-95.39238, 29.75863], [-95.39243, 29.76136], [-95.39232, 29.76161], [-95.39235, 29.76316], [-95.39235, 29.76339], [-95.39223, 29.76469], [-95.39221, 29.76511], [-95.39223, 29.7669], [-95.39218, 29.76759], [-95.39197, 29.76844], [-95.39176, 29.76895], [-95.39141, 29.76977], [-95.39097, 29.77065], [-95.39076, 29.77117], [-95.3906, 29.77184], [-95.3906, 29.77346], [-95.39053, 29.77404], [-95.39031, 29.77462], [-95.39011, 29.77499], [-95.38858, 29.77663], [-95.38833, 29.77689], [-95.38812, 29.77709], [-95.38823, 29.77715], [-95.38845, 29.7772], [-95.38974, 29.77719], [-95.39174, 29.77711], [-95.3937, 29.77707], [-95.3948, 29.77706], [-95.39512, 29.77697], [-95.39588, 29.77686], [-95.39638, 29.77683], [-95.39714, 29.77667], [-95.39726, 29.77668], [-95.3987, 29.77663], [-95.40026, 29.77661], [-95.40128, 29.77665], [-95.40211, 29.77671], [-95.40389, 29.77697], [-95.40626, 29.77739], [-95.40722, 29.77752], [-95.40826, 29.77762], [-95.40905, 29.77766], [-95.40961, 29.77766], [-95.41073, 29.77766], [-95.41146, 29.77763], [-95.41726, 29.77756], [-95.41818, 29.77756], [-95.42193, 29.77749], [-95.4247, 29.77745], [-95.42557, 29.77746], [-95.42679, 29.77745], [-95.42757, 29.7775], [-95.42948, 29.77769], [-95.43065, 29.77783], [-95.43148, 29.7779], [-95.43325, 29.77808], [-95.43925, 29.77874], [-95.44261, 29.77909], [-95.44449, 29.77919], [-95.4451, 29.7792], [-95.44937, 29.77919], [-95.4499, 29.77923], [-95.45076, 29.77954], [-95.45097, 29.77966], [-95.45134, 29.78], [-95.45153, 29.78031], [-95.45164, 29.78067], [-95.45163, 29.78119], [-95.45142, 29.78264], [-95.45144, 29.78384], [-95.45143, 29.78407], [-95.45264, 29.78409], [-95.45447, 29.78411], [-95.45463, 29.78411], [-95.45462, 29.7838], [-95.45462, 29.78345], [-95.45474, 29.7834], [-95.45476, 29.78317], [-95.4548, 29.78302], [-95.45503, 29.78297], [-95.45542, 29.78297], [-95.45566, 29.78297], [-95.45573, 29.78288], [-95.45555, 29.78274], [-95.45512, 29.78268], [-95.45486, 29.78261], [-95.45462, 29.78245], [-95.45436, 29.78249], [-95.45429, 29.78268], [-95.45436, 29.7829], [-95.45446, 29.78294], [-95.45447, 29.7838], [-95.45447, 29.78411], [-95.45463, 29.78411], [-95.45684, 29.78414], [-95.45751, 29.78406], [-95.45821, 29.78406], [-95.45969, 29.78391], [-95.46016, 29.78394], [-95.46132, 29.78416], [-95.46175, 29.78421], [-95.46289, 29.78425], [-95.46689, 29.78426], [-95.46801, 29.78425], [-95.46894, 29.78422], [-95.46965, 29.78423], [-95.4709, 29.78414], [-95.47337, 29.78394], [-95.47487, 29.78384], [-95.47638, 29.78377], [-95.4773, 29.78374], [-95.47913, 29.78377], [-95.48038, 29.7838], [-95.48145, 29.78385], [-95.48509, 29.78408], [-95.48642, 29.78414], [-95.489, 29.78421], [-95.49119, 29.78426], [-95.49524, 29.78425], [-95.49616, 29.78428], [-95.49864, 29.78439], [-95.50048, 29.78449], [-95.50235, 29.78455], [-95.50512, 29.78458], [-95.50848, 29.78459], [-95.50941, 29.78458], [-95.51102, 29.78454], [-95.51341, 29.78445], [-95.51389, 29.78442], [-95.51559, 29.7844], [-95.51721, 29.7844], [-95.51935, 29.78442], [-95.52129, 29.78442], [-95.52395, 29.78445], [-95.52867, 29.78453], [-95.5315, 29.78454], [-95.53165, 29.78453], [-95.53445, 29.78451], [-95.53756, 29.78454], [-95.53926, 29.78454], [-95.54394, 29.78456], [-95.5441, 29.78456], [-95.54563, 29.78454], [-95.54987, 29.7845], [-95.55153, 29.78449], [-95.55318, 29.7845], [-95.55514, 29.78453], [-95.56, 29.78462], [-95.5616, 29.78463], [-95.56466, 29.78463], [-95.56678, 29.78467], [-95.57005, 29.78469], [-95.57328, 29.78469], [-95.57586, 29.7847], [-95.57793, 29.78472], [-95.58071, 29.78477], [-95.58274, 29.78478], [-95.58556, 29.78478], [-95.58794, 29.78477], [-95.59002, 29.78479], [-95.59337, 29.7848], [-95.59816, 29.78479], [-95.60391, 29.78483], [-95.6066, 29.78484], [-95.61093, 29.78491], [-95.61425, 29.78492], [-95.61622, 29.7849], [-95.61753, 29.7849], [-95.61943, 29.78491], [-95.62103, 29.7849], [-95.62506, 29.78492], [-95.62729, 29.78495], [-95.62956, 29.78502], [-95.63033, 29.78495], [-95.63133, 29.78494], [-95.63371, 29.78495], [-95.63425, 29.78497], [-95.63574, 29.78498], [-95.63571, 29.78557], [-95.63556, 29.7859], [-95.63549, 29.78637], [-95.63545, 29.78738], [-95.63548, 29.78766], [-95.63571, 29.78796], [-95.63603, 29.78808], [-95.63658, 29.78805], [-95.6384, 29.78803], [-95.63872, 29.78795], [-95.63896, 29.78782], [-95.63887, 29.78754], [-95.63784, 29.78754], [-95.63778, 29.78781], [-95.63789, 29.78784], [-95.63896, 29.78782], [-95.63872, 29.78795], [-95.6384, 29.78803], [-95.63658, 29.78805], [-95.63611, 29.78797], [-95.63587, 29.78778], [-95.63576, 29.78759], [-95.63575, 29.78737], [-95.63581, 29.78591], [-95.63571, 29.78557], [-95.63574, 29.78498], [-95.63627, 29.78494], [-95.63748, 29.78496], [-95.64109, 29.78492], [-95.6419, 29.7849], [-95.64297, 29.78494], [-95.64502, 29.78493], [-95.64763, 29.78493], [-95.65476, 29.78497], [-95.65945, 29.78498], [-95.66694, 29.78498], [-95.67574, 29.78501], [-95.68806, 29.78494], [-95.68867, 29.78494], [-95.69436, 29.78503], [-95.69641, 29.78509], [-95.69798, 29.78512], [-95.70102, 29.78512], [-95.70379, 29.78517], [-95.70581, 29.78518], [-95.71056, 29.78517], [-95.71231, 29.78525], [-95.71684, 29.78521], [-95.7186, 29.78522], [-95.72161, 29.78525], [-95.72283, 29.78537], [-95.72563, 29.78559], [-95.72627, 29.78566], [-95.72837, 29.78567], [-95.73155, 29.7857], [-95.7341, 29.7857], [-95.73585, 29.78571], [-95.73584, 29.78521], [-95.73585, 29.78482], [-95.73585, 29.78161], [-95.7358, 29.78082], [-95.73568, 29.77985], [-95.73566, 29.77802], [-95.73566, 29.77627], [-95.73639, 29.77639], [-95.73716, 29.77642], [-95.73795, 29.77638], [-95.7388, 29.77623], [-95.73939, 29.77606], [-95.73989, 29.77587], [-95.741, 29.7754], [-95.74146, 29.77527], [-95.74235, 29.77509], [-95.74319, 29.77504], [-95.74363, 29.77505], [-95.74363, 29.77488], [-95.74364, 29.77423], [-95.74382, 29.77407], [-95.74404, 29.77407], [-95.74463, 29.77443], [-95.74482, 29.77432], [-95.74481, 29.77414], [-95.74469, 29.77407], [-95.74443, 29.77407]]}, "properties": {"route_id": "298", "route_short_name": "298", "route_long_name": "Katy Freeway / TMC P&R", "route_type": 3, "route_color": "#004080"}}, {"type": "Feature", "geometry": {"type": "LineString", "coordinates": [[-95.46521, 29.72513], [-95.46521, 29.72537], [-95.46573, 29.72533], [-95.46604, 29.72542], [-95.46632, 29.72558], [-95.46626, 29.72577], [-95.46728, 29.72569], [-95.46815, 29.7256], [-95.46833, 29.72559], [-95.46816, 29.72515], [-95.46814, 29.72365], [-95.46814, 29.72265], [-95.46811, 29.72067], [-95.46811, 29.71865], [-95.46809, 29.71802], [-95.46808, 29.7166], [-95.46805, 29.71487], [-95.46804, 29.71296], [-95.46801, 29.71161], [-95.46801, 29.71062], [-95.46798, 29.70881], [-95.46802, 29.70855], [-95.46801, 29.70762], [-95.468, 29.70615], [-95.46793, 29.70593], [-95.4681, 29.70593], [-95.46841, 29.70583], [-95.46844, 29.70572], [-95.4685, 29.70565], [-95.46908, 29.70563], [-95.46927, 29.70569], [-95.4696, 29.7058], [-95.46989, 29.70577], [-95.47035, 29.70576], [-95.47168, 29.70575], [-95.47268, 29.70576], [-95.47458, 29.70572], [-95.47624, 29.70571], [-95.47887, 29.70569], [-95.47967, 29.70567], [-95.48089, 29.70567], [-95.48368, 29.70563], [-95.48458, 29.70563], [-95.48586, 29.70561], [-95.48808, 29.7056], [-95.48935, 29.70557], [-95.49174, 29.70555], [-95.49318, 29.70555], [-95.49517, 29.70555], [-95.49602, 29.70552], [-95.49723, 29.70551], [-95.50079, 29.70548], [-95.50117, 29.70547], [-95.50113, 29.70606], [-95.50095, 29.70716], [-95.5006, 29.70893], [-95.49991, 29.70885], [-95.49823, 29.70883], [-95.49681, 29.70886], [-95.49683, 29.71063], [-95.49627, 29.71065], [-95.49407, 29.71066], [-95.49339, 29.71079], [-95.49317, 29.71086], [-95.49344, 29.71154], [-95.49358, 29.71179], [-95.49396, 29.7123], [-95.49429, 29.71267], [-95.49465, 29.713], [-95.49575, 29.71392], [-95.49702, 29.71502], [-95.49857, 29.71635], [-95.49897, 29.71671], [-95.49908, 29.7168], [-95.50008, 29.71767], [-95.50043, 29.71813], [-95.50067, 29.71857], [-95.50086, 29.71914], [-95.50094, 29.71964], [-95.49985, 29.71975], [-95.49918, 29.71973], [-95.49864, 29.71963], [-95.49818, 29.71949], [-95.49789, 29.72009], [-95.49794, 29.72113], [-95.49781, 29.72127], [-95.49732, 29.72129], [-95.49735, 29.72151], [-95.49733, 29.72267], [-95.49658, 29.7227], [-95.49531, 29.72281], [-95.49515, 29.72261], [-95.49531, 29.72248], [-95.49632, 29.72241], [-95.49653, 29.72254], [-95.49658, 29.7227], [-95.49733, 29.72267], [-95.49735, 29.72151], [-95.49732, 29.72129], [-95.49781, 29.72127], [-95.49794, 29.72113], [-95.49789, 29.72009], [-95.49818, 29.71949], [-95.49864, 29.71963], [-95.49918, 29.71973], [-95.49985, 29.71975], [-95.50094, 29.71964], [-95.50112, 29.71966], [-95.50096, 29.71906], [-95.50079, 29.71856], [-95.50052, 29.71805], [-95.50026, 29.71768], [-95.49978, 29.71715], [-95.49923, 29.71666], [-95.49913, 29.71657], [-95.49796, 29.71549], [-95.49722, 29.71486], [-95.49702, 29.71502], [-95.49626, 29.7156], [-95.49573, 29.71588], [-95.49456, 29.71628], [-95.49415, 29.71636], [-95.49307, 29.71636], [-95.49308, 29.71735], [-95.49306, 29.71826], [-95.4931, 29.71997], [-95.49116, 29.71999], [-95.49035, 29.72001], [-95.48858, 29.72001], [-95.48477, 29.72006], [-95.48227, 29.7201], [-95.48118, 29.7201], [-95.47945, 29.72013], [-95.47727, 29.72014], [-95.47641, 29.72016], [-95.47469, 29.72014], [-95.47393, 29.72017], [-95.47227, 29.72018], [-95.47228, 29.72113], [-95.47233, 29.72153], [-95.47231, 29.72225], [-95.47233, 29.7248], [-95.47234, 29.72521], [-95.46995, 29.7254], [-95.46833, 29.72559], [-95.46815, 29.7256], [-95.46728, 29.72569], [-95.46626, 29.72577], [-95.46632, 29.72558], [-95.46604, 29.72542], [-95.46573, 29.72533], [-95.46521, 29.72537], [-95.46429, 29.72541], [-95.46429, 29.72516], [-95.46521, 29.72513]]}, "properties": {"route_id": "309", "route_short_name": "309", "route_long_name": "Gulfton Circulator", "route_type": 3, "route_color": "#004080"}}, {"type": "Feature", "geometry": {"type": "LineString", "coordinates": [[-95.46521, 29.72513], [-95.46521, 29.72537], [-95.46573, 29.72533], [-95.46604, 29.72542], [-95.46632, 29.72558], [-95.46626, 29.72577], [-95.46728, 29.72569], [-95.46815, 29.7256], [-95.46833, 29.72559], [-95.46995, 29.7254], [-95.47234, 29.72521], [-95.47233, 29.7248], [-95.47231, 29.72225], [-95.47233, 29.72153], [-95.47228, 29.72113], [-95.47227, 29.72018], [-95.47393, 29.72017], [-95.47469, 29.72014], [-95.47641, 29.72016], [-95.47727, 29.72014], [-95.47945, 29.72013], [-95.48118, 29.7201], [-95.48227, 29.7201], [-95.48477, 29.72006], [-95.48858, 29.72001], [-95.49035, 29.72001], [-95.49116, 29.71999], [-95.4931, 29.71997], [-95.49306, 29.71826], [-95.49308, 29.71735], [-95.49307, 29.71636], [-95.49415, 29.71636], [-95.49456, 29.71628], [-95.49573, 29.71588], [-95.49626, 29.7156], [-95.49702, 29.71502], [-95.49857, 29.71635], [-95.49897, 29.71671], [-95.49908, 29.7168], [-95.50008, 29.71767], [-95.50043, 29.71813], [-95.50067, 29.71857], [-95.50086, 29.71914], [-95.50094, 29.71964], [-95.49985, 29.71975], [-95.49918, 29.71973], [-95.49864, 29.71963], [-95.49818, 29.71949], [-95.49789, 29.72009], [-95.49794, 29.72113], [-95.49781, 29.72127], [-95.49732, 29.72129], [-95.49735, 29.72151], [-95.49733, 29.72267], [-95.49658, 29.7227], [-95.49531, 29.72281], [-95.49515, 29.72261], [-95.49531, 29.72248], [-95.49632, 29.72241], [-95.49653, 29.72254], [-95.49658, 29.7227], [-95.49733, 29.72267], [-95.49735, 29.72151], [-95.49732, 29.72129], [-95.49781, 29.72127], [-95.49794, 29.72113], [-95.49789, 29.72009], [-95.49818, 29.71949], [-95.49864, 29.71963], [-95.49918, 29.71973], [-95.49985, 29.71975], [-95.50094, 29.71964], [-95.50112, 29.71966], [-95.50096, 29.71906], [-95.50079, 29.71856], [-95.50052, 29.71805], [-95.50026, 29.71768], [-95.49978, 29.71715], [-95.49923, 29.71666], [-95.49913, 29.71657], [-95.49796, 29.71549], [-95.49722, 29.71486], [-95.49617, 29.71395], [-95.49559, 29.71348], [-95.49486, 29.71284], [-95.49425, 29.71227], [-95.494, 29.71197], [-95.49366, 29.71142], [-95.49339, 29.71079], [-95.49407, 29.71066], [-95.49627, 29.71065], [-95.49683, 29.71063], [-95.49681, 29.70886], [-95.49823, 29.70883], [-95.49991, 29.70885], [-95.5006, 29.70893], [-95.50095, 29.70716], [-95.50113, 29.70606], [-95.50117, 29.70547], [-95.50117, 29.70527], [-95.49972, 29.70529], [-95.49517, 29.70534], [-95.49318, 29.70538], [-95.49255, 29.70539], [-95.49036, 29.70539], [-95.48956, 29.70541], [-95.48846, 29.70541], [-95.48687, 29.70543], [-95.48638, 29.70545], [-95.48458, 29.70546], [-95.48207, 29.70547], [-95.48058, 29.7055], [-95.47798, 29.70551], [-95.47651, 29.70554], [-95.47518, 29.70554], [-95.47416, 29.70557], [-95.47199, 29.70557], [-95.46965, 29.7056], [-95.46927, 29.70569], [-95.46906, 29.70577], [-95.46849, 29.70581], [-95.46844, 29.70572], [-95.46824, 29.70551], [-95.46794, 29.70549], [-95.46793, 29.70593], [-95.4679, 29.70611], [-95.46793, 29.70767], [-95.46792, 29.70855], [-95.46798, 29.70881], [-95.46801, 29.71062], [-95.46801, 29.71161], [-95.46804, 29.71296], [-95.46805, 29.71487], [-95.46808, 29.7166], [-95.46809, 29.71802], [-95.46811, 29.71865], [-95.46811, 29.72067], [-95.46814, 29.72265], [-95.46814, 29.72365], [-95.46816, 29.72515], [-95.46815, 29.7256], [-95.46728, 29.72569], [-95.46626, 29.72577], [-95.46632, 29.72558], [-95.46604, 29.72542], [-95.46573, 29.72533], [-95.46521, 29.72537], [-95.46429, 29.72541], [-95.46429, 29.72516], [-95.46521, 29.72513]]}, "properties": {"route_id": "310", "route_short_name": "310", "route_long_name": "Gulfton Circulator", "route_type": 3, "route_color": "#004080"}}, {"type": "Feature", "geometry": {"type": "LineString", "coordinates": [[-95.35714, 29.7015], [-95.35651, 29.70132], [-95.35647, 29.70112], [-95.35662, 29.70105], [-95.35798, 29.70147], [-95.35842, 29.70161], [-95.35815, 29.70231], [-95.3581, 29.70244], [-95.35951, 29.70235], [-95.36093, 29.70228], [-95.36331, 29.70213], [-95.36485, 29.70205], [-95.36486, 29.70192], [-95.3648, 29.70113], [-95.36493, 29.70068], [-95.36621, 29.69743], [-95.36711, 29.69525], [-95.36779, 29.69546], [-95.37065, 29.69631], [-95.37257, 29.6969], [-95.374, 29.69328], [-95.37479, 29.69122], [-95.3754, 29.68981], [-95.37529, 29.68967], [-95.37346, 29.68906], [-95.3739, 29.68792], [-95.37418, 29.68725], [-95.37471, 29.6859], [-95.37568, 29.68352], [-95.37576, 29.68322], [-95.37555, 29.6832], [-95.37353, 29.68258], [-95.37268, 29.68234], [-95.37264, 29.68252], [-95.37166, 29.68494], [-95.36829, 29.68388], [-95.36588, 29.68315], [-95.36634, 29.68221], [-95.3668, 29.68113], [-95.36703, 29.68048], [-95.3659, 29.68048], [-95.36509, 29.68052], [-95.36414, 29.68061], [-95.36064, 29.68035], [-95.35977, 29.68034], [-95.35927, 29.68028], [-95.35826, 29.68024], [-95.35688, 29.68022], [-95.35597, 29.68038], [-95.35545, 29.68048], [-95.35408, 29.68082], [-95.35268, 29.6813], [-95.35, 29.68241], [-95.349, 29.68277], [-95.3489, 29.68234], [-95.34899, 29.68203], [-95.34938, 29.6812], [-95.34963, 29.68078], [-95.34992, 29.68053], [-95.3508, 29.67989], [-95.35102, 29.67968], [-95.35124, 29.67926], [-95.35032, 29.679], [-95.34655, 29.67785], [-95.34558, 29.67757], [-95.34467, 29.67728], [-95.34525, 29.67577], [-95.3454, 29.67515], [-95.34545, 29.6746], [-95.34561, 29.67385], [-95.34572, 29.6735], [-95.34617, 29.67236], [-95.34632, 29.67204], [-95.34667, 29.67147], [-95.34693, 29.67097], [-95.34813, 29.66787], [-95.34842, 29.6671]]}, "properties": {"route_id": "360", "route_short_name": "360", "route_long_name": "Peerless Shuttle", "route_type": 3, "route_color": "#004080"}}, {"type": "Feature", "geometry": {"type": "LineString", "coordinates": [[-95.41036, 29.94861], [-95.41018, 29.94841], [-95.40984, 29.94822], [-95.40903, 29.94739], [-95.40834, 29.94651], [-95.4081, 29.94611], [-95.4078, 29.94541], [-95.40768, 29.945], [-95.40757, 29.94425], [-95.40752, 29.94323], [-95.40545, 29.94325], [-95.40458, 29.94337], [-95.40384, 29.9436], [-95.40422, 29.94444], [-95.40439, 29.94502], [-95.40453, 29.94592], [-95.40481, 29.94658], [-95.40529, 29.94723], [-95.40593, 29.94775], [-95.40675, 29.94832], [-95.40719, 29.94876], [-95.40751, 29.94939], [-95.4076, 29.94989], [-95.4076, 29.95041], [-95.4076, 29.95055], [-95.40962, 29.95053], [-95.4104, 29.95045], [-95.41119, 29.95029], [-95.41196, 29.95003], [-95.41274, 29.94968], [-95.41331, 29.94946], [-95.41399, 29.9493], [-95.41523, 29.94914], [-95.41608, 29.94917], [-95.41704, 29.94929], [-95.41719, 29.9493], [-95.4196, 29.94924], [-95.42027, 29.94919], [-95.42081, 29.9491], [-95.42218, 29.94907], [-95.42219, 29.95126], [-95.42224, 29.95288], [-95.42237, 29.9534], [-95.42305, 29.95461], [-95.42312, 29.95499], [-95.42316, 29.95683], [-95.4232, 29.95774], [-95.42328, 29.95864], [-95.42341, 29.95906], [-95.42383, 29.95997], [-95.42423, 29.96052], [-95.42468, 29.96126], [-95.42567, 29.96085], [-95.42673, 29.96048], [-95.42901, 29.95993], [-95.42901, 29.96092], [-95.42906, 29.96376], [-95.42911, 29.9642], [-95.4294, 29.96521], [-95.43023, 29.967], [-95.43051, 29.96796], [-95.43069, 29.96835], [-95.43123, 29.96911], [-95.43147, 29.96936], [-95.43239, 29.97016], [-95.43319, 29.9709], [-95.43385, 29.97147], [-95.43475, 29.9723], [-95.4365, 29.97384], [-95.43708, 29.97443], [-95.43722, 29.97461], [-95.43772, 29.97539], [-95.43802, 29.97604], [-95.43824, 29.97683], [-95.43827, 29.97719], [-95.43828, 29.97838], [-95.43814, 29.97924], [-95.43782, 29.98012], [-95.43731, 29.98099], [-95.43464, 29.97868], [-95.43359, 29.97774], [-95.43196, 29.97632], [-95.43084, 29.97533], [-95.42963, 29.97428], [-95.42866, 29.97341], [-95.42853, 29.97353], [-95.42799, 29.97399], [-95.42786, 29.97403], [-95.42567, 29.97405], [-95.42538, 29.97394], [-95.42513, 29.97379], [-95.42512, 29.97351], [-95.42536, 29.97342], [-95.42556, 29.97351], [-95.42556, 29.97378], [-95.42547, 29.97385]]}, "properties": {"route_id": "399", "route_short_name": "399", "route_long_name": "Kuykendahl Shuttle", "route_type": 3, "route_color": "#004080"}}, {"type": "Feature", "geometry": {"type": "LineString", "coordinates": [[-95.45559, 29.78341], [-95.45631, 29.78342], [-95.45644, 29.78342], [-95.45645, 29.78373], [-95.45558, 29.78373], [-95.45474, 29.7837], [-95.45474, 29.7834], [-95.45476, 29.78317], [-95.4548, 29.78302], [-95.45503, 29.78297], [-95.45542, 29.78297], [-95.45566, 29.78297], [-95.45573, 29.78288], [-95.45555, 29.78274], [-95.45512, 29.78268], [-95.45486, 29.78261], [-95.45462, 29.78245], [-95.45436, 29.78249], [-95.45429, 29.78268], [-95.45436, 29.7829], [-95.45446, 29.78294], [-95.45447, 29.7838], [-95.45448, 29.78395], [-95.45462, 29.78395], [-95.45579, 29.78396], [-95.45684, 29.78399], [-95.45682, 29.78385], [-95.45676, 29.783], [-95.45675, 29.78228], [-95.45674, 29.78154], [-95.45669, 29.77962], [-95.45667, 29.77784], [-95.45664, 29.77678], [-95.45664, 29.77573], [-95.45658, 29.77409], [-95.45658, 29.77337], [-95.45655, 29.77256], [-95.45643, 29.76898], [-95.45631, 29.76549], [-95.45602, 29.76232], [-95.45593, 29.76015], [-95.45591, 29.75902], [-95.45562, 29.75854], [-95.45559, 29.75603], [-95.45557, 29.75452], [-95.45557, 29.75414], [-95.45629, 29.75412], [-95.45666, 29.75411], [-95.45708, 29.75397], [-95.45804, 29.75361], [-95.45933, 29.75304], [-95.45963, 29.75284], [-95.46016, 29.75239], [-95.46062, 29.75184], [-95.46103, 29.75115], [-95.46121, 29.75051], [-95.46128, 29.75011], [-95.46108, 29.74225], [-95.46103, 29.7414], [-95.46093, 29.74099], [-95.46075, 29.74039], [-95.46071, 29.74012], [-95.46066, 29.73721], [-95.46058, 29.73537], [-95.46052, 29.73329], [-95.46056, 29.73275], [-95.46062, 29.73255], [-95.46089, 29.73173], [-95.46146, 29.73012], [-95.46158, 29.7296], [-95.46156, 29.72897], [-95.46145, 29.7286], [-95.46128, 29.72807], [-95.46111, 29.7275], [-95.46098, 29.72619], [-95.46107, 29.72618], [-95.46428, 29.72593], [-95.46626, 29.72577], [-95.46632, 29.72558], [-95.46604, 29.72542], [-95.46588, 29.72538], [-95.46521, 29.72537], [-95.46466, 29.7254]]}, "properties": {"route_id": "433", "route_short_name": "433", "route_long_name": "Silver Line", "route_type": 3, "route_color": "#000000"}}, {"type": "Feature", "geometry": {"type": "LineString", "coordinates": [[-95.32329, 29.9868], [-95.32211, 29.9868], [-95.32144, 29.9868], [-95.31652, 29.9868], [-95.31323, 29.98677], [-95.31318, 29.98564], [-95.31662, 29.98562], [-95.32072, 29.98562], [-95.32144, 29.98561], [-95.32442, 29.98561], [-95.32687, 29.98563], [-95.32723, 29.98568], [-95.328, 29.98589], [-95.3284, 29.98606], [-95.32866, 29.98621], [-95.32961, 29.98689], [-95.33003, 29.98715], [-95.33051, 29.98731], [-95.33094, 29.98733], [-95.33225, 29.98716], [-95.33293, 29.98715], [-95.33433, 29.98716], [-95.33471, 29.98718], [-95.33511, 29.98711], [-95.3353, 29.98687], [-95.33532, 29.98616], [-95.33517, 29.98604], [-95.33488, 29.986], [-95.3343, 29.98598], [-95.33344, 29.98599], [-95.33223, 29.98598], [-95.33077, 29.986], [-95.32945, 29.98597], [-95.3289, 29.98585], [-95.32739, 29.98528], [-95.32618, 29.98486], [-95.32568, 29.98478], [-95.32514, 29.98474], [-95.32286, 29.98475], [-95.32141, 29.98474], [-95.31928, 29.98476], [-95.31318, 29.98477], [-95.31127, 29.98479], [-95.30856, 29.98488], [-95.30714, 29.98481], [-95.30573, 29.98469], [-95.30443, 29.98448], [-95.30342, 29.98428], [-95.30111, 29.98377], [-95.29868, 29.98325], [-95.29747, 29.98301], [-95.2965, 29.98287], [-95.29529, 29.98273], [-95.2946, 29.9827], [-95.29315, 29.98269], [-95.29132, 29.98272], [-95.28692, 29.98272], [-95.28438, 29.98275], [-95.28286, 29.98274], [-95.28265, 29.98276], [-95.28144, 29.98276], [-95.28144, 29.98401], [-95.28138, 29.98463], [-95.28102, 29.98519], [-95.28059, 29.98562], [-95.2801, 29.98592], [-95.27875, 29.98652], [-95.27842, 29.98675], [-95.27813, 29.98715], [-95.27801, 29.98771], [-95.27719, 29.98775], [-95.27676, 29.98771], [-95.27625, 29.9876], [-95.27532, 29.9873], [-95.27519, 29.98712], [-95.27522, 29.98693], [-95.27549, 29.9862], [-95.27662, 29.98325], [-95.27678, 29.98303], [-95.27731, 29.98155], [-95.27741, 29.98117], [-95.2777, 29.98038], [-95.2784, 29.97864], [-95.27871, 29.97802], [-95.27931, 29.97692], [-95.27982, 29.97595], [-95.2809, 29.97356], [-95.28306, 29.96866], [-95.28395, 29.96667], [-95.28601, 29.96202], [-95.28738, 29.95894], [-95.28929, 29.95462], [-95.29066, 29.95157], [-95.29269, 29.94694], [-95.29512, 29.94142], [-95.29731, 29.93649], [-95.29837, 29.93407], [-95.29904, 29.93249], [-95.29928, 29.9321], [-95.30006, 29.93036], [-95.30162, 29.92679], [-95.30205, 29.92585], [-95.30225, 29.92549], [-95.3024, 29.92505], [-95.30278, 29.9244], [-95.30348, 29.92333], [-95.30571, 29.92011], [-95.30684, 29.91852], [-95.30767, 29.91725], [-95.30814, 29.91635], [-95.30842, 29.91558], [-95.30876, 29.91418], [-95.31009, 29.90861], [-95.31064, 29.90628], [-95.31116, 29.90414], [-95.31162, 29.90267], [-95.31214, 29.90136], [-95.31283, 29.89996], [-95.31308, 29.89952], [-95.31523, 29.89582], [-95.31725, 29.89233], [-95.31789, 29.89121], [-95.3182, 29.8907], [-95.32034, 29.88698], [-95.32382, 29.88097], [-95.32455, 29.87973], [-95.32626, 29.87676], [-95.32842, 29.87307], [-95.32965, 29.87095], [-95.32998, 29.8704], [-95.33129, 29.86815], [-95.33212, 29.86668], [-95.33249, 29.86591], [-95.33279, 29.86513], [-95.33298, 29.86447], [-95.33316, 29.86379], [-95.33331, 29.86289], [-95.3334, 29.86186], [-95.33344, 29.86075], [-95.33352, 29.85923], [-95.33368, 29.85464], [-95.33376, 29.8543], [-95.33379, 29.85307], [-95.33379, 29.85149], [-95.33372, 29.84983], [-95.33362, 29.84938], [-95.33359, 29.84871], [-95.33356, 29.84786], [-95.33348, 29.84432], [-95.33348, 29.84301], [-95.33343, 29.84101], [-95.33343, 29.83852], [-95.3335, 29.8377], [-95.33361, 29.83687], [-95.3339, 29.83534], [-95.33437, 29.83318], [-95.33504, 29.82993], [-95.33523, 29.82892], [-95.33538, 29.82753], [-95.3354, 29.82669], [-95.33536, 29.82417], [-95.33531, 29.82214], [-95.33527, 29.81916], [-95.33522, 29.81815], [-95.33521, 29.81662], [-95.33531, 29.81609], [-95.3354, 29.81584], [-95.3355, 29.81558], [-95.3357, 29.81533], [-95.33656, 29.81434], [-95.33756, 29.81337], [-95.33764, 29.81325], [-95.33809, 29.81254], [-95.33951, 29.80917], [-95.33968, 29.80871], [-95.33987, 29.80795], [-95.33997, 29.80717], [-95.33997, 29.8069], [-95.33988, 29.80605], [-95.33966, 29.8045], [-95.33962, 29.80427], [-95.33959, 29.80397], [-95.33958, 29.80382], [-95.33962, 29.80317], [-95.33988, 29.8015], [-95.3399, 29.80013], [-95.33981, 29.79769], [-95.33979, 29.79686], [-95.33977, 29.79414], [-95.3398, 29.79239], [-95.33977, 29.79105], [-95.33989, 29.78651], [-95.33986, 29.78376], [-95.33986, 29.78207], [-95.34, 29.77857], [-95.34012, 29.77557], [-95.34017, 29.77467], [-95.34024, 29.77286], [-95.34031, 29.77182], [-95.34037, 29.77133], [-95.34047, 29.77086], [-95.34062, 29.7704], [-95.34082, 29.76997], [-95.34103, 29.76962], [-95.34152, 29.76907], [-95.34167, 29.76893], [-95.34211, 29.76863], [-95.34255, 29.7684], [-95.34319, 29.76815], [-95.34471, 29.76759], [-95.34523, 29.76742], [-95.3466, 29.76689], [-95.34728, 29.76653], [-95.34788, 29.76611], [-95.3484, 29.7657], [-95.34918, 29.76501], [-95.34959, 29.76461], [-95.35029, 29.76381], [-95.35134, 29.7623], [-95.35181, 29.7618], [-95.35247, 29.76126], [-95.3528, 29.76107], [-95.35349, 29.76011], [-95.3541, 29.75938], [-95.3547, 29.75863], [-95.35553, 29.75914], [-95.35595, 29.7594], [-95.35609, 29.75949], [-95.35643, 29.7597], [-95.35699, 29.75895], [-95.3584, 29.75721], [-95.35885, 29.75662], [-95.35945, 29.75587], [-95.35824, 29.75514], [-95.35755, 29.75475], [-95.35707, 29.75445], [-95.35686, 29.75433], [-95.35641, 29.75407], [-95.35616, 29.75442], [-95.35585, 29.75483], [-95.35647, 29.75521], [-95.35764, 29.75589], [-95.35885, 29.75662], [-95.35972, 29.7571], [-95.36058, 29.75758], [-95.36146, 29.75814], [-95.36229, 29.75866], [-95.36251, 29.75841], [-95.3629, 29.75793], [-95.36322, 29.75752], [-95.36346, 29.75717], [-95.36402, 29.75644], [-95.36466, 29.75569], [-95.36546, 29.75619], [-95.36556, 29.75624], [-95.36641, 29.75677], [-95.36722, 29.75725], [-95.36778, 29.75653], [-95.3684, 29.75577], [-95.36863, 29.75552], [-95.37021, 29.75356], [-95.37139, 29.75202], [-95.372, 29.75127], [-95.37248, 29.75067], [-95.3726, 29.75052], [-95.37171, 29.75002], [-95.37114, 29.75074], [-95.37051, 29.7515], [-95.36985, 29.75109], [-95.36973, 29.75101], [-95.3696, 29.75093], [-95.36879, 29.75045], [-95.36793, 29.74995], [-95.36617, 29.74888], [-95.36533, 29.74839], [-95.36449, 29.74784], [-95.36365, 29.74735], [-95.36278, 29.74683], [-95.36146, 29.74605], [-95.36109, 29.74581], [-95.35939, 29.74478], [-95.35998, 29.74405], [-95.36056, 29.74331], [-95.35941, 29.74259], [-95.3591, 29.74265], [-95.35879, 29.74303], [-95.35859, 29.74313], [-95.35794, 29.74277], [-95.35666, 29.74198], [-95.35606, 29.74158], [-95.35548, 29.74088], [-95.35516, 29.74057], [-95.35469, 29.74022], [-95.35022, 29.73739], [-95.34748, 29.73565], [-95.3472, 29.73547], [-95.34711, 29.73541], [-95.34676, 29.73519], [-95.34614, 29.73479], [-95.34511, 29.73404], [-95.34409, 29.73321], [-95.34351, 29.73277], [-95.34214, 29.73169], [-95.34117, 29.7309], [-95.34026, 29.73026], [-95.3395, 29.72976], [-95.33839, 29.72906], [-95.33791, 29.72874], [-95.33698, 29.72816], [-95.3366, 29.72791], [-95.33652, 29.72786], [-95.3337, 29.72605], [-95.33326, 29.72576], [-95.32932, 29.72325], [-95.32857, 29.72276], [-95.3277, 29.72222], [-95.32646, 29.72142], [-95.32584, 29.72105], [-95.32483, 29.72051], [-95.32097, 29.71849], [-95.32072, 29.71837], [-95.31957, 29.71777], [-95.31881, 29.71734], [-95.3179, 29.71675], [-95.31535, 29.71512], [-95.31401, 29.71425], [-95.31337, 29.71386], [-95.31204, 29.71298], [-95.30545, 29.70853], [-95.30434, 29.70779], [-95.30196, 29.70617], [-95.30049, 29.7052], [-95.29663, 29.70272], [-95.29555, 29.70202], [-95.29467, 29.70147], [-95.29358, 29.70075], [-95.29295, 29.70031], [-95.29163, 29.69929], [-95.29074, 29.69866], [-95.29019, 29.69833], [-95.28989, 29.69819], [-95.28923, 29.69771], [-95.28894, 29.69742], [-95.28867, 29.69703], [-95.28848, 29.69674], [-95.28835, 29.69659], [-95.28789, 29.69613], [-95.28746, 29.69581], [-95.28667, 29.69535], [-95.28637, 29.69508], [-95.2861, 29.69472], [-95.28521, 29.69336], [-95.28492, 29.69296], [-95.28437, 29.69231], [-95.28191, 29.6898], [-95.28091, 29.68879], [-95.28024, 29.68809], [-95.27797, 29.6858], [-95.27724, 29.68507], [-95.27661, 29.68443], [-95.27406, 29.68189], [-95.2726, 29.68045], [-95.27225, 29.68008], [-95.26868, 29.67648], [-95.26779, 29.67555], [-95.26564, 29.67337], [-95.26472, 29.67241], [-95.26404, 29.67161], [-95.26358, 29.67099], [-95.26239, 29.66923], [-95.26224, 29.669], [-95.26013, 29.66573], [-95.2594, 29.66468], [-95.25867, 29.66357], [-95.25851, 29.66325], [-95.25855, 29.66312], [-95.25874, 29.66299], [-95.25929, 29.66289], [-95.26021, 29.66288], [-95.26059, 29.66285], [-95.26137, 29.66255], [-95.26168, 29.66255], [-95.26265, 29.66242], [-95.26327, 29.66241], [-95.26325, 29.66088], [-95.26325, 29.65961], [-95.26323, 29.6583], [-95.26332, 29.65766], [-95.26353, 29.65692], [-95.26404, 29.65573], [-95.26475, 29.65634], [-95.26558, 29.657], [-95.26634, 29.65742], [-95.26677, 29.65763], [-95.26762, 29.65794], [-95.26819, 29.65807], [-95.2689, 29.65814], [-95.27028, 29.65813], [-95.27231, 29.65809], [-95.27278, 29.65807], [-95.27364, 29.65797], [-95.27501, 29.65795], [-95.27551, 29.65791], [-95.27574, 29.65783], [-95.2759, 29.65773], [-95.27637, 29.65766], [-95.2766, 29.65766], [-95.27682, 29.65766], [-95.27736, 29.65765], [-95.27823, 29.65763], [-95.27911, 29.65762], [-95.27927, 29.65756], [-95.27952, 29.65734], [-95.27959, 29.65704], [-95.27959, 29.65665], [-95.27948, 29.656], [-95.27931, 29.65582], [-95.27908, 29.65572], [-95.27811, 29.65572], [-95.27791, 29.65565], [-95.27757, 29.65536], [-95.27742, 29.65533], [-95.27672, 29.65532], [-95.2759, 29.65534], [-95.27574, 29.65535], [-95.27539, 29.65561], [-95.27507, 29.65593], [-95.27504, 29.65633], [-95.27518, 29.65663], [-95.27539, 29.65683], [-95.27617, 29.65731], [-95.27636, 29.65751], [-95.27637, 29.65766], [-95.27607, 29.65782], [-95.27574, 29.65783], [-95.273, 29.65788], [-95.27231, 29.65788], [-95.26959, 29.65797], [-95.26865, 29.65795], [-95.26777, 29.6578], [-95.2672, 29.65761], [-95.26616, 29.65716], [-95.26541, 29.65669], [-95.26409, 29.65561], [-95.26363, 29.65521], [-95.26239, 29.6542], [-95.26158, 29.65349], [-95.26114, 29.65317], [-95.26031, 29.65268], [-95.25954, 29.65238], [-95.25894, 29.65221], [-95.25833, 29.6521], [-95.25774, 29.65204], [-95.25692, 29.65204], [-95.25453, 29.65208], [-95.25331, 29.65209], [-95.25271, 29.65216], [-95.2519, 29.65233], [-95.25152, 29.65248], [-95.25137, 29.65251], [-95.25096, 29.65261], [-95.25123, 29.653], [-95.25195, 29.65407], [-95.25254, 29.655], [-95.2533, 29.65612], [-95.25393, 29.6571], [-95.25519, 29.65897], [-95.25662, 29.66117], [-95.25395, 29.6612], [-95.25381, 29.66147], [-95.25375, 29.66176], [-95.25378, 29.66267], [-95.25378, 29.66389], [-95.25412, 29.66388], [-95.25462, 29.66387]]}, "properties": {"route_id": "500", "route_short_name": "500", "route_long_name": "DOWNTOWN DIRECT", "route_type": 3, "route_color": "#004080"}}, {"type": "Feature", "geometry": {"type": "LineString", "coordinates": [[-95.40284, 29.6736], [-95.40294, 29.67429], [-95.40329, 29.6753], [-95.40334, 29.67563], [-95.40331, 29.67734], [-95.40336, 29.67823], [-95.40337, 29.67961], [-95.4033, 29.68074], [-95.40332, 29.68254], [-95.40334, 29.68482], [-95.40337, 29.6854], [-95.40339, 29.68658], [-95.40337, 29.68739], [-95.40348, 29.69024], [-95.40366, 29.69077], [-95.40382, 29.691], [-95.40431, 29.69155], [-95.40456, 29.69192], [-95.40478, 29.69256], [-95.40483, 29.69296], [-95.40481, 29.69393], [-95.40478, 29.69505], [-95.40475, 29.69572], [-95.40488, 29.69684], [-95.40504, 29.69745], [-95.40545, 29.6982], [-95.4056, 29.6987], [-95.40558, 29.69915], [-95.40548, 29.69941], [-95.40509, 29.70001], [-95.40457, 29.70054], [-95.40415, 29.70082], [-95.40368, 29.70104], [-95.403, 29.7013], [-95.40276, 29.70145], [-95.40251, 29.70177], [-95.40246, 29.70189], [-95.40241, 29.70212], [-95.40244, 29.70234], [-95.4027, 29.70313], [-95.40276, 29.70341], [-95.40284, 29.70377], [-95.40298, 29.70452], [-95.40303, 29.70499], [-95.40303, 29.70645], [-95.40294, 29.70705], [-95.40275, 29.70737], [-95.40116, 29.70939], [-95.39982, 29.71108], [-95.3988, 29.71233], [-95.39767, 29.71379], [-95.39743, 29.71409], [-95.39663, 29.7151], [-95.39624, 29.71559], [-95.39574, 29.71625], [-95.39532, 29.71688], [-95.39495, 29.71763], [-95.39463, 29.71844], [-95.3941, 29.71935], [-95.39291, 29.7209], [-95.39204, 29.72196], [-95.39166, 29.72229], [-95.3912, 29.72252], [-95.38995, 29.72284], [-95.38957, 29.72297], [-95.38913, 29.72326], [-95.38881, 29.72353], [-95.38859, 29.72381], [-95.38762, 29.72503], [-95.38657, 29.72633], [-95.38379, 29.72985], [-95.38353, 29.73035], [-95.38348, 29.73081], [-95.3836, 29.73157], [-95.3836, 29.73186], [-95.38357, 29.73211], [-95.38306, 29.73392], [-95.38288, 29.73426], [-95.38194, 29.73548], [-95.38013, 29.73777], [-95.37941, 29.73867], [-95.37896, 29.73924], [-95.37864, 29.73964], [-95.37768, 29.74086], [-95.37675, 29.74203], [-95.37416, 29.74532], [-95.37191, 29.74815], [-95.37159, 29.74857], [-95.37074, 29.74962], [-95.36986, 29.75075], [-95.36893, 29.75192], [-95.36753, 29.75368], [-95.36702, 29.75434], [-95.36622, 29.75534], [-95.36562, 29.7561], [-95.36537, 29.75641], [-95.36441, 29.75762], [-95.36346, 29.75882], [-95.36248, 29.76005], [-95.36168, 29.76108], [-95.36081, 29.76218], [-95.35985, 29.76339], [-95.35963, 29.76367], [-95.35947, 29.7639], [-95.35917, 29.76445], [-95.35837, 29.7671], [-95.35833, 29.76738], [-95.35829, 29.7676], [-95.35825, 29.76776], [-95.35817, 29.76805], [-95.35814, 29.76822], [-95.35814, 29.76847], [-95.35817, 29.76864], [-95.35849, 29.76958], [-95.35858, 29.76989], [-95.35868, 29.77024], [-95.35878, 29.77066], [-95.35894, 29.77114], [-95.35961, 29.77244], [-95.35985, 29.77285], [-95.36013, 29.77321], [-95.36021, 29.77332], [-95.36041, 29.7736], [-95.3605, 29.77374], [-95.36098, 29.77473], [-95.36169, 29.77622], [-95.36293, 29.77882], [-95.36374, 29.78053], [-95.36436, 29.7818], [-95.36486, 29.78284], [-95.36492, 29.78307], [-95.36482, 29.78335], [-95.36463, 29.7835], [-95.36188, 29.78451], [-95.36132, 29.78457], [-95.36112, 29.78463], [-95.36091, 29.78482], [-95.36084, 29.785], [-95.36055, 29.78675], [-95.36045, 29.78751], [-95.36041, 29.78817], [-95.36041, 29.79005], [-95.36048, 29.79026], [-95.36161, 29.79214], [-95.36179, 29.79235], [-95.3632, 29.79332], [-95.36482, 29.79459], [-95.36531, 29.795], [-95.36638, 29.79582], [-95.36748, 29.79665], [-95.36776, 29.79695], [-95.3679, 29.79745], [-95.36789, 29.79874], [-95.36795, 29.79942], [-95.36795, 29.80006], [-95.36792, 29.80217], [-95.36801, 29.80245], [-95.36822, 29.80298], [-95.36839, 29.80343], [-95.3686, 29.80396], [-95.3687, 29.80429], [-95.36885, 29.80508], [-95.3696, 29.80902], [-95.36973, 29.80974], [-95.36975, 29.81051], [-95.36974, 29.81323], [-95.36987, 29.81406], [-95.36999, 29.81449], [-95.37085, 29.81659], [-95.37126, 29.81746], [-95.37155, 29.8178], [-95.37181, 29.81802], [-95.37252, 29.81845], [-95.37284, 29.81861], [-95.3742, 29.81919], [-95.37458, 29.81939], [-95.375, 29.8198], [-95.37523, 29.82026], [-95.37528, 29.82052], [-95.37531, 29.82119], [-95.37537, 29.82152], [-95.37628, 29.82374], [-95.37639, 29.82407], [-95.37648, 29.82456], [-95.37648, 29.8251], [-95.37636, 29.82654], [-95.37618, 29.82784], [-95.37611, 29.82901], [-95.37614, 29.8297], [-95.37606, 29.83127], [-95.37604, 29.83193], [-95.37601, 29.83247]]}, "properties": {"route_id": "700", "route_short_name": "700", "route_long_name": "METRORAIL RED LINE", "route_type": 0, "route_color": "#EF0000"}}, {"type": "Feature", "geometry": {"type": "LineString", "coordinates": [[-95.37026, 29.76331], [-95.36985, 29.76291], [-95.36953, 29.7626], [-95.36926, 29.76229], [-95.36904, 29.76205], [-95.36866, 29.76154], [-95.36827, 29.76116], [-95.36769, 29.76078], [-95.36696, 29.76033], [-95.36547, 29.75943], [-95.36461, 29.75891], [-95.36378, 29.75842], [-95.36361, 29.75831], [-95.36294, 29.75791], [-95.36211, 29.75741], [-95.36153, 29.75705], [-95.3608, 29.75659], [-95.3599, 29.75605], [-95.35917, 29.75563], [-95.35676, 29.75418], [-95.35664, 29.75412], [-95.35635, 29.75406], [-95.35599, 29.7541], [-95.35558, 29.75437], [-95.3552, 29.75485], [-95.35487, 29.75508], [-95.3546, 29.7551], [-95.35445, 29.75503], [-95.35308, 29.7542], [-95.35225, 29.75372], [-95.35182, 29.75346], [-95.35094, 29.75293], [-95.35058, 29.75281], [-95.35017, 29.75277], [-95.3489, 29.75293], [-95.34862, 29.75295], [-95.34798, 29.75291], [-95.34756, 29.75283], [-95.34705, 29.75265], [-95.34657, 29.7524], [-95.34628, 29.7522], [-95.34592, 29.75187], [-95.34541, 29.75122], [-95.34512, 29.75093], [-95.34406, 29.75003], [-95.34341, 29.74956], [-95.34186, 29.74862], [-95.34129, 29.74826], [-95.34089, 29.74802], [-95.34012, 29.74756], [-95.33879, 29.74673], [-95.33827, 29.74647], [-95.33739, 29.74617], [-95.33672, 29.74592], [-95.33521, 29.74523], [-95.33484, 29.74508], [-95.33272, 29.74431], [-95.33206, 29.74411], [-95.33118, 29.74393], [-95.32964, 29.74366], [-95.3284, 29.74343], [-95.32806, 29.74338], [-95.32665, 29.7432], [-95.32606, 29.74304], [-95.32499, 29.74269], [-95.32347, 29.74225], [-95.32151, 29.74158], [-95.32014, 29.74116], [-95.31727, 29.74028], [-95.31643, 29.74007], [-95.31594, 29.73989], [-95.31328, 29.73906], [-95.30931, 29.73787], [-95.3077, 29.73737], [-95.306, 29.73685], [-95.3045, 29.73643], [-95.3038, 29.73616], [-95.3029, 29.73588]]}, "properties": {"route_id": "800", "route_short_name": "800", "route_long_name": "METRORAIL GREEN LINE", "route_type": 0, "route_color": "#3E7E00"}}, {"type": "Feature", "geometry": {"type": "LineString", "coordinates": [[-95.37026, 29.76331], [-95.36985, 29.76291], [-95.36953, 29.7626], [-95.36926, 29.76229], [-95.36904, 29.76205], [-95.36866, 29.76154], [-95.36827, 29.76116], [-95.36769, 29.76078], [-95.36696, 29.76033], [-95.36547, 29.75943], [-95.36461, 29.75891], [-95.36378, 29.75842], [-95.36361, 29.75831], [-95.36294, 29.75791], [-95.36211, 29.75741], [-95.36153, 29.75705], [-95.3608, 29.75659], [-95.3599, 29.75605], [-95.35917, 29.75563], [-95.35676, 29.75418], [-95.35664, 29.75412], [-95.35635, 29.75406], [-95.35599, 29.7541], [-95.35558, 29.75437], [-95.3552, 29.75485], [-95.35487, 29.75508], [-95.3546, 29.7551], [-95.35445, 29.75503], [-95.35308, 29.7542], [-95.35225, 29.75372], [-95.35182, 29.75346], [-95.35094, 29.75293], [-95.35018, 29.75246], [-95.34978, 29.75224], [-95.34822, 29.75129], [-95.34793, 29.75107], [-95.34738, 29.75043], [-95.34717, 29.74996], [-95.34676, 29.74885], [-95.34666, 29.74845], [-95.34637, 29.74659], [-95.34632, 29.74623], [-95.34637, 29.74569], [-95.34648, 29.74535], [-95.34679, 29.74471], [-95.34686, 29.74443], [-95.34684, 29.74414], [-95.34673, 29.7439], [-95.34638, 29.74354], [-95.34565, 29.7431], [-95.34536, 29.74287], [-95.34524, 29.7427], [-95.34518, 29.7426], [-95.34508, 29.74214], [-95.34512, 29.74182], [-95.34514, 29.74164], [-95.34522, 29.74096], [-95.34536, 29.7404], [-95.34567, 29.73959], [-95.34628, 29.73808], [-95.34705, 29.73633], [-95.34714, 29.73611], [-95.34758, 29.73497], [-95.34892, 29.73162], [-95.34941, 29.7303], [-95.34972, 29.72969], [-95.34987, 29.72914], [-95.3499, 29.72782], [-95.34994, 29.72721], [-95.34993, 29.72654], [-95.34998, 29.72607], [-95.35009, 29.72557], [-95.35015, 29.72539], [-95.3503, 29.72495], [-95.35041, 29.72462], [-95.35069, 29.72371], [-95.35135, 29.72212], [-95.35201, 29.72046], [-95.35213, 29.72007], [-95.35198, 29.71975], [-95.35168, 29.71955], [-95.34861, 29.71862], [-95.34821, 29.71849], [-95.34773, 29.71835], [-95.34731, 29.71817], [-95.34653, 29.71777], [-95.34619, 29.71763], [-95.34483, 29.71722], [-95.34078, 29.716], [-95.34037, 29.71586], [-95.34025, 29.71579], [-95.34017, 29.71574], [-95.34006, 29.71562], [-95.33995, 29.71545], [-95.33969, 29.71488], [-95.33955, 29.71471], [-95.3386, 29.7138], [-95.33822, 29.7134], [-95.33791, 29.71288], [-95.33737, 29.71121], [-95.33709, 29.71054], [-95.33651, 29.7094], [-95.33578, 29.70795], [-95.33547, 29.70734], [-95.3347, 29.70591], [-95.33432, 29.70515], [-95.33424, 29.70483], [-95.33421, 29.70451], [-95.33428, 29.70419], [-95.33459, 29.70338], [-95.3364, 29.69885], [-95.33644, 29.69842], [-95.33637, 29.69816], [-95.33616, 29.69783], [-95.33571, 29.69753], [-95.33529, 29.69739], [-95.33361, 29.69687], [-95.3323, 29.69649]]}, "properties": {"route_id": "900", "route_short_name": "900", "route_long_name": "METRORAIL PURPLE LINE", "route_type": 0, "route_color": "#40007E"}}]}