{"type": "FeatureCollection", "bbox": [-95.96, 29.5, -94.91, 30.17], "features": [{"type": "Feature", "geometry": {"type": "Polygon", "coordinates": [[[-95.59866, 29.97358], [-95.59143, 29.96739], [-95.59088, 29.96711], [-95.58951, 29.96694], [-95.57755, 29.96722], [-95.57763, 29.97707], [-95.57995, 29.977], [-95.5804, 29.98128], [-95.58413, 29.98074], [-95.58491, 29.98181], [-95.58631, 29.9829], [-95.58699, 29.98204], [-95.58692, 29.98121], [-95.58629, 29.98047], [-95.58816, 29.97795], [-95.58842, 29.97748], [-95.58873, 29.97712], [-95.58881, 29.97684], [-95.58868, 29.97375], [-95.58978, 29.97306], [-95.59016, 29.97295], [-95.59088, 29.97359], [-95.59407, 29.97489], [-95.59564, 29.97243], [-95.59796, 29.97393], [-95.59866, 29.97358]]]}, "properties": {"geoid": "482015526022", "jobs_transit_45": null}}, {"type": "Feature", "geometry": {"type": "Polygon", "coordinates": [[[-95.63412, 29.90229], [-95.63024, 29.9006], [-95.62639, 29.90042], [-95.62062, 29.89949], [-95.62008, 29.91335], [-95.6201, 29.91477], [-95.62331, 29.91332], [-95.62505, 29.91245], [-95.62784, 29.91058], [-95.62935, 29.90918], [-95.63412, 29.90229]]]}, "properties": {"geoid": "482015409022", "jobs_transit_45": null}}, {"type": "Feature", "geometry": {"type": "Polygon", "coordinates": [[[-95.78103, 30.06821], [-95.78147, 30.0627], [-95.77079, 30.06284], [-95.77029, 30.05329], [-95.77017, 30.03717], [-95.77706, 30.03708], [-95.77705, 30.0369], [-95.77666, 30.03597], [-95.77613, 30.03527], [-95.77162, 30.0319], [-95.77031, 30.03303], [-95.76627, 30.03073], [-95.7649, 30.02501], [-95.76422, 30.02392], [-95.76092, 30.0241], [-95.75957, 30.02421], [-95.75753, 30.02705], [-95.75296, 30.02789], [-95.7459, 30.02809], [-95.74548, 30.02989], [-95.73854, 30.02764], [-95.73531, 30.0275], [-95.73355, 30.02779], [-95.73342, 30.02589], [-95.7292, 30.02201], [-95.72734, 30.02233], [-95.72548, 30.02202], [-95.72493, 30.022], [-95.72416, 30.02167], [-95.717, 30.02106], [-95.71426, 30.01849], [-95.70812, 30.01784], [-95.70786, 30.01862], [-95.70757, 30.01865], [-95.70656, 30.01788], [-95.70383, 30.01618], [-95.70276, 30.0161], [-95.69957, 30.01557], [-95.69922, 30.01463], [-95.69807, 30.01507], [-95.69762, 30.01604], [-95.69743, 30.01604], [-95.69727, 30.0174], [-95.69768, 30.05049], [-95.6972, 30.05438], [-95.69739, 30.06613], [-95.70006, 30.06779], [-95.70025, 30.0801], [-95.70258, 30.07948], [-95.71477, 30.07901], [-95.72399, 30.08212], [-95.74357, 30.07948], [-95.75505, 30.07871], [-95.75785, 30.078], [-95.76222, 30.07523], [-95.76336, 30.07459], [-95.76419, 30.07426], [-95.77627, 30.07032], [-95.78103, 30.06821]]]}, "properties": {"geoid": "482015556001", "jobs_transit_45": null}}, {"type": "Feature", "geometry": {"type": "Polygon", "coordinates": [[[-95.46727, 29.95915], [-95.47367, 29.95551], [-95.47374, 29.95547], [-95.4664, 29.94582], [-95.46451, 29.94587], [-95.46461, 29.94595], [-95.46487, 29.96002], [-95.46547, 29.96001], [-95.46545, 29.9592], [-95.46727, 29.95915]]]}, "properties": {"geoid": "482015506031", "jobs_transit_45": 112294}}, {"type": "Feature", "geometry": {"type": "Polygon", "coordinates": [[[-95.58601, 29.98318], [-95.58631, 29.9829], [-95.58491, 29.98181], [-95.58413, 29.98074], [-95.5804, 29.98128], [-95.57995, 29.977], [-95.57763, 29.97707], [-95.57755, 29.96722], [-95.57021, 29.96741], [-95.5663, 29.96724], [-95.56462, 29.96696], [-95.56305, 29.96692], [-95.55659, 29.96697], [-95.55624, 29.96715], [-95.55622, 29.96748], [-95.56, 29.97015], [-95.56286, 29.97358], [-95.5673, 29.98167], [-95.57009, 29.98577], [-95.57305, 29.98516], [-95.57945, 29.98809], [-95.58283, 29.98633], [-95.58357, 29.98742], [-95.58499, 29.98641], [-95.58522, 29.98592], [-95.58601, 29.98318]]]}, "properties": {"geoid": "482015526021", "jobs_transit_45": 235867}}, {"type": "Feature", "geometry": {"type": "Polygon", "coordinates": [[[-95.62901, 29.94743], [-95.62878, 29.93601], [-95.62093, 29.93611], [-95.62117, 29.94662], [-95.62072, 29.94749], [-95.62901, 29.94743]]]}, "properties": {"geoid": "482015521032", "jobs_transit_45": null}}, {"type": "Feature", "geometry": {"type": "Polygon", "coordinates": [[[-95.13005, 29.67642], [-95.12999, 29.67469], [-95.12884, 29.67471], [-95.12869, 29.66776], [-95.13153, 29.66753], [-95.13145, 29.66353], [-95.12295, 29.66374], [-95.12323, 29.67645], [-95.13005, 29.67642]]]}, "properties": {"geoid": "482013423003", "jobs_transit_45": null}}, {"type": "Feature", "geometry": {"type": "Polygon", "coordinates": [[[-95.3077, 30.01197], [-95.30895, 30.00597], [-95.30891, 30.00437], [-95.297, 30.00494], [-95.29524, 30.00929], [-95.29481, 30.01057], [-95.29681, 30.01101], [-95.29798, 30.01155], [-95.29902, 30.0127], [-95.29995, 30.01204], [-95.30169, 30.0118], [-95.30278, 30.012], [-95.3077, 30.01197]]]}, "properties": {"geoid": "482012409024", "jobs_transit_45": null}}, {"type": "Feature", "geometry": {"type": "Polygon", "coordinates": [[[-95.14811, 29.58456], [-95.14329, 29.57944], [-95.14042, 29.58082], [-95.14099, 29.58661], [-95.13939, 29.5857], [-95.1337, 29.58694], [-95.13814, 29.59212], [-95.14388, 29.58916], [-95.14811, 29.58456]]]}, "properties": {"geoid": "482013408003", "jobs_transit_45": null}}, {"type": "Feature", "geometry": {"type": "Polygon", "coordinates": [[[-95.1337, 29.58694], [-95.13939, 29.5857], [-95.14099, 29.58661], [-95.14042, 29.58082], [-95.14329, 29.57944], [-95.14056, 29.57652], [-95.13034, 29.58382], [-95.1337, 29.58694]]]}, "properties": {"geoid": "482013408002", "jobs_transit_45": null}}, {"type": "Feature", "geometry": {"type": "Polygon", "coordinates": [[[-95.20324, 29.59442], [-95.20297, 29.59185], [-95.19902, 29.58598], [-95.19783, 29.58674], [-95.19241, 29.59127], [-95.19367, 29.59249], [-95.19983, 29.59437], [-95.20258, 29.59516], [-95.20324, 29.59442]]]}, "properties": {"geoid": "482013505004", "jobs_transit_45": null}}, {"type": "Feature", "geometry": {"type": "Polygon", "coordinates": [[[-95.05643, 29.565], [-95.05536, 29.5636], [-95.05735, 29.55874], [-95.05013, 29.55855], [-95.04189, 29.5546], [-95.03185, 29.55219], [-95.02878, 29.55227], [-95.02808, 29.54745], [-95.02309, 29.54944], [-95.02405, 29.55371], [-95.02581, 29.56391], [-95.03118, 29.56093], [-95.03761, 29.55976], [-95.04025, 29.56037], [-95.04291, 29.56358], [-95.04491, 29.56437], [-95.0524, 29.56439], [-95.0534, 29.56488], [-95.05392, 29.56523], [-95.05488, 29.56532], [-95.05643, 29.565]]]}, "properties": {"geoid": "482013415022", "jobs_transit_45": null}}, {"type": "Feature", "geometry": {"type": "Polygon", "coordinates": [[[-95.03418, 29.62471], [-95.03427, 29.62359], [-95.03355, 29.61439], [-95.03292, 29.61039], [-95.03247, 29.61058], [-95.03255, 29.61334], [-95.03212, 29.61643], [-95.0224, 29.61659], [-95.0183, 29.61788], [-95.01852, 29.63056], [-95.0319, 29.63035], [-95.0331, 29.62785], [-95.03418, 29.62471]]]}, "properties": {"geoid": "482013418001", "jobs_transit_45": null}}, {"type": "Feature", "geometry": {"type": "Polygon", "coordinates": [[[-95.13932, 29.6763], [-95.14019, 29.67537], [-95.13761, 29.67383], [-95.13655, 29.67259], [-95.13268, 29.66351], [-95.13145, 29.66353], [-95.13153, 29.66753], [-95.12869, 29.66776], [-95.12884, 29.67471], [-95.12999, 29.67469], [-95.13005, 29.67642], [-95.13932, 29.6763]]]}, "properties": {"geoid": "482013423002", "jobs_transit_45": null}}, {"type": "Feature", "geometry": {"type": "Polygon", "coordinates": [[[-95.22996, 29.61859], [-95.23808, 29.61123], [-95.22648, 29.61144], [-95.22439, 29.61174], [-95.22303, 29.61219], [-95.22497, 29.61444], [-95.22306, 29.61791], [-95.22797, 29.61692], [-95.22996, 29.61859]]]}, "properties": {"geoid": "482013340012", "jobs_transit_45": 22785}}, {"type": "Feature", "geometry": {"type": "Polygon", "coordinates": [[[-95.07265, 29.68527], [-95.07245, 29.6749], [-95.04657, 29.67537], [-95.04685, 29.68573], [-95.07265, 29.68527]]]}, "properties": {"geoid": "482013433013", "jobs_transit_45": null}}, {"type": "Feature", "geometry": {"type": "Polygon", "coordinates": [[[-95.21719, 29.59685], [-95.21867, 29.59539], [-95.21528, 29.59262], [-95.21303, 29.59176], [-95.20985, 29.58965], [-95.20875, 29.58879], [-95.20448, 29.59277], [-95.2105, 29.59567], [-95.21601, 29.59928], [-95.21719, 29.59685]]]}, "properties": {"geoid": "482013504002", "jobs_transit_45": 15457}}, {"type": "Feature", "geometry": {"type": "Polygon", "coordinates": [[[-95.18311, 30.00475], [-95.18473, 30.00379], [-95.18325, 30.00222], [-95.18205, 30.00015], [-95.17821, 30.00074], [-95.1783, 29.99849], [-95.16504, 29.99823], [-95.16228, 29.99859], [-95.16523, 30.00526], [-95.16627, 30.00627], [-95.16719, 30.00688], [-95.16873, 30.00754], [-95.17464, 30.00884], [-95.17597, 30.00934], [-95.17662, 30.00972], [-95.17846, 30.01108], [-95.18379, 30.00755], [-95.18311, 30.00475]]]}, "properties": {"geoid": "482012507022", "jobs_transit_45": null}}, {"type": "Feature", "geometry": {"type": "Polygon", "coordinates": [[[-95.2265, 29.58359], [-95.22478, 29.58217], [-95.22034, 29.57946], [-95.21895, 29.57987], [-95.2153, 29.58321], [-95.22126, 29.58811], [-95.22458, 29.58505], [-95.22488, 29.58506], [-95.2265, 29.58359]]]}, "properties": {"geoid": "482013503002", "jobs_transit_45": 17331}}, {"type": "Feature", "geometry": {"type": "Polygon", "coordinates": [[[-95.24781, 29.60062], [-95.25031, 29.59834], [-95.24495, 29.59417], [-95.24308, 29.5926], [-95.2372, 29.59796], [-95.23434, 29.59557], [-95.23073, 29.59887], [-95.23296, 29.60072], [-95.24781, 29.60062]]]}, "properties": {"geoid": "482013502004", "jobs_transit_45": null}}, {"type": "Feature", "geometry": {"type": "Polygon", "coordinates": [[[-95.4229, 29.70007], [-95.42357, 29.6974], [-95.42068, 29.69675], [-95.41941, 29.6972], [-95.41961, 29.69752], [-95.41959, 29.69913], [-95.41823, 29.69916], [-95.4183, 29.70617], [-95.42303, 29.70613], [-95.4229, 29.70007]]]}, "properties": {"geoid": "482014132022", "jobs_transit_45": 372792}}, {"type": "Feature", "geometry": {"type": "Polygon", "coordinates": [[[-95.39118, 29.73878], [-95.39114, 29.73448], [-95.38548, 29.73454], [-95.3871, 29.73272], [-95.38793, 29.73236], [-95.38865, 29.73219], [-95.38448, 29.73225], [-95.37999, 29.73796], [-95.38199, 29.73892], [-95.39118, 29.73878]]]}, "properties": {"geoid": "482014107021", "jobs_transit_45": 445471}}, {"type": "Feature", "geometry": {"type": "Polygon", "coordinates": [[[-95.39229, 29.76254], [-95.3924, 29.75995], [-95.39228, 29.75747], [-95.38572, 29.75762], [-95.38582, 29.75832], [-95.38574, 29.76169], [-95.38609, 29.76171], [-95.39172, 29.7626], [-95.39229, 29.76254]]]}, "properties": {"geoid": "482014102001", "jobs_transit_45": 558693}}, {"type": "Feature", "geometry": {"type": "Polygon", "coordinates": [[[-95.41073, 29.75456], [-95.41071, 29.75202], [-95.41013, 29.75204], [-95.4095, 29.7523], [-95.40221, 29.75243], [-95.40229, 29.75316], [-95.40235, 29.75724], [-95.40843, 29.75714], [-95.40841, 29.75641], [-95.40868, 29.75588], [-95.41073, 29.75456]]]}, "properties": {"geoid": "482014103002", "jobs_transit_45": 440532}}, {"type": "Feature", "geometry": {"type": "Polygon", "coordinates": [[[-95.40239, 29.75918], [-95.40229, 29.75316], [-95.39802, 29.75323], [-95.39822, 29.76135], [-95.39913, 29.76114], [-95.40087, 29.76096], [-95.40239, 29.75918]]]}, "properties": {"geoid": "482014103003", "jobs_transit_45": 553927}}, {"type": "Feature", "geometry": {"type": "Polygon", "coordinates": [[[-95.41071, 29.75202], [-95.41068, 29.74813], [-95.40215, 29.74823], [-95.40221, 29.75243], [-95.4095, 29.7523], [-95.41013, 29.75204], [-95.41071, 29.75202]]]}, "properties": {"geoid": "482014104011", "jobs_transit_45": 359578}}, {"type": "Feature", "geometry": {"type": "Polygon", "coordinates": [[[-95.41884, 29.74672], [-95.41879, 29.74232], [-95.41074, 29.74259], [-95.41064, 29.7444], [-95.41067, 29.7469], [-95.41538, 29.74682], [-95.41626, 29.74652], [-95.417, 29.74641], [-95.41766, 29.74645], [-95.41884, 29.74672]]]}, "properties": {"geoid": "482014111003", "jobs_transit_45": 443815}}, {"type": "Feature", "geometry": {"type": "Polygon", "coordinates": [[[-95.41883, 29.7484], [-95.41884, 29.74672], [-95.41728, 29.74641], [-95.41626, 29.74652], [-95.41538, 29.74682], [-95.41067, 29.7469], [-95.41067, 29.74908], [-95.41511, 29.749], [-95.41883, 29.7484]]]}, "properties": {"geoid": "482014111002", "jobs_transit_45": 365195}}, {"type": "Feature", "geometry": {"type": "Polygon", "coordinates": [[[-95.39932, 29.7428], [-95.39932, 29.7387], [-95.39475, 29.73874], [-95.39481, 29.74394], [-95.39704, 29.74283], [-95.39932, 29.7428]]]}, "properties": {"geoid": "482014107012", "jobs_transit_45": 428418}}, {"type": "Feature", "geometry": {"type": "Polygon", "coordinates": [[[-95.38895, 29.7424], [-95.38889, 29.7388], [-95.38223, 29.73891], [-95.38198, 29.73974], [-95.38192, 29.74069], [-95.38546, 29.74066], [-95.38548, 29.74243], [-95.38895, 29.7424]]]}, "properties": {"geoid": "482014107013", "jobs_transit_45": 477156}}, {"type": "Feature", "geometry": {"type": "Polygon", "coordinates": [[[-95.42736, 29.70055], [-95.42729, 29.69713], [-95.42718, 29.69644], [-95.42694, 29.69583], [-95.42498, 29.69694], [-95.41965, 29.69591], [-95.41803, 29.69739], [-95.41818, 29.69784], [-95.4198, 29.69699], [-95.42068, 29.69675], [-95.42357, 29.6974], [-95.4229, 29.70007], [-95.42292, 29.70124], [-95.42441, 29.70119], [-95.42517, 29.70101], [-95.42522, 29.7006], [-95.42736, 29.70055]]]}, "properties": {"geoid": "482014132011", "jobs_transit_45": 364059}}, {"type": "Feature", "geometry": {"type": "Polygon", "coordinates": [[[-95.42998, 29.73834], [-95.42989, 29.73632], [-95.42977, 29.73544], [-95.42927, 29.73387], [-95.42835, 29.73398], [-95.41872, 29.73412], [-95.41875, 29.73849], [-95.42998, 29.73834]]]}, "properties": {"geoid": "482014115021", "jobs_transit_45": 399279}}, {"type": "Feature", "geometry": {"type": "Polygon", "coordinates": [[[-95.43666, 29.74157], [-95.43663, 29.73827], [-95.43353, 29.73831], [-95.43347, 29.73298], [-95.43146, 29.73238], [-95.42998, 29.73263], [-95.42895, 29.73294], [-95.42974, 29.73529], [-95.42989, 29.73632], [-95.43004, 29.74207], [-95.43192, 29.74203], [-95.4344, 29.74155], [-95.43666, 29.74157]]]}, "properties": {"geoid": "482014115022", "jobs_transit_45": 416916}}, {"type": "Feature", "geometry": {"type": "Polygon", "coordinates": [[[-95.46044, 29.72896], [-95.4604, 29.72635], [-95.45186, 29.727], [-95.44788, 29.72738], [-95.44785, 29.72865], [-95.44793, 29.73005], [-95.45584, 29.73027], [-95.46044, 29.72896]]]}, "properties": {"geoid": "482014117001", "jobs_transit_45": 169976}}, {"type": "Feature", "geometry": {"type": "Polygon", "coordinates": [[[-95.4481, 29.73814], [-95.44797, 29.7325], [-95.43845, 29.73269], [-95.43863, 29.73826], [-95.4481, 29.73814]]]}, "properties": {"geoid": "482014115012", "jobs_transit_45": 405861}}, {"type": "Feature", "geometry": {"type": "Polygon", "coordinates": [[[-95.42797, 29.72859], [-95.44139, 29.72752], [-95.43812, 29.72725], [-95.43806, 29.72406], [-95.43793, 29.72371], [-95.43755, 29.72312], [-95.43337, 29.72525], [-95.42484, 29.72537], [-95.42483, 29.7268], [-95.4278, 29.72676], [-95.42797, 29.72859]]]}, "properties": {"geoid": "482014118002", "jobs_transit_45": 330294}}, {"type": "Feature", "geometry": {"type": "Polygon", "coordinates": [[[-95.76507, 29.91897], [-95.77415, 29.91884], [-95.77427, 29.9048], [-95.77384, 29.87516], [-95.75016, 29.87528], [-95.74746, 29.87606], [-95.74355, 29.87904], [-95.74082, 29.87963], [-95.72385, 29.87971], [-95.72221, 29.88518], [-95.71968, 29.8873], [-95.71844, 29.8897], [-95.71834, 29.89055], [-95.71848, 29.89447], [-95.72833, 29.89441], [-95.73219, 29.89481], [-95.73237, 29.91211], [-95.7411, 29.91202], [-95.74115, 29.91873], [-95.74121, 29.91899], [-95.74131, 29.91907], [-95.76507, 29.91897]]]}, "properties": {"geoid": "482015430012", "jobs_transit_45": null}}, {"type": "Feature", "geometry": {"type": "Polygon", "coordinates": [[[-95.48265, 29.75004], [-95.4825, 29.73776], [-95.47953, 29.73777], [-95.47941, 29.73797], [-95.47953, 29.74869], [-95.48083, 29.75007], [-95.48265, 29.75004]]]}, "properties": {"geoid": "482014314021", "jobs_transit_45": 289477}}, {"type": "Feature", "geometry": {"type": "Polygon", "coordinates": [[[-95.63293, 29.75591], [-95.63291, 29.75397], [-95.63233, 29.75293], [-95.63674, 29.74924], [-95.63537, 29.74525], [-95.63514, 29.7358], [-95.62548, 29.73591], [-95.62534, 29.73585], [-95.62383, 29.73587], [-95.62373, 29.73707], [-95.62353, 29.73812], [-95.62388, 29.74232], [-95.62407, 29.74417], [-95.6249, 29.74637], [-95.62521, 29.74767], [-95.62527, 29.75491], [-95.62829, 29.75589], [-95.63293, 29.75591]]]}, "properties": {"geoid": "482014516022", "jobs_transit_45": 314649}}, {"type": "Feature", "geometry": {"type": "Polygon", "coordinates": [[[-95.64451, 29.75588], [-95.64453, 29.74429], [-95.64406, 29.73565], [-95.63514, 29.7358], [-95.63537, 29.74525], [-95.63674, 29.74924], [-95.63233, 29.75293], [-95.63291, 29.75397], [-95.63293, 29.75591], [-95.64451, 29.75588]]]}, "properties": {"geoid": "482014516021", "jobs_transit_45": 28657}}, {"type": "Feature", "geometry": {"type": "Polygon", "coordinates": [[[-95.48618, 29.75855], [-95.48604, 29.74994], [-95.48265, 29.75004], [-95.48291, 29.76026], [-95.4841, 29.75921], [-95.48508, 29.75872], [-95.48618, 29.75855]]]}, "properties": {"geoid": "482014315012", "jobs_transit_45": 275488}}, {"type": "Feature", "geometry": {"type": "Polygon", "coordinates": [[[-95.48274, 29.75679], [-95.48265, 29.75004], [-95.47697, 29.75013], [-95.47728, 29.75212], [-95.47736, 29.75687], [-95.48274, 29.75679]]]}, "properties": {"geoid": "482014315013", "jobs_transit_45": 429007}}, {"type": "Feature", "geometry": {"type": "Polygon", "coordinates": [[[-95.48291, 29.76026], [-95.48274, 29.75679], [-95.47736, 29.75687], [-95.47742, 29.76148], [-95.47794, 29.7638], [-95.47946, 29.76335], [-95.48291, 29.76026]]]}, "properties": {"geoid": "482014315011", "jobs_transit_45": 389285}}, {"type": "Feature", "geometry": {"type": "Polygon", "coordinates": [[[-95.48604, 29.74994], [-95.48548, 29.74602], [-95.48404, 29.74604], [-95.48388, 29.74559], [-95.48259, 29.74559], [-95.48265, 29.75004], [-95.48604, 29.74994]]]}, "properties": {"geoid": "482014314012", "jobs_transit_45": 463101}}, {"type": "Feature", "geometry": {"type": "Polygon", "coordinates": [[[-95.48548, 29.74602], [-95.48429, 29.73772], [-95.4825, 29.73776], [-95.48259, 29.74559], [-95.48388, 29.74559], [-95.48404, 29.74604], [-95.48548, 29.74602]]]}, "properties": {"geoid": "482014314011", "jobs_transit_45": 447397}}, {"type": "Feature", "geometry": {"type": "Polygon", "coordinates": [[[-95.38435, 29.84552], [-95.38428, 29.8386], [-95.38125, 29.83728], [-95.37569, 29.83758], [-95.37558, 29.84083], [-95.37775, 29.8456], [-95.38435, 29.84552]]]}, "properties": {"geoid": "482012205002", "jobs_transit_45": 198393}}, {"type": "Feature", "geometry": {"type": "Polygon", "coordinates": [[[-95.16291, 29.79609], [-95.16105, 29.79066], [-95.15981, 29.79069], [-95.15822, 29.7905], [-95.15736, 29.79023], [-95.15479, 29.78916], [-95.1541, 29.78898], [-95.15303, 29.78885], [-95.15103, 29.78886], [-95.15108, 29.78978], [-95.15178, 29.78992], [-95.15194, 29.7949], [-95.14167, 29.79554], [-95.14208, 29.79881], [-95.15431, 29.79858], [-95.15492, 29.79869], [-95.15649, 29.79995], [-95.1576, 29.79616], [-95.16291, 29.79609]]]}, "properties": {"geoid": "482012523011", "jobs_transit_45": null}}, {"type": "Feature", "geometry": {"type": "Polygon", "coordinates": [[[-95.21263, 29.80989], [-95.21424, 29.80665], [-95.2128, 29.80521], [-95.21159, 29.80612], [-95.21029, 29.80668], [-95.20537, 29.80667], [-95.20179, 29.80606], [-95.20178, 29.80708], [-95.19808, 29.80726], [-95.19807, 29.80807], [-95.20155, 29.80808], [-95.20183, 29.80818], [-95.20191, 29.81126], [-95.19806, 29.81135], [-95.19866, 29.81511], [-95.19434, 29.81684], [-95.19436, 29.8175], [-95.20734, 29.81726], [-95.20704, 29.81666], [-95.20913, 29.81353], [-95.21263, 29.80989]]]}, "properties": {"geoid": "482012324031", "jobs_transit_45": null}}, {"type": "Feature", "geometry": {"type": "Polygon", "coordinates": [[[-95.19436, 29.8175], [-95.19427, 29.81612], [-95.19333, 29.81203], [-95.19332, 29.8105], [-95.18564, 29.81044], [-95.18493, 29.81305], [-95.18502, 29.81765], [-95.19436, 29.8175]]]}, "properties": {"geoid": "482012324022", "jobs_transit_45": null}}, {"type": "Feature", "geometry": {"type": "Polygon", "coordinates": [[[-95.15898, 29.79062], [-95.15846, 29.78927], [-95.15376, 29.78419], [-95.15484, 29.7814], [-95.1505, 29.78104], [-95.15013, 29.77956], [-95.13982, 29.78236], [-95.14028, 29.78898], [-95.15325, 29.78886], [-95.1541, 29.78898], [-95.15479, 29.78916], [-95.15761, 29.79032], [-95.15898, 29.79062]]]}, "properties": {"geoid": "482012524004", "jobs_transit_45": null}}, {"type": "Feature", "geometry": {"type": "Polygon", "coordinates": [[[-95.43636, 29.72939], [-95.43866, 29.72921], [-95.44045, 29.72902], [-95.43289, 29.72939], [-95.42816, 29.73005], [-95.42867, 29.73213], [-95.42895, 29.73294], [-95.42998, 29.73263], [-95.43146, 29.73238], [-95.43347, 29.73298], [-95.43353, 29.73831], [-95.43663, 29.73827], [-95.43636, 29.72939]]]}, "properties": {"geoid": "482014115023", "jobs_transit_45": 415075}}, {"type": "Feature", "geometry": {"type": "Polygon", "coordinates": [[[-95.42927, 29.73387], [-95.42867, 29.73213], [-95.42816, 29.73005], [-95.41866, 29.73075], [-95.41872, 29.73412], [-95.42835, 29.73398], [-95.42927, 29.73387]]]}, "properties": {"geoid": "482014115024", "jobs_transit_45": 342485}}, {"type": "Feature", "geometry": {"type": "Polygon", "coordinates": [[[-95.37592, 29.83318], [-95.3762, 29.82837], [-95.36771, 29.82846], [-95.3679, 29.83255], [-95.37592, 29.83318]]]}, "properties": {"geoid": "482012204003", "jobs_transit_45": 475607}}, {"type": "Feature", "geometry": {"type": "Polygon", "coordinates": [[[-95.38435, 29.84552], [-95.39296, 29.84553], [-95.38452, 29.83321], [-95.38442, 29.8346], [-95.37584, 29.83476], [-95.37569, 29.83758], [-95.38125, 29.83728], [-95.38428, 29.8386], [-95.38435, 29.84552]]]}, "properties": {"geoid": "482012205003", "jobs_transit_45": 232587}}, {"type": "Feature", "geometry": {"type": "Polygon", "coordinates": [[[-95.40259, 29.8594], [-95.4005, 29.85618], [-95.39793, 29.85254], [-95.39777, 29.85327], [-95.39098, 29.85337], [-95.39109, 29.85967], [-95.40123, 29.85964], [-95.40259, 29.8594]]]}, "properties": {"geoid": "482012214003", "jobs_transit_45": 77109}}, {"type": "Feature", "geometry": {"type": "Polygon", "coordinates": [[[-95.55352, 30.13509], [-95.55352, 30.13361], [-95.55209, 30.13376], [-95.55104, 30.13031], [-95.54206, 30.13082], [-95.53989, 30.1338], [-95.53451, 30.13295], [-95.53355, 30.13527], [-95.53265, 30.12801], [-95.53015, 30.12531], [-95.52682, 30.12726], [-95.52198, 30.12726], [-95.51763, 30.12516], [-95.51091, 30.12029], [-95.50624, 30.12012], [-95.50584, 30.13084], [-95.50493, 30.13315], [-95.5047, 30.14513], [-95.5097, 30.14848], [-95.5153, 30.15123], [-95.51726, 30.15424], [-95.51858, 30.15219], [-95.52437, 30.15874], [-95.52517, 30.16339], [-95.53046, 30.16578], [-95.53156, 30.16446], [-95.5349, 30.16814], [-95.53863, 30.16858], [-95.54141, 30.17028], [-95.54635, 30.16447], [-95.54742, 30.16269], [-95.54927, 30.15395], [-95.55103, 30.14034], [-95.55352, 30.13509]]]}, "properties": {"geoid": "482015553022", "jobs_transit_45": null}}, {"type": "Feature", "geometry": {"type": "Polygon", "coordinates": [[[-95.43017, 29.89913], [-95.42932, 29.89803], [-95.42269, 29.89809], [-95.42106, 29.89348], [-95.41636, 29.8936], [-95.41465, 29.89395], [-95.41233, 29.89394], [-95.41246, 29.89965], [-95.41475, 29.90204], [-95.42248, 29.9023], [-95.42774, 29.90068], [-95.42918, 29.89947], [-95.42969, 29.8992], [-95.43017, 29.89913]]]}, "properties": {"geoid": "482015335002", "jobs_transit_45": 208486}}, {"type": "Feature", "geometry": {"type": "Polygon", "coordinates": [[[-95.34391, 29.87958], [-95.34404, 29.87721], [-95.34284, 29.87572], [-95.34228, 29.87516], [-95.34152, 29.87522], [-95.34119, 29.87516], [-95.3355, 29.87524], [-95.33543, 29.87102], [-95.33021, 29.87036], [-95.32236, 29.88381], [-95.3228, 29.88366], [-95.32393, 29.88174], [-95.33193, 29.88166], [-95.33247, 29.88053], [-95.33951, 29.8805], [-95.33948, 29.87697], [-95.34326, 29.87693], [-95.34391, 29.87958]]]}, "properties": {"geoid": "482012221002", "jobs_transit_45": 168271}}, {"type": "Feature", "geometry": {"type": "Polygon", "coordinates": [[[-95.40793, 29.86987], [-95.40507, 29.86427], [-95.39774, 29.86432], [-95.39784, 29.86991], [-95.40793, 29.86987]]]}, "properties": {"geoid": "482012215002", "jobs_transit_45": 160117}}, {"type": "Feature", "geometry": {"type": "Polygon", "coordinates": [[[-95.41246, 29.89965], [-95.41225, 29.88906], [-95.40494, 29.88887], [-95.40246, 29.88901], [-95.40246, 29.88999], [-95.40431, 29.89206], [-95.4062, 29.89534], [-95.40607, 29.89614], [-95.40622, 29.8961], [-95.4096, 29.89698], [-95.41022, 29.8974], [-95.41023, 29.89834], [-95.41246, 29.89965]]]}, "properties": {"geoid": "482012216001", "jobs_transit_45": 208230}}, {"type": "Feature", "geometry": {"type": "Polygon", "coordinates": [[[-95.53831, 29.89613], [-95.53771, 29.89501], [-95.53749, 29.89435], [-95.53744, 29.8886], [-95.53738, 29.88854], [-95.5371, 29.88852], [-95.53592, 29.88853], [-95.53377, 29.88656], [-95.5313, 29.88857], [-95.5288, 29.88838], [-95.52486, 29.88625], [-95.52481, 29.88838], [-95.52492, 29.89686], [-95.5349, 29.89614], [-95.53831, 29.89613]]]}, "properties": {"geoid": "482015342024", "jobs_transit_45": null}}, {"type": "Feature", "geometry": {"type": "Polygon", "coordinates": [[[-95.54422, 29.89993], [-95.54948, 29.89815], [-95.54942, 29.89757], [-95.54935, 29.8906], [-95.54536, 29.89043], [-95.54132, 29.89178], [-95.53745, 29.89184], [-95.53751, 29.89447], [-95.53771, 29.89501], [-95.53824, 29.89593], [-95.53837, 29.89646], [-95.53847, 29.90272], [-95.54335, 29.90107], [-95.54422, 29.89993]]]}, "properties": {"geoid": "482015342021", "jobs_transit_45": null}}, {"type": "Feature", "geometry": {"type": "Polygon", "coordinates": [[[-95.38647, 29.89299], [-95.38632, 29.89097], [-95.38585, 29.88948], [-95.38079, 29.88949], [-95.38081, 29.88579], [-95.37919, 29.88578], [-95.37916, 29.88323], [-95.36886, 29.88337], [-95.36639, 29.87354], [-95.36654, 29.87648], [-95.37054, 29.89255], [-95.37692, 29.89222], [-95.37873, 29.8932], [-95.38458, 29.8916], [-95.38557, 29.89238], [-95.38647, 29.89299]]]}, "properties": {"geoid": "482012217003", "jobs_transit_45": null}}, {"type": "Feature", "geometry": {"type": "Polygon", "coordinates": [[[-95.54935, 29.8906], [-95.54935, 29.88805], [-95.54873, 29.88407], [-95.5441, 29.88216], [-95.53887, 29.88162], [-95.53758, 29.87987], [-95.53735, 29.87975], [-95.53745, 29.89184], [-95.54132, 29.89178], [-95.54536, 29.89043], [-95.54935, 29.8906]]]}, "properties": {"geoid": "482015342022", "jobs_transit_45": null}}, {"type": "Feature", "geometry": {"type": "Polygon", "coordinates": [[[-95.41276, 29.86919], [-95.42785, 29.86372], [-95.42818, 29.86359], [-95.41682, 29.85387], [-95.41164, 29.84931], [-95.41208, 29.851], [-95.41246, 29.85336], [-95.41276, 29.86919]]]}, "properties": {"geoid": "482015308001", "jobs_transit_45": 203772}}, {"type": "Feature", "geometry": {"type": "Polygon", "coordinates": [[[-95.43115, 29.88627], [-95.43113, 29.8856], [-95.42999, 29.88564], [-95.42981, 29.87917], [-95.4282, 29.8779], [-95.42133, 29.87795], [-95.42073, 29.87789], [-95.42079, 29.8824], [-95.4175, 29.88288], [-95.42176, 29.88831], [-95.42587, 29.88643], [-95.43115, 29.88627]]]}, "properties": {"geoid": "482015333001", "jobs_transit_45": 93283}}, {"type": "Feature", "geometry": {"type": "Polygon", "coordinates": [[[-95.3961, 29.89327], [-95.39689, 29.89286], [-95.3911, 29.88323], [-95.38399, 29.88317], [-95.37916, 29.88323], [-95.37919, 29.88578], [-95.38081, 29.88579], [-95.38079, 29.88949], [-95.38585, 29.88948], [-95.38632, 29.89097], [-95.38647, 29.89299], [-95.38671, 29.8931], [-95.39269, 29.89206], [-95.3961, 29.89327]]]}, "properties": {"geoid": "482012217004", "jobs_transit_45": null}}, {"type": "Feature", "geometry": {"type": "Polygon", "coordinates": [[[-95.39335, 29.9027], [-95.40039, 29.90257], [-95.40048, 29.90256], [-95.39723, 29.89352], [-95.39689, 29.89286], [-95.3961, 29.89327], [-95.39269, 29.89206], [-95.38671, 29.8931], [-95.38639, 29.89295], [-95.38557, 29.89238], [-95.38458, 29.8916], [-95.37873, 29.8932], [-95.37692, 29.89222], [-95.37054, 29.89255], [-95.37298, 29.90221], [-95.39076, 29.90209], [-95.39139, 29.90217], [-95.39335, 29.9027]]]}, "properties": {"geoid": "482012224011", "jobs_transit_45": 86466}}, {"type": "Feature", "geometry": {"type": "Polygon", "coordinates": [[[-95.64461, 29.76372], [-95.64451, 29.75588], [-95.62829, 29.75589], [-95.62527, 29.75491], [-95.62539, 29.76401], [-95.6317, 29.76454], [-95.6332, 29.76333], [-95.63727, 29.76355], [-95.63826, 29.76814], [-95.64091, 29.76806], [-95.64196, 29.76796], [-95.64366, 29.76811], [-95.64461, 29.76372]]]}, "properties": {"geoid": "482014516012", "jobs_transit_45": 91529}}, {"type": "Feature", "geometry": {"type": "Polygon", "coordinates": [[[-95.64332, 29.76937], [-95.64349, 29.76872], [-95.64366, 29.76811], [-95.64196, 29.76796], [-95.64091, 29.76806], [-95.63826, 29.76814], [-95.63727, 29.76355], [-95.6332, 29.76333], [-95.6317, 29.76454], [-95.62539, 29.76401], [-95.62474, 29.76643], [-95.62133, 29.77138], [-95.62489, 29.77348], [-95.632, 29.77394], [-95.63336, 29.77332], [-95.63391, 29.77151], [-95.63434, 29.77079], [-95.63969, 29.76906], [-95.64161, 29.76908], [-95.64332, 29.76937]]]}, "properties": {"geoid": "482014516011", "jobs_transit_45": 314824}}, {"type": "Feature", "geometry": {"type": "Polygon", "coordinates": [[[-95.48889, 29.85104], [-95.48889, 29.85058], [-95.47856, 29.85023], [-95.47899, 29.8547], [-95.47681, 29.85471], [-95.47332, 29.85106], [-95.48162, 29.86577], [-95.48678, 29.86576], [-95.48863, 29.86049], [-95.48889, 29.85104]]]}, "properties": {"geoid": "482015322002", "jobs_transit_45": 151929}}, {"type": "Feature", "geometry": {"type": "Polygon", "coordinates": [[[-95.48889, 29.85058], [-95.48888, 29.84149], [-95.48499, 29.8404], [-95.48508, 29.85006], [-95.48298, 29.84949], [-95.48102, 29.84811], [-95.47911, 29.8473], [-95.47843, 29.8472], [-95.47662, 29.84945], [-95.47856, 29.85023], [-95.48889, 29.85058]]]}, "properties": {"geoid": "482015321004", "jobs_transit_45": 151792}}, {"type": "Feature", "geometry": {"type": "Polygon", "coordinates": [[[-95.57154, 29.91179], [-95.57186, 29.91104], [-95.57056, 29.90914], [-95.56913, 29.90955], [-95.5668, 29.90972], [-95.56595, 29.90959], [-95.56509, 29.90934], [-95.56481, 29.90991], [-95.5663, 29.91191], [-95.5647, 29.91755], [-95.56408, 29.91927], [-95.56364, 29.9198], [-95.5639, 29.92032], [-95.56567, 29.92216], [-95.57029, 29.92118], [-95.57102, 29.92121], [-95.57154, 29.91179]]]}, "properties": {"geoid": "482015517033", "jobs_transit_45": null}}, {"type": "Feature", "geometry": {"type": "Polygon", "coordinates": [[[-95.5647, 29.91755], [-95.5663, 29.91191], [-95.56481, 29.90991], [-95.56509, 29.90934], [-95.56418, 29.90894], [-95.56324, 29.90832], [-95.55695, 29.90322], [-95.55546, 29.90285], [-95.55449, 29.90278], [-95.55178, 29.90281], [-95.55432, 29.90541], [-95.55533, 29.90713], [-95.55589, 29.90961], [-95.55589, 29.91328], [-95.55634, 29.91329], [-95.55636, 29.91434], [-95.55902, 29.91414], [-95.56023, 29.91652], [-95.56128, 29.91581], [-95.56408, 29.91927], [-95.5647, 29.91755]]]}, "properties": {"geoid": "482015517031", "jobs_transit_45": null}}, {"type": "Feature", "geometry": {"type": "Polygon", "coordinates": [[[-95.57089, 29.92289], [-95.57102, 29.92121], [-95.57029, 29.92118], [-95.56567, 29.92216], [-95.5639, 29.92032], [-95.56364, 29.9198], [-95.56128, 29.91581], [-95.56023, 29.91652], [-95.55902, 29.91414], [-95.55636, 29.91434], [-95.55634, 29.91329], [-95.55589, 29.91328], [-95.55588, 29.91759], [-95.55517, 29.92336], [-95.55485, 29.92388], [-95.55963, 29.92604], [-95.56436, 29.92674], [-95.56518, 29.92692], [-95.56677, 29.92744], [-95.56739, 29.92755], [-95.56798, 29.92641], [-95.56834, 29.9254], [-95.56879, 29.92298], [-95.57089, 29.92289]]]}, "properties": {"geoid": "482015517032", "jobs_transit_45": null}}, {"type": "Feature", "geometry": {"type": "Polygon", "coordinates": [[[-95.39076, 29.91674], [-95.39099, 29.91581], [-95.391, 29.91574], [-95.38986, 29.91579], [-95.37736, 29.91662], [-95.37583, 29.91664], [-95.37578, 29.91724], [-95.3759, 29.91804], [-95.37679, 29.92015], [-95.37809, 29.92543], [-95.37962, 29.93279], [-95.38682, 29.93189], [-95.39098, 29.93192], [-95.39076, 29.91674]]]}, "properties": {"geoid": "482012225021", "jobs_transit_45": null}}, {"type": "Feature", "geometry": {"type": "Polygon", "coordinates": [[[-95.40114, 29.94835], [-95.40116, 29.94433], [-95.40392, 29.94358], [-95.40295, 29.94049], [-95.40136, 29.94019], [-95.39387, 29.93858], [-95.38119, 29.9387], [-95.38392, 29.94938], [-95.38626, 29.94916], [-95.38911, 29.94564], [-95.39481, 29.94527], [-95.39536, 29.94518], [-95.39641, 29.94516], [-95.39717, 29.94525], [-95.39962, 29.94766], [-95.40056, 29.9483], [-95.40114, 29.94835]]]}, "properties": {"geoid": "482012401001", "jobs_transit_45": 481033}}, {"type": "Feature", "geometry": {"type": "Polygon", "coordinates": [[[-95.41401, 29.94054], [-95.41326, 29.93839], [-95.41218, 29.93467], [-95.41199, 29.9318], [-95.40976, 29.9317], [-95.40213, 29.93177], [-95.40215, 29.9327], [-95.40191, 29.93339], [-95.39947, 29.93477], [-95.39861, 29.93535], [-95.39809, 29.93621], [-95.39715, 29.93913], [-95.40136, 29.94019], [-95.40295, 29.94049], [-95.41401, 29.94054]]]}, "properties": {"geoid": "482012226001", "jobs_transit_45": 457402}}, {"type": "Feature", "geometry": {"type": "Polygon", "coordinates": [[[-95.45837, 29.91897], [-95.45532, 29.91685], [-95.45463, 29.91649], [-95.45374, 29.91578], [-95.45083, 29.91387], [-95.44014, 29.90479], [-95.43766, 29.90404], [-95.43395, 29.89891], [-95.43187, 29.89864], [-95.43128, 29.89923], [-95.43132, 29.89804], [-95.42932, 29.89803], [-95.44685, 29.92064], [-95.45204, 29.92047], [-95.45837, 29.91897]]]}, "properties": {"geoid": "482015338012", "jobs_transit_45": 92148}}, {"type": "Feature", "geometry": {"type": "Polygon", "coordinates": [[[-95.43403, 29.90415], [-95.43017, 29.89913], [-95.42969, 29.8992], [-95.42918, 29.89947], [-95.42774, 29.90068], [-95.42248, 29.9023], [-95.41475, 29.90204], [-95.41246, 29.89965], [-95.4127, 29.91508], [-95.42379, 29.91493], [-95.42369, 29.91184], [-95.42287, 29.91005], [-95.42274, 29.90439], [-95.43403, 29.90415]]]}, "properties": {"geoid": "482015336001", "jobs_transit_45": 117892}}, {"type": "Feature", "geometry": {"type": "Polygon", "coordinates": [[[-95.4816, 29.91955], [-95.48151, 29.91857], [-95.48126, 29.91763], [-95.47975, 29.91447], [-95.48, 29.9113], [-95.46751, 29.90334], [-95.46312, 29.89877], [-95.46221, 29.89817], [-95.45334, 29.89765], [-95.43132, 29.89804], [-95.43128, 29.89923], [-95.43187, 29.89864], [-95.43395, 29.89891], [-95.43766, 29.90404], [-95.44014, 29.90479], [-95.45083, 29.91387], [-95.45374, 29.91578], [-95.45463, 29.91649], [-95.45532, 29.91685], [-95.45837, 29.91897], [-95.46012, 29.91855], [-95.46129, 29.91853], [-95.46557, 29.91952], [-95.47137, 29.91948], [-95.47909, 29.91962], [-95.4816, 29.91955]]]}, "properties": {"geoid": "482015338011", "jobs_transit_45": null}}, {"type": "Feature", "geometry": {"type": "Polygon", "coordinates": [[[-95.58465, 29.91783], [-95.58457, 29.90998], [-95.58165, 29.90995], [-95.57361, 29.90874], [-95.57353, 29.91204], [-95.57315, 29.91454], [-95.57338, 29.91556], [-95.57408, 29.91689], [-95.57686, 29.91575], [-95.5772, 29.91571], [-95.5793, 29.91365], [-95.58185, 29.91713], [-95.58358, 29.91781], [-95.58465, 29.91783]]]}, "properties": {"geoid": "482015517011", "jobs_transit_45": null}}, {"type": "Feature", "geometry": {"type": "Polygon", "coordinates": [[[-95.58472, 29.92463], [-95.58465, 29.91783], [-95.58358, 29.91781], [-95.58185, 29.91713], [-95.5793, 29.91365], [-95.5772, 29.91571], [-95.57686, 29.91575], [-95.57408, 29.91689], [-95.57548, 29.91948], [-95.57602, 29.91997], [-95.57558, 29.9207], [-95.57681, 29.92445], [-95.58109, 29.92465], [-95.58472, 29.92463]]]}, "properties": {"geoid": "482015517012", "jobs_transit_45": null}}, {"type": "Feature", "geometry": {"type": "Polygon", "coordinates": [[[-95.28773, 29.93644], [-95.2876, 29.93476], [-95.28738, 29.91588], [-95.28623, 29.91359], [-95.28579, 29.91406], [-95.28217, 29.91524], [-95.27865, 29.91615], [-95.27239, 29.91675], [-95.26519, 29.91542], [-95.25933, 29.91744], [-95.25139, 29.92276], [-95.24632, 29.92233], [-95.24407, 29.91987], [-95.24345, 29.91426], [-95.2398, 29.91079], [-95.23711, 29.90608], [-95.24028, 29.90329], [-95.24069, 29.89865], [-95.20639, 29.93192], [-95.20778, 29.93291], [-95.2092, 29.93361], [-95.21228, 29.93425], [-95.22577, 29.93413], [-95.23589, 29.93391], [-95.24531, 29.93457], [-95.25202, 29.93443], [-95.25613, 29.93482], [-95.2667, 29.93781], [-95.26848, 29.9348], [-95.2746, 29.93416], [-95.28417, 29.93473], [-95.28705, 29.93713], [-95.28773, 29.93644]]]}, "properties": {"geoid": "482012322003", "jobs_transit_45": null}}, {"type": "Feature", "geometry": {"type": "Polygon", "coordinates": [[[-95.5987, 29.90158], [-95.5996, 29.90067], [-95.58498, 29.89039], [-95.58441, 29.89106], [-95.58438, 29.89288], [-95.5845, 29.89843], [-95.58466, 29.89836], [-95.58541, 29.89843], [-95.58965, 29.8995], [-95.59039, 29.90096], [-95.5944, 29.90166], [-95.5958, 29.90323], [-95.59792, 29.90216], [-95.5987, 29.90158]]]}, "properties": {"geoid": "482015519001", "jobs_transit_45": null}}, {"type": "Feature", "geometry": {"type": "Polygon", "coordinates": [[[-95.62074, 29.89553], [-95.62071, 29.88933], [-95.61661, 29.89048], [-95.60622, 29.89057], [-95.60673, 29.88743], [-95.60796, 29.88549], [-95.60834, 29.88446], [-95.60848, 29.88339], [-95.60853, 29.87955], [-95.60094, 29.87992], [-95.57647, 29.88026], [-95.57504, 29.8799], [-95.57113, 29.8806], [-95.61981, 29.9149], [-95.6201, 29.91477], [-95.62008, 29.91335], [-95.62074, 29.89553]]]}, "properties": {"geoid": "482015408002", "jobs_transit_45": null}}, {"type": "Feature", "geometry": {"type": "Polygon", "coordinates": [[[-95.58676, 29.9073], [-95.58876, 29.90617], [-95.58819, 29.90541], [-95.58784, 29.90474], [-95.58759, 29.90344], [-95.5884, 29.8993], [-95.58541, 29.89843], [-95.58466, 29.89836], [-95.5845, 29.89843], [-95.58457, 29.90998], [-95.58626, 29.90996], [-95.58627, 29.90805], [-95.58676, 29.9073]]]}, "properties": {"geoid": "482015519002", "jobs_transit_45": null}}, {"type": "Feature", "geometry": {"type": "Polygon", "coordinates": [[[-95.40607, 29.89614], [-95.4062, 29.89534], [-95.40431, 29.89206], [-95.40246, 29.88999], [-95.40246, 29.88901], [-95.39486, 29.88946], [-95.39689, 29.89286], [-95.40117, 29.89538], [-95.40213, 29.89575], [-95.40569, 29.89628], [-95.40607, 29.89614]]]}, "properties": {"geoid": "482012216005", "jobs_transit_45": 208085}}, {"type": "Feature", "geometry": {"type": "Polygon", "coordinates": [[[-95.50928, 29.82934], [-95.5092, 29.8239], [-95.5022, 29.82353], [-95.50273, 29.82431], [-95.50287, 29.82483], [-95.50293, 29.82937], [-95.50928, 29.82934]]]}, "properties": {"geoid": "482015214004", "jobs_transit_45": 62089}}, {"type": "Feature", "geometry": {"type": "Polygon", "coordinates": [[[-95.46365, 29.88298], [-95.46298, 29.87934], [-95.45915, 29.87463], [-95.45899, 29.87066], [-95.45283, 29.87066], [-95.45284, 29.87806], [-95.45469, 29.88113], [-95.45842, 29.88114], [-95.46186, 29.88299], [-95.46365, 29.88298]]]}, "properties": {"geoid": "482015331003", "jobs_transit_45": 57519}}, {"type": "Feature", "geometry": {"type": "Polygon", "coordinates": [[[-95.45933, 29.92894], [-95.45919, 29.92309], [-95.4488, 29.92316], [-95.4564, 29.93295], [-95.4575, 29.9322], [-95.4584, 29.93126], [-95.45887, 29.93051], [-95.45933, 29.92894]]]}, "properties": {"geoid": "482015338023", "jobs_transit_45": 69227}}, {"type": "Feature", "geometry": {"type": "Polygon", "coordinates": [[[-95.40449, 29.91535], [-95.40505, 29.91539], [-95.40305, 29.90969], [-95.39105, 29.90978], [-95.39097, 29.9021], [-95.38679, 29.90211], [-95.38686, 29.90941], [-95.38666, 29.91603], [-95.39285, 29.91564], [-95.40449, 29.91535]]]}, "properties": {"geoid": "482012224021", "jobs_transit_45": 49697}}, {"type": "Feature", "geometry": {"type": "Polygon", "coordinates": [[[-95.16902, 29.56962], [-95.16229, 29.56185], [-95.1542, 29.55341], [-95.15181, 29.55504], [-95.15014, 29.55579], [-95.1455, 29.55878], [-95.14728, 29.56103], [-95.15028, 29.55934], [-95.15106, 29.56621], [-95.14763, 29.56488], [-95.14515, 29.56666], [-95.15781, 29.58021], [-95.16499, 29.57404], [-95.16699, 29.57175], [-95.16902, 29.56962]]]}, "properties": {"geoid": "482013409002", "jobs_transit_45": null}}, {"type": "Feature", "geometry": {"type": "Polygon", "coordinates": [[[-95.14515, 29.56666], [-95.14763, 29.56488], [-95.15106, 29.56621], [-95.15028, 29.55934], [-95.14728, 29.56103], [-95.1455, 29.55878], [-95.14067, 29.56189], [-95.14515, 29.56666]]]}, "properties": {"geoid": "482013409001", "jobs_transit_45": null}}, {"type": "Feature", "geometry": {"type": "Polygon", "coordinates": [[[-95.1446, 29.57365], [-95.14881, 29.57059], [-95.14067, 29.56189], [-95.13243, 29.56777], [-95.13453, 29.57006], [-95.1353, 29.5693], [-95.1359, 29.56845], [-95.13673, 29.56804], [-95.14015, 29.56914], [-95.14153, 29.56928], [-95.14153, 29.57049], [-95.1446, 29.57365]]]}, "properties": {"geoid": "482013407001", "jobs_transit_45": null}}, {"type": "Feature", "geometry": {"type": "Polygon", "coordinates": [[[-95.33059, 29.89092], [-95.33048, 29.88444], [-95.33003, 29.88169], [-95.32393, 29.88174], [-95.3228, 29.88366], [-95.32236, 29.88381], [-95.31825, 29.89096], [-95.33059, 29.89092]]]}, "properties": {"geoid": "482012222002", "jobs_transit_45": 124090}}, {"type": "Feature", "geometry": {"type": "Polygon", "coordinates": [[[-95.33098, 29.92072], [-95.33138, 29.91123], [-95.32362, 29.91074], [-95.32347, 29.90282], [-95.31569, 29.90293], [-95.31574, 29.90758], [-95.31825, 29.90859], [-95.31746, 29.90896], [-95.31778, 29.9108], [-95.30975, 29.9108], [-95.30853, 29.91587], [-95.30713, 29.91844], [-95.31746, 29.91955], [-95.32556, 29.91926], [-95.33045, 29.92074], [-95.33098, 29.92072]]]}, "properties": {"geoid": "482012230011", "jobs_transit_45": 144800}}, {"type": "Feature", "geometry": {"type": "Polygon", "coordinates": [[[-95.33157, 29.90597], [-95.3317, 29.90555], [-95.32354, 29.90594], [-95.32362, 29.91074], [-95.33138, 29.91123], [-95.33138, 29.90662], [-95.33157, 29.90597]]]}, "properties": {"geoid": "482012230021", "jobs_transit_45": 144255}}, {"type": "Feature", "geometry": {"type": "Polygon", "coordinates": [[[-95.35543, 29.9132], [-95.35517, 29.90595], [-95.34765, 29.90631], [-95.3405, 29.90637], [-95.34049, 29.90857], [-95.34112, 29.90941], [-95.34124, 29.91307], [-95.35543, 29.9132]]]}, "properties": {"geoid": "482012229002", "jobs_transit_45": null}}, {"type": "Feature", "geometry": {"type": "Polygon", "coordinates": [[[-95.37607, 29.91667], [-95.37629, 29.91465], [-95.37624, 29.91357], [-95.37298, 29.90221], [-95.35506, 29.90234], [-95.35557, 29.91677], [-95.36364, 29.91681], [-95.36366, 29.91772], [-95.37177, 29.91617], [-95.37607, 29.91667]]]}, "properties": {"geoid": "482012228002", "jobs_transit_45": 101095}}, {"type": "Feature", "geometry": {"type": "Polygon", "coordinates": [[[-95.68254, 29.9342], [-95.68589, 29.92721], [-95.68628, 29.92633], [-95.68638, 29.92586], [-95.68601, 29.90853], [-95.68479, 29.9085], [-95.68286, 29.90807], [-95.68026, 29.90699], [-95.67543, 29.90611], [-95.66962, 29.90585], [-95.66813, 29.90943], [-95.66843, 29.91513], [-95.66843, 29.91763], [-95.67295, 29.9176], [-95.67325, 29.92858], [-95.67721, 29.9315], [-95.68012, 29.93024], [-95.68034, 29.9325], [-95.68106, 29.93358], [-95.68254, 29.9342]]]}, "properties": {"geoid": "482015410032", "jobs_transit_45": null}}, {"type": "Feature", "geometry": {"type": "Polygon", "coordinates": [[[-95.68254, 29.9342], [-95.68106, 29.93358], [-95.68034, 29.9325], [-95.68012, 29.93024], [-95.67721, 29.9315], [-95.67325, 29.92858], [-95.67295, 29.9176], [-95.66843, 29.91763], [-95.66846, 29.91856], [-95.66775, 29.92081], [-95.66353, 29.92707], [-95.66226, 29.93203], [-95.6628, 29.93397], [-95.66626, 29.93811], [-95.66923, 29.94374], [-95.67631, 29.94715], [-95.68254, 29.9342]]]}, "properties": {"geoid": "482015410031", "jobs_transit_45": null}}, {"type": "Feature", "geometry": {"type": "Polygon", "coordinates": [[[-95.68601, 29.90853], [-95.68594, 29.90739], [-95.68396, 29.89691], [-95.67894, 29.89763], [-95.67841, 29.89434], [-95.67544, 29.88953], [-95.66847, 29.89026], [-95.66861, 29.8967], [-95.66954, 29.9002], [-95.66974, 29.90153], [-95.66962, 29.90585], [-95.67543, 29.90611], [-95.68026, 29.90699], [-95.68286, 29.90807], [-95.68479, 29.9085], [-95.68601, 29.90853]]]}, "properties": {"geoid": "482015412012", "jobs_transit_45": null}}, {"type": "Feature", "geometry": {"type": "Polygon", "coordinates": [[[-95.48019, 29.6411], [-95.47896, 29.63976], [-95.4791, 29.63395], [-95.47395, 29.63397], [-95.47242, 29.63536], [-95.47175, 29.63099], [-95.47676, 29.63093], [-95.47589, 29.62893], [-95.47302, 29.63028], [-95.47304, 29.62956], [-95.4735, 29.62791], [-95.47068, 29.62731], [-95.46519, 29.62729], [-95.46349, 29.63199], [-95.46358, 29.64081], [-95.46374, 29.6475], [-95.47161, 29.64454], [-95.48019, 29.6411]]]}, "properties": {"geoid": "482013303011", "jobs_transit_45": 330595}}, {"type": "Feature", "geometry": {"type": "Polygon", "coordinates": [[[-95.4059, 29.80387], [-95.40565, 29.7961], [-95.40238, 29.79616], [-95.40242, 29.798], [-95.39912, 29.79804], [-95.39922, 29.80396], [-95.4059, 29.80387]]]}, "properties": {"geoid": "482015113011", "jobs_transit_45": 486277}}, {"type": "Feature", "geometry": {"type": "Polygon", "coordinates": [[[-95.4116, 29.79176], [-95.41181, 29.79038], [-95.4099, 29.79051], [-95.40556, 29.79058], [-95.40565, 29.7961], [-95.41162, 29.79601], [-95.41156, 29.79234], [-95.4116, 29.79176]]]}, "properties": {"geoid": "482015113013", "jobs_transit_45": 496731}}, {"type": "Feature", "geometry": {"type": "Polygon", "coordinates": [[[-95.41226, 29.80377], [-95.41219, 29.801], [-95.41171, 29.79971], [-95.41162, 29.79601], [-95.40565, 29.7961], [-95.4059, 29.80387], [-95.41226, 29.80377]]]}, "properties": {"geoid": "482015113014", "jobs_transit_45": 486248}}, {"type": "Feature", "geometry": {"type": "Polygon", "coordinates": [[[-95.38804, 29.80408], [-95.38783, 29.79083], [-95.38427, 29.79092], [-95.38442, 29.79849], [-95.38441, 29.80315], [-95.38445, 29.8032], [-95.38745, 29.8032], [-95.38804, 29.80408]]]}, "properties": {"geoid": "482015114001", "jobs_transit_45": 505511}}, {"type": "Feature", "geometry": {"type": "Polygon", "coordinates": [[[-95.38441, 29.80315], [-95.38443, 29.79915], [-95.38433, 29.79435], [-95.38009, 29.79439], [-95.38009, 29.79607], [-95.38183, 29.79736], [-95.38191, 29.8031], [-95.38437, 29.80309], [-95.38441, 29.80315]]]}, "properties": {"geoid": "482015114003", "jobs_transit_45": 505513}}, {"type": "Feature", "geometry": {"type": "Polygon", "coordinates": [[[-95.53692, 29.81662], [-95.53691, 29.81535], [-95.53429, 29.81537], [-95.53357, 29.81386], [-95.53228, 29.81513], [-95.52895, 29.81463], [-95.52622, 29.81517], [-95.52629, 29.82195], [-95.53425, 29.82186], [-95.5369, 29.82248], [-95.53682, 29.81847], [-95.53692, 29.81662]]]}, "properties": {"geoid": "482015221003", "jobs_transit_45": 298641}}, {"type": "Feature", "geometry": {"type": "Polygon", "coordinates": [[[-95.54522, 29.81269], [-95.54515, 29.80601], [-95.54034, 29.80601], [-95.53993, 29.8064], [-95.52442, 29.80659], [-95.52443, 29.8071], [-95.52616, 29.80981], [-95.53138, 29.80921], [-95.53466, 29.81003], [-95.53789, 29.81217], [-95.54522, 29.81269]]]}, "properties": {"geoid": "482015222012", "jobs_transit_45": 168388}}, {"type": "Feature", "geometry": {"type": "Polygon", "coordinates": [[[-95.54515, 29.80601], [-95.54512, 29.80452], [-95.54485, 29.80264], [-95.54482, 29.80095], [-95.54026, 29.80089], [-95.53361, 29.80099], [-95.53075, 29.80129], [-95.53086, 29.80648], [-95.53993, 29.8064], [-95.54034, 29.80601], [-95.54515, 29.80601]]]}, "properties": {"geoid": "482015222021", "jobs_transit_45": 143759}}, {"type": "Feature", "geometry": {"type": "Polygon", "coordinates": [[[-95.54482, 29.80095], [-95.54468, 29.79429], [-95.54017, 29.79425], [-95.53744, 29.79413], [-95.53065, 29.79596], [-95.53075, 29.80129], [-95.53361, 29.80099], [-95.54026, 29.80089], [-95.54482, 29.80095]]]}, "properties": {"geoid": "482015222022", "jobs_transit_45": 144262}}, {"type": "Feature", "geometry": {"type": "Polygon", "coordinates": [[[-95.54468, 29.79429], [-95.54454, 29.78887], [-95.54398, 29.78474], [-95.53999, 29.78473], [-95.54017, 29.79425], [-95.54468, 29.79429]]]}, "properties": {"geoid": "482015223021", "jobs_transit_45": 686937}}, {"type": "Feature", "geometry": {"type": "Polygon", "coordinates": [[[-95.7258, 29.76919], [-95.72801, 29.76738], [-95.72424, 29.76391], [-95.71772, 29.75951], [-95.71618, 29.76163], [-95.7164, 29.76589], [-95.71811, 29.7684], [-95.71841, 29.76896], [-95.71865, 29.76964], [-95.71882, 29.77079], [-95.71886, 29.77525], [-95.72043, 29.7753], [-95.7216, 29.77554], [-95.72163, 29.77024], [-95.7258, 29.76919]]]}, "properties": {"geoid": "482014547002", "jobs_transit_45": null}}, {"type": "Feature", "geometry": {"type": "Polygon", "coordinates": [[[-95.72985, 29.76275], [-95.72953, 29.76089], [-95.73008, 29.75892], [-95.72841, 29.75804], [-95.72227, 29.7535], [-95.72118, 29.75462], [-95.71772, 29.75951], [-95.72424, 29.76391], [-95.72489, 29.76449], [-95.72985, 29.76275]]]}, "properties": {"geoid": "482014547003", "jobs_transit_45": null}}, {"type": "Feature", "geometry": {"type": "Polygon", "coordinates": [[[-95.73563, 29.77547], [-95.7355, 29.76975], [-95.73494, 29.76727], [-95.73437, 29.76123], [-95.73434, 29.75953], [-95.73283, 29.75952], [-95.73008, 29.75892], [-95.72953, 29.76089], [-95.72985, 29.76275], [-95.72489, 29.76449], [-95.72921, 29.76848], [-95.73181, 29.77067], [-95.7342, 29.77478], [-95.73487, 29.77531], [-95.73539, 29.77547], [-95.73563, 29.77547]]]}, "properties": {"geoid": "482014547004", "jobs_transit_45": null}}, {"type": "Feature", "geometry": {"type": "Polygon", "coordinates": [[[-95.75165, 29.76166], [-95.7516, 29.75856], [-95.74158, 29.75866], [-95.73434, 29.75953], [-95.73437, 29.76123], [-95.73486, 29.76351], [-95.74616, 29.76178], [-95.74748, 29.7617], [-95.75165, 29.76166]]]}, "properties": {"geoid": "482014548001", "jobs_transit_45": null}}, {"type": "Feature", "geometry": {"type": "Polygon", "coordinates": [[[-95.53354, 29.79517], [-95.53201, 29.79179], [-95.53135, 29.78924], [-95.52578, 29.78938], [-95.52577, 29.79292], [-95.52217, 29.79326], [-95.52393, 29.79801], [-95.52663, 29.79706], [-95.53354, 29.79517]]]}, "properties": {"geoid": "482015223011", "jobs_transit_45": 504051}}, {"type": "Feature", "geometry": {"type": "Polygon", "coordinates": [[[-95.53177, 29.78544], [-95.53179, 29.78514], [-95.53179, 29.78382], [-95.52747, 29.78384], [-95.52127, 29.78374], [-95.52178, 29.78736], [-95.52217, 29.79326], [-95.52577, 29.79292], [-95.52578, 29.78938], [-95.53135, 29.78924], [-95.53134, 29.7867], [-95.53177, 29.78544]]]}, "properties": {"geoid": "482015223012", "jobs_transit_45": 627641}}, {"type": "Feature", "geometry": {"type": "Polygon", "coordinates": [[[-95.56359, 29.81271], [-95.56359, 29.81248], [-95.56337, 29.79707], [-95.55868, 29.79712], [-95.55734, 29.79747], [-95.55599, 29.79754], [-95.55383, 29.79796], [-95.55401, 29.80575], [-95.55387, 29.80913], [-95.55446, 29.81268], [-95.56359, 29.81271]]]}, "properties": {"geoid": "482015224021", "jobs_transit_45": 70869}}, {"type": "Feature", "geometry": {"type": "Polygon", "coordinates": [[[-95.55446, 29.81268], [-95.55387, 29.80913], [-95.55399, 29.80695], [-95.55397, 29.80394], [-95.55325, 29.80404], [-95.5494, 29.80411], [-95.5493, 29.80452], [-95.54512, 29.80452], [-95.54522, 29.81269], [-95.55446, 29.81268]]]}, "properties": {"geoid": "482015224011", "jobs_transit_45": 98075}}, {"type": "Feature", "geometry": {"type": "Polygon", "coordinates": [[[-95.55397, 29.80394], [-95.55386, 29.79884], [-95.55357, 29.79892], [-95.5493, 29.79899], [-95.5492, 29.79514], [-95.54471, 29.79511], [-95.54485, 29.80264], [-95.54512, 29.80452], [-95.5493, 29.80452], [-95.5494, 29.80411], [-95.55325, 29.80404], [-95.55397, 29.80394]]]}, "properties": {"geoid": "482015224012", "jobs_transit_45": 129222}}, {"type": "Feature", "geometry": {"type": "Polygon", "coordinates": [[[-95.43636, 29.8196], [-95.43679, 29.81288], [-95.42937, 29.81264], [-95.41188, 29.81274], [-95.41484, 29.81312], [-95.41486, 29.81519], [-95.4117, 29.81518], [-95.41173, 29.81742], [-95.4159, 29.81738], [-95.41589, 29.81927], [-95.42027, 29.81928], [-95.42468, 29.81946], [-95.43027, 29.81945], [-95.43636, 29.8196]]]}, "properties": {"geoid": "482015302002", "jobs_transit_45": 146135}}, {"type": "Feature", "geometry": {"type": "Polygon", "coordinates": [[[-95.45095, 29.81985], [-95.4497, 29.81836], [-95.44538, 29.81755], [-95.44528, 29.8168], [-95.44253, 29.8107], [-95.44089, 29.80888], [-95.43399, 29.81177], [-95.42937, 29.81264], [-95.43679, 29.81288], [-95.43636, 29.8196], [-95.45095, 29.81985]]]}, "properties": {"geoid": "482015302003", "jobs_transit_45": 132622}}, {"type": "Feature", "geometry": {"type": "Polygon", "coordinates": [[[-95.3996, 29.82051], [-95.39955, 29.81883], [-95.39344, 29.81891], [-95.39357, 29.81926], [-95.38325, 29.81939], [-95.38372, 29.82325], [-95.38524, 29.82306], [-95.38543, 29.82229], [-95.39618, 29.8222], [-95.39615, 29.82054], [-95.3996, 29.82051]]]}, "properties": {"geoid": "482015303001", "jobs_transit_45": 496037}}, {"type": "Feature", "geometry": {"type": "Polygon", "coordinates": [[[-95.39949, 29.81884], [-95.39951, 29.81837], [-95.39941, 29.81291], [-95.39776, 29.81294], [-95.39701, 29.81302], [-95.39427, 29.8137], [-95.39163, 29.81388], [-95.39356, 29.81477], [-95.39358, 29.81806], [-95.39469, 29.81806], [-95.39471, 29.8189], [-95.39949, 29.81884]]]}, "properties": {"geoid": "482015303002", "jobs_transit_45": 400591}}, {"type": "Feature", "geometry": {"type": "Polygon", "coordinates": [[[-95.7517, 29.76966], [-95.75165, 29.76166], [-95.74748, 29.7617], [-95.74616, 29.76178], [-95.73486, 29.76351], [-95.7349, 29.76661], [-95.73816, 29.76645], [-95.74343, 29.76546], [-95.74507, 29.77171], [-95.7517, 29.76966]]]}, "properties": {"geoid": "482014548002", "jobs_transit_45": null}}, {"type": "Feature", "geometry": {"type": "Polygon", "coordinates": [[[-95.75178, 29.77476], [-95.7517, 29.76966], [-95.74507, 29.77171], [-95.74343, 29.76546], [-95.73816, 29.76645], [-95.7349, 29.76661], [-95.7355, 29.76975], [-95.73563, 29.77626], [-95.73696, 29.7764], [-95.73842, 29.77628], [-95.73936, 29.77604], [-95.74126, 29.77531], [-95.75178, 29.77476]]]}, "properties": {"geoid": "482014548003", "jobs_transit_45": 51373}}, {"type": "Feature", "geometry": {"type": "Polygon", "coordinates": [[[-95.39877, 29.83055], [-95.39636, 29.82568], [-95.3951, 29.82344], [-95.39463, 29.82221], [-95.38543, 29.82229], [-95.38524, 29.82306], [-95.38816, 29.82296], [-95.38866, 29.82957], [-95.38866, 29.83069], [-95.39877, 29.83055]]]}, "properties": {"geoid": "482015304001", "jobs_transit_45": 496730}}, {"type": "Feature", "geometry": {"type": "Polygon", "coordinates": [[[-95.38866, 29.83069], [-95.38867, 29.8305], [-95.38866, 29.82957], [-95.38816, 29.82296], [-95.38372, 29.82325], [-95.38325, 29.81939], [-95.37927, 29.81939], [-95.37805, 29.81939], [-95.3813, 29.82878], [-95.38452, 29.83321], [-95.38442, 29.83085], [-95.38866, 29.83069]]]}, "properties": {"geoid": "482015304002", "jobs_transit_45": 213147}}, {"type": "Feature", "geometry": {"type": "Polygon", "coordinates": [[[-95.76526, 29.75806], [-95.77067, 29.75736], [-95.75145, 29.74648], [-95.7516, 29.75856], [-95.75358, 29.7584], [-95.75463, 29.7584], [-95.75714, 29.75885], [-95.76526, 29.75806]]]}, "properties": {"geoid": "482014550001", "jobs_transit_45": null}}, {"type": "Feature", "geometry": {"type": "Polygon", "coordinates": [[[-95.39982, 29.84525], [-95.39867, 29.84041], [-95.3962, 29.83825], [-95.39451, 29.83694], [-95.39013, 29.83433], [-95.38948, 29.83389], [-95.38853, 29.83289], [-95.38654, 29.83097], [-95.3863, 29.83077], [-95.38442, 29.83085], [-95.38452, 29.83321], [-95.39296, 29.84553], [-95.39701, 29.84546], [-95.39982, 29.84525]]]}, "properties": {"geoid": "482015305002", "jobs_transit_45": null}}, {"type": "Feature", "geometry": {"type": "Polygon", "coordinates": [[[-95.40337, 29.85915], [-95.40302, 29.84587], [-95.40098, 29.84525], [-95.39701, 29.84546], [-95.39296, 29.84553], [-95.4005, 29.85618], [-95.40259, 29.8594], [-95.40337, 29.85915]]]}, "properties": {"geoid": "482015307001", "jobs_transit_45": 165039}}, {"type": "Feature", "geometry": {"type": "Polygon", "coordinates": [[[-95.41252, 29.85713], [-95.41208, 29.851], [-95.41164, 29.84931], [-95.40974, 29.84778], [-95.40302, 29.84587], [-95.40337, 29.85915], [-95.4064, 29.85878], [-95.40638, 29.85749], [-95.41252, 29.85713]]]}, "properties": {"geoid": "482015307002", "jobs_transit_45": 247173}}, {"type": "Feature", "geometry": {"type": "Polygon", "coordinates": [[[-95.76243, 29.7853], [-95.77135, 29.78492], [-95.77019, 29.78489], [-95.76314, 29.78497], [-95.75877, 29.78485], [-95.75878, 29.77496], [-95.7566, 29.77475], [-95.75178, 29.77476], [-95.75188, 29.7851], [-95.76243, 29.7853]]]}, "properties": {"geoid": "482014552001", "jobs_transit_45": null}}, {"type": "Feature", "geometry": {"type": "Polygon", "coordinates": [[[-95.76889, 29.78042], [-95.76903, 29.77937], [-95.76884, 29.77514], [-95.76145, 29.77519], [-95.75878, 29.77496], [-95.75877, 29.78485], [-95.76168, 29.78494], [-95.76637, 29.78497], [-95.76629, 29.78374], [-95.76795, 29.78291], [-95.76889, 29.78042]]]}, "properties": {"geoid": "482014552002", "jobs_transit_45": null}}, {"type": "Feature", "geometry": {"type": "Polygon", "coordinates": [[[-95.77715, 29.77538], [-95.77715, 29.77528], [-95.77424, 29.77303], [-95.76884, 29.77514], [-95.76903, 29.77937], [-95.76889, 29.78042], [-95.76795, 29.78291], [-95.76629, 29.78374], [-95.76637, 29.78497], [-95.77019, 29.78489], [-95.77135, 29.78492], [-95.77681, 29.78518], [-95.77715, 29.77538]]]}, "properties": {"geoid": "482014552003", "jobs_transit_45": null}}, {"type": "Feature", "geometry": {"type": "Polygon", "coordinates": [[[-95.81248, 29.7806], [-95.78097, 29.76293], [-95.7761, 29.76053], [-95.77607, 29.7659], [-95.7771, 29.77239], [-95.77715, 29.77538], [-95.77681, 29.78518], [-95.7913, 29.7854], [-95.80506, 29.78525], [-95.80861, 29.78413], [-95.81248, 29.7806]]]}, "properties": {"geoid": "482014553001", "jobs_transit_45": null}}, {"type": "Feature", "geometry": {"type": "Polygon", "coordinates": [[[-95.39163, 29.81388], [-95.39043, 29.81064], [-95.38376, 29.81074], [-95.38217, 29.80951], [-95.38202, 29.80958], [-95.38205, 29.81138], [-95.38262, 29.81395], [-95.39163, 29.81388]]]}, "properties": {"geoid": "482015115001", "jobs_transit_45": 482333}}, {"type": "Feature", "geometry": {"type": "Polygon", "coordinates": [[[-95.41276, 29.86919], [-95.41252, 29.85713], [-95.40638, 29.85749], [-95.4064, 29.85878], [-95.40259, 29.8594], [-95.40793, 29.86987], [-95.41146, 29.86964], [-95.41276, 29.86919]]]}, "properties": {"geoid": "482015307003", "jobs_transit_45": 205218}}, {"type": "Feature", "geometry": {"type": "Polygon", "coordinates": [[[-95.4732, 29.84096], [-95.47296, 29.83556], [-95.47292, 29.833], [-95.47179, 29.83299], [-95.4628, 29.83254], [-95.4676, 29.84097], [-95.4732, 29.84096]]]}, "properties": {"geoid": "482015315001", "jobs_transit_45": 149630}}, {"type": "Feature", "geometry": {"type": "Polygon", "coordinates": [[[-95.48888, 29.84149], [-95.49274, 29.84143], [-95.49088, 29.83991], [-95.48358, 29.83314], [-95.4811, 29.83297], [-95.4786, 29.833], [-95.47976, 29.83678], [-95.47308, 29.83683], [-95.4732, 29.84096], [-95.47609, 29.84036], [-95.48356, 29.84033], [-95.48499, 29.8404], [-95.48888, 29.84149]]]}, "properties": {"geoid": "482015315003", "jobs_transit_45": 218805}}, {"type": "Feature", "geometry": {"type": "Polygon", "coordinates": [[[-95.45866, 29.84234], [-95.45811, 29.8396], [-95.45346, 29.83518], [-95.45313, 29.83259], [-95.4448, 29.83276], [-95.44473, 29.8337], [-95.44258, 29.8367], [-95.44187, 29.84242], [-95.45866, 29.84234]]]}, "properties": {"geoid": "482015316001", "jobs_transit_45": 63502}}, {"type": "Feature", "geometry": {"type": "Polygon", "coordinates": [[[-95.4683, 29.8423], [-95.4628, 29.83254], [-95.45313, 29.83259], [-95.45346, 29.83518], [-95.45811, 29.8396], [-95.45866, 29.84234], [-95.4683, 29.8423]]]}, "properties": {"geoid": "482015316002", "jobs_transit_45": 61710}}, {"type": "Feature", "geometry": {"type": "Polygon", "coordinates": [[[-95.44473, 29.8337], [-95.4448, 29.83276], [-95.4436, 29.83274], [-95.44088, 29.83147], [-95.44029, 29.83239], [-95.43894, 29.83616], [-95.42974, 29.83641], [-95.42963, 29.83766], [-95.42884, 29.83969], [-95.42885, 29.84246], [-95.44187, 29.84242], [-95.44258, 29.8367], [-95.44473, 29.8337]]]}, "properties": {"geoid": "482015317001", "jobs_transit_45": 155312}}, {"type": "Feature", "geometry": {"type": "Polygon", "coordinates": [[[-95.44281, 29.85789], [-95.44251, 29.8455], [-95.44187, 29.84242], [-95.42885, 29.84246], [-95.42908, 29.85143], [-95.42919, 29.86214], [-95.42942, 29.86359], [-95.43671, 29.86353], [-95.43666, 29.85775], [-95.43899, 29.85792], [-95.44281, 29.85789]]]}, "properties": {"geoid": "482015318001", "jobs_transit_45": 138709}}, {"type": "Feature", "geometry": {"type": "Polygon", "coordinates": [[[-95.44641, 29.86348], [-95.44639, 29.86259], [-95.44578, 29.86101], [-95.44563, 29.85788], [-95.43899, 29.85792], [-95.43666, 29.85775], [-95.43671, 29.86353], [-95.44641, 29.86348]]]}, "properties": {"geoid": "482015318002", "jobs_transit_45": 115028}}, {"type": "Feature", "geometry": {"type": "Polygon", "coordinates": [[[-95.45282, 29.86336], [-95.45288, 29.86084], [-95.45283, 29.8566], [-95.45219, 29.85451], [-95.44279, 29.85459], [-95.44281, 29.85789], [-95.44563, 29.85788], [-95.44578, 29.86101], [-95.44639, 29.86259], [-95.44641, 29.86348], [-95.44723, 29.86346], [-95.4491, 29.86315], [-95.45155, 29.86318], [-95.45282, 29.86336]]]}, "properties": {"geoid": "482015319002", "jobs_transit_45": 92126}}, {"type": "Feature", "geometry": {"type": "Polygon", "coordinates": [[[-95.39752, 29.78147], [-95.39744, 29.77667], [-95.38846, 29.77687], [-95.38706, 29.77906], [-95.38769, 29.78163], [-95.39752, 29.78147]]]}, "properties": {"geoid": "482015104003", "jobs_transit_45": 499813}}, {"type": "Feature", "geometry": {"type": "Polygon", "coordinates": [[[-95.37721, 29.77001], [-95.37723, 29.76855], [-95.37562, 29.76834], [-95.37556, 29.76266], [-95.37537, 29.76135], [-95.37472, 29.76142], [-95.37321, 29.76117], [-95.37282, 29.7617], [-95.37204, 29.76235], [-95.36848, 29.76408], [-95.36509, 29.77], [-95.36526, 29.77139], [-95.3658, 29.7724], [-95.36808, 29.7724], [-95.36898, 29.77233], [-95.37587, 29.77238], [-95.37584, 29.77001], [-95.37721, 29.77001]]]}, "properties": {"geoid": "482015101001", "jobs_transit_45": 463192}}, {"type": "Feature", "geometry": {"type": "Polygon", "coordinates": [[[-95.39884, 29.76425], [-95.39843, 29.76186], [-95.39265, 29.7625], [-95.39172, 29.7626], [-95.38609, 29.76171], [-95.38532, 29.76166], [-95.38391, 29.76324], [-95.38228, 29.76361], [-95.38134, 29.76223], [-95.38064, 29.76192], [-95.37628, 29.76102], [-95.37537, 29.76135], [-95.37556, 29.76266], [-95.37559, 29.76549], [-95.38136, 29.76555], [-95.38174, 29.76644], [-95.38237, 29.76689], [-95.38261, 29.7672], [-95.38274, 29.76764], [-95.3828, 29.77292], [-95.38262, 29.7751], [-95.387, 29.77689], [-95.39744, 29.77667], [-95.39728, 29.76956], [-95.39712, 29.76733], [-95.3975, 29.76627], [-95.39884, 29.76425]]]}, "properties": {"geoid": "482015102002", "jobs_transit_45": 544963}}, {"type": "Feature", "geometry": {"type": "Polygon", "coordinates": [[[-95.47973, 29.84286], [-95.47974, 29.84037], [-95.47609, 29.84036], [-95.4732, 29.84096], [-95.4676, 29.84097], [-95.47014, 29.84545], [-95.47709, 29.8471], [-95.47843, 29.8472], [-95.4748, 29.84592], [-95.47475, 29.8429], [-95.47973, 29.84286]]]}, "properties": {"geoid": "482015321001", "jobs_transit_45": 151318}}, {"type": "Feature", "geometry": {"type": "Polygon", "coordinates": [[[-95.38706, 29.77906], [-95.38846, 29.77687], [-95.38239, 29.77758], [-95.38113, 29.77794], [-95.37725, 29.77916], [-95.37507, 29.77911], [-95.37247, 29.77836], [-95.37248, 29.7804], [-95.37344, 29.78153], [-95.37539, 29.7819], [-95.37591, 29.78262], [-95.3764, 29.78369], [-95.3764, 29.78461], [-95.38202, 29.78442], [-95.38202, 29.7841], [-95.38427, 29.78409], [-95.38423, 29.78074], [-95.38746, 29.78098], [-95.38706, 29.77906]]]}, "properties": {"geoid": "482015103002", "jobs_transit_45": 508236}}, {"type": "Feature", "geometry": {"type": "Polygon", "coordinates": [[[-95.38432, 29.78806], [-95.38427, 29.78409], [-95.38202, 29.7841], [-95.38202, 29.78442], [-95.3764, 29.78461], [-95.37643, 29.78814], [-95.38432, 29.78806]]]}, "properties": {"geoid": "482015103003", "jobs_transit_45": 508382}}, {"type": "Feature", "geometry": {"type": "Polygon", "coordinates": [[[-95.38783, 29.79083], [-95.3878, 29.78805], [-95.38768, 29.78803], [-95.37498, 29.78816], [-95.37561, 29.78942], [-95.37419, 29.79013], [-95.3742, 29.79063], [-95.38434, 29.79053], [-95.38427, 29.79092], [-95.38783, 29.79083]]]}, "properties": {"geoid": "482015103004", "jobs_transit_45": 513767}}, {"type": "Feature", "geometry": {"type": "Polygon", "coordinates": [[[-95.3878, 29.78805], [-95.38769, 29.78163], [-95.38746, 29.78098], [-95.38423, 29.78074], [-95.38432, 29.78806], [-95.3878, 29.78805]]]}, "properties": {"geoid": "482015103005", "jobs_transit_45": 490323}}, {"type": "Feature", "geometry": {"type": "Polygon", "coordinates": [[[-95.39202, 29.79078], [-95.39183, 29.78157], [-95.38769, 29.78163], [-95.38783, 29.79083], [-95.39202, 29.79078]]]}, "properties": {"geoid": "482015104002", "jobs_transit_45": 529983}}, {"type": "Feature", "geometry": {"type": "Polygon", "coordinates": [[[-95.4099, 29.79051], [-95.40966, 29.78333], [-95.40434, 29.78338], [-95.40448, 29.7906], [-95.4099, 29.79051]]]}, "properties": {"geoid": "482015105003", "jobs_transit_45": 496565}}, {"type": "Feature", "geometry": {"type": "Polygon", "coordinates": [[[-95.45461, 29.82752], [-95.45425, 29.82546], [-95.45394, 29.82497], [-95.45267, 29.82388], [-95.45196, 29.82454], [-95.44956, 29.82571], [-95.44818, 29.82593], [-95.44464, 29.82601], [-95.4448, 29.83276], [-95.45212, 29.83259], [-95.45407, 29.82936], [-95.45452, 29.82838], [-95.45461, 29.82752]]]}, "properties": {"geoid": "482015312002", "jobs_transit_45": 62376}}, {"type": "Feature", "geometry": {"type": "Polygon", "coordinates": [[[-95.42908, 29.85143], [-95.42886, 29.84412], [-95.42885, 29.84105], [-95.42798, 29.84093], [-95.41091, 29.84115], [-95.41098, 29.84687], [-95.41143, 29.84913], [-95.41508, 29.85236], [-95.41615, 29.8515], [-95.41637, 29.85143], [-95.42908, 29.85143]]]}, "properties": {"geoid": "482015308003", "jobs_transit_45": 205022}}, {"type": "Feature", "geometry": {"type": "Polygon", "coordinates": [[[-95.42968, 29.83228], [-95.42951, 29.81945], [-95.42468, 29.81946], [-95.42027, 29.81928], [-95.4203, 29.82425], [-95.42462, 29.82499], [-95.42377, 29.82797], [-95.42365, 29.83076], [-95.42844, 29.83077], [-95.42968, 29.83228]]]}, "properties": {"geoid": "482015310001", "jobs_transit_45": 144206}}, {"type": "Feature", "geometry": {"type": "Polygon", "coordinates": [[[-95.42377, 29.82797], [-95.42462, 29.82499], [-95.4203, 29.82425], [-95.42027, 29.81928], [-95.41589, 29.81927], [-95.41045, 29.8191], [-95.4107, 29.8314], [-95.41622, 29.83133], [-95.41624, 29.83086], [-95.41639, 29.83078], [-95.42365, 29.83076], [-95.42377, 29.82797]]]}, "properties": {"geoid": "482015310002", "jobs_transit_45": 284711}}, {"type": "Feature", "geometry": {"type": "Polygon", "coordinates": [[[-95.44013, 29.82968], [-95.4413, 29.82899], [-95.43895, 29.8206], [-95.43636, 29.8196], [-95.42951, 29.81945], [-95.42963, 29.82829], [-95.43451, 29.82823], [-95.43935, 29.83049], [-95.44013, 29.82968]]]}, "properties": {"geoid": "482015311002", "jobs_transit_45": 152452}}, {"type": "Feature", "geometry": {"type": "Polygon", "coordinates": [[[-95.45212, 29.83259], [-95.4628, 29.83254], [-95.45814, 29.82423], [-95.45372, 29.82058], [-95.45095, 29.81985], [-95.44873, 29.81978], [-95.44934, 29.82112], [-95.44963, 29.82148], [-95.4534, 29.82446], [-95.45394, 29.82497], [-95.45425, 29.82546], [-95.45461, 29.82752], [-95.45452, 29.82838], [-95.45407, 29.82936], [-95.45212, 29.83259]]]}, "properties": {"geoid": "482015312001", "jobs_transit_45": 94182}}, {"type": "Feature", "geometry": {"type": "Polygon", "coordinates": [[[-95.45196, 29.82454], [-95.45254, 29.82404], [-95.45267, 29.82388], [-95.44963, 29.82148], [-95.44934, 29.82112], [-95.44873, 29.81978], [-95.44449, 29.81972], [-95.44464, 29.82601], [-95.44818, 29.82593], [-95.44956, 29.82571], [-95.45196, 29.82454]]]}, "properties": {"geoid": "482015312003", "jobs_transit_45": 131835}}, {"type": "Feature", "geometry": {"type": "Polygon", "coordinates": [[[-95.47577, 29.82758], [-95.47669, 29.82672], [-95.46889, 29.81944], [-95.45946, 29.81963], [-95.45941, 29.8214], [-95.46184, 29.82337], [-95.46222, 29.82401], [-95.46215, 29.8267], [-95.46304, 29.82714], [-95.46468, 29.82783], [-95.46683, 29.82785], [-95.47027, 29.82829], [-95.47577, 29.82758]]]}, "properties": {"geoid": "482015313002", "jobs_transit_45": 229079}}, {"type": "Feature", "geometry": {"type": "Polygon", "coordinates": [[[-95.4811, 29.83297], [-95.48358, 29.83314], [-95.47669, 29.82672], [-95.47577, 29.82758], [-95.47027, 29.82829], [-95.46683, 29.82785], [-95.46468, 29.82783], [-95.46304, 29.82714], [-95.46081, 29.82651], [-95.45963, 29.82692], [-95.4628, 29.83254], [-95.47179, 29.83299], [-95.4811, 29.83297]]]}, "properties": {"geoid": "482015314001", "jobs_transit_45": 149949}}, {"type": "Feature", "geometry": {"type": "Polygon", "coordinates": [[[-95.3768, 30.06336], [-95.3816, 30.06073], [-95.38027, 30.05725], [-95.37548, 30.0511], [-95.37454, 30.04967], [-95.37167, 30.05121], [-95.36707, 30.05329], [-95.36104, 30.04539], [-95.35888, 30.04522], [-95.35956, 30.04892], [-95.35567, 30.05115], [-95.3541, 30.05165], [-95.35178, 30.05119], [-95.35066, 30.05088], [-95.35229, 30.0526], [-95.35543, 30.05748], [-95.36076, 30.06167], [-95.36642, 30.06386], [-95.37214, 30.06946], [-95.3779, 30.07073], [-95.37905, 30.07038], [-95.37896, 30.06993], [-95.37553, 30.06515], [-95.37671, 30.06359], [-95.3768, 30.06336]]]}, "properties": {"geoid": "482012411024", "jobs_transit_45": null}}, {"type": "Feature", "geometry": {"type": "Polygon", "coordinates": [[[-95.56377, 29.86639], [-95.56366, 29.84668], [-95.5637, 29.83194], [-95.55327, 29.83212], [-95.55338, 29.83524], [-95.55591, 29.83523], [-95.55532, 29.84029], [-95.5539, 29.84179], [-95.55154, 29.8426], [-95.54699, 29.84063], [-95.54678, 29.83223], [-95.54533, 29.83224], [-95.54504, 29.83407], [-95.54515, 29.86012], [-95.54492, 29.8607], [-95.54414, 29.86166], [-95.55918, 29.87226], [-95.56209, 29.8704], [-95.56377, 29.86639]]]}, "properties": {"geoid": "482015218001", "jobs_transit_45": null}}, {"type": "Feature", "geometry": {"type": "Polygon", "coordinates": [[[-95.5539, 29.84179], [-95.55532, 29.84029], [-95.55591, 29.83523], [-95.55338, 29.83524], [-95.55327, 29.83212], [-95.54678, 29.83223], [-95.54699, 29.84063], [-95.55154, 29.8426], [-95.5539, 29.84179]]]}, "properties": {"geoid": "482015218002", "jobs_transit_45": 69785}}, {"type": "Feature", "geometry": {"type": "Polygon", "coordinates": [[[-95.60853, 29.87955], [-95.60847, 29.87247], [-95.60809, 29.86324], [-95.60631, 29.85066], [-95.58708, 29.85075], [-95.58147, 29.85031], [-95.58149, 29.8671], [-95.57584, 29.86718], [-95.57601, 29.87915], [-95.57591, 29.87935], [-95.57527, 29.87998], [-95.57647, 29.88026], [-95.60094, 29.87992], [-95.60853, 29.87955]]]}, "properties": {"geoid": "482015401001", "jobs_transit_45": null}}, {"type": "Feature", "geometry": {"type": "Polygon", "coordinates": [[[-95.58149, 29.8671], [-95.58149, 29.86415], [-95.58147, 29.85031], [-95.56367, 29.8503], [-95.56377, 29.86639], [-95.56209, 29.8704], [-95.55918, 29.87226], [-95.55579, 29.87352], [-95.56319, 29.87676], [-95.56312, 29.87689], [-95.57113, 29.8806], [-95.57504, 29.8799], [-95.57527, 29.87998], [-95.57591, 29.87935], [-95.57601, 29.87915], [-95.57584, 29.86718], [-95.58149, 29.8671]]]}, "properties": {"geoid": "482015401003", "jobs_transit_45": null}}, {"type": "Feature", "geometry": {"type": "Polygon", "coordinates": [[[-95.56359, 29.81508], [-95.56359, 29.81271], [-95.54522, 29.81269], [-95.54521, 29.8154], [-95.54809, 29.81539], [-95.54986, 29.8152], [-95.56359, 29.81508]]]}, "properties": {"geoid": "482015219002", "jobs_transit_45": 84625}}, {"type": "Feature", "geometry": {"type": "Polygon", "coordinates": [[[-95.46215, 29.8267], [-95.46222, 29.82401], [-95.46184, 29.82337], [-95.45941, 29.8214], [-95.45947, 29.82053], [-95.45372, 29.82058], [-95.45814, 29.82423], [-95.45963, 29.82692], [-95.46081, 29.82651], [-95.46215, 29.8267]]]}, "properties": {"geoid": "482015313003", "jobs_transit_45": 94545}}, {"type": "Feature", "geometry": {"type": "Polygon", "coordinates": [[[-95.42971, 29.83476], [-95.42968, 29.83228], [-95.42844, 29.83077], [-95.41639, 29.83078], [-95.41624, 29.83086], [-95.41631, 29.83657], [-95.42853, 29.83652], [-95.42853, 29.83481], [-95.42971, 29.83476]]]}, "properties": {"geoid": "482015309003", "jobs_transit_45": 146173}}, {"type": "Feature", "geometry": {"type": "Polygon", "coordinates": [[[-95.42963, 29.83766], [-95.42971, 29.83476], [-95.42853, 29.83481], [-95.42853, 29.83652], [-95.41631, 29.83657], [-95.41642, 29.84107], [-95.42798, 29.84093], [-95.42885, 29.84105], [-95.42884, 29.83969], [-95.42963, 29.83766]]]}, "properties": {"geoid": "482015309002", "jobs_transit_45": 201159}}, {"type": "Feature", "geometry": {"type": "Polygon", "coordinates": [[[-95.38262, 29.81395], [-95.38205, 29.81138], [-95.38192, 29.80385], [-95.37811, 29.80392], [-95.37807, 29.8019], [-95.37474, 29.80194], [-95.37477, 29.80385], [-95.37329, 29.80388], [-95.37261, 29.80382], [-95.37358, 29.80869], [-95.37529, 29.81321], [-95.37916, 29.81398], [-95.38262, 29.81395]]]}, "properties": {"geoid": "482015116004", "jobs_transit_45": 277635}}, {"type": "Feature", "geometry": {"type": "Polygon", "coordinates": [[[-95.19736, 30.01503], [-95.1978, 30.01297], [-95.19503, 30.01324], [-95.19218, 30.01582], [-95.18988, 30.01469], [-95.18844, 30.00727], [-95.18476, 30.00743], [-95.18379, 30.00755], [-95.17846, 30.01108], [-95.17954, 30.01215], [-95.18008, 30.01292], [-95.18033, 30.01342], [-95.1807, 30.01454], [-95.18084, 30.01618], [-95.18055, 30.01744], [-95.17682, 30.02713], [-95.17756, 30.02661], [-95.1791, 30.02316], [-95.18331, 30.02163], [-95.18431, 30.02176], [-95.18443, 30.0209], [-95.18781, 30.01941], [-95.19337, 30.01896], [-95.19457, 30.0181], [-95.19736, 30.01503]]]}, "properties": {"geoid": "482012507011", "jobs_transit_45": null}}, {"type": "Feature", "geometry": {"type": "Polygon", "coordinates": [[[-95.19689, 30.04317], [-95.19785, 30.03799], [-95.19985, 30.03286], [-95.19663, 30.02751], [-95.19679, 30.02552], [-95.19648, 30.02424], [-95.19289, 30.02317], [-95.18703, 30.0221], [-95.18331, 30.02163], [-95.1791, 30.02316], [-95.17756, 30.02661], [-95.17654, 30.02733], [-95.17558, 30.02984], [-95.17444, 30.03251], [-95.17413, 30.03395], [-95.17415, 30.03514], [-95.17664, 30.04079], [-95.18124, 30.04551], [-95.18422, 30.05003], [-95.18671, 30.04908], [-95.188, 30.04842], [-95.19113, 30.04485], [-95.19442, 30.04351], [-95.19689, 30.04317]]]}, "properties": {"geoid": "482012510001", "jobs_transit_45": null}}, {"type": "Feature", "geometry": {"type": "Polygon", "coordinates": [[[-95.19379, 30.00704], [-95.19332, 29.99881], [-95.1783, 29.99849], [-95.17821, 30.00074], [-95.18205, 30.00015], [-95.18325, 30.00222], [-95.18473, 30.00379], [-95.18311, 30.00475], [-95.18379, 30.00755], [-95.18476, 30.00743], [-95.19379, 30.00704]]]}, "properties": {"geoid": "482012507021", "jobs_transit_45": null}}, {"type": "Feature", "geometry": {"type": "Polygon", "coordinates": [[[-95.66758, 29.86513], [-95.6638, 29.86368], [-95.66372, 29.8598], [-95.66058, 29.85906], [-95.66055, 29.85385], [-95.65479, 29.85271], [-95.65451, 29.85076], [-95.65449, 29.84901], [-95.64577, 29.849], [-95.64506, 29.85532], [-95.64517, 29.86768], [-95.65456, 29.86757], [-95.65559, 29.86739], [-95.65642, 29.86713], [-95.65719, 29.86676], [-95.65889, 29.86574], [-95.66127, 29.86511], [-95.66758, 29.86513]]]}, "properties": {"geoid": "482015414001", "jobs_transit_45": null}}, {"type": "Feature", "geometry": {"type": "Polygon", "coordinates": [[[-95.64513, 29.86597], [-95.6451, 29.86208], [-95.64389, 29.86213], [-95.64102, 29.859], [-95.641, 29.85659], [-95.63277, 29.85708], [-95.63343, 29.85773], [-95.63516, 29.85893], [-95.63715, 29.85896], [-95.6383, 29.86192], [-95.64188, 29.863], [-95.64513, 29.86597]]]}, "properties": {"geoid": "482015405012", "jobs_transit_45": null}}, {"type": "Feature", "geometry": {"type": "Polygon", "coordinates": [[[-95.28475, 30.02991], [-95.28473, 30.02284], [-95.28065, 30.02175], [-95.2812, 30.0102], [-95.28239, 30.00505], [-95.26825, 30.00502], [-95.26313, 30.01654], [-95.259, 30.02662], [-95.25936, 30.0267], [-95.26126, 30.02792], [-95.26385, 30.03237], [-95.26829, 30.03169], [-95.271, 30.0324], [-95.28475, 30.02991]]]}, "properties": {"geoid": "482012409021", "jobs_transit_45": null}}, {"type": "Feature", "geometry": {"type": "Polygon", "coordinates": [[[-95.43542, 30.08946], [-95.43716, 30.08162], [-95.43711, 30.08015], [-95.43613, 30.07481], [-95.43303, 30.07604], [-95.43105, 30.07024], [-95.43032, 30.06967], [-95.42983, 30.06907], [-95.42859, 30.06695], [-95.42552, 30.06355], [-95.42429, 30.06286], [-95.42188, 30.06267], [-95.42215, 30.06634], [-95.42045, 30.07277], [-95.41138, 30.07453], [-95.41059, 30.07861], [-95.41449, 30.09394], [-95.41736, 30.09754], [-95.43292, 30.1046], [-95.43428, 30.1055], [-95.43578, 30.10538], [-95.43564, 30.09757], [-95.43542, 30.08946]]]}, "properties": {"geoid": "482012413003", "jobs_transit_45": null}}, {"type": "Feature", "geometry": {"type": "Polygon", "coordinates": [[[-95.41137, 30.07457], [-95.40575, 30.0668], [-95.4021, 30.06879], [-95.39616, 30.07225], [-95.38358, 30.07931], [-95.38513, 30.08142], [-95.38591, 30.08273], [-95.38743, 30.08051], [-95.39227, 30.07782], [-95.39508, 30.07814], [-95.39759, 30.08118], [-95.40188, 30.07871], [-95.40323, 30.0797], [-95.40607, 30.07869], [-95.40659, 30.07856], [-95.41068, 30.07636], [-95.41104, 30.07628], [-95.41137, 30.07457]]]}, "properties": {"geoid": "482012414001", "jobs_transit_45": null}}, {"type": "Feature", "geometry": {"type": "Polygon", "coordinates": [[[-95.48246, 29.6374], [-95.48238, 29.63398], [-95.48206, 29.6325], [-95.48208, 29.62842], [-95.47541, 29.62834], [-95.4735, 29.62791], [-95.47304, 29.62956], [-95.47302, 29.63028], [-95.47589, 29.62893], [-95.47676, 29.63093], [-95.47175, 29.63099], [-95.47242, 29.63536], [-95.47395, 29.63397], [-95.4791, 29.63395], [-95.47896, 29.63976], [-95.48019, 29.6411], [-95.48235, 29.64027], [-95.48246, 29.6374]]]}, "properties": {"geoid": "482013303012", "jobs_transit_45": null}}, {"type": "Feature", "geometry": {"type": "Polygon", "coordinates": [[[-95.21479, 29.61017], [-95.21805, 29.60701], [-95.216, 29.60105], [-95.20956, 29.60345], [-95.20555, 29.60636], [-95.21312, 29.61325], [-95.21281, 29.61268], [-95.21068, 29.61058], [-95.21084, 29.61039], [-95.21479, 29.61017]]]}, "properties": {"geoid": "482013340022", "jobs_transit_45": 33241}}, {"type": "Feature", "geometry": {"type": "Polygon", "coordinates": [[[-95.36739, 30.0453], [-95.36849, 30.04449], [-95.3686, 30.04443], [-95.36583, 30.04067], [-95.35888, 30.04522], [-95.36104, 30.04539], [-95.36464, 30.05012], [-95.36663, 30.04897], [-95.3649, 30.04668], [-95.36739, 30.0453]]]}, "properties": {"geoid": "482012411021", "jobs_transit_45": null}}, {"type": "Feature", "geometry": {"type": "Polygon", "coordinates": [[[-95.38678, 30.05052], [-95.38722, 30.0492], [-95.38727, 30.04906], [-95.38305, 30.04203], [-95.38242, 30.04037], [-95.3777, 30.03938], [-95.37471, 30.03761], [-95.36971, 30.0366], [-95.3679, 30.03488], [-95.36745, 30.03374], [-95.36579, 30.03465], [-95.36681, 30.03755], [-95.37195, 30.04256], [-95.37405, 30.04141], [-95.37447, 30.04139], [-95.37488, 30.04168], [-95.37677, 30.04457], [-95.38002, 30.04383], [-95.38147, 30.04591], [-95.37908, 30.04715], [-95.38246, 30.0521], [-95.38678, 30.05052]]]}, "properties": {"geoid": "482012411031", "jobs_transit_45": null}}, {"type": "Feature", "geometry": {"type": "Polygon", "coordinates": [[[-95.719, 29.8003], [-95.7189, 29.78992], [-95.71208, 29.7914], [-95.71143, 29.7965], [-95.71118, 29.79781], [-95.71154, 29.79918], [-95.71156, 29.80032], [-95.719, 29.8003]]]}, "properties": {"geoid": "482015418002", "jobs_transit_45": null}}, {"type": "Feature", "geometry": {"type": "Polygon", "coordinates": [[[-95.20034, 30.08345], [-95.20401, 30.08023], [-95.21907, 30.06848], [-95.20977, 30.06849], [-95.20391, 30.06855], [-95.20391, 30.07298], [-95.2036, 30.07381], [-95.20255, 30.07637], [-95.19894, 30.07585], [-95.19601, 30.07715], [-95.1965, 30.0785], [-95.19714, 30.07837], [-95.20036, 30.08104], [-95.20034, 30.08345]]]}, "properties": {"geoid": "482012514021", "jobs_transit_45": null}}, {"type": "Feature", "geometry": {"type": "Polygon", "coordinates": [[[-95.46766, 30.07138], [-95.46766, 30.07116], [-95.46766, 30.07066], [-95.4471, 30.07032], [-95.44304, 30.07124], [-95.43613, 30.07481], [-95.43697, 30.07926], [-95.43719, 30.08113], [-95.43703, 30.08237], [-95.43673, 30.08371], [-95.439, 30.08303], [-95.46715, 30.08268], [-95.46404, 30.07777], [-95.46325, 30.07556], [-95.4633, 30.07526], [-95.46529, 30.07219], [-95.46766, 30.07138]]]}, "properties": {"geoid": "482015551001", "jobs_transit_45": null}}, {"type": "Feature", "geometry": {"type": "Polygon", "coordinates": [[[-95.47198, 30.08267], [-95.47201, 30.07522], [-95.471, 30.07197], [-95.46929, 30.07199], [-95.46935, 30.07065], [-95.46766, 30.07066], [-95.46766, 30.07138], [-95.46529, 30.07219], [-95.4633, 30.07526], [-95.46325, 30.07556], [-95.46404, 30.07777], [-95.46715, 30.08268], [-95.47198, 30.08267]]]}, "properties": {"geoid": "482015551003", "jobs_transit_45": null}}, {"type": "Feature", "geometry": {"type": "Polygon", "coordinates": [[[-95.16228, 29.99859], [-95.16166, 29.98875], [-95.15696, 29.99396], [-95.15505, 29.99467], [-95.15263, 29.99413], [-95.15247, 29.99403], [-95.15207, 29.99471], [-95.14956, 29.99873], [-95.15002, 29.99972], [-95.15361, 30.0031], [-95.16228, 29.99859]]]}, "properties": {"geoid": "482012504022", "jobs_transit_45": null}}, {"type": "Feature", "geometry": {"type": "Polygon", "coordinates": [[[-95.19198, 30.07908], [-95.19195, 30.07841], [-95.19156, 30.07726], [-95.19113, 30.0753], [-95.18923, 30.07247], [-95.18819, 30.0678], [-95.18172, 30.07016], [-95.17937, 30.07193], [-95.17862, 30.07266], [-95.17618, 30.07549], [-95.17846, 30.07685], [-95.18118, 30.07541], [-95.1859, 30.0762], [-95.18952, 30.07916], [-95.19, 30.0792], [-95.19198, 30.07908]]]}, "properties": {"geoid": "482012515031", "jobs_transit_45": null}}, {"type": "Feature", "geometry": {"type": "Polygon", "coordinates": [[[-95.20034, 30.08345], [-95.20036, 30.08104], [-95.19714, 30.07837], [-95.19562, 30.07873], [-95.19473, 30.07884], [-95.19083, 30.07917], [-95.18952, 30.07916], [-95.1859, 30.0762], [-95.18118, 30.07541], [-95.17846, 30.07685], [-95.19567, 30.08724], [-95.19679, 30.08772], [-95.20014, 30.08585], [-95.20034, 30.08345]]]}, "properties": {"geoid": "482012514011", "jobs_transit_45": null}}, {"type": "Feature", "geometry": {"type": "Polygon", "coordinates": [[[-95.42899, 30.02116], [-95.42824, 30.0131], [-95.42747, 30.00752], [-95.42717, 30.00594], [-95.42147, 30.00652], [-95.41978, 30.00287], [-95.4117, 30.00754], [-95.40897, 30.00401], [-95.40775, 30.00016], [-95.40526, 30.00042], [-95.4027, 30.00182], [-95.40222, 30.0022], [-95.40045, 30.00319], [-95.39917, 30.004], [-95.40003, 30.00506], [-95.40226, 30.00709], [-95.40292, 30.00787], [-95.40346, 30.00882], [-95.4044, 30.01227], [-95.40479, 30.02184], [-95.40439, 30.02524], [-95.4044, 30.02586], [-95.40455, 30.0266], [-95.42179, 30.02333], [-95.42312, 30.02301], [-95.42899, 30.02116]]]}, "properties": {"geoid": "482012407012", "jobs_transit_45": 110500}}, {"type": "Feature", "geometry": {"type": "Polygon", "coordinates": [[[-95.40455, 30.0266], [-95.4044, 30.02586], [-95.40439, 30.02524], [-95.40479, 30.02184], [-95.4044, 30.01227], [-95.40356, 30.00912], [-95.40311, 30.00817], [-95.40256, 30.0074], [-95.40003, 30.00506], [-95.39939, 30.00434], [-95.39901, 30.00356], [-95.39214, 29.97623], [-95.39043, 29.97361], [-95.38357, 29.97093], [-95.38065, 29.96842], [-95.38027, 29.96541], [-95.36628, 29.96558], [-95.3641, 29.96665], [-95.36476, 29.98107], [-95.37384, 30.00898], [-95.38011, 30.02038], [-95.38609, 30.02152], [-95.3942, 30.0249], [-95.39721, 30.02626], [-95.39822, 30.02662], [-95.39915, 30.02685], [-95.40052, 30.02704], [-95.40207, 30.02703], [-95.40455, 30.0266]]]}, "properties": {"geoid": "482012404001", "jobs_transit_45": 363396}}, {"type": "Feature", "geometry": {"type": "Polygon", "coordinates": [[[-95.13814, 29.59212], [-95.1337, 29.58694], [-95.13034, 29.58382], [-95.12806, 29.58857], [-95.12942, 29.59059], [-95.12759, 29.59452], [-95.12849, 29.59742], [-95.12261, 29.59795], [-95.12132, 29.59961], [-95.12423, 29.60513], [-95.13044, 29.60182], [-95.13266, 29.60063], [-95.13814, 29.59212]]]}, "properties": {"geoid": "482013403011", "jobs_transit_45": null}}, {"type": "Feature", "geometry": {"type": "Polygon", "coordinates": [[[-95.42717, 30.00594], [-95.42562, 29.99764], [-95.4187, 29.99804], [-95.41277, 29.99662], [-95.40662, 29.99659], [-95.40228, 29.99564], [-95.39881, 29.99568], [-95.39707, 29.99593], [-95.39884, 30.00304], [-95.39917, 30.004], [-95.40045, 30.00319], [-95.40222, 30.0022], [-95.4027, 30.00182], [-95.40526, 30.00042], [-95.40775, 30.00016], [-95.40897, 30.00401], [-95.4117, 30.00754], [-95.41978, 30.00287], [-95.42147, 30.00652], [-95.42717, 30.00594]]]}, "properties": {"geoid": "482012407011", "jobs_transit_45": 110065}}, {"type": "Feature", "geometry": {"type": "Polygon", "coordinates": [[[-95.14304, 29.62761], [-95.14281, 29.62203], [-95.14255, 29.62155], [-95.13817, 29.61793], [-95.13532, 29.61425], [-95.13944, 29.60892], [-95.1405, 29.6076], [-95.13811, 29.60371], [-95.13417, 29.60438], [-95.1324, 29.60263], [-95.1315, 29.60125], [-95.13044, 29.60182], [-95.12423, 29.60513], [-95.11594, 29.60743], [-95.11332, 29.60755], [-95.11378, 29.6224], [-95.11641, 29.62311], [-95.11823, 29.62404], [-95.12027, 29.62576], [-95.12192, 29.62832], [-95.12256, 29.63111], [-95.12238, 29.63348], [-95.12821, 29.63331], [-95.13883, 29.63321], [-95.14274, 29.63123], [-95.14304, 29.62761]]]}, "properties": {"geoid": "482013402021", "jobs_transit_45": null}}, {"type": "Feature", "geometry": {"type": "Polygon", "coordinates": [[[-95.12049, 29.60161], [-95.12203, 29.60107], [-95.11907, 29.59527], [-95.11847, 29.59381], [-95.11462, 29.59448], [-95.10983, 29.59656], [-95.11143, 29.60332], [-95.11569, 29.60519], [-95.11608, 29.603], [-95.12049, 29.60161]]]}, "properties": {"geoid": "482013403023", "jobs_transit_45": null}}, {"type": "Feature", "geometry": {"type": "Polygon", "coordinates": [[[-95.12132, 29.59961], [-95.12261, 29.59795], [-95.12849, 29.59742], [-95.12759, 29.59452], [-95.12942, 29.59059], [-95.12806, 29.58857], [-95.13034, 29.58382], [-95.12618, 29.57951], [-95.12201, 29.57749], [-95.11922, 29.58269], [-95.11827, 29.58495], [-95.11789, 29.58659], [-95.11776, 29.59062], [-95.11847, 29.59381], [-95.11907, 29.59527], [-95.12132, 29.59961]]]}, "properties": {"geoid": "482013403012", "jobs_transit_45": null}}, {"type": "Feature", "geometry": {"type": "Polygon", "coordinates": [[[-95.61513, 29.71639], [-95.61481, 29.7157], [-95.61471, 29.71342], [-95.60468, 29.71433], [-95.60473, 29.71752], [-95.60928, 29.71748], [-95.61017, 29.71736], [-95.6111, 29.71955], [-95.61345, 29.71927], [-95.61356, 29.71742], [-95.61513, 29.71639]]]}, "properties": {"geoid": "482014519014", "jobs_transit_45": 308797}}, {"type": "Feature", "geometry": {"type": "Polygon", "coordinates": [[[-95.10759, 29.59963], [-95.10714, 29.59717], [-95.10607, 29.59441], [-95.10526, 29.59296], [-95.10395, 29.59122], [-95.10229, 29.58956], [-95.10263, 29.58505], [-95.10335, 29.58362], [-95.10205, 29.58266], [-95.10155, 29.58073], [-95.09737, 29.57993], [-95.09426, 29.5789], [-95.09124, 29.57952], [-95.09075, 29.57981], [-95.08999, 29.58592], [-95.08838, 29.58739], [-95.08596, 29.58566], [-95.08466, 29.58826], [-95.08402, 29.58773], [-95.0825, 29.5876], [-95.08265, 29.58856], [-95.08224, 29.58932], [-95.07988, 29.59217], [-95.08084, 29.59191], [-95.08405, 29.59375], [-95.08544, 29.5923], [-95.08966, 29.59315], [-95.09081, 29.59611], [-95.09141, 29.59683], [-95.09301, 29.59625], [-95.09539, 29.59593], [-95.09564, 29.59927], [-95.09977, 29.60177], [-95.10759, 29.59963]]]}, "properties": {"geoid": "482013402032", "jobs_transit_45": null}}, {"type": "Feature", "geometry": {"type": "Polygon", "coordinates": [[[-95.12238, 29.63348], [-95.12255, 29.6312], [-95.12192, 29.62832], [-95.12027, 29.62576], [-95.11823, 29.62404], [-95.11641, 29.62311], [-95.11378, 29.6224], [-95.11332, 29.60755], [-95.10812, 29.60779], [-95.10759, 29.59963], [-95.09977, 29.60177], [-95.09564, 29.59927], [-95.09539, 29.59593], [-95.09301, 29.59625], [-95.09141, 29.59683], [-95.09225, 29.59777], [-95.09002, 29.59878], [-95.0869, 29.60339], [-95.08425, 29.61312], [-95.0888, 29.61661], [-95.09157, 29.61923], [-95.09273, 29.62023], [-95.09864, 29.62467], [-95.09995, 29.62586], [-95.10583, 29.63251], [-95.10824, 29.63491], [-95.11251, 29.63453], [-95.11589, 29.6336], [-95.12238, 29.63348]]]}, "properties": {"geoid": "482013402031", "jobs_transit_45": null}}, {"type": "Feature", "geometry": {"type": "Polygon", "coordinates": [[[-95.24854, 29.62716], [-95.24833, 29.62377], [-95.25065, 29.618], [-95.24983, 29.61101], [-95.24995, 29.60579], [-95.24761, 29.60082], [-95.24061, 29.60719], [-95.24125, 29.6083], [-95.23808, 29.61123], [-95.24218, 29.61113], [-95.24191, 29.6168], [-95.2454, 29.6179], [-95.24685, 29.61985], [-95.24691, 29.62044], [-95.24724, 29.62722], [-95.24854, 29.62716]]]}, "properties": {"geoid": "482013339022", "jobs_transit_45": null}}, {"type": "Feature", "geometry": {"type": "Polygon", "coordinates": [[[-95.61891, 29.72108], [-95.6186, 29.7206], [-95.61513, 29.71639], [-95.61356, 29.71742], [-95.61345, 29.71927], [-95.61272, 29.71954], [-95.61277, 29.72197], [-95.61318, 29.72306], [-95.6147, 29.7226], [-95.61891, 29.72108]]]}, "properties": {"geoid": "482014519011", "jobs_transit_45": 239317}}, {"type": "Feature", "geometry": {"type": "Polygon", "coordinates": [[[-95.61318, 29.72306], [-95.61277, 29.72197], [-95.61272, 29.71954], [-95.6111, 29.71955], [-95.61017, 29.71736], [-95.60928, 29.71748], [-95.60473, 29.71752], [-95.60487, 29.72384], [-95.60945, 29.72371], [-95.61096, 29.72354], [-95.61318, 29.72306]]]}, "properties": {"geoid": "482014519013", "jobs_transit_45": 308799}}, {"type": "Feature", "geometry": {"type": "Polygon", "coordinates": [[[-95.29546, 29.70213], [-95.29119, 29.69939], [-95.2902, 29.69991], [-95.28988, 29.70177], [-95.2883, 29.70398], [-95.28631, 29.7051], [-95.28547, 29.70507], [-95.28382, 29.70388], [-95.2834, 29.70329], [-95.28347, 29.70643], [-95.28825, 29.70644], [-95.28836, 29.7094], [-95.29014, 29.70937], [-95.29006, 29.70641], [-95.29052, 29.70405], [-95.29155, 29.70383], [-95.29443, 29.70332], [-95.29546, 29.70213]]]}, "properties": {"geoid": "482013115002", "jobs_transit_45": 158166}}, {"type": "Feature", "geometry": {"type": "Polygon", "coordinates": [[[-95.32399, 29.75109], [-95.32063, 29.75007], [-95.31992, 29.74979], [-95.32187, 29.74646], [-95.32228, 29.74547], [-95.31102, 29.74198], [-95.30389, 29.75236], [-95.30291, 29.75396], [-95.3042, 29.75554], [-95.30946, 29.7547], [-95.31384, 29.75552], [-95.31877, 29.75533], [-95.32005, 29.75612], [-95.32056, 29.75565], [-95.32399, 29.75109]]]}, "properties": {"geoid": "482013105001", "jobs_transit_45": 235730}}, {"type": "Feature", "geometry": {"type": "Polygon", "coordinates": [[[-95.29657, 29.71314], [-95.29663, 29.71001], [-95.29014, 29.71014], [-95.2902, 29.7122], [-95.28591, 29.71479], [-95.28605, 29.71907], [-95.28597, 29.71923], [-95.29029, 29.71682], [-95.29657, 29.71314]]]}, "properties": {"geoid": "482013113001", "jobs_transit_45": 82165}}, {"type": "Feature", "geometry": {"type": "Polygon", "coordinates": [[[-95.52137, 29.7409], [-95.52117, 29.73734], [-95.51712, 29.73738], [-95.51582, 29.73772], [-95.51583, 29.74239], [-95.52137, 29.7409]]]}, "properties": {"geoid": "482014312012", "jobs_transit_45": 308434}}, {"type": "Feature", "geometry": {"type": "Polygon", "coordinates": [[[-95.53477, 29.7463], [-95.53448, 29.74245], [-95.53463, 29.74186], [-95.53484, 29.74151], [-95.53371, 29.741], [-95.53149, 29.74088], [-95.53144, 29.73722], [-95.529, 29.73723], [-95.52872, 29.74059], [-95.52957, 29.74214], [-95.52895, 29.74585], [-95.52919, 29.7458], [-95.52976, 29.74604], [-95.52979, 29.74633], [-95.5314, 29.74722], [-95.53477, 29.7463]]]}, "properties": {"geoid": "482014311021", "jobs_transit_45": 333387}}, {"type": "Feature", "geometry": {"type": "Polygon", "coordinates": [[[-95.52169, 29.742], [-95.52145, 29.74179], [-95.52137, 29.7409], [-95.51583, 29.74239], [-95.51582, 29.73772], [-95.51712, 29.73738], [-95.51009, 29.73743], [-95.51014, 29.73905], [-95.5123, 29.74143], [-95.51236, 29.74386], [-95.51299, 29.74377], [-95.51435, 29.74497], [-95.51554, 29.74429], [-95.52169, 29.742]]]}, "properties": {"geoid": "482014312011", "jobs_transit_45": 285567}}, {"type": "Feature", "geometry": {"type": "Polygon", "coordinates": [[[-95.2902, 29.69991], [-95.28874, 29.69745], [-95.28629, 29.69806], [-95.28381, 29.69891], [-95.28078, 29.70063], [-95.28055, 29.70109], [-95.28026, 29.7014], [-95.28179, 29.70137], [-95.28316, 29.70301], [-95.28382, 29.70388], [-95.28547, 29.70507], [-95.28631, 29.7051], [-95.2883, 29.70398], [-95.28988, 29.70177], [-95.2902, 29.69991]], [[-95.28961, 29.70092], [-95.28975, 29.70156], [-95.28926, 29.70234], [-95.28587, 29.70233], [-95.28362, 29.70117], [-95.28737, 29.70054], [-95.28915, 29.7004], [-95.28961, 29.70092]], [[-95.28586, 29.70248], [-95.28913, 29.70256], [-95.28588, 29.70488], [-95.28586, 29.70248]]]}, "properties": {"geoid": "482013116003", "jobs_transit_45": 143679}}, {"type": "Feature", "geometry": {"type": "Polygon", "coordinates": [[[-95.65389, 29.71858], [-95.65426, 29.71564], [-95.65205, 29.71476], [-95.652, 29.71034], [-95.64407, 29.71106], [-95.64415, 29.71993], [-95.65389, 29.71858]]]}, "properties": {"geoid": "482014543012", "jobs_transit_45": null}}, {"type": "Feature", "geometry": {"type": "Polygon", "coordinates": [[[-95.66065, 29.72694], [-95.66059, 29.7206], [-95.66043, 29.71601], [-95.65389, 29.71858], [-95.65403, 29.71981], [-95.65473, 29.72408], [-95.65434, 29.72676], [-95.65114, 29.72672], [-95.64851, 29.72935], [-95.64397, 29.72914], [-95.64406, 29.73565], [-95.65144, 29.73453], [-95.65822, 29.72849], [-95.66065, 29.72694]]]}, "properties": {"geoid": "482014543013", "jobs_transit_45": 102797}}, {"type": "Feature", "geometry": {"type": "Polygon", "coordinates": [[[-95.68709, 29.71008], [-95.6834, 29.70804], [-95.67041, 29.70904], [-95.66631, 29.71173], [-95.667, 29.72175], [-95.66742, 29.72244], [-95.66753, 29.72256], [-95.68709, 29.71008]]]}, "properties": {"geoid": "482014543021", "jobs_transit_45": null}}, {"type": "Feature", "geometry": {"type": "Polygon", "coordinates": [[[-95.66053, 29.71344], [-95.6605, 29.70966], [-95.652, 29.71034], [-95.65205, 29.71476], [-95.65426, 29.71564], [-95.65389, 29.71858], [-95.66043, 29.71601], [-95.66053, 29.71344]]]}, "properties": {"geoid": "482014543011", "jobs_transit_45": 81497}}, {"type": "Feature", "geometry": {"type": "Polygon", "coordinates": [[[-95.6834, 29.70804], [-95.6647, 29.69754], [-95.66434, 29.69985], [-95.66445, 29.69989], [-95.66363, 29.70202], [-95.66275, 29.70335], [-95.66355, 29.70382], [-95.66447, 29.70243], [-95.66915, 29.70489], [-95.66984, 29.70656], [-95.6734, 29.70578], [-95.67341, 29.70808], [-95.67041, 29.70904], [-95.6834, 29.70804]]]}, "properties": {"geoid": "482014542001", "jobs_transit_45": 16673}}, {"type": "Feature", "geometry": {"type": "Polygon", "coordinates": [[[-95.67341, 29.70808], [-95.6734, 29.70578], [-95.66984, 29.70656], [-95.66915, 29.70489], [-95.66447, 29.70243], [-95.66355, 29.70382], [-95.66275, 29.70335], [-95.66096, 29.70625], [-95.6605, 29.70966], [-95.67041, 29.70904], [-95.67341, 29.70808]]]}, "properties": {"geoid": "482014542002", "jobs_transit_45": 81533}}, {"type": "Feature", "geometry": {"type": "Polygon", "coordinates": [[[-95.64403, 29.70627], [-95.64398, 29.70397], [-95.63523, 29.70403], [-95.62397, 29.70371], [-95.62403, 29.71264], [-95.6389, 29.71143], [-95.63977, 29.7064], [-95.64391, 29.70633], [-95.64403, 29.70627]]]}, "properties": {"geoid": "482014526003", "jobs_transit_45": 149320}}, {"type": "Feature", "geometry": {"type": "Polygon", "coordinates": [[[-95.64407, 29.71106], [-95.64403, 29.70627], [-95.64391, 29.70633], [-95.63977, 29.7064], [-95.6389, 29.71143], [-95.64407, 29.71106]]]}, "properties": {"geoid": "482014526001", "jobs_transit_45": 99515}}, {"type": "Feature", "geometry": {"type": "Polygon", "coordinates": [[[-95.64398, 29.70397], [-95.64368, 29.68969], [-95.63428, 29.69018], [-95.63439, 29.70401], [-95.64398, 29.70397]]]}, "properties": {"geoid": "482014527004", "jobs_transit_45": 123734}}, {"type": "Feature", "geometry": {"type": "Polygon", "coordinates": [[[-95.18131, 29.54569], [-95.17624, 29.54154], [-95.17551, 29.54132], [-95.17295, 29.53932], [-95.16533, 29.54411], [-95.16776, 29.54696], [-95.17413, 29.55225], [-95.18131, 29.54569]]]}, "properties": {"geoid": "482013506012", "jobs_transit_45": null}}, {"type": "Feature", "geometry": {"type": "Polygon", "coordinates": [[[-95.62394, 29.7], [-95.62387, 29.69609], [-95.62235, 29.68848], [-95.61434, 29.68851], [-95.61463, 29.69242], [-95.6146, 29.69814], [-95.61861, 29.6981], [-95.61872, 29.69974], [-95.62313, 29.69967], [-95.62394, 29.7]]]}, "properties": {"geoid": "482014527002", "jobs_transit_45": 74710}}, {"type": "Feature", "geometry": {"type": "Polygon", "coordinates": [[[-95.21998, 29.7103], [-95.21986, 29.70267], [-95.21755, 29.70269], [-95.21659, 29.70525], [-95.21657, 29.70576], [-95.21552, 29.70838], [-95.21602, 29.70915], [-95.21611, 29.7098], [-95.21647, 29.71031], [-95.21658, 29.7107], [-95.21998, 29.7103]]]}, "properties": {"geoid": "482013220003", "jobs_transit_45": null}}, {"type": "Feature", "geometry": {"type": "Polygon", "coordinates": [[[-95.18457, 29.53714], [-95.1849, 29.53702], [-95.17785, 29.53094], [-95.17679, 29.53194], [-95.17639, 29.53152], [-95.17386, 29.52952], [-95.17174, 29.53199], [-95.16749, 29.53425], [-95.17332, 29.53905], [-95.17295, 29.53932], [-95.17551, 29.54132], [-95.17624, 29.54154], [-95.17974, 29.54439], [-95.18123, 29.54376], [-95.18457, 29.53714]]]}, "properties": {"geoid": "482013506023", "jobs_transit_45": null}}, {"type": "Feature", "geometry": {"type": "Polygon", "coordinates": [[[-95.24211, 29.6702], [-95.23564, 29.6631], [-95.23419, 29.66415], [-95.23012, 29.66054], [-95.22763, 29.66054], [-95.22774, 29.66642], [-95.23079, 29.66638], [-95.23339, 29.66976], [-95.23414, 29.66975], [-95.23554, 29.67032], [-95.24211, 29.6702]]]}, "properties": {"geoid": "482013214012", "jobs_transit_45": 24938}}, {"type": "Feature", "geometry": {"type": "Polygon", "coordinates": [[[-95.51378, 29.68884], [-95.51351, 29.68655], [-95.51347, 29.68439], [-95.50875, 29.68679], [-95.50881, 29.68791], [-95.50896, 29.68888], [-95.51378, 29.68884]]]}, "properties": {"geoid": "482014228004", "jobs_transit_45": 219922}}, {"type": "Feature", "geometry": {"type": "Polygon", "coordinates": [[[-95.2608, 29.66755], [-95.261, 29.66688], [-95.2516, 29.65251], [-95.25014, 29.65282], [-95.24956, 29.65305], [-95.24919, 29.65331], [-95.24952, 29.66601], [-95.24948, 29.67035], [-95.24211, 29.6702], [-95.25201, 29.68073], [-95.25264, 29.68264], [-95.25288, 29.68286], [-95.25336, 29.68235], [-95.25588, 29.67452], [-95.25747, 29.67258], [-95.25916, 29.67138], [-95.2608, 29.66755]]]}, "properties": {"geoid": "482013207002", "jobs_transit_45": 51157}}, {"type": "Feature", "geometry": {"type": "Polygon", "coordinates": [[[-95.26669, 29.67654], [-95.268, 29.67556], [-95.26402, 29.67136], [-95.261, 29.66688], [-95.2608, 29.66755], [-95.25916, 29.67138], [-95.25771, 29.67242], [-95.26157, 29.6763], [-95.26437, 29.67421], [-95.26669, 29.67654]]]}, "properties": {"geoid": "482013206021", "jobs_transit_45": 50515}}, {"type": "Feature", "geometry": {"type": "Polygon", "coordinates": [[[-95.56055, 29.67348], [-95.56029, 29.66852], [-95.55973, 29.66806], [-95.55983, 29.67008], [-95.55493, 29.67057], [-95.55496, 29.67236], [-95.55747, 29.67278], [-95.55782, 29.67365], [-95.55787, 29.67481], [-95.56048, 29.67463], [-95.56055, 29.67348]]]}, "properties": {"geoid": "482014336004", "jobs_transit_45": 141433}}, {"type": "Feature", "geometry": {"type": "Polygon", "coordinates": [[[-95.55787, 29.67481], [-95.55782, 29.67365], [-95.55747, 29.67278], [-95.55496, 29.67236], [-95.55493, 29.67057], [-95.55088, 29.67109], [-95.54893, 29.66963], [-95.54219, 29.67588], [-95.55787, 29.67481]]]}, "properties": {"geoid": "482014336003", "jobs_transit_45": 142221}}, {"type": "Feature", "geometry": {"type": "Polygon", "coordinates": [[[-95.40635, 29.74818], [-95.40626, 29.74274], [-95.40208, 29.74279], [-95.40215, 29.74823], [-95.40635, 29.74818]]]}, "properties": {"geoid": "482014104013", "jobs_transit_45": 413159}}, {"type": "Feature", "geometry": {"type": "Polygon", "coordinates": [[[-95.4604, 29.72635], [-95.46032, 29.72024], [-95.45149, 29.7204], [-95.45152, 29.72267], [-95.44778, 29.72271], [-95.44788, 29.72738], [-95.45186, 29.727], [-95.4604, 29.72635]]]}, "properties": {"geoid": "482014117002", "jobs_transit_45": 242099}}, {"type": "Feature", "geometry": {"type": "Polygon", "coordinates": [[[-95.48897, 29.71639], [-95.48894, 29.71464], [-95.48707, 29.71466], [-95.48699, 29.71544], [-95.48668, 29.71468], [-95.48479, 29.7147], [-95.48481, 29.71643], [-95.48897, 29.71639]]]}, "properties": {"geoid": "482014214021", "jobs_transit_45": 276357}}, {"type": "Feature", "geometry": {"type": "Polygon", "coordinates": [[[-95.60682, 29.96611], [-95.60698, 29.96593], [-95.60527, 29.96382], [-95.60342, 29.95979], [-95.60313, 29.95765], [-95.60485, 29.95235], [-95.59218, 29.95249], [-95.5923, 29.95909], [-95.59426, 29.96089], [-95.59165, 29.9629], [-95.58513, 29.96329], [-95.5852, 29.96684], [-95.58951, 29.96694], [-95.59079, 29.96709], [-95.59119, 29.96724], [-95.59866, 29.97358], [-95.5992, 29.97333], [-95.60207, 29.97267], [-95.60544, 29.96781], [-95.60657, 29.96669], [-95.60682, 29.96611]]]}, "properties": {"geoid": "482015523021", "jobs_transit_45": null}}, {"type": "Feature", "geometry": {"type": "Polygon", "coordinates": [[[-95.62878, 29.93601], [-95.62868, 29.92932], [-95.62022, 29.9293], [-95.62026, 29.9334], [-95.62093, 29.93611], [-95.62878, 29.93601]]]}, "properties": {"geoid": "482015521031", "jobs_transit_45": null}}, {"type": "Feature", "geometry": {"type": "Polygon", "coordinates": [[[-95.65437, 29.98711], [-95.6545, 29.98575], [-95.6505, 29.9691], [-95.65013, 29.96434], [-95.64175, 29.9644], [-95.63122, 29.96129], [-95.62878, 29.96269], [-95.62966, 29.96508], [-95.62612, 29.96665], [-95.62485, 29.96641], [-95.623, 29.96496], [-95.62201, 29.96462], [-95.6205, 29.96442], [-95.61994, 29.96508], [-95.61968, 29.96665], [-95.62239, 29.9699], [-95.62365, 29.97311], [-95.62458, 29.97319], [-95.62827, 29.97497], [-95.62926, 29.97721], [-95.62989, 29.97726], [-95.63048, 29.97746], [-95.63056, 29.97739], [-95.63103, 29.97874], [-95.63355, 29.98042], [-95.63498, 29.98204], [-95.64246, 29.98518], [-95.64106, 29.98859], [-95.64248, 29.99041], [-95.6501, 29.99027], [-95.65379, 29.98851], [-95.65437, 29.98711]]]}, "properties": {"geoid": "482015544011", "jobs_transit_45": null}}, {"type": "Feature", "geometry": {"type": "Polygon", "coordinates": [[[-95.14113, 29.55129], [-95.13826, 29.55109], [-95.13694, 29.54819], [-95.14027, 29.54201], [-95.14173, 29.54153], [-95.14171, 29.54094], [-95.14141, 29.54062], [-95.13758, 29.5425], [-95.1286, 29.54896], [-95.13363, 29.55438], [-95.13494, 29.55195], [-95.13732, 29.55397], [-95.14113, 29.55129]]]}, "properties": {"geoid": "482013410004", "jobs_transit_45": null}}, {"type": "Feature", "geometry": {"type": "Polygon", "coordinates": [[[-95.60446, 29.7035], [-95.6044, 29.69622], [-95.59603, 29.69618], [-95.59616, 29.70362], [-95.60446, 29.7035]]]}, "properties": {"geoid": "482014528022", "jobs_transit_45": 313785}}, {"type": "Feature", "geometry": {"type": "Polygon", "coordinates": [[[-95.43385, 29.71694], [-95.43383, 29.71491], [-95.43314, 29.71491], [-95.43301, 29.70975], [-95.43313, 29.70906], [-95.43305, 29.70604], [-95.42978, 29.70608], [-95.42997, 29.71698], [-95.43385, 29.71694]]]}, "properties": {"geoid": "482014124003", "jobs_transit_45": 408231}}, {"type": "Feature", "geometry": {"type": "Polygon", "coordinates": [[[-95.32715, 29.84042], [-95.32151, 29.8405], [-95.32143, 29.83413], [-95.32128, 29.82745], [-95.32371, 29.82744], [-95.32378, 29.82084], [-95.31858, 29.82332], [-95.31881, 29.82815], [-95.31904, 29.84381], [-95.3257, 29.84393], [-95.32715, 29.84042]]]}, "properties": {"geoid": "482012304001", "jobs_transit_45": 413501}}, {"type": "Feature", "geometry": {"type": "Polygon", "coordinates": [[[-95.15181, 29.55504], [-95.1542, 29.55341], [-95.14183, 29.54042], [-95.14141, 29.54062], [-95.14171, 29.54094], [-95.14173, 29.54153], [-95.14027, 29.54201], [-95.13694, 29.54819], [-95.13826, 29.55109], [-95.14113, 29.55129], [-95.13881, 29.55291], [-95.13985, 29.55414], [-95.14391, 29.55194], [-95.14847, 29.55684], [-95.15014, 29.55579], [-95.15181, 29.55504]]]}, "properties": {"geoid": "482013410002", "jobs_transit_45": null}}, {"type": "Feature", "geometry": {"type": "Polygon", "coordinates": [[[-95.08693, 29.66439], [-95.08677, 29.65996], [-95.08438, 29.65922], [-95.08432, 29.65619], [-95.07676, 29.65776], [-95.07653, 29.65923], [-95.07805, 29.66362], [-95.07841, 29.66447], [-95.08693, 29.66439]]]}, "properties": {"geoid": "482013431003", "jobs_transit_45": null}}, {"type": "Feature", "geometry": {"type": "Polygon", "coordinates": [[[-95.19191, 29.61618], [-95.17698, 29.60063], [-95.15931, 29.58182], [-95.14786, 29.58857], [-95.14619, 29.59257], [-95.1422, 29.59314], [-95.14132, 29.59372], [-95.14119, 29.59408], [-95.14257, 29.59463], [-95.14573, 29.5986], [-95.14483, 29.60251], [-95.14161, 29.60646], [-95.14125, 29.60667], [-95.13944, 29.60892], [-95.13532, 29.61425], [-95.13817, 29.61793], [-95.14255, 29.62155], [-95.14281, 29.62203], [-95.14304, 29.62761], [-95.14274, 29.63123], [-95.17031, 29.63059], [-95.17365, 29.62751], [-95.18144, 29.62196], [-95.19191, 29.61618]]]}, "properties": {"geoid": "482013402011", "jobs_transit_45": null}}, {"type": "Feature", "geometry": {"type": "Polygon", "coordinates": [[[-95.18141, 29.64417], [-95.1813, 29.64078], [-95.17112, 29.64064], [-95.17121, 29.64432], [-95.18141, 29.64417]]]}, "properties": {"geoid": "482013237022", "jobs_transit_45": null}}, {"type": "Feature", "geometry": {"type": "Polygon", "coordinates": [[[-95.17609, 29.64947], [-95.18341, 29.65081], [-95.18255, 29.64936], [-95.18153, 29.64694], [-95.18141, 29.64417], [-95.17121, 29.64432], [-95.17136, 29.64952], [-95.17609, 29.64947]]]}, "properties": {"geoid": "482013237021", "jobs_transit_45": null}}, {"type": "Feature", "geometry": {"type": "Polygon", "coordinates": [[[-95.23667, 29.67207], [-95.23601, 29.67113], [-95.23599, 29.67087], [-95.23414, 29.66975], [-95.23339, 29.66976], [-95.23241, 29.66976], [-95.23054, 29.66979], [-95.23067, 29.67574], [-95.22414, 29.67588], [-95.22723, 29.68003], [-95.22952, 29.68332], [-95.23033, 29.68339], [-95.23618, 29.68332], [-95.2362, 29.67576], [-95.23466, 29.67399], [-95.23667, 29.67207]]]}, "properties": {"geoid": "482013217002", "jobs_transit_45": 44827}}, {"type": "Feature", "geometry": {"type": "Polygon", "coordinates": [[[-95.21986, 29.70267], [-95.21979, 29.69798], [-95.21679, 29.69801], [-95.21663, 29.70372], [-95.21659, 29.70525], [-95.21755, 29.70269], [-95.21986, 29.70267]]]}, "properties": {"geoid": "482013220001", "jobs_transit_45": null}}, {"type": "Feature", "geometry": {"type": "Polygon", "coordinates": [[[-95.10063, 29.66407], [-95.10043, 29.66047], [-95.09824, 29.66049], [-95.09789, 29.65102], [-95.08856, 29.65118], [-95.08643, 29.65142], [-95.0867, 29.65612], [-95.08693, 29.66439], [-95.10063, 29.66407]]]}, "properties": {"geoid": "482013430003", "jobs_transit_45": null}}, {"type": "Feature", "geometry": {"type": "Polygon", "coordinates": [[[-95.1066, 29.66403], [-95.10679, 29.66305], [-95.10678, 29.65933], [-95.10706, 29.65864], [-95.11178, 29.65865], [-95.11144, 29.65611], [-95.11133, 29.65079], [-95.09789, 29.65102], [-95.09824, 29.66049], [-95.10043, 29.66047], [-95.10063, 29.66407], [-95.1066, 29.66403]]]}, "properties": {"geoid": "482013430002", "jobs_transit_45": null}}, {"type": "Feature", "geometry": {"type": "Polygon", "coordinates": [[[-95.15931, 29.58182], [-95.15781, 29.58021], [-95.15653, 29.5811], [-95.14811, 29.58456], [-95.14388, 29.58916], [-95.13814, 29.59212], [-95.13969, 29.59337], [-95.14119, 29.59408], [-95.14132, 29.59372], [-95.1422, 29.59314], [-95.14619, 29.59257], [-95.14786, 29.58857], [-95.15931, 29.58182]]]}, "properties": {"geoid": "482013402012", "jobs_transit_45": null}}, {"type": "Feature", "geometry": {"type": "Polygon", "coordinates": [[[-95.42994, 29.6384], [-95.42984, 29.63443], [-95.42253, 29.63339], [-95.42254, 29.63415], [-95.42188, 29.63414], [-95.42208, 29.64134], [-95.42232, 29.6415], [-95.42275, 29.64148], [-95.42268, 29.63792], [-95.42487, 29.63712], [-95.42914, 29.6383], [-95.42994, 29.6384]]]}, "properties": {"geoid": "482013301002", "jobs_transit_45": 59509}}, {"type": "Feature", "geometry": {"type": "Polygon", "coordinates": [[[-95.57135, 29.64875], [-95.55774, 29.64244], [-95.55587, 29.64237], [-95.55566, 29.64247], [-95.55262, 29.6425], [-95.55279, 29.65279], [-95.55037, 29.65349], [-95.55394, 29.65646], [-95.55555, 29.65794], [-95.55754, 29.65373], [-95.56019, 29.65265], [-95.56215, 29.65289], [-95.56353, 29.65325], [-95.56579, 29.65395], [-95.57135, 29.64875]]]}, "properties": {"geoid": "482014401001", "jobs_transit_45": 201544}}, {"type": "Feature", "geometry": {"type": "Polygon", "coordinates": [[[-95.56579, 29.65395], [-95.56353, 29.65325], [-95.56215, 29.65289], [-95.56019, 29.65265], [-95.55754, 29.65373], [-95.55555, 29.65794], [-95.55682, 29.65923], [-95.55813, 29.66105], [-95.56579, 29.65395]]]}, "properties": {"geoid": "482014401004", "jobs_transit_45": 175147}}, {"type": "Feature", "geometry": {"type": "Polygon", "coordinates": [[[-95.55983, 29.67008], [-95.55968, 29.66764], [-95.55499, 29.66774], [-95.55493, 29.67057], [-95.55983, 29.67008]]]}, "properties": {"geoid": "482014336001", "jobs_transit_45": 135556}}, {"type": "Feature", "geometry": {"type": "Polygon", "coordinates": [[[-95.50755, 29.63062], [-95.50739, 29.62885], [-95.50734, 29.62585], [-95.49673, 29.62601], [-95.49295, 29.62604], [-95.49357, 29.63056], [-95.49329, 29.63127], [-95.49317, 29.63611], [-95.50755, 29.63062]]]}, "properties": {"geoid": "482013303031", "jobs_transit_45": 62332}}, {"type": "Feature", "geometry": {"type": "Polygon", "coordinates": [[[-95.49329, 29.63127], [-95.49357, 29.63056], [-95.49295, 29.62604], [-95.48356, 29.6261], [-95.48331, 29.62628], [-95.48208, 29.62842], [-95.48206, 29.6325], [-95.48238, 29.63398], [-95.48246, 29.6374], [-95.48235, 29.64027], [-95.49317, 29.63611], [-95.49329, 29.63127]]]}, "properties": {"geoid": "482013303033", "jobs_transit_45": null}}, {"type": "Feature", "geometry": {"type": "Polygon", "coordinates": [[[-95.55813, 29.66105], [-95.55682, 29.65923], [-95.55612, 29.65847], [-95.55572, 29.65865], [-95.55444, 29.65947], [-95.55017, 29.66192], [-95.54287, 29.66822], [-95.53789, 29.66904], [-95.53778, 29.66929], [-95.53719, 29.67001], [-95.53507, 29.67185], [-95.53461, 29.67209], [-95.53319, 29.67257], [-95.53401, 29.67323], [-95.53661, 29.67572], [-95.53663, 29.67628], [-95.54219, 29.67588], [-95.55813, 29.66105]]]}, "properties": {"geoid": "482014231001", "jobs_transit_45": 171355}}, {"type": "Feature", "geometry": {"type": "Polygon", "coordinates": [[[-95.52093, 29.62554], [-95.49505, 29.6134], [-95.4942, 29.61459], [-95.48886, 29.62285], [-95.48711, 29.6243], [-95.48405, 29.62575], [-95.48356, 29.6261], [-95.49673, 29.62601], [-95.50734, 29.62585], [-95.50739, 29.62885], [-95.50759, 29.63098], [-95.51437, 29.62841], [-95.51435, 29.62808], [-95.52093, 29.62554]]]}, "properties": {"geoid": "482013303032", "jobs_transit_45": null}}, {"type": "Feature", "geometry": {"type": "Polygon", "coordinates": [[[-95.48216, 29.651], [-95.48228, 29.65048], [-95.48216, 29.65031], [-95.48221, 29.64967], [-95.48216, 29.64748], [-95.47375, 29.64761], [-95.47161, 29.64454], [-95.46374, 29.6475], [-95.46385, 29.65128], [-95.48216, 29.651]]]}, "properties": {"geoid": "482014205003", "jobs_transit_45": 26675}}, {"type": "Feature", "geometry": {"type": "Polygon", "coordinates": [[[-95.48247, 29.64243], [-95.48235, 29.64027], [-95.47161, 29.64454], [-95.47375, 29.64761], [-95.48216, 29.64748], [-95.4821, 29.64465], [-95.48247, 29.64243]]]}, "properties": {"geoid": "482014205001", "jobs_transit_45": 26502}}, {"type": "Feature", "geometry": {"type": "Polygon", "coordinates": [[[-95.56014, 29.67689], [-95.56048, 29.67463], [-95.55916, 29.6747], [-95.55366, 29.67509], [-95.55376, 29.67643], [-95.55346, 29.67749], [-95.55417, 29.67762], [-95.55753, 29.67746], [-95.55943, 29.6777], [-95.55968, 29.67885], [-95.56014, 29.67689]]]}, "properties": {"geoid": "482014335022", "jobs_transit_45": 142551}}, {"type": "Feature", "geometry": {"type": "Polygon", "coordinates": [[[-95.55346, 29.67749], [-95.55376, 29.67643], [-95.55366, 29.67509], [-95.55016, 29.67535], [-95.54855, 29.67979], [-95.55013, 29.68095], [-95.55049, 29.68148], [-95.55346, 29.67749]]]}, "properties": {"geoid": "482014335013", "jobs_transit_45": 142351}}, {"type": "Feature", "geometry": {"type": "Polygon", "coordinates": [[[-95.10575, 29.54934], [-95.10782, 29.5476], [-95.10642, 29.54594], [-95.09769, 29.54885], [-95.09544, 29.54968], [-95.09281, 29.55051], [-95.09299, 29.55099], [-95.09324, 29.55138], [-95.09394, 29.55203], [-95.09883, 29.55411], [-95.09926, 29.55365], [-95.09947, 29.55355], [-95.09977, 29.55305], [-95.10342, 29.55072], [-95.10418, 29.54821], [-95.10575, 29.54934]]]}, "properties": {"geoid": "482013413021", "jobs_transit_45": null}}, {"type": "Feature", "geometry": {"type": "Polygon", "coordinates": [[[-95.22943, 29.62034], [-95.22996, 29.61859], [-95.22797, 29.61692], [-95.22306, 29.61791], [-95.22497, 29.61444], [-95.22303, 29.61219], [-95.21924, 29.61357], [-95.21825, 29.61422], [-95.21613, 29.616], [-95.22118, 29.62059], [-95.22943, 29.62034]]]}, "properties": {"geoid": "482013340011", "jobs_transit_45": 22813}}, {"type": "Feature", "geometry": {"type": "Polygon", "coordinates": [[[-95.22303, 29.61219], [-95.22199, 29.61046], [-95.21805, 29.60701], [-95.21479, 29.61017], [-95.21084, 29.61039], [-95.21068, 29.61058], [-95.21281, 29.61268], [-95.21312, 29.61325], [-95.21613, 29.616], [-95.21825, 29.61422], [-95.21924, 29.61357], [-95.22303, 29.61219]]]}, "properties": {"geoid": "482013340021", "jobs_transit_45": 22649}}, {"type": "Feature", "geometry": {"type": "Polygon", "coordinates": [[[-95.03663, 29.68675], [-95.03963, 29.6844], [-95.03918, 29.66515], [-95.01928, 29.66552], [-95.01958, 29.67969], [-95.01963, 29.68163], [-95.03663, 29.68675]]]}, "properties": {"geoid": "482013437001", "jobs_transit_45": null}}, {"type": "Feature", "geometry": {"type": "Polygon", "coordinates": [[[-95.12034, 29.55487], [-95.118, 29.55301], [-95.11086, 29.55006], [-95.10782, 29.5476], [-95.10575, 29.54934], [-95.10418, 29.54821], [-95.10342, 29.55072], [-95.09977, 29.55305], [-95.09947, 29.55355], [-95.09926, 29.55365], [-95.09883, 29.55411], [-95.11573, 29.56101], [-95.11763, 29.55749], [-95.12034, 29.55487]]]}, "properties": {"geoid": "482013413022", "jobs_transit_45": null}}, {"type": "Feature", "geometry": {"type": "Polygon", "coordinates": [[[-95.1049, 29.54644], [-95.10642, 29.54594], [-95.09618, 29.5351], [-95.09452, 29.53575], [-95.0979, 29.54115], [-95.09974, 29.54184], [-95.1049, 29.54644]]]}, "properties": {"geoid": "482013412022", "jobs_transit_45": null}}, {"type": "Feature", "geometry": {"type": "Polygon", "coordinates": [[[-95.11805, 29.53778], [-95.10267, 29.52131], [-95.09924, 29.51841], [-95.09479, 29.52259], [-95.0937, 29.52535], [-95.09698, 29.53374], [-95.09618, 29.5351], [-95.10642, 29.54594], [-95.11805, 29.53778]]]}, "properties": {"geoid": "482013412012", "jobs_transit_45": null}}, {"type": "Feature", "geometry": {"type": "Polygon", "coordinates": [[[-95.0415, 29.59133], [-95.04148, 29.5908], [-95.0413, 29.59069], [-95.04138, 29.59023], [-95.04254, 29.58987], [-95.04232, 29.58638], [-95.04667, 29.58443], [-95.04774, 29.58223], [-95.04735, 29.57783], [-95.04848, 29.57471], [-95.05125, 29.57193], [-95.0547, 29.57098], [-95.05199, 29.56835], [-95.05392, 29.56523], [-95.05285, 29.56458], [-95.05233, 29.56511], [-95.04993, 29.56912], [-95.04762, 29.56927], [-95.04659, 29.57033], [-95.04596, 29.57269], [-95.04488, 29.57372], [-95.0451, 29.57438], [-95.04162, 29.57502], [-95.04101, 29.57712], [-95.03497, 29.57784], [-95.03465, 29.57569], [-95.02783, 29.57597], [-95.02866, 29.58123], [-95.02925, 29.58408], [-95.0289, 29.58832], [-95.04103, 29.59131], [-95.0415, 29.59133]]]}, "properties": {"geoid": "482013415011", "jobs_transit_45": null}}, {"type": "Feature", "geometry": {"type": "Polygon", "coordinates": [[[-95.04492, 29.59452], [-95.04472, 29.59283], [-95.04231, 29.59134], [-95.04103, 29.59131], [-95.0289, 29.58832], [-95.02925, 29.58408], [-95.02915, 29.58374], [-95.02867, 29.58521], [-95.02463, 29.58612], [-95.02332, 29.58404], [-95.00461, 29.58431], [-95.0004, 29.59069], [-94.99738, 29.59184], [-94.99435, 29.59], [-94.98466, 29.59869], [-94.98296, 29.60115], [-94.98925, 29.6103], [-94.99475, 29.61372], [-95.00434, 29.61364], [-95.0182, 29.61306], [-95.0183, 29.61788], [-95.0224, 29.61659], [-95.03212, 29.61643], [-95.03255, 29.61334], [-95.03247, 29.61058], [-95.03292, 29.61039], [-95.03182, 29.60372], [-95.03826, 29.60372], [-95.03915, 29.60381], [-95.04146, 29.60424], [-95.04389, 29.60187], [-95.0428, 29.59906], [-95.04492, 29.59452]]]}, "properties": {"geoid": "482013416003", "jobs_transit_45": null}}, {"type": "Feature", "geometry": {"type": "Polygon", "coordinates": [[[-95.50963, 29.82115], [-95.50956, 29.81108], [-95.50086, 29.81091], [-95.50079, 29.8168], [-95.50064, 29.8175], [-95.50006, 29.81883], [-95.49913, 29.82004], [-95.50125, 29.82086], [-95.50963, 29.82115]]]}, "properties": {"geoid": "482015213003", "jobs_transit_45": 99637}}, {"type": "Feature", "geometry": {"type": "Polygon", "coordinates": [[[-95.38717, 29.81069], [-95.38619, 29.80753], [-95.38616, 29.80319], [-95.38445, 29.8032], [-95.38437, 29.80309], [-95.38191, 29.8031], [-95.38202, 29.80958], [-95.38217, 29.80951], [-95.38376, 29.81074], [-95.38717, 29.81069]]]}, "properties": {"geoid": "482015115002", "jobs_transit_45": 488884}}, {"type": "Feature", "geometry": {"type": "Polygon", "coordinates": [[[-95.39127, 29.80981], [-95.39122, 29.80731], [-95.39112, 29.80732], [-95.39107, 29.80408], [-95.38885, 29.80413], [-95.38804, 29.80408], [-95.38745, 29.8032], [-95.38616, 29.80319], [-95.38619, 29.80753], [-95.38717, 29.81069], [-95.39043, 29.81064], [-95.39015, 29.80982], [-95.39127, 29.80981]]]}, "properties": {"geoid": "482015115003", "jobs_transit_45": 494776}}, {"type": "Feature", "geometry": {"type": "Polygon", "coordinates": [[[-95.40961, 29.77766], [-95.40947, 29.77048], [-95.40613, 29.77051], [-95.39728, 29.76956], [-95.39744, 29.77667], [-95.40961, 29.77766]]]}, "properties": {"geoid": "482015106002", "jobs_transit_45": 540198}}, {"type": "Feature", "geometry": {"type": "Polygon", "coordinates": [[[-95.40613, 29.77051], [-95.40608, 29.76538], [-95.40189, 29.76541], [-95.40182, 29.76633], [-95.39972, 29.76637], [-95.39878, 29.76653], [-95.39737, 29.76657], [-95.39712, 29.76733], [-95.39728, 29.76956], [-95.40613, 29.77051]]]}, "properties": {"geoid": "482015107001", "jobs_transit_45": 464711}}, {"type": "Feature", "geometry": {"type": "Polygon", "coordinates": [[[-95.4094, 29.76542], [-95.40949, 29.76534], [-95.40884, 29.76062], [-95.40225, 29.76165], [-95.4005, 29.76202], [-95.39843, 29.76186], [-95.39884, 29.76425], [-95.39737, 29.76657], [-95.39878, 29.76653], [-95.39972, 29.76637], [-95.40182, 29.76633], [-95.40189, 29.76541], [-95.40608, 29.76538], [-95.40613, 29.77051], [-95.40947, 29.77048], [-95.4094, 29.76542]]]}, "properties": {"geoid": "482015107002", "jobs_transit_45": 444196}}, {"type": "Feature", "geometry": {"type": "Polygon", "coordinates": [[[-95.40601, 29.81099], [-95.4059, 29.80387], [-95.39922, 29.80396], [-95.39938, 29.81109], [-95.40601, 29.81099]]]}, "properties": {"geoid": "482015115005", "jobs_transit_45": 410237}}, {"type": "Feature", "geometry": {"type": "Polygon", "coordinates": [[[-95.41229, 29.81192], [-95.4124, 29.81089], [-95.41226, 29.80377], [-95.4059, 29.80387], [-95.40604, 29.81257], [-95.40819, 29.81278], [-95.41188, 29.81274], [-95.41229, 29.81192]]]}, "properties": {"geoid": "482015115006", "jobs_transit_45": 485881}}, {"type": "Feature", "geometry": {"type": "Polygon", "coordinates": [[[-95.38192, 29.80385], [-95.38183, 29.79736], [-95.37866, 29.79501], [-95.37714, 29.79504], [-95.37725, 29.80192], [-95.37807, 29.8019], [-95.37811, 29.80392], [-95.38192, 29.80385]]]}, "properties": {"geoid": "482015116003", "jobs_transit_45": 482787}}, {"type": "Feature", "geometry": {"type": "Polygon", "coordinates": [[[-95.41495, 29.77051], [-95.41632, 29.76593], [-95.40939, 29.76608], [-95.40947, 29.77048], [-95.41342, 29.77043], [-95.41495, 29.77051]]]}, "properties": {"geoid": "482015108001", "jobs_transit_45": 485262}}, {"type": "Feature", "geometry": {"type": "Polygon", "coordinates": [[[-95.42822, 29.761], [-95.42832, 29.76055], [-95.42786, 29.76047], [-95.42547, 29.75675], [-95.42232, 29.75735], [-95.42029, 29.75929], [-95.4183, 29.75756], [-95.41603, 29.76016], [-95.41318, 29.76055], [-95.41298, 29.76238], [-95.40884, 29.76062], [-95.40949, 29.76534], [-95.4094, 29.76542], [-95.40939, 29.76608], [-95.41632, 29.76593], [-95.41622, 29.76149], [-95.42218, 29.76138], [-95.42276, 29.76152], [-95.42364, 29.76199], [-95.42732, 29.76351], [-95.42822, 29.761]]]}, "properties": {"geoid": "482015108002", "jobs_transit_45": 524923}}, {"type": "Feature", "geometry": {"type": "Polygon", "coordinates": [[[-95.42246, 29.76502], [-95.42227, 29.76344], [-95.42235, 29.76264], [-95.42269, 29.76151], [-95.42218, 29.76138], [-95.41622, 29.76149], [-95.41632, 29.76593], [-95.4221, 29.76572], [-95.42246, 29.76502]]]}, "properties": {"geoid": "482015108003", "jobs_transit_45": 528933}}, {"type": "Feature", "geometry": {"type": "Polygon", "coordinates": [[[-95.47608, 29.7881], [-95.47551, 29.78402], [-95.468, 29.78447], [-95.46807, 29.78867], [-95.47263, 29.78898], [-95.47538, 29.78891], [-95.47584, 29.789], [-95.47608, 29.7881]]]}, "properties": {"geoid": "482015202001", "jobs_transit_45": 553197}}, {"type": "Feature", "geometry": {"type": "Polygon", "coordinates": [[[-95.48493, 29.79492], [-95.48486, 29.78415], [-95.47551, 29.78402], [-95.47608, 29.7881], [-95.47568, 29.78941], [-95.47567, 29.79455], [-95.48493, 29.79492]]]}, "properties": {"geoid": "482015202002", "jobs_transit_45": 159983}}, {"type": "Feature", "geometry": {"type": "Polygon", "coordinates": [[[-95.47568, 29.78941], [-95.47584, 29.789], [-95.47538, 29.78891], [-95.47263, 29.78898], [-95.46807, 29.78867], [-95.46815, 29.79458], [-95.47567, 29.79455], [-95.47568, 29.78941]]]}, "properties": {"geoid": "482015202003", "jobs_transit_45": 297880}}, {"type": "Feature", "geometry": {"type": "Polygon", "coordinates": [[[-95.47593, 29.7996], [-95.47567, 29.79455], [-95.46815, 29.79458], [-95.46824, 29.80291], [-95.47547, 29.80285], [-95.47568, 29.80073], [-95.47593, 29.7996]]]}, "properties": {"geoid": "482015203001", "jobs_transit_45": 295719}}, {"type": "Feature", "geometry": {"type": "Polygon", "coordinates": [[[-95.47441, 29.81192], [-95.47521, 29.81107], [-95.48089, 29.8106], [-95.48078, 29.80283], [-95.46289, 29.80294], [-95.46254, 29.80324], [-95.46697, 29.80662], [-95.46826, 29.80744], [-95.47441, 29.81192]]]}, "properties": {"geoid": "482015204002", "jobs_transit_45": 236258}}, {"type": "Feature", "geometry": {"type": "Polygon", "coordinates": [[[-95.49179, 29.8279], [-95.49369, 29.82577], [-95.4907, 29.82365], [-95.48903, 29.82381], [-95.4864, 29.82383], [-95.48436, 29.82503], [-95.48272, 29.82565], [-95.48146, 29.82611], [-95.48203, 29.82683], [-95.48219, 29.82734], [-95.48224, 29.83042], [-95.48516, 29.82885], [-95.4888, 29.82915], [-95.48886, 29.83302], [-95.49026, 29.8331], [-95.49083, 29.83331], [-95.49179, 29.8279]]]}, "properties": {"geoid": "482015205004", "jobs_transit_45": 67924}}, {"type": "Feature", "geometry": {"type": "Polygon", "coordinates": [[[-95.45598, 29.77609], [-95.45625, 29.77197], [-95.45573, 29.75996], [-95.45507, 29.75989], [-95.45285, 29.7573], [-95.44859, 29.75617], [-95.44783, 29.75589], [-95.44628, 29.75424], [-95.44265, 29.7536], [-95.44151, 29.75406], [-95.43919, 29.75921], [-95.43553, 29.75798], [-95.4332, 29.75969], [-95.43274, 29.75991], [-95.43109, 29.75877], [-95.42996, 29.75828], [-95.42896, 29.75842], [-95.4285, 29.75893], [-95.42869, 29.7598], [-95.42904, 29.76055], [-95.42832, 29.76055], [-95.42822, 29.761], [-95.42732, 29.76351], [-95.42736, 29.76979], [-95.42272, 29.7711], [-95.42311, 29.77127], [-95.42731, 29.776], [-95.42917, 29.77766], [-95.43823, 29.77868], [-95.44976, 29.77917], [-95.45388, 29.78094], [-95.45598, 29.77609]]]}, "properties": {"geoid": "482015108004", "jobs_transit_45": 402780}}, {"type": "Feature", "geometry": {"type": "Polygon", "coordinates": [[[-95.48886, 29.83803], [-95.48892, 29.83623], [-95.4888, 29.82915], [-95.48516, 29.82885], [-95.48224, 29.83042], [-95.48219, 29.82734], [-95.48203, 29.82683], [-95.48146, 29.82611], [-95.48109, 29.82631], [-95.47716, 29.82642], [-95.47669, 29.82672], [-95.48886, 29.83803]]]}, "properties": {"geoid": "482015205002", "jobs_transit_45": 61750}}, {"type": "Feature", "geometry": {"type": "Polygon", "coordinates": [[[-95.51491, 29.84118], [-95.51511, 29.84104], [-95.49369, 29.82577], [-95.49179, 29.8279], [-95.49083, 29.83331], [-95.49026, 29.8331], [-95.48886, 29.83302], [-95.48892, 29.83623], [-95.48886, 29.83803], [-95.49088, 29.83991], [-95.49274, 29.84143], [-95.50629, 29.84133], [-95.50898, 29.84122], [-95.51491, 29.84118]]]}, "properties": {"geoid": "482015205003", "jobs_transit_45": 58189}}, {"type": "Feature", "geometry": {"type": "Polygon", "coordinates": [[[-95.49628, 29.81101], [-95.49624, 29.80848], [-95.49592, 29.80791], [-95.49589, 29.80395], [-95.49557, 29.80305], [-95.48887, 29.80289], [-95.48896, 29.8049], [-95.48917, 29.80554], [-95.48919, 29.80831], [-95.48934, 29.81068], [-95.49171, 29.8107], [-95.49436, 29.81104], [-95.49628, 29.81101]]]}, "properties": {"geoid": "482015206023", "jobs_transit_45": 202581}}, {"type": "Feature", "geometry": {"type": "Polygon", "coordinates": [[[-95.50079, 29.8168], [-95.50086, 29.81091], [-95.49436, 29.81104], [-95.49171, 29.8107], [-95.48733, 29.81069], [-95.485, 29.81058], [-95.48513, 29.81276], [-95.48532, 29.81705], [-95.48327, 29.81834], [-95.49369, 29.82577], [-95.49753, 29.82165], [-95.49913, 29.82004], [-95.50006, 29.81883], [-95.50064, 29.8175], [-95.50079, 29.8168]]]}, "properties": {"geoid": "482015206011", "jobs_transit_45": 149651}}, {"type": "Feature", "geometry": {"type": "Polygon", "coordinates": [[[-95.49326, 29.80298], [-95.49324, 29.79893], [-95.48935, 29.79885], [-95.4872, 29.79915], [-95.48485, 29.79915], [-95.48484, 29.80284], [-95.49326, 29.80298]]]}, "properties": {"geoid": "482015207001", "jobs_transit_45": 294917}}, {"type": "Feature", "geometry": {"type": "Polygon", "coordinates": [[[-95.49798, 29.80305], [-95.49816, 29.80212], [-95.49919, 29.80212], [-95.4991, 29.79655], [-95.49635, 29.79475], [-95.49549, 29.79484], [-95.49321, 29.79487], [-95.49326, 29.80298], [-95.49798, 29.80305]]]}, "properties": {"geoid": "482015207003", "jobs_transit_45": 546644}}, {"type": "Feature", "geometry": {"type": "Polygon", "coordinates": [[[-95.51139, 29.80102], [-95.51079, 29.7996], [-95.50894, 29.79796], [-95.50616, 29.7971], [-95.50442, 29.7963], [-95.5026, 29.79679], [-95.50001, 29.79601], [-95.49852, 29.7957], [-95.49635, 29.79475], [-95.4991, 29.79655], [-95.49919, 29.80212], [-95.49816, 29.80212], [-95.49798, 29.80305], [-95.50187, 29.80301], [-95.50653, 29.80308], [-95.50922, 29.80293], [-95.51139, 29.80102]]]}, "properties": {"geoid": "482015207004", "jobs_transit_45": 100704}}, {"type": "Feature", "geometry": {"type": "Polygon", "coordinates": [[[-95.49635, 29.79475], [-95.49653, 29.79448], [-95.49555, 29.79402], [-95.49371, 29.7936], [-95.48932, 29.78704], [-95.48859, 29.78623], [-95.48782, 29.78572], [-95.4868, 29.78515], [-95.48644, 29.78471], [-95.48639, 29.78427], [-95.48486, 29.78415], [-95.48493, 29.79492], [-95.4892, 29.79496], [-95.49549, 29.79484], [-95.49635, 29.79475]]]}, "properties": {"geoid": "482015225001", "jobs_transit_45": 303380}}, {"type": "Feature", "geometry": {"type": "Polygon", "coordinates": [[[-95.51392, 29.79431], [-95.51394, 29.78969], [-95.52033, 29.78892], [-95.52, 29.78798], [-95.52013, 29.78456], [-95.51447, 29.78456], [-95.51397, 29.78462], [-95.50836, 29.78476], [-95.50829, 29.79427], [-95.51392, 29.79431]]]}, "properties": {"geoid": "482015225002", "jobs_transit_45": 373634}}, {"type": "Feature", "geometry": {"type": "Polygon", "coordinates": [[[-95.57061, 29.65697], [-95.57083, 29.65549], [-95.56854, 29.65139], [-95.55813, 29.66105], [-95.55966, 29.66428], [-95.56023, 29.66739], [-95.56055, 29.67348], [-95.56048, 29.67463], [-95.5704, 29.67423], [-95.56897, 29.66706], [-95.56897, 29.6616], [-95.56968, 29.65938], [-95.57061, 29.65697]]]}, "properties": {"geoid": "482014533001", "jobs_transit_45": 140191}}, {"type": "Feature", "geometry": {"type": "Polygon", "coordinates": [[[-95.58399, 29.66014], [-95.58374, 29.65943], [-95.58274, 29.65962], [-95.58024, 29.65911], [-95.57078, 29.65622], [-95.57061, 29.65697], [-95.56968, 29.65938], [-95.57973, 29.66241], [-95.58067, 29.66013], [-95.58153, 29.66031], [-95.58399, 29.66014]]]}, "properties": {"geoid": "482014534021", "jobs_transit_45": 97296}}, {"type": "Feature", "geometry": {"type": "Polygon", "coordinates": [[[-95.58538, 29.66207], [-95.58435, 29.66083], [-95.58399, 29.66014], [-95.58153, 29.66031], [-95.58067, 29.66013], [-95.57697, 29.66985], [-95.5774, 29.67195], [-95.57727, 29.67463], [-95.58153, 29.67489], [-95.58172, 29.67034], [-95.58538, 29.66207]]]}, "properties": {"geoid": "482014534023", "jobs_transit_45": 76272}}, {"type": "Feature", "geometry": {"type": "Polygon", "coordinates": [[[-95.60447, 29.67282], [-95.60446, 29.67186], [-95.60368, 29.6696], [-95.6026, 29.66842], [-95.60056, 29.6668], [-95.5986, 29.66844], [-95.59567, 29.67607], [-95.60265, 29.67805], [-95.60303, 29.67684], [-95.60447, 29.67282]]]}, "properties": {"geoid": "482014535022", "jobs_transit_45": 197466}}, {"type": "Feature", "geometry": {"type": "Polygon", "coordinates": [[[-95.59591, 29.68909], [-95.59567, 29.67607], [-95.59415, 29.67571], [-95.58729, 29.67522], [-95.58759, 29.68893], [-95.59591, 29.68909]]]}, "properties": {"geoid": "482014536011", "jobs_transit_45": 74817}}, {"type": "Feature", "geometry": {"type": "Polygon", "coordinates": [[[-95.42736, 29.76979], [-95.42732, 29.76351], [-95.42364, 29.76199], [-95.42269, 29.76151], [-95.42231, 29.76288], [-95.42231, 29.76414], [-95.42246, 29.76502], [-95.4221, 29.76572], [-95.42099, 29.76586], [-95.42116, 29.77041], [-95.42116, 29.77097], [-95.42272, 29.7711], [-95.42736, 29.76979]]]}, "properties": {"geoid": "482015108005", "jobs_transit_45": 359616}}, {"type": "Feature", "geometry": {"type": "Polygon", "coordinates": [[[-95.42116, 29.77097], [-95.42116, 29.77041], [-95.42099, 29.76586], [-95.41632, 29.76593], [-95.41495, 29.77051], [-95.42116, 29.77097]]]}, "properties": {"geoid": "482015108006", "jobs_transit_45": 412033}}, {"type": "Feature", "geometry": {"type": "Polygon", "coordinates": [[[-95.42266, 29.78931], [-95.42316, 29.78928], [-95.44281, 29.78919], [-95.44331, 29.78918], [-95.44154, 29.78803], [-95.43943, 29.78707], [-95.43675, 29.78393], [-95.41891, 29.7837], [-95.41484, 29.78335], [-95.40966, 29.78333], [-95.4099, 29.79051], [-95.41534, 29.79015], [-95.41921, 29.7901], [-95.42266, 29.78931]]]}, "properties": {"geoid": "482015109001", "jobs_transit_45": 416860}}, {"type": "Feature", "geometry": {"type": "Polygon", "coordinates": [[[-95.41481, 29.78281], [-95.42013, 29.78201], [-95.42008, 29.77836], [-95.41806, 29.77757], [-95.40961, 29.77766], [-95.40966, 29.78333], [-95.41484, 29.78335], [-95.41481, 29.78281]]]}, "properties": {"geoid": "482015109003", "jobs_transit_45": 461096}}, {"type": "Feature", "geometry": {"type": "Polygon", "coordinates": [[[-95.42993, 29.80256], [-95.43003, 29.80197], [-95.42989, 29.78925], [-95.42266, 29.78931], [-95.41921, 29.7901], [-95.41707, 29.79012], [-95.41716, 29.79047], [-95.41738, 29.79067], [-95.41948, 29.79201], [-95.42046, 29.7933], [-95.42278, 29.79484], [-95.42467, 29.79984], [-95.42648, 29.80128], [-95.42668, 29.8023], [-95.42966, 29.80317], [-95.42993, 29.80256]]]}, "properties": {"geoid": "482015110021", "jobs_transit_45": 453929}}, {"type": "Feature", "geometry": {"type": "Polygon", "coordinates": [[[-95.50044, 29.79615], [-95.50046, 29.79383], [-95.50042, 29.78799], [-95.50032, 29.78649], [-95.50004, 29.78607], [-95.49909, 29.78517], [-95.49885, 29.78466], [-95.49886, 29.78451], [-95.49442, 29.78432], [-95.48826, 29.78434], [-95.48641, 29.78358], [-95.48644, 29.78471], [-95.4868, 29.78515], [-95.48782, 29.78572], [-95.48859, 29.78623], [-95.48932, 29.78704], [-95.49371, 29.7936], [-95.49555, 29.79402], [-95.49653, 29.79448], [-95.49852, 29.7957], [-95.50001, 29.79601], [-95.50044, 29.79615]]]}, "properties": {"geoid": "482015225003", "jobs_transit_45": null}}, {"type": "Feature", "geometry": {"type": "Polygon", "coordinates": [[[-95.51273, 29.80032], [-95.52393, 29.79801], [-95.52217, 29.79326], [-95.52178, 29.78736], [-95.52127, 29.78374], [-95.52013, 29.78375], [-95.52, 29.78798], [-95.52033, 29.78892], [-95.51394, 29.78969], [-95.51392, 29.79431], [-95.51282, 29.79432], [-95.51281, 29.79728], [-95.51013, 29.79886], [-95.51079, 29.7996], [-95.51139, 29.80102], [-95.51273, 29.80032]]]}, "properties": {"geoid": "482015210001", "jobs_transit_45": 546689}}, {"type": "Feature", "geometry": {"type": "Polygon", "coordinates": [[[-95.52442, 29.80673], [-95.52418, 29.79902], [-95.52393, 29.79801], [-95.51273, 29.80032], [-95.51139, 29.80102], [-95.51209, 29.80179], [-95.51316, 29.80231], [-95.51796, 29.80337], [-95.52139, 29.80524], [-95.52421, 29.80635], [-95.52442, 29.80673]]]}, "properties": {"geoid": "482015211001", "jobs_transit_45": 152291}}, {"type": "Feature", "geometry": {"type": "Polygon", "coordinates": [[[-95.52629, 29.82195], [-95.52622, 29.81579], [-95.51751, 29.8159], [-95.51739, 29.81851], [-95.51741, 29.82113], [-95.52629, 29.82195]]]}, "properties": {"geoid": "482015213001", "jobs_transit_45": 298678}}, {"type": "Feature", "geometry": {"type": "Polygon", "coordinates": [[[-95.52622, 29.81579], [-95.52616, 29.80981], [-95.51966, 29.80984], [-95.51495, 29.81076], [-95.51169, 29.81105], [-95.50956, 29.81108], [-95.50959, 29.81611], [-95.51258, 29.81608], [-95.51411, 29.81591], [-95.52622, 29.81579]]]}, "properties": {"geoid": "482015213004", "jobs_transit_45": 147018}}, {"type": "Feature", "geometry": {"type": "Polygon", "coordinates": [[[-95.59587, 29.68627], [-95.60035, 29.68622], [-95.60028, 29.68072], [-95.59942, 29.67876], [-95.59936, 29.67792], [-95.59965, 29.67719], [-95.59567, 29.67607], [-95.59587, 29.68627]]]}, "properties": {"geoid": "482014537004", "jobs_transit_45": 330405}}, {"type": "Feature", "geometry": {"type": "Polygon", "coordinates": [[[-95.50933, 29.83272], [-95.50928, 29.82934], [-95.50665, 29.82937], [-95.50673, 29.83285], [-95.50933, 29.83272]]]}, "properties": {"geoid": "482015214001", "jobs_transit_45": 63914}}, {"type": "Feature", "geometry": {"type": "Polygon", "coordinates": [[[-95.52632, 29.8248], [-95.52629, 29.82195], [-95.51741, 29.82113], [-95.51653, 29.82443], [-95.51654, 29.82501], [-95.52632, 29.8248]]]}, "properties": {"geoid": "482015215003", "jobs_transit_45": 298604}}, {"type": "Feature", "geometry": {"type": "Polygon", "coordinates": [[[-95.58738, 29.67928], [-95.58729, 29.67522], [-95.57448, 29.67448], [-95.57458, 29.68269], [-95.5753, 29.68267], [-95.57529, 29.68109], [-95.57644, 29.68103], [-95.57994, 29.68021], [-95.58327, 29.68007], [-95.58523, 29.67937], [-95.58738, 29.67928]]]}, "properties": {"geoid": "482014536023", "jobs_transit_45": 161090}}, {"type": "Feature", "geometry": {"type": "Polygon", "coordinates": [[[-95.57466, 29.68805], [-95.57448, 29.67448], [-95.5704, 29.67423], [-95.57067, 29.67753], [-95.56949, 29.68482], [-95.57026, 29.68838], [-95.57466, 29.68805]]]}, "properties": {"geoid": "482014536022", "jobs_transit_45": 164369}}, {"type": "Feature", "geometry": {"type": "Polygon", "coordinates": [[[-95.61447, 29.68509], [-95.61443, 29.68115], [-95.60786, 29.68098], [-95.60793, 29.68487], [-95.60421, 29.68494], [-95.60426, 29.68895], [-95.61434, 29.68851], [-95.61447, 29.68509]]]}, "properties": {"geoid": "482014537001", "jobs_transit_45": 330169}}, {"type": "Feature", "geometry": {"type": "Polygon", "coordinates": [[[-95.61443, 29.68115], [-95.61444, 29.67548], [-95.61444, 29.6754], [-95.61016, 29.67543], [-95.60991, 29.67549], [-95.60976, 29.67568], [-95.60825, 29.6797], [-95.60265, 29.67805], [-95.6031, 29.6808], [-95.60421, 29.68494], [-95.60793, 29.68487], [-95.60786, 29.68098], [-95.61443, 29.68115]]]}, "properties": {"geoid": "482014537002", "jobs_transit_45": 197201}}, {"type": "Feature", "geometry": {"type": "Polygon", "coordinates": [[[-95.60426, 29.68895], [-95.60419, 29.68396], [-95.6031, 29.6808], [-95.60265, 29.67805], [-95.59965, 29.67719], [-95.59936, 29.67792], [-95.59942, 29.67876], [-95.60028, 29.68072], [-95.60035, 29.68622], [-95.59587, 29.68627], [-95.59591, 29.68909], [-95.60426, 29.68895]]]}, "properties": {"geoid": "482014537003", "jobs_transit_45": 197503}}, {"type": "Feature", "geometry": {"type": "Polygon", "coordinates": [[[-95.61003, 29.667], [-95.59785, 29.66104], [-95.59792, 29.66302], [-95.59807, 29.66365], [-95.59842, 29.66449], [-95.59888, 29.66522], [-95.59944, 29.66589], [-95.6026, 29.66842], [-95.60368, 29.6696], [-95.60446, 29.67186], [-95.60789, 29.66984], [-95.61003, 29.667]]]}, "properties": {"geoid": "482014538002", "jobs_transit_45": null}}, {"type": "Feature", "geometry": {"type": "Polygon", "coordinates": [[[-95.66363, 29.70202], [-95.66445, 29.69989], [-95.6595, 29.69935], [-95.65256, 29.70124], [-95.65432, 29.70471], [-95.65485, 29.7101], [-95.6605, 29.70966], [-95.66096, 29.70625], [-95.66163, 29.70488], [-95.66363, 29.70202]]]}, "properties": {"geoid": "482014541002", "jobs_transit_45": 81584}}, {"type": "Feature", "geometry": {"type": "Polygon", "coordinates": [[[-95.64368, 29.68969], [-95.64364, 29.68594], [-95.63475, 29.68078], [-95.63442, 29.68084], [-95.61443, 29.68115], [-95.61447, 29.68509], [-95.61434, 29.68851], [-95.62666, 29.68793], [-95.62762, 29.68802], [-95.63222, 29.68991], [-95.63428, 29.69018], [-95.64368, 29.68969]]]}, "properties": {"geoid": "482014539001", "jobs_transit_45": 82360}}, {"type": "Feature", "geometry": {"type": "Polygon", "coordinates": [[[-95.4181, 29.80573], [-95.41788, 29.79459], [-95.41454, 29.7946], [-95.41433, 29.79022], [-95.41181, 29.79038], [-95.4116, 29.79176], [-95.41156, 29.79234], [-95.41171, 29.79971], [-95.41219, 29.801], [-95.4123, 29.8058], [-95.4181, 29.80573]]]}, "properties": {"geoid": "482015112002", "jobs_transit_45": 492483}}, {"type": "Feature", "geometry": {"type": "Polygon", "coordinates": [[[-95.42653, 29.80166], [-95.42648, 29.80128], [-95.42467, 29.79984], [-95.42278, 29.79484], [-95.42046, 29.7933], [-95.41948, 29.79201], [-95.41738, 29.79067], [-95.41716, 29.79047], [-95.41707, 29.79012], [-95.41433, 29.79022], [-95.41454, 29.7946], [-95.41788, 29.79459], [-95.4181, 29.80573], [-95.42239, 29.80568], [-95.42233, 29.80168], [-95.42653, 29.80166]]]}, "properties": {"geoid": "482015112003", "jobs_transit_45": 276026}}, {"type": "Feature", "geometry": {"type": "Polygon", "coordinates": [[[-95.39556, 29.80403], [-95.39546, 29.7981], [-95.39102, 29.79816], [-95.38798, 29.79848], [-95.38804, 29.80408], [-95.38885, 29.80413], [-95.39556, 29.80403]]]}, "properties": {"geoid": "482015113021", "jobs_transit_45": 531156}}, {"type": "Feature", "geometry": {"type": "Polygon", "coordinates": [[[-95.39546, 29.7981], [-95.39531, 29.79074], [-95.38783, 29.79083], [-95.38798, 29.79848], [-95.39102, 29.79816], [-95.39546, 29.7981]]]}, "properties": {"geoid": "482015113022", "jobs_transit_45": 502008}}, {"type": "Feature", "geometry": {"type": "Polygon", "coordinates": [[[-95.5264, 29.83252], [-95.52638, 29.83045], [-95.52363, 29.83048], [-95.52267, 29.8249], [-95.51654, 29.82501], [-95.51655, 29.82557], [-95.51766, 29.82554], [-95.51776, 29.83262], [-95.5264, 29.83252]]]}, "properties": {"geoid": "482015215002", "jobs_transit_45": 242592}}, {"type": "Feature", "geometry": {"type": "Polygon", "coordinates": [[[-95.51776, 29.83262], [-95.51766, 29.82554], [-95.51655, 29.82557], [-95.51653, 29.82443], [-95.51741, 29.82113], [-95.50963, 29.82115], [-95.50921, 29.8234], [-95.50933, 29.83272], [-95.51776, 29.83262]]]}, "properties": {"geoid": "482015215004", "jobs_transit_45": 251800}}, {"type": "Feature", "geometry": {"type": "Polygon", "coordinates": [[[-95.54504, 29.83407], [-95.54533, 29.83224], [-95.50825, 29.83274], [-95.50664, 29.83285], [-95.50473, 29.83367], [-95.53048, 29.85201], [-95.53191, 29.85296], [-95.53208, 29.85002], [-95.5348, 29.85004], [-95.53476, 29.84717], [-95.53739, 29.84715], [-95.5374, 29.84451], [-95.5451, 29.84443], [-95.54504, 29.83407]]]}, "properties": {"geoid": "482015216001", "jobs_transit_45": null}}, {"type": "Feature", "geometry": {"type": "Polygon", "coordinates": [[[-95.50552, 29.84883], [-95.50629, 29.84133], [-95.49274, 29.84143], [-95.50552, 29.84883]]]}, "properties": {"geoid": "482015217001", "jobs_transit_45": 64687}}, {"type": "Feature", "geometry": {"type": "Polygon", "coordinates": [[[-95.55579, 29.87352], [-95.55918, 29.87226], [-95.52417, 29.84749], [-95.52423, 29.85187], [-95.51126, 29.85207], [-95.52799, 29.86114], [-95.55579, 29.87352]]]}, "properties": {"geoid": "482015217004", "jobs_transit_45": 56147}}, {"type": "Feature", "geometry": {"type": "Polygon", "coordinates": [[[-95.50987, 29.85129], [-95.5154, 29.85093], [-95.51412, 29.84627], [-95.51392, 29.84118], [-95.50898, 29.84122], [-95.50629, 29.84133], [-95.50552, 29.84883], [-95.50987, 29.85129]]]}, "properties": {"geoid": "482015217003", "jobs_transit_45": 30670}}, {"type": "Feature", "geometry": {"type": "Polygon", "coordinates": [[[-95.5637, 29.83194], [-95.56359, 29.81717], [-95.54894, 29.81743], [-95.5489, 29.81595], [-95.54521, 29.81594], [-95.54533, 29.83224], [-95.5637, 29.83194]]]}, "properties": {"geoid": "482015219001", "jobs_transit_45": 88002}}, {"type": "Feature", "geometry": {"type": "Polygon", "coordinates": [[[-95.6647, 29.69754], [-95.65427, 29.69166], [-95.6522, 29.69097], [-95.65256, 29.70124], [-95.6595, 29.69935], [-95.66434, 29.69985], [-95.6647, 29.69754]]]}, "properties": {"geoid": "482014540001", "jobs_transit_45": 36250}}, {"type": "Feature", "geometry": {"type": "Polygon", "coordinates": [[[-95.65256, 29.70124], [-95.6522, 29.69097], [-95.64364, 29.68594], [-95.64398, 29.70397], [-95.65256, 29.70124]]]}, "properties": {"geoid": "482014540002", "jobs_transit_45": 206808}}, {"type": "Feature", "geometry": {"type": "Polygon", "coordinates": [[[-95.65485, 29.7101], [-95.65432, 29.70471], [-95.65256, 29.70124], [-95.64398, 29.70397], [-95.64407, 29.71106], [-95.65485, 29.7101]]]}, "properties": {"geoid": "482014541001", "jobs_transit_45": 81619}}, {"type": "Feature", "geometry": {"type": "Polygon", "coordinates": [[[-95.72046, 29.81492], [-95.7204, 29.80568], [-95.72027, 29.80465], [-95.71073, 29.8054], [-95.70583, 29.80225], [-95.70398, 29.80204], [-95.70394, 29.81147], [-95.70407, 29.81296], [-95.70393, 29.81395], [-95.70365, 29.81505], [-95.72046, 29.81492]]]}, "properties": {"geoid": "482015420002", "jobs_transit_45": null}}, {"type": "Feature", "geometry": {"type": "Polygon", "coordinates": [[[-95.75188, 29.7851], [-95.75178, 29.77476], [-95.74126, 29.77531], [-95.73901, 29.77614], [-95.7382, 29.77632], [-95.73725, 29.7764], [-95.73638, 29.77636], [-95.73337, 29.77593], [-95.72393, 29.77596], [-95.72264, 29.7758], [-95.72043, 29.7753], [-95.71886, 29.77525], [-95.71894, 29.78492], [-95.7269, 29.7851], [-95.74881, 29.78506], [-95.75188, 29.7851]]]}, "properties": {"geoid": "482014546001", "jobs_transit_45": null}}, {"type": "Feature", "geometry": {"type": "Polygon", "coordinates": [[[-95.73563, 29.77626], [-95.73563, 29.77547], [-95.73539, 29.77547], [-95.73487, 29.77531], [-95.7342, 29.77478], [-95.73181, 29.77067], [-95.72921, 29.76848], [-95.72801, 29.76738], [-95.7258, 29.76919], [-95.72163, 29.77024], [-95.7216, 29.77554], [-95.72393, 29.77596], [-95.73337, 29.77593], [-95.73563, 29.77626]]]}, "properties": {"geoid": "482014547001", "jobs_transit_45": null}}, {"type": "Feature", "geometry": {"type": "Polygon", "coordinates": [[[-95.68331, 29.87195], [-95.6833, 29.86537], [-95.67051, 29.86544], [-95.66758, 29.86513], [-95.66127, 29.86511], [-95.65673, 29.86699], [-95.65609, 29.86724], [-95.65508, 29.86749], [-95.65404, 29.8676], [-95.64733, 29.86767], [-95.6553, 29.87014], [-95.66207, 29.86868], [-95.66329, 29.86874], [-95.67043, 29.86996], [-95.67184, 29.86978], [-95.67249, 29.86989], [-95.67493, 29.86981], [-95.67747, 29.86985], [-95.681, 29.87056], [-95.68129, 29.87088], [-95.68175, 29.87104], [-95.68331, 29.87195]]]}, "properties": {"geoid": "482015413003", "jobs_transit_45": null}}, {"type": "Feature", "geometry": {"type": "Polygon", "coordinates": [[[-95.65395, 29.84118], [-95.65405, 29.84033], [-95.65096, 29.84032], [-95.65086, 29.83597], [-95.64563, 29.836], [-95.64577, 29.849], [-95.65215, 29.84902], [-95.65212, 29.84433], [-95.65267, 29.84381], [-95.65205, 29.8433], [-95.65252, 29.84107], [-95.65395, 29.84118]]]}, "properties": {"geoid": "482015416021", "jobs_transit_45": null}}, {"type": "Feature", "geometry": {"type": "Polygon", "coordinates": [[[-95.56179, 29.94825], [-95.56141, 29.94393], [-95.54743, 29.944], [-95.54783, 29.94876], [-95.54223, 29.94909], [-95.53339, 29.95072], [-95.54233, 29.95705], [-95.54706, 29.96122], [-95.56179, 29.94825]]]}, "properties": {"geoid": "482015515001", "jobs_transit_45": null}}, {"type": "Feature", "geometry": {"type": "Polygon", "coordinates": [[[-95.58289, 29.93413], [-95.58295, 29.93376], [-95.5823, 29.93361], [-95.54843, 29.93371], [-95.54809, 29.93353], [-95.54793, 29.9332], [-95.5479, 29.92836], [-95.54624, 29.92892], [-95.52998, 29.93544], [-95.52455, 29.93656], [-95.51532, 29.93691], [-95.53339, 29.95072], [-95.54223, 29.94909], [-95.54783, 29.94876], [-95.54743, 29.944], [-95.56141, 29.94393], [-95.56179, 29.94825], [-95.56584, 29.94462], [-95.56727, 29.94354], [-95.58289, 29.93413]]]}, "properties": {"geoid": "482015515002", "jobs_transit_45": null}}, {"type": "Feature", "geometry": {"type": "Polygon", "coordinates": [[[-95.5848, 29.93299], [-95.58472, 29.92463], [-95.58109, 29.92465], [-95.57681, 29.92445], [-95.57594, 29.92458], [-95.57486, 29.9249], [-95.57418, 29.9252], [-95.57343, 29.92566], [-95.57661, 29.92858], [-95.57672, 29.92914], [-95.57506, 29.93034], [-95.57552, 29.93131], [-95.57563, 29.93364], [-95.58295, 29.93376], [-95.58289, 29.93413], [-95.5848, 29.93299]]]}, "properties": {"geoid": "482015516001", "jobs_transit_45": null}}, {"type": "Feature", "geometry": {"type": "Polygon", "coordinates": [[[-95.45908, 30.02616], [-95.46217, 30.02499], [-95.45709, 30.01801], [-95.45792, 30.01755], [-95.4552, 30.01343], [-95.45431, 30.01221], [-95.45051, 30.01428], [-95.45184, 30.01624], [-95.45908, 30.02616]]]}, "properties": {"geoid": "482015531002", "jobs_transit_45": 163216}}, {"type": "Feature", "geometry": {"type": "Polygon", "coordinates": [[[-95.47084, 30.02465], [-95.47492, 30.02237], [-95.46916, 30.0145], [-95.46803, 30.01513], [-95.46491, 30.01596], [-95.46531, 30.01717], [-95.46732, 30.01981], [-95.46472, 30.02174], [-95.46695, 30.02467], [-95.46976, 30.02314], [-95.47084, 30.02465]]]}, "properties": {"geoid": "482015531004", "jobs_transit_45": null}}, {"type": "Feature", "geometry": {"type": "Polygon", "coordinates": [[[-95.42388, 29.89109], [-95.4175, 29.88288], [-95.41024, 29.8736], [-95.41209, 29.87799], [-95.41233, 29.89394], [-95.41465, 29.89395], [-95.41636, 29.8936], [-95.42106, 29.89348], [-95.42388, 29.89109]]]}, "properties": {"geoid": "482015335001", "jobs_transit_45": 96497}}, {"type": "Feature", "geometry": {"type": "Polygon", "coordinates": [[[-95.42379, 29.91493], [-95.442, 29.91458], [-95.44217, 29.91459], [-95.43403, 29.90415], [-95.42274, 29.90439], [-95.42287, 29.91005], [-95.42369, 29.91184], [-95.42379, 29.91493]]]}, "properties": {"geoid": "482015336002", "jobs_transit_45": 77616}}, {"type": "Feature", "geometry": {"type": "Polygon", "coordinates": [[[-95.44392, 29.91687], [-95.44217, 29.91459], [-95.4344, 29.91471], [-95.43444, 29.91685], [-95.43345, 29.91685], [-95.43355, 29.9212], [-95.4338, 29.92127], [-95.43539, 29.92125], [-95.43538, 29.9205], [-95.4431, 29.92041], [-95.44279, 29.91737], [-95.44334, 29.91718], [-95.44392, 29.91687]]]}, "properties": {"geoid": "482015337022", "jobs_transit_45": 81962}}, {"type": "Feature", "geometry": {"type": "Polygon", "coordinates": [[[-95.65902, 29.84457], [-95.65906, 29.84186], [-95.65492, 29.84173], [-95.65252, 29.84107], [-95.65205, 29.8433], [-95.65267, 29.84381], [-95.65212, 29.84433], [-95.65215, 29.84902], [-95.65807, 29.849], [-95.65811, 29.84565], [-95.65779, 29.84518], [-95.65813, 29.84452], [-95.65902, 29.84457]]]}, "properties": {"geoid": "482015416022", "jobs_transit_45": null}}, {"type": "Feature", "geometry": {"type": "Polygon", "coordinates": [[[-95.66168, 29.84101], [-95.6616, 29.83119], [-95.66044, 29.83156], [-95.65964, 29.83198], [-95.65531, 29.83486], [-95.65195, 29.83579], [-95.65086, 29.83597], [-95.65096, 29.84032], [-95.65405, 29.84033], [-95.65395, 29.84118], [-95.65492, 29.84173], [-95.65906, 29.84186], [-95.65907, 29.84115], [-95.65913, 29.84106], [-95.66168, 29.84101]]]}, "properties": {"geoid": "482015416023", "jobs_transit_45": null}}, {"type": "Feature", "geometry": {"type": "Polygon", "coordinates": [[[-95.67531, 29.84872], [-95.67508, 29.83111], [-95.6628, 29.83102], [-95.6616, 29.83119], [-95.66168, 29.84101], [-95.65929, 29.84102], [-95.65909, 29.8411], [-95.65902, 29.84457], [-95.65813, 29.84452], [-95.65779, 29.84518], [-95.65811, 29.84565], [-95.65807, 29.849], [-95.66417, 29.84924], [-95.67421, 29.84878], [-95.67531, 29.84872]]]}, "properties": {"geoid": "482015416024", "jobs_transit_45": null}}, {"type": "Feature", "geometry": {"type": "Polygon", "coordinates": [[[-95.68324, 29.84868], [-95.68324, 29.84855], [-95.68325, 29.8479], [-95.6831, 29.83927], [-95.68024, 29.8393], [-95.67716, 29.83833], [-95.67625, 29.83822], [-95.67514, 29.83821], [-95.67531, 29.84872], [-95.68324, 29.84868]]]}, "properties": {"geoid": "482015416012", "jobs_transit_45": null}}, {"type": "Feature", "geometry": {"type": "Polygon", "coordinates": [[[-95.70261, 29.84515], [-95.70247, 29.84381], [-95.70231, 29.83113], [-95.67508, 29.83111], [-95.67514, 29.83821], [-95.67625, 29.83822], [-95.67716, 29.83833], [-95.68024, 29.8393], [-95.6831, 29.83927], [-95.68325, 29.8479], [-95.68324, 29.84868], [-95.68978, 29.84861], [-95.68977, 29.8459], [-95.68999, 29.8455], [-95.69046, 29.84524], [-95.70261, 29.84515]]]}, "properties": {"geoid": "482015416011", "jobs_transit_45": null}}, {"type": "Feature", "geometry": {"type": "Polygon", "coordinates": [[[-95.57672, 29.92914], [-95.57661, 29.92858], [-95.57343, 29.92566], [-95.57085, 29.92724], [-95.57001, 29.92747], [-95.56892, 29.92762], [-95.56784, 29.92761], [-95.56677, 29.92744], [-95.56589, 29.92717], [-95.56486, 29.92932], [-95.56452, 29.93093], [-95.56452, 29.9337], [-95.57563, 29.93364], [-95.57552, 29.93131], [-95.57506, 29.93034], [-95.57672, 29.92914]]]}, "properties": {"geoid": "482015516002", "jobs_transit_45": null}}, {"type": "Feature", "geometry": {"type": "Polygon", "coordinates": [[[-95.48857, 30.04039], [-95.4816, 30.03085], [-95.48082, 30.03001], [-95.47923, 30.03156], [-95.47652, 30.03315], [-95.4746, 30.03483], [-95.47865, 30.03934], [-95.4779, 30.03982], [-95.48188, 30.04408], [-95.48857, 30.04039]]]}, "properties": {"geoid": "482015535001", "jobs_transit_45": null}}, {"type": "Feature", "geometry": {"type": "Polygon", "coordinates": [[[-95.46355, 30.03297], [-95.46316, 30.03175], [-95.46193, 30.03018], [-95.45184, 30.01624], [-95.45051, 30.01428], [-95.44792, 30.01559], [-95.4436, 30.0169], [-95.45533, 30.03302], [-95.45903, 30.03561], [-95.4593, 30.0356], [-95.46229, 30.03293], [-95.46275, 30.03264], [-95.46355, 30.03297]]]}, "properties": {"geoid": "482015532001", "jobs_transit_45": 70359}}, {"type": "Feature", "geometry": {"type": "Polygon", "coordinates": [[[-95.45903, 30.03561], [-95.45533, 30.03302], [-95.44942, 30.02491], [-95.44716, 30.02613], [-95.44853, 30.02802], [-95.44189, 30.03205], [-95.44121, 30.03172], [-95.44064, 30.03086], [-95.43992, 30.03127], [-95.43883, 30.03214], [-95.43181, 30.03198], [-95.43073, 30.03253], [-95.42928, 30.03267], [-95.42937, 30.03565], [-95.43013, 30.0349], [-95.43066, 30.03457], [-95.43343, 30.03569], [-95.43478, 30.03403], [-95.44124, 30.03418], [-95.44486, 30.03687], [-95.44519, 30.03674], [-95.44624, 30.03653], [-95.44756, 30.03559], [-95.45123, 30.03776], [-95.45317, 30.03618], [-95.4582, 30.03574], [-95.45903, 30.03561]]]}, "properties": {"geoid": "482015532002", "jobs_transit_45": null}}, {"type": "Feature", "geometry": {"type": "Polygon", "coordinates": [[[-95.44853, 30.02802], [-95.44549, 30.02387], [-95.44324, 30.02279], [-95.43985, 30.02446], [-95.44049, 30.02536], [-95.44144, 30.02809], [-95.44175, 30.02963], [-95.44064, 30.03086], [-95.44121, 30.03172], [-95.44189, 30.03205], [-95.44853, 30.02802]]]}, "properties": {"geoid": "482015532003", "jobs_transit_45": 70588}}, {"type": "Feature", "geometry": {"type": "Polygon", "coordinates": [[[-95.43992, 30.03127], [-95.44057, 30.03059], [-95.4358, 30.03155], [-95.43496, 30.02747], [-95.43985, 30.02446], [-95.43662, 30.01893], [-95.42899, 30.02116], [-95.4292, 30.02379], [-95.42929, 30.02691], [-95.42928, 30.03267], [-95.43073, 30.03253], [-95.43181, 30.03198], [-95.43883, 30.03214], [-95.43992, 30.03127]]]}, "properties": {"geoid": "482015533002", "jobs_transit_45": 402473}}, {"type": "Feature", "geometry": {"type": "Polygon", "coordinates": [[[-95.50724, 29.93709], [-95.51532, 29.93691], [-95.50871, 29.93121], [-95.50707, 29.92989], [-95.50201, 29.92598], [-95.50033, 29.92472], [-95.49991, 29.92452], [-95.49785, 29.92294], [-95.49795, 29.93356], [-95.49765, 29.93358], [-95.49782, 29.9346], [-95.49785, 29.93716], [-95.50724, 29.93709]]]}, "properties": {"geoid": "482015339021", "jobs_transit_45": 186435}}, {"type": "Feature", "geometry": {"type": "Polygon", "coordinates": [[[-95.63561, 30.00429], [-95.63452, 30.00384], [-95.63405, 30.00354], [-95.62431, 29.99543], [-95.61568, 29.988], [-95.61175, 29.99148], [-95.61413, 29.99614], [-95.61257, 29.9998], [-95.61175, 30.00055], [-95.61966, 30.0026], [-95.62174, 30.00496], [-95.62274, 30.0086], [-95.6271, 30.0058], [-95.63318, 30.00568], [-95.63561, 30.00429]]]}, "properties": {"geoid": "482015546002", "jobs_transit_45": null}}, {"type": "Feature", "geometry": {"type": "Polygon", "coordinates": [[[-95.61413, 29.99614], [-95.61175, 29.99148], [-95.60576, 29.99652], [-95.59335, 29.99667], [-95.5931, 30.00503], [-95.59326, 30.01304], [-95.60799, 30.01272], [-95.60803, 30.0058], [-95.60945, 30.00261], [-95.61257, 29.9998], [-95.61413, 29.99614]]]}, "properties": {"geoid": "482015547002", "jobs_transit_45": null}}, {"type": "Feature", "geometry": {"type": "Polygon", "coordinates": [[[-95.52552, 30.08559], [-95.51343, 30.07411], [-95.49683, 30.07406], [-95.49668, 30.08091], [-95.49672, 30.08347], [-95.50074, 30.08301], [-95.50694, 30.08389], [-95.50693, 30.08962], [-95.50675, 30.11444], [-95.50707, 30.11441], [-95.5099, 30.11487], [-95.51139, 30.11516], [-95.51225, 30.11604], [-95.51249, 30.11623], [-95.51285, 30.11678], [-95.51325, 30.11665], [-95.51384, 30.11602], [-95.5142, 30.11646], [-95.51742, 30.11481], [-95.51578, 30.11005], [-95.519, 30.10978], [-95.51809, 30.10091], [-95.51412, 30.1011], [-95.51437, 30.09752], [-95.5171, 30.0951], [-95.5171, 30.09008], [-95.51593, 30.08465], [-95.52552, 30.08559]]]}, "properties": {"geoid": "482015549021", "jobs_transit_45": null}}, {"type": "Feature", "geometry": {"type": "Polygon", "coordinates": [[[-95.49433, 30.05774], [-95.49541, 30.05748], [-95.49561, 30.05742], [-95.49278, 30.05046], [-95.47207, 30.06197], [-95.45023, 30.06733], [-95.4493, 30.06775], [-95.44406, 30.07065], [-95.44413, 30.07083], [-95.4471, 30.07032], [-95.46028, 30.0707], [-95.48142, 30.07059], [-95.48244, 30.07066], [-95.48471, 30.071], [-95.48606, 30.07133], [-95.48607, 30.06785], [-95.48357, 30.06785], [-95.48342, 30.06225], [-95.48679, 30.05987], [-95.48966, 30.06028], [-95.48975, 30.05954], [-95.49086, 30.05832], [-95.49215, 30.05778], [-95.49433, 30.05774]]]}, "properties": {"geoid": "482015550002", "jobs_transit_45": null}}, {"type": "Feature", "geometry": {"type": "Polygon", "coordinates": [[[-95.49668, 30.08091], [-95.49683, 30.07406], [-95.49309, 30.0735], [-95.48471, 30.071], [-95.48244, 30.07066], [-95.48105, 30.07058], [-95.46935, 30.07065], [-95.46929, 30.07199], [-95.471, 30.07197], [-95.47201, 30.07522], [-95.47198, 30.08267], [-95.47205, 30.08268], [-95.48987, 30.08377], [-95.49672, 30.08347], [-95.49668, 30.08091]]]}, "properties": {"geoid": "482015551002", "jobs_transit_45": null}}, {"type": "Feature", "geometry": {"type": "Polygon", "coordinates": [[[-95.63628, 30.09715], [-95.63678, 30.09697], [-95.63393, 30.09448], [-95.63246, 30.08942], [-95.63162, 30.08954], [-95.62253, 30.09441], [-95.61361, 30.09822], [-95.61693, 30.10402], [-95.62296, 30.10256], [-95.62291, 30.09957], [-95.62834, 30.09957], [-95.62835, 30.09778], [-95.63628, 30.09715]]]}, "properties": {"geoid": "482015554021", "jobs_transit_45": null}}, {"type": "Feature", "geometry": {"type": "Polygon", "coordinates": [[[-95.55759, 29.71827], [-95.55748, 29.71177], [-95.54781, 29.71214], [-95.54601, 29.71289], [-95.54877, 29.7168], [-95.54886, 29.71899], [-95.55759, 29.71827]]]}, "properties": {"geoid": "482014330011", "jobs_transit_45": 192625}}, {"type": "Feature", "geometry": {"type": "Polygon", "coordinates": [[[-95.55716, 29.69211], [-95.55748, 29.68943], [-95.55609, 29.68923], [-95.55384, 29.68941], [-95.5512, 29.69027], [-95.55204, 29.6927], [-95.55213, 29.69341], [-95.5522, 29.69651], [-95.55671, 29.69645], [-95.55719, 29.69534], [-95.55716, 29.69211]]]}, "properties": {"geoid": "482014331002", "jobs_transit_45": 161739}}, {"type": "Feature", "geometry": {"type": "Polygon", "coordinates": [[[-95.63162, 30.08954], [-95.63119, 30.08424], [-95.62841, 30.07699], [-95.62288, 30.06727], [-95.62356, 30.06683], [-95.61125, 30.06695], [-95.61164, 30.08978], [-95.61428, 30.08974], [-95.61649, 30.09374], [-95.6193, 30.09579], [-95.62253, 30.09441], [-95.63162, 30.08954]]]}, "properties": {"geoid": "482015554022", "jobs_transit_45": null}}, {"type": "Feature", "geometry": {"type": "Polygon", "coordinates": [[[-95.54973, 29.69053], [-95.55219, 29.68993], [-95.54963, 29.68824], [-95.54912, 29.68782], [-95.54877, 29.68711], [-95.54559, 29.68885], [-95.54556, 29.6872], [-95.54212, 29.68723], [-95.54216, 29.68971], [-95.53768, 29.69067], [-95.54973, 29.69053]]]}, "properties": {"geoid": "482014334001", "jobs_transit_45": 191681}}, {"type": "Feature", "geometry": {"type": "Polygon", "coordinates": [[[-95.6457, 30.11919], [-95.64262, 30.11408], [-95.63876, 30.10414], [-95.63678, 30.09697], [-95.63628, 30.09715], [-95.62835, 30.09778], [-95.62834, 30.09957], [-95.62291, 30.09957], [-95.62296, 30.10256], [-95.61693, 30.10402], [-95.61928, 30.10831], [-95.62875, 30.12778], [-95.63586, 30.1264], [-95.64135, 30.12073], [-95.6457, 30.11919]]]}, "properties": {"geoid": "482015554023", "jobs_transit_45": null}}, {"type": "Feature", "geometry": {"type": "Polygon", "coordinates": [[[-95.81529, 30.03676], [-95.81523, 30.0167], [-95.80479, 30.01241], [-95.80396, 30.01218], [-95.78682, 30.00569], [-95.78197, 30.00433], [-95.78237, 30.02732], [-95.78158, 30.02765], [-95.78157, 30.03701], [-95.81529, 30.03676]]]}, "properties": {"geoid": "482015560003", "jobs_transit_45": null}}, {"type": "Feature", "geometry": {"type": "Polygon", "coordinates": [[[-95.30571, 29.68518], [-95.30558, 29.68142], [-95.29391, 29.68146], [-95.29632, 29.68515], [-95.30571, 29.68518]]]}, "properties": {"geoid": "482013327001", "jobs_transit_45": 175575}}, {"type": "Feature", "geometry": {"type": "Polygon", "coordinates": [[[-95.11347, 29.69488], [-95.11312, 29.67937], [-95.08782, 29.67982], [-95.0879, 29.685], [-95.08809, 29.68869], [-95.08824, 29.69534], [-95.09615, 29.69522], [-95.10093, 29.69508], [-95.10453, 29.69504], [-95.11347, 29.69488]]]}, "properties": {"geoid": "482013428001", "jobs_transit_45": null}}, {"type": "Feature", "geometry": {"type": "Polygon", "coordinates": [[[-95.07283, 29.65604], [-95.07318, 29.65444], [-95.06957, 29.65353], [-95.0681, 29.65773], [-95.06026, 29.65754], [-95.05925, 29.66036], [-95.05934, 29.6648], [-95.07058, 29.66459], [-95.07086, 29.66099], [-95.07283, 29.65604]]]}, "properties": {"geoid": "482013432001", "jobs_transit_45": null}}, {"type": "Feature", "geometry": {"type": "Polygon", "coordinates": [[[-95.55846, 29.68467], [-95.55968, 29.67885], [-95.55943, 29.6777], [-95.55779, 29.67747], [-95.55621, 29.67752], [-95.55623, 29.67843], [-95.55532, 29.68284], [-95.55563, 29.68401], [-95.55392, 29.6855], [-95.55151, 29.68645], [-95.55159, 29.68662], [-95.55661, 29.68467], [-95.55846, 29.68467]]]}, "properties": {"geoid": "482014335021", "jobs_transit_45": 159077}}, {"type": "Feature", "geometry": {"type": "Polygon", "coordinates": [[[-95.42935, 29.8038], [-95.42966, 29.80317], [-95.42668, 29.8023], [-95.42653, 29.80166], [-95.42233, 29.80168], [-95.42247, 29.80872], [-95.41236, 29.80884], [-95.41229, 29.81192], [-95.41188, 29.81274], [-95.42937, 29.81264], [-95.42935, 29.8038]]]}, "properties": {"geoid": "482015111002", "jobs_transit_45": 244555}}, {"type": "Feature", "geometry": {"type": "Polygon", "coordinates": [[[-95.60255, 29.9966], [-95.60245, 29.99551], [-95.60178, 29.99379], [-95.59961, 29.99156], [-95.59517, 29.99085], [-95.59455, 29.99067], [-95.59369, 29.98998], [-95.59291, 29.98976], [-95.59229, 29.98941], [-95.59142, 29.98917], [-95.59052, 29.98924], [-95.58924, 29.98944], [-95.58834, 29.98898], [-95.58788, 29.98804], [-95.58711, 29.98675], [-95.58516, 29.98619], [-95.58499, 29.98641], [-95.58357, 29.98742], [-95.58283, 29.98633], [-95.57945, 29.98809], [-95.57305, 29.98516], [-95.57009, 29.98577], [-95.57119, 29.98746], [-95.57608, 29.99386], [-95.57919, 29.99666], [-95.59335, 29.99667], [-95.60255, 29.9966]]]}, "properties": {"geoid": "482015543013", "jobs_transit_45": null}}, {"type": "Feature", "geometry": {"type": "Polygon", "coordinates": [[[-95.61175, 29.99148], [-95.61109, 29.98858], [-95.60193, 29.98762], [-95.59861, 29.98861], [-95.59858, 29.98595], [-95.59367, 29.98437], [-95.59232, 29.98736], [-95.59383, 29.98802], [-95.59316, 29.98924], [-95.59312, 29.98984], [-95.59369, 29.98998], [-95.59455, 29.99067], [-95.59517, 29.99085], [-95.59961, 29.99156], [-95.60178, 29.99379], [-95.60245, 29.99551], [-95.60255, 29.9966], [-95.60576, 29.99652], [-95.61175, 29.99148]]]}, "properties": {"geoid": "482015543012", "jobs_transit_45": null}}, {"type": "Feature", "geometry": {"type": "Polygon", "coordinates": [[[-95.61175, 29.99148], [-95.61568, 29.988], [-95.60943, 29.98269], [-95.60355, 29.98271], [-95.60145, 29.9823], [-95.59985, 29.98158], [-95.59884, 29.98339], [-95.59859, 29.98459], [-95.59861, 29.98861], [-95.60193, 29.98762], [-95.61109, 29.98858], [-95.61175, 29.99148]]]}, "properties": {"geoid": "482015543014", "jobs_transit_45": null}}, {"type": "Feature", "geometry": {"type": "Polygon", "coordinates": [[[-95.60355, 29.98271], [-95.6093, 29.98269], [-95.60943, 29.98269], [-95.60042, 29.97508], [-95.59617, 29.97999], [-95.60145, 29.9823], [-95.60355, 29.98271]]]}, "properties": {"geoid": "482015543021", "jobs_transit_45": null}}, {"type": "Feature", "geometry": {"type": "Polygon", "coordinates": [[[-95.62274, 30.0086], [-95.62174, 30.00496], [-95.61966, 30.0026], [-95.61175, 30.00055], [-95.60803, 30.0058], [-95.60799, 30.01272], [-95.61113, 30.01289], [-95.61826, 30.01191], [-95.62274, 30.0086]]]}, "properties": {"geoid": "482015546001", "jobs_transit_45": null}}, {"type": "Feature", "geometry": {"type": "Polygon", "coordinates": [[[-95.43665, 30.11037], [-95.43601, 30.10875], [-95.4358, 30.10758], [-95.43578, 30.10538], [-95.43428, 30.1055], [-95.43292, 30.1046], [-95.41736, 30.09754], [-95.41449, 30.09394], [-95.41059, 30.07861], [-95.41104, 30.07628], [-95.41068, 30.07636], [-95.40659, 30.07856], [-95.40607, 30.07869], [-95.40323, 30.0797], [-95.40188, 30.07871], [-95.39759, 30.08118], [-95.39508, 30.07814], [-95.39227, 30.07782], [-95.38743, 30.08051], [-95.38591, 30.08273], [-95.38513, 30.08142], [-95.38358, 30.07931], [-95.38133, 30.08057], [-95.38605, 30.08495], [-95.38998, 30.08494], [-95.39163, 30.0827], [-95.3985, 30.08583], [-95.39988, 30.08991], [-95.40257, 30.09175], [-95.41004, 30.09284], [-95.41277, 30.09583], [-95.41055, 30.09806], [-95.41175, 30.10085], [-95.41386, 30.10135], [-95.41906, 30.10505], [-95.41885, 30.10872], [-95.42234, 30.10973], [-95.42422, 30.1155], [-95.42993, 30.11359], [-95.43514, 30.11299], [-95.43665, 30.11037]]]}, "properties": {"geoid": "482012414002", "jobs_transit_45": null}}, {"type": "Feature", "geometry": {"type": "Polygon", "coordinates": [[[-95.57414, 30.00617], [-95.57372, 30.0041], [-95.57278, 30.00217], [-95.56935, 29.99935], [-95.56746, 29.99615], [-95.56803, 29.99253], [-95.56389, 29.98941], [-95.56101, 29.99018], [-95.56032, 29.9905], [-95.55835, 29.99109], [-95.55822, 29.99171], [-95.55573, 29.99182], [-95.5546, 29.99253], [-95.55363, 29.99226], [-95.55354, 29.99269], [-95.56317, 30.00975], [-95.56336, 30.00971], [-95.56349, 30.00979], [-95.56433, 30.01126], [-95.56589, 30.01044], [-95.56587, 30.00797], [-95.57294, 30.00789], [-95.57414, 30.00617]]]}, "properties": {"geoid": "482015542002", "jobs_transit_45": null}}, {"type": "Feature", "geometry": {"type": "Polygon", "coordinates": [[[-95.56592, 30.01639], [-95.56668, 30.01617], [-95.56685, 30.01612], [-95.55871, 30.00182], [-95.55651, 30.00304], [-95.55426, 30.00412], [-95.54938, 30.00686], [-95.55149, 30.00987], [-95.55541, 30.01322], [-95.55798, 30.01168], [-95.56056, 30.01445], [-95.55842, 30.01603], [-95.56177, 30.01864], [-95.56592, 30.01639]]]}, "properties": {"geoid": "482015541023", "jobs_transit_45": null}}, {"type": "Feature", "geometry": {"type": "Polygon", "coordinates": [[[-95.46774, 30.04019], [-95.46752, 30.03941], [-95.46714, 30.03869], [-95.4665, 30.0379], [-95.45375, 30.04383], [-95.4464, 30.04446], [-95.45434, 30.04761], [-95.45605, 30.04664], [-95.45998, 30.04749], [-95.46367, 30.04753], [-95.46166, 30.04419], [-95.46774, 30.04019]]]}, "properties": {"geoid": "482015534023", "jobs_transit_45": null}}, {"type": "Feature", "geometry": {"type": "Polygon", "coordinates": [[[-95.47388, 30.04849], [-95.47301, 30.04746], [-95.46866, 30.04224], [-95.468, 30.04101], [-95.46774, 30.04019], [-95.46166, 30.04419], [-95.46367, 30.04753], [-95.45998, 30.04749], [-95.45605, 30.04664], [-95.45563, 30.04688], [-95.46104, 30.05329], [-95.46699, 30.0518], [-95.46787, 30.05161], [-95.47388, 30.04849]]]}, "properties": {"geoid": "482015534024", "jobs_transit_45": null}}, {"type": "Feature", "geometry": {"type": "Polygon", "coordinates": [[[-95.53841, 30.04593], [-95.53737, 30.04], [-95.5352, 30.03446], [-95.53298, 30.031], [-95.52793, 30.03367], [-95.5296, 30.03555], [-95.52833, 30.03737], [-95.52646, 30.03843], [-95.52422, 30.03536], [-95.52368, 30.037], [-95.51757, 30.04053], [-95.51706, 30.04062], [-95.51639, 30.04036], [-95.51513, 30.03867], [-95.51424, 30.03736], [-95.5141, 30.03697], [-95.51425, 30.03536], [-95.51459, 30.03431], [-95.51545, 30.03343], [-95.51736, 30.03238], [-95.51556, 30.02956], [-95.51341, 30.0267], [-95.50716, 30.03017], [-95.5099, 30.03573], [-95.51179, 30.03606], [-95.5158, 30.04159], [-95.52042, 30.04512], [-95.52653, 30.04791], [-95.52734, 30.04886], [-95.52747, 30.04991], [-95.53055, 30.04872], [-95.53417, 30.04685], [-95.53841, 30.04593]]]}, "properties": {"geoid": "482015538023", "jobs_transit_45": null}}, {"type": "Feature", "geometry": {"type": "Polygon", "coordinates": [[[-95.56481, 30.08313], [-95.56507, 30.08247], [-95.56158, 30.07927], [-95.55543, 30.0744], [-95.5518, 30.07328], [-95.53239, 30.07332], [-95.52541, 30.07403], [-95.51343, 30.07411], [-95.53514, 30.09477], [-95.53969, 30.09869], [-95.54547, 30.09361], [-95.54921, 30.09164], [-95.55349, 30.08768], [-95.55561, 30.08865], [-95.55562, 30.08844], [-95.55615, 30.08728], [-95.55948, 30.08524], [-95.56301, 30.08304], [-95.56351, 30.08297], [-95.56481, 30.08313]]]}, "properties": {"geoid": "482015549011", "jobs_transit_45": null}}, {"type": "Feature", "geometry": {"type": "Polygon", "coordinates": [[[-95.54515, 29.86012], [-95.5451, 29.84443], [-95.5374, 29.84451], [-95.53739, 29.84715], [-95.53476, 29.84717], [-95.5348, 29.85004], [-95.53208, 29.85002], [-95.53191, 29.85296], [-95.54414, 29.86166], [-95.54476, 29.86093], [-95.54508, 29.86037], [-95.54515, 29.86012]]]}, "properties": {"geoid": "482015216002", "jobs_transit_45": 53875}}, {"type": "Feature", "geometry": {"type": "Polygon", "coordinates": [[[-95.4448, 29.83276], [-95.44449, 29.81972], [-95.43636, 29.8196], [-95.43895, 29.8206], [-95.4413, 29.82899], [-95.44013, 29.82968], [-95.43935, 29.83049], [-95.4436, 29.83274], [-95.4448, 29.83276]]]}, "properties": {"geoid": "482015311001", "jobs_transit_45": 62306}}, {"type": "Feature", "geometry": {"type": "Polygon", "coordinates": [[[-95.46684, 29.86333], [-95.46462, 29.85921], [-95.46237, 29.85834], [-95.46206, 29.85811], [-95.46189, 29.85767], [-95.46456, 29.85486], [-95.46436, 29.85398], [-95.4635, 29.85108], [-95.46097, 29.8483], [-95.46104, 29.84794], [-95.44275, 29.84814], [-95.44279, 29.85459], [-95.45219, 29.85451], [-95.45283, 29.8566], [-95.45288, 29.86084], [-95.45282, 29.86336], [-95.45383, 29.86346], [-95.46294, 29.86344], [-95.46684, 29.86333]]]}, "properties": {"geoid": "482015319003", "jobs_transit_45": 57890}}, {"type": "Feature", "geometry": {"type": "Polygon", "coordinates": [[[-95.55343, 29.75323], [-95.55326, 29.74155], [-95.5516, 29.74339], [-95.54871, 29.7432], [-95.54858, 29.75158], [-95.54687, 29.75177], [-95.54714, 29.75254], [-95.54863, 29.75608], [-95.54862, 29.75405], [-95.55246, 29.75333], [-95.55343, 29.75323]]]}, "properties": {"geoid": "482014310004", "jobs_transit_45": 61690}}, {"type": "Feature", "geometry": {"type": "Polygon", "coordinates": [[[-95.58577, 29.79015], [-95.58564, 29.78538], [-95.5903, 29.78493], [-95.56298, 29.78481], [-95.56306, 29.79061], [-95.56343, 29.79899], [-95.56359, 29.81271], [-95.56622, 29.81268], [-95.56992, 29.81294], [-95.56988, 29.80465], [-95.57463, 29.80457], [-95.57456, 29.79283], [-95.57958, 29.79282], [-95.5796, 29.7966], [-95.58174, 29.79646], [-95.58378, 29.79333], [-95.58362, 29.79027], [-95.58577, 29.79015]]]}, "properties": {"geoid": "482015432001", "jobs_transit_45": 29699}}, {"type": "Feature", "geometry": {"type": "Polygon", "coordinates": [[[-95.42494, 29.77747], [-95.42016, 29.77564], [-95.42021, 29.77091], [-95.41342, 29.77043], [-95.40947, 29.77048], [-95.40961, 29.77766], [-95.42494, 29.77747]]]}, "properties": {"geoid": "482015106003", "jobs_transit_45": 505852}}, {"type": "Feature", "geometry": {"type": "Polygon", "coordinates": [[[-95.40819, 29.81278], [-95.40604, 29.81257], [-95.40601, 29.81099], [-95.39938, 29.81109], [-95.39933, 29.80836], [-95.39598, 29.80841], [-95.39597, 29.80807], [-95.39124, 29.80815], [-95.39127, 29.80981], [-95.39015, 29.80982], [-95.39163, 29.81388], [-95.39427, 29.8137], [-95.39701, 29.81302], [-95.39776, 29.81294], [-95.40819, 29.81278]]]}, "properties": {"geoid": "482015115007", "jobs_transit_45": 456801}}, {"type": "Feature", "geometry": {"type": "Polygon", "coordinates": [[[-95.43695, 29.92279], [-95.44685, 29.92064], [-95.44392, 29.91687], [-95.44334, 29.91718], [-95.44279, 29.91737], [-95.4431, 29.92041], [-95.43538, 29.9205], [-95.43539, 29.92125], [-95.43359, 29.92124], [-95.43351, 29.92107], [-95.43345, 29.91685], [-95.43444, 29.91685], [-95.4344, 29.91471], [-95.43278, 29.91474], [-95.4328, 29.91996], [-95.43283, 29.92053], [-95.43288, 29.9237], [-95.43449, 29.92355], [-95.43654, 29.92292], [-95.43697, 29.92285], [-95.43695, 29.92279]]]}, "properties": {"geoid": "482015337021", "jobs_transit_45": 86120}}, {"type": "Feature", "geometry": {"type": "Polygon", "coordinates": [[[-95.62072, 29.94749], [-95.62094, 29.9365], [-95.61775, 29.93654], [-95.61782, 29.93708], [-95.61834, 29.93805], [-95.61911, 29.93875], [-95.61828, 29.93926], [-95.61849, 29.94465], [-95.61456, 29.94486], [-95.61276, 29.94305], [-95.60788, 29.94321], [-95.60801, 29.94626], [-95.60485, 29.95235], [-95.60903, 29.95109], [-95.61343, 29.94776], [-95.61739, 29.94755], [-95.62072, 29.94749]]]}, "properties": {"geoid": "482015521023", "jobs_transit_45": null}}, {"type": "Feature", "geometry": {"type": "Polygon", "coordinates": [[[-95.57561, 29.77544], [-95.57593, 29.7732], [-95.57594, 29.7726], [-95.57026, 29.77265], [-95.57041, 29.77296], [-95.57227, 29.77451], [-95.5735, 29.77518], [-95.57373, 29.77619], [-95.56619, 29.78207], [-95.56518, 29.78373], [-95.56594, 29.78482], [-95.57566, 29.78488], [-95.57561, 29.77544]]]}, "properties": {"geoid": "482014502003", "jobs_transit_45": 153011}}, {"type": "Feature", "geometry": {"type": "Polygon", "coordinates": [[[-95.41176, 29.92465], [-95.41195, 29.92172], [-95.40756, 29.92216], [-95.40676, 29.91993], [-95.40504, 29.92053], [-95.40559, 29.92206], [-95.40566, 29.92516], [-95.4078, 29.92514], [-95.40998, 29.92459], [-95.41176, 29.92465]]]}, "properties": {"geoid": "482012225032", "jobs_transit_45": 259777}}, {"type": "Feature", "geometry": {"type": "Polygon", "coordinates": [[[-95.40608, 29.92857], [-95.40976, 29.92829], [-95.40856, 29.92495], [-95.4078, 29.92514], [-95.402, 29.9252], [-95.40162, 29.92528], [-95.40193, 29.92701], [-95.40713, 29.92683], [-95.40608, 29.92857]]]}, "properties": {"geoid": "482012225011", "jobs_transit_45": 259465}}, {"type": "Feature", "geometry": {"type": "Polygon", "coordinates": [[[-95.69727, 30.0174], [-95.69743, 30.01604], [-95.69338, 30.01516], [-95.68778, 30.01267], [-95.68401, 30.01239], [-95.68187, 30.01146], [-95.6812, 30.01084], [-95.68009, 30.01089], [-95.67695, 30.01072], [-95.67622, 30.00942], [-95.66695, 30.00255], [-95.66695, 30.00112], [-95.66578, 29.99923], [-95.6633, 29.99943], [-95.66152, 29.99496], [-95.65746, 29.99315], [-95.65777, 29.99092], [-95.65379, 29.98851], [-95.65327, 29.99104], [-95.6544, 29.99487], [-95.65414, 30.0006], [-95.65431, 30.01769], [-95.65761, 30.02512], [-95.66404, 30.02449], [-95.6827, 30.02426], [-95.68526, 30.02466], [-95.69737, 30.0246], [-95.69727, 30.0174]]]}, "properties": {"geoid": "482015545011", "jobs_transit_45": null}}, {"type": "Feature", "geometry": {"type": "Polygon", "coordinates": [[[-95.55447, 30.07406], [-95.5546, 30.07385], [-95.55072, 30.07175], [-95.5393, 30.0495], [-95.53841, 30.04593], [-95.53417, 30.04685], [-95.53331, 30.04722], [-95.53025, 30.04886], [-95.52659, 30.05019], [-95.52556, 30.05032], [-95.51978, 30.05057], [-95.519, 30.05043], [-95.517, 30.04992], [-95.51565, 30.04952], [-95.51495, 30.04924], [-95.51187, 30.04573], [-95.51034, 30.04458], [-95.50513, 30.04404], [-95.49278, 30.05046], [-95.49603, 30.05849], [-95.49684, 30.06507], [-95.49683, 30.07406], [-95.52541, 30.07403], [-95.53239, 30.07332], [-95.5518, 30.07328], [-95.55447, 30.07406]]]}, "properties": {"geoid": "482015549031", "jobs_transit_45": null}}, {"type": "Feature", "geometry": {"type": "Polygon", "coordinates": [[[-95.49683, 30.07406], [-95.49684, 30.07123], [-95.4963, 30.07123], [-95.4963, 30.06975], [-95.49325, 30.06856], [-95.48972, 30.06841], [-95.48966, 30.06028], [-95.48679, 30.05987], [-95.48342, 30.06225], [-95.48357, 30.06785], [-95.48607, 30.06785], [-95.48606, 30.07133], [-95.49309, 30.0735], [-95.49683, 30.07406]]]}, "properties": {"geoid": "482015550003", "jobs_transit_45": null}}, {"type": "Feature", "geometry": {"type": "Polygon", "coordinates": [[[-95.57063, 30.02278], [-95.56685, 30.01612], [-95.56592, 30.01639], [-95.56177, 30.01864], [-95.55831, 30.01594], [-95.54981, 30.01951], [-95.55098, 30.02108], [-95.55718, 30.03011], [-95.57002, 30.02321], [-95.57063, 30.02278]]]}, "properties": {"geoid": "482015541022", "jobs_transit_45": null}}, {"type": "Feature", "geometry": {"type": "Polygon", "coordinates": [[[-95.55842, 30.01603], [-95.56056, 30.01445], [-95.55798, 30.01168], [-95.55541, 30.01322], [-95.55149, 30.00987], [-95.54938, 30.00686], [-95.54084, 30.0116], [-95.5408, 30.01188], [-95.54085, 30.01333], [-95.5446, 30.01539], [-95.54769, 30.01849], [-95.54981, 30.01951], [-95.55831, 30.01594], [-95.55842, 30.01603]]]}, "properties": {"geoid": "482015541021", "jobs_transit_45": null}}, {"type": "Feature", "geometry": {"type": "Polygon", "coordinates": [[[-95.5574, 29.99172], [-95.55656, 29.98952], [-95.55622, 29.96748], [-95.55427, 29.96604], [-95.55298, 29.96527], [-95.55293, 29.96547], [-95.55264, 29.968], [-95.55163, 29.96959], [-95.55234, 29.97407], [-95.55224, 29.97772], [-95.54997, 29.97776], [-95.54979, 29.97942], [-95.54601, 29.97946], [-95.55354, 29.99269], [-95.55363, 29.99226], [-95.5546, 29.99253], [-95.55573, 29.99182], [-95.5574, 29.99172]]]}, "properties": {"geoid": "482015527003", "jobs_transit_45": null}}, {"type": "Feature", "geometry": {"type": "Polygon", "coordinates": [[[-95.6193, 30.09579], [-95.61649, 30.09374], [-95.61428, 30.08974], [-95.61164, 30.08978], [-95.61125, 30.06695], [-95.60546, 30.06703], [-95.59671, 30.06856], [-95.61278, 30.0968], [-95.61361, 30.09822], [-95.6193, 30.09579]]]}, "properties": {"geoid": "482015554024", "jobs_transit_45": null}}, {"type": "Feature", "geometry": {"type": "Polygon", "coordinates": [[[-95.47638, 30.02438], [-95.47492, 30.02237], [-95.47084, 30.02465], [-95.46976, 30.02314], [-95.46695, 30.02467], [-95.46472, 30.02174], [-95.46732, 30.01981], [-95.46531, 30.01717], [-95.46309, 30.01518], [-95.45872, 30.01858], [-95.45792, 30.01755], [-95.45709, 30.01801], [-95.46217, 30.02499], [-95.45908, 30.02616], [-95.46193, 30.03018], [-95.46316, 30.03175], [-95.46355, 30.03297], [-95.4672, 30.02848], [-95.46763, 30.02642], [-95.47254, 30.02739], [-95.47638, 30.02438]]]}, "properties": {"geoid": "482015531001", "jobs_transit_45": null}}, {"type": "Feature", "geometry": {"type": "Polygon", "coordinates": [[[-95.62875, 30.12778], [-95.61868, 30.10711], [-95.61278, 30.0968], [-95.59671, 30.06856], [-95.58911, 30.06943], [-95.58902, 30.07249], [-95.5939, 30.08516], [-95.59397, 30.10033], [-95.59258, 30.1067], [-95.59268, 30.11391], [-95.59223, 30.11679], [-95.59227, 30.12003], [-95.60787, 30.12879], [-95.61964, 30.1355], [-95.62264, 30.13594], [-95.62529, 30.13196], [-95.62586, 30.12871], [-95.62346, 30.12718], [-95.6264, 30.1264], [-95.62875, 30.12778]]]}, "properties": {"geoid": "482015554011", "jobs_transit_45": null}}, {"type": "Feature", "geometry": {"type": "Polygon", "coordinates": [[[-95.55536, 30.0331], [-95.55729, 30.03048], [-95.55718, 30.03011], [-95.55098, 30.02108], [-95.54769, 30.01849], [-95.5446, 30.01539], [-95.54085, 30.01333], [-95.5408, 30.01188], [-95.54084, 30.0116], [-95.53847, 30.01289], [-95.54154, 30.01646], [-95.54496, 30.01865], [-95.5473, 30.02179], [-95.5495, 30.02493], [-95.55258, 30.02905], [-95.55353, 30.03106], [-95.55465, 30.03253], [-95.55536, 30.0331]]]}, "properties": {"geoid": "482015541011", "jobs_transit_45": null}}, {"type": "Feature", "geometry": {"type": "Polygon", "coordinates": [[[-95.16995, 29.79045], [-95.16973, 29.78228], [-95.16319, 29.7824], [-95.16334, 29.79059], [-95.16995, 29.79045]]]}, "properties": {"geoid": "482012331022", "jobs_transit_45": null}}, {"type": "Feature", "geometry": {"type": "Polygon", "coordinates": [[[-95.34028, 29.77726], [-95.34029, 29.77696], [-95.34035, 29.77461], [-95.33575, 29.7759], [-95.32642, 29.77616], [-95.32662, 29.77827], [-95.32485, 29.77836], [-95.32492, 29.78387], [-95.32588, 29.78331], [-95.32631, 29.78326], [-95.32808, 29.7824], [-95.33229, 29.78077], [-95.33416, 29.77988], [-95.34028, 29.77726]]]}, "properties": {"geoid": "482012113004", "jobs_transit_45": 219997}}, {"type": "Feature", "geometry": {"type": "Polygon", "coordinates": [[[-95.36794, 29.7999], [-95.36794, 29.79819], [-95.36794, 29.79734], [-95.36763, 29.79677], [-95.36283, 29.79305], [-95.36286, 29.79485], [-95.35917, 29.79485], [-95.35905, 29.79474], [-95.35709, 29.79482], [-95.35725, 29.79998], [-95.3582, 29.80002], [-95.36794, 29.7999]]]}, "properties": {"geoid": "482012105001", "jobs_transit_45": 343410}}, {"type": "Feature", "geometry": {"type": "Polygon", "coordinates": [[[-95.36979, 29.81367], [-95.36976, 29.81347], [-95.36544, 29.81356], [-95.36536, 29.80713], [-95.35749, 29.80723], [-95.35759, 29.81386], [-95.36979, 29.81367]]]}, "properties": {"geoid": "482012106002", "jobs_transit_45": 316236}}, {"type": "Feature", "geometry": {"type": "Polygon", "coordinates": [[[-95.36532, 29.80563], [-95.36574, 29.80418], [-95.36569, 29.79991], [-95.3582, 29.80002], [-95.35725, 29.79998], [-95.35749, 29.80723], [-95.36536, 29.80713], [-95.36532, 29.80563]]]}, "properties": {"geoid": "482012106003", "jobs_transit_45": 316373}}, {"type": "Feature", "geometry": {"type": "Polygon", "coordinates": [[[-95.37336, 29.80762], [-95.37215, 29.80144], [-95.37195, 29.80005], [-95.36793, 29.80006], [-95.36794, 29.7999], [-95.36569, 29.79991], [-95.36574, 29.80418], [-95.36532, 29.80563], [-95.36539, 29.80937], [-95.36896, 29.80931], [-95.37323, 29.80934], [-95.37336, 29.80762]]]}, "properties": {"geoid": "482012106004", "jobs_transit_45": 334377}}, {"type": "Feature", "geometry": {"type": "Polygon", "coordinates": [[[-95.35745, 29.80501], [-95.35725, 29.79998], [-95.35039, 29.80007], [-95.35056, 29.80433], [-95.35442, 29.80426], [-95.35445, 29.80511], [-95.35745, 29.80501]]]}, "properties": {"geoid": "482012107001", "jobs_transit_45": 315960}}, {"type": "Feature", "geometry": {"type": "Polygon", "coordinates": [[[-95.35759, 29.81386], [-95.35759, 29.81369], [-95.3575, 29.80847], [-95.3516, 29.80858], [-95.35149, 29.80431], [-95.35056, 29.80433], [-95.35051, 29.80331], [-95.34786, 29.80311], [-95.35028, 29.81239], [-95.35408, 29.8136], [-95.35491, 29.81378], [-95.35624, 29.81388], [-95.35759, 29.81386]]]}, "properties": {"geoid": "482012107002", "jobs_transit_45": 315927}}, {"type": "Feature", "geometry": {"type": "Polygon", "coordinates": [[[-95.31652, 29.86667], [-95.31454, 29.86684], [-95.30057, 29.86688], [-95.30061, 29.87319], [-95.31362, 29.87308], [-95.31504, 29.87032], [-95.31652, 29.86667]]]}, "properties": {"geoid": "482012318001", "jobs_transit_45": 64763}}, {"type": "Feature", "geometry": {"type": "Polygon", "coordinates": [[[-95.29655, 29.89131], [-95.29595, 29.88599], [-95.29679, 29.88357], [-95.29578, 29.88358], [-95.29571, 29.88027], [-95.29089, 29.88028], [-95.2873, 29.87876], [-95.2878, 29.89142], [-95.29655, 29.89131]]]}, "properties": {"geoid": "482012319001", "jobs_transit_45": 4606}}, {"type": "Feature", "geometry": {"type": "Polygon", "coordinates": [[[-95.29301, 29.88027], [-95.293, 29.87931], [-95.2914, 29.87932], [-95.29086, 29.87921], [-95.28693, 29.87748], [-95.28702, 29.87562], [-95.29294, 29.87554], [-95.29285, 29.87153], [-95.26833, 29.87195], [-95.24778, 29.89187], [-95.2878, 29.89142], [-95.2873, 29.87876], [-95.29089, 29.88028], [-95.29301, 29.88027]]]}, "properties": {"geoid": "482012319002", "jobs_transit_45": null}}, {"type": "Feature", "geometry": {"type": "Polygon", "coordinates": [[[-95.30094, 29.89119], [-95.30063, 29.8818], [-95.30061, 29.87138], [-95.2974, 29.87144], [-95.29742, 29.87769], [-95.29296, 29.87709], [-95.29301, 29.88027], [-95.29571, 29.88027], [-95.29578, 29.88358], [-95.29679, 29.88357], [-95.29595, 29.88599], [-95.29655, 29.89131], [-95.30094, 29.89119]]]}, "properties": {"geoid": "482012319004", "jobs_transit_45": 5400}}, {"type": "Feature", "geometry": {"type": "Polygon", "coordinates": [[[-95.3014, 29.90408], [-95.30097, 29.90297], [-95.3009, 29.89932], [-95.28756, 29.89943], [-95.28778, 29.91224], [-95.29142, 29.91234], [-95.29139, 29.91446], [-95.29218, 29.91467], [-95.29561, 29.91864], [-95.29857, 29.91092], [-95.3014, 29.90408]]]}, "properties": {"geoid": "482012320001", "jobs_transit_45": null}}, {"type": "Feature", "geometry": {"type": "Polygon", "coordinates": [[[-95.31032, 29.90835], [-95.30935, 29.90951], [-95.29913, 29.90958], [-95.29561, 29.91864], [-95.29597, 29.91893], [-95.29847, 29.91966], [-95.30713, 29.91844], [-95.30853, 29.91587], [-95.31032, 29.90835]]]}, "properties": {"geoid": "482012321001", "jobs_transit_45": 27202}}, {"type": "Feature", "geometry": {"type": "Polygon", "coordinates": [[[-95.1629, 29.77153], [-95.16554, 29.77114], [-95.16521, 29.77099], [-95.15478, 29.77115], [-95.15345, 29.7713], [-95.15631, 29.77446], [-95.15723, 29.77585], [-95.15816, 29.7782], [-95.15829, 29.77899], [-95.1584, 29.7833], [-95.15859, 29.78446], [-95.1595, 29.78689], [-95.16105, 29.79066], [-95.16334, 29.79059], [-95.1629, 29.77153]]]}, "properties": {"geoid": "482012331021", "jobs_transit_45": null}}, {"type": "Feature", "geometry": {"type": "Polygon", "coordinates": [[[-95.16973, 29.78228], [-95.16946, 29.77091], [-95.16521, 29.77099], [-95.16554, 29.77114], [-95.1629, 29.77153], [-95.16319, 29.7824], [-95.16973, 29.78228]]]}, "properties": {"geoid": "482012331023", "jobs_transit_45": null}}, {"type": "Feature", "geometry": {"type": "Polygon", "coordinates": [[[-95.3575, 29.80847], [-95.35745, 29.80501], [-95.35445, 29.80511], [-95.35442, 29.80426], [-95.35149, 29.80431], [-95.3516, 29.80858], [-95.3575, 29.80847]]]}, "properties": {"geoid": "482012107003", "jobs_transit_45": 315942}}, {"type": "Feature", "geometry": {"type": "Polygon", "coordinates": [[[-95.33137, 29.80008], [-95.33212, 29.79577], [-95.33725, 29.79539], [-95.33722, 29.79392], [-95.33099, 29.79398], [-95.32579, 29.79353], [-95.32504, 29.79366], [-95.324, 29.79396], [-95.3241, 29.80017], [-95.33137, 29.80008]]]}, "properties": {"geoid": "482012110002", "jobs_transit_45": 414855}}, {"type": "Feature", "geometry": {"type": "Polygon", "coordinates": [[[-95.3511, 29.78983], [-95.35101, 29.78557], [-95.35146, 29.78433], [-95.35143, 29.78338], [-95.3419, 29.78353], [-95.34087, 29.78362], [-95.34004, 29.78384], [-95.34008, 29.78521], [-95.33989, 29.79154], [-95.33996, 29.7979], [-95.34013, 29.80132], [-95.33997, 29.8028], [-95.33626, 29.80827], [-95.34403, 29.81038], [-95.35028, 29.81239], [-95.34786, 29.80311], [-95.35051, 29.80331], [-95.35024, 29.79363], [-95.35017, 29.79321], [-95.35013, 29.78984], [-95.3511, 29.78983]]]}, "properties": {"geoid": "482012108001", "jobs_transit_45": 320665}}, {"type": "Feature", "geometry": {"type": "Polygon", "coordinates": [[[-95.34008, 29.78521], [-95.34004, 29.78352], [-95.34022, 29.77841], [-95.34028, 29.77726], [-95.33578, 29.77919], [-95.33588, 29.7894], [-95.3374, 29.78994], [-95.33722, 29.79392], [-95.33994, 29.79391], [-95.33989, 29.79154], [-95.34008, 29.78521]]]}, "properties": {"geoid": "482012111001", "jobs_transit_45": 165660}}, {"type": "Feature", "geometry": {"type": "Polygon", "coordinates": [[[-95.33997, 29.8028], [-95.34011, 29.80151], [-95.33698, 29.8008], [-95.33487, 29.80018], [-95.33309, 29.80006], [-95.32956, 29.8001], [-95.32981, 29.80802], [-95.32847, 29.80819], [-95.32852, 29.80847], [-95.33039, 29.80819], [-95.33208, 29.80804], [-95.33626, 29.80827], [-95.33997, 29.8028]]]}, "properties": {"geoid": "482012109001", "jobs_transit_45": 485942}}, {"type": "Feature", "geometry": {"type": "Polygon", "coordinates": [[[-95.32852, 29.80847], [-95.32847, 29.80819], [-95.32981, 29.80802], [-95.32956, 29.8001], [-95.3241, 29.80017], [-95.32423, 29.80908], [-95.32852, 29.80847]]]}, "properties": {"geoid": "482012109002", "jobs_transit_45": 468132}}, {"type": "Feature", "geometry": {"type": "Polygon", "coordinates": [[[-95.34013, 29.80132], [-95.33996, 29.7979], [-95.33994, 29.79391], [-95.33722, 29.79392], [-95.33725, 29.79539], [-95.33212, 29.79577], [-95.33137, 29.80008], [-95.33309, 29.80006], [-95.33487, 29.80018], [-95.33698, 29.8008], [-95.34011, 29.80151], [-95.34013, 29.80132]]]}, "properties": {"geoid": "482012110001", "jobs_transit_45": 498581}}, {"type": "Feature", "geometry": {"type": "Polygon", "coordinates": [[[-95.35143, 29.78338], [-95.35136, 29.77837], [-95.34023, 29.7786], [-95.34004, 29.78384], [-95.34087, 29.78362], [-95.3419, 29.78353], [-95.35143, 29.78338]]]}, "properties": {"geoid": "482012108002", "jobs_transit_45": 274977}}, {"type": "Feature", "geometry": {"type": "Polygon", "coordinates": [[[-95.37298, 29.90221], [-95.37054, 29.89255], [-95.36554, 29.8913], [-95.35705, 29.89478], [-95.35475, 29.89454], [-95.35506, 29.90234], [-95.37298, 29.90221]]]}, "properties": {"geoid": "482012223002", "jobs_transit_45": 102104}}, {"type": "Feature", "geometry": {"type": "Polygon", "coordinates": [[[-95.34438, 29.8882], [-95.34423, 29.88778], [-95.34338, 29.88717], [-95.34297, 29.88675], [-95.33053, 29.88691], [-95.33059, 29.89092], [-95.33105, 29.89089], [-95.33115, 29.899], [-95.3337, 29.89883], [-95.33365, 29.89614], [-95.33649, 29.89597], [-95.3366, 29.89402], [-95.3331, 29.89404], [-95.33304, 29.88873], [-95.33346, 29.88823], [-95.343, 29.88826], [-95.34438, 29.8882]]]}, "properties": {"geoid": "482012223003", "jobs_transit_45": 54224}}, {"type": "Feature", "geometry": {"type": "Polygon", "coordinates": [[[-95.38666, 29.91603], [-95.38686, 29.90941], [-95.38679, 29.90211], [-95.37298, 29.90221], [-95.37624, 29.91357], [-95.37629, 29.91469], [-95.37607, 29.91667], [-95.38666, 29.91603]]]}, "properties": {"geoid": "482012224023", "jobs_transit_45": 49804}}, {"type": "Feature", "geometry": {"type": "Polygon", "coordinates": [[[-95.31825, 29.89096], [-95.3066, 29.89119], [-95.3033, 29.89932], [-95.30171, 29.90347], [-95.29913, 29.90958], [-95.30935, 29.90951], [-95.31032, 29.90835], [-95.31124, 29.90446], [-95.31172, 29.90282], [-95.31225, 29.90164], [-95.31387, 29.89847], [-95.31825, 29.89096]]]}, "properties": {"geoid": "482012321002", "jobs_transit_45": 144589}}, {"type": "Feature", "geometry": {"type": "Polygon", "coordinates": [[[-95.28334, 29.94055], [-95.28705, 29.93713], [-95.28417, 29.93473], [-95.2746, 29.93416], [-95.26848, 29.9348], [-95.2667, 29.93781], [-95.26853, 29.9385], [-95.2729, 29.93988], [-95.278, 29.94068], [-95.28123, 29.94079], [-95.28334, 29.94055]]]}, "properties": {"geoid": "482012322001", "jobs_transit_45": null}}, {"type": "Feature", "geometry": {"type": "Polygon", "coordinates": [[[-95.29465, 29.9208], [-95.29561, 29.91864], [-95.29218, 29.91467], [-95.28862, 29.9139], [-95.28744, 29.91339], [-95.28666, 29.91335], [-95.28639, 29.91342], [-95.28623, 29.91359], [-95.28738, 29.91588], [-95.2876, 29.93476], [-95.28773, 29.93644], [-95.28945, 29.93476], [-95.29465, 29.9208]]]}, "properties": {"geoid": "482012322002", "jobs_transit_45": null}}, {"type": "Feature", "geometry": {"type": "Polygon", "coordinates": [[[-95.30713, 29.91844], [-95.29847, 29.91966], [-95.29597, 29.91893], [-95.29561, 29.91864], [-95.29465, 29.9208], [-95.28945, 29.93476], [-95.28718, 29.93702], [-95.28334, 29.94055], [-95.29599, 29.93997], [-95.29755, 29.93628], [-95.30203, 29.92623], [-95.30279, 29.92481], [-95.30713, 29.91844]]]}, "properties": {"geoid": "482012322004", "jobs_transit_45": 161643}}, {"type": "Feature", "geometry": {"type": "Polygon", "coordinates": [[[-95.21408, 29.84584], [-95.21394, 29.83904], [-95.21405, 29.83878], [-95.21258, 29.8346], [-95.21099, 29.83259], [-95.19781, 29.83826], [-95.19843, 29.84605], [-95.21408, 29.84584]]]}, "properties": {"geoid": "482012323023", "jobs_transit_45": null}}, {"type": "Feature", "geometry": {"type": "Polygon", "coordinates": [[[-95.20503, 29.77727], [-95.205, 29.77666], [-95.20457, 29.7759], [-95.20474, 29.77536], [-95.20362, 29.77515], [-95.20289, 29.7751], [-95.20269, 29.77795], [-95.19931, 29.78193], [-95.19118, 29.78162], [-95.19135, 29.78792], [-95.19333, 29.7879], [-95.19371, 29.78838], [-95.1953, 29.78645], [-95.19687, 29.78742], [-95.2005, 29.78617], [-95.2026, 29.78411], [-95.20293, 29.7811], [-95.20503, 29.77727]]]}, "properties": {"geoid": "482012332001", "jobs_transit_45": 204312}}, {"type": "Feature", "geometry": {"type": "Polygon", "coordinates": [[[-95.19135, 29.78792], [-95.19118, 29.78162], [-95.18307, 29.7818], [-95.18324, 29.78809], [-95.19135, 29.78792]]]}, "properties": {"geoid": "482012332004", "jobs_transit_45": 204616}}, {"type": "Feature", "geometry": {"type": "Polygon", "coordinates": [[[-95.37866, 29.79501], [-95.37628, 29.79331], [-95.3719, 29.79], [-95.3718, 29.79387], [-95.37188, 29.79814], [-95.37718, 29.79808], [-95.37714, 29.79504], [-95.37866, 29.79501]]]}, "properties": {"geoid": "482015116001", "jobs_transit_45": 354463}}, {"type": "Feature", "geometry": {"type": "Polygon", "coordinates": [[[-95.54141, 30.17028], [-95.54718, 30.16906], [-95.55143, 30.17061], [-95.55828, 30.16556], [-95.55736, 30.16097], [-95.56025, 30.15834], [-95.56533, 30.16073], [-95.56993, 30.15741], [-95.56984, 30.15365], [-95.57191, 30.15178], [-95.58062, 30.14991], [-95.58424, 30.14666], [-95.58546, 30.14202], [-95.58811, 30.13783], [-95.5975, 30.13353], [-95.60552, 30.13359], [-95.61316, 30.13542], [-95.61964, 30.1355], [-95.60787, 30.12879], [-95.57308, 30.10919], [-95.57196, 30.10862], [-95.57129, 30.10838], [-95.56929, 30.10792], [-95.54736, 30.10397], [-95.54731, 30.1046], [-95.54685, 30.10506], [-95.54666, 30.10547], [-95.55341, 30.11126], [-95.55426, 30.11273], [-95.55463, 30.11433], [-95.55359, 30.13078], [-95.55352, 30.13509], [-95.55103, 30.14034], [-95.54927, 30.15395], [-95.54742, 30.16269], [-95.54635, 30.16447], [-95.54141, 30.17028]]]}, "properties": {"geoid": "482015553031", "jobs_transit_45": null}}, {"type": "Feature", "geometry": {"type": "Polygon", "coordinates": [[[-95.4127, 29.91508], [-95.41246, 29.89965], [-95.41023, 29.89834], [-95.41022, 29.8974], [-95.4096, 29.89698], [-95.40622, 29.8961], [-95.40569, 29.89628], [-95.40213, 29.89575], [-95.40117, 29.89538], [-95.39689, 29.89286], [-95.39723, 29.89352], [-95.40505, 29.91539], [-95.40681, 29.91522], [-95.4127, 29.91508]]]}, "properties": {"geoid": "482012224012", "jobs_transit_45": 276476}}, {"type": "Feature", "geometry": {"type": "Polygon", "coordinates": [[[-95.33099, 29.79398], [-95.33095, 29.79191], [-95.32765, 29.79193], [-95.32748, 29.79076], [-95.32715, 29.78288], [-95.32631, 29.78326], [-95.32588, 29.78331], [-95.32432, 29.78413], [-95.31593, 29.78762], [-95.31595, 29.78793], [-95.32395, 29.78767], [-95.324, 29.79396], [-95.32504, 29.79366], [-95.32579, 29.79353], [-95.33099, 29.79398]]]}, "properties": {"geoid": "482012111003", "jobs_transit_45": 511113}}, {"type": "Feature", "geometry": {"type": "Polygon", "coordinates": [[[-95.33094, 29.79138], [-95.3311, 29.79085], [-95.33104, 29.78492], [-95.33057, 29.78493], [-95.32732, 29.78633], [-95.32765, 29.79193], [-95.33095, 29.79191], [-95.33094, 29.79138]]]}, "properties": {"geoid": "482012111004", "jobs_transit_45": 460901}}, {"type": "Feature", "geometry": {"type": "Polygon", "coordinates": [[[-95.10411, 29.84539], [-95.10638, 29.84418], [-95.10296, 29.83864], [-95.09994, 29.83623], [-95.09191, 29.83158], [-95.08563, 29.8299], [-95.07708, 29.82961], [-95.06954, 29.83172], [-95.06478, 29.83277], [-95.06308, 29.8319], [-95.062, 29.83091], [-95.05972, 29.83245], [-95.05759, 29.83282], [-95.05827, 29.84855], [-95.05885, 29.85391], [-95.05978, 29.86172], [-95.06349, 29.87341], [-95.06317, 29.87993], [-95.04758, 29.88005], [-95.04688, 29.87995], [-95.03575, 29.87665], [-95.03585, 29.8884], [-95.04115, 29.88862], [-95.05227, 29.88892], [-95.06165, 29.88873], [-95.06339, 29.88572], [-95.06645, 29.88382], [-95.09424, 29.8762], [-95.09456, 29.87409], [-95.09362, 29.86963], [-95.09397, 29.86094], [-95.09293, 29.85926], [-95.09101, 29.85501], [-95.08928, 29.8515], [-95.08957, 29.8502], [-95.09217, 29.84669], [-95.09689, 29.84568], [-95.10099, 29.84311], [-95.1031, 29.84484], [-95.10411, 29.84539]]]}, "properties": {"geoid": "482012528001", "jobs_transit_45": null}}, {"type": "Feature", "geometry": {"type": "Polygon", "coordinates": [[[-95.24016, 29.73463], [-95.24014, 29.73244], [-95.23276, 29.73248], [-95.23283, 29.73469], [-95.24016, 29.73463]]]}, "properties": {"geoid": "482012337022", "jobs_transit_45": null}}, {"type": "Feature", "geometry": {"type": "Polygon", "coordinates": [[[-95.4037, 29.91568], [-95.40449, 29.91535], [-95.39285, 29.91564], [-95.391, 29.91574], [-95.39076, 29.91674], [-95.39098, 29.93192], [-95.40009, 29.9318], [-95.39988, 29.92908], [-95.39805, 29.92712], [-95.39788, 29.92599], [-95.3977, 29.92595], [-95.39394, 29.92202], [-95.39353, 29.91933], [-95.4037, 29.91568]]]}, "properties": {"geoid": "482012225022", "jobs_transit_45": null}}, {"type": "Feature", "geometry": {"type": "Polygon", "coordinates": [[[-95.70347, 29.82197], [-95.70625, 29.82202], [-95.70838, 29.82259], [-95.71248, 29.81691], [-95.7126, 29.81501], [-95.70365, 29.81505], [-95.70341, 29.81568], [-95.70347, 29.82197]]]}, "properties": {"geoid": "482015420004", "jobs_transit_45": null}}, {"type": "Feature", "geometry": {"type": "Polygon", "coordinates": [[[-95.1606, 29.6396], [-95.17031, 29.63059], [-95.14274, 29.63123], [-95.14337, 29.64188], [-95.14359, 29.65036], [-95.15044, 29.65026], [-95.15613, 29.64986], [-95.15644, 29.64791], [-95.15839, 29.6424], [-95.15986, 29.64036], [-95.1606, 29.6396]]]}, "properties": {"geoid": "482013420021", "jobs_transit_45": null}}, {"type": "Feature", "geometry": {"type": "Polygon", "coordinates": [[[-95.12423, 29.60513], [-95.12203, 29.60107], [-95.12049, 29.60161], [-95.11608, 29.603], [-95.11569, 29.60519], [-95.11143, 29.60332], [-95.10983, 29.59656], [-95.10714, 29.59717], [-95.10759, 29.59963], [-95.10812, 29.60779], [-95.11594, 29.60743], [-95.12423, 29.60513]]]}, "properties": {"geoid": "482013403022", "jobs_transit_45": null}}, {"type": "Feature", "geometry": {"type": "Polygon", "coordinates": [[[-95.08425, 29.61312], [-95.0869, 29.60339], [-95.09002, 29.59878], [-95.09225, 29.59777], [-95.09081, 29.59611], [-95.08966, 29.59315], [-95.08544, 29.5923], [-95.08405, 29.59375], [-95.08084, 29.59191], [-95.07988, 29.59217], [-95.08224, 29.58932], [-95.08265, 29.58856], [-95.0825, 29.5876], [-95.08085, 29.58756], [-95.0798, 29.58707], [-95.07667, 29.58739], [-95.0731, 29.58526], [-95.07038, 29.5817], [-95.06747, 29.58132], [-95.06718, 29.58094], [-95.07, 29.5777], [-95.07148, 29.57654], [-95.07189, 29.56307], [-95.07131, 29.56368], [-95.06516, 29.56615], [-95.06566, 29.56909], [-95.06278, 29.56996], [-95.06316, 29.57417], [-95.06568, 29.57359], [-95.0665, 29.57804], [-95.05878, 29.58238], [-95.05791, 29.58456], [-95.05805, 29.582], [-95.05123, 29.58586], [-95.04571, 29.58996], [-95.04556, 29.59098], [-95.04392, 29.59124], [-95.04231, 29.59134], [-95.04472, 29.59283], [-95.04492, 29.59452], [-95.0428, 29.59906], [-95.04389, 29.60187], [-95.04146, 29.60424], [-95.04338, 29.60462], [-95.04396, 29.6048], [-95.04468, 29.60515], [-95.04861, 29.6111], [-95.06984, 29.60224], [-95.08425, 29.61312]]]}, "properties": {"geoid": "482013414002", "jobs_transit_45": null}}, {"type": "Feature", "geometry": {"type": "Polygon", "coordinates": [[[-95.07923, 29.67477], [-95.079, 29.67318], [-95.07907, 29.67228], [-95.07841, 29.66447], [-95.04639, 29.66501], [-95.04657, 29.67537], [-95.07923, 29.67477]]]}, "properties": {"geoid": "482013433021", "jobs_transit_45": null}}, {"type": "Feature", "geometry": {"type": "Polygon", "coordinates": [[[-95.21917, 29.97233], [-95.21922, 29.97127], [-95.21867, 29.97102], [-95.21853, 29.95115], [-95.21699, 29.95198], [-95.21465, 29.95593], [-95.21139, 29.95669], [-95.21062, 29.96012], [-95.20669, 29.9621], [-95.20547, 29.96452], [-95.20293, 29.96537], [-95.2025, 29.96791], [-95.19979, 29.9709], [-95.19635, 29.97686], [-95.19585, 29.97917], [-95.19734, 29.97899], [-95.20613, 29.97781], [-95.21235, 29.97784], [-95.21152, 29.97031], [-95.21435, 29.96951], [-95.21688, 29.96805], [-95.21917, 29.97233]]]}, "properties": {"geoid": "482012503021", "jobs_transit_45": null}}, {"type": "Feature", "geometry": {"type": "Polygon", "coordinates": [[[-95.24724, 29.62722], [-95.24685, 29.61985], [-95.2454, 29.6179], [-95.24265, 29.61878], [-95.24022, 29.62271], [-95.23827, 29.62297], [-95.23853, 29.62759], [-95.24724, 29.62722]]]}, "properties": {"geoid": "482013339023", "jobs_transit_45": 22480}}, {"type": "Feature", "geometry": {"type": "Polygon", "coordinates": [[[-95.22798, 29.77212], [-95.22716, 29.76917], [-95.22374, 29.76739], [-95.22408, 29.76671], [-95.22389, 29.76626], [-95.22414, 29.76555], [-95.22396, 29.76035], [-95.21934, 29.76128], [-95.21976, 29.76002], [-95.21908, 29.75972], [-95.21774, 29.75965], [-95.21308, 29.75979], [-95.21367, 29.77074], [-95.22048, 29.77051], [-95.22798, 29.77212]]]}, "properties": {"geoid": "482012333002", "jobs_transit_45": null}}, {"type": "Feature", "geometry": {"type": "Polygon", "coordinates": [[[-95.21367, 29.77074], [-95.21308, 29.75979], [-95.21133, 29.75769], [-95.20377, 29.76419], [-95.20369, 29.76478], [-95.20391, 29.77152], [-95.20795, 29.77132], [-95.21367, 29.77074]]]}, "properties": {"geoid": "482012333003", "jobs_transit_45": 204895}}, {"type": "Feature", "geometry": {"type": "Polygon", "coordinates": [[[-95.6976, 30.04397], [-95.69737, 30.0246], [-95.68526, 30.02466], [-95.6827, 30.02426], [-95.66404, 30.02449], [-95.66191, 30.0251], [-95.65317, 30.02514], [-95.64451, 30.01863], [-95.64237, 30.01843], [-95.64237, 30.01192], [-95.64142, 30.00671], [-95.63561, 30.00429], [-95.63318, 30.00568], [-95.6271, 30.0058], [-95.61826, 30.01191], [-95.61113, 30.01289], [-95.59003, 30.0131], [-95.59395, 30.01917], [-95.59908, 30.02759], [-95.60221, 30.03341], [-95.60489, 30.03168], [-95.60587, 30.03053], [-95.61037, 30.02724], [-95.61714, 30.02709], [-95.61713, 30.02572], [-95.62267, 30.02558], [-95.62551, 30.02318], [-95.62588, 30.01637], [-95.62758, 30.01706], [-95.63139, 30.01899], [-95.64, 30.01995], [-95.64234, 30.02138], [-95.64108, 30.02236], [-95.64098, 30.03671], [-95.63695, 30.03681], [-95.63695, 30.03935], [-95.63362, 30.03942], [-95.6337, 30.04177], [-95.63036, 30.04183], [-95.63049, 30.04587], [-95.62049, 30.04608], [-95.62049, 30.05415], [-95.61623, 30.0542], [-95.61764, 30.0583], [-95.62064, 30.06313], [-95.62229, 30.06384], [-95.62502, 30.0638], [-95.62515, 30.06342], [-95.62601, 30.06283], [-95.62702, 30.06238], [-95.63041, 30.06016], [-95.63488, 30.05896], [-95.6374, 30.05787], [-95.64316, 30.05318], [-95.64769, 30.05319], [-95.67468, 30.04713], [-95.69029, 30.04644], [-95.6976, 30.04397]]]}, "properties": {"geoid": "482015555022", "jobs_transit_45": null}}, {"type": "Feature", "geometry": {"type": "Polygon", "coordinates": [[[-95.30997, 29.84837], [-95.30987, 29.84166], [-95.30968, 29.84068], [-95.30211, 29.84075], [-95.30206, 29.83902], [-95.29358, 29.84733], [-95.29208, 29.8487], [-95.29558, 29.84855], [-95.30997, 29.84837]]]}, "properties": {"geoid": "482012306001", "jobs_transit_45": 124240}}, {"type": "Feature", "geometry": {"type": "Polygon", "coordinates": [[[-95.34035, 29.77461], [-95.34053, 29.77122], [-95.34089, 29.77009], [-95.34117, 29.76965], [-95.33572, 29.76932], [-95.33384, 29.77128], [-95.33395, 29.77593], [-95.33575, 29.7759], [-95.34035, 29.77461]]]}, "properties": {"geoid": "482012113002", "jobs_transit_45": 260666}}, {"type": "Feature", "geometry": {"type": "Polygon", "coordinates": [[[-95.01461, 29.70524], [-95.01715, 29.70322], [-95.01213, 29.7013], [-95.00347, 29.70012], [-94.99936, 29.69866], [-94.99661, 29.69664], [-94.98996, 29.69186], [-94.98171, 29.68194], [-94.97885, 29.67674], [-94.96914, 29.68208], [-94.96971, 29.6828], [-94.9326, 29.67512], [-94.93027, 29.6737], [-94.92843, 29.67984], [-94.92044, 29.68581], [-94.91968, 29.68846], [-94.92186, 29.69232], [-94.92085, 29.69409], [-94.91629, 29.69616], [-94.91559, 29.69819], [-94.92018, 29.69961], [-94.92387, 29.69917], [-94.92537, 29.69681], [-94.92992, 29.69738], [-94.93029, 29.6992], [-94.9265, 29.70092], [-94.92528, 29.70369], [-94.93297, 29.70521], [-94.93457, 29.71042], [-94.93257, 29.71435], [-94.935, 29.71517], [-94.9415, 29.71323], [-94.94541, 29.71624], [-94.94523, 29.71831], [-94.94235, 29.72093], [-94.94148, 29.72468], [-94.93919, 29.72685], [-94.94222, 29.72782], [-94.95742, 29.73228], [-94.9596, 29.72733], [-94.96001, 29.72617], [-94.96005, 29.72498], [-94.96029, 29.72386], [-94.96101, 29.72243], [-94.96163, 29.72181], [-94.96231, 29.72134], [-94.96335, 29.72087], [-94.98084, 29.71461], [-94.98289, 29.70965], [-94.98904, 29.70852], [-94.9926, 29.70943], [-94.99515, 29.70833], [-94.9991, 29.70933], [-95.00062, 29.71037], [-95.00128, 29.71096], [-95.0014, 29.71117], [-95.00414, 29.71178], [-95.00964, 29.70874], [-95.01461, 29.70524]]]}, "properties": {"geoid": "482012547001", "jobs_transit_45": null}}, {"type": "Feature", "geometry": {"type": "Polygon", "coordinates": [[[-95.35814, 29.73043], [-95.35578, 29.72971], [-95.3534, 29.72885], [-95.35028, 29.73674], [-95.35092, 29.73797], [-95.35173, 29.73847], [-95.35814, 29.73043]]]}, "properties": {"geoid": "482013122003", "jobs_transit_45": 316058}}, {"type": "Feature", "geometry": {"type": "Polygon", "coordinates": [[[-95.35795, 29.694], [-95.36126, 29.68573], [-95.35575, 29.68405], [-95.35098, 29.6959], [-95.35627, 29.69751], [-95.35795, 29.694]]]}, "properties": {"geoid": "482013136003", "jobs_transit_45": 182291}}, {"type": "Feature", "geometry": {"type": "Polygon", "coordinates": [[[-95.2147, 29.65036], [-95.21412, 29.64895], [-95.21748, 29.64773], [-95.21513, 29.6452], [-95.21727, 29.64365], [-95.21103, 29.63699], [-95.20919, 29.63837], [-95.20863, 29.63907], [-95.20807, 29.64008], [-95.20774, 29.64191], [-95.20798, 29.65099], [-95.21256, 29.65086], [-95.21366, 29.65069], [-95.2147, 29.65036]]]}, "properties": {"geoid": "482013213003", "jobs_transit_45": null}}, {"type": "Feature", "geometry": {"type": "Polygon", "coordinates": [[[-95.33586, 29.78872], [-95.33587, 29.78843], [-95.33584, 29.78283], [-95.331, 29.78289], [-95.33109, 29.78967], [-95.33379, 29.78965], [-95.33586, 29.78872]]]}, "properties": {"geoid": "482012111006", "jobs_transit_45": 460897}}, {"type": "Feature", "geometry": {"type": "Polygon", "coordinates": [[[-95.3241, 29.80017], [-95.324, 29.79323], [-95.32206, 29.79328], [-95.32116, 29.79039], [-95.3161, 29.79175], [-95.31617, 29.79368], [-95.31698, 29.80026], [-95.3241, 29.80017]]]}, "properties": {"geoid": "482012112002", "jobs_transit_45": 448621}}, {"type": "Feature", "geometry": {"type": "Polygon", "coordinates": [[[-95.324, 29.79323], [-95.32395, 29.78767], [-95.31595, 29.78793], [-95.3161, 29.79175], [-95.32116, 29.79039], [-95.32206, 29.79328], [-95.324, 29.79323]]]}, "properties": {"geoid": "482012112003", "jobs_transit_45": 511126}}, {"type": "Feature", "geometry": {"type": "Polygon", "coordinates": [[[-95.33384, 29.77128], [-95.33572, 29.76932], [-95.32642, 29.77291], [-95.32642, 29.77616], [-95.33395, 29.77593], [-95.33384, 29.77128]]]}, "properties": {"geoid": "482012113001", "jobs_transit_45": 209226}}, {"type": "Feature", "geometry": {"type": "Polygon", "coordinates": [[[-95.32662, 29.77827], [-95.32648, 29.77687], [-95.32108, 29.77698], [-95.32111, 29.78039], [-95.31591, 29.78029], [-95.31593, 29.78762], [-95.32492, 29.78387], [-95.32485, 29.77836], [-95.32662, 29.77827]]]}, "properties": {"geoid": "482012113005", "jobs_transit_45": 227462}}, {"type": "Feature", "geometry": {"type": "Polygon", "coordinates": [[[-95.32648, 29.77687], [-95.32642, 29.77291], [-95.32294, 29.77416], [-95.31518, 29.77442], [-95.31588, 29.77835], [-95.31591, 29.78029], [-95.32111, 29.78039], [-95.32108, 29.77698], [-95.32648, 29.77687]]]}, "properties": {"geoid": "482012113003", "jobs_transit_45": 210605}}, {"type": "Feature", "geometry": {"type": "Polygon", "coordinates": [[[-95.32642, 29.77291], [-95.32643, 29.76995], [-95.32115, 29.77084], [-95.31897, 29.76984], [-95.31542, 29.76982], [-95.31542, 29.77163], [-95.31518, 29.77442], [-95.32294, 29.77416], [-95.32642, 29.77291]]]}, "properties": {"geoid": "482012114001", "jobs_transit_45": 225580}}, {"type": "Feature", "geometry": {"type": "Polygon", "coordinates": [[[-95.17893, 29.51788], [-95.17361, 29.51682], [-95.17433, 29.51518], [-95.16944, 29.51464], [-95.16739, 29.5119], [-95.17131, 29.50946], [-95.17057, 29.50703], [-95.16781, 29.50614], [-95.16644, 29.50211], [-95.16293, 29.50135], [-95.16393, 29.49806], [-95.162, 29.49735], [-95.15624, 29.49838], [-95.15151, 29.50039], [-95.14889, 29.49871], [-95.1475, 29.50153], [-95.14495, 29.50264], [-95.14103, 29.50649], [-95.1339, 29.50643], [-95.12937, 29.50523], [-95.12815, 29.50891], [-95.12146, 29.51019], [-95.11944, 29.50733], [-95.11715, 29.50804], [-95.12762, 29.52523], [-95.13477, 29.53282], [-95.14183, 29.54042], [-95.14449, 29.53917], [-95.15472, 29.53749], [-95.15731, 29.53615], [-95.15962, 29.53403], [-95.15772, 29.53244], [-95.15987, 29.53039], [-95.15878, 29.52704], [-95.15415, 29.52316], [-95.16187, 29.52236], [-95.17343, 29.52113], [-95.17893, 29.51788]]]}, "properties": {"geoid": "482013508021", "jobs_transit_45": null}}, {"type": "Feature", "geometry": {"type": "Polygon", "coordinates": [[[-95.32772, 29.76153], [-95.32887, 29.75984], [-95.32549, 29.75983], [-95.32005, 29.75612], [-95.31896, 29.75768], [-95.31549, 29.76363], [-95.31542, 29.76982], [-95.31897, 29.76984], [-95.32115, 29.77084], [-95.32643, 29.76995], [-95.3275, 29.76635], [-95.32772, 29.76153]]]}, "properties": {"geoid": "482012114002", "jobs_transit_45": 523754}}, {"type": "Feature", "geometry": {"type": "Polygon", "coordinates": [[[-95.23655, 29.88265], [-95.236, 29.87931], [-95.23822, 29.87768], [-95.23866, 29.87448], [-95.23731, 29.86991], [-95.23666, 29.8691], [-95.23068, 29.86212], [-95.23105, 29.86082], [-95.23169, 29.85976], [-95.23103, 29.85839], [-95.22857, 29.85721], [-95.22849, 29.84988], [-95.21793, 29.84959], [-95.21417, 29.85011], [-95.21426, 29.85157], [-95.21392, 29.85416], [-95.20936, 29.86436], [-95.20832, 29.86946], [-95.20849, 29.88301], [-95.23333, 29.88275], [-95.23676, 29.8831], [-95.23655, 29.88265]]]}, "properties": {"geoid": "482012323012", "jobs_transit_45": null}}, {"type": "Feature", "geometry": {"type": "Polygon", "coordinates": [[[-95.38448, 29.73225], [-95.37443, 29.72626], [-95.3726, 29.72862], [-95.37135, 29.73232], [-95.37121, 29.73265], [-95.37252, 29.73346], [-95.37346, 29.73317], [-95.38448, 29.73225]]]}, "properties": {"geoid": "482013126003", "jobs_transit_45": 442018}}, {"type": "Feature", "geometry": {"type": "Polygon", "coordinates": [[[-95.58749, 29.68456], [-95.58738, 29.67928], [-95.58523, 29.67937], [-95.58327, 29.68007], [-95.57994, 29.68021], [-95.57803, 29.68069], [-95.57833, 29.68439], [-95.58749, 29.68456]]]}, "properties": {"geoid": "482014536024", "jobs_transit_45": 75691}}, {"type": "Feature", "geometry": {"type": "Polygon", "coordinates": [[[-95.19316, 29.55952], [-95.19364, 29.55753], [-95.19773, 29.5572], [-95.19993, 29.55239], [-95.19725, 29.54919], [-95.19947, 29.54464], [-95.19724, 29.542], [-95.1963, 29.54361], [-95.1949, 29.54491], [-95.19249, 29.54613], [-95.18733, 29.55066], [-95.18131, 29.54569], [-95.17413, 29.55225], [-95.16776, 29.54696], [-95.16533, 29.54411], [-95.1709, 29.54061], [-95.16948, 29.53886], [-95.1614, 29.53235], [-95.15731, 29.53615], [-95.15472, 29.53749], [-95.14449, 29.53917], [-95.14183, 29.54042], [-95.16229, 29.56185], [-95.18094, 29.58347], [-95.18441, 29.58663], [-95.18726, 29.58406], [-95.18347, 29.58043], [-95.18164, 29.57625], [-95.18124, 29.57457], [-95.18313, 29.57323], [-95.18339, 29.57321], [-95.18388, 29.57334], [-95.18498, 29.57298], [-95.18533, 29.57251], [-95.18569, 29.5723], [-95.18742, 29.56408], [-95.18844, 29.56335], [-95.19316, 29.55952]]]}, "properties": {"geoid": "482013506011", "jobs_transit_45": 5394}}, {"type": "Feature", "geometry": {"type": "Polygon", "coordinates": [[[-95.39999, 29.68528], [-95.39995, 29.68228], [-95.39558, 29.68235], [-95.39553, 29.68532], [-95.39999, 29.68528]]]}, "properties": {"geoid": "482013140024", "jobs_transit_45": 286540}}, {"type": "Feature", "geometry": {"type": "Polygon", "coordinates": [[[-95.31048, 29.79602], [-95.31039, 29.78999], [-95.29694, 29.79566], [-95.28875, 29.7993], [-95.28015, 29.80248], [-95.28241, 29.80387], [-95.2935, 29.80421], [-95.29459, 29.80427], [-95.29637, 29.80466], [-95.30189, 29.80743], [-95.30185, 29.80037], [-95.31047, 29.80032], [-95.31048, 29.79602]]]}, "properties": {"geoid": "482012117002", "jobs_transit_45": 170818}}, {"type": "Feature", "geometry": {"type": "Polygon", "coordinates": [[[-95.23757, 29.77388], [-95.2375, 29.77368], [-95.24047, 29.77347], [-95.24037, 29.76761], [-95.24363, 29.7673], [-95.22567, 29.76756], [-95.22493, 29.76746], [-95.2239, 29.76707], [-95.22374, 29.76739], [-95.22716, 29.76917], [-95.22798, 29.77212], [-95.23616, 29.77386], [-95.23757, 29.77388]]]}, "properties": {"geoid": "482012334001", "jobs_transit_45": 204661}}, {"type": "Feature", "geometry": {"type": "Polygon", "coordinates": [[[-95.26408, 29.77573], [-95.26555, 29.76828], [-95.25606, 29.76818], [-95.25608, 29.76793], [-95.25115, 29.76723], [-95.24363, 29.7673], [-95.24037, 29.76761], [-95.24047, 29.77347], [-95.2375, 29.77368], [-95.23757, 29.77388], [-95.24756, 29.77376], [-95.25215, 29.77384], [-95.26408, 29.77573]]]}, "properties": {"geoid": "482012334002", "jobs_transit_45": 204981}}, {"type": "Feature", "geometry": {"type": "Polygon", "coordinates": [[[-95.26493, 29.74344], [-95.26543, 29.73825], [-95.26307, 29.73677], [-95.25779, 29.73321], [-95.25739, 29.73371], [-95.25728, 29.73428], [-95.25754, 29.74368], [-95.26493, 29.74344]]]}, "properties": {"geoid": "482012336002", "jobs_transit_45": 33206}}, {"type": "Feature", "geometry": {"type": "Polygon", "coordinates": [[[-95.22788, 29.6098], [-95.22836, 29.60483], [-95.22567, 29.60491], [-95.22315, 29.60683], [-95.22505, 29.60842], [-95.22199, 29.61046], [-95.22303, 29.61219], [-95.22439, 29.61174], [-95.22648, 29.61144], [-95.22783, 29.61143], [-95.22788, 29.6098]]]}, "properties": {"geoid": "482013340032", "jobs_transit_45": 22760}}, {"type": "Feature", "geometry": {"type": "Polygon", "coordinates": [[[-95.39228, 29.75747], [-95.39214, 29.75253], [-95.38574, 29.75263], [-95.38572, 29.75762], [-95.39228, 29.75747]]]}, "properties": {"geoid": "482014102003", "jobs_transit_45": 560162}}, {"type": "Feature", "geometry": {"type": "Polygon", "coordinates": [[[-95.3043, 29.76738], [-95.30434, 29.76164], [-95.30432, 29.76016], [-95.30014, 29.75795], [-95.29887, 29.75977], [-95.30048, 29.76045], [-95.29763, 29.76266], [-95.2977, 29.76699], [-95.2961, 29.76703], [-95.29622, 29.77253], [-95.29782, 29.77285], [-95.30325, 29.77286], [-95.30327, 29.76738], [-95.3043, 29.76738]]]}, "properties": {"geoid": "482012115003", "jobs_transit_45": 182279}}, {"type": "Feature", "geometry": {"type": "Polygon", "coordinates": [[[-95.41276, 29.91734], [-95.4127, 29.91508], [-95.40681, 29.91522], [-95.4037, 29.91568], [-95.39353, 29.91933], [-95.39394, 29.92202], [-95.39481, 29.92292], [-95.3989, 29.92151], [-95.40054, 29.92407], [-95.40214, 29.92131], [-95.40676, 29.91993], [-95.40756, 29.92216], [-95.41195, 29.92172], [-95.41176, 29.92465], [-95.41232, 29.92468], [-95.41276, 29.91734]]]}, "properties": {"geoid": "482012225031", "jobs_transit_45": 152135}}, {"type": "Feature", "geometry": {"type": "Polygon", "coordinates": [[[-95.19781, 29.83826], [-95.19923, 29.83672], [-95.1992, 29.83209], [-95.19205, 29.82975], [-95.19094, 29.82965], [-95.19099, 29.83676], [-95.18763, 29.83639], [-95.1875, 29.83868], [-95.1829, 29.8407], [-95.18432, 29.84227], [-95.18517, 29.84371], [-95.19781, 29.83826]]]}, "properties": {"geoid": "482012324013", "jobs_transit_45": null}}, {"type": "Feature", "geometry": {"type": "Polygon", "coordinates": [[[-95.20759, 29.83403], [-95.20715, 29.83398], [-95.20669, 29.82721], [-95.19914, 29.82726], [-95.19923, 29.83672], [-95.19781, 29.83826], [-95.20759, 29.83403]]]}, "properties": {"geoid": "482012324014", "jobs_transit_45": null}}, {"type": "Feature", "geometry": {"type": "Polygon", "coordinates": [[[-95.50116, 29.70607], [-95.50116, 29.7054], [-95.49724, 29.70542], [-95.4972, 29.70599], [-95.4968, 29.70722], [-95.49696, 29.71146], [-95.5001, 29.71111], [-95.50116, 29.70607]]]}, "properties": {"geoid": "482014213003", "jobs_transit_45": 270380}}, {"type": "Feature", "geometry": {"type": "Polygon", "coordinates": [[[-95.1446, 29.57365], [-95.14153, 29.57049], [-95.14153, 29.56928], [-95.14015, 29.56914], [-95.13673, 29.56804], [-95.1359, 29.56845], [-95.1353, 29.5693], [-95.13453, 29.57006], [-95.14056, 29.57652], [-95.1446, 29.57365]]]}, "properties": {"geoid": "482013407004", "jobs_transit_45": null}}, {"type": "Feature", "geometry": {"type": "Polygon", "coordinates": [[[-95.08677, 29.65996], [-95.0867, 29.65612], [-95.08643, 29.65142], [-95.08372, 29.65171], [-95.07573, 29.65182], [-95.07577, 29.65713], [-95.07653, 29.65923], [-95.07676, 29.65776], [-95.08432, 29.65619], [-95.08438, 29.65922], [-95.08677, 29.65996]]]}, "properties": {"geoid": "482013431001", "jobs_transit_45": null}}, {"type": "Feature", "geometry": {"type": "Polygon", "coordinates": [[[-95.20253, 29.59522], [-95.20258, 29.59516], [-95.20233, 29.59508], [-95.19983, 29.59437], [-95.19367, 29.59249], [-95.19241, 29.59127], [-95.19133, 29.5922], [-95.19068, 29.59208], [-95.19312, 29.59425], [-95.19782, 29.59889], [-95.20253, 29.59522]]]}, "properties": {"geoid": "482013505002", "jobs_transit_45": null}}, {"type": "Feature", "geometry": {"type": "Polygon", "coordinates": [[[-95.29622, 29.77253], [-95.2961, 29.76703], [-95.2977, 29.76699], [-95.29763, 29.76266], [-95.30048, 29.76045], [-95.29887, 29.75977], [-95.29831, 29.76061], [-95.29778, 29.76167], [-95.28993, 29.77286], [-95.29133, 29.7729], [-95.29622, 29.77253]]]}, "properties": {"geoid": "482012115004", "jobs_transit_45": 139082}}, {"type": "Feature", "geometry": {"type": "Polygon", "coordinates": [[[-95.30741, 29.77436], [-95.30742, 29.77389], [-95.30427, 29.77287], [-95.29782, 29.77285], [-95.29622, 29.77253], [-95.29133, 29.7729], [-95.29001, 29.77286], [-95.28392, 29.77219], [-95.28404, 29.77812], [-95.28992, 29.77804], [-95.29222, 29.7777], [-95.29328, 29.77736], [-95.29885, 29.77506], [-95.30063, 29.77453], [-95.30246, 29.77434], [-95.30741, 29.77436]]]}, "properties": {"geoid": "482012115005", "jobs_transit_45": 140829}}, {"type": "Feature", "geometry": {"type": "Polygon", "coordinates": [[[-95.29831, 29.76061], [-95.2998, 29.75849], [-95.30014, 29.75795], [-95.29854, 29.75711], [-95.29682, 29.75677], [-95.29412, 29.75714], [-95.2934, 29.75715], [-95.29127, 29.7552], [-95.2835, 29.7501], [-95.28392, 29.77219], [-95.28993, 29.77286], [-95.29778, 29.76167], [-95.29831, 29.76061]]]}, "properties": {"geoid": "482012115001", "jobs_transit_45": 173058}}, {"type": "Feature", "geometry": {"type": "Polygon", "coordinates": [[[-95.31592, 29.78677], [-95.31587, 29.78468], [-95.31594, 29.78318], [-95.31593, 29.7822], [-95.31505, 29.78221], [-95.31504, 29.78192], [-95.30739, 29.78196], [-95.30737, 29.78746], [-95.31592, 29.78677]]]}, "properties": {"geoid": "482012116001", "jobs_transit_45": 74187}}, {"type": "Feature", "geometry": {"type": "Polygon", "coordinates": [[[-95.31593, 29.7822], [-95.31588, 29.77835], [-95.31518, 29.77442], [-95.30741, 29.77436], [-95.30739, 29.78196], [-95.31504, 29.78192], [-95.31505, 29.78221], [-95.31593, 29.7822]]]}, "properties": {"geoid": "482012116002", "jobs_transit_45": 253742}}, {"type": "Feature", "geometry": {"type": "Polygon", "coordinates": [[[-95.31722, 29.80926], [-95.31698, 29.80026], [-95.30185, 29.80037], [-95.30189, 29.80743], [-95.30813, 29.80943], [-95.31722, 29.80926]]]}, "properties": {"geoid": "482012117001", "jobs_transit_45": 412951}}, {"type": "Feature", "geometry": {"type": "Polygon", "coordinates": [[[-95.31698, 29.80026], [-95.31617, 29.79368], [-95.31593, 29.78762], [-95.31039, 29.78999], [-95.31048, 29.79602], [-95.31047, 29.80032], [-95.31698, 29.80026]]]}, "properties": {"geoid": "482012117003", "jobs_transit_45": 483057}}, {"type": "Feature", "geometry": {"type": "Polygon", "coordinates": [[[-95.30739, 29.78196], [-95.30739, 29.78014], [-95.30118, 29.78015], [-95.30117, 29.78152], [-95.30322, 29.78153], [-95.3032, 29.78751], [-95.30737, 29.78746], [-95.30739, 29.78196]]]}, "properties": {"geoid": "482012119001", "jobs_transit_45": 72428}}, {"type": "Feature", "geometry": {"type": "Polygon", "coordinates": [[[-95.64504, 29.99595], [-95.64275, 29.99414], [-95.63847, 29.99313], [-95.63448, 29.99362], [-95.63338, 29.99343], [-95.63101, 29.99244], [-95.62951, 29.99213], [-95.62663, 29.99254], [-95.63038, 29.99558], [-95.62759, 29.99817], [-95.63422, 30.00368], [-95.63561, 30.00429], [-95.64504, 29.99595]]]}, "properties": {"geoid": "482015545023", "jobs_transit_45": null}}, {"type": "Feature", "geometry": {"type": "Polygon", "coordinates": [[[-95.62325, 30.06684], [-95.62275, 30.06638], [-95.62204, 30.06544], [-95.62064, 30.06313], [-95.61764, 30.0583], [-95.61623, 30.0542], [-95.61595, 30.0542], [-95.6148, 30.05111], [-95.61104, 30.04568], [-95.60389, 30.03648], [-95.60101, 30.03127], [-95.59908, 30.02759], [-95.59395, 30.01917], [-95.59003, 30.0131], [-95.58863, 30.01322], [-95.58584, 30.01436], [-95.5848, 30.01458], [-95.57793, 30.01542], [-95.57678, 30.01615], [-95.57063, 30.02278], [-95.59671, 30.06856], [-95.60546, 30.06703], [-95.62325, 30.06684]]]}, "properties": {"geoid": "482015548011", "jobs_transit_45": null}}, {"type": "Feature", "geometry": {"type": "Polygon", "coordinates": [[[-95.50673, 29.83285], [-95.50665, 29.82937], [-95.50293, 29.82937], [-95.50288, 29.82558], [-95.49557, 29.8256], [-95.49401, 29.82543], [-95.49369, 29.82577], [-95.50473, 29.83367], [-95.50627, 29.83298], [-95.50673, 29.83285]]]}, "properties": {"geoid": "482015214002", "jobs_transit_45": 62612}}, {"type": "Feature", "geometry": {"type": "Polygon", "coordinates": [[[-95.50921, 29.8234], [-95.50963, 29.82115], [-95.50125, 29.82086], [-95.49913, 29.82004], [-95.49753, 29.82165], [-95.49401, 29.82543], [-95.49557, 29.8256], [-95.50288, 29.82558], [-95.50283, 29.82456], [-95.5022, 29.82353], [-95.5092, 29.8239], [-95.50921, 29.8234]]]}, "properties": {"geoid": "482015214003", "jobs_transit_45": 298679}}, {"type": "Feature", "geometry": {"type": "Polygon", "coordinates": [[[-95.50628, 29.78475], [-95.50628, 29.78271], [-95.5063, 29.78235], [-95.50584, 29.78143], [-95.50578, 29.77763], [-95.50258, 29.77769], [-95.4996, 29.77752], [-95.4997, 29.77156], [-95.49882, 29.77009], [-95.49868, 29.7675], [-95.49854, 29.76727], [-95.49667, 29.76971], [-95.49322, 29.77153], [-95.48861, 29.77681], [-95.48827, 29.77709], [-95.48826, 29.78434], [-95.49442, 29.78432], [-95.50129, 29.78466], [-95.50628, 29.78475]]]}, "properties": {"geoid": "482014303003", "jobs_transit_45": 97546}}, {"type": "Feature", "geometry": {"type": "Polygon", "coordinates": [[[-95.49569, 29.89969], [-95.4956, 29.89358], [-95.4947, 29.8914], [-95.49442, 29.88933], [-95.48571, 29.88968], [-95.48569, 29.88807], [-95.48438, 29.89021], [-95.47901, 29.89121], [-95.47969, 29.89233], [-95.48002, 29.89335], [-95.48016, 29.89778], [-95.48044, 29.89976], [-95.49569, 29.89969]]]}, "properties": {"geoid": "482015326003", "jobs_transit_45": 100837}}, {"type": "Feature", "geometry": {"type": "Polygon", "coordinates": [[[-95.48044, 29.89976], [-95.48016, 29.89778], [-95.48002, 29.89335], [-95.47978, 29.89253], [-95.47938, 29.89175], [-95.47867, 29.89081], [-95.47783, 29.89007], [-95.47655, 29.88924], [-95.47574, 29.89018], [-95.47116, 29.89188], [-95.47176, 29.89402], [-95.46799, 29.89431], [-95.46857, 29.89469], [-95.46905, 29.89727], [-95.46859, 29.89908], [-95.4694, 29.89948], [-95.47016, 29.89969], [-95.47085, 29.89972], [-95.48044, 29.89976]]]}, "properties": {"geoid": "482015329003", "jobs_transit_45": 135566}}, {"type": "Feature", "geometry": {"type": "Polygon", "coordinates": [[[-95.56955, 29.68557], [-95.56949, 29.68482], [-95.55846, 29.68467], [-95.55748, 29.68943], [-95.56277, 29.68926], [-95.5641, 29.68651], [-95.56955, 29.68557]]]}, "properties": {"geoid": "482014532003", "jobs_transit_45": 107946}}, {"type": "Feature", "geometry": {"type": "Polygon", "coordinates": [[[-95.54017, 29.79425], [-95.53999, 29.78473], [-95.53179, 29.78475], [-95.53177, 29.78544], [-95.53134, 29.7867], [-95.53201, 29.79179], [-95.53354, 29.79517], [-95.53744, 29.79413], [-95.54017, 29.79425]]]}, "properties": {"geoid": "482015223022", "jobs_transit_45": 687164}}, {"type": "Feature", "geometry": {"type": "Polygon", "coordinates": [[[-95.50697, 29.88553], [-95.50701, 29.87416], [-95.50203, 29.87334], [-95.50153, 29.87337], [-95.50046, 29.87431], [-95.49972, 29.87615], [-95.49849, 29.87664], [-95.49857, 29.87848], [-95.50179, 29.88137], [-95.5019, 29.88414], [-95.5044, 29.88575], [-95.50697, 29.88553]]]}, "properties": {"geoid": "482015325023", "jobs_transit_45": null}}, {"type": "Feature", "geometry": {"type": "Polygon", "coordinates": [[[-95.53039, 29.9982], [-95.53064, 29.99808], [-95.52763, 29.99506], [-95.52667, 29.99399], [-95.52142, 29.99691], [-95.5176, 29.9927], [-95.51581, 29.9937], [-95.51781, 29.99637], [-95.51829, 29.99864], [-95.5096, 30.00343], [-95.51204, 30.0067], [-95.51404, 30.00476], [-95.51981, 30.00589], [-95.52273, 30.0021], [-95.52479, 30.00213], [-95.52997, 29.99964], [-95.53039, 29.9982]]]}, "properties": {"geoid": "482015529001", "jobs_transit_45": null}}, {"type": "Feature", "geometry": {"type": "Polygon", "coordinates": [[[-95.55562, 30.0888], [-95.55561, 30.08865], [-95.55349, 30.08768], [-95.54921, 30.09164], [-95.54547, 30.09361], [-95.53969, 30.09869], [-95.54442, 30.10272], [-95.54501, 30.10312], [-95.54554, 30.10334], [-95.54738, 30.10368], [-95.54737, 30.1034], [-95.54747, 30.10185], [-95.55234, 30.10042], [-95.55289, 30.09976], [-95.55208, 30.09796], [-95.55458, 30.09554], [-95.55344, 30.09136], [-95.5552, 30.0897], [-95.55562, 30.0888]]]}, "properties": {"geoid": "482015549012", "jobs_transit_45": null}}, {"type": "Feature", "geometry": {"type": "Polygon", "coordinates": [[[-95.55463, 30.11433], [-95.55426, 30.11273], [-95.55341, 30.11126], [-95.55053, 30.11378], [-95.54522, 30.11496], [-95.54058, 30.11372], [-95.53922, 30.11623], [-95.53387, 30.11903], [-95.53155, 30.12165], [-95.53015, 30.12531], [-95.53265, 30.12801], [-95.53355, 30.13527], [-95.53451, 30.13295], [-95.53989, 30.1338], [-95.54206, 30.13082], [-95.55104, 30.13031], [-95.55209, 30.13376], [-95.55352, 30.13361], [-95.55359, 30.13078], [-95.55463, 30.11433]]]}, "properties": {"geoid": "482015553021", "jobs_transit_45": null}}, {"type": "Feature", "geometry": {"type": "Polygon", "coordinates": [[[-95.48524, 29.88422], [-95.48504, 29.87886], [-95.4833, 29.8771], [-95.48202, 29.87807], [-95.47699, 29.87411], [-95.47388, 29.87325], [-95.474, 29.87415], [-95.47391, 29.88431], [-95.47827, 29.88484], [-95.48524, 29.88422]]]}, "properties": {"geoid": "482015327001", "jobs_transit_45": 67896}}, {"type": "Feature", "geometry": {"type": "Polygon", "coordinates": [[[-95.46799, 29.89431], [-95.47176, 29.89402], [-95.47116, 29.89188], [-95.46814, 29.89239], [-95.47058, 29.89049], [-95.46938, 29.88334], [-95.46765, 29.8833], [-95.4669, 29.88723], [-95.46775, 29.89172], [-95.46731, 29.89257], [-95.46728, 29.89335], [-95.46751, 29.8938], [-95.46799, 29.89431]]]}, "properties": {"geoid": "482015329001", "jobs_transit_45": 101657}}, {"type": "Feature", "geometry": {"type": "Polygon", "coordinates": [[[-95.48202, 29.87807], [-95.48297, 29.87735], [-95.4833, 29.8771], [-95.48052, 29.87434], [-95.48038, 29.86566], [-95.47566, 29.86577], [-95.4728, 29.86689], [-95.47388, 29.87325], [-95.47699, 29.87411], [-95.48202, 29.87807]]]}, "properties": {"geoid": "482015327003", "jobs_transit_45": 132665}}, {"type": "Feature", "geometry": {"type": "Polygon", "coordinates": [[[-95.49573, 29.91385], [-95.49587, 29.91209], [-95.49569, 29.89969], [-95.48656, 29.89975], [-95.47043, 29.89971], [-95.46952, 29.89953], [-95.46799, 29.89886], [-95.4672, 29.89878], [-95.46474, 29.89874], [-95.47078, 29.90511], [-95.47087, 29.90551], [-95.49385, 29.92], [-95.49576, 29.91613], [-95.49573, 29.91385]]]}, "properties": {"geoid": "482015340011", "jobs_transit_45": 268862}}, {"type": "Feature", "geometry": {"type": "Polygon", "coordinates": [[[-95.49212, 29.92273], [-95.49385, 29.92], [-95.48, 29.9113], [-95.47975, 29.91447], [-95.48126, 29.91763], [-95.48158, 29.91907], [-95.48163, 29.92356], [-95.48135, 29.92548], [-95.48141, 29.92954], [-95.48182, 29.92951], [-95.48283, 29.92921], [-95.48687, 29.92918], [-95.48734, 29.92934], [-95.48934, 29.93059], [-95.48984, 29.93066], [-95.48999, 29.92906], [-95.49254, 29.92811], [-95.49194, 29.9271], [-95.49164, 29.92621], [-95.49152, 29.92532], [-95.49159, 29.92427], [-95.49182, 29.92342], [-95.49212, 29.92273]]]}, "properties": {"geoid": "482015339013", "jobs_transit_45": 260020}}, {"type": "Feature", "geometry": {"type": "Polygon", "coordinates": [[[-95.47024, 29.87167], [-95.46935, 29.86826], [-95.46242, 29.8705], [-95.45899, 29.87066], [-95.45915, 29.87463], [-95.46298, 29.87934], [-95.46365, 29.88298], [-95.46442, 29.88298], [-95.46765, 29.8833], [-95.46897, 29.87964], [-95.46613, 29.8754], [-95.47024, 29.87167]]]}, "properties": {"geoid": "482015331001", "jobs_transit_45": null}}, {"type": "Feature", "geometry": {"type": "Polygon", "coordinates": [[[-95.43213, 29.89804], [-95.43214, 29.89552], [-95.43213, 29.89521], [-95.43181, 29.894], [-95.43171, 29.89316], [-95.43164, 29.88632], [-95.43156, 29.88626], [-95.42587, 29.88643], [-95.42176, 29.88831], [-95.42932, 29.89803], [-95.43213, 29.89804]]]}, "properties": {"geoid": "482015334004", "jobs_transit_45": 88215}}, {"type": "Feature", "geometry": {"type": "Polygon", "coordinates": [[[-95.4942, 29.61459], [-95.49505, 29.6134], [-95.48444, 29.60855], [-95.48332, 29.61108], [-95.48338, 29.6162], [-95.47463, 29.61625], [-95.47467, 29.6197], [-95.47455, 29.62135], [-95.47362, 29.62373], [-95.46723, 29.62363], [-95.46507, 29.62168], [-95.46519, 29.62729], [-95.47068, 29.62731], [-95.47541, 29.62834], [-95.48208, 29.62842], [-95.48331, 29.62628], [-95.48405, 29.62575], [-95.48711, 29.6243], [-95.48886, 29.62285], [-95.4942, 29.61459]]]}, "properties": {"geoid": "482013303023", "jobs_transit_45": null}}, {"type": "Feature", "geometry": {"type": "Polygon", "coordinates": [[[-95.54876, 29.68664], [-95.54861, 29.68232], [-95.53903, 29.6802], [-95.53748, 29.68105], [-95.53712, 29.68106], [-95.5368, 29.68087], [-95.53578, 29.68183], [-95.53076, 29.68806], [-95.53521, 29.69115], [-95.53768, 29.69067], [-95.54216, 29.68971], [-95.54212, 29.68723], [-95.54556, 29.6872], [-95.54559, 29.68885], [-95.54877, 29.68711], [-95.54876, 29.68664]]]}, "properties": {"geoid": "482014334002", "jobs_transit_45": 196202}}, {"type": "Feature", "geometry": {"type": "Polygon", "coordinates": [[[-95.40535, 30.06626], [-95.40112, 30.06054], [-95.40016, 30.0596], [-95.39923, 30.059], [-95.39161, 30.05517], [-95.3816, 30.06073], [-95.38582, 30.06151], [-95.3863, 30.06259], [-95.38833, 30.06535], [-95.39367, 30.0629], [-95.39621, 30.06308], [-95.40222, 30.06629], [-95.40423, 30.06641], [-95.40535, 30.06626]]]}, "properties": {"geoid": "482012411012", "jobs_transit_45": null}}, {"type": "Feature", "geometry": {"type": "Polygon", "coordinates": [[[-95.38833, 30.06535], [-95.3863, 30.06259], [-95.38582, 30.06151], [-95.3816, 30.06073], [-95.3768, 30.06336], [-95.37671, 30.06359], [-95.37553, 30.06515], [-95.37896, 30.06993], [-95.37905, 30.07038], [-95.37977, 30.07004], [-95.38833, 30.06535]]]}, "properties": {"geoid": "482012411011", "jobs_transit_45": null}}, {"type": "Feature", "geometry": {"type": "Polygon", "coordinates": [[[-95.37195, 29.80005], [-95.3718, 29.79387], [-95.37185, 29.79221], [-95.36874, 29.79225], [-95.36863, 29.79294], [-95.36643, 29.79242], [-95.36189, 29.78997], [-95.36182, 29.78975], [-95.35502, 29.7898], [-95.35513, 29.79403], [-95.35706, 29.79399], [-95.35709, 29.79482], [-95.35905, 29.79474], [-95.35917, 29.79485], [-95.36286, 29.79485], [-95.36283, 29.79305], [-95.36775, 29.79689], [-95.36796, 29.79747], [-95.36793, 29.80006], [-95.37195, 29.80005]]]}, "properties": {"geoid": "482012105003", "jobs_transit_45": 350396}}, {"type": "Feature", "geometry": {"type": "Polygon", "coordinates": [[[-95.38574, 29.76169], [-95.38582, 29.75832], [-95.38572, 29.75762], [-95.38572, 29.75346], [-95.38307, 29.75391], [-95.38308, 29.75768], [-95.3787, 29.75789], [-95.37865, 29.75212], [-95.37876, 29.7521], [-95.37802, 29.75163], [-95.37684, 29.75312], [-95.3745, 29.75288], [-95.37461, 29.75762], [-95.37451, 29.75814], [-95.37321, 29.76117], [-95.37472, 29.76142], [-95.37628, 29.76102], [-95.38064, 29.76192], [-95.38134, 29.76223], [-95.38228, 29.76361], [-95.38391, 29.76324], [-95.38532, 29.76166], [-95.38574, 29.76169]]]}, "properties": {"geoid": "482014101001", "jobs_transit_45": 497689}}, {"type": "Feature", "geometry": {"type": "Polygon", "coordinates": [[[-95.387, 29.77689], [-95.38262, 29.7751], [-95.3828, 29.77292], [-95.38273, 29.76753], [-95.38246, 29.76698], [-95.38174, 29.76644], [-95.38136, 29.76555], [-95.37559, 29.76549], [-95.37562, 29.76834], [-95.37723, 29.76855], [-95.37721, 29.77001], [-95.37584, 29.77001], [-95.37594, 29.77729], [-95.37247, 29.77836], [-95.37507, 29.77911], [-95.37725, 29.77916], [-95.38113, 29.77794], [-95.38239, 29.77758], [-95.387, 29.77689]]]}, "properties": {"geoid": "482015102001", "jobs_transit_45": 354205}}, {"type": "Feature", "geometry": {"type": "Polygon", "coordinates": [[[-95.35725, 29.79998], [-95.35706, 29.79399], [-95.35513, 29.79403], [-95.35502, 29.7898], [-95.35013, 29.78984], [-95.35039, 29.80007], [-95.35725, 29.79998]]]}, "properties": {"geoid": "482012105002", "jobs_transit_45": 326976}}, {"type": "Feature", "geometry": {"type": "Polygon", "coordinates": [[[-95.5445, 29.77984], [-95.54449, 29.77822], [-95.54226, 29.77828], [-95.54217, 29.77611], [-95.53836, 29.77584], [-95.53834, 29.77857], [-95.53169, 29.77869], [-95.53179, 29.78475], [-95.54398, 29.78474], [-95.5445, 29.77984]]]}, "properties": {"geoid": "482014307002", "jobs_transit_45": 267819}}, {"type": "Feature", "geometry": {"type": "Polygon", "coordinates": [[[-95.41069, 29.83094], [-95.41045, 29.8191], [-95.39957, 29.81919], [-95.3996, 29.82051], [-95.39615, 29.82054], [-95.39618, 29.8222], [-95.39463, 29.82221], [-95.3951, 29.82344], [-95.39636, 29.82568], [-95.39877, 29.83055], [-95.40279, 29.83049], [-95.4028, 29.83101], [-95.41069, 29.83094]]]}, "properties": {"geoid": "482015306002", "jobs_transit_45": 493147}}, {"type": "Feature", "geometry": {"type": "Polygon", "coordinates": [[[-95.3358, 29.80898], [-95.33626, 29.80827], [-95.33208, 29.80804], [-95.33039, 29.80819], [-95.32423, 29.80908], [-95.32438, 29.81892], [-95.32657, 29.81971], [-95.32977, 29.82], [-95.3355, 29.8199], [-95.33525, 29.81159], [-95.33535, 29.81032], [-95.3358, 29.80898]]]}, "properties": {"geoid": "482012301001", "jobs_transit_45": 491528}}, {"type": "Feature", "geometry": {"type": "Polygon", "coordinates": [[[-95.44007, 29.68965], [-95.43999, 29.68479], [-95.43532, 29.68591], [-95.4318, 29.68483], [-95.43179, 29.68545], [-95.43147, 29.69054], [-95.4343, 29.69096], [-95.43814, 29.68962], [-95.44007, 29.68965]]]}, "properties": {"geoid": "482014133004", "jobs_transit_45": 185793}}, {"type": "Feature", "geometry": {"type": "Polygon", "coordinates": [[[-95.43999, 29.68479], [-95.43996, 29.67952], [-95.4374, 29.67959], [-95.436, 29.67948], [-95.42783, 29.67776], [-95.42775, 29.67794], [-95.42793, 29.6781], [-95.43172, 29.6788], [-95.4318, 29.68483], [-95.43532, 29.68591], [-95.43999, 29.68479]]]}, "properties": {"geoid": "482014133005", "jobs_transit_45": 173475}}, {"type": "Feature", "geometry": {"type": "Polygon", "coordinates": [[[-95.43986, 29.67216], [-95.43971, 29.66248], [-95.43208, 29.67214], [-95.43262, 29.6723], [-95.43784, 29.67231], [-95.43833, 29.67219], [-95.43986, 29.67216]]]}, "properties": {"geoid": "482014201002", "jobs_transit_45": 154791}}, {"type": "Feature", "geometry": {"type": "Polygon", "coordinates": [[[-95.52866, 29.74594], [-95.52662, 29.74294], [-95.52303, 29.74218], [-95.52169, 29.742], [-95.51554, 29.74429], [-95.51435, 29.74497], [-95.51299, 29.74377], [-95.5121, 29.74544], [-95.51022, 29.74573], [-95.50811, 29.74605], [-95.50679, 29.74706], [-95.50672, 29.74723], [-95.50698, 29.74779], [-95.50842, 29.74812], [-95.50843, 29.74832], [-95.50758, 29.74876], [-95.50635, 29.74839], [-95.50567, 29.74977], [-95.50473, 29.75232], [-95.50447, 29.75363], [-95.50448, 29.75395], [-95.5053, 29.75449], [-95.50668, 29.75492], [-95.50678, 29.75514], [-95.50658, 29.75634], [-95.50649, 29.76259], [-95.51545, 29.76251], [-95.52231, 29.76254], [-95.5228, 29.75477], [-95.52275, 29.75109], [-95.52593, 29.75113], [-95.52589, 29.74721], [-95.52866, 29.74594]]]}, "properties": {"geoid": "482014304002", "jobs_transit_45": 97979}}, {"type": "Feature", "geometry": {"type": "Polygon", "coordinates": [[[-95.53179, 29.78382], [-95.53156, 29.77323], [-95.52664, 29.77326], [-95.52668, 29.77691], [-95.52443, 29.77693], [-95.52329, 29.77332], [-95.52124, 29.77333], [-95.52127, 29.78374], [-95.52747, 29.78384], [-95.53179, 29.78382]]]}, "properties": {"geoid": "482014305001", "jobs_transit_45": 89956}}, {"type": "Feature", "geometry": {"type": "Polygon", "coordinates": [[[-95.52127, 29.78374], [-95.52124, 29.77333], [-95.51766, 29.77335], [-95.51757, 29.77753], [-95.50578, 29.77763], [-95.50582, 29.78124], [-95.50589, 29.78161], [-95.5063, 29.78235], [-95.50628, 29.78475], [-95.50957, 29.78475], [-95.51453, 29.78456], [-95.52013, 29.78456], [-95.52013, 29.78375], [-95.52127, 29.78374]]]}, "properties": {"geoid": "482014305002", "jobs_transit_45": null}}, {"type": "Feature", "geometry": {"type": "Polygon", "coordinates": [[[-95.53173, 29.76682], [-95.52977, 29.76507], [-95.52972, 29.76067], [-95.52777, 29.75937], [-95.52522, 29.75982], [-95.52249, 29.75977], [-95.52222, 29.76396], [-95.52245, 29.77333], [-95.52329, 29.77332], [-95.52443, 29.77693], [-95.52668, 29.77691], [-95.52664, 29.77326], [-95.52989, 29.77325], [-95.52985, 29.77074], [-95.53153, 29.77064], [-95.52981, 29.76688], [-95.53173, 29.76682]]]}, "properties": {"geoid": "482014306001", "jobs_transit_45": null}}, {"type": "Feature", "geometry": {"type": "Polygon", "coordinates": [[[-95.53834, 29.77857], [-95.53836, 29.77584], [-95.53758, 29.77316], [-95.53156, 29.77323], [-95.53169, 29.77869], [-95.53834, 29.77857]]]}, "properties": {"geoid": "482014307001", "jobs_transit_45": 156363}}, {"type": "Feature", "geometry": {"type": "Polygon", "coordinates": [[[-95.567, 29.75578], [-95.56718, 29.74884], [-95.56588, 29.74882], [-95.56322, 29.75028], [-95.56332, 29.7587], [-95.56612, 29.75893], [-95.567, 29.75879], [-95.567, 29.75578]]]}, "properties": {"geoid": "482014508021", "jobs_transit_45": 126212}}, {"type": "Feature", "geometry": {"type": "Polygon", "coordinates": [[[-95.56502, 29.74726], [-95.56716, 29.74598], [-95.56708, 29.7385], [-95.56691, 29.73744], [-95.56691, 29.73675], [-95.55772, 29.73686], [-95.5579, 29.74756], [-95.55982, 29.74753], [-95.56214, 29.74717], [-95.56502, 29.74726]]]}, "properties": {"geoid": "482014509001", "jobs_transit_45": 171013}}, {"type": "Feature", "geometry": {"type": "Polygon", "coordinates": [[[-95.12349, 29.68955], [-95.12328, 29.67921], [-95.11312, 29.67937], [-95.11336, 29.68973], [-95.12349, 29.68955]]]}, "properties": {"geoid": "482013427003", "jobs_transit_45": null}}, {"type": "Feature", "geometry": {"type": "Polygon", "coordinates": [[[-95.57207, 29.74796], [-95.57193, 29.73839], [-95.57177, 29.7367], [-95.56691, 29.73675], [-95.56691, 29.73744], [-95.56708, 29.7385], [-95.56716, 29.74598], [-95.56502, 29.74726], [-95.56826, 29.74742], [-95.57058, 29.74788], [-95.57207, 29.74796]]]}, "properties": {"geoid": "482014509002", "jobs_transit_45": 186196}}, {"type": "Feature", "geometry": {"type": "Polygon", "coordinates": [[[-95.58365, 29.74689], [-95.58379, 29.74557], [-95.5841, 29.74467], [-95.58468, 29.74385], [-95.58586, 29.74288], [-95.5861, 29.74272], [-95.58525, 29.74126], [-95.58173, 29.74133], [-95.58121, 29.73656], [-95.57617, 29.73662], [-95.57637, 29.74794], [-95.57853, 29.74776], [-95.58169, 29.74698], [-95.58365, 29.74689]]]}, "properties": {"geoid": "482014510011", "jobs_transit_45": 173320}}, {"type": "Feature", "geometry": {"type": "Polygon", "coordinates": [[[-95.46187, 29.67076], [-95.46401, 29.66431], [-95.45643, 29.66439], [-95.45638, 29.66808], [-95.45335, 29.67186], [-95.45305, 29.67261], [-95.45302, 29.67318], [-95.45437, 29.67315], [-95.45553, 29.67303], [-95.46187, 29.67076]]]}, "properties": {"geoid": "482014203002", "jobs_transit_45": 154001}}, {"type": "Feature", "geometry": {"type": "Polygon", "coordinates": [[[-95.45643, 29.66439], [-95.45629, 29.6562], [-95.45526, 29.65544], [-95.44879, 29.65549], [-95.44892, 29.66449], [-95.45643, 29.66439]]]}, "properties": {"geoid": "482014204002", "jobs_transit_45": 65745}}, {"type": "Feature", "geometry": {"type": "Polygon", "coordinates": [[[-95.46395, 29.6569], [-95.46375, 29.64788], [-95.44956, 29.65331], [-95.44776, 29.65465], [-95.44689, 29.65588], [-95.4464, 29.66014], [-95.44653, 29.66451], [-95.44892, 29.66449], [-95.44879, 29.65549], [-95.45526, 29.65544], [-95.45629, 29.6562], [-95.4563, 29.65698], [-95.46395, 29.6569]]]}, "properties": {"geoid": "482014204003", "jobs_transit_45": 182771}}, {"type": "Feature", "geometry": {"type": "Polygon", "coordinates": [[[-95.48197, 29.65155], [-95.48216, 29.651], [-95.46385, 29.65128], [-95.46402, 29.66048], [-95.46892, 29.65803], [-95.46994, 29.65744], [-95.47654, 29.65358], [-95.47751, 29.6529], [-95.47989, 29.65256], [-95.48126, 29.65272], [-95.48167, 29.65216], [-95.48197, 29.65155]]]}, "properties": {"geoid": "482014205002", "jobs_transit_45": 26714}}, {"type": "Feature", "geometry": {"type": "Polygon", "coordinates": [[[-95.56297, 29.77604], [-95.56288, 29.77278], [-95.55827, 29.7711], [-95.55722, 29.76669], [-95.55006, 29.76629], [-95.55026, 29.77649], [-95.55557, 29.77564], [-95.55956, 29.77567], [-95.56171, 29.77604], [-95.56297, 29.77604]]]}, "properties": {"geoid": "482014308002", "jobs_transit_45": 345906}}, {"type": "Feature", "geometry": {"type": "Polygon", "coordinates": [[[-95.58951, 29.75984], [-95.58962, 29.7598], [-95.5889, 29.75889], [-95.58829, 29.75686], [-95.58643, 29.75751], [-95.58587, 29.75743], [-95.58429, 29.75667], [-95.5824, 29.75672], [-95.58069, 29.75666], [-95.57886, 29.75703], [-95.57707, 29.75692], [-95.57714, 29.7561], [-95.5774, 29.75474], [-95.57558, 29.75577], [-95.57609, 29.75671], [-95.57632, 29.75793], [-95.57631, 29.76073], [-95.57615, 29.76143], [-95.57559, 29.76317], [-95.57602, 29.76587], [-95.57865, 29.76702], [-95.58411, 29.76587], [-95.5864, 29.76428], [-95.58951, 29.75984]]]}, "properties": {"geoid": "482014511001", "jobs_transit_45": 149320}}, {"type": "Feature", "geometry": {"type": "Polygon", "coordinates": [[[-95.58829, 29.75686], [-95.58763, 29.75543], [-95.58602, 29.75319], [-95.58539, 29.75069], [-95.58661, 29.74745], [-95.58365, 29.74689], [-95.58216, 29.74693], [-95.58056, 29.74722], [-95.58147, 29.74953], [-95.58291, 29.75151], [-95.58319, 29.75326], [-95.58114, 29.75453], [-95.58246, 29.7552], [-95.5828, 29.75586], [-95.58292, 29.75669], [-95.58429, 29.75667], [-95.58587, 29.75743], [-95.58632, 29.75751], [-95.58682, 29.75741], [-95.58829, 29.75686]]]}, "properties": {"geoid": "482014511002", "jobs_transit_45": 106046}}, {"type": "Feature", "geometry": {"type": "Polygon", "coordinates": [[[-95.58292, 29.75669], [-95.5828, 29.75586], [-95.58246, 29.7552], [-95.58114, 29.75453], [-95.58319, 29.75326], [-95.58291, 29.75151], [-95.58147, 29.74953], [-95.58056, 29.74722], [-95.57853, 29.74776], [-95.57637, 29.74794], [-95.57649, 29.75525], [-95.5774, 29.75474], [-95.57714, 29.7561], [-95.57707, 29.75692], [-95.57886, 29.75703], [-95.58069, 29.75666], [-95.58292, 29.75669]]]}, "properties": {"geoid": "482014511003", "jobs_transit_45": 174871}}, {"type": "Feature", "geometry": {"type": "Polygon", "coordinates": [[[-95.6062, 29.76189], [-95.60611, 29.75393], [-95.59689, 29.75297], [-95.59694, 29.75497], [-95.5923, 29.7556], [-95.5886, 29.75782], [-95.5889, 29.75889], [-95.58962, 29.7598], [-95.59448, 29.75924], [-95.59535, 29.75945], [-95.60244, 29.76191], [-95.6062, 29.76189]]]}, "properties": {"geoid": "482014512001", "jobs_transit_45": 482841}}, {"type": "Feature", "geometry": {"type": "Polygon", "coordinates": [[[-95.59694, 29.75497], [-95.59689, 29.75297], [-95.59477, 29.75253], [-95.59202, 29.75122], [-95.58661, 29.74745], [-95.58539, 29.75069], [-95.58602, 29.75319], [-95.58746, 29.75517], [-95.5879, 29.75591], [-95.5886, 29.75782], [-95.5923, 29.7556], [-95.59694, 29.75497]]]}, "properties": {"geoid": "482014512002", "jobs_transit_45": 103376}}, {"type": "Feature", "geometry": {"type": "Polygon", "coordinates": [[[-95.59689, 29.75297], [-95.59669, 29.7486], [-95.59375, 29.74738], [-95.59522, 29.74603], [-95.5952, 29.74471], [-95.59531, 29.74417], [-95.59449, 29.74417], [-95.59355, 29.7406], [-95.58869, 29.74066], [-95.58802, 29.74498], [-95.58661, 29.74745], [-95.59202, 29.75122], [-95.59477, 29.75253], [-95.59689, 29.75297]]]}, "properties": {"geoid": "482014513001", "jobs_transit_45": 106596}}, {"type": "Feature", "geometry": {"type": "Polygon", "coordinates": [[[-95.59814, 29.73757], [-95.5981, 29.73621], [-95.58862, 29.7364], [-95.58869, 29.74066], [-95.59355, 29.7406], [-95.59449, 29.74417], [-95.59626, 29.74416], [-95.59775, 29.73905], [-95.59814, 29.73757]]]}, "properties": {"geoid": "482014513002", "jobs_transit_45": 165264}}, {"type": "Feature", "geometry": {"type": "Polygon", "coordinates": [[[-95.11479, 29.71095], [-95.11507, 29.70971], [-95.1153, 29.70937], [-95.11375, 29.70778], [-95.11347, 29.69488], [-95.10453, 29.69504], [-95.10093, 29.69508], [-95.09615, 29.69522], [-95.08824, 29.69534], [-95.08844, 29.70318], [-95.09294, 29.70467], [-95.11374, 29.71074], [-95.11479, 29.71095]]]}, "properties": {"geoid": "482013428002", "jobs_transit_45": null}}, {"type": "Feature", "geometry": {"type": "Polygon", "coordinates": [[[-95.12309, 29.67083], [-95.12295, 29.66374], [-95.11289, 29.66389], [-95.11291, 29.66454], [-95.11301, 29.66495], [-95.1131, 29.66932], [-95.11943, 29.66921], [-95.11948, 29.67088], [-95.12309, 29.67083]]]}, "properties": {"geoid": "482013429001", "jobs_transit_45": null}}, {"type": "Feature", "geometry": {"type": "Polygon", "coordinates": [[[-95.11319, 29.67204], [-95.11301, 29.66495], [-95.11291, 29.66454], [-95.11289, 29.66389], [-95.10063, 29.66407], [-95.08693, 29.66439], [-95.08761, 29.67246], [-95.08769, 29.67306], [-95.08782, 29.67982], [-95.11312, 29.67937], [-95.11302, 29.67254], [-95.11319, 29.67204]]]}, "properties": {"geoid": "482013429003", "jobs_transit_45": null}}, {"type": "Feature", "geometry": {"type": "Polygon", "coordinates": [[[-95.13268, 29.66351], [-95.12423, 29.65346], [-95.12238, 29.65049], [-95.11642, 29.65072], [-95.11133, 29.65079], [-95.11144, 29.65611], [-95.11178, 29.65865], [-95.10706, 29.65864], [-95.10678, 29.65933], [-95.10679, 29.66305], [-95.1066, 29.66403], [-95.12496, 29.66372], [-95.12538, 29.66364], [-95.13268, 29.66351]]]}, "properties": {"geoid": "482013430001", "jobs_transit_45": null}}, {"type": "Feature", "geometry": {"type": "Polygon", "coordinates": [[[-95.07841, 29.66447], [-95.07805, 29.66362], [-95.07577, 29.65713], [-95.07573, 29.65182], [-95.07333, 29.65186], [-95.07332, 29.65357], [-95.07283, 29.65604], [-95.07086, 29.66099], [-95.07058, 29.66459], [-95.07841, 29.66447]]]}, "properties": {"geoid": "482013431002", "jobs_transit_45": null}}, {"type": "Feature", "geometry": {"type": "Polygon", "coordinates": [[[-95.48121, 29.65279], [-95.48126, 29.65272], [-95.47989, 29.65256], [-95.47751, 29.6529], [-95.47654, 29.65358], [-95.47035, 29.65739], [-95.47671, 29.6593], [-95.47731, 29.65669], [-95.48121, 29.65279]]]}, "properties": {"geoid": "482014206001", "jobs_transit_45": 56489}}, {"type": "Feature", "geometry": {"type": "Polygon", "coordinates": [[[-95.48453, 29.69464], [-95.48446, 29.69104], [-95.48026, 29.69102], [-95.47632, 29.69107], [-95.47612, 29.69034], [-95.47624, 29.68989], [-95.45911, 29.69009], [-95.45922, 29.69782], [-95.45952, 29.69491], [-95.48453, 29.69464]]]}, "properties": {"geoid": "482014209004", "jobs_transit_45": 439878}}, {"type": "Feature", "geometry": {"type": "Polygon", "coordinates": [[[-95.5378, 29.75174], [-95.53756, 29.75144], [-95.53645, 29.75147], [-95.53371, 29.74957], [-95.53198, 29.75029], [-95.53092, 29.74956], [-95.53207, 29.74863], [-95.53181, 29.74763], [-95.52979, 29.74633], [-95.52976, 29.74604], [-95.52919, 29.7458], [-95.52866, 29.74594], [-95.52589, 29.74721], [-95.52593, 29.75113], [-95.52615, 29.75381], [-95.52963, 29.75403], [-95.52968, 29.7591], [-95.53707, 29.75899], [-95.53728, 29.75467], [-95.53566, 29.75265], [-95.5378, 29.75174]]]}, "properties": {"geoid": "482014309001", "jobs_transit_45": 97392}}, {"type": "Feature", "geometry": {"type": "Polygon", "coordinates": [[[-95.54487, 29.75866], [-95.54414, 29.75572], [-95.53976, 29.75192], [-95.5395, 29.75237], [-95.53813, 29.75226], [-95.5378, 29.75174], [-95.53566, 29.75265], [-95.53728, 29.75467], [-95.53707, 29.75899], [-95.54487, 29.75866]]]}, "properties": {"geoid": "482014309002", "jobs_transit_45": 256516}}, {"type": "Feature", "geometry": {"type": "Polygon", "coordinates": [[[-95.55376, 29.76366], [-95.55395, 29.76335], [-95.55365, 29.76333], [-95.55365, 29.76206], [-95.5532, 29.76088], [-95.55317, 29.75959], [-95.55288, 29.75963], [-95.55239, 29.7601], [-95.5491, 29.75917], [-95.54792, 29.75842], [-95.54515, 29.75501], [-95.5456, 29.75299], [-95.54464, 29.75319], [-95.54389, 29.75312], [-95.54207, 29.75188], [-95.53976, 29.75192], [-95.54414, 29.75572], [-95.54487, 29.75866], [-95.54614, 29.76018], [-95.54595, 29.76262], [-95.5461, 29.76505], [-95.54708, 29.76598], [-95.54832, 29.7663], [-95.5538, 29.76621], [-95.55376, 29.76366]]]}, "properties": {"geoid": "482014309003", "jobs_transit_45": 374085}}, {"type": "Feature", "geometry": {"type": "Polygon", "coordinates": [[[-95.56288, 29.77278], [-95.56123, 29.76626], [-95.55834, 29.76222], [-95.55593, 29.76228], [-95.55345, 29.75955], [-95.55317, 29.75959], [-95.5532, 29.76088], [-95.55365, 29.76206], [-95.55365, 29.76333], [-95.55395, 29.76335], [-95.55376, 29.76366], [-95.5538, 29.76621], [-95.55722, 29.76669], [-95.55827, 29.7711], [-95.56288, 29.77278]]]}, "properties": {"geoid": "482014309004", "jobs_transit_45": 340121}}, {"type": "Feature", "geometry": {"type": "Polygon", "coordinates": [[[-95.55326, 29.74155], [-95.55327, 29.74073], [-95.55321, 29.73692], [-95.53888, 29.73712], [-95.53883, 29.73791], [-95.53837, 29.7396], [-95.53849, 29.74963], [-95.53976, 29.75192], [-95.54207, 29.75188], [-95.54389, 29.75312], [-95.54464, 29.75319], [-95.54531, 29.753], [-95.54687, 29.75177], [-95.54858, 29.75158], [-95.54871, 29.7432], [-95.5516, 29.74339], [-95.55326, 29.74155]]]}, "properties": {"geoid": "482014310003", "jobs_transit_45": 161565}}, {"type": "Feature", "geometry": {"type": "Polygon", "coordinates": [[[-95.60611, 29.75393], [-95.60606, 29.74623], [-95.60222, 29.7463], [-95.59827, 29.74765], [-95.59822, 29.74495], [-95.59521, 29.74499], [-95.59522, 29.74603], [-95.59375, 29.74738], [-95.59669, 29.7486], [-95.59689, 29.75297], [-95.60611, 29.75393]]]}, "properties": {"geoid": "482014513004", "jobs_transit_45": 482525}}, {"type": "Feature", "geometry": {"type": "Polygon", "coordinates": [[[-95.62527, 29.75491], [-95.62521, 29.74767], [-95.625, 29.74673], [-95.62435, 29.74683], [-95.62343, 29.74644], [-95.61903, 29.74656], [-95.61892, 29.74686], [-95.61868, 29.74716], [-95.61814, 29.7476], [-95.61889, 29.75083], [-95.61888, 29.75195], [-95.61845, 29.75446], [-95.62354, 29.75445], [-95.62527, 29.75491]]]}, "properties": {"geoid": "482014514031", "jobs_transit_45": 314455}}, {"type": "Feature", "geometry": {"type": "Polygon", "coordinates": [[[-95.02907, 29.66099], [-95.02953, 29.65441], [-95.02923, 29.65625], [-95.01914, 29.65638], [-95.01921, 29.66156], [-95.02812, 29.66144], [-95.02907, 29.66099]]]}, "properties": {"geoid": "482013437002", "jobs_transit_45": null}}, {"type": "Feature", "geometry": {"type": "Polygon", "coordinates": [[[-95.01914, 29.65638], [-95.01885, 29.64596], [-95.018, 29.64573], [-95.01693, 29.64453], [-95.01486, 29.6432], [-95.00553, 29.65952], [-95.00256, 29.66248], [-95.00523, 29.66423], [-95.00946, 29.65939], [-95.00997, 29.66019], [-95.01914, 29.65638]]]}, "properties": {"geoid": "482013436002", "jobs_transit_45": null}}, {"type": "Feature", "geometry": {"type": "Polygon", "coordinates": [[[-95.01943, 29.67326], [-95.01914, 29.65638], [-95.00997, 29.66019], [-95.01461, 29.66773], [-95.01715, 29.66801], [-95.01735, 29.67331], [-95.01943, 29.67326]]]}, "properties": {"geoid": "482013436003", "jobs_transit_45": null}}, {"type": "Feature", "geometry": {"type": "Polygon", "coordinates": [[[-95.2372, 29.59796], [-95.24269, 29.59296], [-95.24308, 29.5926], [-95.23605, 29.58677], [-95.23515, 29.58546], [-95.23212, 29.58649], [-95.23542, 29.58968], [-95.22788, 29.59657], [-95.22945, 29.5978], [-95.23037, 29.59865], [-95.23073, 29.59887], [-95.23434, 29.59557], [-95.2372, 29.59796]]]}, "properties": {"geoid": "482013502002", "jobs_transit_45": 10145}}, {"type": "Feature", "geometry": {"type": "Polygon", "coordinates": [[[-95.22748, 29.59678], [-95.23542, 29.58968], [-95.23212, 29.58649], [-95.22991, 29.58671], [-95.22642, 29.58822], [-95.22196, 29.59203], [-95.22748, 29.59678]]]}, "properties": {"geoid": "482013502003", "jobs_transit_45": 22515}}, {"type": "Feature", "geometry": {"type": "Polygon", "coordinates": [[[-95.46725, 29.67653], [-95.4679, 29.67503], [-95.464, 29.67011], [-95.46187, 29.67076], [-95.45958, 29.67665], [-95.45906, 29.6814], [-95.46736, 29.67879], [-95.46725, 29.67653]]]}, "properties": {"geoid": "482014207001", "jobs_transit_45": 451668}}, {"type": "Feature", "geometry": {"type": "Polygon", "coordinates": [[[-95.47688, 29.67739], [-95.47683, 29.67331], [-95.47129, 29.67291], [-95.4701, 29.67322], [-95.46838, 29.67442], [-95.4679, 29.67503], [-95.46725, 29.67653], [-95.46736, 29.67879], [-95.47688, 29.67739]]]}, "properties": {"geoid": "482014207002", "jobs_transit_45": 96197}}, {"type": "Feature", "geometry": {"type": "Polygon", "coordinates": [[[-95.46776, 29.68294], [-95.46775, 29.68067], [-95.46736, 29.67879], [-95.45906, 29.6814], [-95.45911, 29.69009], [-95.46773, 29.69], [-95.46749, 29.6891], [-95.46742, 29.68533], [-95.46776, 29.68294]]]}, "properties": {"geoid": "482014208001", "jobs_transit_45": 201133}}, {"type": "Feature", "geometry": {"type": "Polygon", "coordinates": [[[-95.47692, 29.67797], [-95.47688, 29.67739], [-95.46736, 29.67879], [-95.46775, 29.68067], [-95.46776, 29.68294], [-95.46742, 29.68533], [-95.46749, 29.6891], [-95.46773, 29.69], [-95.47188, 29.68997], [-95.47191, 29.68747], [-95.47242, 29.684], [-95.47315, 29.6841], [-95.47295, 29.67955], [-95.47692, 29.67797]]]}, "properties": {"geoid": "482014208002", "jobs_transit_45": 215929}}, {"type": "Feature", "geometry": {"type": "Polygon", "coordinates": [[[-95.47707, 29.68655], [-95.47692, 29.67797], [-95.47295, 29.67955], [-95.47315, 29.6841], [-95.47242, 29.684], [-95.47191, 29.68747], [-95.47188, 29.68997], [-95.47624, 29.68989], [-95.47701, 29.68732], [-95.47707, 29.68655]]]}, "properties": {"geoid": "482014208003", "jobs_transit_45": 235353}}, {"type": "Feature", "geometry": {"type": "Polygon", "coordinates": [[[-95.47628, 29.70561], [-95.47416, 29.70443], [-95.47413, 29.70199], [-95.4596, 29.70212], [-95.45956, 29.70074], [-95.45922, 29.70073], [-95.45933, 29.70497], [-95.45946, 29.70578], [-95.47628, 29.70561]]]}, "properties": {"geoid": "482014209001", "jobs_transit_45": 222774}}, {"type": "Feature", "geometry": {"type": "Polygon", "coordinates": [[[-95.47413, 29.70199], [-95.47409, 29.69839], [-95.46783, 29.69844], [-95.4678, 29.69602], [-95.45953, 29.69626], [-95.45952, 29.69491], [-95.45922, 29.69782], [-95.45922, 29.70073], [-95.45956, 29.70074], [-95.4596, 29.70212], [-95.47413, 29.70199]]]}, "properties": {"geoid": "482014209002", "jobs_transit_45": 246570}}, {"type": "Feature", "geometry": {"type": "Polygon", "coordinates": [[[-95.48458, 29.6992], [-95.48453, 29.69464], [-95.45952, 29.69491], [-95.45953, 29.69626], [-95.4678, 29.69602], [-95.46783, 29.69844], [-95.48036, 29.69833], [-95.48042, 29.70125], [-95.48458, 29.6992]]]}, "properties": {"geoid": "482014209003", "jobs_transit_45": 219497}}, {"type": "Feature", "geometry": {"type": "Polygon", "coordinates": [[[-95.58807, 29.71496], [-95.588, 29.71098], [-95.58338, 29.71107], [-95.57553, 29.71165], [-95.57559, 29.71521], [-95.57689, 29.71538], [-95.57978, 29.71606], [-95.58807, 29.71496]]]}, "properties": {"geoid": "482014524001", "jobs_transit_45": 129372}}, {"type": "Feature", "geometry": {"type": "Polygon", "coordinates": [[[-95.4681, 29.72022], [-95.468, 29.71298], [-95.46058, 29.71304], [-95.46025, 29.71263], [-95.4604, 29.72582], [-95.46404, 29.72553], [-95.46396, 29.72026], [-95.4681, 29.72022]]]}, "properties": {"geoid": "482014210001", "jobs_transit_45": 210116}}, {"type": "Feature", "geometry": {"type": "Polygon", "coordinates": [[[-95.47629, 29.70744], [-95.47628, 29.70561], [-95.45946, 29.70578], [-95.46004, 29.70824], [-95.46017, 29.70914], [-95.46025, 29.71263], [-95.46058, 29.71304], [-95.4726, 29.71291], [-95.47252, 29.70748], [-95.47629, 29.70744]]]}, "properties": {"geoid": "482014210002", "jobs_transit_45": 346127}}, {"type": "Feature", "geometry": {"type": "Polygon", "coordinates": [[[-95.55834, 29.76222], [-95.5581, 29.76087], [-95.55808, 29.75678], [-95.55777, 29.75634], [-95.55746, 29.7589], [-95.55739, 29.75709], [-95.55682, 29.75712], [-95.55675, 29.75312], [-95.55542, 29.75324], [-95.55246, 29.75333], [-95.54862, 29.75405], [-95.54863, 29.75608], [-95.54714, 29.75254], [-95.54687, 29.75177], [-95.54531, 29.753], [-95.5456, 29.75299], [-95.54515, 29.75501], [-95.54792, 29.75842], [-95.5491, 29.75917], [-95.55239, 29.7601], [-95.55288, 29.75963], [-95.55345, 29.75955], [-95.55593, 29.76228], [-95.55834, 29.76222]]]}, "properties": {"geoid": "482014310002", "jobs_transit_45": null}}, {"type": "Feature", "geometry": {"type": "Polygon", "coordinates": [[[-95.5395, 29.75237], [-95.53976, 29.75192], [-95.53849, 29.74963], [-95.53845, 29.7475], [-95.53477, 29.7463], [-95.5314, 29.74722], [-95.53181, 29.74763], [-95.53207, 29.74863], [-95.53092, 29.74956], [-95.53198, 29.75029], [-95.53371, 29.74957], [-95.53645, 29.75147], [-95.53756, 29.75144], [-95.53813, 29.75226], [-95.5395, 29.75237]]]}, "properties": {"geoid": "482014311011", "jobs_transit_45": 226308}}, {"type": "Feature", "geometry": {"type": "Polygon", "coordinates": [[[-95.23296, 29.60072], [-95.23139, 29.59946], [-95.23065, 29.59878], [-95.23037, 29.59865], [-95.22945, 29.5978], [-95.22788, 29.59657], [-95.22748, 29.59678], [-95.22196, 29.59203], [-95.22067, 29.59356], [-95.21719, 29.59685], [-95.21601, 29.59928], [-95.216, 29.60105], [-95.21752, 29.60095], [-95.23296, 29.60072]]]}, "properties": {"geoid": "482013502001", "jobs_transit_45": 22628}}, {"type": "Feature", "geometry": {"type": "Polygon", "coordinates": [[[-95.21338, 29.58497], [-95.21018, 29.58225], [-95.20655, 29.5856], [-95.19902, 29.58598], [-95.20297, 29.59185], [-95.20324, 29.59442], [-95.20448, 29.59277], [-95.20614, 29.5912], [-95.20934, 29.58825], [-95.21133, 29.58683], [-95.21338, 29.58497]]]}, "properties": {"geoid": "482013505001", "jobs_transit_45": null}}, {"type": "Feature", "geometry": {"type": "Polygon", "coordinates": [[[-95.21018, 29.58225], [-95.20807, 29.5805], [-95.18805, 29.56384], [-95.18742, 29.56408], [-95.18569, 29.5723], [-95.18533, 29.57251], [-95.18498, 29.57298], [-95.18388, 29.57334], [-95.18339, 29.57321], [-95.18313, 29.57323], [-95.18124, 29.57457], [-95.18164, 29.57625], [-95.18347, 29.58043], [-95.18726, 29.58406], [-95.18441, 29.58663], [-95.19068, 29.59208], [-95.19133, 29.5922], [-95.19783, 29.58674], [-95.19902, 29.58598], [-95.20655, 29.5856], [-95.21018, 29.58225]]]}, "properties": {"geoid": "482013505003", "jobs_transit_45": null}}, {"type": "Feature", "geometry": {"type": "Polygon", "coordinates": [[[-95.19343, 29.54565], [-95.19218, 29.5442], [-95.19018, 29.54236], [-95.18884, 29.54041], [-95.1849, 29.53702], [-95.18457, 29.53714], [-95.18123, 29.54376], [-95.17974, 29.54439], [-95.18733, 29.55066], [-95.19249, 29.54613], [-95.19343, 29.54565]]]}, "properties": {"geoid": "482013506021", "jobs_transit_45": null}}, {"type": "Feature", "geometry": {"type": "Polygon", "coordinates": [[[-95.18862, 29.53527], [-95.18742, 29.53377], [-95.19054, 29.53024], [-95.18746, 29.52816], [-95.18586, 29.5241], [-95.18214, 29.527], [-95.17785, 29.53094], [-95.1849, 29.53702], [-95.18862, 29.53527]]]}, "properties": {"geoid": "482013507001", "jobs_transit_45": null}}, {"type": "Feature", "geometry": {"type": "Polygon", "coordinates": [[[-95.492, 29.71999], [-95.49197, 29.71825], [-95.49069, 29.71828], [-95.49013, 29.71637], [-95.48897, 29.71639], [-95.48901, 29.72001], [-95.492, 29.71999]]]}, "properties": {"geoid": "482014212021", "jobs_transit_45": 294227}}, {"type": "Feature", "geometry": {"type": "Polygon", "coordinates": [[[-95.51327, 29.70443], [-95.50877, 29.70383], [-95.50479, 29.70492], [-95.50381, 29.70515], [-95.5027, 29.70531], [-95.50116, 29.7054], [-95.50116, 29.70607], [-95.5001, 29.71111], [-95.49696, 29.71146], [-95.49593, 29.71194], [-95.49477, 29.71292], [-95.4993, 29.71685], [-95.51327, 29.70443]]]}, "properties": {"geoid": "482014213001", "jobs_transit_45": 288932}}, {"type": "Feature", "geometry": {"type": "Polygon", "coordinates": [[[-95.47948, 29.77339], [-95.47972, 29.77338], [-95.47834, 29.77147], [-95.47817, 29.77083], [-95.47794, 29.7638], [-95.47034, 29.76327], [-95.46769, 29.76296], [-95.46774, 29.76948], [-95.46792, 29.76966], [-95.46829, 29.77051], [-95.46855, 29.77064], [-95.47014, 29.77027], [-95.47077, 29.77034], [-95.47235, 29.77062], [-95.47261, 29.77143], [-95.4739, 29.77213], [-95.47423, 29.77215], [-95.4753, 29.77223], [-95.47646, 29.77115], [-95.47764, 29.77269], [-95.47888, 29.77334], [-95.47948, 29.77339]]]}, "properties": {"geoid": "482014316001", "jobs_transit_45": 335396}}, {"type": "Feature", "geometry": {"type": "Polygon", "coordinates": [[[-95.47825, 29.76735], [-95.48335, 29.76721], [-95.48614, 29.76473], [-95.48639, 29.76029], [-95.48889, 29.75818], [-95.48508, 29.75872], [-95.4841, 29.75921], [-95.47946, 29.76335], [-95.47794, 29.7638], [-95.47825, 29.76735]]]}, "properties": {"geoid": "482014316002", "jobs_transit_45": 331167}}, {"type": "Feature", "geometry": {"type": "Polygon", "coordinates": [[[-95.50111, 29.75569], [-95.50114, 29.75416], [-95.50028, 29.75481], [-95.49952, 29.75522], [-95.49008, 29.75791], [-95.48889, 29.75818], [-95.48639, 29.76029], [-95.48614, 29.76473], [-95.48335, 29.76721], [-95.47825, 29.76735], [-95.47816, 29.76979], [-95.47823, 29.77115], [-95.47852, 29.77177], [-95.47972, 29.77338], [-95.4809, 29.77331], [-95.48304, 29.77049], [-95.48284, 29.77175], [-95.48525, 29.76953], [-95.48548, 29.76917], [-95.48787, 29.76965], [-95.48824, 29.76933], [-95.48817, 29.76696], [-95.48905, 29.7666], [-95.49073, 29.76681], [-95.49223, 29.76552], [-95.49235, 29.76518], [-95.49095, 29.76346], [-95.49235, 29.76325], [-95.49485, 29.7649], [-95.49613, 29.7622], [-95.50086, 29.76038], [-95.50111, 29.75569]]]}, "properties": {"geoid": "482014316003", "jobs_transit_45": 199760}}, {"type": "Feature", "geometry": {"type": "Polygon", "coordinates": [[[-95.62408, 29.7201], [-95.62403, 29.71264], [-95.61471, 29.71342], [-95.61481, 29.7157], [-95.6186, 29.7206], [-95.61891, 29.72108], [-95.6205, 29.72055], [-95.62154, 29.72033], [-95.62408, 29.7201]]]}, "properties": {"geoid": "482014518003", "jobs_transit_45": 239334}}, {"type": "Feature", "geometry": {"type": "Polygon", "coordinates": [[[-95.61962, 29.72807], [-95.61891, 29.72108], [-95.6147, 29.7226], [-95.61276, 29.72317], [-95.61167, 29.72341], [-95.60886, 29.72375], [-95.60487, 29.72384], [-95.60499, 29.725], [-95.60549, 29.7265], [-95.60574, 29.72978], [-95.61304, 29.72837], [-95.61457, 29.72798], [-95.61645, 29.72791], [-95.61962, 29.72807]]]}, "properties": {"geoid": "482014519012", "jobs_transit_45": 308896}}, {"type": "Feature", "geometry": {"type": "Polygon", "coordinates": [[[-95.60574, 29.72978], [-95.60549, 29.7265], [-95.60506, 29.72528], [-95.60489, 29.72429], [-95.60468, 29.71433], [-95.59223, 29.7154], [-95.59251, 29.73073], [-95.59373, 29.73065], [-95.59705, 29.72981], [-95.60574, 29.72978]]]}, "properties": {"geoid": "482014519021", "jobs_transit_45": 309775}}, {"type": "Feature", "geometry": {"type": "Polygon", "coordinates": [[[-95.6197, 29.73592], [-95.61962, 29.72807], [-95.61645, 29.72791], [-95.61505, 29.72793], [-95.61373, 29.72816], [-95.61389, 29.72862], [-95.61391, 29.72913], [-95.61376, 29.72964], [-95.61013, 29.73159], [-95.60932, 29.73259], [-95.60938, 29.73612], [-95.6197, 29.73592]]]}, "properties": {"geoid": "482014520001", "jobs_transit_45": 432311}}, {"type": "Feature", "geometry": {"type": "Polygon", "coordinates": [[[-95.58695, 29.71102], [-95.58689, 29.71042], [-95.58672, 29.70994], [-95.58302, 29.70922], [-95.58093, 29.70822], [-95.57793, 29.70566], [-95.57542, 29.70543], [-95.57553, 29.71165], [-95.58338, 29.71107], [-95.58695, 29.71102]]]}, "properties": {"geoid": "482014524002", "jobs_transit_45": 160942}}, {"type": "Feature", "geometry": {"type": "Polygon", "coordinates": [[[-95.49306, 29.71114], [-95.49329, 29.71084], [-95.49315, 29.71019], [-95.49313, 29.70906], [-95.48887, 29.70914], [-95.4889, 29.71275], [-95.49308, 29.7127], [-95.49306, 29.71114]]]}, "properties": {"geoid": "482014214032", "jobs_transit_45": 316639}}, {"type": "Feature", "geometry": {"type": "Polygon", "coordinates": [[[-95.588, 29.71098], [-95.58787, 29.70375], [-95.57539, 29.70387], [-95.57542, 29.70543], [-95.57793, 29.70566], [-95.58093, 29.70822], [-95.58302, 29.70922], [-95.58672, 29.70994], [-95.58689, 29.71042], [-95.58695, 29.71102], [-95.588, 29.71098]]]}, "properties": {"geoid": "482014524003", "jobs_transit_45": 130814}}, {"type": "Feature", "geometry": {"type": "Polygon", "coordinates": [[[-95.1963, 29.54361], [-95.19724, 29.542], [-95.19411, 29.54315], [-95.19214, 29.53873], [-95.19424, 29.5367], [-95.18862, 29.53527], [-95.1849, 29.53702], [-95.18884, 29.54041], [-95.19018, 29.54236], [-95.19218, 29.5442], [-95.19343, 29.54565], [-95.1949, 29.54491], [-95.1963, 29.54361]]]}, "properties": {"geoid": "482013507002", "jobs_transit_45": null}}, {"type": "Feature", "geometry": {"type": "Polygon", "coordinates": [[[-95.17472, 29.52285], [-95.17418, 29.52242], [-95.17343, 29.52113], [-95.16187, 29.52236], [-95.16268, 29.52967], [-95.1642, 29.52981], [-95.16951, 29.52591], [-95.17046, 29.52669], [-95.17096, 29.52639], [-95.17472, 29.52285]]]}, "properties": {"geoid": "482013508011", "jobs_transit_45": null}}, {"type": "Feature", "geometry": {"type": "Polygon", "coordinates": [[[-95.18586, 29.5241], [-95.1831, 29.51902], [-95.17893, 29.51788], [-95.17343, 29.52113], [-95.17418, 29.52242], [-95.18048, 29.52767], [-95.17986, 29.52827], [-95.18036, 29.52867], [-95.18214, 29.527], [-95.18586, 29.5241]]]}, "properties": {"geoid": "482013508013", "jobs_transit_45": null}}, {"type": "Feature", "geometry": {"type": "Polygon", "coordinates": [[[-95.39843, 29.76186], [-95.39819, 29.76112], [-95.39805, 29.75266], [-95.39794, 29.75242], [-95.39214, 29.75253], [-95.3924, 29.75995], [-95.39229, 29.76254], [-95.39265, 29.7625], [-95.39843, 29.76186]]]}, "properties": {"geoid": "482014102002", "jobs_transit_45": 559309}}, {"type": "Feature", "geometry": {"type": "Polygon", "coordinates": [[[-95.40884, 29.76062], [-95.40843, 29.75714], [-95.40235, 29.75724], [-95.40239, 29.75918], [-95.40087, 29.76096], [-95.39913, 29.76114], [-95.39822, 29.76135], [-95.39843, 29.76186], [-95.4005, 29.76202], [-95.40225, 29.76165], [-95.40884, 29.76062]]]}, "properties": {"geoid": "482014103001", "jobs_transit_45": 434128}}, {"type": "Feature", "geometry": {"type": "Polygon", "coordinates": [[[-95.4889, 29.71275], [-95.48883, 29.70732], [-95.48468, 29.70735], [-95.48477, 29.7128], [-95.4889, 29.71275]]]}, "properties": {"geoid": "482014214033", "jobs_transit_45": 337303}}, {"type": "Feature", "geometry": {"type": "Polygon", "coordinates": [[[-95.47642, 29.71653], [-95.47629, 29.70744], [-95.47252, 29.70748], [-95.4726, 29.71291], [-95.468, 29.71298], [-95.46806, 29.7166], [-95.47642, 29.71653]]]}, "properties": {"geoid": "482014215003", "jobs_transit_45": 261792}}, {"type": "Feature", "geometry": {"type": "Polygon", "coordinates": [[[-95.49303, 29.69456], [-95.4929, 29.69069], [-95.49242, 29.68826], [-95.48826, 29.689], [-95.48442, 29.68904], [-95.48447, 29.69222], [-95.4872, 29.69214], [-95.48862, 29.69218], [-95.48866, 29.69459], [-95.49303, 29.69456]]]}, "properties": {"geoid": "482014217002", "jobs_transit_45": 301145}}, {"type": "Feature", "geometry": {"type": "Polygon", "coordinates": [[[-95.4928, 29.67943], [-95.4932, 29.67818], [-95.48707, 29.67529], [-95.48426, 29.67531], [-95.48432, 29.67587], [-95.48493, 29.67576], [-95.48641, 29.67575], [-95.48661, 29.68693], [-95.48648, 29.68793], [-95.48649, 29.68903], [-95.48826, 29.689], [-95.49242, 29.68826], [-95.4928, 29.68506], [-95.4928, 29.67943]]]}, "properties": {"geoid": "482014217003", "jobs_transit_45": 239501}}, {"type": "Feature", "geometry": {"type": "Polygon", "coordinates": [[[-95.48661, 29.68693], [-95.48641, 29.67575], [-95.48493, 29.67576], [-95.48426, 29.67588], [-95.48429, 29.67809], [-95.48442, 29.68904], [-95.48649, 29.68903], [-95.48648, 29.68793], [-95.48661, 29.68693]]]}, "properties": {"geoid": "482014217004", "jobs_transit_45": 244105}}, {"type": "Feature", "geometry": {"type": "Polygon", "coordinates": [[[-95.48633, 29.67196], [-95.48624, 29.66784], [-95.48604, 29.66643], [-95.47684, 29.66654], [-95.47675, 29.6688], [-95.47682, 29.67209], [-95.48633, 29.67196]]]}, "properties": {"geoid": "482014219002", "jobs_transit_45": 103669}}, {"type": "Feature", "geometry": {"type": "Polygon", "coordinates": [[[-95.47734, 29.75576], [-95.47728, 29.75212], [-95.47697, 29.75013], [-95.46297, 29.75032], [-95.46311, 29.75459], [-95.46803, 29.75443], [-95.46826, 29.75847], [-95.47471, 29.7561], [-95.47608, 29.75577], [-95.47734, 29.75576]]]}, "properties": {"geoid": "482014317001", "jobs_transit_45": 382335}}, {"type": "Feature", "geometry": {"type": "Polygon", "coordinates": [[[-95.46774, 29.76948], [-95.46769, 29.76296], [-95.46338, 29.76227], [-95.46304, 29.75255], [-95.46251, 29.75424], [-95.45813, 29.75479], [-95.45572, 29.75783], [-95.45573, 29.75996], [-95.46073, 29.76262], [-95.46036, 29.76297], [-95.45868, 29.76304], [-95.45802, 29.76367], [-95.45797, 29.76385], [-95.45839, 29.76485], [-95.46229, 29.76741], [-95.46271, 29.7678], [-95.46519, 29.76867], [-95.46709, 29.76899], [-95.46774, 29.76948]]]}, "properties": {"geoid": "482014317002", "jobs_transit_45": 340327}}, {"type": "Feature", "geometry": {"type": "Polygon", "coordinates": [[[-95.47794, 29.7638], [-95.47742, 29.76148], [-95.47734, 29.75576], [-95.47608, 29.75577], [-95.47471, 29.7561], [-95.46826, 29.75847], [-95.46803, 29.75443], [-95.46311, 29.75459], [-95.46338, 29.76227], [-95.46769, 29.76296], [-95.47034, 29.76327], [-95.47794, 29.7638]]]}, "properties": {"geoid": "482014317003", "jobs_transit_45": 320583}}, {"type": "Feature", "geometry": {"type": "Polygon", "coordinates": [[[-95.46304, 29.75255], [-95.46297, 29.75032], [-95.46, 29.75035], [-95.45631, 29.75031], [-95.4566, 29.74768], [-95.45574, 29.75159], [-95.45562, 29.75293], [-95.45572, 29.75783], [-95.45813, 29.75479], [-95.46251, 29.75424], [-95.46304, 29.75255]]]}, "properties": {"geoid": "482014318021", "jobs_transit_45": 396287}}, {"type": "Feature", "geometry": {"type": "Polygon", "coordinates": [[[-95.58771, 29.69616], [-95.58759, 29.68893], [-95.57466, 29.68805], [-95.57469, 29.6919], [-95.57525, 29.6961], [-95.58771, 29.69616]]]}, "properties": {"geoid": "482014530001", "jobs_transit_45": 99831}}, {"type": "Feature", "geometry": {"type": "Polygon", "coordinates": [[[-95.58787, 29.70375], [-95.58771, 29.69616], [-95.57525, 29.6961], [-95.57539, 29.70387], [-95.58787, 29.70375]]]}, "properties": {"geoid": "482014530002", "jobs_transit_45": 129029}}, {"type": "Feature", "geometry": {"type": "Polygon", "coordinates": [[[-95.57539, 29.70387], [-95.57469, 29.6919], [-95.57466, 29.68805], [-95.57026, 29.68838], [-95.57092, 29.69084], [-95.57104, 29.69181], [-95.57122, 29.70393], [-95.57539, 29.70387]]]}, "properties": {"geoid": "482014530003", "jobs_transit_45": 93902}}, {"type": "Feature", "geometry": {"type": "Polygon", "coordinates": [[[-95.57111, 29.69616], [-95.57102, 29.69149], [-95.57092, 29.69084], [-95.57026, 29.68838], [-95.56716, 29.68902], [-95.56277, 29.68926], [-95.55748, 29.68943], [-95.55716, 29.69211], [-95.55719, 29.69534], [-95.56153, 29.69638], [-95.56761, 29.69644], [-95.56848, 29.69616], [-95.57111, 29.69616]]]}, "properties": {"geoid": "482014531001", "jobs_transit_45": 102201}}, {"type": "Feature", "geometry": {"type": "Polygon", "coordinates": [[[-95.38568, 29.74687], [-95.38597, 29.74545], [-95.38167, 29.74557], [-95.38329, 29.74817], [-95.3818, 29.75005], [-95.37839, 29.7512], [-95.37802, 29.75163], [-95.37876, 29.7521], [-95.37952, 29.75206], [-95.38574, 29.752], [-95.38568, 29.74687]]]}, "properties": {"geoid": "482014105001", "jobs_transit_45": 513604}}, {"type": "Feature", "geometry": {"type": "Polygon", "coordinates": [[[-95.38891, 29.75258], [-95.38891, 29.75086], [-95.38885, 29.74539], [-95.38597, 29.74545], [-95.38568, 29.74687], [-95.38574, 29.75263], [-95.38891, 29.75258]]]}, "properties": {"geoid": "482014105002", "jobs_transit_45": 457238}}, {"type": "Feature", "geometry": {"type": "Polygon", "coordinates": [[[-95.39794, 29.75242], [-95.39377, 29.74584], [-95.39312, 29.74466], [-95.39183, 29.74468], [-95.39214, 29.75253], [-95.39794, 29.75242]]]}, "properties": {"geoid": "482014105004", "jobs_transit_45": 455448}}, {"type": "Feature", "geometry": {"type": "Polygon", "coordinates": [[[-95.48432, 29.67587], [-95.48426, 29.67531], [-95.47688, 29.67739], [-95.47692, 29.67797], [-95.47942, 29.679], [-95.4842, 29.67913], [-95.48429, 29.67809], [-95.48426, 29.67588], [-95.48432, 29.67587]]]}, "properties": {"geoid": "482014218001", "jobs_transit_45": 239764}}, {"type": "Feature", "geometry": {"type": "Polygon", "coordinates": [[[-95.47942, 29.679], [-95.47692, 29.67797], [-95.47703, 29.68329], [-95.4793, 29.68328], [-95.47942, 29.679]]]}, "properties": {"geoid": "482014218002", "jobs_transit_45": 262791}}, {"type": "Feature", "geometry": {"type": "Polygon", "coordinates": [[[-95.48446, 29.69104], [-95.48429, 29.68351], [-95.4793, 29.68328], [-95.47703, 29.68329], [-95.47707, 29.68655], [-95.47701, 29.68732], [-95.47612, 29.69034], [-95.47632, 29.69107], [-95.48026, 29.69102], [-95.48446, 29.69104]]]}, "properties": {"geoid": "482014218004", "jobs_transit_45": 221131}}, {"type": "Feature", "geometry": {"type": "Polygon", "coordinates": [[[-95.4932, 29.67818], [-95.49365, 29.67518], [-95.4932, 29.67375], [-95.49264, 29.67271], [-95.48635, 29.67279], [-95.48633, 29.67196], [-95.47682, 29.67209], [-95.47688, 29.67739], [-95.48426, 29.67531], [-95.48707, 29.67529], [-95.4932, 29.67818]]]}, "properties": {"geoid": "482014219001", "jobs_transit_45": 103783}}, {"type": "Feature", "geometry": {"type": "Polygon", "coordinates": [[[-95.49264, 29.67271], [-95.49223, 29.66636], [-95.48604, 29.66643], [-95.48624, 29.66784], [-95.48635, 29.67279], [-95.49264, 29.67271]]]}, "properties": {"geoid": "482014219003", "jobs_transit_45": 172118}}, {"type": "Feature", "geometry": {"type": "Polygon", "coordinates": [[[-95.64415, 29.71993], [-95.64407, 29.71106], [-95.62403, 29.71264], [-95.62406, 29.72079], [-95.62389, 29.7217], [-95.62351, 29.72289], [-95.62351, 29.72525], [-95.62396, 29.72661], [-95.62406, 29.72795], [-95.62392, 29.72875], [-95.62475, 29.72911], [-95.62574, 29.7294], [-95.62662, 29.72954], [-95.62753, 29.72958], [-95.63108, 29.72925], [-95.64397, 29.72914], [-95.64415, 29.71993]]]}, "properties": {"geoid": "482014518002", "jobs_transit_45": 226136}}, {"type": "Feature", "geometry": {"type": "Polygon", "coordinates": [[[-95.46724, 29.75029], [-95.46694, 29.74041], [-95.45831, 29.74095], [-95.4566, 29.74768], [-95.45631, 29.75031], [-95.46, 29.75035], [-95.46724, 29.75029]]]}, "properties": {"geoid": "482014318022", "jobs_transit_45": 396039}}, {"type": "Feature", "geometry": {"type": "Polygon", "coordinates": [[[-95.47278, 29.7502], [-95.47278, 29.74946], [-95.47314, 29.74866], [-95.47312, 29.74696], [-95.4728, 29.74619], [-95.47082, 29.74594], [-95.47067, 29.73909], [-95.46694, 29.74041], [-95.46724, 29.75029], [-95.47278, 29.7502]]]}, "properties": {"geoid": "482014318011", "jobs_transit_45": 350291}}, {"type": "Feature", "geometry": {"type": "Polygon", "coordinates": [[[-95.48986, 29.73769], [-95.48979, 29.7318], [-95.48421, 29.73151], [-95.48429, 29.73772], [-95.48986, 29.73769]]]}, "properties": {"geoid": "482014320011", "jobs_transit_45": 352093}}, {"type": "Feature", "geometry": {"type": "Polygon", "coordinates": [[[-95.52117, 29.73734], [-95.5205, 29.72907], [-95.51687, 29.72929], [-95.51407, 29.72931], [-95.5142, 29.73739], [-95.52117, 29.73734]]]}, "properties": {"geoid": "482014321001", "jobs_transit_45": 289240}}, {"type": "Feature", "geometry": {"type": "Polygon", "coordinates": [[[-95.5142, 29.73739], [-95.51407, 29.72931], [-95.51041, 29.72933], [-95.51008, 29.73452], [-95.50108, 29.7349], [-95.50091, 29.73754], [-95.5142, 29.73739]]]}, "properties": {"geoid": "482014321002", "jobs_transit_45": 256317}}, {"type": "Feature", "geometry": {"type": "Polygon", "coordinates": [[[-95.64406, 29.73565], [-95.64397, 29.72914], [-95.63108, 29.72925], [-95.62932, 29.72948], [-95.62977, 29.73194], [-95.62854, 29.73299], [-95.62874, 29.73587], [-95.64406, 29.73565]]]}, "properties": {"geoid": "482014517001", "jobs_transit_45": 107737}}, {"type": "Feature", "geometry": {"type": "Polygon", "coordinates": [[[-95.62389, 29.7217], [-95.62407, 29.72049], [-95.62408, 29.7201], [-95.62229, 29.72021], [-95.6205, 29.72055], [-95.61891, 29.72108], [-95.61962, 29.72807], [-95.6231, 29.72841], [-95.62392, 29.72875], [-95.62406, 29.72795], [-95.62396, 29.72661], [-95.62351, 29.72525], [-95.62351, 29.72289], [-95.62389, 29.7217]]]}, "properties": {"geoid": "482014518001", "jobs_transit_45": 225034}}, {"type": "Feature", "geometry": {"type": "Polygon", "coordinates": [[[-95.50327, 29.65448], [-95.50316, 29.64433], [-95.50038, 29.64438], [-95.50058, 29.6545], [-95.50327, 29.65448]]]}, "properties": {"geoid": "482014223012", "jobs_transit_45": 83591}}, {"type": "Feature", "geometry": {"type": "Polygon", "coordinates": [[[-95.49218, 29.66307], [-95.49206, 29.6572], [-95.48301, 29.65733], [-95.48305, 29.66084], [-95.49004, 29.66302], [-95.49035, 29.66309], [-95.49218, 29.66307]]]}, "properties": {"geoid": "482014220002", "jobs_transit_45": 183143}}, {"type": "Feature", "geometry": {"type": "Polygon", "coordinates": [[[-95.48305, 29.66084], [-95.48301, 29.65733], [-95.48136, 29.65757], [-95.47671, 29.6593], [-95.47684, 29.66654], [-95.48229, 29.66648], [-95.48219, 29.66065], [-95.48305, 29.66084]]]}, "properties": {"geoid": "482014220003", "jobs_transit_45": 155835}}, {"type": "Feature", "geometry": {"type": "Polygon", "coordinates": [[[-95.48684, 29.65303], [-95.48678, 29.64958], [-95.48333, 29.65047], [-95.48216, 29.65031], [-95.48228, 29.65048], [-95.48197, 29.65155], [-95.48167, 29.65216], [-95.48121, 29.65279], [-95.47731, 29.65669], [-95.47671, 29.6593], [-95.48136, 29.65757], [-95.48301, 29.65733], [-95.48595, 29.65725], [-95.48684, 29.65303]]]}, "properties": {"geoid": "482014221001", "jobs_transit_45": 82574}}, {"type": "Feature", "geometry": {"type": "Polygon", "coordinates": [[[-95.48678, 29.64958], [-95.48672, 29.64908], [-95.48626, 29.64759], [-95.48607, 29.6427], [-95.48512, 29.64039], [-95.48247, 29.64243], [-95.4821, 29.64465], [-95.48221, 29.64967], [-95.48216, 29.65031], [-95.48333, 29.65047], [-95.48678, 29.64958]]]}, "properties": {"geoid": "482014221002", "jobs_transit_45": 70809}}, {"type": "Feature", "geometry": {"type": "Polygon", "coordinates": [[[-95.49334, 29.64271], [-95.49317, 29.63611], [-95.48235, 29.64027], [-95.48247, 29.64243], [-95.48512, 29.64039], [-95.48607, 29.6427], [-95.48616, 29.64368], [-95.49187, 29.64361], [-95.49207, 29.64271], [-95.49334, 29.64271]]]}, "properties": {"geoid": "482014221003", "jobs_transit_45": 70747}}, {"type": "Feature", "geometry": {"type": "Polygon", "coordinates": [[[-95.49269, 29.6506], [-95.48956, 29.64947], [-95.48886, 29.64956], [-95.48678, 29.65011], [-95.48684, 29.65303], [-95.48595, 29.65725], [-95.49206, 29.6572], [-95.49269, 29.6506]]]}, "properties": {"geoid": "482014221005", "jobs_transit_45": 83553}}, {"type": "Feature", "geometry": {"type": "Polygon", "coordinates": [[[-95.49758, 29.6434], [-95.49743, 29.63562], [-95.49726, 29.63462], [-95.49317, 29.63611], [-95.49335, 29.64447], [-95.49558, 29.64442], [-95.49758, 29.6434]]]}, "properties": {"geoid": "482014222002", "jobs_transit_45": 70836}}, {"type": "Feature", "geometry": {"type": "Polygon", "coordinates": [[[-95.50058, 29.6545], [-95.50038, 29.64438], [-95.49335, 29.64447], [-95.49343, 29.64796], [-95.49269, 29.6506], [-95.49758, 29.65433], [-95.50058, 29.6545]]]}, "properties": {"geoid": "482014223021", "jobs_transit_45": 83494}}, {"type": "Feature", "geometry": {"type": "Polygon", "coordinates": [[[-95.59603, 29.69618], [-95.59591, 29.68909], [-95.58759, 29.68893], [-95.58771, 29.69616], [-95.59603, 29.69618]]]}, "properties": {"geoid": "482014529002", "jobs_transit_45": 103962}}, {"type": "Feature", "geometry": {"type": "Polygon", "coordinates": [[[-95.50108, 29.7349], [-95.51008, 29.73452], [-95.51041, 29.72933], [-95.50119, 29.73167], [-95.50108, 29.7349]]]}, "properties": {"geoid": "482014321003", "jobs_transit_45": 279401}}, {"type": "Feature", "geometry": {"type": "Polygon", "coordinates": [[[-95.5393, 29.73475], [-95.53916, 29.72773], [-95.53531, 29.7286], [-95.53559, 29.73083], [-95.53143, 29.73178], [-95.53151, 29.73557], [-95.53144, 29.73722], [-95.53888, 29.73712], [-95.5393, 29.73475]]]}, "properties": {"geoid": "482014322001", "jobs_transit_45": 296064}}, {"type": "Feature", "geometry": {"type": "Polygon", "coordinates": [[[-95.53143, 29.73178], [-95.53559, 29.73083], [-95.53531, 29.7286], [-95.53397, 29.72895], [-95.52509, 29.72904], [-95.5253, 29.73479], [-95.53148, 29.73466], [-95.53143, 29.73178]]]}, "properties": {"geoid": "482014322002", "jobs_transit_45": 287179}}, {"type": "Feature", "geometry": {"type": "Polygon", "coordinates": [[[-95.53144, 29.73722], [-95.53148, 29.73466], [-95.5253, 29.73479], [-95.52509, 29.72904], [-95.5205, 29.72907], [-95.52117, 29.73734], [-95.53144, 29.73722]]]}, "properties": {"geoid": "482014322003", "jobs_transit_45": 264374}}, {"type": "Feature", "geometry": {"type": "Polygon", "coordinates": [[[-95.55763, 29.72764], [-95.55759, 29.71827], [-95.54886, 29.71899], [-95.54887, 29.72272], [-95.54553, 29.723], [-95.54504, 29.72663], [-95.54535, 29.72817], [-95.54526, 29.72861], [-95.54732, 29.72881], [-95.55111, 29.72842], [-95.55763, 29.72764]]]}, "properties": {"geoid": "482014324002", "jobs_transit_45": 235030}}, {"type": "Feature", "geometry": {"type": "Polygon", "coordinates": [[[-95.53531, 29.7286], [-95.53249, 29.72802], [-95.53243, 29.72551], [-95.53503, 29.72472], [-95.53517, 29.72084], [-95.5354, 29.72035], [-95.53433, 29.7203], [-95.53432, 29.72009], [-95.52901, 29.72051], [-95.52916, 29.72675], [-95.52869, 29.729], [-95.53397, 29.72895], [-95.53531, 29.7286]]]}, "properties": {"geoid": "482014325002", "jobs_transit_45": 213406}}, {"type": "Feature", "geometry": {"type": "Polygon", "coordinates": [[[-95.58835, 29.7157], [-95.58807, 29.71496], [-95.57978, 29.71606], [-95.57689, 29.71538], [-95.57559, 29.71521], [-95.57539, 29.70387], [-95.57122, 29.70393], [-95.57145, 29.71707], [-95.58835, 29.7157]]]}, "properties": {"geoid": "482014524004", "jobs_transit_45": 166168}}, {"type": "Feature", "geometry": {"type": "Polygon", "coordinates": [[[-95.60468, 29.71433], [-95.60446, 29.7035], [-95.58787, 29.70375], [-95.58807, 29.71496], [-95.58835, 29.7157], [-95.60468, 29.71433]]]}, "properties": {"geoid": "482014525002", "jobs_transit_45": 28311}}, {"type": "Feature", "geometry": {"type": "Polygon", "coordinates": [[[-95.61464, 29.70351], [-95.61457, 29.69607], [-95.6044, 29.69622], [-95.60441, 29.69694], [-95.60741, 29.70045], [-95.60758, 29.70345], [-95.61464, 29.70351]]]}, "properties": {"geoid": "482014528011", "jobs_transit_45": 313785}}, {"type": "Feature", "geometry": {"type": "Polygon", "coordinates": [[[-95.6044, 29.69622], [-95.60426, 29.68895], [-95.59591, 29.68909], [-95.59603, 29.69618], [-95.6044, 29.69622]]]}, "properties": {"geoid": "482014528021", "jobs_transit_45": 306277}}, {"type": "Feature", "geometry": {"type": "Polygon", "coordinates": [[[-95.59616, 29.70362], [-95.59603, 29.69618], [-95.58771, 29.69616], [-95.58787, 29.70375], [-95.59616, 29.70362]]]}, "properties": {"geoid": "482014529001", "jobs_transit_45": 300201}}, {"type": "Feature", "geometry": {"type": "Polygon", "coordinates": [[[-95.51786, 29.70039], [-95.512, 29.69526], [-95.50875, 29.69644], [-95.50877, 29.70383], [-95.51327, 29.70443], [-95.51786, 29.70039]]]}, "properties": {"geoid": "482014227022", "jobs_transit_45": 204149}}, {"type": "Feature", "geometry": {"type": "Polygon", "coordinates": [[[-95.41074, 29.74259], [-95.41066, 29.73425], [-95.40624, 29.73427], [-95.40629, 29.73862], [-95.40706, 29.7386], [-95.40706, 29.74275], [-95.40827, 29.74277], [-95.41074, 29.74259]]]}, "properties": {"geoid": "482014108002", "jobs_transit_45": 460572}}, {"type": "Feature", "geometry": {"type": "Polygon", "coordinates": [[[-95.39949, 29.73443], [-95.39949, 29.7314], [-95.38865, 29.73219], [-95.38793, 29.73236], [-95.3871, 29.73272], [-95.38548, 29.73454], [-95.38983, 29.73452], [-95.39949, 29.73443]]]}, "properties": {"geoid": "482014109001", "jobs_transit_45": 410697}}, {"type": "Feature", "geometry": {"type": "Polygon", "coordinates": [[[-95.41879, 29.74232], [-95.41875, 29.73849], [-95.4107, 29.73856], [-95.41074, 29.74259], [-95.41879, 29.74232]]]}, "properties": {"geoid": "482014110002", "jobs_transit_45": 449334}}, {"type": "Feature", "geometry": {"type": "Polygon", "coordinates": [[[-95.41875, 29.73849], [-95.41866, 29.73075], [-95.41062, 29.73098], [-95.41064, 29.73336], [-95.41072, 29.73341], [-95.41065, 29.73511], [-95.4107, 29.73856], [-95.41875, 29.73849]]]}, "properties": {"geoid": "482014110003", "jobs_transit_45": 465470}}, {"type": "Feature", "geometry": {"type": "Polygon", "coordinates": [[[-95.41731, 29.75457], [-95.41883, 29.7484], [-95.41511, 29.749], [-95.41067, 29.74908], [-95.41073, 29.75456], [-95.40868, 29.75588], [-95.40841, 29.75641], [-95.40843, 29.75714], [-95.40869, 29.75966], [-95.40979, 29.75922], [-95.41425, 29.75839], [-95.41731, 29.75457]]]}, "properties": {"geoid": "482014111001", "jobs_transit_45": 509029}}, {"type": "Feature", "geometry": {"type": "Polygon", "coordinates": [[[-95.50118, 29.66675], [-95.50108, 29.65726], [-95.50091, 29.65669], [-95.49893, 29.65712], [-95.49489, 29.65713], [-95.49491, 29.6581], [-95.49688, 29.65823], [-95.4972, 29.6663], [-95.49819, 29.66631], [-95.49829, 29.66662], [-95.49852, 29.66676], [-95.50118, 29.66675]]]}, "properties": {"geoid": "482014224022", "jobs_transit_45": 113872}}, {"type": "Feature", "geometry": {"type": "Polygon", "coordinates": [[[-95.4972, 29.6663], [-95.49688, 29.65823], [-95.49491, 29.6581], [-95.49489, 29.65713], [-95.49206, 29.6572], [-95.49223, 29.66636], [-95.4972, 29.6663]]]}, "properties": {"geoid": "482014224024", "jobs_transit_45": 183127}}, {"type": "Feature", "geometry": {"type": "Polygon", "coordinates": [[[-95.50865, 29.67618], [-95.50858, 29.67087], [-95.50247, 29.67094], [-95.50257, 29.67689], [-95.50593, 29.67633], [-95.50865, 29.67618]]]}, "properties": {"geoid": "482014225001", "jobs_transit_45": 162206}}, {"type": "Feature", "geometry": {"type": "Polygon", "coordinates": [[[-95.53916, 29.72773], [-95.53907, 29.71972], [-95.53432, 29.72009], [-95.53433, 29.7203], [-95.5354, 29.72035], [-95.53517, 29.72084], [-95.53503, 29.72472], [-95.53243, 29.72551], [-95.53249, 29.72802], [-95.53531, 29.7286], [-95.53916, 29.72773]]]}, "properties": {"geoid": "482014325003", "jobs_transit_45": 294137}}, {"type": "Feature", "geometry": {"type": "Polygon", "coordinates": [[[-95.5205, 29.72907], [-95.52049, 29.72247], [-95.52026, 29.72125], [-95.50105, 29.7228], [-95.50114, 29.72682], [-95.50267, 29.72594], [-95.51033, 29.72583], [-95.51041, 29.72933], [-95.51687, 29.72929], [-95.5205, 29.72907]]]}, "properties": {"geoid": "482014326002", "jobs_transit_45": 277705}}, {"type": "Feature", "geometry": {"type": "Polygon", "coordinates": [[[-95.48979, 29.7318], [-95.48729, 29.7293], [-95.48757, 29.7283], [-95.48722, 29.72693], [-95.48721, 29.72637], [-95.48557, 29.72613], [-95.48418, 29.72598], [-95.4764, 29.72605], [-95.47644, 29.73151], [-95.48421, 29.73151], [-95.48979, 29.7318]]]}, "properties": {"geoid": "482014327022", "jobs_transit_45": 304990}}, {"type": "Feature", "geometry": {"type": "Polygon", "coordinates": [[[-95.50119, 29.73167], [-95.50116, 29.72811], [-95.49213, 29.72824], [-95.48909, 29.72857], [-95.48757, 29.7283], [-95.48729, 29.7293], [-95.48979, 29.7318], [-95.50119, 29.73167]]]}, "properties": {"geoid": "482014327013", "jobs_transit_45": 274944}}, {"type": "Feature", "geometry": {"type": "Polygon", "coordinates": [[[-95.50116, 29.72811], [-95.50112, 29.72575], [-95.49026, 29.72643], [-95.4872, 29.72615], [-95.48722, 29.72693], [-95.48757, 29.7283], [-95.48909, 29.72857], [-95.49213, 29.72824], [-95.50116, 29.72811]]]}, "properties": {"geoid": "482014327012", "jobs_transit_45": 265178}}, {"type": "Feature", "geometry": {"type": "Polygon", "coordinates": [[[-95.50112, 29.72575], [-95.50105, 29.7228], [-95.49165, 29.7236], [-95.49056, 29.72455], [-95.48733, 29.72588], [-95.48557, 29.72613], [-95.48721, 29.72637], [-95.4872, 29.72615], [-95.49026, 29.72643], [-95.50112, 29.72575]]]}, "properties": {"geoid": "482014327011", "jobs_transit_45": 251033}}, {"type": "Feature", "geometry": {"type": "Polygon", "coordinates": [[[-95.44841, 29.75611], [-95.44826, 29.74666], [-95.43612, 29.74724], [-95.43737, 29.75073], [-95.43754, 29.75343], [-95.43508, 29.75415], [-95.43432, 29.75186], [-95.43184, 29.75179], [-95.42788, 29.75078], [-95.4265, 29.75079], [-95.42482, 29.75119], [-95.42369, 29.75165], [-95.42092, 29.75179], [-95.42056, 29.75517], [-95.42018, 29.75563], [-95.4189, 29.75622], [-95.41668, 29.75561], [-95.41425, 29.75839], [-95.40979, 29.75922], [-95.40869, 29.75966], [-95.40884, 29.76062], [-95.41298, 29.76238], [-95.41318, 29.76055], [-95.41603, 29.76016], [-95.4183, 29.75756], [-95.42029, 29.75929], [-95.42232, 29.75735], [-95.42547, 29.75675], [-95.42786, 29.76047], [-95.42904, 29.76055], [-95.42869, 29.7598], [-95.4285, 29.75893], [-95.42896, 29.75842], [-95.42996, 29.75828], [-95.43109, 29.75877], [-95.43274, 29.75991], [-95.4332, 29.75969], [-95.43553, 29.75798], [-95.43919, 29.75921], [-95.44151, 29.75406], [-95.44265, 29.7536], [-95.44628, 29.75424], [-95.44783, 29.75589], [-95.44841, 29.75611]]]}, "properties": {"geoid": "482014112001", "jobs_transit_45": 334105}}, {"type": "Feature", "geometry": {"type": "Polygon", "coordinates": [[[-95.43754, 29.75343], [-95.43737, 29.75073], [-95.43612, 29.74724], [-95.43016, 29.74776], [-95.42226, 29.7478], [-95.41883, 29.7484], [-95.41731, 29.75457], [-95.41668, 29.75561], [-95.4189, 29.75622], [-95.42018, 29.75563], [-95.42056, 29.75517], [-95.42092, 29.75179], [-95.42369, 29.75165], [-95.42482, 29.75119], [-95.4265, 29.75079], [-95.42788, 29.75078], [-95.43184, 29.75179], [-95.43432, 29.75186], [-95.43508, 29.75415], [-95.43754, 29.75343]]]}, "properties": {"geoid": "482014112002", "jobs_transit_45": 331129}}, {"type": "Feature", "geometry": {"type": "Polygon", "coordinates": [[[-95.45574, 29.75159], [-95.45658, 29.74772], [-95.45493, 29.74675], [-95.45444, 29.74663], [-95.44826, 29.74666], [-95.44841, 29.75611], [-95.44859, 29.75617], [-95.45285, 29.7573], [-95.45507, 29.75989], [-95.45573, 29.75996], [-95.45562, 29.75293], [-95.45574, 29.75159]]]}, "properties": {"geoid": "482014113001", "jobs_transit_45": 390457}}, {"type": "Feature", "geometry": {"type": "Polygon", "coordinates": [[[-95.44826, 29.74666], [-95.44817, 29.74164], [-95.44167, 29.74174], [-95.43608, 29.74155], [-95.43612, 29.74724], [-95.44826, 29.74666]]]}, "properties": {"geoid": "482014114001", "jobs_transit_45": 428408}}, {"type": "Feature", "geometry": {"type": "Polygon", "coordinates": [[[-95.4265, 29.74779], [-95.42651, 29.7433], [-95.42651, 29.74213], [-95.42115, 29.74219], [-95.41879, 29.74232], [-95.41883, 29.7484], [-95.42226, 29.7478], [-95.4265, 29.74779]]]}, "properties": {"geoid": "482014114003", "jobs_transit_45": 381299}}, {"type": "Feature", "geometry": {"type": "Polygon", "coordinates": [[[-95.45543, 29.73807], [-95.45231, 29.73303], [-95.45141, 29.7303], [-95.44793, 29.73005], [-95.44817, 29.74164], [-95.45345, 29.74132], [-95.45341, 29.73813], [-95.45543, 29.73807]]]}, "properties": {"geoid": "482014116001", "jobs_transit_45": 413187}}, {"type": "Feature", "geometry": {"type": "Polygon", "coordinates": [[[-95.45884, 29.73787], [-95.46044, 29.72896], [-95.45584, 29.73027], [-95.45141, 29.7303], [-95.45231, 29.73303], [-95.45543, 29.73807], [-95.45341, 29.73813], [-95.45345, 29.74132], [-95.45773, 29.74108], [-95.45831, 29.74095], [-95.45884, 29.73787]]]}, "properties": {"geoid": "482014116002", "jobs_transit_45": 386074}}, {"type": "Feature", "geometry": {"type": "Polygon", "coordinates": [[[-95.5029, 29.68979], [-95.50249, 29.6894], [-95.50192, 29.68904], [-95.50013, 29.68834], [-95.49866, 29.68822], [-95.49857, 29.68175], [-95.49282, 29.68182], [-95.4928, 29.68506], [-95.49242, 29.68826], [-95.4929, 29.69069], [-95.493, 29.69481], [-95.5029, 29.68979]]]}, "properties": {"geoid": "482014226001", "jobs_transit_45": 249564}}, {"type": "Feature", "geometry": {"type": "Polygon", "coordinates": [[[-95.50383, 29.68929], [-95.50366, 29.68184], [-95.5001, 29.68176], [-95.49857, 29.68175], [-95.49866, 29.68822], [-95.50013, 29.68834], [-95.50192, 29.68904], [-95.50249, 29.6894], [-95.5029, 29.68979], [-95.50383, 29.68929]]]}, "properties": {"geoid": "482014226002", "jobs_transit_45": 225244}}, {"type": "Feature", "geometry": {"type": "Polygon", "coordinates": [[[-95.50872, 29.68162], [-95.50865, 29.67618], [-95.50593, 29.67633], [-95.50286, 29.67738], [-95.49485, 29.67851], [-95.4932, 29.67818], [-95.4928, 29.67943], [-95.49282, 29.68182], [-95.5001, 29.68176], [-95.50528, 29.68165], [-95.50872, 29.68162]]]}, "properties": {"geoid": "482014226003", "jobs_transit_45": 90360}}, {"type": "Feature", "geometry": {"type": "Polygon", "coordinates": [[[-95.50875, 29.68679], [-95.50872, 29.68162], [-95.50528, 29.68165], [-95.50366, 29.68184], [-95.50383, 29.68929], [-95.50875, 29.68679]]]}, "properties": {"geoid": "482014226004", "jobs_transit_45": 220707}}, {"type": "Feature", "geometry": {"type": "Polygon", "coordinates": [[[-95.50442, 29.70499], [-95.50386, 29.70328], [-95.50355, 29.70166], [-95.50105, 29.7019], [-95.49612, 29.7004], [-95.493, 29.70025], [-95.49306, 29.70546], [-95.50116, 29.7054], [-95.5027, 29.70531], [-95.50442, 29.70499]]]}, "properties": {"geoid": "482014227012", "jobs_transit_45": 316063}}, {"type": "Feature", "geometry": {"type": "Polygon", "coordinates": [[[-95.512, 29.69526], [-95.50997, 29.69202], [-95.50615, 29.69171], [-95.50421, 29.6965], [-95.50379, 29.69783], [-95.50354, 29.69922], [-95.50348, 29.70083], [-95.50358, 29.70189], [-95.50386, 29.70328], [-95.50442, 29.70499], [-95.50479, 29.70492], [-95.50877, 29.70383], [-95.50875, 29.69644], [-95.512, 29.69526]]]}, "properties": {"geoid": "482014227021", "jobs_transit_45": 209726}}, {"type": "Feature", "geometry": {"type": "Polygon", "coordinates": [[[-95.53894, 29.71449], [-95.53884, 29.70896], [-95.53799, 29.705], [-95.53616, 29.70502], [-95.53377, 29.70706], [-95.535, 29.71055], [-95.5351, 29.71455], [-95.53894, 29.71449]]]}, "properties": {"geoid": "482014329021", "jobs_transit_45": 334274}}, {"type": "Feature", "geometry": {"type": "Polygon", "coordinates": [[[-95.51786, 29.70039], [-95.52707, 29.6922], [-95.52717, 29.69211], [-95.52579, 29.69171], [-95.52604, 29.69058], [-95.52386, 29.69065], [-95.52381, 29.6811], [-95.52249, 29.67988], [-95.52174, 29.68025], [-95.52188, 29.69157], [-95.51383, 29.69111], [-95.50997, 29.69202], [-95.512, 29.69526], [-95.51786, 29.70039]]]}, "properties": {"geoid": "482014228001", "jobs_transit_45": 194112}}, {"type": "Feature", "geometry": {"type": "Polygon", "coordinates": [[[-95.51383, 29.69111], [-95.52188, 29.69157], [-95.52174, 29.68025], [-95.51347, 29.68439], [-95.51351, 29.68655], [-95.51378, 29.68757], [-95.51383, 29.69111]]]}, "properties": {"geoid": "482014228003", "jobs_transit_45": 187202}}, {"type": "Feature", "geometry": {"type": "Polygon", "coordinates": [[[-95.52026, 29.72125], [-95.52003, 29.72026], [-95.52, 29.71776], [-95.51356, 29.71772], [-95.51369, 29.71674], [-95.51362, 29.71307], [-95.5106, 29.7131], [-95.50987, 29.71298], [-95.50867, 29.71238], [-95.50647, 29.71049], [-95.49165, 29.7236], [-95.52026, 29.72125]]]}, "properties": {"geoid": "482014328011", "jobs_transit_45": 318714}}, {"type": "Feature", "geometry": {"type": "Polygon", "coordinates": [[[-95.03067, 29.63275], [-95.0319, 29.63035], [-95.01852, 29.63056], [-95.01885, 29.64596], [-95.02048, 29.6456], [-95.02513, 29.65017], [-95.02989, 29.65234], [-95.02952, 29.6382], [-95.03067, 29.63275]]]}, "properties": {"geoid": "482013418002", "jobs_transit_45": null}}, {"type": "Feature", "geometry": {"type": "Polygon", "coordinates": [[[-95.44793, 29.73005], [-95.44785, 29.72865], [-95.44783, 29.72453], [-95.44312, 29.7246], [-95.44304, 29.72035], [-95.43755, 29.72312], [-95.43793, 29.72371], [-95.43806, 29.72406], [-95.43812, 29.72725], [-95.44139, 29.72752], [-95.42797, 29.72859], [-95.42816, 29.73005], [-95.43289, 29.72939], [-95.44162, 29.72901], [-95.44793, 29.73005]]]}, "properties": {"geoid": "482014118003", "jobs_transit_45": 392368}}, {"type": "Feature", "geometry": {"type": "Polygon", "coordinates": [[[-95.54612, 29.69531], [-95.54623, 29.69403], [-95.54617, 29.69057], [-95.53768, 29.69067], [-95.53521, 29.69115], [-95.53777, 29.69653], [-95.53791, 29.6989], [-95.54154, 29.69823], [-95.54185, 29.69661], [-95.54561, 29.69665], [-95.54612, 29.69531]]]}, "properties": {"geoid": "482014332022", "jobs_transit_45": 195766}}, {"type": "Feature", "geometry": {"type": "Polygon", "coordinates": [[[-95.5523, 29.70181], [-95.55214, 29.69408], [-95.54959, 29.69413], [-95.54964, 29.69885], [-95.54737, 29.69965], [-95.54972, 29.69979], [-95.54981, 29.70372], [-95.54667, 29.70394], [-95.54669, 29.70491], [-95.55147, 29.70482], [-95.55151, 29.70378], [-95.5523, 29.70181]]]}, "properties": {"geoid": "482014332011", "jobs_transit_45": 168914}}, {"type": "Feature", "geometry": {"type": "Polygon", "coordinates": [[[-95.15614, 29.66038], [-95.15615, 29.65972], [-95.151, 29.65982], [-95.14704, 29.65982], [-95.14672, 29.65749], [-95.13513, 29.65769], [-95.13353, 29.65367], [-95.12918, 29.6505], [-95.12238, 29.65049], [-95.12423, 29.65346], [-95.13268, 29.66351], [-95.13549, 29.66346], [-95.1409, 29.66567], [-95.15566, 29.66566], [-95.15614, 29.66038]]]}, "properties": {"geoid": "482013421001", "jobs_transit_45": null}}, {"type": "Feature", "geometry": {"type": "Polygon", "coordinates": [[[-95.15615, 29.65972], [-95.15602, 29.65179], [-95.15613, 29.64986], [-95.15044, 29.65026], [-95.14921, 29.65029], [-95.12918, 29.6505], [-95.13353, 29.65367], [-95.13513, 29.65769], [-95.14672, 29.65749], [-95.14704, 29.65982], [-95.151, 29.65982], [-95.15615, 29.65972]]]}, "properties": {"geoid": "482013421002", "jobs_transit_45": null}}, {"type": "Feature", "geometry": {"type": "Polygon", "coordinates": [[[-95.39945, 29.72573], [-95.39881, 29.72249], [-95.39821, 29.7227], [-95.39366, 29.72064], [-95.39133, 29.72358], [-95.39064, 29.72407], [-95.39063, 29.72454], [-95.38448, 29.73225], [-95.38886, 29.73219], [-95.3911, 29.73202], [-95.39105, 29.72856], [-95.39946, 29.72788], [-95.39945, 29.72573]]]}, "properties": {"geoid": "482014119003", "jobs_transit_45": 489721}}, {"type": "Feature", "geometry": {"type": "Polygon", "coordinates": [[[-95.39949, 29.7314], [-95.39946, 29.72788], [-95.39105, 29.72856], [-95.3911, 29.73202], [-95.39949, 29.7314]]]}, "properties": {"geoid": "482014119001", "jobs_transit_45": 418136}}, {"type": "Feature", "geometry": {"type": "Polygon", "coordinates": [[[-95.4128, 29.72556], [-95.41272, 29.71749], [-95.41165, 29.71761], [-95.41094, 29.7178], [-95.40725, 29.7192], [-95.40825, 29.72124], [-95.4086, 29.72278], [-95.40864, 29.72561], [-95.4128, 29.72556]]]}, "properties": {"geoid": "482014120003", "jobs_transit_45": 443320}}, {"type": "Feature", "geometry": {"type": "Polygon", "coordinates": [[[-95.41272, 29.71749], [-95.41268, 29.71511], [-95.41132, 29.71492], [-95.40088, 29.71149], [-95.39366, 29.72064], [-95.39821, 29.7227], [-95.41094, 29.7178], [-95.41165, 29.71761], [-95.41272, 29.71749]]]}, "properties": {"geoid": "482014121001", "jobs_transit_45": 443446}}, {"type": "Feature", "geometry": {"type": "Polygon", "coordinates": [[[-95.41268, 29.71511], [-95.41262, 29.71022], [-95.40514, 29.71029], [-95.40411, 29.70934], [-95.40309, 29.70873], [-95.40088, 29.71149], [-95.41132, 29.71492], [-95.41268, 29.71511]]]}, "properties": {"geoid": "482014122002", "jobs_transit_45": 448673}}, {"type": "Feature", "geometry": {"type": "Polygon", "coordinates": [[[-95.41262, 29.71022], [-95.41254, 29.705], [-95.41224, 29.70405], [-95.41173, 29.70321], [-95.40726, 29.70345], [-95.40309, 29.70873], [-95.40411, 29.70934], [-95.40514, 29.71029], [-95.41262, 29.71022]]]}, "properties": {"geoid": "482014122003", "jobs_transit_45": 413527}}, {"type": "Feature", "geometry": {"type": "Polygon", "coordinates": [[[-95.41828, 29.7044], [-95.41828, 29.70434], [-95.41825, 29.70071], [-95.41489, 29.70073], [-95.41522, 29.69785], [-95.41449, 29.69782], [-95.41355, 29.69767], [-95.41145, 29.6972], [-95.40809, 29.69994], [-95.40765, 29.70046], [-95.40721, 29.70083], [-95.40245, 29.70238], [-95.40302, 29.70624], [-95.40507, 29.70625], [-95.40726, 29.70345], [-95.41173, 29.70321], [-95.41214, 29.70384], [-95.41247, 29.70468], [-95.41828, 29.7044]]]}, "properties": {"geoid": "482014122001", "jobs_transit_45": 376656}}, {"type": "Feature", "geometry": {"type": "Polygon", "coordinates": [[[-95.42245, 29.71962], [-95.42225, 29.71514], [-95.42207, 29.71505], [-95.41841, 29.71506], [-95.41859, 29.7255], [-95.42212, 29.72543], [-95.42204, 29.7204], [-95.4221, 29.72009], [-95.42245, 29.71962]]]}, "properties": {"geoid": "482014123001", "jobs_transit_45": 363673}}, {"type": "Feature", "geometry": {"type": "Polygon", "coordinates": [[[-95.53006, 29.68906], [-95.53076, 29.68806], [-95.52862, 29.68576], [-95.5285, 29.67927], [-95.52837, 29.67689], [-95.52249, 29.67988], [-95.52381, 29.6811], [-95.52386, 29.69065], [-95.52604, 29.69058], [-95.52579, 29.69171], [-95.52717, 29.69211], [-95.52868, 29.69072], [-95.53006, 29.68906]]]}, "properties": {"geoid": "482014229001", "jobs_transit_45": 168480}}, {"type": "Feature", "geometry": {"type": "Polygon", "coordinates": [[[-95.54219, 29.67588], [-95.53663, 29.67628], [-95.53606, 29.67623], [-95.52958, 29.67647], [-95.52837, 29.67689], [-95.5285, 29.67927], [-95.52862, 29.68576], [-95.53076, 29.68806], [-95.53578, 29.68183], [-95.54219, 29.67588]]]}, "properties": {"geoid": "482014229002", "jobs_transit_45": 148247}}, {"type": "Feature", "geometry": {"type": "Polygon", "coordinates": [[[-95.51465, 29.67674], [-95.51577, 29.67362], [-95.50865, 29.67618], [-95.50875, 29.68679], [-95.511, 29.68563], [-95.51083, 29.67841], [-95.51438, 29.67733], [-95.51465, 29.67674]]]}, "properties": {"geoid": "482014230001", "jobs_transit_45": 241041}}, {"type": "Feature", "geometry": {"type": "Polygon", "coordinates": [[[-95.53053, 29.67642], [-95.53027, 29.67383], [-95.52943, 29.67316], [-95.5258, 29.67195], [-95.52519, 29.67188], [-95.52093, 29.67219], [-95.51577, 29.67362], [-95.51465, 29.67674], [-95.51716, 29.67757], [-95.51778, 29.67814], [-95.51846, 29.68189], [-95.52791, 29.67709], [-95.52958, 29.67647], [-95.53053, 29.67642]]]}, "properties": {"geoid": "482014230002", "jobs_transit_45": 72632}}, {"type": "Feature", "geometry": {"type": "Polygon", "coordinates": [[[-95.55612, 29.65847], [-95.55394, 29.65646], [-95.55037, 29.65349], [-95.54554, 29.65578], [-95.54242, 29.6563], [-95.54249, 29.66055], [-95.54084, 29.66058], [-95.54093, 29.66597], [-95.53661, 29.66603], [-95.53667, 29.67008], [-95.53675, 29.67039], [-95.53746, 29.66971], [-95.53789, 29.66904], [-95.54287, 29.66822], [-95.55017, 29.66192], [-95.55444, 29.65947], [-95.55612, 29.65847]]]}, "properties": {"geoid": "482014232011", "jobs_transit_45": 40677}}, {"type": "Feature", "geometry": {"type": "Polygon", "coordinates": [[[-95.51551, 29.67217], [-95.51636, 29.67077], [-95.51634, 29.66556], [-95.50855, 29.66564], [-95.50865, 29.67618], [-95.51577, 29.67362], [-95.51551, 29.67217]]]}, "properties": {"geoid": "482014233012", "jobs_transit_45": 158611}}, {"type": "Feature", "geometry": {"type": "Polygon", "coordinates": [[[-95.52811, 29.66498], [-95.52803, 29.65569], [-95.52539, 29.65574], [-95.51555, 29.65567], [-95.51419, 29.65583], [-95.51427, 29.65996], [-95.52126, 29.65999], [-95.52128, 29.66549], [-95.52432, 29.66547], [-95.52811, 29.66498]]]}, "properties": {"geoid": "482014233023", "jobs_transit_45": 40924}}, {"type": "Feature", "geometry": {"type": "Polygon", "coordinates": [[[-95.52128, 29.66549], [-95.52126, 29.65999], [-95.51427, 29.65996], [-95.51427, 29.66055], [-95.51098, 29.66057], [-95.51108, 29.66223], [-95.51216, 29.66424], [-95.51229, 29.66468], [-95.51232, 29.66561], [-95.52128, 29.66549]]]}, "properties": {"geoid": "482014233021", "jobs_transit_45": 70896}}, {"type": "Feature", "geometry": {"type": "Polygon", "coordinates": [[[-95.53799, 29.705], [-95.53791, 29.6989], [-95.53777, 29.69653], [-95.53607, 29.69576], [-95.53029, 29.6968], [-95.52826, 29.69668], [-95.52776, 29.69984], [-95.52782, 29.70409], [-95.52525, 29.7041], [-95.52525, 29.70512], [-95.53799, 29.705]]]}, "properties": {"geoid": "482014333001", "jobs_transit_45": 224206}}, {"type": "Feature", "geometry": {"type": "Polygon", "coordinates": [[[-95.52776, 29.69984], [-95.52826, 29.69668], [-95.52608, 29.69622], [-95.52444, 29.69458], [-95.51786, 29.70039], [-95.52131, 29.70514], [-95.52525, 29.70512], [-95.52525, 29.7041], [-95.52782, 29.70409], [-95.52776, 29.69984]]]}, "properties": {"geoid": "482014333002", "jobs_transit_45": 194478}}, {"type": "Feature", "geometry": {"type": "Polygon", "coordinates": [[[-95.53777, 29.69653], [-95.53521, 29.69115], [-95.53076, 29.68806], [-95.53006, 29.68906], [-95.52868, 29.69072], [-95.52444, 29.69458], [-95.52608, 29.69622], [-95.53029, 29.6968], [-95.53607, 29.69576], [-95.53777, 29.69653]]]}, "properties": {"geoid": "482014333003", "jobs_transit_45": 208537}}, {"type": "Feature", "geometry": {"type": "Polygon", "coordinates": [[[-95.56029, 29.66852], [-95.55966, 29.66428], [-95.55813, 29.66105], [-95.54893, 29.66963], [-95.55088, 29.67109], [-95.55493, 29.67057], [-95.55499, 29.66774], [-95.55968, 29.66764], [-95.55973, 29.66806], [-95.56029, 29.66852]]]}, "properties": {"geoid": "482014336002", "jobs_transit_45": 150335}}, {"type": "Feature", "geometry": {"type": "Polygon", "coordinates": [[[-95.15527, 29.68153], [-95.15606, 29.6782], [-95.15595, 29.67068], [-95.14291, 29.67117], [-95.13653, 29.67128], [-95.13605, 29.6714], [-95.13655, 29.67259], [-95.13761, 29.67383], [-95.151, 29.68168], [-95.15527, 29.68153]]]}, "properties": {"geoid": "482013422001", "jobs_transit_45": null}}, {"type": "Feature", "geometry": {"type": "Polygon", "coordinates": [[[-95.15595, 29.67068], [-95.15566, 29.66566], [-95.1409, 29.66567], [-95.14101, 29.67119], [-95.14291, 29.67117], [-95.15595, 29.67068]]]}, "properties": {"geoid": "482013422002", "jobs_transit_45": null}}, {"type": "Feature", "geometry": {"type": "Polygon", "coordinates": [[[-95.14101, 29.67119], [-95.1409, 29.66567], [-95.13549, 29.66346], [-95.13268, 29.66351], [-95.13605, 29.6714], [-95.13653, 29.67128], [-95.14101, 29.67119]]]}, "properties": {"geoid": "482013422003", "jobs_transit_45": null}}, {"type": "Feature", "geometry": {"type": "Polygon", "coordinates": [[[-95.14467, 29.67798], [-95.14019, 29.67537], [-95.13932, 29.6763], [-95.12323, 29.67645], [-95.12328, 29.67921], [-95.12927, 29.68192], [-95.14263, 29.68174], [-95.14261, 29.67787], [-95.14467, 29.67798]]]}, "properties": {"geoid": "482013423001", "jobs_transit_45": null}}, {"type": "Feature", "geometry": {"type": "Polygon", "coordinates": [[[-95.4232, 29.71504], [-95.42303, 29.70613], [-95.4183, 29.70617], [-95.41841, 29.71506], [-95.4232, 29.71504]]]}, "properties": {"geoid": "482014123002", "jobs_transit_45": 396048}}, {"type": "Feature", "geometry": {"type": "Polygon", "coordinates": [[[-95.42993, 29.71494], [-95.42978, 29.70608], [-95.42303, 29.70613], [-95.4232, 29.71504], [-95.42993, 29.71494]]]}, "properties": {"geoid": "482014123003", "jobs_transit_45": 399544}}, {"type": "Feature", "geometry": {"type": "Polygon", "coordinates": [[[-95.43003, 29.71994], [-95.42993, 29.71494], [-95.42207, 29.71505], [-95.42225, 29.71514], [-95.42245, 29.71962], [-95.42207, 29.72024], [-95.42769, 29.72017], [-95.42769, 29.71997], [-95.43003, 29.71994]]]}, "properties": {"geoid": "482014123004", "jobs_transit_45": 373989}}, {"type": "Feature", "geometry": {"type": "Polygon", "coordinates": [[[-95.43011, 29.72531], [-95.43003, 29.71994], [-95.42769, 29.71997], [-95.42769, 29.72017], [-95.42207, 29.72024], [-95.42212, 29.72543], [-95.43011, 29.72531]]]}, "properties": {"geoid": "482014123005", "jobs_transit_45": 343055}}, {"type": "Feature", "geometry": {"type": "Polygon", "coordinates": [[[-95.44128, 29.72125], [-95.44121, 29.71735], [-95.44116, 29.7175], [-95.43743, 29.71756], [-95.43745, 29.71773], [-95.43368, 29.71781], [-95.43348, 29.72363], [-95.43358, 29.72372], [-95.43596, 29.72368], [-95.43612, 29.72375], [-95.43638, 29.72374], [-95.44128, 29.72125]]]}, "properties": {"geoid": "482014124002", "jobs_transit_45": 334031}}, {"type": "Feature", "geometry": {"type": "Polygon", "coordinates": [[[-95.54554, 29.65578], [-95.55037, 29.65349], [-95.53701, 29.64228], [-95.53693, 29.64223], [-95.53616, 29.6429], [-95.53602, 29.64324], [-95.53627, 29.6563], [-95.54242, 29.6563], [-95.54554, 29.65578]]]}, "properties": {"geoid": "482014235001", "jobs_transit_45": 53918}}, {"type": "Feature", "geometry": {"type": "Polygon", "coordinates": [[[-95.53607, 29.6454], [-95.53604, 29.64307], [-95.53682, 29.64233], [-95.53693, 29.64223], [-95.53372, 29.63957], [-95.53101, 29.63714], [-95.53015, 29.63792], [-95.52792, 29.64193], [-95.53258, 29.64496], [-95.53466, 29.64543], [-95.53607, 29.6454]]]}, "properties": {"geoid": "482014236001", "jobs_transit_45": 51527}}, {"type": "Feature", "geometry": {"type": "Polygon", "coordinates": [[[-95.53015, 29.63792], [-95.53101, 29.63714], [-95.51833, 29.62659], [-95.51435, 29.62808], [-95.51466, 29.62856], [-95.5154, 29.6315], [-95.51912, 29.63146], [-95.51868, 29.64188], [-95.5211, 29.64188], [-95.52792, 29.64193], [-95.53015, 29.63792]]]}, "properties": {"geoid": "482014236002", "jobs_transit_45": null}}, {"type": "Feature", "geometry": {"type": "Polygon", "coordinates": [[[-95.5188, 29.63808], [-95.51912, 29.63146], [-95.5154, 29.6315], [-95.51466, 29.62856], [-95.51437, 29.62841], [-95.50759, 29.63098], [-95.50812, 29.63266], [-95.5082, 29.63449], [-95.51526, 29.63429], [-95.515, 29.63847], [-95.5188, 29.63808]]]}, "properties": {"geoid": "482014236003", "jobs_transit_45": 132905}}, {"type": "Feature", "geometry": {"type": "Polygon", "coordinates": [[[-95.15337, 29.71209], [-95.15346, 29.69551], [-95.15349, 29.69009], [-95.14528, 29.68979], [-95.14282, 29.69061], [-95.14273, 29.69592], [-95.14361, 29.7012], [-95.14501, 29.70119], [-95.14493, 29.71173], [-95.14916, 29.71196], [-95.15337, 29.71209]]]}, "properties": {"geoid": "482013424001", "jobs_transit_45": null}}, {"type": "Feature", "geometry": {"type": "Polygon", "coordinates": [[[-95.55587, 29.64237], [-95.55774, 29.64244], [-95.55466, 29.64102], [-95.54404, 29.6414], [-95.54183, 29.64194], [-95.54098, 29.64251], [-95.53913, 29.64411], [-95.55037, 29.65349], [-95.55279, 29.65279], [-95.55262, 29.6425], [-95.55566, 29.64247], [-95.55587, 29.64237]]]}, "properties": {"geoid": "482014401002", "jobs_transit_45": 40802}}, {"type": "Feature", "geometry": {"type": "Polygon", "coordinates": [[[-95.55466, 29.64102], [-95.52093, 29.62554], [-95.51833, 29.62659], [-95.53101, 29.63714], [-95.53372, 29.63957], [-95.53913, 29.64411], [-95.54098, 29.64251], [-95.54183, 29.64194], [-95.54404, 29.6414], [-95.55466, 29.64102]]]}, "properties": {"geoid": "482014401003", "jobs_transit_45": null}}, {"type": "Feature", "geometry": {"type": "Polygon", "coordinates": [[[-95.58234, 29.77773], [-95.58242, 29.77325], [-95.58162, 29.77311], [-95.58003, 29.77269], [-95.57877, 29.77258], [-95.57594, 29.7726], [-95.57591, 29.77349], [-95.57561, 29.77544], [-95.57566, 29.78409], [-95.58159, 29.78415], [-95.58234, 29.77773]]]}, "properties": {"geoid": "482014502002", "jobs_transit_45": 159881}}, {"type": "Feature", "geometry": {"type": "Polygon", "coordinates": [[[-95.15348, 29.68848], [-95.15367, 29.68702], [-95.1545, 29.68391], [-95.15519, 29.68173], [-95.15527, 29.68153], [-95.151, 29.68168], [-95.14467, 29.67798], [-95.14261, 29.67787], [-95.1427, 29.68858], [-95.14282, 29.69061], [-95.14528, 29.68979], [-95.15349, 29.69009], [-95.15348, 29.68848]]]}, "properties": {"geoid": "482013424002", "jobs_transit_45": null}}, {"type": "Feature", "geometry": {"type": "Polygon", "coordinates": [[[-95.44619, 29.70594], [-95.44617, 29.70458], [-95.44017, 29.70465], [-95.43558, 29.70459], [-95.43312, 29.70476], [-95.43314, 29.70605], [-95.43366, 29.70604], [-95.43374, 29.7102], [-95.43728, 29.71015], [-95.4372, 29.70603], [-95.44619, 29.70594]]]}, "properties": {"geoid": "482014125002", "jobs_transit_45": 400443}}, {"type": "Feature", "geometry": {"type": "Polygon", "coordinates": [[[-95.14282, 29.69061], [-95.1427, 29.68858], [-95.14263, 29.68174], [-95.12927, 29.68192], [-95.12328, 29.67921], [-95.12349, 29.68955], [-95.13751, 29.68909], [-95.14282, 29.69061]]]}, "properties": {"geoid": "482013425001", "jobs_transit_45": null}}, {"type": "Feature", "geometry": {"type": "Polygon", "coordinates": [[[-95.14361, 29.7012], [-95.14273, 29.69592], [-95.14282, 29.69061], [-95.13751, 29.68909], [-95.12349, 29.68955], [-95.12376, 29.69989], [-95.13087, 29.70087], [-95.14165, 29.70123], [-95.14361, 29.7012]]]}, "properties": {"geoid": "482013425002", "jobs_transit_45": null}}, {"type": "Feature", "geometry": {"type": "Polygon", "coordinates": [[[-95.14493, 29.71173], [-95.14501, 29.70119], [-95.14165, 29.70123], [-95.13087, 29.70087], [-95.12376, 29.69989], [-95.12401, 29.7115], [-95.13044, 29.71161], [-95.13508, 29.71143], [-95.14493, 29.71173]]]}, "properties": {"geoid": "482013425003", "jobs_transit_45": null}}, {"type": "Feature", "geometry": {"type": "Polygon", "coordinates": [[[-95.43736, 29.71485], [-95.43795, 29.7146], [-95.43789, 29.70803], [-95.43777, 29.70602], [-95.4372, 29.70603], [-95.43728, 29.71015], [-95.43374, 29.7102], [-95.43366, 29.70604], [-95.43305, 29.70604], [-95.43313, 29.70906], [-95.43301, 29.70975], [-95.43314, 29.71491], [-95.43736, 29.71485]]]}, "properties": {"geoid": "482014125001", "jobs_transit_45": 226321}}, {"type": "Feature", "geometry": {"type": "Polygon", "coordinates": [[[-95.44765, 29.71798], [-95.44754, 29.71238], [-95.44687, 29.7124], [-95.44689, 29.71312], [-95.44113, 29.71295], [-95.4412, 29.7167], [-95.44287, 29.71668], [-95.44309, 29.71683], [-95.44695, 29.71677], [-95.44765, 29.71798]]]}, "properties": {"geoid": "482014126003", "jobs_transit_45": 349145}}, {"type": "Feature", "geometry": {"type": "Polygon", "coordinates": [[[-95.46032, 29.72024], [-95.46024, 29.71158], [-95.45341, 29.71503], [-95.45137, 29.71447], [-95.44765, 29.71798], [-95.44778, 29.72271], [-95.45152, 29.72267], [-95.45149, 29.7204], [-95.46032, 29.72024]]]}, "properties": {"geoid": "482014127001", "jobs_transit_45": 333971}}, {"type": "Feature", "geometry": {"type": "Polygon", "coordinates": [[[-95.46024, 29.71158], [-95.46023, 29.70987], [-95.46012, 29.70874], [-95.45946, 29.70578], [-95.4474, 29.70592], [-95.44765, 29.71798], [-95.45137, 29.71447], [-95.45341, 29.71503], [-95.46024, 29.71158]]]}, "properties": {"geoid": "482014127002", "jobs_transit_45": 360087}}, {"type": "Feature", "geometry": {"type": "Polygon", "coordinates": [[[-95.45946, 29.70578], [-95.45933, 29.70497], [-95.45922, 29.69854], [-95.45121, 29.69861], [-95.45119, 29.69914], [-95.44725, 29.69917], [-95.4474, 29.70592], [-95.45946, 29.70578]]]}, "properties": {"geoid": "482014128001", "jobs_transit_45": 221153}}, {"type": "Feature", "geometry": {"type": "Polygon", "coordinates": [[[-95.45922, 29.69854], [-95.45922, 29.69782], [-95.45861, 29.69492], [-95.45124, 29.69498], [-95.4511, 29.69421], [-95.44714, 29.69426], [-95.44725, 29.69917], [-95.45119, 29.69914], [-95.45121, 29.69861], [-95.45922, 29.69854]]]}, "properties": {"geoid": "482014128002", "jobs_transit_45": 121351}}, {"type": "Feature", "geometry": {"type": "Polygon", "coordinates": [[[-95.45922, 29.69782], [-95.45911, 29.69009], [-95.45108, 29.69016], [-95.45105, 29.68931], [-95.44909, 29.68988], [-95.44706, 29.68996], [-95.44714, 29.69426], [-95.4511, 29.69421], [-95.45124, 29.69498], [-95.45861, 29.69492], [-95.45922, 29.69782]]]}, "properties": {"geoid": "482014128003", "jobs_transit_45": 136389}}, {"type": "Feature", "geometry": {"type": "Polygon", "coordinates": [[[-95.45911, 29.69009], [-95.45906, 29.6814], [-95.4571, 29.68114], [-95.45509, 29.68157], [-95.44805, 29.6872], [-95.44702, 29.68732], [-95.44706, 29.68996], [-95.44909, 29.68988], [-95.45105, 29.68931], [-95.45108, 29.69016], [-95.45911, 29.69009]]]}, "properties": {"geoid": "482014129001", "jobs_transit_45": 462298}}, {"type": "Feature", "geometry": {"type": "Polygon", "coordinates": [[[-95.4474, 29.70592], [-95.44702, 29.68732], [-95.44611, 29.68757], [-95.44257, 29.69075], [-95.44008, 29.69064], [-95.44015, 29.70108], [-95.44276, 29.70148], [-95.44279, 29.70462], [-95.44617, 29.70458], [-95.44619, 29.70594], [-95.4474, 29.70592]]]}, "properties": {"geoid": "482014130001", "jobs_transit_45": 295953}}, {"type": "Feature", "geometry": {"type": "Polygon", "coordinates": [[[-95.51868, 29.64188], [-95.5188, 29.63808], [-95.515, 29.63847], [-95.51526, 29.63429], [-95.5082, 29.63449], [-95.5083, 29.64424], [-95.51168, 29.64421], [-95.51868, 29.64188]]]}, "properties": {"geoid": "482014236004", "jobs_transit_45": 133017}}, {"type": "Feature", "geometry": {"type": "Polygon", "coordinates": [[[-95.5903, 29.78493], [-95.59004, 29.77318], [-95.58999, 29.77232], [-95.5898, 29.77124], [-95.58677, 29.77304], [-95.58576, 29.77324], [-95.58242, 29.77325], [-95.58234, 29.77773], [-95.58159, 29.78415], [-95.57566, 29.78409], [-95.57566, 29.78488], [-95.5903, 29.78493]]]}, "properties": {"geoid": "482014502001", "jobs_transit_45": 82510}}, {"type": "Feature", "geometry": {"type": "Polygon", "coordinates": [[[-95.60649, 29.78425], [-95.6063, 29.77552], [-95.60628, 29.7701], [-95.60043, 29.7702], [-95.59886, 29.77785], [-95.59922, 29.78257], [-95.60234, 29.78259], [-95.60236, 29.78425], [-95.60649, 29.78425]]]}, "properties": {"geoid": "482014503001", "jobs_transit_45": 102828}}, {"type": "Feature", "geometry": {"type": "Polygon", "coordinates": [[[-95.60651, 29.78496], [-95.60649, 29.78425], [-95.60236, 29.78425], [-95.60234, 29.78259], [-95.59922, 29.78257], [-95.59886, 29.77785], [-95.59879, 29.77736], [-95.59527, 29.77631], [-95.59422, 29.77628], [-95.59433, 29.78163], [-95.59026, 29.78227], [-95.5903, 29.78493], [-95.60651, 29.78496]]]}, "properties": {"geoid": "482014503002", "jobs_transit_45": 40963}}, {"type": "Feature", "geometry": {"type": "Polygon", "coordinates": [[[-95.59879, 29.77736], [-95.60043, 29.7702], [-95.5978, 29.77023], [-95.59371, 29.76997], [-95.59187, 29.77023], [-95.5898, 29.77124], [-95.59002, 29.77271], [-95.5901, 29.77576], [-95.5942, 29.7755], [-95.59422, 29.77628], [-95.59527, 29.77631], [-95.59879, 29.77736]]]}, "properties": {"geoid": "482014503004", "jobs_transit_45": 95000}}, {"type": "Feature", "geometry": {"type": "Polygon", "coordinates": [[[-95.62378, 29.78507], [-95.62381, 29.78065], [-95.62382, 29.77991], [-95.61824, 29.77766], [-95.61568, 29.77422], [-95.61513, 29.77342], [-95.61488, 29.77354], [-95.6134, 29.77378], [-95.61246, 29.77615], [-95.60733, 29.77614], [-95.60632, 29.77633], [-95.60651, 29.78496], [-95.62378, 29.78507]]]}, "properties": {"geoid": "482014504001", "jobs_transit_45": 114822}}, {"type": "Feature", "geometry": {"type": "Polygon", "coordinates": [[[-95.6134, 29.77378], [-95.61488, 29.77354], [-95.61513, 29.77342], [-95.61451, 29.7728], [-95.61413, 29.77254], [-95.61025, 29.77044], [-95.60628, 29.7701], [-95.60635, 29.77378], [-95.6134, 29.77378]]]}, "properties": {"geoid": "482014504003", "jobs_transit_45": 113903}}, {"type": "Feature", "geometry": {"type": "Polygon", "coordinates": [[[-95.12376, 29.69989], [-95.12349, 29.68955], [-95.11336, 29.68973], [-95.11357, 29.70005], [-95.12376, 29.69989]]]}, "properties": {"geoid": "482013427002", "jobs_transit_45": null}}, {"type": "Feature", "geometry": {"type": "Polygon", "coordinates": [[[-95.72498, 30.02201], [-95.72503, 30.02089], [-95.72476, 30.01239], [-95.72462, 29.9972], [-95.72158, 29.99043], [-95.71745, 29.98154], [-95.71645, 29.97908], [-95.70832, 29.97599], [-95.70516, 29.97505], [-95.69974, 29.97381], [-95.69922, 29.98023], [-95.69939, 29.99599], [-95.69905, 29.9967], [-95.69783, 29.99789], [-95.69762, 29.99848], [-95.69767, 30.00154], [-95.69793, 30.01264], [-95.69743, 30.01604], [-95.69762, 30.01604], [-95.69807, 30.01507], [-95.69922, 30.01463], [-95.69957, 30.01557], [-95.70276, 30.0161], [-95.70383, 30.01618], [-95.70656, 30.01788], [-95.70757, 30.01865], [-95.70786, 30.01862], [-95.70812, 30.01784], [-95.71426, 30.01849], [-95.717, 30.02106], [-95.72416, 30.02167], [-95.72498, 30.02201]]]}, "properties": {"geoid": "482015544031", "jobs_transit_45": null}}, {"type": "Feature", "geometry": {"type": "Polygon", "coordinates": [[[-95.40629, 29.73862], [-95.40624, 29.73427], [-95.40207, 29.73433], [-95.39949, 29.73443], [-95.39932, 29.7387], [-95.40629, 29.73862]]]}, "properties": {"geoid": "482014108003", "jobs_transit_45": 469888}}, {"type": "Feature", "geometry": {"type": "Polygon", "coordinates": [[[-95.40706, 29.74275], [-95.40706, 29.7386], [-95.39932, 29.7387], [-95.39932, 29.7428], [-95.40706, 29.74275]]]}, "properties": {"geoid": "482014108001", "jobs_transit_45": 417089}}, {"type": "Feature", "geometry": {"type": "Polygon", "coordinates": [[[-95.47332, 29.85106], [-95.47681, 29.85471], [-95.47899, 29.8547], [-95.47856, 29.85023], [-95.47564, 29.84912], [-95.47391, 29.84891], [-95.47207, 29.84889], [-95.47332, 29.85106]]]}, "properties": {"geoid": "482015322001", "jobs_transit_45": 176504}}, {"type": "Feature", "geometry": {"type": "Polygon", "coordinates": [[[-95.38427, 29.79092], [-95.38434, 29.79053], [-95.37276, 29.79064], [-95.37628, 29.79331], [-95.38009, 29.79607], [-95.38009, 29.79439], [-95.38433, 29.79435], [-95.38427, 29.79092]]]}, "properties": {"geoid": "482015114002", "jobs_transit_45": 467792}}, {"type": "Feature", "geometry": {"type": "Polygon", "coordinates": [[[-95.76317, 30.08694], [-95.76301, 30.07479], [-95.75785, 30.078], [-95.75505, 30.07871], [-95.74357, 30.07948], [-95.72399, 30.08212], [-95.71477, 30.07901], [-95.70258, 30.07948], [-95.70025, 30.0801], [-95.70024, 30.08093], [-95.70122, 30.0816], [-95.702, 30.08724], [-95.70212, 30.09905], [-95.70491, 30.10216], [-95.70989, 30.10287], [-95.71437, 30.10246], [-95.71731, 30.09937], [-95.72269, 30.10002], [-95.72762, 30.09595], [-95.73405, 30.09349], [-95.7425, 30.09663], [-95.74376, 30.09524], [-95.74859, 30.09585], [-95.75438, 30.09227], [-95.75939, 30.09023], [-95.76126, 30.08637], [-95.76317, 30.08694]]]}, "properties": {"geoid": "482015556002", "jobs_transit_45": null}}, {"type": "Feature", "geometry": {"type": "Polygon", "coordinates": [[[-95.33303, 29.75001], [-95.33299, 29.7499], [-95.33285, 29.74985], [-95.3266, 29.74793], [-95.32551, 29.74907], [-95.32056, 29.75565], [-95.32005, 29.75612], [-95.32549, 29.75983], [-95.32887, 29.75984], [-95.33089, 29.7574], [-95.32842, 29.75595], [-95.33303, 29.75001]]]}, "properties": {"geoid": "482013104001", "jobs_transit_45": 284107}}, {"type": "Feature", "geometry": {"type": "Polygon", "coordinates": [[[-95.30322, 29.78359], [-95.30322, 29.78153], [-95.30117, 29.78152], [-95.30117, 29.78], [-95.2964, 29.78009], [-95.29648, 29.78353], [-95.30115, 29.78344], [-95.30116, 29.78359], [-95.30322, 29.78359]]]}, "properties": {"geoid": "482012119004", "jobs_transit_45": 65852}}, {"type": "Feature", "geometry": {"type": "Polygon", "coordinates": [[[-95.14167, 29.79554], [-95.15194, 29.7949], [-95.15178, 29.78992], [-95.15108, 29.78978], [-95.15103, 29.78886], [-95.14028, 29.78898], [-95.14056, 29.79286], [-95.14167, 29.79554]]]}, "properties": {"geoid": "482012523013", "jobs_transit_45": null}}, {"type": "Feature", "geometry": {"type": "Polygon", "coordinates": [[[-95.39777, 29.85327], [-95.39789, 29.85269], [-95.39793, 29.85254], [-95.39296, 29.84553], [-95.39084, 29.84555], [-95.39098, 29.85337], [-95.39777, 29.85327]]]}, "properties": {"geoid": "482012214001", "jobs_transit_45": 107518}}, {"type": "Feature", "geometry": {"type": "Polygon", "coordinates": [[[-95.3816, 30.06073], [-95.39161, 30.05517], [-95.39079, 30.05458], [-95.39004, 30.05373], [-95.38727, 30.04906], [-95.38678, 30.05052], [-95.38246, 30.0521], [-95.37908, 30.04715], [-95.38147, 30.04591], [-95.38002, 30.04383], [-95.37677, 30.04457], [-95.37488, 30.04168], [-95.37466, 30.04147], [-95.37434, 30.04138], [-95.37389, 30.04149], [-95.37041, 30.04342], [-95.37548, 30.0511], [-95.38027, 30.05725], [-95.3816, 30.06073]]]}, "properties": {"geoid": "482012411032", "jobs_transit_45": null}}, {"type": "Feature", "geometry": {"type": "Polygon", "coordinates": [[[-95.24965, 29.95118], [-95.24971, 29.95053], [-95.24952, 29.93451], [-95.24531, 29.93457], [-95.23589, 29.93391], [-95.22577, 29.93413], [-95.21624, 29.9342], [-95.21853, 29.95115], [-95.22358, 29.94638], [-95.22591, 29.9454], [-95.22798, 29.9448], [-95.22936, 29.94441], [-95.23133, 29.94365], [-95.23451, 29.93994], [-95.236, 29.94238], [-95.23591, 29.94469], [-95.23828, 29.94689], [-95.24198, 29.94886], [-95.24778, 29.94957], [-95.24916, 29.95078], [-95.24946, 29.95096], [-95.24965, 29.95118]]]}, "properties": {"geoid": "482012503012", "jobs_transit_45": null}}, {"type": "Feature", "geometry": {"type": "Polygon", "coordinates": [[[-94.99936, 29.82007], [-94.99924, 29.80849], [-94.99759, 29.80228], [-94.98174, 29.80476], [-94.98253, 29.8088], [-94.98413, 29.81792], [-94.98941, 29.81719], [-94.99144, 29.82019], [-94.99936, 29.82007]]]}, "properties": {"geoid": "482012531002", "jobs_transit_45": null}}, {"type": "Feature", "geometry": {"type": "Polygon", "coordinates": [[[-95.57164, 29.72773], [-95.57145, 29.71707], [-95.56613, 29.71759], [-95.56563, 29.72779], [-95.57164, 29.72773]]]}, "properties": {"geoid": "482014522022", "jobs_transit_45": 183719}}, {"type": "Feature", "geometry": {"type": "Polygon", "coordinates": [[[-95.46468, 29.94953], [-95.46461, 29.94595], [-95.46451, 29.94587], [-95.45502, 29.94594], [-95.45484, 29.94829], [-95.45456, 29.94945], [-95.46468, 29.94953]]]}, "properties": {"geoid": "482015506022", "jobs_transit_45": 148841}}, {"type": "Feature", "geometry": {"type": "Polygon", "coordinates": [[[-95.39319, 29.95066], [-95.39319, 29.94937], [-95.39191, 29.94939], [-95.39198, 29.94817], [-95.38587, 29.94932], [-95.38407, 29.94939], [-95.38417, 29.95203], [-95.38562, 29.9512], [-95.38704, 29.95085], [-95.38808, 29.95077], [-95.39319, 29.95066]]]}, "properties": {"geoid": "482012405023", "jobs_transit_45": 444896}}, {"type": "Feature", "geometry": {"type": "Polygon", "coordinates": [[[-95.18631, 29.69613], [-95.18627, 29.69345], [-95.19083, 29.69346], [-95.1908, 29.69303], [-95.19037, 29.69191], [-95.19037, 29.69162], [-95.1828, 29.69172], [-95.1829, 29.69613], [-95.18631, 29.69613]]]}, "properties": {"geoid": "482013230003", "jobs_transit_45": null}}, {"type": "Feature", "geometry": {"type": "Polygon", "coordinates": [[[-95.4566, 29.74768], [-95.45831, 29.74095], [-95.45773, 29.74108], [-95.45394, 29.74129], [-95.45397, 29.74372], [-95.45178, 29.74393], [-95.45187, 29.74668], [-95.45444, 29.74663], [-95.45493, 29.74675], [-95.4566, 29.74768]]]}, "properties": {"geoid": "482014113002", "jobs_transit_45": 430263}}, {"type": "Feature", "geometry": {"type": "Polygon", "coordinates": [[[-95.24736, 29.76723], [-95.24727, 29.76302], [-95.23877, 29.76317], [-95.2388, 29.76467], [-95.23373, 29.76473], [-95.23382, 29.76744], [-95.24736, 29.76723]]]}, "properties": {"geoid": "482012335002", "jobs_transit_45": 72126}}, {"type": "Feature", "geometry": {"type": "Polygon", "coordinates": [[[-95.45051, 30.01428], [-95.44719, 30.00978], [-95.43711, 30.01526], [-95.43589, 30.01357], [-95.43159, 30.01713], [-95.42894, 30.0174], [-95.42907, 30.01857], [-95.42862, 30.01748], [-95.42899, 30.02116], [-95.44212, 30.01725], [-95.44285, 30.01712], [-95.44792, 30.01559], [-95.45051, 30.01428]]]}, "properties": {"geoid": "482015503021", "jobs_transit_45": 70171}}, {"type": "Feature", "geometry": {"type": "Polygon", "coordinates": [[[-95.37167, 30.05121], [-95.37435, 30.04975], [-95.37454, 30.04967], [-95.37041, 30.04342], [-95.36829, 30.0446], [-95.36739, 30.0453], [-95.3649, 30.04668], [-95.36663, 30.04897], [-95.36464, 30.05012], [-95.36707, 30.05329], [-95.37167, 30.05121]]]}, "properties": {"geoid": "482012411025", "jobs_transit_45": null}}, {"type": "Feature", "geometry": {"type": "Polygon", "coordinates": [[[-95.64506, 29.85532], [-95.6454, 29.85217], [-95.64015, 29.85231], [-95.64004, 29.85653], [-95.641, 29.85659], [-95.64102, 29.859], [-95.64389, 29.86213], [-95.6451, 29.86208], [-95.64506, 29.85532]]]}, "properties": {"geoid": "482015405013", "jobs_transit_45": null}}, {"type": "Feature", "geometry": {"type": "Polygon", "coordinates": [[[-95.26313, 30.01654], [-95.26825, 30.00502], [-95.25688, 30.00513], [-95.25559, 30.00503], [-95.25329, 30.00442], [-95.24697, 30.00076], [-95.24211, 29.99926], [-95.22783, 29.99943], [-95.2105, 29.99947], [-95.20342, 29.99915], [-95.20329, 29.99952], [-95.20293, 29.99989], [-95.20222, 30.00113], [-95.20001, 30.00038], [-95.19659, 30.00714], [-95.19885, 30.00888], [-95.19932, 30.00948], [-95.19979, 30.01024], [-95.20111, 30.01198], [-95.20175, 30.01672], [-95.2007, 30.0193], [-95.19571, 30.01983], [-95.19379, 30.01866], [-95.19337, 30.01896], [-95.18781, 30.01941], [-95.18443, 30.0209], [-95.18431, 30.02176], [-95.18703, 30.0221], [-95.19289, 30.02317], [-95.19778, 30.02462], [-95.20085, 30.02604], [-95.2046, 30.02609], [-95.21095, 30.0241], [-95.21274, 30.024], [-95.21777, 30.02434], [-95.22277, 30.02268], [-95.22618, 30.01957], [-95.2314, 30.01875], [-95.23606, 30.02018], [-95.24529, 30.02623], [-95.25659, 30.0266], [-95.2584, 30.02649], [-95.259, 30.02662], [-95.26313, 30.01654]]]}, "properties": {"geoid": "482012507012", "jobs_transit_45": null}}, {"type": "Feature", "geometry": {"type": "Polygon", "coordinates": [[[-95.18055, 30.01744], [-95.18084, 30.01613], [-95.18081, 30.01533], [-95.18064, 30.01427], [-95.18015, 30.01305], [-95.17938, 30.01195], [-95.17831, 30.01095], [-95.17614, 30.00943], [-95.17464, 30.00884], [-95.16965, 30.00777], [-95.16921, 30.00912], [-95.16537, 30.01168], [-95.16083, 30.01041], [-95.15983, 30.0124], [-95.15606, 30.01344], [-95.15779, 30.017], [-95.15539, 30.01759], [-95.15657, 30.02047], [-95.1551, 30.02077], [-95.15503, 30.02014], [-95.15245, 30.01992], [-95.14929, 30.0183], [-95.14761, 30.01747], [-95.14335, 30.01309], [-95.1419, 30.02094], [-95.14569, 30.02208], [-95.14789, 30.02431], [-95.15209, 30.03354], [-95.15621, 30.03662], [-95.16585, 30.03152], [-95.17427, 30.02892], [-95.17682, 30.02713], [-95.18055, 30.01744]]]}, "properties": {"geoid": "482012508003", "jobs_transit_45": null}}, {"type": "Feature", "geometry": {"type": "Polygon", "coordinates": [[[-95.51126, 29.85207], [-95.52423, 29.85187], [-95.52417, 29.84749], [-95.51511, 29.84104], [-95.51491, 29.84118], [-95.51392, 29.84118], [-95.51412, 29.84627], [-95.5154, 29.85093], [-95.50987, 29.85129], [-95.51126, 29.85207]]]}, "properties": {"geoid": "482015217002", "jobs_transit_45": 49110}}, {"type": "Feature", "geometry": {"type": "Polygon", "coordinates": [[[-95.59156, 30.06049], [-95.59216, 30.06059], [-95.57063, 30.02278], [-95.57002, 30.02321], [-95.55774, 30.03013], [-95.55711, 30.03065], [-95.55399, 30.03496], [-95.55319, 30.03554], [-95.5484, 30.03825], [-95.54574, 30.04157], [-95.54484, 30.04258], [-95.54287, 30.0438], [-95.53943, 30.04569], [-95.53841, 30.04593], [-95.5393, 30.0495], [-95.55072, 30.07175], [-95.5546, 30.07385], [-95.55447, 30.07406], [-95.55543, 30.0744], [-95.56158, 30.07927], [-95.56507, 30.08247], [-95.56543, 30.08163], [-95.56997, 30.07862], [-95.57014, 30.07645], [-95.57497, 30.06997], [-95.58344, 30.06431], [-95.58288, 30.06174], [-95.58506, 30.06102], [-95.58935, 30.06187], [-95.59058, 30.06092], [-95.59156, 30.06049]]]}, "properties": {"geoid": "482015548021", "jobs_transit_45": null}}, {"type": "Feature", "geometry": {"type": "Polygon", "coordinates": [[[-95.58911, 30.06943], [-95.59671, 30.06856], [-95.59216, 30.06059], [-95.59156, 30.06049], [-95.59058, 30.06092], [-95.58935, 30.06187], [-95.58506, 30.06102], [-95.58288, 30.06174], [-95.58344, 30.06431], [-95.57497, 30.06997], [-95.57014, 30.07645], [-95.56997, 30.07862], [-95.56543, 30.08163], [-95.56481, 30.08313], [-95.56351, 30.08297], [-95.56301, 30.08304], [-95.55948, 30.08524], [-95.55615, 30.08728], [-95.55562, 30.08844], [-95.55562, 30.0888], [-95.5552, 30.0897], [-95.55344, 30.09136], [-95.55458, 30.09554], [-95.55208, 30.09796], [-95.55289, 30.09976], [-95.55234, 30.10042], [-95.54747, 30.10185], [-95.54737, 30.1034], [-95.54736, 30.10397], [-95.56693, 30.10748], [-95.57039, 30.10815], [-95.57158, 30.10847], [-95.57308, 30.10919], [-95.59227, 30.12003], [-95.59223, 30.11679], [-95.59268, 30.11391], [-95.59258, 30.1067], [-95.59397, 30.10033], [-95.5939, 30.08516], [-95.58902, 30.07249], [-95.58911, 30.06943]]]}, "properties": {"geoid": "482015548022", "jobs_transit_45": null}}, {"type": "Feature", "geometry": {"type": "Polygon", "coordinates": [[[-95.70024, 30.08093], [-95.70006, 30.06779], [-95.69739, 30.06613], [-95.6972, 30.05438], [-95.69768, 30.05049], [-95.6976, 30.04397], [-95.69029, 30.04644], [-95.67468, 30.04713], [-95.64769, 30.05319], [-95.64316, 30.05318], [-95.6374, 30.05787], [-95.63488, 30.05896], [-95.63041, 30.06016], [-95.62702, 30.06238], [-95.62601, 30.06283], [-95.62515, 30.06342], [-95.62502, 30.0638], [-95.62229, 30.06384], [-95.62064, 30.06313], [-95.62204, 30.06544], [-95.62275, 30.06638], [-95.62325, 30.06684], [-95.62356, 30.06683], [-95.62288, 30.06727], [-95.62841, 30.07699], [-95.63119, 30.08424], [-95.63246, 30.08942], [-95.64762, 30.0893], [-95.6509, 30.08858], [-95.66324, 30.08034], [-95.6656, 30.0796], [-95.68744, 30.07949], [-95.68895, 30.0798], [-95.69289, 30.08081], [-95.69885, 30.08052], [-95.70024, 30.08093]]]}, "properties": {"geoid": "482015555011", "jobs_transit_45": null}}, {"type": "Feature", "geometry": {"type": "Polygon", "coordinates": [[[-95.69767, 30.00154], [-95.69762, 29.99858], [-95.69776, 29.99801], [-95.69819, 29.99748], [-95.6985, 29.99721], [-95.69699, 29.99711], [-95.68403, 29.99496], [-95.67384, 29.99495], [-95.66988, 29.98735], [-95.6767, 29.98696], [-95.67371, 29.98425], [-95.67256, 29.98244], [-95.66765, 29.98167], [-95.66638, 29.98206], [-95.6623, 29.98213], [-95.66221, 29.98202], [-95.65902, 29.98332], [-95.65818, 29.98384], [-95.65742, 29.98447], [-95.6545, 29.98575], [-95.65437, 29.98711], [-95.65379, 29.98851], [-95.65777, 29.99092], [-95.65746, 29.99315], [-95.66152, 29.99496], [-95.6633, 29.99943], [-95.66578, 29.99923], [-95.66695, 30.00112], [-95.6669, 30.00248], [-95.66703, 30.00264], [-95.67622, 30.00942], [-95.67695, 30.01072], [-95.68009, 30.01089], [-95.6812, 30.01084], [-95.68187, 30.01146], [-95.68401, 30.01239], [-95.68778, 30.01267], [-95.69338, 30.01516], [-95.69743, 30.01604], [-95.69793, 30.01264], [-95.69767, 30.00154]]]}, "properties": {"geoid": "482015544021", "jobs_transit_45": null}}, {"type": "Feature", "geometry": {"type": "Polygon", "coordinates": [[[-95.68772, 29.96306], [-95.68566, 29.96162], [-95.68565, 29.96136], [-95.67835, 29.95634], [-95.67767, 29.95784], [-95.67777, 29.95971], [-95.67262, 29.96277], [-95.67052, 29.96138], [-95.66995, 29.96236], [-95.66872, 29.96308], [-95.66676, 29.96268], [-95.66272, 29.95979], [-95.66125, 29.95922], [-95.66038, 29.95938], [-95.65901, 29.95871], [-95.65799, 29.95824], [-95.65507, 29.95602], [-95.65482, 29.95594], [-95.65286, 29.95443], [-95.6517, 29.95431], [-95.64883, 29.95291], [-95.64242, 29.95308], [-95.64217, 29.95424], [-95.64137, 29.95519], [-95.64038, 29.95523], [-95.63839, 29.95652], [-95.63835, 29.95905], [-95.63639, 29.96135], [-95.63403, 29.95961], [-95.63122, 29.96129], [-95.64175, 29.9644], [-95.65013, 29.96434], [-95.6505, 29.9691], [-95.6545, 29.98575], [-95.65742, 29.98447], [-95.65851, 29.98362], [-95.65936, 29.98316], [-95.67203, 29.97816], [-95.67623, 29.97635], [-95.67912, 29.97552], [-95.68723, 29.97346], [-95.687, 29.96426], [-95.6872, 29.96357], [-95.68772, 29.96306]]]}, "properties": {"geoid": "482015544012", "jobs_transit_45": null}}, {"type": "Feature", "geometry": {"type": "Polygon", "coordinates": [[[-95.78157, 30.03701], [-95.78158, 30.02765], [-95.76853, 30.02744], [-95.76832, 30.02032], [-95.74311, 30.02055], [-95.74302, 30.02039], [-95.74291, 30.01265], [-95.74345, 30.00677], [-95.74024, 30.00261], [-95.73923, 30.00152], [-95.7378, 30.00237], [-95.73746, 30.00278], [-95.73624, 30.00321], [-95.72472, 30.00308], [-95.72476, 30.01239], [-95.72502, 30.02011], [-95.72498, 30.02201], [-95.72548, 30.02202], [-95.72734, 30.02233], [-95.7292, 30.02201], [-95.73342, 30.02589], [-95.73355, 30.02779], [-95.73531, 30.0275], [-95.73854, 30.02764], [-95.74548, 30.02989], [-95.7459, 30.02809], [-95.75296, 30.02789], [-95.75753, 30.02705], [-95.75957, 30.02421], [-95.76092, 30.0241], [-95.76422, 30.02392], [-95.7649, 30.02501], [-95.76627, 30.03073], [-95.77031, 30.03303], [-95.77162, 30.0319], [-95.77613, 30.03527], [-95.77654, 30.03579], [-95.77684, 30.03632], [-95.77706, 30.03708], [-95.78157, 30.03701]]]}, "properties": {"geoid": "482015557011", "jobs_transit_45": null}}, {"type": "Feature", "geometry": {"type": "Polygon", "coordinates": [[[-95.76114, 29.81301], [-95.76382, 29.81285], [-95.76896, 29.80868], [-95.76894, 29.80199], [-95.76106, 29.802], [-95.76114, 29.81301]]]}, "properties": {"geoid": "482015429001", "jobs_transit_45": null}}, {"type": "Feature", "geometry": {"type": "Polygon", "coordinates": [[[-95.38011, 30.02038], [-95.37384, 30.00898], [-95.36476, 29.98107], [-95.3641, 29.96665], [-95.36385, 29.96548], [-95.35007, 29.9658], [-95.34711, 29.96079], [-95.34393, 29.95973], [-95.33988, 29.95177], [-95.3248, 29.952], [-95.32487, 29.958], [-95.33144, 29.96956], [-95.33726, 29.97581], [-95.32853, 29.97627], [-95.3084, 29.97594], [-95.30833, 29.97207], [-95.30785, 29.97262], [-95.298, 29.97302], [-95.29729, 29.97336], [-95.29611, 29.97503], [-95.29593, 29.98278], [-95.29696, 29.9836], [-95.30857, 29.98554], [-95.30891, 30.00437], [-95.31249, 30.00482], [-95.33013, 30.01154], [-95.38011, 30.02038]]]}, "properties": {"geoid": "482019801001", "jobs_transit_45": null}}, {"type": "Feature", "geometry": {"type": "Polygon", "coordinates": [[[-95.27681, 29.6614], [-95.27671, 29.65791], [-95.27232, 29.65799], [-95.27243, 29.66146], [-95.27681, 29.6614]]]}, "properties": {"geoid": "482013332024", "jobs_transit_45": 161429}}, {"type": "Feature", "geometry": {"type": "Polygon", "coordinates": [[[-95.48918, 29.80713], [-95.48917, 29.80554], [-95.48896, 29.8049], [-95.48887, 29.80289], [-95.48484, 29.80284], [-95.48492, 29.80671], [-95.48556, 29.80718], [-95.48688, 29.80675], [-95.48918, 29.80713]]]}, "properties": {"geoid": "482015206024", "jobs_transit_45": 174966}}, {"type": "Feature", "geometry": {"type": "Polygon", "coordinates": [[[-95.61376, 29.72964], [-95.61391, 29.72913], [-95.61389, 29.72862], [-95.61373, 29.72816], [-95.61304, 29.72837], [-95.60574, 29.72978], [-95.6058, 29.73365], [-95.60701, 29.73371], [-95.60934, 29.73368], [-95.60932, 29.73259], [-95.61013, 29.73159], [-95.61376, 29.72964]]]}, "properties": {"geoid": "482014520002", "jobs_transit_45": 533523}}, {"type": "Feature", "geometry": {"type": "Polygon", "coordinates": [[[-95.77613, 29.76729], [-95.77607, 29.7659], [-95.7761, 29.76053], [-95.77067, 29.75736], [-95.76663, 29.7579], [-95.767, 29.75961], [-95.76746, 29.76077], [-95.77211, 29.7693], [-95.77613, 29.76729]]]}, "properties": {"geoid": "482014551021", "jobs_transit_45": null}}, {"type": "Feature", "geometry": {"type": "Polygon", "coordinates": [[[-95.451, 29.79482], [-95.44331, 29.78918], [-95.43784, 29.78922], [-95.43802, 29.794], [-95.43807, 29.7955], [-95.43809, 29.80161], [-95.44909, 29.80154], [-95.4497, 29.79803], [-95.4505, 29.79668], [-95.451, 29.79482]]]}, "properties": {"geoid": "482015110012", "jobs_transit_45": 233978}}, {"type": "Feature", "geometry": {"type": "Polygon", "coordinates": [[[-95.64108, 30.02236], [-95.64234, 30.02138], [-95.64, 30.01995], [-95.63139, 30.01899], [-95.62758, 30.01706], [-95.62588, 30.01637], [-95.62551, 30.02318], [-95.62267, 30.02558], [-95.61713, 30.02572], [-95.61714, 30.02709], [-95.61037, 30.02724], [-95.60587, 30.03053], [-95.60489, 30.03168], [-95.60221, 30.03341], [-95.60389, 30.03648], [-95.61104, 30.04568], [-95.6148, 30.05111], [-95.61595, 30.0542], [-95.62049, 30.05415], [-95.62049, 30.04608], [-95.63049, 30.04587], [-95.63036, 30.04183], [-95.6337, 30.04177], [-95.63362, 30.03942], [-95.63695, 30.03935], [-95.63695, 30.03681], [-95.64098, 30.03671], [-95.64108, 30.02236]]]}, "properties": {"geoid": "482015555021", "jobs_transit_45": null}}, {"type": "Feature", "geometry": {"type": "Polygon", "coordinates": [[[-95.48484, 29.80284], [-95.48492, 29.79542], [-95.48493, 29.79492], [-95.47567, 29.79455], [-95.47593, 29.7996], [-95.47575, 29.8004], [-95.47888, 29.80034], [-95.47886, 29.79945], [-95.48284, 29.79939], [-95.4829, 29.80283], [-95.48484, 29.80284]]]}, "properties": {"geoid": "482015203003", "jobs_transit_45": 294456}}, {"type": "Feature", "geometry": {"type": "Polygon", "coordinates": [[[-95.4829, 29.80283], [-95.48284, 29.79939], [-95.47886, 29.79945], [-95.47888, 29.80034], [-95.47575, 29.8004], [-95.47547, 29.80285], [-95.4829, 29.80283]]]}, "properties": {"geoid": "482015203002", "jobs_transit_45": 309874}}, {"type": "Feature", "geometry": {"type": "Polygon", "coordinates": [[[-95.62574, 29.84066], [-95.62611, 29.84003], [-95.62521, 29.83938], [-95.62562, 29.83599], [-95.61366, 29.83606], [-95.61166, 29.83582], [-95.60485, 29.83374], [-95.60501, 29.84154], [-95.60729, 29.85769], [-95.60749, 29.85754], [-95.6076, 29.85731], [-95.60784, 29.85711], [-95.60985, 29.85583], [-95.61836, 29.8538], [-95.62059, 29.85626], [-95.62048, 29.85351], [-95.62041, 29.85239], [-95.62086, 29.85171], [-95.62191, 29.85104], [-95.62154, 29.84999], [-95.62239, 29.84976], [-95.62265, 29.84881], [-95.62285, 29.84845], [-95.62268, 29.84498], [-95.62294, 29.84394], [-95.62364, 29.84345], [-95.62365, 29.8433], [-95.6241, 29.84161], [-95.62574, 29.84066]]]}, "properties": {"geoid": "482015407001", "jobs_transit_45": null}}, {"type": "Feature", "geometry": {"type": "Polygon", "coordinates": [[[-95.67348, 29.95308], [-95.67591, 29.94799], [-95.67631, 29.94715], [-95.66923, 29.94374], [-95.66626, 29.93811], [-95.66342, 29.93496], [-95.65912, 29.93471], [-95.65917, 29.91992], [-95.6588, 29.91773], [-95.64791, 29.9174], [-95.64587, 29.92163], [-95.64597, 29.92749], [-95.64619, 29.92852], [-95.64662, 29.92947], [-95.64721, 29.9303], [-95.64837, 29.93147], [-95.65022, 29.93479], [-95.65, 29.9365], [-95.66694, 29.94822], [-95.67025, 29.95076], [-95.67348, 29.95308]]]}, "properties": {"geoid": "482015410022", "jobs_transit_45": null}}, {"type": "Feature", "geometry": {"type": "Polygon", "coordinates": [[[-95.61922, 29.76515], [-95.61853, 29.76375], [-95.6117, 29.76058], [-95.6062, 29.76189], [-95.60616, 29.76312], [-95.6103, 29.76306], [-95.61247, 29.76207], [-95.61294, 29.76698], [-95.61294, 29.76894], [-95.61847, 29.7689], [-95.61922, 29.76515]]]}, "properties": {"geoid": "482014506001", "jobs_transit_45": 101696}}, {"type": "Feature", "geometry": {"type": "Polygon", "coordinates": [[[-95.62433, 29.863], [-95.62438, 29.86184], [-95.62059, 29.85626], [-95.61836, 29.8538], [-95.60985, 29.85583], [-95.60784, 29.85711], [-95.6076, 29.85731], [-95.60749, 29.85754], [-95.60729, 29.85769], [-95.60762, 29.85998], [-95.60819, 29.8599], [-95.60927, 29.85958], [-95.61127, 29.8595], [-95.61157, 29.86036], [-95.62123, 29.8603], [-95.62164, 29.86048], [-95.62197, 29.86104], [-95.62207, 29.86302], [-95.62433, 29.863]]]}, "properties": {"geoid": "482015407003", "jobs_transit_45": null}}, {"type": "Feature", "geometry": {"type": "Polygon", "coordinates": [[[-95.48979, 29.98399], [-95.49175, 29.97913], [-95.48656, 29.97223], [-95.48601, 29.97252], [-95.48455, 29.97301], [-95.48258, 29.97411], [-95.48218, 29.97448], [-95.48157, 29.97564], [-95.48145, 29.97622], [-95.4817, 29.97723], [-95.48284, 29.97882], [-95.48582, 29.97649], [-95.48749, 29.97715], [-95.48656, 29.97881], [-95.48501, 29.98257], [-95.48979, 29.98399]]]}, "properties": {"geoid": "482015511004", "jobs_transit_45": 108585}}, {"type": "Feature", "geometry": {"type": "Polygon", "coordinates": [[[-95.63278, 29.86738], [-95.63288, 29.86741], [-95.63277, 29.85708], [-95.62826, 29.85552], [-95.62684, 29.85399], [-95.626, 29.85187], [-95.62376, 29.85233], [-95.62251, 29.85188], [-95.62191, 29.85104], [-95.62086, 29.85171], [-95.62041, 29.85239], [-95.62048, 29.85351], [-95.62059, 29.85626], [-95.62438, 29.86184], [-95.62433, 29.863], [-95.62859, 29.86441], [-95.63278, 29.86738]]]}, "properties": {"geoid": "482015406011", "jobs_transit_45": null}}, {"type": "Feature", "geometry": {"type": "Polygon", "coordinates": [[[-95.57624, 29.75724], [-95.57609, 29.75671], [-95.57558, 29.75577], [-95.57258, 29.75175], [-95.57207, 29.74796], [-95.57058, 29.74788], [-95.56958, 29.74765], [-95.56965, 29.75418], [-95.56987, 29.75556], [-95.57049, 29.75777], [-95.57122, 29.75741], [-95.572, 29.75737], [-95.57261, 29.75768], [-95.57333, 29.7573], [-95.57624, 29.75724]]]}, "properties": {"geoid": "482014508023", "jobs_transit_45": 195168}}, {"type": "Feature", "geometry": {"type": "Polygon", "coordinates": [[[-95.63472, 29.98183], [-95.63355, 29.98042], [-95.63103, 29.97874], [-95.63056, 29.97739], [-95.61937, 29.98718], [-95.61568, 29.988], [-95.62163, 29.99311], [-95.62202, 29.99318], [-95.63472, 29.98183]]]}, "properties": {"geoid": "482015545021", "jobs_transit_45": null}}, {"type": "Feature", "geometry": {"type": "Polygon", "coordinates": [[[-95.69922, 29.98023], [-95.69974, 29.97381], [-95.69761, 29.97329], [-95.69332, 29.97094], [-95.68837, 29.96359], [-95.68772, 29.96306], [-95.6872, 29.96357], [-95.687, 29.96426], [-95.68723, 29.97346], [-95.67661, 29.97621], [-95.67203, 29.97816], [-95.66221, 29.98202], [-95.6623, 29.98213], [-95.66638, 29.98206], [-95.66765, 29.98167], [-95.67256, 29.98244], [-95.67371, 29.98425], [-95.6767, 29.98696], [-95.66988, 29.98735], [-95.67384, 29.99495], [-95.68403, 29.99496], [-95.69699, 29.99711], [-95.6985, 29.99721], [-95.69939, 29.99599], [-95.69922, 29.98023]]]}, "properties": {"geoid": "482015544022", "jobs_transit_45": null}}, {"type": "Feature", "geometry": {"type": "Polygon", "coordinates": [[[-95.56805, 29.73084], [-95.56807, 29.73026], [-95.56802, 29.72776], [-95.56355, 29.72782], [-95.55763, 29.72764], [-95.55764, 29.72913], [-95.55869, 29.729], [-95.55972, 29.72904], [-95.55976, 29.73123], [-95.5617, 29.73122], [-95.56369, 29.73139], [-95.56531, 29.73174], [-95.56748, 29.73249], [-95.56805, 29.73084]]]}, "properties": {"geoid": "482014522013", "jobs_transit_45": 209900}}, {"type": "Feature", "geometry": {"type": "Polygon", "coordinates": [[[-95.49684, 30.07123], [-95.49684, 30.06507], [-95.49603, 30.05849], [-95.49561, 30.05742], [-95.49433, 30.05774], [-95.49215, 30.05778], [-95.49086, 30.05832], [-95.48975, 30.05954], [-95.48966, 30.06028], [-95.48972, 30.06841], [-95.49325, 30.06856], [-95.4963, 30.06975], [-95.4963, 30.07123], [-95.49684, 30.07123]]]}, "properties": {"geoid": "482015550001", "jobs_transit_45": null}}, {"type": "Feature", "geometry": {"type": "Polygon", "coordinates": [[[-95.2885, 29.6423], [-95.28857, 29.63738], [-95.28811, 29.63645], [-95.28665, 29.63433], [-95.2857, 29.63428], [-95.26875, 29.63441], [-95.26686, 29.63311], [-95.26683, 29.63244], [-95.26462, 29.63248], [-95.26463, 29.63596], [-95.26689, 29.63677], [-95.2672, 29.65193], [-95.26501, 29.65196], [-95.26492, 29.65318], [-95.26469, 29.65394], [-95.26398, 29.65562], [-95.26532, 29.65672], [-95.26763, 29.65787], [-95.26961, 29.65806], [-95.28328, 29.65776], [-95.28876, 29.65753], [-95.2885, 29.6423]]]}, "properties": {"geoid": "482019800001", "jobs_transit_45": null}}, {"type": "Feature", "geometry": {"type": "Polygon", "coordinates": [[[-95.61471, 29.71342], [-95.6147, 29.70695], [-95.61359, 29.70729], [-95.60995, 29.70733], [-95.60455, 29.70703], [-95.60468, 29.71433], [-95.61471, 29.71342]]]}, "properties": {"geoid": "482014525003", "jobs_transit_45": 315081}}, {"type": "Feature", "geometry": {"type": "Polygon", "coordinates": [[[-95.60938, 29.73612], [-95.60934, 29.73368], [-95.60701, 29.73371], [-95.6058, 29.73365], [-95.60574, 29.72978], [-95.59705, 29.72981], [-95.59373, 29.73065], [-95.59251, 29.73073], [-95.59263, 29.7363], [-95.60083, 29.73615], [-95.60616, 29.73618], [-95.60938, 29.73612]]]}, "properties": {"geoid": "482014520003", "jobs_transit_45": 533956}}, {"type": "Feature", "geometry": {"type": "Polygon", "coordinates": [[[-95.51003, 29.9255], [-95.50994, 29.92517], [-95.50772, 29.92127], [-95.50669, 29.92051], [-95.50174, 29.91921], [-95.50105, 29.91497], [-95.50146, 29.91472], [-95.50929, 29.91468], [-95.50076, 29.89962], [-95.49569, 29.89969], [-95.49587, 29.91209], [-95.49573, 29.91385], [-95.49576, 29.91613], [-95.49385, 29.92], [-95.49462, 29.9205], [-95.49991, 29.92452], [-95.50033, 29.92472], [-95.50067, 29.92498], [-95.50138, 29.92468], [-95.50875, 29.92547], [-95.51003, 29.9255]]]}, "properties": {"geoid": "482015340021", "jobs_transit_45": null}}, {"type": "Feature", "geometry": {"type": "Polygon", "coordinates": [[[-95.49376, 30.01321], [-95.49083, 30.01113], [-95.48607, 30.00539], [-95.48092, 29.99756], [-95.4725, 30.00235], [-95.47346, 30.00347], [-95.47375, 30.00371], [-95.47615, 30.00439], [-95.47849, 30.00625], [-95.47801, 30.01159], [-95.47934, 30.01466], [-95.48068, 30.01547], [-95.48706, 30.01586], [-95.48808, 30.01437], [-95.49376, 30.01321]]]}, "properties": {"geoid": "482015530022", "jobs_transit_45": null}}, {"type": "Feature", "geometry": {"type": "Polygon", "coordinates": [[[-95.28404, 29.77812], [-95.2835, 29.7501], [-95.28113, 29.74857], [-95.28086, 29.75481], [-95.27947, 29.75548], [-95.2794, 29.75912], [-95.27759, 29.75958], [-95.27431, 29.75967], [-95.27317, 29.76024], [-95.27257, 29.76027], [-95.27279, 29.76444], [-95.27495, 29.76439], [-95.2763, 29.7681], [-95.26555, 29.76828], [-95.26408, 29.77573], [-95.27823, 29.77806], [-95.2796, 29.77817], [-95.28404, 29.77812]]]}, "properties": {"geoid": "482012125001", "jobs_transit_45": 18126}}, {"type": "Feature", "geometry": {"type": "Polygon", "coordinates": [[[-95.3585, 29.74977], [-95.35641, 29.74851], [-95.35318, 29.75098], [-95.34379, 29.74529], [-95.34207, 29.7419], [-95.33021, 29.757], [-95.33089, 29.7574], [-95.32887, 29.75984], [-95.33047, 29.75951], [-95.33257, 29.75836], [-95.33339, 29.76088], [-95.33465, 29.75995], [-95.34031, 29.75221], [-95.35127, 29.75875], [-95.35603, 29.75273], [-95.3585, 29.74977]]]}, "properties": {"geoid": "482013101002", "jobs_transit_45": 379041}}, {"type": "Feature", "geometry": {"type": "Polygon", "coordinates": [[[-95.37461, 29.75762], [-95.37427, 29.75212], [-95.37274, 29.75036], [-95.3652, 29.74589], [-95.36269, 29.74487], [-95.36042, 29.74762], [-95.3585, 29.74977], [-95.36929, 29.7563], [-95.36871, 29.75704], [-95.37292, 29.75968], [-95.37373, 29.76005], [-95.3744, 29.75846], [-95.37461, 29.75762]]]}, "properties": {"geoid": "482011000002", "jobs_transit_45": 537729}}, {"type": "Feature", "geometry": {"type": "Polygon", "coordinates": [[[-95.36819, 29.77932], [-95.36797, 29.77624], [-95.36762, 29.77529], [-95.36673, 29.77394], [-95.36553, 29.77468], [-95.35853, 29.77725], [-95.36075, 29.78192], [-95.36734, 29.7795], [-95.36819, 29.77932]]]}, "properties": {"geoid": "482012123005", "jobs_transit_45": 428796}}, {"type": "Feature", "geometry": {"type": "Polygon", "coordinates": [[[-95.37805, 29.81939], [-95.37529, 29.81321], [-95.37409, 29.81324], [-95.37111, 29.81364], [-95.36123, 29.81381], [-95.36116, 29.81478], [-95.36117, 29.81964], [-95.3771, 29.81945], [-95.37805, 29.81939]]]}, "properties": {"geoid": "482012202001", "jobs_transit_45": 215636}}, {"type": "Feature", "geometry": {"type": "Polygon", "coordinates": [[[-95.39471, 29.8189], [-95.39469, 29.81806], [-95.39358, 29.81806], [-95.39356, 29.81477], [-95.39163, 29.81388], [-95.37916, 29.81398], [-95.37529, 29.81321], [-95.37805, 29.81939], [-95.37927, 29.81939], [-95.39357, 29.81926], [-95.39344, 29.81891], [-95.39471, 29.8189]]]}, "properties": {"geoid": "482015303003", "jobs_transit_45": 195341}}, {"type": "Feature", "geometry": {"type": "Polygon", "coordinates": [[[-95.65473, 29.72408], [-95.65403, 29.71981], [-95.65389, 29.71858], [-95.64415, 29.71993], [-95.64397, 29.72914], [-95.64851, 29.72935], [-95.65114, 29.72672], [-95.65434, 29.72676], [-95.65473, 29.72408]]]}, "properties": {"geoid": "482014543014", "jobs_transit_45": 102690}}, {"type": "Feature", "geometry": {"type": "Polygon", "coordinates": [[[-95.57177, 29.7367], [-95.57171, 29.73302], [-95.57016, 29.73305], [-95.56819, 29.73274], [-95.56562, 29.73183], [-95.56399, 29.73144], [-95.56384, 29.73258], [-95.56387, 29.73457], [-95.5642, 29.73621], [-95.56421, 29.73679], [-95.57177, 29.7367]]]}, "properties": {"geoid": "482014522014", "jobs_transit_45": 209592}}, {"type": "Feature", "geometry": {"type": "Polygon", "coordinates": [[[-95.58661, 29.74745], [-95.58802, 29.74498], [-95.58624, 29.74461], [-95.58553, 29.74425], [-95.58484, 29.7437], [-95.58429, 29.74436], [-95.5839, 29.74514], [-95.58372, 29.74589], [-95.58365, 29.74689], [-95.58661, 29.74745]]]}, "properties": {"geoid": "482014510022", "jobs_transit_45": 128197}}, {"type": "Feature", "geometry": {"type": "Polygon", "coordinates": [[[-95.58525, 29.74126], [-95.5851, 29.74043], [-95.58501, 29.73646], [-95.58121, 29.73656], [-95.58173, 29.74133], [-95.58525, 29.74126]]]}, "properties": {"geoid": "482014510024", "jobs_transit_45": 167621}}, {"type": "Feature", "geometry": {"type": "Polygon", "coordinates": [[[-95.59263, 29.7363], [-95.59223, 29.7154], [-95.57145, 29.71707], [-95.57164, 29.72773], [-95.58029, 29.728], [-95.58015, 29.7293], [-95.58066, 29.73205], [-95.58052, 29.73416], [-95.58121, 29.73656], [-95.59263, 29.7363]]]}, "properties": {"geoid": "482014521002", "jobs_transit_45": 139420}}, {"type": "Feature", "geometry": {"type": "Polygon", "coordinates": [[[-95.58059, 29.73328], [-95.58067, 29.73227], [-95.58059, 29.73145], [-95.58015, 29.7293], [-95.58029, 29.728], [-95.57164, 29.72773], [-95.57177, 29.7367], [-95.57617, 29.73662], [-95.57569, 29.73271], [-95.57756, 29.73266], [-95.58059, 29.73328]]]}, "properties": {"geoid": "482014521001", "jobs_transit_45": 199048}}, {"type": "Feature", "geometry": {"type": "Polygon", "coordinates": [[[-95.56563, 29.72779], [-95.56613, 29.71759], [-95.55759, 29.71827], [-95.55763, 29.72764], [-95.56355, 29.72782], [-95.56563, 29.72779]]]}, "properties": {"geoid": "482014522021", "jobs_transit_45": 188246}}, {"type": "Feature", "geometry": {"type": "Polygon", "coordinates": [[[-95.61857, 29.74432], [-95.6192, 29.74301], [-95.61858, 29.74285], [-95.61564, 29.74213], [-95.61562, 29.74051], [-95.61419, 29.7405], [-95.61358, 29.73732], [-95.61354, 29.73602], [-95.60585, 29.73618], [-95.60606, 29.74623], [-95.61042, 29.74651], [-95.6185, 29.74644], [-95.61857, 29.74432]]]}, "properties": {"geoid": "482014514021", "jobs_transit_45": 117289}}, {"type": "Feature", "geometry": {"type": "Polygon", "coordinates": [[[-95.61892, 29.74686], [-95.61903, 29.74656], [-95.61042, 29.74651], [-95.60606, 29.74623], [-95.60611, 29.75393], [-95.60984, 29.75454], [-95.61124, 29.75456], [-95.61121, 29.75276], [-95.61131, 29.75129], [-95.61061, 29.74782], [-95.61778, 29.74771], [-95.61822, 29.74756], [-95.61892, 29.74686]]]}, "properties": {"geoid": "482014514012", "jobs_transit_45": 482749}}, {"type": "Feature", "geometry": {"type": "Polygon", "coordinates": [[[-95.61888, 29.75195], [-95.61889, 29.75083], [-95.61814, 29.7476], [-95.61759, 29.74772], [-95.61061, 29.74782], [-95.61131, 29.75129], [-95.61121, 29.75276], [-95.61124, 29.75456], [-95.61845, 29.75446], [-95.61888, 29.75195]]]}, "properties": {"geoid": "482014514011", "jobs_transit_45": 392253}}, {"type": "Feature", "geometry": {"type": "Polygon", "coordinates": [[[-95.57171, 29.73302], [-95.57164, 29.72773], [-95.56802, 29.72776], [-95.56805, 29.73084], [-95.56748, 29.73249], [-95.57016, 29.73305], [-95.57171, 29.73302]]]}, "properties": {"geoid": "482014522012", "jobs_transit_45": 209844}}, {"type": "Feature", "geometry": {"type": "Polygon", "coordinates": [[[-95.32423, 29.80908], [-95.3241, 29.80017], [-95.31698, 29.80026], [-95.31722, 29.80926], [-95.32176, 29.80924], [-95.32423, 29.80908]]]}, "properties": {"geoid": "482012112001", "jobs_transit_45": 468218}}, {"type": "Feature", "geometry": {"type": "Polygon", "coordinates": [[[-95.6147, 29.70695], [-95.61464, 29.70351], [-95.60446, 29.7035], [-95.60455, 29.70703], [-95.60995, 29.70733], [-95.61359, 29.70729], [-95.6147, 29.70695]]]}, "properties": {"geoid": "482014525001", "jobs_transit_45": 313798}}, {"type": "Feature", "geometry": {"type": "Polygon", "coordinates": [[[-95.60758, 29.70345], [-95.60741, 29.70045], [-95.60441, 29.69694], [-95.60446, 29.7035], [-95.60758, 29.70345]]]}, "properties": {"geoid": "482014528013", "jobs_transit_45": 582657}}, {"type": "Feature", "geometry": {"type": "Polygon", "coordinates": [[[-95.62397, 29.70371], [-95.62394, 29.7], [-95.62313, 29.69967], [-95.61872, 29.69974], [-95.61861, 29.6981], [-95.6146, 29.69814], [-95.61464, 29.70351], [-95.62397, 29.70371]]]}, "properties": {"geoid": "482014527001", "jobs_transit_45": 300068}}, {"type": "Feature", "geometry": {"type": "Polygon", "coordinates": [[[-95.30004, 29.75197], [-95.3029, 29.74511], [-95.3032, 29.74437], [-95.29907, 29.74307], [-95.29909, 29.74389], [-95.29748, 29.74716], [-95.2938, 29.7464], [-95.29368, 29.74723], [-95.29631, 29.74837], [-95.29484, 29.75115], [-95.29643, 29.75306], [-95.29721, 29.75407], [-95.29947, 29.75249], [-95.30004, 29.75197]]]}, "properties": {"geoid": "482013110002", "jobs_transit_45": 381107}}, {"type": "Feature", "geometry": {"type": "Polygon", "coordinates": [[[-95.17836, 29.79927], [-95.17889, 29.7981], [-95.17055, 29.79588], [-95.16291, 29.79609], [-95.16322, 29.79823], [-95.16327, 29.80171], [-95.16767, 29.80295], [-95.17108, 29.80206], [-95.17064, 29.79904], [-95.17759, 29.79908], [-95.17836, 29.79927]]]}, "properties": {"geoid": "482012330022", "jobs_transit_45": null}}, {"type": "Feature", "geometry": {"type": "Polygon", "coordinates": [[[-95.25608, 29.76793], [-95.25587, 29.7599], [-95.25185, 29.75996], [-95.25094, 29.75978], [-95.24721, 29.75985], [-95.24736, 29.76723], [-95.25115, 29.76723], [-95.25608, 29.76793]]]}, "properties": {"geoid": "482012335004", "jobs_transit_45": null}}, {"type": "Feature", "geometry": {"type": "Polygon", "coordinates": [[[-95.19499, 29.7724], [-95.19521, 29.77143], [-95.18827, 29.77088], [-95.18284, 29.77064], [-95.18285, 29.77399], [-95.18307, 29.7818], [-95.19118, 29.78162], [-95.19009, 29.77459], [-95.19405, 29.77445], [-95.19499, 29.7724]]]}, "properties": {"geoid": "482012332003", "jobs_transit_45": 204851}}, {"type": "Feature", "geometry": {"type": "Polygon", "coordinates": [[[-95.24727, 29.76302], [-95.24721, 29.75985], [-95.24203, 29.759], [-95.23357, 29.75915], [-95.23373, 29.76473], [-95.2388, 29.76467], [-95.23877, 29.76317], [-95.24727, 29.76302]]]}, "properties": {"geoid": "482012335001", "jobs_transit_45": null}}, {"type": "Feature", "geometry": {"type": "Polygon", "coordinates": [[[-95.61329, 29.75615], [-95.61361, 29.75499], [-95.6136, 29.75453], [-95.60984, 29.75454], [-95.60611, 29.75393], [-95.60619, 29.75809], [-95.6135, 29.75823], [-95.61329, 29.75615]]]}, "properties": {"geoid": "482014515002", "jobs_transit_45": 482285}}, {"type": "Feature", "geometry": {"type": "Polygon", "coordinates": [[[-95.35517, 29.82895], [-95.35611, 29.82191], [-95.35559, 29.8197], [-95.34249, 29.81986], [-95.34253, 29.82191], [-95.34878, 29.82184], [-95.34881, 29.82488], [-95.35086, 29.82487], [-95.35088, 29.8287], [-95.34535, 29.8287], [-95.34541, 29.83124], [-95.35093, 29.83116], [-95.35095, 29.83242], [-95.35482, 29.83235], [-95.3536, 29.82869], [-95.35517, 29.82895]]]}, "properties": {"geoid": "482012207004", "jobs_transit_45": 459893}}, {"type": "Feature", "geometry": {"type": "Polygon", "coordinates": [[[-95.38471, 29.85944], [-95.38462, 29.8543], [-95.38131, 29.85319], [-95.37623, 29.85336], [-95.37191, 29.8534], [-95.37202, 29.85904], [-95.38471, 29.85944]]]}, "properties": {"geoid": "482012213005", "jobs_transit_45": 190852}}, {"type": "Feature", "geometry": {"type": "Polygon", "coordinates": [[[-95.42278, 29.98197], [-95.41926, 29.96574], [-95.40261, 29.96599], [-95.38872, 29.96599], [-95.38745, 29.9659], [-95.38027, 29.96541], [-95.38065, 29.96842], [-95.38357, 29.97093], [-95.39043, 29.97361], [-95.39214, 29.97623], [-95.394, 29.9836], [-95.41362, 29.98316], [-95.42278, 29.98197]]]}, "properties": {"geoid": "482012407022", "jobs_transit_45": 111042}}, {"type": "Feature", "geometry": {"type": "Polygon", "coordinates": [[[-95.42562, 29.99764], [-95.42278, 29.98197], [-95.41362, 29.98316], [-95.394, 29.9836], [-95.39707, 29.99593], [-95.39881, 29.99568], [-95.40228, 29.99564], [-95.40662, 29.99659], [-95.41277, 29.99662], [-95.4187, 29.99804], [-95.42562, 29.99764]]]}, "properties": {"geoid": "482012407021", "jobs_transit_45": null}}, {"type": "Feature", "geometry": {"type": "Polygon", "coordinates": [[[-95.40191, 29.93339], [-95.40215, 29.9327], [-95.40213, 29.93177], [-95.39235, 29.93191], [-95.38682, 29.93189], [-95.37962, 29.93279], [-95.38119, 29.9387], [-95.39387, 29.93858], [-95.39715, 29.93913], [-95.39809, 29.93621], [-95.39861, 29.93535], [-95.39947, 29.93477], [-95.40191, 29.93339]]]}, "properties": {"geoid": "482012226002", "jobs_transit_45": 250323}}, {"type": "Feature", "geometry": {"type": "Polygon", "coordinates": [[[-95.31593, 29.78762], [-95.31592, 29.78677], [-95.31349, 29.78741], [-95.29177, 29.78763], [-95.29167, 29.78018], [-95.29126, 29.7779], [-95.28992, 29.77804], [-95.28769, 29.77808], [-95.2796, 29.77817], [-95.27823, 29.77806], [-95.26408, 29.77573], [-95.26349, 29.77862], [-95.2647, 29.78394], [-95.26723, 29.79016], [-95.26934, 29.79456], [-95.27067, 29.79617], [-95.28015, 29.80248], [-95.28875, 29.7993], [-95.29694, 29.79566], [-95.31593, 29.78762]]]}, "properties": {"geoid": "482012124002", "jobs_transit_45": null}}, {"type": "Feature", "geometry": {"type": "Polygon", "coordinates": [[[-95.23408, 29.83878], [-95.23418, 29.83809], [-95.23044, 29.83463], [-95.23015, 29.83401], [-95.23179, 29.83032], [-95.22993, 29.82457], [-95.21099, 29.83259], [-95.21258, 29.8346], [-95.21405, 29.83878], [-95.21394, 29.83904], [-95.21417, 29.85011], [-95.21793, 29.84959], [-95.22849, 29.84988], [-95.2286, 29.84471], [-95.22987, 29.84418], [-95.23184, 29.8426], [-95.23143, 29.84126], [-95.23162, 29.84032], [-95.23244, 29.8396], [-95.23316, 29.83952], [-95.23408, 29.83878]]]}, "properties": {"geoid": "482012323013", "jobs_transit_45": null}}, {"type": "Feature", "geometry": {"type": "Polygon", "coordinates": [[[-95.24027, 29.74048], [-95.24016, 29.73463], [-95.23283, 29.73469], [-95.23301, 29.74052], [-95.24027, 29.74048]]]}, "properties": {"geoid": "482012337023", "jobs_transit_45": null}}, {"type": "Feature", "geometry": {"type": "Polygon", "coordinates": [[[-95.48429, 29.73772], [-95.48421, 29.73151], [-95.46826, 29.73153], [-95.4684, 29.73801], [-95.47409, 29.73796], [-95.47843, 29.73776], [-95.48429, 29.73772]]]}, "properties": {"geoid": "482014320012", "jobs_transit_45": 399116}}, {"type": "Feature", "geometry": {"type": "Polygon", "coordinates": [[[-95.26825, 30.00502], [-95.26985, 30.00131], [-95.26237, 29.99896], [-95.25741, 29.99916], [-95.25013, 29.99917], [-95.25008, 29.99641], [-95.24517, 29.99574], [-95.24669, 29.99194], [-95.24661, 29.98741], [-95.24677, 29.98727], [-95.25, 29.98725], [-95.25022, 29.98383], [-95.24842, 29.97915], [-95.2413, 29.97896], [-95.2334, 29.97828], [-95.22366, 29.98062], [-95.21744, 29.97934], [-95.21239, 29.98185], [-95.21243, 29.99945], [-95.22783, 29.99943], [-95.24211, 29.99926], [-95.24697, 30.00076], [-95.25329, 30.00442], [-95.25559, 30.00503], [-95.25688, 30.00513], [-95.26825, 30.00502]]]}, "properties": {"geoid": "482012506005", "jobs_transit_45": null}}, {"type": "Feature", "geometry": {"type": "Polygon", "coordinates": [[[-95.0344, 29.74846], [-95.03469, 29.73093], [-95.03457, 29.73029], [-95.03367, 29.73033], [-95.02831, 29.72945], [-95.02339, 29.72641], [-95.01883, 29.72719], [-95.01216, 29.73103], [-95.00956, 29.7294], [-95.00983, 29.72758], [-95.00394, 29.72676], [-95.00428, 29.72466], [-95.00144, 29.72659], [-95.00283, 29.72778], [-95.00072, 29.73075], [-95.00573, 29.73315], [-95.0079, 29.73314], [-95.02181, 29.7408], [-95.02269, 29.74362], [-95.02155, 29.74839], [-95.03149, 29.74868], [-95.03379, 29.75039], [-95.03429, 29.74964], [-95.03445, 29.74953], [-95.0344, 29.74946], [-95.03467, 29.7492], [-95.0344, 29.74846]]]}, "properties": {"geoid": "482012545002", "jobs_transit_45": null}}, {"type": "Feature", "geometry": {"type": "Polygon", "coordinates": [[[-95.73362, 29.73628], [-95.70822, 29.72186], [-95.70824, 29.72665], [-95.70955, 29.72863], [-95.70865, 29.73321], [-95.69869, 29.74234], [-95.69676, 29.74393], [-95.69811, 29.74424], [-95.69991, 29.74402], [-95.7006, 29.74518], [-95.70172, 29.74617], [-95.7028, 29.74901], [-95.70316, 29.75108], [-95.70625, 29.75444], [-95.71287, 29.75586], [-95.71772, 29.75951], [-95.72118, 29.75462], [-95.72227, 29.7535], [-95.72236, 29.75357], [-95.72837, 29.7474], [-95.73188, 29.74041], [-95.73362, 29.73628]]]}, "properties": {"geoid": "482014545021", "jobs_transit_45": null}}, {"type": "Feature", "geometry": {"type": "Polygon", "coordinates": [[[-95.59498, 29.66586], [-95.59704, 29.66068], [-95.58271, 29.65398], [-95.58374, 29.65943], [-95.58884, 29.66039], [-95.59204, 29.66498], [-95.59498, 29.66586]]]}, "properties": {"geoid": "482014535012", "jobs_transit_45": null}}, {"type": "Feature", "geometry": {"type": "Polygon", "coordinates": [[[-95.71884, 29.7722], [-95.7188, 29.77045], [-95.71852, 29.76922], [-95.71809, 29.76837], [-95.7164, 29.76589], [-95.71618, 29.76163], [-95.71772, 29.75951], [-95.71287, 29.75586], [-95.70625, 29.75444], [-95.70316, 29.75108], [-95.7028, 29.74901], [-95.70172, 29.74617], [-95.7006, 29.74518], [-95.69991, 29.74402], [-95.69811, 29.74424], [-95.69676, 29.74393], [-95.69654, 29.74418], [-95.69603, 29.74531], [-95.69217, 29.74924], [-95.69216, 29.75086], [-95.68826, 29.7539], [-95.68534, 29.75421], [-95.68543, 29.7596], [-95.68554, 29.77964], [-95.68828, 29.77964], [-95.68812, 29.77662], [-95.70056, 29.77523], [-95.70215, 29.77522], [-95.70205, 29.76915], [-95.70498, 29.76643], [-95.71215, 29.76638], [-95.7131, 29.76953], [-95.71628, 29.77227], [-95.71884, 29.7722]]]}, "properties": {"geoid": "482014545013", "jobs_transit_45": null}}, {"type": "Feature", "geometry": {"type": "Polygon", "coordinates": [[[-95.71886, 29.77514], [-95.71886, 29.77486], [-95.71884, 29.7722], [-95.71628, 29.77227], [-95.7131, 29.76953], [-95.71215, 29.76638], [-95.70498, 29.76643], [-95.70205, 29.76915], [-95.70215, 29.77522], [-95.70392, 29.77531], [-95.70799, 29.77658], [-95.70929, 29.77675], [-95.71544, 29.77535], [-95.71886, 29.77514]]]}, "properties": {"geoid": "482014545011", "jobs_transit_45": null}}, {"type": "Feature", "geometry": {"type": "Polygon", "coordinates": [[[-95.54504, 29.72663], [-95.54553, 29.723], [-95.54367, 29.72314], [-95.54095, 29.72279], [-95.53909, 29.72211], [-95.53916, 29.72773], [-95.54087, 29.72768], [-95.54184, 29.72777], [-95.54526, 29.72861], [-95.54535, 29.72817], [-95.54504, 29.72663]]]}, "properties": {"geoid": "482014324003", "jobs_transit_45": 277684}}, {"type": "Feature", "geometry": {"type": "Polygon", "coordinates": [[[-95.71894, 29.78492], [-95.71886, 29.77514], [-95.71544, 29.77535], [-95.70929, 29.77675], [-95.70799, 29.77658], [-95.70392, 29.77531], [-95.70056, 29.77523], [-95.68812, 29.77662], [-95.68828, 29.77964], [-95.68554, 29.77964], [-95.68556, 29.78272], [-95.6884, 29.78271], [-95.68836, 29.78477], [-95.6919, 29.78474], [-95.69833, 29.78498], [-95.70838, 29.78506], [-95.71894, 29.78492]]]}, "properties": {"geoid": "482014545012", "jobs_transit_45": null}}, {"type": "Feature", "geometry": {"type": "Polygon", "coordinates": [[[-95.38119, 29.9387], [-95.37962, 29.93279], [-95.3721, 29.93345], [-95.35749, 29.93138], [-95.35186, 29.93137], [-95.34847, 29.93039], [-95.34225, 29.93037], [-95.33157, 29.93017], [-95.30997, 29.93049], [-95.31005, 29.93139], [-95.31004, 29.93332], [-95.30665, 29.93553], [-95.30325, 29.93558], [-95.30344, 29.93994], [-95.3071, 29.93987], [-95.31165, 29.93929], [-95.33022, 29.93911], [-95.36453, 29.93882], [-95.38119, 29.9387]]]}, "properties": {"geoid": "482012227001", "jobs_transit_45": 46521}}, {"type": "Feature", "geometry": {"type": "Polygon", "coordinates": [[[-95.73641, 29.81802], [-95.73638, 29.81648], [-95.73608, 29.81613], [-95.73012, 29.81502], [-95.72959, 29.81079], [-95.7204, 29.81081], [-95.72046, 29.81492], [-95.72926, 29.815], [-95.72921, 29.81698], [-95.73274, 29.81675], [-95.73641, 29.81802]]]}, "properties": {"geoid": "482015423014", "jobs_transit_45": null}}, {"type": "Feature", "geometry": {"type": "Polygon", "coordinates": [[[-95.73636, 29.81358], [-95.73641, 29.81331], [-95.73596, 29.81293], [-95.73503, 29.81215], [-95.73397, 29.80991], [-95.73041, 29.80754], [-95.72982, 29.8075], [-95.72829, 29.80755], [-95.72338, 29.80482], [-95.72027, 29.80465], [-95.7204, 29.80568], [-95.7204, 29.81081], [-95.72959, 29.81079], [-95.73012, 29.81502], [-95.73608, 29.81613], [-95.73638, 29.81648], [-95.73636, 29.81358]]]}, "properties": {"geoid": "482015423011", "jobs_transit_45": null}}, {"type": "Feature", "geometry": {"type": "Polygon", "coordinates": [[[-95.37409, 29.81324], [-95.37529, 29.81321], [-95.37358, 29.80869], [-95.37336, 29.80762], [-95.37323, 29.80934], [-95.36896, 29.80931], [-95.36539, 29.80937], [-95.36544, 29.81356], [-95.36976, 29.81347], [-95.36979, 29.81367], [-95.37111, 29.81364], [-95.37409, 29.81324]]]}, "properties": {"geoid": "482012106001", "jobs_transit_45": 274594}}, {"type": "Feature", "geometry": {"type": "Polygon", "coordinates": [[[-95.19301, 29.67441], [-95.1928, 29.66501], [-95.18668, 29.66508], [-95.18681, 29.6745], [-95.19301, 29.67441]]]}, "properties": {"geoid": "482013238012", "jobs_transit_45": null}}, {"type": "Feature", "geometry": {"type": "Polygon", "coordinates": [[[-95.68333, 29.87363], [-95.68331, 29.87195], [-95.68175, 29.87104], [-95.68129, 29.87088], [-95.681, 29.87056], [-95.67747, 29.86985], [-95.67493, 29.86981], [-95.67249, 29.86989], [-95.67169, 29.86981], [-95.67151, 29.87062], [-95.67155, 29.87493], [-95.67381, 29.87492], [-95.67508, 29.87509], [-95.67768, 29.87508], [-95.67886, 29.87366], [-95.68333, 29.87363]]]}, "properties": {"geoid": "482015413004", "jobs_transit_45": null}}, {"type": "Feature", "geometry": {"type": "Polygon", "coordinates": [[[-94.96499, 29.73856], [-94.96583, 29.73666], [-94.96612, 29.73603], [-94.95912, 29.73372], [-94.95945, 29.73295], [-94.95742, 29.73228], [-94.95389, 29.73986], [-94.95814, 29.74074], [-94.96089, 29.7372], [-94.96499, 29.73856]]]}, "properties": {"geoid": "482012541004", "jobs_transit_45": null}}, {"type": "Feature", "geometry": {"type": "Polygon", "coordinates": [[[-95.65882, 29.88828], [-95.65736, 29.88113], [-95.65459, 29.88095], [-95.65455, 29.8791], [-95.64957, 29.87916], [-95.64959, 29.87995], [-95.6497, 29.88041], [-95.65193, 29.88502], [-95.65267, 29.88873], [-95.65341, 29.88981], [-95.65654, 29.88877], [-95.65882, 29.88828]]]}, "properties": {"geoid": "482015412024", "jobs_transit_45": null}}, {"type": "Feature", "geometry": {"type": "Polygon", "coordinates": [[[-95.02339, 29.72641], [-95.021, 29.72254], [-95.02045, 29.70916], [-95.01715, 29.70322], [-95.01461, 29.70524], [-95.00964, 29.70874], [-95.0058, 29.7109], [-95.00492, 29.71217], [-94.99896, 29.7157], [-94.99775, 29.71684], [-95.0027, 29.72053], [-94.99582, 29.72505], [-94.99639, 29.72521], [-95.00144, 29.72659], [-95.00428, 29.72466], [-95.00394, 29.72676], [-95.00983, 29.72758], [-95.00956, 29.7294], [-95.01216, 29.73103], [-95.01883, 29.72719], [-95.02339, 29.72641]]]}, "properties": {"geoid": "482012546002", "jobs_transit_45": null}}, {"type": "Feature", "geometry": {"type": "Polygon", "coordinates": [[[-94.95742, 29.73228], [-94.94637, 29.72906], [-94.94554, 29.73094], [-94.94371, 29.73015], [-94.94125, 29.73605], [-94.94175, 29.74012], [-94.94538, 29.73953], [-94.94806, 29.73859], [-94.95389, 29.73986], [-94.95742, 29.73228]]]}, "properties": {"geoid": "482012540002", "jobs_transit_45": null}}, {"type": "Feature", "geometry": {"type": "Polygon", "coordinates": [[[-95.1049, 29.54644], [-95.09974, 29.54184], [-95.0979, 29.54115], [-95.09452, 29.53575], [-95.09241, 29.53424], [-95.09181, 29.53509], [-95.08992, 29.53838], [-95.09086, 29.53987], [-95.09104, 29.54255], [-95.09544, 29.54968], [-95.09769, 29.54885], [-95.1049, 29.54644]]]}, "properties": {"geoid": "482013412023", "jobs_transit_45": null}}, {"type": "Feature", "geometry": {"type": "Polygon", "coordinates": [[[-95.00492, 29.71217], [-95.0058, 29.7109], [-95.00414, 29.71178], [-95.0014, 29.71117], [-95.00128, 29.71096], [-95.00062, 29.71037], [-94.9991, 29.70933], [-94.99515, 29.70833], [-94.9926, 29.70943], [-94.98904, 29.70852], [-94.98289, 29.70965], [-94.98121, 29.71382], [-94.98049, 29.71529], [-94.97998, 29.71661], [-94.97949, 29.72019], [-94.9832, 29.72102], [-94.98291, 29.725], [-94.98302, 29.73031], [-94.98397, 29.73244], [-94.9887, 29.73184], [-94.98999, 29.7273], [-94.98839, 29.72348], [-94.99161, 29.72373], [-94.99336, 29.72421], [-94.99372, 29.7234], [-94.99484, 29.72378], [-94.99507, 29.72255], [-94.99534, 29.72084], [-94.99623, 29.71853], [-94.998, 29.71655], [-94.99896, 29.7157], [-95.00492, 29.71217]]]}, "properties": {"geoid": "482012546003", "jobs_transit_45": null}}, {"type": "Feature", "geometry": {"type": "Polygon", "coordinates": [[[-95.35708, 29.73009], [-95.35857, 29.72638], [-95.35601, 29.72559], [-95.35628, 29.7249], [-95.35528, 29.72495], [-95.35474, 29.72489], [-95.35094, 29.72373], [-95.34994, 29.72621], [-95.34977, 29.72718], [-95.3499, 29.72785], [-95.3534, 29.72885], [-95.35578, 29.72971], [-95.35708, 29.73009]]]}, "properties": {"geoid": "482013124003", "jobs_transit_45": 383781}}, {"type": "Feature", "geometry": {"type": "Polygon", "coordinates": [[[-95.41316, 29.69281], [-95.41271, 29.6919], [-95.41252, 29.69077], [-95.41228, 29.67809], [-95.40563, 29.67854], [-95.40316, 29.67905], [-95.40333, 29.68991], [-95.40061, 29.69339], [-95.40059, 29.69465], [-95.40245, 29.70238], [-95.40721, 29.70083], [-95.40773, 29.70037], [-95.40588, 29.69887], [-95.40477, 29.69483], [-95.41316, 29.69281]]]}, "properties": {"geoid": "482013144002", "jobs_transit_45": 435701}}, {"type": "Feature", "geometry": {"type": "Polygon", "coordinates": [[[-95.21167, 29.71257], [-95.21163, 29.71116], [-95.20954, 29.71136], [-95.20945, 29.70536], [-95.20108, 29.70545], [-95.2012, 29.70728], [-95.20124, 29.70906], [-95.20128, 29.71266], [-95.21167, 29.71257]]]}, "properties": {"geoid": "482013241004", "jobs_transit_45": null}}, {"type": "Feature", "geometry": {"type": "Polygon", "coordinates": [[[-95.35562, 29.6274], [-95.35543, 29.62069], [-95.35543, 29.61662], [-95.34625, 29.62012], [-95.34163, 29.621], [-95.34091, 29.62101], [-95.3407, 29.62214], [-95.3396, 29.62517], [-95.33946, 29.62586], [-95.33934, 29.62683], [-95.33934, 29.62953], [-95.34131, 29.62947], [-95.34412, 29.62891], [-95.34406, 29.62591], [-95.35066, 29.62598], [-95.35381, 29.62717], [-95.35462, 29.62738], [-95.35562, 29.6274]]]}, "properties": {"geoid": "482013316011", "jobs_transit_45": 44358}}, {"type": "Feature", "geometry": {"type": "Polygon", "coordinates": [[[-94.94554, 29.73094], [-94.94637, 29.72906], [-94.94222, 29.72782], [-94.93919, 29.72685], [-94.93483, 29.73259], [-94.92903, 29.73706], [-94.9286, 29.74116], [-94.9337, 29.74053], [-94.93386, 29.74119], [-94.93814, 29.74049], [-94.93967, 29.74047], [-94.94175, 29.74012], [-94.94125, 29.73605], [-94.94371, 29.73015], [-94.94554, 29.73094]]]}, "properties": {"geoid": "482012540001", "jobs_transit_45": null}}, {"type": "Feature", "geometry": {"type": "Polygon", "coordinates": [[[-95.7516, 29.75856], [-95.75145, 29.74648], [-95.73362, 29.73628], [-95.73188, 29.74041], [-95.7294, 29.74616], [-95.73361, 29.74926], [-95.73429, 29.75148], [-95.73434, 29.75953], [-95.74158, 29.75866], [-95.7516, 29.75856]]]}, "properties": {"geoid": "482014549002", "jobs_transit_45": null}}, {"type": "Feature", "geometry": {"type": "Polygon", "coordinates": [[[-95.7353, 29.801], [-95.73513, 29.78862], [-95.73575, 29.78568], [-95.73866, 29.78519], [-95.7269, 29.7851], [-95.71894, 29.78492], [-95.7189, 29.78992], [-95.72138, 29.79052], [-95.73089, 29.78964], [-95.73083, 29.79127], [-95.72766, 29.79595], [-95.72984, 29.79773], [-95.73056, 29.80098], [-95.7353, 29.801]]]}, "properties": {"geoid": "482015424003", "jobs_transit_45": null}}, {"type": "Feature", "geometry": {"type": "Polygon", "coordinates": [[[-95.77038, 29.76749], [-95.77099, 29.76724], [-95.76724, 29.7603], [-95.76689, 29.75924], [-95.76663, 29.7579], [-95.76526, 29.75806], [-95.75714, 29.75885], [-95.75494, 29.75843], [-95.75378, 29.7584], [-95.75371, 29.7593], [-95.75711, 29.75977], [-95.75881, 29.76371], [-95.76046, 29.76371], [-95.7601, 29.76549], [-95.75883, 29.76654], [-95.76188, 29.76536], [-95.76297, 29.76479], [-95.76418, 29.76451], [-95.76792, 29.76457], [-95.77038, 29.76749]]]}, "properties": {"geoid": "482014551013", "jobs_transit_45": null}}, {"type": "Feature", "geometry": {"type": "Polygon", "coordinates": [[[-95.76574, 29.77013], [-95.76647, 29.76934], [-95.76388, 29.76659], [-95.76305, 29.76476], [-95.76188, 29.76536], [-95.75883, 29.76654], [-95.75534, 29.76944], [-95.75663, 29.77079], [-95.76136, 29.77322], [-95.76508, 29.77322], [-95.76574, 29.77013]]]}, "properties": {"geoid": "482014551014", "jobs_transit_45": null}}, {"type": "Feature", "geometry": {"type": "Polygon", "coordinates": [[[-95.7601, 29.76549], [-95.76046, 29.76371], [-95.75881, 29.76371], [-95.75711, 29.75977], [-95.75371, 29.7593], [-95.75378, 29.7584], [-95.7516, 29.75856], [-95.7517, 29.76966], [-95.75373, 29.76913], [-95.75415, 29.76906], [-95.75491, 29.76916], [-95.75534, 29.76944], [-95.7601, 29.76549]]]}, "properties": {"geoid": "482014551012", "jobs_transit_45": null}}, {"type": "Feature", "geometry": {"type": "Polygon", "coordinates": [[[-95.73434, 29.75953], [-95.73429, 29.75148], [-95.73361, 29.74926], [-95.7294, 29.74616], [-95.72837, 29.7474], [-95.72236, 29.75357], [-95.72841, 29.75804], [-95.73283, 29.75952], [-95.73434, 29.75953]]]}, "properties": {"geoid": "482014549001", "jobs_transit_45": null}}, {"type": "Feature", "geometry": {"type": "Polygon", "coordinates": [[[-95.48934, 29.81068], [-95.48919, 29.80831], [-95.48918, 29.80713], [-95.48688, 29.80675], [-95.48556, 29.80718], [-95.48492, 29.80671], [-95.485, 29.81058], [-95.48733, 29.81069], [-95.48934, 29.81068]]]}, "properties": {"geoid": "482015206021", "jobs_transit_45": 180788}}, {"type": "Feature", "geometry": {"type": "Polygon", "coordinates": [[[-95.66906, 29.86529], [-95.66976, 29.85977], [-95.66829, 29.85411], [-95.66821, 29.84922], [-95.66417, 29.84924], [-95.66143, 29.84893], [-95.65449, 29.84901], [-95.65451, 29.85076], [-95.65479, 29.85271], [-95.66055, 29.85385], [-95.66058, 29.85906], [-95.66372, 29.8598], [-95.6638, 29.86368], [-95.66758, 29.86513], [-95.66906, 29.86529]]]}, "properties": {"geoid": "482015414002", "jobs_transit_45": null}}, {"type": "Feature", "geometry": {"type": "Polygon", "coordinates": [[[-95.27768, 29.61171], [-95.27763, 29.60835], [-95.26971, 29.60844], [-95.26964, 29.6046], [-95.26655, 29.60465], [-95.26659, 29.61184], [-95.2667, 29.6157], [-95.27559, 29.61558], [-95.27552, 29.61173], [-95.27768, 29.61171]]]}, "properties": {"geoid": "482013338005", "jobs_transit_45": null}}, {"type": "Feature", "geometry": {"type": "Polygon", "coordinates": [[[-95.37608, 29.82324], [-95.37536, 29.82154], [-95.37524, 29.81947], [-95.36556, 29.81959], [-95.36567, 29.82338], [-95.36719, 29.82339], [-95.36767, 29.82376], [-95.36943, 29.82376], [-95.37141, 29.82395], [-95.37464, 29.82447], [-95.37462, 29.82326], [-95.37608, 29.82324]]]}, "properties": {"geoid": "482012203002", "jobs_transit_45": 359227}}, {"type": "Feature", "geometry": {"type": "Polygon", "coordinates": [[[-95.36771, 29.82846], [-95.36719, 29.82339], [-95.36567, 29.82338], [-95.36556, 29.81959], [-95.35559, 29.8197], [-95.35611, 29.82191], [-95.35517, 29.82895], [-95.36771, 29.82846]]]}, "properties": {"geoid": "482012203003", "jobs_transit_45": 359060}}, {"type": "Feature", "geometry": {"type": "Polygon", "coordinates": [[[-95.3682, 29.83759], [-95.36815, 29.83317], [-95.3679, 29.83255], [-95.36771, 29.82846], [-95.35517, 29.82895], [-95.35694, 29.83743], [-95.35907, 29.83746], [-95.3682, 29.83759]]]}, "properties": {"geoid": "482012204002", "jobs_transit_45": 359112}}, {"type": "Feature", "geometry": {"type": "Polygon", "coordinates": [[[-95.38442, 29.8346], [-95.38452, 29.83321], [-95.3813, 29.82878], [-95.37805, 29.81939], [-95.37524, 29.81947], [-95.37536, 29.82154], [-95.37649, 29.82432], [-95.37584, 29.83476], [-95.38442, 29.8346]]]}, "properties": {"geoid": "482012205001", "jobs_transit_45": 475752}}, {"type": "Feature", "geometry": {"type": "Polygon", "coordinates": [[[-95.36834, 29.8462], [-95.3682, 29.83759], [-95.35907, 29.83746], [-95.3568, 29.83743], [-95.35906, 29.8465], [-95.36092, 29.84628], [-95.36834, 29.8462]]]}, "properties": {"geoid": "482012206001", "jobs_transit_45": 114995}}, {"type": "Feature", "geometry": {"type": "Polygon", "coordinates": [[[-95.37775, 29.8456], [-95.37558, 29.84083], [-95.37569, 29.83758], [-95.3682, 29.83759], [-95.36834, 29.8462], [-95.36936, 29.84609], [-95.37041, 29.84581], [-95.37127, 29.84568], [-95.37775, 29.8456]]]}, "properties": {"geoid": "482012206002", "jobs_transit_45": 198156}}, {"type": "Feature", "geometry": {"type": "Polygon", "coordinates": [[[-95.3498, 29.84807], [-95.34978, 29.84598], [-95.34815, 29.84598], [-95.34822, 29.83774], [-95.3482, 29.83699], [-95.34276, 29.83702], [-95.34295, 29.84732], [-95.34291, 29.84816], [-95.3498, 29.84807]]]}, "properties": {"geoid": "482012207001", "jobs_transit_45": 474709}}, {"type": "Feature", "geometry": {"type": "Polygon", "coordinates": [[[-95.35097, 29.83368], [-95.35093, 29.83116], [-95.34541, 29.83124], [-95.34535, 29.8287], [-95.34264, 29.82873], [-95.34276, 29.83702], [-95.3482, 29.83699], [-95.34813, 29.83388], [-95.35097, 29.83368]]]}, "properties": {"geoid": "482012207002", "jobs_transit_45": 459887}}, {"type": "Feature", "geometry": {"type": "Polygon", "coordinates": [[[-95.35088, 29.8287], [-95.35086, 29.82487], [-95.34881, 29.82488], [-95.34878, 29.82184], [-95.34253, 29.82191], [-95.34264, 29.82873], [-95.35088, 29.8287]]]}, "properties": {"geoid": "482012207003", "jobs_transit_45": 459976}}, {"type": "Feature", "geometry": {"type": "Polygon", "coordinates": [[[-95.35518, 29.84722], [-95.35906, 29.8465], [-95.3568, 29.83743], [-95.35694, 29.83743], [-95.35517, 29.82895], [-95.3536, 29.82869], [-95.35482, 29.83235], [-95.35095, 29.83242], [-95.35097, 29.83368], [-95.34813, 29.83388], [-95.34822, 29.83774], [-95.34815, 29.84598], [-95.34978, 29.84598], [-95.3498, 29.84807], [-95.35208, 29.84805], [-95.35284, 29.84794], [-95.35378, 29.84771], [-95.35518, 29.84722]]]}, "properties": {"geoid": "482012207005", "jobs_transit_45": null}}, {"type": "Feature", "geometry": {"type": "Polygon", "coordinates": [[[-95.34281, 29.84045], [-95.34269, 29.83195], [-95.33964, 29.83197], [-95.33495, 29.83299], [-95.33523, 29.83166], [-95.33498, 29.83117], [-95.33371, 29.83716], [-95.33362, 29.83848], [-95.33365, 29.84076], [-95.34281, 29.84045]]]}, "properties": {"geoid": "482012208001", "jobs_transit_45": 460024}}, {"type": "Feature", "geometry": {"type": "Polygon", "coordinates": [[[-95.63818, 29.87256], [-95.63796, 29.87014], [-95.63816, 29.86773], [-95.63383, 29.86765], [-95.63278, 29.86738], [-95.62859, 29.86441], [-95.62433, 29.863], [-95.62397, 29.8696], [-95.62518, 29.87009], [-95.62608, 29.87146], [-95.6244, 29.87304], [-95.626, 29.87686], [-95.62539, 29.87943], [-95.63303, 29.87932], [-95.63291, 29.87007], [-95.6335, 29.87261], [-95.63818, 29.87256]]]}, "properties": {"geoid": "482015406022", "jobs_transit_45": null}}, {"type": "Feature", "geometry": {"type": "Polygon", "coordinates": [[[-95.64046, 29.85226], [-95.64044, 29.85006], [-95.63831, 29.84936], [-95.63779, 29.84817], [-95.63736, 29.84751], [-95.63475, 29.84872], [-95.63411, 29.8493], [-95.63368, 29.85001], [-95.63363, 29.85163], [-95.63578, 29.8566], [-95.64004, 29.85653], [-95.64015, 29.85231], [-95.64046, 29.85226]]]}, "properties": {"geoid": "482015405023", "jobs_transit_45": null}}, {"type": "Feature", "geometry": {"type": "Polygon", "coordinates": [[[-95.42937, 30.03565], [-95.42926, 30.03156], [-95.42928, 30.02871], [-95.42856, 30.02826], [-95.42628, 30.02816], [-95.42619, 30.02866], [-95.42196, 30.02864], [-95.422, 30.02643], [-95.42051, 30.02639], [-95.42051, 30.0276], [-95.42072, 30.02861], [-95.42107, 30.02945], [-95.42173, 30.03039], [-95.42093, 30.03541], [-95.42119, 30.03523], [-95.42383, 30.03445], [-95.42937, 30.03565]]]}, "properties": {"geoid": "482012408014", "jobs_transit_45": 89981}}, {"type": "Feature", "geometry": {"type": "Polygon", "coordinates": [[[-95.46617, 29.99194], [-95.4676, 29.98894], [-95.46258, 29.98331], [-95.46235, 29.9814], [-95.46093, 29.98207], [-95.45377, 29.98113], [-95.45259, 29.98234], [-95.44578, 29.98243], [-95.44577, 29.9788], [-95.44062, 29.9741], [-95.43966, 29.98312], [-95.44597, 29.98861], [-95.45485, 29.99613], [-95.4561, 29.9975], [-95.45791, 29.99996], [-95.46115, 29.99782], [-95.46136, 29.99481], [-95.46187, 29.99412], [-95.46617, 29.99194]]]}, "properties": {"geoid": "482015504013", "jobs_transit_45": null}}, {"type": "Feature", "geometry": {"type": "Polygon", "coordinates": [[[-95.51281, 29.79728], [-95.51282, 29.79432], [-95.50829, 29.79427], [-95.50836, 29.78476], [-95.50129, 29.78466], [-95.49886, 29.78451], [-95.49885, 29.78466], [-95.49909, 29.78517], [-95.50021, 29.78628], [-95.50037, 29.78683], [-95.50044, 29.79615], [-95.5026, 29.79679], [-95.50442, 29.7963], [-95.50616, 29.7971], [-95.50894, 29.79796], [-95.51013, 29.79886], [-95.51281, 29.79728]]]}, "properties": {"geoid": "482015225004", "jobs_transit_45": 275078}}, {"type": "Feature", "geometry": {"type": "Polygon", "coordinates": [[[-95.6192, 29.74301], [-95.61928, 29.74235], [-95.61927, 29.74165], [-95.61776, 29.73944], [-95.61811, 29.73595], [-95.61354, 29.73602], [-95.61358, 29.73732], [-95.61419, 29.7405], [-95.61562, 29.74051], [-95.61564, 29.74213], [-95.61858, 29.74285], [-95.6192, 29.74301]]]}, "properties": {"geoid": "482014514022", "jobs_transit_45": 101976}}, {"type": "Feature", "geometry": {"type": "Polygon", "coordinates": [[[-95.51807, 29.71302], [-95.51802, 29.70973], [-95.51569, 29.70975], [-95.51573, 29.71305], [-95.51807, 29.71302]]]}, "properties": {"geoid": "482014328023", "jobs_transit_45": 295977}}, {"type": "Feature", "geometry": {"type": "Polygon", "coordinates": [[[-95.57559, 29.76317], [-95.57615, 29.76143], [-95.57391, 29.7614], [-95.57168, 29.76016], [-95.57198, 29.75969], [-95.57139, 29.75833], [-95.57108, 29.75749], [-95.57049, 29.75777], [-95.5698, 29.7564], [-95.56698, 29.75642], [-95.567, 29.75879], [-95.56612, 29.75893], [-95.56332, 29.7587], [-95.56331, 29.75786], [-95.56251, 29.75785], [-95.5622, 29.75836], [-95.56049, 29.75849], [-95.5581, 29.75801], [-95.5581, 29.76087], [-95.55834, 29.76222], [-95.55934, 29.76072], [-95.55988, 29.76078], [-95.56272, 29.76197], [-95.56973, 29.76207], [-95.57602, 29.76587], [-95.57559, 29.76317]]]}, "properties": {"geoid": "482014508011", "jobs_transit_45": null}}, {"type": "Feature", "geometry": {"type": "Polygon", "coordinates": [[[-95.56987, 29.75556], [-95.56965, 29.75418], [-95.56958, 29.74765], [-95.56826, 29.74742], [-95.56502, 29.74726], [-95.56473, 29.74865], [-95.56588, 29.74882], [-95.56718, 29.74884], [-95.567, 29.75578], [-95.56698, 29.75642], [-95.5698, 29.7564], [-95.56987, 29.75556]]]}, "properties": {"geoid": "482014508022", "jobs_transit_45": 128750}}, {"type": "Feature", "geometry": {"type": "Polygon", "coordinates": [[[-95.26555, 29.76828], [-95.26491, 29.74478], [-95.26493, 29.74344], [-95.25754, 29.74368], [-95.25728, 29.73428], [-95.25739, 29.73371], [-95.25779, 29.73321], [-95.25642, 29.73233], [-95.25601, 29.73213], [-95.25361, 29.73276], [-95.254, 29.74619], [-95.2543, 29.7576], [-95.25163, 29.75761], [-95.25172, 29.75992], [-95.25587, 29.7599], [-95.25606, 29.76818], [-95.26555, 29.76828]]]}, "properties": {"geoid": "482012336001", "jobs_transit_45": 33562}}, {"type": "Feature", "geometry": {"type": "Polygon", "coordinates": [[[-95.24529, 29.79495], [-95.24522, 29.79448], [-95.24412, 29.79386], [-95.24277, 29.79354], [-95.24054, 29.792], [-95.23803, 29.7876], [-95.238, 29.78548], [-95.23484, 29.78376], [-95.23559, 29.78243], [-95.23511, 29.78199], [-95.23474, 29.78146], [-95.23438, 29.78113], [-95.23407, 29.78127], [-95.23237, 29.78134], [-95.23145, 29.78177], [-95.22312, 29.78163], [-95.22313, 29.78315], [-95.21866, 29.78415], [-95.2187, 29.7921], [-95.21892, 29.80262], [-95.23178, 29.79816], [-95.24138, 29.795], [-95.24529, 29.79495]]]}, "properties": {"geoid": "482012327011", "jobs_transit_45": null}}, {"type": "Feature", "geometry": {"type": "Polygon", "coordinates": [[[-95.22806, 29.77242], [-95.22798, 29.77212], [-95.22048, 29.77051], [-95.21367, 29.77074], [-95.21733, 29.77448], [-95.21828, 29.77584], [-95.22264, 29.77574], [-95.2227, 29.77532], [-95.22368, 29.7735], [-95.22366, 29.77314], [-95.22806, 29.77242]]]}, "properties": {"geoid": "482012327021", "jobs_transit_45": 204478}}, {"type": "Feature", "geometry": {"type": "Polygon", "coordinates": [[[-95.34269, 29.83195], [-95.34249, 29.81986], [-95.3355, 29.8199], [-95.33558, 29.8223], [-95.33558, 29.82772], [-95.33534, 29.82954], [-95.33498, 29.83117], [-95.33523, 29.83166], [-95.33495, 29.83299], [-95.33964, 29.83197], [-95.34269, 29.83195]]]}, "properties": {"geoid": "482012208002", "jobs_transit_45": 459975}}, {"type": "Feature", "geometry": {"type": "Polygon", "coordinates": [[[-95.34291, 29.84816], [-95.34291, 29.84618], [-95.33637, 29.84644], [-95.33405, 29.8463], [-95.3338, 29.84873], [-95.33391, 29.85525], [-95.3336, 29.86135], [-95.33485, 29.86192], [-95.34253, 29.84914], [-95.34291, 29.84816]]]}, "properties": {"geoid": "482012209001", "jobs_transit_45": 474377}}, {"type": "Feature", "geometry": {"type": "Polygon", "coordinates": [[[-95.3411, 29.87108], [-95.35179, 29.871], [-95.3519, 29.871], [-95.35001, 29.86735], [-95.34991, 29.85945], [-95.34313, 29.85949], [-95.34313, 29.86174], [-95.33634, 29.8617], [-95.33592, 29.8616], [-95.33522, 29.86129], [-95.33485, 29.86192], [-95.3356, 29.86212], [-95.33816, 29.86223], [-95.34252, 29.86612], [-95.34271, 29.86756], [-95.34125, 29.86824], [-95.34159, 29.86984], [-95.3415, 29.87023], [-95.3411, 29.87108]]]}, "properties": {"geoid": "482012210001", "jobs_transit_45": 41803}}, {"type": "Feature", "geometry": {"type": "Polygon", "coordinates": [[[-95.35898, 29.85938], [-95.36223, 29.8592], [-95.36034, 29.85176], [-95.35974, 29.85166], [-95.36018, 29.85332], [-95.34986, 29.85357], [-95.34991, 29.85945], [-95.35898, 29.85938]]]}, "properties": {"geoid": "482012211002", "jobs_transit_45": 83376}}, {"type": "Feature", "geometry": {"type": "Polygon", "coordinates": [[[-95.35974, 29.85166], [-95.36034, 29.85176], [-95.35906, 29.8465], [-95.35518, 29.84722], [-95.35344, 29.84781], [-95.35241, 29.84801], [-95.34864, 29.84808], [-95.34924, 29.84897], [-95.34979, 29.85048], [-95.34986, 29.85357], [-95.36018, 29.85332], [-95.35974, 29.85166]]]}, "properties": {"geoid": "482012211003", "jobs_transit_45": 82460}}, {"type": "Feature", "geometry": {"type": "Polygon", "coordinates": [[[-95.37215, 29.86628], [-95.37207, 29.86234], [-95.36365, 29.86252], [-95.36281, 29.85916], [-95.36223, 29.8592], [-95.36509, 29.87074], [-95.37195, 29.87021], [-95.37189, 29.86717], [-95.37215, 29.86628]]]}, "properties": {"geoid": "482012212001", "jobs_transit_45": 131687}}, {"type": "Feature", "geometry": {"type": "Polygon", "coordinates": [[[-95.37207, 29.86234], [-95.37202, 29.85904], [-95.36472, 29.85904], [-95.36281, 29.85916], [-95.36365, 29.86252], [-95.37207, 29.86234]]]}, "properties": {"geoid": "482012212002", "jobs_transit_45": 90327}}, {"type": "Feature", "geometry": {"type": "Polygon", "coordinates": [[[-95.38492, 29.87006], [-95.38471, 29.85944], [-95.37202, 29.85904], [-95.37215, 29.86628], [-95.37189, 29.86717], [-95.37195, 29.87021], [-95.38492, 29.87006]]]}, "properties": {"geoid": "482012212003", "jobs_transit_45": 102386}}, {"type": "Feature", "geometry": {"type": "Polygon", "coordinates": [[[-95.37202, 29.85904], [-95.37195, 29.85586], [-95.36216, 29.8565], [-95.361, 29.85192], [-95.36034, 29.85176], [-95.36223, 29.8592], [-95.36472, 29.85904], [-95.37202, 29.85904]]]}, "properties": {"geoid": "482012213002", "jobs_transit_45": 83984}}, {"type": "Feature", "geometry": {"type": "Polygon", "coordinates": [[[-95.37195, 29.85586], [-95.3719, 29.85184], [-95.36884, 29.85187], [-95.36793, 29.85181], [-95.361, 29.85192], [-95.36216, 29.8565], [-95.37195, 29.85586]]]}, "properties": {"geoid": "482012213003", "jobs_transit_45": 83933}}, {"type": "Feature", "geometry": {"type": "Polygon", "coordinates": [[[-95.38462, 29.8543], [-95.38449, 29.84553], [-95.37177, 29.84567], [-95.37191, 29.8534], [-95.37623, 29.85336], [-95.38131, 29.85319], [-95.38462, 29.8543]]]}, "properties": {"geoid": "482012213004", "jobs_transit_45": 198285}}, {"type": "Feature", "geometry": {"type": "Polygon", "coordinates": [[[-95.50889, 29.77758], [-95.50879, 29.76258], [-95.50649, 29.76259], [-95.49932, 29.76634], [-95.49854, 29.76727], [-95.49868, 29.7675], [-95.49882, 29.77009], [-95.4997, 29.77156], [-95.4996, 29.77752], [-95.50258, 29.77769], [-95.50889, 29.77758]]]}, "properties": {"geoid": "482014303002", "jobs_transit_45": 97237}}, {"type": "Feature", "geometry": {"type": "Polygon", "coordinates": [[[-95.39109, 29.85967], [-95.39084, 29.84555], [-95.38449, 29.84553], [-95.38471, 29.85944], [-95.38598, 29.85967], [-95.39109, 29.85967]]]}, "properties": {"geoid": "482012214002", "jobs_transit_45": 111387}}, {"type": "Feature", "geometry": {"type": "Polygon", "coordinates": [[[-95.3956, 29.86993], [-95.39552, 29.86435], [-95.39488, 29.86435], [-95.39476, 29.86052], [-95.39493, 29.85964], [-95.38653, 29.85969], [-95.38567, 29.85964], [-95.38471, 29.85944], [-95.38492, 29.87006], [-95.3956, 29.86993]]]}, "properties": {"geoid": "482012215001", "jobs_transit_45": 119729}}, {"type": "Feature", "geometry": {"type": "Polygon", "coordinates": [[[-95.57637, 29.74794], [-95.57627, 29.74145], [-95.57379, 29.74147], [-95.572, 29.74278], [-95.57207, 29.74796], [-95.57637, 29.74794]]]}, "properties": {"geoid": "482014510013", "jobs_transit_45": 188600}}, {"type": "Feature", "geometry": {"type": "Polygon", "coordinates": [[[-95.37962, 29.93279], [-95.37809, 29.92543], [-95.37679, 29.92015], [-95.3759, 29.91804], [-95.37578, 29.91724], [-95.37583, 29.91664], [-95.37177, 29.91617], [-95.36366, 29.91772], [-95.36364, 29.91681], [-95.35557, 29.91677], [-95.35563, 29.92048], [-95.35608, 29.93136], [-95.35749, 29.93138], [-95.3721, 29.93345], [-95.37962, 29.93279]]]}, "properties": {"geoid": "482012228001", "jobs_transit_45": null}}, {"type": "Feature", "geometry": {"type": "Polygon", "coordinates": [[[-95.28913, 29.70256], [-95.28586, 29.70248], [-95.28588, 29.70488], [-95.28913, 29.70256]]]}, "properties": {"geoid": "482013116001", "jobs_transit_45": 81978}}, {"type": "Feature", "geometry": {"type": "Polygon", "coordinates": [[[-95.35608, 29.93136], [-95.35563, 29.92048], [-95.35543, 29.9132], [-95.34124, 29.91307], [-95.34114, 29.91794], [-95.34093, 29.92068], [-95.34237, 29.92121], [-95.3458, 29.92454], [-95.34705, 29.9284], [-95.34711, 29.93037], [-95.34847, 29.93039], [-95.35186, 29.93137], [-95.35608, 29.93136]]]}, "properties": {"geoid": "482012229001", "jobs_transit_45": null}}, {"type": "Feature", "geometry": {"type": "Polygon", "coordinates": [[[-95.34114, 29.91794], [-95.34112, 29.90941], [-95.34049, 29.90857], [-95.34051, 29.90565], [-95.33437, 29.90546], [-95.33157, 29.90597], [-95.33138, 29.90662], [-95.33138, 29.91123], [-95.33098, 29.92072], [-95.33349, 29.92067], [-95.33841, 29.92119], [-95.34093, 29.92068], [-95.34114, 29.91794]]]}, "properties": {"geoid": "482012229003", "jobs_transit_45": 108217}}, {"type": "Feature", "geometry": {"type": "Polygon", "coordinates": [[[-95.34711, 29.93037], [-95.34705, 29.9284], [-95.3458, 29.92454], [-95.34237, 29.92121], [-95.33841, 29.92119], [-95.33349, 29.92067], [-95.33045, 29.92074], [-95.32556, 29.91926], [-95.31746, 29.91955], [-95.30713, 29.91844], [-95.30279, 29.92481], [-95.30008, 29.93071], [-95.30306, 29.93059], [-95.33157, 29.93017], [-95.34225, 29.93037], [-95.34711, 29.93037]]]}, "properties": {"geoid": "482012231001", "jobs_transit_45": 29880}}, {"type": "Feature", "geometry": {"type": "Polygon", "coordinates": [[[-95.28975, 29.70156], [-95.28961, 29.70092], [-95.28915, 29.7004], [-95.28737, 29.70054], [-95.28362, 29.70117], [-95.28587, 29.70233], [-95.28926, 29.70234], [-95.28975, 29.70156]]]}, "properties": {"geoid": "482013116002", "jobs_transit_45": 85979}}, {"type": "Feature", "geometry": {"type": "Polygon", "coordinates": [[[-95.31078, 29.69718], [-95.31097, 29.69669], [-95.31142, 29.69555], [-95.29966, 29.69188], [-95.2988, 29.69137], [-95.29888, 29.69232], [-95.30039, 29.69588], [-95.31031, 29.69714], [-95.31078, 29.69718]]]}, "properties": {"geoid": "482013328002", "jobs_transit_45": 158573}}, {"type": "Feature", "geometry": {"type": "Polygon", "coordinates": [[[-95.12238, 29.65049], [-95.11001, 29.6365], [-95.10664, 29.63336], [-95.09995, 29.62586], [-95.09864, 29.62467], [-95.09233, 29.6199], [-95.08927, 29.61702], [-95.08813, 29.61606], [-95.06984, 29.60224], [-95.04861, 29.6111], [-95.04468, 29.60515], [-95.04396, 29.6048], [-95.04298, 29.60453], [-95.03871, 29.60375], [-95.03781, 29.6037], [-95.03182, 29.60372], [-95.03349, 29.61386], [-95.03426, 29.62277], [-95.03427, 29.62374], [-95.03418, 29.62471], [-95.0331, 29.62785], [-95.03067, 29.63275], [-95.02952, 29.6382], [-95.02989, 29.65234], [-95.02513, 29.65017], [-95.02048, 29.6456], [-95.01885, 29.64596], [-95.01914, 29.65638], [-95.02923, 29.65625], [-95.02953, 29.65441], [-95.02907, 29.66099], [-95.02812, 29.66144], [-95.01921, 29.66156], [-95.01928, 29.66552], [-95.03918, 29.66515], [-95.03875, 29.65215], [-95.05856, 29.65178], [-95.07333, 29.65186], [-95.08372, 29.65171], [-95.08856, 29.65118], [-95.11642, 29.65072], [-95.12238, 29.65049]]]}, "properties": {"geoid": "482013437003", "jobs_transit_45": null}}, {"type": "Feature", "geometry": {"type": "Polygon", "coordinates": [[[-95.62337, 29.68102], [-95.62311, 29.6786], [-95.62309, 29.67535], [-95.61444, 29.6754], [-95.61443, 29.68115], [-95.62337, 29.68102]]]}, "properties": {"geoid": "482014539003", "jobs_transit_45": 47162}}, {"type": "Feature", "geometry": {"type": "Polygon", "coordinates": [[[-95.29051, 29.73656], [-95.29216, 29.73256], [-95.2802, 29.72893], [-95.27957, 29.73079], [-95.27983, 29.73212], [-95.28127, 29.73373], [-95.29051, 29.73656]]]}, "properties": {"geoid": "482013111004", "jobs_transit_45": 378595}}, {"type": "Feature", "geometry": {"type": "Polygon", "coordinates": [[[-95.44663, 29.65451], [-95.44638, 29.64112], [-95.43909, 29.64279], [-95.4385, 29.64025], [-95.43475, 29.64031], [-95.43458, 29.63103], [-95.43783, 29.63097], [-95.43779, 29.62935], [-95.43799, 29.62853], [-95.43803, 29.62771], [-95.42957, 29.62786], [-95.42983, 29.63336], [-95.43003, 29.64178], [-95.42703, 29.64144], [-95.42232, 29.6415], [-95.42208, 29.64134], [-95.42206, 29.64048], [-95.41061, 29.64061], [-95.40899, 29.64028], [-95.41744, 29.61904], [-95.41662, 29.61896], [-95.41252, 29.62045], [-95.41101, 29.62223], [-95.40916, 29.62279], [-95.40612, 29.62867], [-95.39483, 29.63103], [-95.3897, 29.63277], [-95.38729, 29.63222], [-95.38764, 29.65295], [-95.38768, 29.65577], [-95.38759, 29.65715], [-95.38717, 29.6596], [-95.38585, 29.66327], [-95.38278, 29.66909], [-95.38189, 29.67212], [-95.38171, 29.67799], [-95.38121, 29.68072], [-95.38146, 29.68072], [-95.39665, 29.68038], [-95.40563, 29.67854], [-95.40794, 29.67825], [-95.42473, 29.67762], [-95.42765, 29.67773], [-95.44148, 29.6602], [-95.44178, 29.65951], [-95.44207, 29.65678], [-95.44663, 29.65451]]]}, "properties": {"geoid": "482013341002", "jobs_transit_45": null}}, {"type": "Feature", "geometry": {"type": "Polygon", "coordinates": [[[-95.41841, 29.71506], [-95.41828, 29.7044], [-95.41247, 29.70468], [-95.41257, 29.70531], [-95.4126, 29.70621], [-95.41268, 29.71511], [-95.41841, 29.71506]]]}, "properties": {"geoid": "482014122004", "jobs_transit_45": 400629}}, {"type": "Feature", "geometry": {"type": "Polygon", "coordinates": [[[-95.12088, 29.90482], [-95.12175, 29.90419], [-95.12198, 29.9035], [-95.12219, 29.9028], [-95.12162, 29.90239], [-95.119, 29.90045], [-95.11713, 29.89859], [-95.116, 29.89447], [-95.11324, 29.89099], [-95.11089, 29.89104], [-95.10516, 29.89337], [-95.10189, 29.89259], [-95.09702, 29.88768], [-95.09652, 29.88168], [-95.09538, 29.88024], [-95.09212, 29.88092], [-95.08814, 29.88423], [-95.08367, 29.89788], [-95.07761, 29.90269], [-95.07142, 29.90747], [-95.06379, 29.91325], [-95.06395, 29.92263], [-95.06816, 29.92485], [-95.0715, 29.92434], [-95.06961, 29.91457], [-95.0753, 29.91488], [-95.08093, 29.9115], [-95.08755, 29.91103], [-95.09613, 29.91004], [-95.09949, 29.91094], [-95.10547, 29.91086], [-95.11088, 29.91237], [-95.1152, 29.90805], [-95.11738, 29.90629], [-95.12088, 29.90482]]]}, "properties": {"geoid": "482012519021", "jobs_transit_45": null}}, {"type": "Feature", "geometry": {"type": "Polygon", "coordinates": [[[-95.23515, 29.58546], [-95.23403, 29.58051], [-95.23238, 29.57773], [-95.23162, 29.57708], [-95.22729, 29.58102], [-95.22696, 29.58074], [-95.22522, 29.58254], [-95.2297, 29.58621], [-95.22991, 29.58671], [-95.23212, 29.58649], [-95.23515, 29.58546]]]}, "properties": {"geoid": "482013503004", "jobs_transit_45": null}}, {"type": "Feature", "geometry": {"type": "Polygon", "coordinates": [[[-95.41914, 29.6822], [-95.41923, 29.67885], [-95.41921, 29.67782], [-95.41228, 29.67809], [-95.41237, 29.68206], [-95.41914, 29.6822]]]}, "properties": {"geoid": "482013143003", "jobs_transit_45": 207077}}, {"type": "Feature", "geometry": {"type": "Polygon", "coordinates": [[[-95.40004, 29.68805], [-95.39999, 29.68528], [-95.39553, 29.68532], [-95.39556, 29.68687], [-95.39547, 29.6872], [-95.39504, 29.688], [-95.40004, 29.68805]]]}, "properties": {"geoid": "482013140021", "jobs_transit_45": 273234}}, {"type": "Feature", "geometry": {"type": "Polygon", "coordinates": [[[-95.28615, 29.60291], [-95.2865, 29.59789], [-95.28258, 29.59769], [-95.28011, 29.59545], [-95.27666, 29.59486], [-95.26646, 29.59466], [-95.26147, 29.59305], [-95.2605, 29.58949], [-95.26214, 29.58714], [-95.26016, 29.58386], [-95.26116, 29.58109], [-95.2588, 29.57788], [-95.25967, 29.57443], [-95.25851, 29.57109], [-95.25545, 29.56718], [-95.255, 29.56388], [-95.25237, 29.56057], [-95.25306, 29.55737], [-95.25515, 29.55697], [-95.25396, 29.55395], [-95.25188, 29.55644], [-95.25153, 29.55777], [-95.23281, 29.57472], [-95.23138, 29.57496], [-95.22761, 29.57109], [-95.2259, 29.57357], [-95.23095, 29.57654], [-95.23238, 29.57773], [-95.23403, 29.58051], [-95.23515, 29.58546], [-95.23605, 29.58677], [-95.24495, 29.59417], [-95.25031, 29.59834], [-95.24781, 29.60062], [-95.26633, 29.60028], [-95.26632, 29.60163], [-95.27777, 29.60142], [-95.27814, 29.60301], [-95.28615, 29.60291]]]}, "properties": {"geoid": "482013501002", "jobs_transit_45": null}}, {"type": "Feature", "geometry": {"type": "Polygon", "coordinates": [[[-95.14483, 29.60251], [-95.14573, 29.5986], [-95.14257, 29.59463], [-95.14074, 29.59389], [-95.13969, 29.59337], [-95.13814, 29.59212], [-95.13266, 29.60063], [-95.1315, 29.60125], [-95.1324, 29.60263], [-95.13417, 29.60438], [-95.13811, 29.60371], [-95.1405, 29.6076], [-95.14125, 29.60667], [-95.14161, 29.60646], [-95.14483, 29.60251]]]}, "properties": {"geoid": "482013402022", "jobs_transit_45": null}}, {"type": "Feature", "geometry": {"type": "Polygon", "coordinates": [[[-95.48889, 29.75818], [-95.48873, 29.74989], [-95.48604, 29.74994], [-95.48618, 29.75855], [-95.48889, 29.75818]]]}, "properties": {"geoid": "482014315022", "jobs_transit_45": 270876}}, {"type": "Feature", "geometry": {"type": "Polygon", "coordinates": [[[-95.39774, 29.86432], [-95.40507, 29.86427], [-95.40259, 29.8594], [-95.40123, 29.85964], [-95.39493, 29.85964], [-95.39476, 29.86052], [-95.39488, 29.86435], [-95.39552, 29.86435], [-95.3956, 29.86993], [-95.39784, 29.86991], [-95.39774, 29.86432]]]}, "properties": {"geoid": "482012215003", "jobs_transit_45": 151640}}, {"type": "Feature", "geometry": {"type": "Polygon", "coordinates": [[[-95.39777, 29.87562], [-95.39791, 29.87549], [-95.39465, 29.87553], [-95.39475, 29.87724], [-95.38765, 29.87755], [-95.3911, 29.88323], [-95.39458, 29.88321], [-95.39669, 29.88522], [-95.39673, 29.87807], [-95.39773, 29.87805], [-95.39777, 29.87562]]]}, "properties": {"geoid": "482012216002", "jobs_transit_45": 149679}}, {"type": "Feature", "geometry": {"type": "Polygon", "coordinates": [[[-95.41212, 29.87972], [-95.41209, 29.87799], [-95.41024, 29.8736], [-95.40793, 29.86987], [-95.38492, 29.87006], [-95.38646, 29.87561], [-95.38765, 29.87755], [-95.39475, 29.87724], [-95.39465, 29.87553], [-95.41048, 29.87539], [-95.41212, 29.87972]]]}, "properties": {"geoid": "482012216003", "jobs_transit_45": 114918}}, {"type": "Feature", "geometry": {"type": "Polygon", "coordinates": [[[-95.41225, 29.88906], [-95.41212, 29.87972], [-95.41048, 29.87539], [-95.39791, 29.87549], [-95.39777, 29.87562], [-95.39773, 29.87805], [-95.39673, 29.87807], [-95.39669, 29.88522], [-95.39458, 29.88321], [-95.3911, 29.88323], [-95.39486, 29.88946], [-95.40494, 29.88887], [-95.41225, 29.88906]]]}, "properties": {"geoid": "482012216004", "jobs_transit_45": 89422}}, {"type": "Feature", "geometry": {"type": "Polygon", "coordinates": [[[-95.3911, 29.88323], [-95.38797, 29.87808], [-95.37304, 29.87823], [-95.36766, 29.87853], [-95.36886, 29.88337], [-95.38399, 29.88317], [-95.3911, 29.88323]]]}, "properties": {"geoid": "482012217001", "jobs_transit_45": null}}, {"type": "Feature", "geometry": {"type": "Polygon", "coordinates": [[[-95.37304, 29.87823], [-95.38797, 29.87808], [-95.38646, 29.87561], [-95.38492, 29.87006], [-95.36845, 29.87025], [-95.36509, 29.87074], [-95.36654, 29.87648], [-95.36639, 29.87354], [-95.36766, 29.87853], [-95.37304, 29.87823]]]}, "properties": {"geoid": "482012217002", "jobs_transit_45": 102099}}, {"type": "Feature", "geometry": {"type": "Polygon", "coordinates": [[[-95.57026, 29.68838], [-95.56955, 29.68557], [-95.5641, 29.68651], [-95.56277, 29.68926], [-95.56716, 29.68902], [-95.57026, 29.68838]]]}, "properties": {"geoid": "482014532002", "jobs_transit_45": 97836}}, {"type": "Feature", "geometry": {"type": "Polygon", "coordinates": [[[-95.49512, 29.7376], [-95.49374, 29.73463], [-95.49526, 29.73293], [-95.48982, 29.733], [-95.48986, 29.73769], [-95.49512, 29.7376]]]}, "properties": {"geoid": "482014320023", "jobs_transit_45": 296503}}, {"type": "Feature", "geometry": {"type": "Polygon", "coordinates": [[[-95.49622, 29.71564], [-95.49712, 29.71496], [-95.49441, 29.7126], [-95.49379, 29.71187], [-95.49329, 29.71084], [-95.49306, 29.71114], [-95.49309, 29.71463], [-95.49012, 29.71466], [-95.49013, 29.71637], [-95.49622, 29.71564]]]}, "properties": {"geoid": "482014214012", "jobs_transit_45": 279466}}, {"type": "Feature", "geometry": {"type": "Polygon", "coordinates": [[[-95.55739, 29.70451], [-95.55719, 29.69534], [-95.55671, 29.69645], [-95.5522, 29.69651], [-95.5523, 29.70181], [-95.55151, 29.70378], [-95.55147, 29.70482], [-95.55739, 29.70451]]]}, "properties": {"geoid": "482014331001", "jobs_transit_45": 139343}}, {"type": "Feature", "geometry": {"type": "Polygon", "coordinates": [[[-95.67767, 29.95784], [-95.67835, 29.95634], [-95.6727, 29.95255], [-95.67025, 29.95076], [-95.66803, 29.94901], [-95.66392, 29.94612], [-95.66395, 29.94637], [-95.66543, 29.94771], [-95.66235, 29.94566], [-95.65041, 29.94555], [-95.64816, 29.94502], [-95.63745, 29.94728], [-95.63083, 29.94741], [-95.63122, 29.96129], [-95.63403, 29.95961], [-95.63639, 29.96135], [-95.63835, 29.95905], [-95.63839, 29.95652], [-95.64038, 29.95523], [-95.64137, 29.95519], [-95.64217, 29.95424], [-95.64242, 29.95308], [-95.64883, 29.95291], [-95.6517, 29.95431], [-95.65286, 29.95443], [-95.65482, 29.95594], [-95.65507, 29.95602], [-95.65799, 29.95824], [-95.65901, 29.95871], [-95.66038, 29.95938], [-95.66125, 29.95922], [-95.66272, 29.95979], [-95.66676, 29.96268], [-95.66872, 29.96308], [-95.66995, 29.96236], [-95.67052, 29.96138], [-95.67262, 29.96277], [-95.67777, 29.95971], [-95.67767, 29.95784]]]}, "properties": {"geoid": "482015522002", "jobs_transit_45": null}}, {"type": "Feature", "geometry": {"type": "Polygon", "coordinates": [[[-95.57631, 29.76073], [-95.57636, 29.76008], [-95.57624, 29.75724], [-95.57333, 29.7573], [-95.57261, 29.75768], [-95.57108, 29.75749], [-95.57139, 29.75833], [-95.57198, 29.75969], [-95.57168, 29.76016], [-95.57391, 29.7614], [-95.57615, 29.76143], [-95.57631, 29.76073]]]}, "properties": {"geoid": "482014508012", "jobs_transit_45": 149115}}, {"type": "Feature", "geometry": {"type": "Polygon", "coordinates": [[[-95.32438, 29.81892], [-95.32423, 29.80908], [-95.32176, 29.80924], [-95.30813, 29.80943], [-95.30189, 29.80743], [-95.30192, 29.81116], [-95.3111, 29.81428], [-95.32438, 29.81892]]]}, "properties": {"geoid": "482012302001", "jobs_transit_45": 491615}}, {"type": "Feature", "geometry": {"type": "Polygon", "coordinates": [[[-95.58869, 29.74066], [-95.58862, 29.7364], [-95.58501, 29.73646], [-95.5851, 29.74043], [-95.58525, 29.74126], [-95.58869, 29.74066]]]}, "properties": {"geoid": "482014510023", "jobs_transit_45": 168809}}, {"type": "Feature", "geometry": {"type": "Polygon", "coordinates": [[[-95.31351, 29.82756], [-95.31367, 29.8274], [-95.31346, 29.81513], [-95.30192, 29.81116], [-95.302, 29.82599], [-95.30891, 29.82596], [-95.30892, 29.82771], [-95.31028, 29.82769], [-95.31112, 29.82757], [-95.31351, 29.82756]]]}, "properties": {"geoid": "482012302003", "jobs_transit_45": 12355}}, {"type": "Feature", "geometry": {"type": "Polygon", "coordinates": [[[-95.30196, 29.82269], [-95.30189, 29.80743], [-95.29637, 29.80466], [-95.29459, 29.80427], [-95.2935, 29.80421], [-95.29017, 29.80423], [-95.29129, 29.80481], [-95.29203, 29.81168], [-95.29194, 29.826], [-95.29227, 29.82601], [-95.29287, 29.82584], [-95.29371, 29.82488], [-95.29369, 29.82271], [-95.30196, 29.82269]]]}, "properties": {"geoid": "482012302005", "jobs_transit_45": 12524}}, {"type": "Feature", "geometry": {"type": "Polygon", "coordinates": [[[-95.31887, 29.83417], [-95.31881, 29.82815], [-95.31858, 29.82332], [-95.30819, 29.83306], [-95.31072, 29.83424], [-95.31887, 29.83417]]]}, "properties": {"geoid": "482012303002", "jobs_transit_45": 386156}}, {"type": "Feature", "geometry": {"type": "Polygon", "coordinates": [[[-95.32715, 29.84042], [-95.33069, 29.83154], [-95.33164, 29.82924], [-95.32891, 29.82924], [-95.32887, 29.82732], [-95.32128, 29.82745], [-95.32143, 29.83413], [-95.32151, 29.8405], [-95.32715, 29.84042]]]}, "properties": {"geoid": "482012304002", "jobs_transit_45": 413545}}, {"type": "Feature", "geometry": {"type": "Polygon", "coordinates": [[[-95.33551, 29.82009], [-95.3355, 29.8199], [-95.32875, 29.82003], [-95.32378, 29.82084], [-95.32371, 29.82744], [-95.32887, 29.82732], [-95.32891, 29.82924], [-95.33164, 29.82924], [-95.33455, 29.82208], [-95.33551, 29.82009]]]}, "properties": {"geoid": "482012304003", "jobs_transit_45": 384225}}, {"type": "Feature", "geometry": {"type": "Polygon", "coordinates": [[[-95.3336, 29.86135], [-95.3337, 29.85934], [-95.33119, 29.85729], [-95.32206, 29.853], [-95.31807, 29.86291], [-95.3245, 29.86442], [-95.32547, 29.86429], [-95.3288, 29.86181], [-95.33083, 29.86148], [-95.33182, 29.86082], [-95.3336, 29.86135]]]}, "properties": {"geoid": "482012305001", "jobs_transit_45": null}}, {"type": "Feature", "geometry": {"type": "Polygon", "coordinates": [[[-95.33391, 29.85525], [-95.3338, 29.84873], [-95.32402, 29.8481], [-95.32206, 29.853], [-95.33119, 29.85729], [-95.3337, 29.85934], [-95.33391, 29.85525]]]}, "properties": {"geoid": "482012305002", "jobs_transit_45": 167825}}, {"type": "Feature", "geometry": {"type": "Polygon", "coordinates": [[[-95.33534, 29.82954], [-95.33551, 29.82009], [-95.33455, 29.82208], [-95.32402, 29.8481], [-95.3338, 29.84873], [-95.33362, 29.83928], [-95.33365, 29.83773], [-95.33381, 29.83662], [-95.33534, 29.82954]]]}, "properties": {"geoid": "482012305003", "jobs_transit_45": 287941}}, {"type": "Feature", "geometry": {"type": "Polygon", "coordinates": [[[-95.32402, 29.8481], [-95.31624, 29.84822], [-95.31635, 29.8489], [-95.31636, 29.85445], [-95.30843, 29.8546], [-95.30769, 29.85452], [-95.3056, 29.85467], [-95.30491, 29.85441], [-95.30416, 29.85367], [-95.30396, 29.8547], [-95.3075, 29.85847], [-95.31186, 29.85806], [-95.3173, 29.86262], [-95.31807, 29.86291], [-95.32402, 29.8481]]]}, "properties": {"geoid": "482012307001", "jobs_transit_45": 62521}}, {"type": "Feature", "geometry": {"type": "Polygon", "coordinates": [[[-95.31636, 29.85445], [-95.31635, 29.8489], [-95.31624, 29.84822], [-95.31282, 29.84834], [-95.30216, 29.84849], [-95.30208, 29.849], [-95.30077, 29.85102], [-95.3005, 29.85309], [-95.30151, 29.85322], [-95.30408, 29.85329], [-95.30416, 29.85367], [-95.30491, 29.85441], [-95.3056, 29.85467], [-95.30769, 29.85452], [-95.30843, 29.8546], [-95.31636, 29.85445]]]}, "properties": {"geoid": "482012307002", "jobs_transit_45": 123939}}, {"type": "Feature", "geometry": {"type": "Polygon", "coordinates": [[[-95.30208, 29.849], [-95.30216, 29.84849], [-95.29558, 29.84855], [-95.29208, 29.8487], [-95.28904, 29.85175], [-95.29006, 29.85247], [-95.29152, 29.85249], [-95.29257, 29.85168], [-95.29366, 29.85152], [-95.29796, 29.85397], [-95.29934, 29.85357], [-95.3005, 29.85309], [-95.30077, 29.85102], [-95.30208, 29.849]]]}, "properties": {"geoid": "482012307003", "jobs_transit_45": 124032}}, {"type": "Feature", "geometry": {"type": "Polygon", "coordinates": [[[-95.30206, 29.83902], [-95.30207, 29.83847], [-95.29247, 29.83851], [-95.28843, 29.83863], [-95.28818, 29.85124], [-95.28863, 29.85136], [-95.28904, 29.85175], [-95.29208, 29.8487], [-95.29358, 29.84733], [-95.30206, 29.83902]]]}, "properties": {"geoid": "482012308001", "jobs_transit_45": 71136}}, {"type": "Feature", "geometry": {"type": "Polygon", "coordinates": [[[-95.21488, 29.78617], [-95.21284, 29.78063], [-95.20806, 29.77837], [-95.20793, 29.77605], [-95.20707, 29.77548], [-95.20642, 29.7755], [-95.20645, 29.77799], [-95.2062, 29.77937], [-95.20222, 29.78896], [-95.20223, 29.79139], [-95.2048, 29.79138], [-95.20562, 29.79131], [-95.20512, 29.79062], [-95.20508, 29.78925], [-95.20553, 29.78889], [-95.20933, 29.78969], [-95.21403, 29.78733], [-95.21488, 29.78617]]]}, "properties": {"geoid": "482012328001", "jobs_transit_45": null}}, {"type": "Feature", "geometry": {"type": "Polygon", "coordinates": [[[-95.55341, 30.11126], [-95.54666, 30.10547], [-95.54645, 30.10649], [-95.54672, 30.1075], [-95.54569, 30.10808], [-95.54556, 30.10825], [-95.54519, 30.10879], [-95.54143, 30.11123], [-95.53841, 30.11057], [-95.53466, 30.11435], [-95.53313, 30.11496], [-95.53112, 30.11642], [-95.5299, 30.11709], [-95.52605, 30.11335], [-95.52503, 30.11343], [-95.52196, 30.11394], [-95.52161, 30.11465], [-95.522, 30.11808], [-95.52067, 30.11973], [-95.51951, 30.11992], [-95.51644, 30.12154], [-95.51479, 30.12072], [-95.51322, 30.11719], [-95.51275, 30.11667], [-95.51244, 30.11618], [-95.51225, 30.11604], [-95.51139, 30.11516], [-95.5099, 30.11487], [-95.50707, 30.11441], [-95.50606, 30.1145], [-95.50349, 30.11549], [-95.49875, 30.10976], [-95.49631, 30.10906], [-95.49186, 30.11059], [-95.49177, 30.11493], [-95.49609, 30.11944], [-95.49787, 30.1236], [-95.49569, 30.12742], [-95.49697, 30.1289], [-95.49578, 30.13187], [-95.49862, 30.13744], [-95.4999, 30.1426], [-95.5047, 30.14513], [-95.50493, 30.13315], [-95.50584, 30.13084], [-95.50624, 30.12012], [-95.51091, 30.12029], [-95.51763, 30.12516], [-95.52198, 30.12726], [-95.52682, 30.12726], [-95.53015, 30.12531], [-95.53155, 30.12165], [-95.53387, 30.11903], [-95.53922, 30.11623], [-95.54058, 30.11372], [-95.54522, 30.11496], [-95.55053, 30.11378], [-95.55341, 30.11126]]]}, "properties": {"geoid": "482015553011", "jobs_transit_45": null}}, {"type": "Feature", "geometry": {"type": "Polygon", "coordinates": [[[-95.48882, 29.70551], [-95.48873, 29.69704], [-95.48663, 29.69809], [-95.48673, 29.70554], [-95.48882, 29.70551]]]}, "properties": {"geoid": "482014216004", "jobs_transit_45": 321565}}, {"type": "Feature", "geometry": {"type": "Polygon", "coordinates": [[[-95.21893, 29.66069], [-95.21882, 29.65642], [-95.20942, 29.65661], [-95.21257, 29.66081], [-95.21893, 29.66069]]]}, "properties": {"geoid": "482013214021", "jobs_transit_45": null}}, {"type": "Feature", "geometry": {"type": "Polygon", "coordinates": [[[-95.48904, 29.72182], [-95.48901, 29.72001], [-95.48486, 29.72006], [-95.48487, 29.7218], [-95.48478, 29.7225], [-95.48529, 29.72185], [-95.48904, 29.72182]]]}, "properties": {"geoid": "482014212013", "jobs_transit_45": 253329}}, {"type": "Feature", "geometry": {"type": "Polygon", "coordinates": [[[-95.54872, 29.71192], [-95.54953, 29.70715], [-95.54532, 29.70719], [-95.54535, 29.70808], [-95.54549, 29.70886], [-95.54601, 29.71289], [-95.54781, 29.71214], [-95.54872, 29.71192]]]}, "properties": {"geoid": "482014330032", "jobs_transit_45": 203022}}, {"type": "Feature", "geometry": {"type": "Polygon", "coordinates": [[[-95.58121, 29.73656], [-95.58052, 29.73416], [-95.58059, 29.73328], [-95.57756, 29.73266], [-95.57569, 29.73271], [-95.57617, 29.73662], [-95.58121, 29.73656]]]}, "properties": {"geoid": "482014521003", "jobs_transit_45": 209029}}, {"type": "Feature", "geometry": {"type": "Polygon", "coordinates": [[[-95.35475, 29.89454], [-95.35509, 29.88271], [-95.34968, 29.88275], [-95.34779, 29.88163], [-95.34432, 29.87958], [-95.34391, 29.87958], [-95.34445, 29.88072], [-95.34409, 29.88175], [-95.34256, 29.88508], [-95.34338, 29.88717], [-95.34423, 29.88778], [-95.34445, 29.88843], [-95.34447, 29.8897], [-95.34687, 29.89063], [-95.3477, 29.89164], [-95.35079, 29.89443], [-95.35475, 29.89454]]]}, "properties": {"geoid": "482012219001", "jobs_transit_45": null}}, {"type": "Feature", "geometry": {"type": "Polygon", "coordinates": [[[-95.37054, 29.89255], [-95.36654, 29.87648], [-95.36678, 29.87972], [-95.3552, 29.87958], [-95.35475, 29.89454], [-95.35705, 29.89478], [-95.36554, 29.8913], [-95.37054, 29.89255]]]}, "properties": {"geoid": "482012218001", "jobs_transit_45": null}}, {"type": "Feature", "geometry": {"type": "Polygon", "coordinates": [[[-95.3552, 29.87958], [-95.36678, 29.87972], [-95.36654, 29.87648], [-95.36509, 29.87074], [-95.3519, 29.871], [-95.35523, 29.87722], [-95.3552, 29.87958]]]}, "properties": {"geoid": "482012218002", "jobs_transit_45": 64053}}, {"type": "Feature", "geometry": {"type": "Polygon", "coordinates": [[[-95.3552, 29.87958], [-95.35523, 29.87878], [-95.34902, 29.87863], [-95.34449, 29.87868], [-95.34432, 29.87958], [-95.34779, 29.88163], [-95.34968, 29.88275], [-95.35509, 29.88271], [-95.3552, 29.87958]]]}, "properties": {"geoid": "482012219002", "jobs_transit_45": 48079}}, {"type": "Feature", "geometry": {"type": "Polygon", "coordinates": [[[-95.52793, 29.6493], [-95.52779, 29.64337], [-95.52792, 29.64193], [-95.5211, 29.64188], [-95.52145, 29.64491], [-95.52254, 29.64771], [-95.52323, 29.6485], [-95.52451, 29.64916], [-95.52537, 29.6493], [-95.52793, 29.6493]]]}, "properties": {"geoid": "482014234022", "jobs_transit_45": 75652}}, {"type": "Feature", "geometry": {"type": "Polygon", "coordinates": [[[-95.35523, 29.87878], [-95.35523, 29.87722], [-95.3519, 29.871], [-95.3411, 29.87108], [-95.34086, 29.87293], [-95.34165, 29.87457], [-95.34284, 29.87572], [-95.34404, 29.87721], [-95.34391, 29.87958], [-95.34432, 29.87958], [-95.34449, 29.87868], [-95.34902, 29.87863], [-95.35523, 29.87878]]]}, "properties": {"geoid": "482012219003", "jobs_transit_45": 139706}}, {"type": "Feature", "geometry": {"type": "Polygon", "coordinates": [[[-95.48155, 29.71283], [-95.48475, 29.7128], [-95.48469, 29.70918], [-95.47635, 29.70927], [-95.47642, 29.71653], [-95.4816, 29.71648], [-95.48155, 29.71283]]]}, "properties": {"geoid": "482014215001", "jobs_transit_45": 237539}}, {"type": "Feature", "geometry": {"type": "Polygon", "coordinates": [[[-95.49309, 29.71463], [-95.49308, 29.7127], [-95.4889, 29.71275], [-95.48897, 29.71639], [-95.49013, 29.71637], [-95.49012, 29.71466], [-95.49309, 29.71463]]]}, "properties": {"geoid": "482014214011", "jobs_transit_45": 283260}}, {"type": "Feature", "geometry": {"type": "Polygon", "coordinates": [[[-95.51383, 29.69111], [-95.51378, 29.68884], [-95.50896, 29.68888], [-95.50997, 29.69202], [-95.51383, 29.69111]]]}, "properties": {"geoid": "482014228002", "jobs_transit_45": 252325}}, {"type": "Feature", "geometry": {"type": "Polygon", "coordinates": [[[-95.30057, 29.86688], [-95.30051, 29.85764], [-95.29896, 29.85767], [-95.29389, 29.85999], [-95.29289, 29.86043], [-95.29297, 29.86701], [-95.30057, 29.86688]]]}, "properties": {"geoid": "482012315001", "jobs_transit_45": 87401}}, {"type": "Feature", "geometry": {"type": "Polygon", "coordinates": [[[-95.28434, 29.82595], [-95.28429, 29.82183], [-95.27738, 29.82188], [-95.27699, 29.82186], [-95.27632, 29.82222], [-95.26992, 29.82226], [-95.2701, 29.83145], [-95.28428, 29.83134], [-95.28434, 29.82595]]]}, "properties": {"geoid": "482012309001", "jobs_transit_45": 137283}}, {"type": "Feature", "geometry": {"type": "Polygon", "coordinates": [[[-95.28429, 29.82183], [-95.28442, 29.81099], [-95.27744, 29.81111], [-95.27738, 29.82188], [-95.28429, 29.82183]]]}, "properties": {"geoid": "482012309002", "jobs_transit_45": 125717}}, {"type": "Feature", "geometry": {"type": "Polygon", "coordinates": [[[-95.28442, 29.81099], [-95.28447, 29.80432], [-95.28241, 29.80387], [-95.28015, 29.80248], [-95.26971, 29.80705], [-95.26992, 29.82226], [-95.27632, 29.82222], [-95.27699, 29.82186], [-95.27738, 29.82188], [-95.27744, 29.81111], [-95.28442, 29.81099]]]}, "properties": {"geoid": "482012309003", "jobs_transit_45": 125711}}, {"type": "Feature", "geometry": {"type": "Polygon", "coordinates": [[[-95.29197, 29.83134], [-95.29201, 29.81451], [-95.29203, 29.81168], [-95.29129, 29.80481], [-95.29017, 29.80423], [-95.28447, 29.80428], [-95.28434, 29.82595], [-95.28428, 29.83134], [-95.29197, 29.83134]]]}, "properties": {"geoid": "482012309004", "jobs_transit_45": 248713}}, {"type": "Feature", "geometry": {"type": "Polygon", "coordinates": [[[-95.2845, 29.84986], [-95.28462, 29.84746], [-95.28049, 29.84757], [-95.28029, 29.83707], [-95.27699, 29.8371], [-95.27699, 29.83354], [-95.27687, 29.8314], [-95.2701, 29.83145], [-95.27015, 29.83618], [-95.26224, 29.83705], [-95.26232, 29.84811], [-95.26893, 29.84503], [-95.26954, 29.84449], [-95.26996, 29.84456], [-95.27431, 29.84557], [-95.27548, 29.84782], [-95.28242, 29.84864], [-95.2845, 29.84986]]]}, "properties": {"geoid": "482012310001", "jobs_transit_45": 55949}}, {"type": "Feature", "geometry": {"type": "Polygon", "coordinates": [[[-95.28818, 29.85124], [-95.28843, 29.83863], [-95.28848, 29.83132], [-95.27687, 29.8314], [-95.27699, 29.83354], [-95.27699, 29.8371], [-95.28029, 29.83707], [-95.28049, 29.84757], [-95.28462, 29.84746], [-95.2845, 29.84986], [-95.28634, 29.85079], [-95.28818, 29.85124]]]}, "properties": {"geoid": "482012310002", "jobs_transit_45": 55935}}, {"type": "Feature", "geometry": {"type": "Polygon", "coordinates": [[[-95.2062, 29.77937], [-95.2064, 29.77846], [-95.20647, 29.77749], [-95.20642, 29.7755], [-95.20553, 29.77555], [-95.20474, 29.77536], [-95.20457, 29.7759], [-95.205, 29.77666], [-95.20503, 29.77727], [-95.20293, 29.7811], [-95.2026, 29.78411], [-95.2005, 29.78617], [-95.19687, 29.78742], [-95.1953, 29.78645], [-95.19, 29.79291], [-95.19326, 29.79403], [-95.19991, 29.79171], [-95.20223, 29.79139], [-95.20222, 29.78896], [-95.2062, 29.77937]]]}, "properties": {"geoid": "482012328002", "jobs_transit_45": 90956}}, {"type": "Feature", "geometry": {"type": "Polygon", "coordinates": [[[-95.21159, 29.80612], [-95.2128, 29.80521], [-95.21199, 29.80496], [-95.20894, 29.80295], [-95.20729, 29.80009], [-95.20407, 29.79713], [-95.20491, 29.79552], [-95.20645, 29.79572], [-95.20621, 29.79227], [-95.20562, 29.79131], [-95.2048, 29.79138], [-95.19991, 29.79171], [-95.19326, 29.79403], [-95.19254, 29.79393], [-95.19307, 29.79743], [-95.19172, 29.79763], [-95.19115, 29.80245], [-95.18737, 29.8025], [-95.18736, 29.80566], [-95.18844, 29.80571], [-95.20078, 29.80594], [-95.20537, 29.80667], [-95.21029, 29.80668], [-95.21159, 29.80612]]]}, "properties": {"geoid": "482012329002", "jobs_transit_45": 204461}}, {"type": "Feature", "geometry": {"type": "Polygon", "coordinates": [[[-95.34409, 29.88175], [-95.34445, 29.88072], [-95.34391, 29.87958], [-95.34326, 29.87693], [-95.33948, 29.87697], [-95.33951, 29.8805], [-95.33247, 29.88053], [-95.33193, 29.88166], [-95.33003, 29.88169], [-95.33048, 29.88444], [-95.33053, 29.88691], [-95.34297, 29.88675], [-95.34256, 29.88508], [-95.34409, 29.88175]]]}, "properties": {"geoid": "482012221001", "jobs_transit_45": 54279}}, {"type": "Feature", "geometry": {"type": "Polygon", "coordinates": [[[-95.33118, 29.90251], [-95.33105, 29.89089], [-95.31825, 29.89096], [-95.3134, 29.89932], [-95.31175, 29.90276], [-95.31328, 29.90295], [-95.32347, 29.90282], [-95.33118, 29.90251]]]}, "properties": {"geoid": "482012222001", "jobs_transit_45": 145386}}, {"type": "Feature", "geometry": {"type": "Polygon", "coordinates": [[[-95.51089, 29.86473], [-95.51066, 29.85651], [-95.50987, 29.85129], [-95.50552, 29.84883], [-95.50496, 29.85001], [-95.50465, 29.8516], [-95.50539, 29.85587], [-95.50488, 29.86042], [-95.50559, 29.86206], [-95.50685, 29.86561], [-95.5106, 29.86562], [-95.51065, 29.86521], [-95.51089, 29.86473]]]}, "properties": {"geoid": "482015323004", "jobs_transit_45": 31380}}, {"type": "Feature", "geometry": {"type": "Polygon", "coordinates": [[[-95.48038, 29.86566], [-95.48162, 29.86577], [-95.47332, 29.85106], [-95.47342, 29.86112], [-95.46971, 29.8611], [-95.46969, 29.86205], [-95.47005, 29.86224], [-95.47078, 29.86332], [-95.4776, 29.86328], [-95.47919, 29.86406], [-95.47982, 29.86513], [-95.48038, 29.86566]]]}, "properties": {"geoid": "482015320011", "jobs_transit_45": 141640}}, {"type": "Feature", "geometry": {"type": "Polygon", "coordinates": [[[-95.56331, 29.75786], [-95.56322, 29.75028], [-95.56028, 29.75367], [-95.55804, 29.75368], [-95.5581, 29.75801], [-95.56049, 29.75849], [-95.5622, 29.75836], [-95.56251, 29.75785], [-95.56331, 29.75786]]]}, "properties": {"geoid": "482014508025", "jobs_transit_45": 109709}}, {"type": "Feature", "geometry": {"type": "Polygon", "coordinates": [[[-95.53883, 29.73791], [-95.53888, 29.73712], [-95.53144, 29.73722], [-95.53149, 29.74088], [-95.53371, 29.741], [-95.53631, 29.74221], [-95.53839, 29.7424], [-95.53837, 29.7396], [-95.53883, 29.73791]]]}, "properties": {"geoid": "482014311012", "jobs_transit_45": 330531}}, {"type": "Feature", "geometry": {"type": "Polygon", "coordinates": [[[-95.27015, 29.83618], [-95.26971, 29.80705], [-95.26201, 29.81076], [-95.24068, 29.81976], [-95.22993, 29.82457], [-95.23179, 29.83032], [-95.23015, 29.83401], [-95.23044, 29.83463], [-95.23418, 29.83809], [-95.23575, 29.83815], [-95.23643, 29.8382], [-95.23683, 29.83913], [-95.23832, 29.84055], [-95.24034, 29.84285], [-95.24053, 29.84346], [-95.24116, 29.84343], [-95.24252, 29.84413], [-95.24286, 29.84482], [-95.24328, 29.84485], [-95.24846, 29.84438], [-95.24922, 29.84439], [-95.2504, 29.84303], [-95.25227, 29.84206], [-95.25469, 29.83804], [-95.25401, 29.83762], [-95.25425, 29.83572], [-95.26209, 29.83568], [-95.26224, 29.83705], [-95.27015, 29.83618]]]}, "properties": {"geoid": "482012311001", "jobs_transit_45": 92600}}, {"type": "Feature", "geometry": {"type": "Polygon", "coordinates": [[[-95.25081, 29.84281], [-95.25121, 29.84309], [-95.25222, 29.84312], [-95.25229, 29.84398], [-95.25072, 29.84482], [-95.25854, 29.84551], [-95.2586, 29.8372], [-95.25588, 29.83743], [-95.25549, 29.83811], [-95.25469, 29.83804], [-95.25227, 29.84206], [-95.25081, 29.84281]]]}, "properties": {"geoid": "482012311002", "jobs_transit_45": 98191}}, {"type": "Feature", "geometry": {"type": "Polygon", "coordinates": [[[-95.26232, 29.84811], [-95.26224, 29.83705], [-95.26209, 29.83568], [-95.25425, 29.83572], [-95.25401, 29.83762], [-95.25549, 29.83811], [-95.25588, 29.83743], [-95.2586, 29.8372], [-95.25854, 29.84551], [-95.25072, 29.84482], [-95.25229, 29.84398], [-95.25222, 29.84312], [-95.25121, 29.84309], [-95.25081, 29.84281], [-95.2504, 29.84303], [-95.24922, 29.84439], [-95.2496, 29.84481], [-95.24989, 29.84538], [-95.25059, 29.84729], [-95.25512, 29.84828], [-95.25605, 29.84645], [-95.25685, 29.84645], [-95.26232, 29.84811]]]}, "properties": {"geoid": "482012311003", "jobs_transit_45": 97614}}, {"type": "Feature", "geometry": {"type": "Polygon", "coordinates": [[[-95.19, 29.79291], [-95.18854, 29.79225], [-95.18696, 29.79191], [-95.1827, 29.79196], [-95.18287, 29.79265], [-95.18335, 29.79327], [-95.18589, 29.79446], [-95.18282, 29.79822], [-95.1822, 29.79989], [-95.18221, 29.8024], [-95.19, 29.79291]]]}, "properties": {"geoid": "482012330012", "jobs_transit_45": 204383}}, {"type": "Feature", "geometry": {"type": "Polygon", "coordinates": [[[-95.18031, 29.79589], [-95.17845, 29.79205], [-95.16995, 29.79045], [-95.17008, 29.79528], [-95.17193, 29.79561], [-95.17174, 29.79613], [-95.17889, 29.7981], [-95.18031, 29.79589]]]}, "properties": {"geoid": "482012330031", "jobs_transit_45": null}}, {"type": "Feature", "geometry": {"type": "Polygon", "coordinates": [[[-95.38343, 29.95368], [-95.38407, 29.94939], [-95.38049, 29.94913], [-95.37154, 29.94895], [-95.36841, 29.94562], [-95.36274, 29.94413], [-95.35923, 29.94023], [-95.35877, 29.94015], [-95.35834, 29.94022], [-95.35623, 29.94026], [-95.35626, 29.94115], [-95.35649, 29.94229], [-95.35849, 29.9511], [-95.36057, 29.95977], [-95.36385, 29.96548], [-95.36628, 29.96558], [-95.38027, 29.96541], [-95.37999, 29.95877], [-95.38343, 29.95368]]]}, "properties": {"geoid": "482012404002", "jobs_transit_45": 101733}}, {"type": "Feature", "geometry": {"type": "Polygon", "coordinates": [[[-95.50835, 29.64863], [-95.5083, 29.64424], [-95.50546, 29.64429], [-95.50553, 29.6486], [-95.50835, 29.64863]]]}, "properties": {"geoid": "482014223011", "jobs_transit_45": 132999}}, {"type": "Feature", "geometry": {"type": "Polygon", "coordinates": [[[-95.39948, 29.9506], [-95.39919, 29.94991], [-95.39873, 29.94916], [-95.39705, 29.94731], [-95.39616, 29.94783], [-95.39317, 29.94817], [-95.39319, 29.95066], [-95.39948, 29.9506]]]}, "properties": {"geoid": "482012405022", "jobs_transit_45": 459452}}, {"type": "Feature", "geometry": {"type": "Polygon", "coordinates": [[[-95.41926, 29.96574], [-95.41862, 29.95688], [-95.414, 29.95467], [-95.40781, 29.9534], [-95.40568, 29.95004], [-95.40361, 29.94908], [-95.40056, 29.9483], [-95.39962, 29.94766], [-95.39717, 29.94525], [-95.39604, 29.94518], [-95.39637, 29.94622], [-95.39705, 29.94731], [-95.39873, 29.94916], [-95.39941, 29.95039], [-95.39968, 29.95148], [-95.40105, 29.95738], [-95.4033, 29.9591], [-95.40367, 29.96598], [-95.41926, 29.96574]]]}, "properties": {"geoid": "482012406001", "jobs_transit_45": 473379}}, {"type": "Feature", "geometry": {"type": "Polygon", "coordinates": [[[-95.54337, 29.73021], [-95.5441, 29.72836], [-95.54087, 29.72768], [-95.53916, 29.72773], [-95.53921, 29.73035], [-95.54337, 29.73021]]]}, "properties": {"geoid": "482014323002", "jobs_transit_45": 275662}}, {"type": "Feature", "geometry": {"type": "Polygon", "coordinates": [[[-95.54326, 29.73226], [-95.54742, 29.73313], [-95.54732, 29.72881], [-95.54546, 29.72864], [-95.5441, 29.72836], [-95.54337, 29.73021], [-95.54326, 29.73226]]]}, "properties": {"geoid": "482014323003", "jobs_transit_45": 239093}}, {"type": "Feature", "geometry": {"type": "Polygon", "coordinates": [[[-95.54367, 29.73706], [-95.54362, 29.73472], [-95.54315, 29.73289], [-95.54337, 29.73021], [-95.53921, 29.73035], [-95.5393, 29.73475], [-95.53888, 29.73712], [-95.54367, 29.73706]]]}, "properties": {"geoid": "482014323001", "jobs_transit_45": 304487}}, {"type": "Feature", "geometry": {"type": "Polygon", "coordinates": [[[-95.50519, 29.74349], [-95.50505, 29.73747], [-95.50091, 29.73754], [-95.50096, 29.74403], [-95.50519, 29.74349]]]}, "properties": {"geoid": "482014312024", "jobs_transit_45": 252672}}, {"type": "Feature", "geometry": {"type": "Polygon", "coordinates": [[[-95.26277, 29.87725], [-95.26256, 29.87677], [-95.26243, 29.85698], [-95.25143, 29.85702], [-95.25139, 29.85456], [-95.25634, 29.85426], [-95.25648, 29.85012], [-95.25213, 29.85088], [-95.23527, 29.85104], [-95.22849, 29.84988], [-95.22857, 29.85721], [-95.23103, 29.85839], [-95.23169, 29.85976], [-95.23105, 29.86082], [-95.23068, 29.86212], [-95.23666, 29.8691], [-95.23731, 29.86991], [-95.23866, 29.87448], [-95.23822, 29.87768], [-95.236, 29.87931], [-95.23655, 29.88265], [-95.23681, 29.88322], [-95.23691, 29.88385], [-95.23503, 29.88721], [-95.23662, 29.88913], [-95.23998, 29.89251], [-95.23935, 29.8977], [-95.24069, 29.89865], [-95.24778, 29.89187], [-95.26277, 29.87725]]]}, "properties": {"geoid": "482012312001", "jobs_transit_45": null}}, {"type": "Feature", "geometry": {"type": "Polygon", "coordinates": [[[-95.2624, 29.85006], [-95.26232, 29.84811], [-95.25685, 29.84645], [-95.25605, 29.84645], [-95.25512, 29.84828], [-95.25059, 29.84729], [-95.24989, 29.84538], [-95.2496, 29.84481], [-95.24846, 29.84438], [-95.24328, 29.84485], [-95.24286, 29.84482], [-95.24252, 29.84413], [-95.24116, 29.84343], [-95.24053, 29.84346], [-95.24034, 29.84285], [-95.23832, 29.84055], [-95.23683, 29.83913], [-95.23643, 29.8382], [-95.23575, 29.83815], [-95.23418, 29.83809], [-95.23408, 29.83878], [-95.23316, 29.83952], [-95.23244, 29.8396], [-95.23162, 29.84032], [-95.23143, 29.84126], [-95.23184, 29.8426], [-95.22987, 29.84418], [-95.2286, 29.84471], [-95.22849, 29.84988], [-95.23527, 29.85104], [-95.25213, 29.85088], [-95.25648, 29.85012], [-95.2624, 29.85006]]]}, "properties": {"geoid": "482012312002", "jobs_transit_45": 60905}}, {"type": "Feature", "geometry": {"type": "Polygon", "coordinates": [[[-95.28904, 29.85175], [-95.28863, 29.85136], [-95.28634, 29.85079], [-95.2845, 29.84986], [-95.28428, 29.85025], [-95.28285, 29.85091], [-95.27409, 29.84888], [-95.27423, 29.85709], [-95.26243, 29.85698], [-95.26256, 29.87677], [-95.26277, 29.87725], [-95.26833, 29.87195], [-95.28904, 29.85175]]]}, "properties": {"geoid": "482012313001", "jobs_transit_45": 51634}}, {"type": "Feature", "geometry": {"type": "Polygon", "coordinates": [[[-95.28428, 29.85025], [-95.2845, 29.84986], [-95.28242, 29.84864], [-95.27548, 29.84782], [-95.27431, 29.84557], [-95.26996, 29.84456], [-95.26954, 29.84449], [-95.26893, 29.84503], [-95.26232, 29.84811], [-95.2624, 29.84954], [-95.26243, 29.85698], [-95.27423, 29.85709], [-95.27409, 29.84888], [-95.28285, 29.85091], [-95.28428, 29.85025]]]}, "properties": {"geoid": "482012313002", "jobs_transit_45": 131613}}, {"type": "Feature", "geometry": {"type": "Polygon", "coordinates": [[[-95.30061, 29.87138], [-95.30057, 29.86688], [-95.29297, 29.86701], [-95.29279, 29.85297], [-95.29152, 29.85249], [-95.29006, 29.85247], [-95.28904, 29.85175], [-95.26833, 29.87195], [-95.30061, 29.87138]]]}, "properties": {"geoid": "482012314001", "jobs_transit_45": 63431}}, {"type": "Feature", "geometry": {"type": "Polygon", "coordinates": [[[-95.2668, 29.62451], [-95.26659, 29.61184], [-95.26054, 29.6109], [-95.24983, 29.61101], [-95.25065, 29.618], [-95.24833, 29.62377], [-95.24854, 29.62716], [-95.26674, 29.62644], [-95.2668, 29.62451]]]}, "properties": {"geoid": "482013339012", "jobs_transit_45": null}}, {"type": "Feature", "geometry": {"type": "Polygon", "coordinates": [[[-95.18221, 29.8024], [-95.1822, 29.79989], [-95.18282, 29.79822], [-95.18589, 29.79446], [-95.18335, 29.79327], [-95.18287, 29.79265], [-95.1827, 29.79196], [-95.17845, 29.79205], [-95.18031, 29.79589], [-95.17814, 29.79972], [-95.1782, 29.80623], [-95.17922, 29.8062], [-95.17935, 29.80588], [-95.18221, 29.8024]]]}, "properties": {"geoid": "482012330011", "jobs_transit_45": null}}, {"type": "Feature", "geometry": {"type": "Polygon", "coordinates": [[[-95.48894, 29.71464], [-95.4889, 29.71275], [-95.48477, 29.7128], [-95.48479, 29.7147], [-95.48668, 29.71468], [-95.48699, 29.71544], [-95.48707, 29.71466], [-95.48894, 29.71464]]]}, "properties": {"geoid": "482014214022", "jobs_transit_45": 283684}}, {"type": "Feature", "geometry": {"type": "Polygon", "coordinates": [[[-95.30677, 30.01631], [-95.3077, 30.01197], [-95.30278, 30.012], [-95.30169, 30.0118], [-95.29995, 30.01204], [-95.29902, 30.0127], [-95.29798, 30.01155], [-95.29681, 30.01101], [-95.29481, 30.01057], [-95.29473, 30.0113], [-95.29471, 30.01633], [-95.30677, 30.01631]]]}, "properties": {"geoid": "482012409023", "jobs_transit_45": null}}, {"type": "Feature", "geometry": {"type": "Polygon", "coordinates": [[[-95.12539, 29.92409], [-95.13369, 29.91994], [-95.1328, 29.91953], [-95.12591, 29.91587], [-95.12373, 29.91032], [-95.12521, 29.90593], [-95.12301, 29.90393], [-95.12219, 29.9028], [-95.12178, 29.90414], [-95.12154, 29.90438], [-95.12088, 29.90482], [-95.11738, 29.90629], [-95.1152, 29.90805], [-95.11088, 29.91237], [-95.10547, 29.91086], [-95.09949, 29.91094], [-95.09209, 29.91064], [-95.09229, 29.91134], [-95.09187, 29.91457], [-95.09185, 29.91617], [-95.09111, 29.91851], [-95.08875, 29.92414], [-95.09619, 29.92611], [-95.09975, 29.92415], [-95.10275, 29.92068], [-95.11035, 29.91879], [-95.11639, 29.91716], [-95.12075, 29.91982], [-95.12539, 29.92409]]]}, "properties": {"geoid": "482012519022", "jobs_transit_45": null}}, {"type": "Feature", "geometry": {"type": "Polygon", "coordinates": [[[-95.35617, 29.78972], [-95.35612, 29.7843], [-95.35146, 29.78433], [-95.35101, 29.78557], [-95.3511, 29.78983], [-95.35595, 29.7898], [-95.35617, 29.78972]]]}, "properties": {"geoid": "482012104001", "jobs_transit_45": 429028}}, {"type": "Feature", "geometry": {"type": "Polygon", "coordinates": [[[-95.3547, 29.78335], [-95.35459, 29.77438], [-95.35132, 29.77454], [-95.35143, 29.78338], [-95.3547, 29.78335]]]}, "properties": {"geoid": "482012123004", "jobs_transit_45": 441599}}, {"type": "Feature", "geometry": {"type": "Polygon", "coordinates": [[[-95.36162, 29.77611], [-95.35987, 29.77242], [-95.35459, 29.77438], [-95.35463, 29.77834], [-95.35519, 29.77835], [-95.3553, 29.77841], [-95.36162, 29.77611]]]}, "properties": {"geoid": "482012123001", "jobs_transit_45": 429157}}, {"type": "Feature", "geometry": {"type": "Polygon", "coordinates": [[[-95.36075, 29.78192], [-95.35853, 29.77725], [-95.3553, 29.77841], [-95.35519, 29.77835], [-95.35463, 29.77834], [-95.3547, 29.78335], [-95.35687, 29.78332], [-95.36075, 29.78192]]]}, "properties": {"geoid": "482012123002", "jobs_transit_45": 429234}}, {"type": "Feature", "geometry": {"type": "Polygon", "coordinates": [[[-95.54706, 29.96122], [-95.54233, 29.95705], [-95.53339, 29.95072], [-95.53155, 29.95054], [-95.52806, 29.95068], [-95.52067, 29.94922], [-95.51972, 29.94922], [-95.52036, 29.95029], [-95.5068, 29.95782], [-95.50591, 29.95824], [-95.5056, 29.95838], [-95.50339, 29.95946], [-95.50253, 29.95956], [-95.5041, 29.96347], [-95.50649, 29.96691], [-95.51087, 29.96512], [-95.51486, 29.97053], [-95.51476, 29.97059], [-95.51897, 29.97648], [-95.53636, 29.96694], [-95.53746, 29.96663], [-95.54164, 29.96481], [-95.54706, 29.96122]]]}, "properties": {"geoid": "482015514003", "jobs_transit_45": null}}, {"type": "Feature", "geometry": {"type": "Polygon", "coordinates": [[[-95.30051, 29.85764], [-95.3005, 29.85309], [-95.29934, 29.85357], [-95.29796, 29.85397], [-95.29366, 29.85152], [-95.29257, 29.85168], [-95.29152, 29.85249], [-95.29279, 29.85297], [-95.29289, 29.86043], [-95.29389, 29.85999], [-95.29896, 29.85767], [-95.30051, 29.85764]]]}, "properties": {"geoid": "482012315002", "jobs_transit_45": 87436}}, {"type": "Feature", "geometry": {"type": "Polygon", "coordinates": [[[-95.36772, 29.78144], [-95.36748, 29.78004], [-95.36734, 29.7795], [-95.35687, 29.78332], [-95.35143, 29.78338], [-95.35146, 29.78433], [-95.35612, 29.7843], [-95.35613, 29.78495], [-95.36443, 29.78196], [-95.36429, 29.78166], [-95.36772, 29.78144]]]}, "properties": {"geoid": "482012104002", "jobs_transit_45": 428955}}, {"type": "Feature", "geometry": {"type": "Polygon", "coordinates": [[[-95.36499, 29.78688], [-95.36531, 29.78611], [-95.36557, 29.78514], [-95.36588, 29.78501], [-95.36443, 29.78196], [-95.35613, 29.78495], [-95.35617, 29.78972], [-95.36182, 29.78975], [-95.36237, 29.78904], [-95.36393, 29.78788], [-95.36467, 29.78835], [-95.36516, 29.78835], [-95.36554, 29.78802], [-95.36504, 29.78731], [-95.36499, 29.78688]]]}, "properties": {"geoid": "482012104003", "jobs_transit_45": 429074}}, {"type": "Feature", "geometry": {"type": "Polygon", "coordinates": [[[-95.37185, 29.79221], [-95.37193, 29.79077], [-95.37183, 29.78913], [-95.37167, 29.78854], [-95.3713, 29.78777], [-95.3693, 29.78483], [-95.36905, 29.77932], [-95.36734, 29.7795], [-95.36748, 29.78004], [-95.36772, 29.78144], [-95.36429, 29.78166], [-95.36588, 29.78501], [-95.36557, 29.78514], [-95.36531, 29.78611], [-95.36499, 29.78688], [-95.36504, 29.78731], [-95.36554, 29.78802], [-95.36516, 29.78835], [-95.36467, 29.78835], [-95.36393, 29.78788], [-95.36237, 29.78904], [-95.36189, 29.78997], [-95.36643, 29.79242], [-95.36863, 29.79294], [-95.36874, 29.79225], [-95.37185, 29.79221]]]}, "properties": {"geoid": "482012104004", "jobs_transit_45": 423165}}, {"type": "Feature", "geometry": {"type": "Polygon", "coordinates": [[[-95.35506, 29.90234], [-95.35475, 29.89454], [-95.35079, 29.89443], [-95.3477, 29.89164], [-95.34687, 29.89063], [-95.34447, 29.8897], [-95.34442, 29.88893], [-95.34448, 29.88862], [-95.34438, 29.8882], [-95.343, 29.88826], [-95.33346, 29.88823], [-95.33304, 29.88873], [-95.3331, 29.89404], [-95.3366, 29.89402], [-95.33649, 29.89597], [-95.33365, 29.89614], [-95.3337, 29.89883], [-95.33115, 29.899], [-95.33118, 29.90251], [-95.35506, 29.90234]]]}, "properties": {"geoid": "482012223001", "jobs_transit_45": 49702}}, {"type": "Feature", "geometry": {"type": "Polygon", "coordinates": [[[-95.45388, 29.78094], [-95.44976, 29.77917], [-95.43823, 29.77868], [-95.4279, 29.77752], [-95.41806, 29.77757], [-95.42008, 29.77836], [-95.42013, 29.78201], [-95.41481, 29.78281], [-95.41484, 29.78335], [-95.41891, 29.7837], [-95.43675, 29.78393], [-95.43943, 29.78707], [-95.44086, 29.7877], [-95.44211, 29.78836], [-95.45127, 29.79502], [-95.45226, 29.79087], [-95.45208, 29.78411], [-95.45388, 29.78094]]]}, "properties": {"geoid": "482015109002", "jobs_transit_45": 269428}}, {"type": "Feature", "geometry": {"type": "Polygon", "coordinates": [[[-95.4907, 29.82365], [-95.48131, 29.81694], [-95.46826, 29.80744], [-95.46697, 29.80662], [-95.45863, 29.80048], [-95.451, 29.79482], [-95.4505, 29.79668], [-95.4497, 29.79803], [-95.44909, 29.80154], [-95.45137, 29.8028], [-95.45183, 29.80348], [-95.4524, 29.80412], [-95.47669, 29.82672], [-95.47716, 29.82642], [-95.48109, 29.82631], [-95.48159, 29.82604], [-95.48272, 29.82565], [-95.48436, 29.82503], [-95.4864, 29.82383], [-95.48903, 29.82381], [-95.4907, 29.82365]]]}, "properties": {"geoid": "482015205001", "jobs_transit_45": 219425}}, {"type": "Feature", "geometry": {"type": "Polygon", "coordinates": [[[-95.44905, 29.8019], [-95.44909, 29.80154], [-95.43004, 29.80165], [-95.42993, 29.80256], [-95.42966, 29.80317], [-95.43321, 29.80386], [-95.44089, 29.80888], [-95.44492, 29.8068], [-95.44802, 29.80345], [-95.44905, 29.8019]]]}, "properties": {"geoid": "482015110011", "jobs_transit_45": 238915}}, {"type": "Feature", "geometry": {"type": "Polygon", "coordinates": [[[-95.43809, 29.80161], [-95.43807, 29.79639], [-95.43337, 29.7964], [-95.43339, 29.80162], [-95.43809, 29.80161]]]}, "properties": {"geoid": "482015110022", "jobs_transit_45": 221367}}, {"type": "Feature", "geometry": {"type": "Polygon", "coordinates": [[[-95.43807, 29.79639], [-95.43802, 29.794], [-95.43784, 29.78922], [-95.42989, 29.78925], [-95.43004, 29.80165], [-95.43339, 29.80162], [-95.43337, 29.7964], [-95.43807, 29.79639]]]}, "properties": {"geoid": "482015110023", "jobs_transit_45": 454168}}, {"type": "Feature", "geometry": {"type": "Polygon", "coordinates": [[[-95.43399, 29.81177], [-95.44089, 29.80888], [-95.43321, 29.80386], [-95.42966, 29.80317], [-95.42935, 29.8038], [-95.42937, 29.81264], [-95.43399, 29.81177]]]}, "properties": {"geoid": "482015111001", "jobs_transit_45": 355229}}, {"type": "Feature", "geometry": {"type": "Polygon", "coordinates": [[[-95.51897, 29.97648], [-95.51476, 29.97059], [-95.51389, 29.97092], [-95.51196, 29.97197], [-95.51463, 29.97531], [-95.51167, 29.97694], [-95.51111, 29.97734], [-95.51189, 29.97816], [-95.51314, 29.97975], [-95.51897, 29.97648]]]}, "properties": {"geoid": "482015514001", "jobs_transit_45": 238727}}, {"type": "Feature", "geometry": {"type": "Polygon", "coordinates": [[[-95.51852, 29.71446], [-95.519, 29.71301], [-95.51362, 29.71307], [-95.51369, 29.71674], [-95.51356, 29.71772], [-95.51579, 29.71768], [-95.51577, 29.71591], [-95.51852, 29.71446]]]}, "properties": {"geoid": "482014328012", "jobs_transit_45": 373850}}, {"type": "Feature", "geometry": {"type": "Polygon", "coordinates": [[[-95.51573, 29.71305], [-95.51569, 29.70975], [-95.51359, 29.70977], [-95.51258, 29.70964], [-95.50959, 29.70801], [-95.51026, 29.70713], [-95.50647, 29.71049], [-95.50867, 29.71238], [-95.50987, 29.71298], [-95.5106, 29.7131], [-95.51573, 29.71305]]]}, "properties": {"geoid": "482014328022", "jobs_transit_45": 203119}}, {"type": "Feature", "geometry": {"type": "Polygon", "coordinates": [[[-95.31807, 29.86291], [-95.31777, 29.8628], [-95.31724, 29.86405], [-95.31268, 29.86406], [-95.31265, 29.86014], [-95.30959, 29.85921], [-95.30586, 29.8602], [-95.30588, 29.86686], [-95.31454, 29.86684], [-95.31652, 29.86667], [-95.31807, 29.86291]]]}, "properties": {"geoid": "482012316001", "jobs_transit_45": 43782}}, {"type": "Feature", "geometry": {"type": "Polygon", "coordinates": [[[-95.31724, 29.86405], [-95.31775, 29.86286], [-95.31777, 29.8628], [-95.3173, 29.86262], [-95.31186, 29.85806], [-95.3075, 29.85847], [-95.30396, 29.8547], [-95.30416, 29.85367], [-95.30408, 29.85329], [-95.30151, 29.85322], [-95.3005, 29.85309], [-95.30057, 29.86688], [-95.30588, 29.86686], [-95.30586, 29.8602], [-95.30959, 29.85921], [-95.31265, 29.86014], [-95.31268, 29.86406], [-95.31724, 29.86405]]]}, "properties": {"geoid": "482012316002", "jobs_transit_45": 43717}}, {"type": "Feature", "geometry": {"type": "Polygon", "coordinates": [[[-95.26669, 29.67654], [-95.26437, 29.67421], [-95.25944, 29.6779], [-95.25498, 29.68155], [-95.25513, 29.68271], [-95.25565, 29.68478], [-95.26669, 29.67654]]]}, "properties": {"geoid": "482013206023", "jobs_transit_45": 45793}}, {"type": "Feature", "geometry": {"type": "Polygon", "coordinates": [[[-95.58802, 29.74498], [-95.58869, 29.74066], [-95.58525, 29.74126], [-95.5861, 29.74272], [-95.58484, 29.7437], [-95.58553, 29.74425], [-95.58624, 29.74461], [-95.58802, 29.74498]]]}, "properties": {"geoid": "482014510021", "jobs_transit_45": 117488}}, {"type": "Feature", "geometry": {"type": "Polygon", "coordinates": [[[-95.5351, 29.71455], [-95.535, 29.71055], [-95.53377, 29.70706], [-95.53616, 29.70502], [-95.53027, 29.70508], [-95.52989, 29.70736], [-95.52785, 29.70866], [-95.52639, 29.70879], [-95.52536, 29.71163], [-95.52414, 29.71163], [-95.52418, 29.71465], [-95.5351, 29.71455]]]}, "properties": {"geoid": "482014329023", "jobs_transit_45": 199880}}, {"type": "Feature", "geometry": {"type": "Polygon", "coordinates": [[[-95.12401, 29.7115], [-95.12376, 29.69989], [-95.11357, 29.70005], [-95.11375, 29.70778], [-95.1153, 29.70937], [-95.11497, 29.70997], [-95.11479, 29.71095], [-95.11614, 29.71119], [-95.11795, 29.71133], [-95.12401, 29.7115]]]}, "properties": {"geoid": "482013427001", "jobs_transit_45": null}}, {"type": "Feature", "geometry": {"type": "Polygon", "coordinates": [[[-95.49566, 29.75633], [-95.49568, 29.75068], [-95.49567, 29.74995], [-95.49461, 29.74997], [-95.49286, 29.75012], [-95.49152, 29.75008], [-95.49038, 29.74988], [-95.48873, 29.74989], [-95.48889, 29.75818], [-95.49008, 29.75791], [-95.49566, 29.75633]]]}, "properties": {"geoid": "482014315023", "jobs_transit_45": 198678}}, {"type": "Feature", "geometry": {"type": "Polygon", "coordinates": [[[-95.43999, 29.68479], [-95.44184, 29.6857], [-95.44615, 29.68476], [-95.44617, 29.67948], [-95.43996, 29.67952], [-95.43999, 29.68479]]]}, "properties": {"geoid": "482014129003", "jobs_transit_45": 127680}}, {"type": "Feature", "geometry": {"type": "Polygon", "coordinates": [[[-95.50852, 29.66279], [-95.50843, 29.65602], [-95.50558, 29.65603], [-95.50566, 29.66309], [-95.50691, 29.66303], [-95.50792, 29.66284], [-95.50852, 29.66279]]]}, "properties": {"geoid": "482014224013", "jobs_transit_45": 94034}}, {"type": "Feature", "geometry": {"type": "Polygon", "coordinates": [[[-95.53661, 29.66603], [-95.53627, 29.6563], [-95.52803, 29.65569], [-95.52811, 29.66498], [-95.52922, 29.66498], [-95.53416, 29.66602], [-95.53661, 29.66603]]]}, "properties": {"geoid": "482014232022", "jobs_transit_45": 79084}}, {"type": "Feature", "geometry": {"type": "Polygon", "coordinates": [[[-95.56619, 29.78207], [-95.57373, 29.77619], [-95.5735, 29.77518], [-95.57227, 29.77451], [-95.57041, 29.77296], [-95.57026, 29.77265], [-95.56288, 29.77278], [-95.56319, 29.78481], [-95.56594, 29.78482], [-95.56518, 29.78373], [-95.56619, 29.78207]]]}, "properties": {"geoid": "482014501001", "jobs_transit_45": 150074}}, {"type": "Feature", "geometry": {"type": "Polygon", "coordinates": [[[-95.60628, 29.7701], [-95.60618, 29.76465], [-95.60554, 29.76327], [-95.60296, 29.76314], [-95.60153, 29.7636], [-95.60031, 29.76717], [-95.59605, 29.76707], [-95.59611, 29.76849], [-95.59597, 29.77011], [-95.5978, 29.77023], [-95.60628, 29.7701]]]}, "properties": {"geoid": "482014507001", "jobs_transit_45": 101573}}, {"type": "Feature", "geometry": {"type": "Polygon", "coordinates": [[[-95.55532, 29.68284], [-95.55567, 29.68103], [-95.55167, 29.68085], [-95.55049, 29.68148], [-95.55142, 29.68357], [-95.5514, 29.68606], [-95.55151, 29.68645], [-95.55392, 29.6855], [-95.55563, 29.68401], [-95.55532, 29.68284]]]}, "properties": {"geoid": "482014335023", "jobs_transit_45": 182299}}, {"type": "Feature", "geometry": {"type": "Polygon", "coordinates": [[[-95.55623, 29.67843], [-95.55621, 29.67752], [-95.55417, 29.67762], [-95.55346, 29.67749], [-95.55167, 29.68085], [-95.55567, 29.68103], [-95.55623, 29.67843]]]}, "properties": {"geoid": "482014335024", "jobs_transit_45": 142545}}, {"type": "Feature", "geometry": {"type": "Polygon", "coordinates": [[[-95.44279, 29.70462], [-95.44276, 29.70148], [-95.44015, 29.70108], [-95.44009, 29.69167], [-95.43905, 29.69167], [-95.43844, 29.69049], [-95.4359, 29.69181], [-95.43654, 29.69287], [-95.43708, 29.6943], [-95.4373, 29.69685], [-95.43717, 29.70458], [-95.44279, 29.70462]]]}, "properties": {"geoid": "482014130002", "jobs_transit_45": 290518}}, {"type": "Feature", "geometry": {"type": "Polygon", "coordinates": [[[-95.43312, 29.70476], [-95.43558, 29.70459], [-95.43452, 29.70449], [-95.43227, 29.70388], [-95.43105, 29.70385], [-95.43106, 29.69388], [-95.42718, 29.69644], [-95.42729, 29.69713], [-95.42733, 29.69849], [-95.42746, 29.7061], [-95.43314, 29.70605], [-95.43312, 29.70476]]]}, "properties": {"geoid": "482014131001", "jobs_transit_45": 268875}}, {"type": "Feature", "geometry": {"type": "Polygon", "coordinates": [[[-95.44009, 29.69167], [-95.44008, 29.69064], [-95.43893, 29.69001], [-95.43612, 29.69086], [-95.43418, 29.6921], [-95.43085, 29.69114], [-95.42883, 29.69218], [-95.42694, 29.69583], [-95.42718, 29.69644], [-95.43106, 29.69388], [-95.43105, 29.70385], [-95.43227, 29.70388], [-95.43331, 29.70416], [-95.43497, 29.70027], [-95.43348, 29.69271], [-95.43613, 29.69222], [-95.4359, 29.69181], [-95.43844, 29.69049], [-95.43905, 29.69167], [-95.44009, 29.69167]]]}, "properties": {"geoid": "482014131002", "jobs_transit_45": 265265}}, {"type": "Feature", "geometry": {"type": "Polygon", "coordinates": [[[-95.4373, 29.69685], [-95.43708, 29.6943], [-95.43654, 29.69287], [-95.43613, 29.69222], [-95.43348, 29.69271], [-95.43497, 29.70027], [-95.43331, 29.70416], [-95.43452, 29.70449], [-95.43717, 29.70458], [-95.4373, 29.69685]]]}, "properties": {"geoid": "482014131003", "jobs_transit_45": 270838}}, {"type": "Feature", "geometry": {"type": "Polygon", "coordinates": [[[-95.48268, 29.77779], [-95.48228, 29.7773], [-95.47985, 29.77495], [-95.47946, 29.77406], [-95.47895, 29.77373], [-95.47888, 29.77334], [-95.47764, 29.77269], [-95.47646, 29.77115], [-95.4753, 29.77223], [-95.47423, 29.77215], [-95.4739, 29.77213], [-95.47261, 29.77143], [-95.47235, 29.77062], [-95.47077, 29.77034], [-95.47014, 29.77027], [-95.46855, 29.77064], [-95.46829, 29.77051], [-95.46792, 29.76966], [-95.46709, 29.76899], [-95.46519, 29.76867], [-95.46271, 29.7678], [-95.46229, 29.76741], [-95.45839, 29.76485], [-95.45797, 29.76385], [-95.45802, 29.76367], [-95.45868, 29.76304], [-95.46036, 29.76297], [-95.46073, 29.76262], [-95.45573, 29.75996], [-95.45625, 29.77197], [-95.4562, 29.77323], [-95.45942, 29.7732], [-95.45962, 29.77797], [-95.4596, 29.77979], [-95.46578, 29.77996], [-95.46583, 29.78236], [-95.46797, 29.78223], [-95.46797, 29.77938], [-95.47235, 29.779], [-95.47862, 29.77854], [-95.48268, 29.77779]]]}, "properties": {"geoid": "482014301002", "jobs_transit_45": 321834}}, {"type": "Feature", "geometry": {"type": "Polygon", "coordinates": [[[-95.42726, 29.69137], [-95.42716, 29.68175], [-95.42605, 29.67988], [-95.42034, 29.68704], [-95.42424, 29.68935], [-95.42286, 29.69123], [-95.42368, 29.69641], [-95.42673, 29.69533], [-95.42649, 29.69468], [-95.42726, 29.69137]]]}, "properties": {"geoid": "482014133002", "jobs_transit_45": 198585}}, {"type": "Feature", "geometry": {"type": "Polygon", "coordinates": [[[-95.44008, 29.69064], [-95.44007, 29.68965], [-95.43935, 29.68962], [-95.43814, 29.68962], [-95.4343, 29.69096], [-95.43147, 29.69054], [-95.43179, 29.68545], [-95.43172, 29.6788], [-95.42793, 29.6781], [-95.42775, 29.67794], [-95.42783, 29.67776], [-95.42765, 29.67773], [-95.42605, 29.67988], [-95.42716, 29.68175], [-95.42726, 29.69137], [-95.42649, 29.69468], [-95.42694, 29.69583], [-95.42883, 29.69218], [-95.43085, 29.69114], [-95.43418, 29.6921], [-95.43612, 29.69086], [-95.43893, 29.69001], [-95.44008, 29.69064]]]}, "properties": {"geoid": "482014133003", "jobs_transit_45": 166797}}, {"type": "Feature", "geometry": {"type": "Polygon", "coordinates": [[[-95.47782, 29.7831], [-95.47783, 29.77866], [-95.47235, 29.779], [-95.46797, 29.77938], [-95.468, 29.78447], [-95.47551, 29.78402], [-95.47782, 29.7831]]]}, "properties": {"geoid": "482014301003", "jobs_transit_45": 553407}}, {"type": "Feature", "geometry": {"type": "Polygon", "coordinates": [[[-95.48641, 29.78358], [-95.486, 29.7824], [-95.48509, 29.78176], [-95.48353, 29.77851], [-95.48296, 29.77803], [-95.48268, 29.77779], [-95.47862, 29.77854], [-95.47783, 29.77866], [-95.47782, 29.7831], [-95.47551, 29.78402], [-95.48105, 29.784], [-95.48503, 29.78415], [-95.48639, 29.78427], [-95.48641, 29.78358]]]}, "properties": {"geoid": "482014301004", "jobs_transit_45": 296392}}, {"type": "Feature", "geometry": {"type": "Polygon", "coordinates": [[[-95.48641, 29.78358], [-95.48825, 29.78353], [-95.48827, 29.77709], [-95.48724, 29.77742], [-95.48712, 29.76967], [-95.48548, 29.76917], [-95.48525, 29.76953], [-95.48284, 29.77175], [-95.48304, 29.77049], [-95.4809, 29.77331], [-95.47948, 29.77339], [-95.47888, 29.77334], [-95.47895, 29.77373], [-95.47946, 29.77406], [-95.47985, 29.77495], [-95.48228, 29.7773], [-95.48296, 29.77803], [-95.48353, 29.77851], [-95.48509, 29.78176], [-95.486, 29.7824], [-95.48641, 29.78358]]]}, "properties": {"geoid": "482014302001", "jobs_transit_45": 296065}}, {"type": "Feature", "geometry": {"type": "Polygon", "coordinates": [[[-95.50658, 29.75634], [-95.50678, 29.75514], [-95.50668, 29.75492], [-95.5053, 29.75449], [-95.50448, 29.75395], [-95.50447, 29.75363], [-95.50467, 29.75265], [-95.50261, 29.75264], [-95.50112, 29.75289], [-95.50111, 29.75569], [-95.50086, 29.76038], [-95.49613, 29.7622], [-95.49485, 29.7649], [-95.49235, 29.76325], [-95.49095, 29.76346], [-95.49235, 29.76518], [-95.49223, 29.76552], [-95.49073, 29.76681], [-95.48905, 29.7666], [-95.48817, 29.76696], [-95.48824, 29.76933], [-95.48787, 29.76965], [-95.48712, 29.76967], [-95.48724, 29.77742], [-95.48861, 29.77681], [-95.49322, 29.77153], [-95.49667, 29.76971], [-95.49932, 29.76634], [-95.50649, 29.76259], [-95.50658, 29.75634]]]}, "properties": {"geoid": "482014303001", "jobs_transit_45": 226932}}, {"type": "Feature", "geometry": {"type": "Polygon", "coordinates": [[[-95.52245, 29.77333], [-95.52223, 29.76449], [-95.52231, 29.76254], [-95.51545, 29.76251], [-95.50879, 29.76258], [-95.50889, 29.77758], [-95.51757, 29.77753], [-95.51766, 29.77335], [-95.52245, 29.77333]]]}, "properties": {"geoid": "482014304001", "jobs_transit_45": null}}, {"type": "Feature", "geometry": {"type": "Polygon", "coordinates": [[[-95.6448, 29.78504], [-95.64441, 29.7763], [-95.64405, 29.77544], [-95.64286, 29.7756], [-95.63739, 29.77531], [-95.63416, 29.77622], [-95.62932, 29.77928], [-95.62382, 29.77991], [-95.62378, 29.78507], [-95.62759, 29.78502], [-95.6448, 29.78504]]]}, "properties": {"geoid": "482014505001", "jobs_transit_45": 110785}}, {"type": "Feature", "geometry": {"type": "Polygon", "coordinates": [[[-95.64405, 29.77544], [-95.64337, 29.77389], [-95.64296, 29.77237], [-95.64293, 29.77158], [-95.64332, 29.76937], [-95.64161, 29.76908], [-95.63969, 29.76906], [-95.63434, 29.77079], [-95.63391, 29.77151], [-95.63336, 29.77332], [-95.632, 29.77394], [-95.62489, 29.77348], [-95.62314, 29.77247], [-95.62383, 29.77405], [-95.62382, 29.77991], [-95.62932, 29.77928], [-95.63416, 29.77622], [-95.63739, 29.77531], [-95.64286, 29.7756], [-95.64405, 29.77544]]]}, "properties": {"geoid": "482014505002", "jobs_transit_45": 142545}}, {"type": "Feature", "geometry": {"type": "Polygon", "coordinates": [[[-95.61293, 29.77187], [-95.61294, 29.76698], [-95.61247, 29.76207], [-95.6103, 29.76306], [-95.60616, 29.76312], [-95.60628, 29.7701], [-95.61025, 29.77044], [-95.61293, 29.77187]]]}, "properties": {"geoid": "482014506002", "jobs_transit_45": 112565}}, {"type": "Feature", "geometry": {"type": "Polygon", "coordinates": [[[-95.58297, 29.77329], [-95.58287, 29.76919], [-95.58294, 29.76829], [-95.57789, 29.76866], [-95.57602, 29.76587], [-95.56973, 29.76207], [-95.56272, 29.76197], [-95.55988, 29.76078], [-95.55934, 29.76072], [-95.55834, 29.76222], [-95.56123, 29.76626], [-95.56288, 29.77278], [-95.56852, 29.77266], [-95.57928, 29.77259], [-95.58003, 29.77269], [-95.58203, 29.77319], [-95.58297, 29.77329]]]}, "properties": {"geoid": "482014507002", "jobs_transit_45": 151077}}, {"type": "Feature", "geometry": {"type": "Polygon", "coordinates": [[[-95.60618, 29.76465], [-95.6062, 29.76195], [-95.6062, 29.76189], [-95.60244, 29.76191], [-95.59535, 29.75945], [-95.59448, 29.75924], [-95.58951, 29.75984], [-95.5864, 29.76428], [-95.58411, 29.76587], [-95.57865, 29.76702], [-95.57602, 29.76587], [-95.57789, 29.76866], [-95.58294, 29.76829], [-95.58287, 29.76919], [-95.58297, 29.77329], [-95.58603, 29.77321], [-95.58677, 29.77304], [-95.59044, 29.77083], [-95.59187, 29.77023], [-95.59371, 29.76997], [-95.59597, 29.77011], [-95.59611, 29.76849], [-95.59605, 29.76707], [-95.60031, 29.76717], [-95.60153, 29.7636], [-95.60296, 29.76314], [-95.60554, 29.76327], [-95.60618, 29.76465]]]}, "properties": {"geoid": "482014507003", "jobs_transit_45": 95127}}, {"type": "Feature", "geometry": {"type": "Polygon", "coordinates": [[[-95.59189, 29.91611], [-95.59306, 29.91557], [-95.59408, 29.9147], [-95.5945, 29.91411], [-95.59482, 29.91346], [-95.59503, 29.91235], [-95.59497, 29.91157], [-95.59481, 29.91097], [-95.59424, 29.90995], [-95.59128, 29.90775], [-95.59075, 29.90829], [-95.59003, 29.90885], [-95.58918, 29.90933], [-95.58837, 29.90964], [-95.58682, 29.90994], [-95.58457, 29.90998], [-95.58463, 29.91548], [-95.58653, 29.91546], [-95.58986, 29.91634], [-95.59189, 29.91611]]]}, "properties": {"geoid": "482015520012", "jobs_transit_45": null}}, {"type": "Feature", "geometry": {"type": "Polygon", "coordinates": [[[-95.26818, 29.95452], [-95.28334, 29.94055], [-95.28123, 29.94079], [-95.278, 29.94068], [-95.2729, 29.93988], [-95.26853, 29.9385], [-95.26847, 29.94245], [-95.26655, 29.94733], [-95.26633, 29.9536], [-95.26755, 29.95396], [-95.26818, 29.95452]]]}, "properties": {"geoid": "482012502001", "jobs_transit_45": null}}, {"type": "Feature", "geometry": {"type": "Polygon", "coordinates": [[[-95.21866, 29.78415], [-95.22313, 29.78315], [-95.22312, 29.78163], [-95.23145, 29.78177], [-95.23237, 29.78134], [-95.23407, 29.78127], [-95.23438, 29.78113], [-95.23378, 29.7807], [-95.23227, 29.77823], [-95.23204, 29.77757], [-95.2315, 29.77772], [-95.22985, 29.7789], [-95.22427, 29.77894], [-95.22252, 29.77689], [-95.22156, 29.77858], [-95.21855, 29.77865], [-95.21866, 29.78415]]]}, "properties": {"geoid": "482012327012", "jobs_transit_45": null}}, {"type": "Feature", "geometry": {"type": "Polygon", "coordinates": [[[-95.54523, 29.81851], [-95.54523, 29.8177], [-95.54522, 29.81269], [-95.53789, 29.81217], [-95.53689, 29.81352], [-95.53692, 29.81662], [-95.53682, 29.81847], [-95.54523, 29.81851]]]}, "properties": {"geoid": "482015221004", "jobs_transit_45": 125929}}, {"type": "Feature", "geometry": {"type": "Polygon", "coordinates": [[[-95.35517, 29.90595], [-95.35506, 29.90234], [-95.33247, 29.90251], [-95.33207, 29.90475], [-95.33157, 29.90597], [-95.33437, 29.90546], [-95.34051, 29.90565], [-95.3405, 29.90637], [-95.34765, 29.90631], [-95.35517, 29.90595]]]}, "properties": {"geoid": "482012229004", "jobs_transit_45": 49657}}, {"type": "Feature", "geometry": {"type": "Polygon", "coordinates": [[[-95.57122, 29.70393], [-95.57111, 29.69616], [-95.56848, 29.69616], [-95.56761, 29.69644], [-95.56153, 29.69638], [-95.55719, 29.69534], [-95.55739, 29.70451], [-95.57122, 29.70393]]]}, "properties": {"geoid": "482014531002", "jobs_transit_45": 160847}}, {"type": "Feature", "geometry": {"type": "Polygon", "coordinates": [[[-95.56949, 29.68482], [-95.57067, 29.67753], [-95.5704, 29.67423], [-95.56048, 29.67463], [-95.56014, 29.67689], [-95.55846, 29.68467], [-95.56949, 29.68482]]]}, "properties": {"geoid": "482014532001", "jobs_transit_45": 100139}}, {"type": "Feature", "geometry": {"type": "Polygon", "coordinates": [[[-95.47087, 29.90551], [-95.47078, 29.90511], [-95.46434, 29.89827], [-95.46352, 29.89748], [-95.45854, 29.89211], [-95.45588, 29.88999], [-95.45037, 29.88438], [-95.44979, 29.88449], [-95.44019, 29.88476], [-95.4402, 29.88529], [-95.43874, 29.88535], [-95.4401, 29.8864], [-95.44035, 29.8886], [-95.43879, 29.88861], [-95.43896, 29.89254], [-95.43171, 29.89264], [-95.43175, 29.89363], [-95.43215, 29.89538], [-95.43213, 29.89804], [-95.45334, 29.89765], [-95.46221, 29.89817], [-95.46312, 29.89877], [-95.46726, 29.90314], [-95.46876, 29.90419], [-95.47087, 29.90551]]]}, "properties": {"geoid": "482015334002", "jobs_transit_45": null}}, {"type": "Feature", "geometry": {"type": "Polygon", "coordinates": [[[-95.53744, 29.8886], [-95.53746, 29.88793], [-95.53735, 29.87975], [-95.53529, 29.87985], [-95.53341, 29.87982], [-95.53262, 29.87968], [-95.53043, 29.87749], [-95.52953, 29.87723], [-95.52763, 29.8778], [-95.52471, 29.87708], [-95.5247, 29.88121], [-95.52486, 29.88625], [-95.5288, 29.88838], [-95.5313, 29.88857], [-95.53377, 29.88656], [-95.53592, 29.88853], [-95.5371, 29.88852], [-95.53738, 29.88854], [-95.53744, 29.8886]]]}, "properties": {"geoid": "482015342023", "jobs_transit_45": null}}, {"type": "Feature", "geometry": {"type": "Polygon", "coordinates": [[[-95.42952, 29.9653], [-95.42909, 29.95992], [-95.42464, 29.96128], [-95.42315, 29.95549], [-95.42203, 29.95554], [-95.42175, 29.95563], [-95.41926, 29.95688], [-95.41862, 29.95688], [-95.41926, 29.96574], [-95.42187, 29.96596], [-95.42952, 29.9653]]]}, "properties": {"geoid": "482015502002", "jobs_transit_45": 396581}}, {"type": "Feature", "geometry": {"type": "Polygon", "coordinates": [[[-95.44955, 29.92593], [-95.45041, 29.92547], [-95.45054, 29.92539], [-95.44685, 29.92064], [-95.43695, 29.92279], [-95.43758, 29.9249], [-95.44052, 29.92615], [-95.44955, 29.92593]]]}, "properties": {"geoid": "482015337012", "jobs_transit_45": 90924}}, {"type": "Feature", "geometry": {"type": "Polygon", "coordinates": [[[-95.4128, 29.93671], [-95.41269, 29.93516], [-95.4155, 29.93446], [-95.41474, 29.9318], [-95.41785, 29.93221], [-95.4342, 29.93207], [-95.43412, 29.92544], [-95.43302, 29.92532], [-95.43289, 29.92494], [-95.43283, 29.92053], [-95.4328, 29.91996], [-95.43278, 29.91474], [-95.4127, 29.91508], [-95.41276, 29.91734], [-95.41198, 29.93042], [-95.4128, 29.93671]]]}, "properties": {"geoid": "482015337011", "jobs_transit_45": 458993}}, {"type": "Feature", "geometry": {"type": "Polygon", "coordinates": [[[-95.48326, 29.93736], [-95.48324, 29.93522], [-95.48059, 29.93518], [-95.47257, 29.9353], [-95.47115, 29.9333], [-95.47874, 29.93322], [-95.47858, 29.92285], [-95.45919, 29.92309], [-95.45933, 29.92894], [-95.45887, 29.93051], [-95.45821, 29.93149], [-95.45733, 29.93234], [-95.4564, 29.93295], [-95.46, 29.93753], [-95.48326, 29.93736]]]}, "properties": {"geoid": "482015338022", "jobs_transit_45": null}}, {"type": "Feature", "geometry": {"type": "Polygon", "coordinates": [[[-95.46, 29.93753], [-95.45054, 29.92539], [-95.44955, 29.92593], [-95.44052, 29.92615], [-95.43758, 29.9249], [-95.43697, 29.92285], [-95.43654, 29.92292], [-95.43449, 29.92355], [-95.43288, 29.9237], [-95.43289, 29.92494], [-95.43302, 29.92532], [-95.43412, 29.92544], [-95.4342, 29.93207], [-95.41785, 29.93221], [-95.41474, 29.9318], [-95.4155, 29.93446], [-95.41269, 29.93516], [-95.4128, 29.93671], [-95.41326, 29.93839], [-95.41401, 29.94054], [-95.421, 29.94044], [-95.43209, 29.93771], [-95.43517, 29.93756], [-95.44905, 29.93783], [-95.45467, 29.93755], [-95.46, 29.93753]]]}, "properties": {"geoid": "482015337013", "jobs_transit_45": 403428}}, {"type": "Feature", "geometry": {"type": "Polygon", "coordinates": [[[-95.31542, 29.77163], [-95.31549, 29.76468], [-95.31549, 29.76363], [-95.30538, 29.76072], [-95.30432, 29.76016], [-95.3043, 29.76738], [-95.30327, 29.76738], [-95.30325, 29.77286], [-95.30427, 29.77287], [-95.30742, 29.77389], [-95.30741, 29.77436], [-95.31518, 29.77442], [-95.31542, 29.77163]]]}, "properties": {"geoid": "482012115002", "jobs_transit_45": 137132}}, {"type": "Feature", "geometry": {"type": "Polygon", "coordinates": [[[-95.31896, 29.75768], [-95.31877, 29.75533], [-95.31384, 29.75552], [-95.30946, 29.7547], [-95.3042, 29.75554], [-95.30243, 29.75347], [-95.30084, 29.75273], [-95.29742, 29.75424], [-95.29709, 29.75397], [-95.29643, 29.75306], [-95.29484, 29.75115], [-95.29631, 29.74837], [-95.29368, 29.74723], [-95.28862, 29.74983], [-95.28042, 29.73953], [-95.27852, 29.73623], [-95.27529, 29.72734], [-95.27032, 29.72443], [-95.26922, 29.72447], [-95.26677, 29.72477], [-95.26652, 29.72486], [-95.2668, 29.72721], [-95.26676, 29.72888], [-95.26491, 29.74478], [-95.26546, 29.76345], [-95.26738, 29.76034], [-95.27317, 29.76024], [-95.27431, 29.75967], [-95.27759, 29.75958], [-95.2794, 29.75912], [-95.27947, 29.75548], [-95.28086, 29.75481], [-95.28113, 29.74857], [-95.29127, 29.7552], [-95.2934, 29.75715], [-95.29412, 29.75714], [-95.29682, 29.75677], [-95.29854, 29.75711], [-95.30538, 29.76072], [-95.31549, 29.76363], [-95.31896, 29.75768]]]}, "properties": {"geoid": "482012125003", "jobs_transit_45": 18483}}, {"type": "Feature", "geometry": {"type": "Polygon", "coordinates": [[[-95.34991, 29.85945], [-95.34982, 29.85066], [-95.34955, 29.84968], [-95.34924, 29.84897], [-95.34864, 29.84808], [-95.34291, 29.84816], [-95.33522, 29.86129], [-95.33592, 29.8616], [-95.33634, 29.8617], [-95.34313, 29.86174], [-95.34313, 29.85949], [-95.34991, 29.85945]]]}, "properties": {"geoid": "482012210002", "jobs_transit_45": 383396}}, {"type": "Feature", "geometry": {"type": "Polygon", "coordinates": [[[-95.34271, 29.86756], [-95.34252, 29.86612], [-95.33816, 29.86223], [-95.3356, 29.86212], [-95.33466, 29.86185], [-95.3336, 29.86135], [-95.33336, 29.86371], [-95.33312, 29.86476], [-95.33021, 29.87036], [-95.33543, 29.87102], [-95.3355, 29.87524], [-95.34119, 29.87516], [-95.34152, 29.87522], [-95.34228, 29.87516], [-95.34165, 29.87457], [-95.34086, 29.87293], [-95.34114, 29.87089], [-95.3415, 29.87023], [-95.34159, 29.86984], [-95.34125, 29.86824], [-95.34271, 29.86756]]]}, "properties": {"geoid": "482012220001", "jobs_transit_45": 394571}}, {"type": "Feature", "geometry": {"type": "Polygon", "coordinates": [[[-95.32664, 29.87641], [-95.31839, 29.87623], [-95.31838, 29.871], [-95.32559, 29.8709], [-95.32558, 29.86997], [-95.31504, 29.87032], [-95.3066, 29.89119], [-95.31825, 29.89096], [-95.32664, 29.87641]]]}, "properties": {"geoid": "482012317001", "jobs_transit_45": 124217}}, {"type": "Feature", "geometry": {"type": "Polygon", "coordinates": [[[-95.33336, 29.86371], [-95.3336, 29.86135], [-95.33182, 29.86082], [-95.33083, 29.86148], [-95.3288, 29.86181], [-95.32547, 29.86429], [-95.3245, 29.86442], [-95.31807, 29.86291], [-95.31504, 29.87032], [-95.32558, 29.86997], [-95.32559, 29.8709], [-95.31838, 29.871], [-95.31839, 29.87623], [-95.32664, 29.87641], [-95.33312, 29.86476], [-95.33336, 29.86371]]]}, "properties": {"geoid": "482012317002", "jobs_transit_45": 175854}}, {"type": "Feature", "geometry": {"type": "Polygon", "coordinates": [[[-95.52173, 29.93668], [-95.51541, 29.92546], [-95.50875, 29.92547], [-95.50138, 29.92468], [-95.50067, 29.92498], [-95.50871, 29.93121], [-95.51532, 29.93691], [-95.52173, 29.93668]]]}, "properties": {"geoid": "482015340031", "jobs_transit_45": 185784}}, {"type": "Feature", "geometry": {"type": "Polygon", "coordinates": [[[-95.49784, 29.93503], [-95.49775, 29.93404], [-95.49752, 29.93322], [-95.49721, 29.93255], [-95.49671, 29.93179], [-95.49588, 29.93096], [-95.49335, 29.92898], [-95.49254, 29.92811], [-95.48999, 29.92906], [-95.48989, 29.9346], [-95.48748, 29.93514], [-95.49784, 29.93503]]]}, "properties": {"geoid": "482015339012", "jobs_transit_45": null}}, {"type": "Feature", "geometry": {"type": "Polygon", "coordinates": [[[-95.49785, 29.93716], [-95.49784, 29.93503], [-95.48748, 29.93514], [-95.48989, 29.9346], [-95.48984, 29.93066], [-95.48934, 29.93059], [-95.48725, 29.9293], [-95.48666, 29.92917], [-95.48295, 29.9292], [-95.48182, 29.92951], [-95.48141, 29.92954], [-95.48153, 29.93033], [-95.48174, 29.93101], [-95.48273, 29.9331], [-95.48308, 29.93404], [-95.48324, 29.93513], [-95.48326, 29.93736], [-95.49785, 29.93716]]]}, "properties": {"geoid": "482015339011", "jobs_transit_45": 80036}}, {"type": "Feature", "geometry": {"type": "Polygon", "coordinates": [[[-95.31895, 29.84054], [-95.31887, 29.83417], [-95.31072, 29.83424], [-95.30819, 29.83306], [-95.30206, 29.83902], [-95.30211, 29.84075], [-95.31895, 29.84054]]]}, "properties": {"geoid": "482012303001", "jobs_transit_45": 413479}}, {"type": "Feature", "geometry": {"type": "Polygon", "coordinates": [[[-95.49765, 29.93358], [-95.49795, 29.93356], [-95.49785, 29.92294], [-95.49462, 29.9205], [-95.49385, 29.92], [-95.49212, 29.92273], [-95.49172, 29.92371], [-95.49151, 29.92509], [-95.49174, 29.92656], [-95.49221, 29.92761], [-95.49293, 29.92859], [-95.49352, 29.92913], [-95.49625, 29.93129], [-95.497, 29.93219], [-95.49741, 29.93294], [-95.49765, 29.93358]]]}, "properties": {"geoid": "482015339022", "jobs_transit_45": 185987}}, {"type": "Feature", "geometry": {"type": "Polygon", "coordinates": [[[-95.52518, 29.92535], [-95.52503, 29.90751], [-95.51808, 29.90764], [-95.51711, 29.90779], [-95.51636, 29.90917], [-95.51625, 29.90275], [-95.51279, 29.90298], [-95.50743, 29.90512], [-95.5041, 29.89917], [-95.50076, 29.89962], [-95.5064, 29.90968], [-95.51536, 29.92538], [-95.52518, 29.92535]]]}, "properties": {"geoid": "482015341002", "jobs_transit_45": null}}, {"type": "Feature", "geometry": {"type": "Polygon", "coordinates": [[[-95.57681, 29.92445], [-95.57558, 29.9207], [-95.57389, 29.92071], [-95.57102, 29.92121], [-95.57089, 29.92289], [-95.56879, 29.92298], [-95.56834, 29.9254], [-95.56798, 29.92641], [-95.56739, 29.92755], [-95.56812, 29.92763], [-95.56919, 29.9276], [-95.57001, 29.92747], [-95.57085, 29.92724], [-95.57205, 29.92668], [-95.57357, 29.92556], [-95.57439, 29.9251], [-95.57566, 29.92465], [-95.57681, 29.92445]]]}, "properties": {"geoid": "482015517014", "jobs_transit_45": null}}, {"type": "Feature", "geometry": {"type": "Polygon", "coordinates": [[[-95.63368, 29.85001], [-95.634, 29.84944], [-95.63455, 29.84887], [-95.63515, 29.8485], [-95.63732, 29.84754], [-95.63736, 29.84751], [-95.63668, 29.8467], [-95.63572, 29.8459], [-95.6348, 29.84535], [-95.63374, 29.84495], [-95.63232, 29.8447], [-95.63056, 29.84472], [-95.62364, 29.84345], [-95.62294, 29.84394], [-95.62268, 29.84498], [-95.62285, 29.84845], [-95.62265, 29.84881], [-95.62239, 29.84976], [-95.62154, 29.84999], [-95.62191, 29.85104], [-95.62251, 29.85188], [-95.62376, 29.85233], [-95.626, 29.85187], [-95.62684, 29.85399], [-95.62826, 29.85552], [-95.63277, 29.85708], [-95.63578, 29.8566], [-95.63363, 29.85163], [-95.63368, 29.85001]]]}, "properties": {"geoid": "482015405021", "jobs_transit_45": null}}, {"type": "Feature", "geometry": {"type": "Polygon", "coordinates": [[[-95.21189, 29.72653], [-95.2117, 29.7171], [-95.21167, 29.71257], [-95.20128, 29.71266], [-95.20128, 29.71211], [-95.19166, 29.713], [-95.19022, 29.71307], [-95.15337, 29.71209], [-95.15224, 29.71586], [-95.14815, 29.7209], [-95.14607, 29.7361], [-95.15191, 29.73688], [-95.15612, 29.73873], [-95.17122, 29.74723], [-95.18212, 29.74553], [-95.18662, 29.74583], [-95.19262, 29.74363], [-95.20012, 29.74093], [-95.20492, 29.73613], [-95.20932, 29.72813], [-95.21189, 29.72653]]]}, "properties": {"geoid": "482013241003", "jobs_transit_45": null}}, {"type": "Feature", "geometry": {"type": "Polygon", "coordinates": [[[-95.40566, 29.92516], [-95.40559, 29.92206], [-95.40504, 29.92053], [-95.40214, 29.92131], [-95.40054, 29.92407], [-95.3989, 29.92151], [-95.39481, 29.92292], [-95.3977, 29.92595], [-95.40008, 29.92591], [-95.40068, 29.92577], [-95.40148, 29.92531], [-95.402, 29.9252], [-95.40566, 29.92516]]]}, "properties": {"geoid": "482012225033", "jobs_transit_45": 146097}}, {"type": "Feature", "geometry": {"type": "Polygon", "coordinates": [[[-95.41232, 29.92468], [-95.40998, 29.92459], [-95.40856, 29.92495], [-95.40976, 29.92829], [-95.40608, 29.92857], [-95.40713, 29.92683], [-95.40193, 29.92701], [-95.40162, 29.92528], [-95.40068, 29.92577], [-95.40008, 29.92591], [-95.39788, 29.92599], [-95.39805, 29.92712], [-95.40009, 29.9318], [-95.40976, 29.9317], [-95.41199, 29.9318], [-95.41198, 29.93042], [-95.41232, 29.92468]]]}, "properties": {"geoid": "482012225012", "jobs_transit_45": 456797}}, {"type": "Feature", "geometry": {"type": "Polygon", "coordinates": [[[-95.48324, 29.93522], [-95.48302, 29.93381], [-95.48174, 29.93101], [-95.48143, 29.92973], [-95.48135, 29.92548], [-95.48163, 29.92356], [-95.4816, 29.91955], [-95.47909, 29.91962], [-95.47137, 29.91948], [-95.46557, 29.91952], [-95.46129, 29.91853], [-95.46012, 29.91855], [-95.45204, 29.92047], [-95.44685, 29.92064], [-95.4488, 29.92316], [-95.449, 29.92319], [-95.47858, 29.92285], [-95.47874, 29.93322], [-95.47115, 29.9333], [-95.47257, 29.9353], [-95.48059, 29.93518], [-95.48324, 29.93522]]]}, "properties": {"geoid": "482015338021", "jobs_transit_45": null}}, {"type": "Feature", "geometry": {"type": "Polygon", "coordinates": [[[-95.30897, 29.83024], [-95.30891, 29.82596], [-95.302, 29.82599], [-95.30196, 29.82269], [-95.29369, 29.82271], [-95.29371, 29.82488], [-95.29287, 29.82584], [-95.29227, 29.82601], [-95.29194, 29.826], [-95.29197, 29.83134], [-95.29374, 29.83136], [-95.29376, 29.834], [-95.30203, 29.83401], [-95.30206, 29.83902], [-95.30819, 29.83306], [-95.30556, 29.83028], [-95.30897, 29.83024]]]}, "properties": {"geoid": "482012302004", "jobs_transit_45": 231296}}, {"type": "Feature", "geometry": {"type": "Polygon", "coordinates": [[[-95.3257, 29.84393], [-95.31904, 29.84381], [-95.31895, 29.84054], [-95.30968, 29.84068], [-95.30987, 29.84166], [-95.30997, 29.84837], [-95.32402, 29.8481], [-95.3257, 29.84393]]]}, "properties": {"geoid": "482012306002", "jobs_transit_45": 173710}}, {"type": "Feature", "geometry": {"type": "Polygon", "coordinates": [[[-95.58557, 29.79284], [-95.5882, 29.7909], [-95.58677, 29.79014], [-95.58577, 29.79015], [-95.58362, 29.79027], [-95.58378, 29.79333], [-95.58174, 29.79646], [-95.5796, 29.7966], [-95.57958, 29.79282], [-95.57456, 29.79283], [-95.57463, 29.80457], [-95.56988, 29.80465], [-95.56992, 29.81294], [-95.57356, 29.81286], [-95.57606, 29.81308], [-95.57612, 29.81024], [-95.57624, 29.80902], [-95.57664, 29.80749], [-95.58557, 29.79284]]]}, "properties": {"geoid": "482015432003", "jobs_transit_45": 26181}}, {"type": "Feature", "geometry": {"type": "Polygon", "coordinates": [[[-95.67289, 29.87899], [-95.6729, 29.87803], [-95.67158, 29.87792], [-95.67151, 29.87062], [-95.67169, 29.86981], [-95.67043, 29.86996], [-95.66329, 29.86874], [-95.66207, 29.86868], [-95.6553, 29.87014], [-95.64733, 29.86767], [-95.64517, 29.86768], [-95.64532, 29.87921], [-95.67289, 29.87899]]]}, "properties": {"geoid": "482015413002", "jobs_transit_45": null}}, {"type": "Feature", "geometry": {"type": "Polygon", "coordinates": [[[-95.64517, 29.86768], [-95.64513, 29.86597], [-95.64188, 29.863], [-95.6383, 29.86192], [-95.63715, 29.85896], [-95.63516, 29.85893], [-95.63343, 29.85773], [-95.63277, 29.85708], [-95.63288, 29.86741], [-95.63383, 29.86765], [-95.64517, 29.86768]]]}, "properties": {"geoid": "482015406012", "jobs_transit_45": null}}, {"type": "Feature", "geometry": {"type": "Polygon", "coordinates": [[[-95.66552, 29.8861], [-95.66701, 29.88231], [-95.66537, 29.88232], [-95.66533, 29.87904], [-95.65455, 29.8791], [-95.65459, 29.88095], [-95.65736, 29.88113], [-95.65882, 29.88828], [-95.66026, 29.88826], [-95.66234, 29.88858], [-95.66326, 29.88898], [-95.66458, 29.88719], [-95.66464, 29.88699], [-95.66458, 29.88668], [-95.66552, 29.8861]]]}, "properties": {"geoid": "482015412022", "jobs_transit_45": null}}, {"type": "Feature", "geometry": {"type": "Polygon", "coordinates": [[[-95.63412, 29.90229], [-95.63921, 29.89436], [-95.62765, 29.89505], [-95.6277, 29.90047], [-95.63024, 29.9006], [-95.63412, 29.90229]]]}, "properties": {"geoid": "482015409021", "jobs_transit_45": null}}, {"type": "Feature", "geometry": {"type": "Polygon", "coordinates": [[[-95.80913, 29.81685], [-95.80901, 29.80166], [-95.76894, 29.80199], [-95.76896, 29.80868], [-95.76382, 29.81285], [-95.76114, 29.81301], [-95.76116, 29.81717], [-95.80913, 29.81685]]]}, "properties": {"geoid": "482015429002", "jobs_transit_45": null}}, {"type": "Feature", "geometry": {"type": "Polygon", "coordinates": [[[-95.8343, 29.81661], [-95.83615, 29.81664], [-95.83059, 29.80042], [-95.82497, 29.80044], [-95.82497, 29.80151], [-95.80901, 29.80166], [-95.80905, 29.80987], [-95.81641, 29.80983], [-95.81952, 29.81102], [-95.81949, 29.80956], [-95.82507, 29.80953], [-95.82509, 29.8132], [-95.83278, 29.81322], [-95.8343, 29.81661]]]}, "properties": {"geoid": "482015428002", "jobs_transit_45": null}}, {"type": "Feature", "geometry": {"type": "Polygon", "coordinates": [[[-95.8251, 29.8167], [-95.82507, 29.80953], [-95.81949, 29.80956], [-95.81952, 29.81102], [-95.81641, 29.80983], [-95.80905, 29.80987], [-95.80913, 29.81685], [-95.8251, 29.8167]]]}, "properties": {"geoid": "482015428003", "jobs_transit_45": null}}, {"type": "Feature", "geometry": {"type": "Polygon", "coordinates": [[[-95.3066, 29.89119], [-95.30621, 29.89114], [-95.30213, 29.89117], [-95.29913, 29.89123], [-95.29872, 29.89129], [-95.29051, 29.8914], [-95.24778, 29.89187], [-95.24069, 29.89865], [-95.24028, 29.90329], [-95.23711, 29.90608], [-95.2398, 29.91079], [-95.24345, 29.91426], [-95.24407, 29.91987], [-95.24632, 29.92233], [-95.25139, 29.92276], [-95.25933, 29.91744], [-95.26519, 29.91542], [-95.27239, 29.91675], [-95.27865, 29.91615], [-95.28217, 29.91524], [-95.28579, 29.91406], [-95.28639, 29.91342], [-95.28666, 29.91335], [-95.28744, 29.91339], [-95.28862, 29.9139], [-95.29139, 29.91446], [-95.29142, 29.91234], [-95.28778, 29.91224], [-95.28756, 29.89943], [-95.3009, 29.89932], [-95.30097, 29.90297], [-95.3014, 29.90408], [-95.3033, 29.89932], [-95.3066, 29.89119]]]}, "properties": {"geoid": "482012320002", "jobs_transit_45": null}}, {"type": "Feature", "geometry": {"type": "Polygon", "coordinates": [[[-95.31504, 29.87032], [-95.31362, 29.87308], [-95.30061, 29.87319], [-95.30063, 29.8818], [-95.30094, 29.89119], [-95.30621, 29.89114], [-95.3066, 29.89119], [-95.31504, 29.87032]]]}, "properties": {"geoid": "482012318002", "jobs_transit_45": 6721}}, {"type": "Feature", "geometry": {"type": "Polygon", "coordinates": [[[-95.36385, 29.96548], [-95.36057, 29.95977], [-95.35849, 29.9511], [-95.35628, 29.94132], [-95.35625, 29.93896], [-95.33022, 29.93911], [-95.31165, 29.93929], [-95.3071, 29.93987], [-95.30155, 29.94], [-95.29599, 29.93997], [-95.29059, 29.9522], [-95.30432, 29.95224], [-95.30833, 29.96949], [-95.3084, 29.97594], [-95.32853, 29.97627], [-95.33726, 29.97581], [-95.33144, 29.96956], [-95.32487, 29.958], [-95.3248, 29.952], [-95.33988, 29.95177], [-95.34393, 29.95973], [-95.34711, 29.96079], [-95.35007, 29.9658], [-95.36385, 29.96548]]]}, "properties": {"geoid": "482012415003", "jobs_transit_45": 31552}}, {"type": "Feature", "geometry": {"type": "Polygon", "coordinates": [[[-95.16578, 29.85588], [-95.16646, 29.85173], [-95.16315, 29.85308], [-95.14761, 29.85993], [-95.12819, 29.86819], [-95.10522, 29.87811], [-95.09538, 29.88024], [-95.09652, 29.88168], [-95.09702, 29.88768], [-95.10189, 29.89259], [-95.10516, 29.89337], [-95.11089, 29.89104], [-95.11324, 29.89099], [-95.116, 29.89447], [-95.11713, 29.89859], [-95.119, 29.90045], [-95.12162, 29.90239], [-95.12232, 29.90289], [-95.12301, 29.90393], [-95.12521, 29.90593], [-95.12373, 29.91032], [-95.12591, 29.91587], [-95.1328, 29.91953], [-95.14776, 29.9123], [-95.1595, 29.88579], [-95.16112, 29.88447], [-95.16111, 29.87692], [-95.16578, 29.85588]]]}, "properties": {"geoid": "482012521001", "jobs_transit_45": null}}, {"type": "Feature", "geometry": {"type": "Polygon", "coordinates": [[[-95.28015, 29.80248], [-95.27067, 29.79617], [-95.26934, 29.79456], [-95.26803, 29.79181], [-95.2616, 29.7921], [-95.24728, 29.7949], [-95.24138, 29.795], [-95.23178, 29.79816], [-95.21461, 29.80406], [-95.2128, 29.80521], [-95.21424, 29.80665], [-95.21263, 29.80989], [-95.21695, 29.81], [-95.21806, 29.80886], [-95.22268, 29.81076], [-95.22492, 29.81398], [-95.22989, 29.81314], [-95.23075, 29.81511], [-95.22987, 29.82054], [-95.22839, 29.82171], [-95.22993, 29.82457], [-95.24068, 29.81976], [-95.26201, 29.81076], [-95.26971, 29.80705], [-95.28015, 29.80248]]]}, "properties": {"geoid": "482012325001", "jobs_transit_45": 197710}}, {"type": "Feature", "geometry": {"type": "Polygon", "coordinates": [[[-95.18309, 29.78272], [-95.18285, 29.77399], [-95.18284, 29.77064], [-95.17789, 29.77073], [-95.17573, 29.77104], [-95.17604, 29.78213], [-95.18309, 29.78272]]]}, "properties": {"geoid": "482012331032", "jobs_transit_45": 204757}}, {"type": "Feature", "geometry": {"type": "Polygon", "coordinates": [[[-95.47215, 29.97657], [-95.47171, 29.97595], [-95.47126, 29.97482], [-95.47134, 29.9739], [-95.47111, 29.96458], [-95.4646, 29.96476], [-95.45226, 29.96496], [-95.44753, 29.96514], [-95.44758, 29.96788], [-95.44265, 29.96851], [-95.44077, 29.97255], [-95.44791, 29.9735], [-95.44792, 29.97408], [-95.45244, 29.97396], [-95.45301, 29.97317], [-95.46587, 29.9729], [-95.46858, 29.97616], [-95.46873, 29.97776], [-95.46912, 29.97819], [-95.47006, 29.9781], [-95.47134, 29.97706], [-95.47215, 29.97657]]]}, "properties": {"geoid": "482015504023", "jobs_transit_45": null}}, {"type": "Feature", "geometry": {"type": "Polygon", "coordinates": [[[-95.46889, 29.978], [-95.46873, 29.97776], [-95.46858, 29.97616], [-95.46587, 29.9729], [-95.45301, 29.97317], [-95.45244, 29.97396], [-95.44614, 29.97411], [-95.44589, 29.97404], [-95.44047, 29.97305], [-95.4378, 29.97253], [-95.43584, 29.97242], [-95.43546, 29.97252], [-95.4352, 29.9727], [-95.43656, 29.9739], [-95.4383, 29.97778], [-95.43727, 29.98104], [-95.43966, 29.98312], [-95.44062, 29.9741], [-95.44577, 29.9788], [-95.44578, 29.98243], [-95.45259, 29.98234], [-95.45377, 29.98113], [-95.46093, 29.98207], [-95.46291, 29.98085], [-95.46889, 29.978]]]}, "properties": {"geoid": "482015504012", "jobs_transit_45": null}}, {"type": "Feature", "geometry": {"type": "Polygon", "coordinates": [[[-95.47914, 29.98706], [-95.47883, 29.98453], [-95.47856, 29.98365], [-95.47816, 29.98294], [-95.47543, 29.97924], [-95.47485, 29.97873], [-95.47307, 29.97749], [-95.47215, 29.97657], [-95.47134, 29.97706], [-95.47006, 29.9781], [-95.46912, 29.97819], [-95.46889, 29.978], [-95.46291, 29.98085], [-95.46235, 29.9814], [-95.46258, 29.98331], [-95.4676, 29.98894], [-95.46823, 29.98762], [-95.46841, 29.98746], [-95.47433, 29.98412], [-95.47612, 29.98689], [-95.46876, 29.99045], [-95.46958, 29.99156], [-95.47914, 29.98706]]]}, "properties": {"geoid": "482015504014", "jobs_transit_45": null}}, {"type": "Feature", "geometry": {"type": "Polygon", "coordinates": [[[-95.48689, 29.99112], [-95.48842, 29.98737], [-95.48644, 29.9884], [-95.48381, 29.98312], [-95.48301, 29.9816], [-95.48241, 29.98128], [-95.47844, 29.98341], [-95.47883, 29.98453], [-95.47955, 29.98791], [-95.48296, 29.98789], [-95.48689, 29.99112]]]}, "properties": {"geoid": "482015511001", "jobs_transit_45": 132228}}, {"type": "Feature", "geometry": {"type": "Polygon", "coordinates": [[[-95.47168, 30.00286], [-95.47579, 30.00052], [-95.47724, 29.9996], [-95.48495, 29.99524], [-95.47955, 29.98791], [-95.47914, 29.98706], [-95.46958, 29.99156], [-95.46876, 29.99045], [-95.47612, 29.98689], [-95.47433, 29.98412], [-95.46841, 29.98746], [-95.46823, 29.98762], [-95.46617, 29.99194], [-95.46187, 29.99412], [-95.46136, 29.99481], [-95.46115, 29.99782], [-95.45791, 29.99996], [-95.46369, 30.0071], [-95.47168, 30.00286]]]}, "properties": {"geoid": "482015504011", "jobs_transit_45": 141159}}, {"type": "Feature", "geometry": {"type": "Polygon", "coordinates": [[[-95.49202, 30.0118], [-95.49178, 30.01055], [-95.49534, 30.00771], [-95.49359, 30.00527], [-95.49467, 30.00333], [-95.49414, 30.00327], [-95.49367, 30.00313], [-95.49302, 30.00274], [-95.49261, 30.00235], [-95.48985, 29.99851], [-95.4895, 29.99779], [-95.48743, 29.9939], [-95.48092, 29.99756], [-95.48607, 30.00539], [-95.49083, 30.01113], [-95.49202, 30.0118]]]}, "properties": {"geoid": "482015530012", "jobs_transit_45": null}}, {"type": "Feature", "geometry": {"type": "Polygon", "coordinates": [[[-95.55368, 29.7907], [-95.55358, 29.78466], [-95.54398, 29.78474], [-95.54454, 29.78887], [-95.54461, 29.79085], [-95.55368, 29.7907]]]}, "properties": {"geoid": "482015224014", "jobs_transit_45": 686727}}, {"type": "Feature", "geometry": {"type": "Polygon", "coordinates": [[[-95.49278, 30.05046], [-95.48857, 30.04039], [-95.47246, 30.04928], [-95.46902, 30.05115], [-95.46787, 30.05161], [-95.46699, 30.0518], [-95.46104, 30.05329], [-95.4581, 30.05554], [-95.45333, 30.05946], [-95.45221, 30.0604], [-95.44734, 30.06308], [-95.44594, 30.06356], [-95.44464, 30.06371], [-95.44239, 30.06351], [-95.44122, 30.06366], [-95.43305, 30.05275], [-95.4319, 30.05259], [-95.43613, 30.07481], [-95.44304, 30.07124], [-95.44413, 30.07083], [-95.44406, 30.07065], [-95.44997, 30.06742], [-95.47056, 30.06238], [-95.47207, 30.06197], [-95.49278, 30.05046]]]}, "properties": {"geoid": "482015534031", "jobs_transit_45": null}}, {"type": "Feature", "geometry": {"type": "Polygon", "coordinates": [[[-95.64563, 29.836], [-95.64551, 29.81946], [-95.6452, 29.81064], [-95.6448, 29.78504], [-95.62759, 29.78502], [-95.62045, 29.78506], [-95.61064, 29.78496], [-95.60457, 29.78499], [-95.5903, 29.78493], [-95.58564, 29.78538], [-95.58577, 29.79015], [-95.58677, 29.79014], [-95.5882, 29.7909], [-95.58557, 29.79284], [-95.57664, 29.80749], [-95.57637, 29.80839], [-95.57614, 29.80976], [-95.57609, 29.81108], [-95.57586, 29.8318], [-95.59676, 29.83152], [-95.60107, 29.83263], [-95.61166, 29.83582], [-95.61366, 29.83606], [-95.62265, 29.83596], [-95.64563, 29.836]]]}, "properties": {"geoid": "482015432002", "jobs_transit_45": 43674}}, {"type": "Feature", "geometry": {"type": "Polygon", "coordinates": [[[-95.03629, 29.75285], [-95.03567, 29.75124], [-95.03396, 29.75052], [-95.03149, 29.74868], [-95.02155, 29.74839], [-95.02269, 29.74362], [-95.02181, 29.7408], [-95.0079, 29.73314], [-95.00573, 29.73315], [-95.00072, 29.73075], [-94.99895, 29.73324], [-94.98819, 29.74884], [-94.99048, 29.75207], [-94.99244, 29.75395], [-95.00225, 29.75922], [-95.0037, 29.76029], [-95.01061, 29.76745], [-95.01211, 29.76868], [-95.01467, 29.771], [-95.01923, 29.77557], [-95.02036, 29.77691], [-95.02308, 29.77887], [-95.0278, 29.78084], [-95.03204, 29.78263], [-95.03185, 29.77233], [-95.03199, 29.76243], [-95.03216, 29.76189], [-95.03297, 29.7604], [-95.03629, 29.75285]]]}, "properties": {"geoid": "482012534001", "jobs_transit_45": null}}, {"type": "Feature", "geometry": {"type": "Polygon", "coordinates": [[[-94.98341, 29.73692], [-94.98455, 29.73399], [-94.9887, 29.73184], [-94.98397, 29.73244], [-94.98302, 29.73031], [-94.983, 29.72908], [-94.98154, 29.72908], [-94.98091, 29.72561], [-94.97951, 29.72589], [-94.97606, 29.72607], [-94.9702, 29.72696], [-94.96951, 29.72861], [-94.96895, 29.72947], [-94.96782, 29.7321], [-94.98072, 29.73641], [-94.98341, 29.73692]]]}, "properties": {"geoid": "482012544001", "jobs_transit_45": null}}, {"type": "Feature", "geometry": {"type": "Polygon", "coordinates": [[[-95.36042, 29.74762], [-95.36269, 29.74487], [-95.35922, 29.74327], [-95.34903, 29.73679], [-95.34519, 29.73425], [-95.34246, 29.74104], [-95.34269, 29.74111], [-95.34207, 29.7419], [-95.34379, 29.74529], [-95.35318, 29.75098], [-95.35641, 29.74851], [-95.3585, 29.74977], [-95.36042, 29.74762]]]}, "properties": {"geoid": "482013102001", "jobs_transit_45": 198044}}, {"type": "Feature", "geometry": {"type": "Polygon", "coordinates": [[[-95.18681, 29.6745], [-95.18668, 29.66508], [-95.17224, 29.66532], [-95.17248, 29.67716], [-95.17622, 29.67713], [-95.17609, 29.66965], [-95.18059, 29.6696], [-95.18281, 29.66837], [-95.18278, 29.67708], [-95.18382, 29.67706], [-95.18681, 29.6745]]]}, "properties": {"geoid": "482013238022", "jobs_transit_45": null}}, {"type": "Feature", "geometry": {"type": "Polygon", "coordinates": [[[-95.49538, 30.01581], [-95.49488, 30.01549], [-95.49376, 30.01321], [-95.48808, 30.01437], [-95.48706, 30.01586], [-95.48068, 30.01547], [-95.47934, 30.01466], [-95.47801, 30.01159], [-95.47849, 30.00625], [-95.47615, 30.00439], [-95.47375, 30.00371], [-95.47346, 30.00347], [-95.4725, 30.00235], [-95.47168, 30.00286], [-95.46369, 30.0071], [-95.46489, 30.0086], [-95.47638, 30.02438], [-95.48004, 30.01992], [-95.48464, 30.02092], [-95.48573, 30.02452], [-95.48845, 30.02034], [-95.49033, 30.01993], [-95.49221, 30.01522], [-95.4951, 30.01607], [-95.49538, 30.01581]]]}, "properties": {"geoid": "482015530021", "jobs_transit_45": null}}, {"type": "Feature", "geometry": {"type": "Polygon", "coordinates": [[[-95.48656, 29.97881], [-95.48749, 29.97715], [-95.48582, 29.97649], [-95.48284, 29.97882], [-95.4817, 29.97723], [-95.48145, 29.97622], [-95.48154, 29.97573], [-95.48194, 29.9749], [-95.48075, 29.97455], [-95.48005, 29.97447], [-95.47943, 29.97454], [-95.4788, 29.97477], [-95.47437, 29.97721], [-95.47367, 29.97792], [-95.47505, 29.97889], [-95.47561, 29.97944], [-95.47844, 29.98341], [-95.48252, 29.98122], [-95.48349, 29.98092], [-95.48399, 29.98093], [-95.48545, 29.98148], [-95.48656, 29.97881]]]}, "properties": {"geoid": "482015511005", "jobs_transit_45": null}}, {"type": "Feature", "geometry": {"type": "Polygon", "coordinates": [[[-95.47562, 29.95796], [-95.47374, 29.95547], [-95.46727, 29.95915], [-95.46545, 29.9592], [-95.46547, 29.96001], [-95.46487, 29.96002], [-95.46503, 29.96465], [-95.46497, 29.96475], [-95.46965, 29.96463], [-95.4696, 29.96189], [-95.47333, 29.96036], [-95.47562, 29.95796]]]}, "properties": {"geoid": "482015506033", "jobs_transit_45": 131538}}, {"type": "Feature", "geometry": {"type": "Polygon", "coordinates": [[[-95.51218, 29.94637], [-95.5112, 29.94641], [-95.50316, 29.9466], [-95.4989, 29.94853], [-95.49807, 29.9487], [-95.49834, 29.95687], [-95.49929, 29.95687], [-95.49985, 29.95694], [-95.50056, 29.95717], [-95.50109, 29.95746], [-95.50156, 29.95784], [-95.50193, 29.95826], [-95.50253, 29.95956], [-95.50339, 29.95946], [-95.5056, 29.95838], [-95.50591, 29.95824], [-95.50942, 29.95634], [-95.50626, 29.95132], [-95.50587, 29.95006], [-95.51218, 29.94637]]]}, "properties": {"geoid": "482015513001", "jobs_transit_45": null}}, {"type": "Feature", "geometry": {"type": "Polygon", "coordinates": [[[-95.4983, 29.95567], [-95.49808, 29.94916], [-95.49486, 29.94923], [-95.49147, 29.94914], [-95.49148, 29.9501], [-95.48576, 29.95101], [-95.48581, 29.95311], [-95.49002, 29.953], [-95.49553, 29.95569], [-95.4983, 29.95567]]]}, "properties": {"geoid": "482015509001", "jobs_transit_45": null}}, {"type": "Feature", "geometry": {"type": "Polygon", "coordinates": [[[-95.49808, 29.94916], [-95.49807, 29.9487], [-95.49581, 29.94882], [-95.48976, 29.94784], [-95.48381, 29.94587], [-95.48332, 29.94829], [-95.4834, 29.95489], [-95.48514, 29.95498], [-95.4851, 29.95311], [-95.48581, 29.95311], [-95.48576, 29.95101], [-95.49148, 29.9501], [-95.49147, 29.94914], [-95.49486, 29.94923], [-95.49808, 29.94916]]]}, "properties": {"geoid": "482015509004", "jobs_transit_45": 80055}}, {"type": "Feature", "geometry": {"type": "Polygon", "coordinates": [[[-95.52036, 29.95029], [-95.51972, 29.94922], [-95.51901, 29.94916], [-95.51762, 29.94881], [-95.51579, 29.9477], [-95.51258, 29.9464], [-95.51218, 29.94637], [-95.50587, 29.95006], [-95.50626, 29.95132], [-95.50942, 29.95634], [-95.52036, 29.95029]]]}, "properties": {"geoid": "482015513002", "jobs_transit_45": null}}, {"type": "Feature", "geometry": {"type": "Polygon", "coordinates": [[[-95.28618, 29.72264], [-95.28513, 29.71968], [-95.28597, 29.71923], [-95.28605, 29.71907], [-95.28596, 29.71678], [-95.28436, 29.71676], [-95.28361, 29.71661], [-95.27807, 29.71324], [-95.26718, 29.70991], [-95.26647, 29.71116], [-95.26632, 29.7119], [-95.26632, 29.71428], [-95.26621, 29.72235], [-95.26652, 29.72486], [-95.26677, 29.72477], [-95.26922, 29.72447], [-95.27032, 29.72443], [-95.27529, 29.72734], [-95.27844, 29.72751], [-95.28083, 29.7274], [-95.28212, 29.72647], [-95.28203, 29.72491], [-95.28207, 29.7247], [-95.28339, 29.72262], [-95.28414, 29.72238], [-95.28618, 29.72264]]]}, "properties": {"geoid": "482013114001", "jobs_transit_45": 357203}}, {"type": "Feature", "geometry": {"type": "Polygon", "coordinates": [[[-95.5986, 29.66844], [-95.60056, 29.6668], [-95.59919, 29.66563], [-95.59825, 29.66414], [-95.59792, 29.66302], [-95.59785, 29.66104], [-95.59704, 29.66068], [-95.59116, 29.67548], [-95.59415, 29.67571], [-95.59567, 29.67607], [-95.5986, 29.66844]]]}, "properties": {"geoid": "482014535021", "jobs_transit_45": 75939}}, {"type": "Feature", "geometry": {"type": "Polygon", "coordinates": [[[-95.33292, 29.71438], [-95.32753, 29.6983], [-95.32667, 29.69547], [-95.32102, 29.69903], [-95.32127, 29.69973], [-95.3211, 29.70195], [-95.31717, 29.70758], [-95.31679, 29.70864], [-95.31684, 29.70961], [-95.31756, 29.71005], [-95.32266, 29.7122], [-95.32434, 29.71244], [-95.32818, 29.71151], [-95.33292, 29.71438]]]}, "properties": {"geoid": "482013118002", "jobs_transit_45": null}}, {"type": "Feature", "geometry": {"type": "Polygon", "coordinates": [[[-95.34182, 29.71027], [-95.34568, 29.70087], [-95.34046, 29.69923], [-95.33895, 29.69862], [-95.33662, 29.69785], [-95.33625, 29.69916], [-95.33431, 29.70402], [-95.33584, 29.70919], [-95.33153, 29.71017], [-95.33292, 29.71438], [-95.33478, 29.71323], [-95.33873, 29.71465], [-95.33934, 29.71228], [-95.34152, 29.7118], [-95.34182, 29.71027]]]}, "properties": {"geoid": "482013133002", "jobs_transit_45": 508902}}, {"type": "Feature", "geometry": {"type": "Polygon", "coordinates": [[[-95.2569, 29.70782], [-95.25752, 29.7072], [-95.25963, 29.70588], [-95.26321, 29.70456], [-95.26517, 29.70152], [-95.26204, 29.69741], [-95.26276, 29.6965], [-95.26244, 29.69619], [-95.26053, 29.69499], [-95.2596, 29.69436], [-95.25542, 29.69296], [-95.25673, 29.69173], [-95.25513, 29.68917], [-95.25179, 29.68766], [-95.25126, 29.68734], [-95.24866, 29.68815], [-95.24814, 29.6882], [-95.24614, 29.68742], [-95.24292, 29.691], [-95.2486, 29.69659], [-95.24182, 29.70113], [-95.23455, 29.6905], [-95.22809, 29.69057], [-95.22796, 29.69283], [-95.22811, 29.69983], [-95.22814, 29.70766], [-95.22882, 29.70751], [-95.24309, 29.70616], [-95.24749, 29.70621], [-95.2569, 29.70782]]]}, "properties": {"geoid": "482013205001", "jobs_transit_45": 24376}}, {"type": "Feature", "geometry": {"type": "Polygon", "coordinates": [[[-95.26157, 29.6763], [-95.25802, 29.67271], [-95.25771, 29.67242], [-95.25747, 29.67258], [-95.25588, 29.67452], [-95.25336, 29.68235], [-95.25246, 29.68324], [-95.25106, 29.68393], [-95.24952, 29.6845], [-95.24824, 29.68474], [-95.24826, 29.68526], [-95.24675, 29.68608], [-95.24814, 29.6882], [-95.24866, 29.68815], [-95.25126, 29.68734], [-95.25156, 29.6875], [-95.25565, 29.68478], [-95.25513, 29.68271], [-95.25498, 29.68155], [-95.25944, 29.6779], [-95.26157, 29.6763]]]}, "properties": {"geoid": "482013206022", "jobs_transit_45": 45505}}, {"type": "Feature", "geometry": {"type": "Polygon", "coordinates": [[[-95.26718, 29.70991], [-95.26166, 29.70862], [-95.24749, 29.70621], [-95.24309, 29.70616], [-95.22882, 29.70751], [-95.22814, 29.70766], [-95.2261, 29.70996], [-95.22611, 29.71604], [-95.22002, 29.7161], [-95.22002, 29.71875], [-95.22383, 29.7212], [-95.22352, 29.72533], [-95.22782, 29.72533], [-95.23322, 29.72353], [-95.24066, 29.71941], [-95.24553, 29.71973], [-95.25342, 29.72543], [-95.25662, 29.72663], [-95.26055, 29.72653], [-95.26619, 29.72492], [-95.26631, 29.72499], [-95.26653, 29.72494], [-95.26627, 29.72329], [-95.26621, 29.72235], [-95.26632, 29.71428], [-95.26632, 29.7119], [-95.26647, 29.71116], [-95.26718, 29.70991]]]}, "properties": {"geoid": "482013242001", "jobs_transit_45": 42035}}, {"type": "Feature", "geometry": {"type": "Polygon", "coordinates": [[[-95.55264, 29.968], [-95.55293, 29.96547], [-95.55298, 29.96527], [-95.55206, 29.96465], [-95.54706, 29.96122], [-95.54164, 29.96481], [-95.53847, 29.96616], [-95.54601, 29.97946], [-95.54979, 29.97942], [-95.54997, 29.97776], [-95.55224, 29.97772], [-95.55234, 29.97407], [-95.55163, 29.96959], [-95.55264, 29.968]]]}, "properties": {"geoid": "482015527002", "jobs_transit_45": 395395}}, {"type": "Feature", "geometry": {"type": "Polygon", "coordinates": [[[-95.5852, 29.96684], [-95.58506, 29.96126], [-95.57399, 29.96144], [-95.55363, 29.95553], [-95.54706, 29.96122], [-95.55206, 29.96465], [-95.55427, 29.96604], [-95.55622, 29.96748], [-95.5563, 29.96707], [-95.55679, 29.96697], [-95.56387, 29.96693], [-95.56484, 29.96699], [-95.5663, 29.96724], [-95.57021, 29.96741], [-95.5852, 29.96684]]]}, "properties": {"geoid": "482015526011", "jobs_transit_45": null}}, {"type": "Feature", "geometry": {"type": "Polygon", "coordinates": [[[-95.55265, 29.99286], [-95.55354, 29.99269], [-95.54601, 29.97946], [-95.54187, 29.97946], [-95.54151, 29.97934], [-95.54119, 29.97909], [-95.5379, 29.98091], [-95.53906, 29.98253], [-95.53475, 29.98641], [-95.53768, 29.99032], [-95.53831, 29.99111], [-95.53942, 29.99112], [-95.54048, 29.99051], [-95.54569, 29.98711], [-95.54752, 29.988], [-95.54839, 29.98923], [-95.54895, 29.98982], [-95.54952, 29.99088], [-95.54929, 29.99194], [-95.5494, 29.99259], [-95.5512, 29.99317], [-95.55265, 29.99286]]]}, "properties": {"geoid": "482015528004", "jobs_transit_45": null}}, {"type": "Feature", "geometry": {"type": "Polygon", "coordinates": [[[-95.5379, 29.98091], [-95.54119, 29.97909], [-95.54028, 29.97778], [-95.53753, 29.97929], [-95.53466, 29.97456], [-95.53042, 29.97762], [-95.52954, 29.97808], [-95.52898, 29.97731], [-95.5284, 29.97763], [-95.53103, 29.98125], [-95.53298, 29.98417], [-95.53475, 29.98641], [-95.53906, 29.98253], [-95.5379, 29.98091]]]}, "properties": {"geoid": "482015528005", "jobs_transit_45": null}}, {"type": "Feature", "geometry": {"type": "Polygon", "coordinates": [[[-95.57592, 29.96141], [-95.57507, 29.95622], [-95.57772, 29.95257], [-95.57651, 29.95133], [-95.57333, 29.9507], [-95.56395, 29.95085], [-95.56404, 29.94625], [-95.55363, 29.95553], [-95.57399, 29.96144], [-95.57592, 29.96141]]]}, "properties": {"geoid": "482015525001", "jobs_transit_45": null}}, {"type": "Feature", "geometry": {"type": "Polygon", "coordinates": [[[-95.58837, 29.90964], [-95.58946, 29.90919], [-95.59032, 29.90865], [-95.59096, 29.90809], [-95.59488, 29.90395], [-95.59551, 29.90343], [-95.5958, 29.90323], [-95.5944, 29.90166], [-95.59039, 29.90096], [-95.5884, 29.8993], [-95.58759, 29.90344], [-95.58879, 29.90614], [-95.58676, 29.9073], [-95.58627, 29.90805], [-95.58626, 29.90996], [-95.58714, 29.90991], [-95.58837, 29.90964]]]}, "properties": {"geoid": "482015519003", "jobs_transit_45": 63117}}, {"type": "Feature", "geometry": {"type": "Polygon", "coordinates": [[[-95.60354, 29.91273], [-95.60349, 29.90815], [-95.6028, 29.90295], [-95.5996, 29.90067], [-95.5987, 29.90158], [-95.59819, 29.90198], [-95.59742, 29.90245], [-95.59598, 29.90313], [-95.59505, 29.9038], [-95.59128, 29.90775], [-95.59424, 29.90995], [-95.59467, 29.91066], [-95.59493, 29.91137], [-95.59503, 29.91205], [-95.59498, 29.9128], [-95.60354, 29.91273]]]}, "properties": {"geoid": "482015520013", "jobs_transit_45": null}}, {"type": "Feature", "geometry": {"type": "Polygon", "coordinates": [[[-95.21679, 29.69801], [-95.20938, 29.69806], [-95.20954, 29.71136], [-95.21658, 29.7107], [-95.21647, 29.71031], [-95.21611, 29.7098], [-95.21602, 29.70915], [-95.21552, 29.70838], [-95.21657, 29.70576], [-95.21663, 29.70372], [-95.21679, 29.69801]]]}, "properties": {"geoid": "482013222001", "jobs_transit_45": null}}, {"type": "Feature", "geometry": {"type": "Polygon", "coordinates": [[[-95.14183, 29.54042], [-95.13477, 29.53282], [-95.1308, 29.52862], [-95.11805, 29.53778], [-95.1286, 29.54896], [-95.13758, 29.5425], [-95.14183, 29.54042]]]}, "properties": {"geoid": "482013411002", "jobs_transit_45": null}}, {"type": "Feature", "geometry": {"type": "Polygon", "coordinates": [[[-95.24927, 29.65621], [-95.24917, 29.65222], [-95.24458, 29.65245], [-95.22578, 29.65266], [-95.23564, 29.6631], [-95.24017, 29.65978], [-95.24708, 29.6549], [-95.24855, 29.65643], [-95.24894, 29.65623], [-95.24927, 29.65621]]]}, "properties": {"geoid": "482013208003", "jobs_transit_45": null}}, {"type": "Feature", "geometry": {"type": "Polygon", "coordinates": [[[-95.23419, 29.66415], [-95.23564, 29.6631], [-95.22578, 29.65266], [-95.22304, 29.65271], [-95.22313, 29.65337], [-95.22329, 29.66063], [-95.23012, 29.66054], [-95.23419, 29.66415]]]}, "properties": {"geoid": "482013214022", "jobs_transit_45": null}}, {"type": "Feature", "geometry": {"type": "Polygon", "coordinates": [[[-95.23339, 29.66976], [-95.23079, 29.66638], [-95.22774, 29.66642], [-95.22763, 29.66054], [-95.21257, 29.66081], [-95.21479, 29.66372], [-95.21953, 29.66996], [-95.23241, 29.66976], [-95.23339, 29.66976]]]}, "properties": {"geoid": "482013214011", "jobs_transit_45": null}}, {"type": "Feature", "geometry": {"type": "Polygon", "coordinates": [[[-95.44754, 29.71238], [-95.4474, 29.70592], [-95.44099, 29.70598], [-95.44113, 29.71295], [-95.44689, 29.71312], [-95.44687, 29.7124], [-95.44754, 29.71238]]]}, "properties": {"geoid": "482014126001", "jobs_transit_45": 298346}}, {"type": "Feature", "geometry": {"type": "Polygon", "coordinates": [[[-95.17245, 29.67587], [-95.17224, 29.66532], [-95.15566, 29.66566], [-95.15595, 29.67068], [-95.15602, 29.6761], [-95.17245, 29.67587]]]}, "properties": {"geoid": "482013239002", "jobs_transit_45": null}}, {"type": "Feature", "geometry": {"type": "Polygon", "coordinates": [[[-95.46459, 29.60067], [-95.46505, 29.5996], [-95.45639, 29.59547], [-95.45637, 29.59856], [-95.45035, 29.59859], [-95.45021, 29.60245], [-95.45099, 29.60602], [-95.45637, 29.60593], [-95.456, 29.59917], [-95.46161, 29.60001], [-95.46344, 29.60166], [-95.46446, 29.60165], [-95.46459, 29.60067]]]}, "properties": {"geoid": "482013307002", "jobs_transit_45": 321776}}, {"type": "Feature", "geometry": {"type": "Polygon", "coordinates": [[[-95.37687, 29.64383], [-95.37683, 29.64123], [-95.37631, 29.64075], [-95.3768, 29.63981], [-95.3766, 29.63829], [-95.3756, 29.6383], [-95.37596, 29.63957], [-95.37556, 29.64037], [-95.37262, 29.6419], [-95.37046, 29.64332], [-95.37001, 29.64373], [-95.36891, 29.64427], [-95.36837, 29.64432], [-95.36861, 29.6542], [-95.36871, 29.65649], [-95.3687, 29.65825], [-95.37199, 29.65823], [-95.37188, 29.65302], [-95.37367, 29.65001], [-95.37284, 29.64987], [-95.3727, 29.64389], [-95.37687, 29.64383]]]}, "properties": {"geoid": "482013313002", "jobs_transit_45": 174694}}, {"type": "Feature", "geometry": {"type": "Polygon", "coordinates": [[[-95.35607, 29.65051], [-95.35292, 29.65049], [-95.33639, 29.65185], [-95.33652, 29.65863], [-95.35486, 29.65837], [-95.35553, 29.65844], [-95.35555, 29.65227], [-95.35607, 29.65051]]]}, "properties": {"geoid": "482013318001", "jobs_transit_45": 71471}}, {"type": "Feature", "geometry": {"type": "Polygon", "coordinates": [[[-95.32595, 29.69186], [-95.32168, 29.67775], [-95.30558, 29.68142], [-95.30571, 29.68518], [-95.30703, 29.6854], [-95.31391, 29.69066], [-95.31511, 29.69125], [-95.32251, 29.69351], [-95.32595, 29.69186]]]}, "properties": {"geoid": "482013327002", "jobs_transit_45": 116198}}, {"type": "Feature", "geometry": {"type": "Polygon", "coordinates": [[[-95.61981, 29.9149], [-95.6028, 29.90295], [-95.60349, 29.90815], [-95.60366, 29.91894], [-95.60494, 29.92181], [-95.61981, 29.9149]]]}, "properties": {"geoid": "482015520021", "jobs_transit_45": null}}, {"type": "Feature", "geometry": {"type": "Polygon", "coordinates": [[[-95.62094, 29.9365], [-95.62026, 29.9334], [-95.62022, 29.9293], [-95.61897, 29.92926], [-95.61015, 29.92547], [-95.60633, 29.92549], [-95.60642, 29.93237], [-95.60753, 29.93525], [-95.60775, 29.93669], [-95.62094, 29.9365]]]}, "properties": {"geoid": "482015521021", "jobs_transit_45": null}}, {"type": "Feature", "geometry": {"type": "Polygon", "coordinates": [[[-95.57868, 30.0147], [-95.57867, 30.01397], [-95.57414, 30.00617], [-95.57294, 30.00789], [-95.56587, 30.00797], [-95.56589, 30.01044], [-95.56433, 30.01126], [-95.56349, 30.00979], [-95.56336, 30.00971], [-95.56317, 30.00975], [-95.57063, 30.02278], [-95.57678, 30.01615], [-95.57793, 30.01542], [-95.57874, 30.0151], [-95.57868, 30.0147]]]}, "properties": {"geoid": "482015542003", "jobs_transit_45": null}}, {"type": "Feature", "geometry": {"type": "Polygon", "coordinates": [[[-95.58506, 29.96126], [-95.58507, 29.96054], [-95.58485, 29.95117], [-95.5804, 29.95132], [-95.57651, 29.95133], [-95.57772, 29.95257], [-95.57507, 29.95622], [-95.57592, 29.96141], [-95.58506, 29.96126]]]}, "properties": {"geoid": "482015525003", "jobs_transit_45": null}}, {"type": "Feature", "geometry": {"type": "Polygon", "coordinates": [[[-95.5931, 30.00503], [-95.59335, 29.99667], [-95.57919, 29.99666], [-95.58081, 29.99925], [-95.58537, 30.00514], [-95.59003, 30.0131], [-95.59326, 30.01304], [-95.5931, 30.00503]]]}, "properties": {"geoid": "482015547001", "jobs_transit_45": 20927}}, {"type": "Feature", "geometry": {"type": "Polygon", "coordinates": [[[-95.59985, 29.98158], [-95.59547, 29.97973], [-95.59462, 29.97952], [-95.59138, 29.97898], [-95.58839, 29.97755], [-95.58816, 29.97795], [-95.58629, 29.98047], [-95.58692, 29.98121], [-95.58699, 29.98204], [-95.58648, 29.98274], [-95.58601, 29.98318], [-95.58522, 29.98592], [-95.58516, 29.98619], [-95.58711, 29.98675], [-95.58788, 29.98804], [-95.58834, 29.98898], [-95.58924, 29.98944], [-95.59052, 29.98924], [-95.59142, 29.98917], [-95.59229, 29.98941], [-95.59312, 29.98984], [-95.59316, 29.98924], [-95.59383, 29.98802], [-95.59232, 29.98736], [-95.59367, 29.98437], [-95.59858, 29.98595], [-95.59859, 29.98459], [-95.59873, 29.98376], [-95.5991, 29.98286], [-95.59985, 29.98158]]]}, "properties": {"geoid": "482015543011", "jobs_transit_45": null}}, {"type": "Feature", "geometry": {"type": "Polygon", "coordinates": [[[-95.38574, 29.75263], [-95.38574, 29.752], [-95.37952, 29.75206], [-95.37865, 29.75212], [-95.3787, 29.75789], [-95.38308, 29.75768], [-95.38307, 29.75391], [-95.38572, 29.75346], [-95.38574, 29.75263]]]}, "properties": {"geoid": "482014101002", "jobs_transit_45": 451458}}, {"type": "Feature", "geometry": {"type": "Polygon", "coordinates": [[[-95.40229, 29.75316], [-95.40221, 29.75243], [-95.40215, 29.74823], [-95.39789, 29.74982], [-95.39438, 29.74416], [-95.3933, 29.74466], [-95.39312, 29.74466], [-95.39377, 29.74584], [-95.39794, 29.75242], [-95.39805, 29.75266], [-95.39802, 29.75323], [-95.40229, 29.75316]]]}, "properties": {"geoid": "482014104021", "jobs_transit_45": 441393}}, {"type": "Feature", "geometry": {"type": "Polygon", "coordinates": [[[-95.39932, 29.7387], [-95.39949, 29.73443], [-95.39114, 29.73448], [-95.39118, 29.73878], [-95.39932, 29.7387]]]}, "properties": {"geoid": "482014107022", "jobs_transit_45": 443728}}, {"type": "Feature", "geometry": {"type": "Polygon", "coordinates": [[[-95.41062, 29.73098], [-95.41054, 29.72559], [-95.39945, 29.72573], [-95.39949, 29.7314], [-95.40736, 29.73106], [-95.41062, 29.73098]]]}, "properties": {"geoid": "482014119002", "jobs_transit_45": 423745}}, {"type": "Feature", "geometry": {"type": "Polygon", "coordinates": [[[-95.44797, 29.7325], [-95.44793, 29.73005], [-95.44162, 29.72901], [-95.44045, 29.72902], [-95.43722, 29.72936], [-95.43636, 29.72939], [-95.43663, 29.73827], [-95.43863, 29.73826], [-95.43845, 29.73269], [-95.44797, 29.7325]]]}, "properties": {"geoid": "482014115011", "jobs_transit_45": 381107}}, {"type": "Feature", "geometry": {"type": "Polygon", "coordinates": [[[-95.47558, 29.66], [-95.47671, 29.6593], [-95.47035, 29.65739], [-95.46994, 29.65744], [-95.46892, 29.65803], [-95.46402, 29.66048], [-95.46401, 29.66431], [-95.46187, 29.67076], [-95.464, 29.67011], [-95.47558, 29.66]]]}, "properties": {"geoid": "482014206002", "jobs_transit_45": 447795}}, {"type": "Feature", "geometry": {"type": "Polygon", "coordinates": [[[-95.47675, 29.6688], [-95.47671, 29.6593], [-95.47558, 29.66], [-95.464, 29.67011], [-95.4679, 29.67503], [-95.46838, 29.67442], [-95.4701, 29.67322], [-95.47129, 29.67291], [-95.47683, 29.67331], [-95.47675, 29.6688]]]}, "properties": {"geoid": "482014207003", "jobs_transit_45": 155887}}, {"type": "Feature", "geometry": {"type": "Polygon", "coordinates": [[[-95.52193, 29.6462], [-95.52145, 29.64491], [-95.5211, 29.64188], [-95.51868, 29.64188], [-95.51168, 29.64421], [-95.5083, 29.64424], [-95.50835, 29.64863], [-95.51355, 29.64856], [-95.51536, 29.6464], [-95.52193, 29.6462]]]}, "properties": {"geoid": "482014234011", "jobs_transit_45": 107086}}, {"type": "Feature", "geometry": {"type": "Polygon", "coordinates": [[[-95.50593, 29.67633], [-95.50257, 29.67689], [-95.5025, 29.67341], [-95.49264, 29.67271], [-95.4932, 29.67375], [-95.49365, 29.67518], [-95.4932, 29.67818], [-95.49485, 29.67851], [-95.50286, 29.67738], [-95.50593, 29.67633]]]}, "properties": {"geoid": "482014225004", "jobs_transit_45": 90437}}, {"type": "Feature", "geometry": {"type": "Polygon", "coordinates": [[[-95.54614, 29.76018], [-95.54487, 29.75866], [-95.53707, 29.75899], [-95.52968, 29.7591], [-95.52963, 29.75403], [-95.52615, 29.75381], [-95.52593, 29.75113], [-95.52275, 29.75109], [-95.5228, 29.75477], [-95.52249, 29.75977], [-95.52522, 29.75982], [-95.52777, 29.75937], [-95.52972, 29.76067], [-95.52977, 29.76507], [-95.53173, 29.76682], [-95.52981, 29.76688], [-95.53153, 29.77064], [-95.52985, 29.77074], [-95.52989, 29.77325], [-95.53758, 29.77316], [-95.53836, 29.77584], [-95.54024, 29.77582], [-95.54011, 29.76527], [-95.54069, 29.76522], [-95.54575, 29.76524], [-95.5461, 29.76505], [-95.54595, 29.76262], [-95.54614, 29.76018]]]}, "properties": {"geoid": "482014306002", "jobs_transit_45": 97441}}, {"type": "Feature", "geometry": {"type": "Polygon", "coordinates": [[[-95.56319, 29.78481], [-95.56297, 29.77604], [-95.56171, 29.77604], [-95.55956, 29.77567], [-95.55557, 29.77564], [-95.55026, 29.77649], [-95.55006, 29.76629], [-95.54832, 29.7663], [-95.54708, 29.76598], [-95.5461, 29.76505], [-95.54575, 29.76524], [-95.54437, 29.76523], [-95.5445, 29.77984], [-95.54398, 29.78474], [-95.55102, 29.78464], [-95.56319, 29.78481]]]}, "properties": {"geoid": "482014308001", "jobs_transit_45": 402994}}, {"type": "Feature", "geometry": {"type": "Polygon", "coordinates": [[[-95.5025, 29.67341], [-95.5024, 29.66765], [-95.49626, 29.66771], [-95.49624, 29.66631], [-95.49223, 29.66636], [-95.49264, 29.67271], [-95.5025, 29.67341]]]}, "properties": {"geoid": "482014225002", "jobs_transit_45": 93039}}, {"type": "Feature", "geometry": {"type": "Polygon", "coordinates": [[[-95.45946, 29.81963], [-95.45926, 29.81409], [-95.4501, 29.81412], [-95.45011, 29.81728], [-95.45106, 29.81738], [-95.456, 29.81912], [-95.45946, 29.81963]]]}, "properties": {"geoid": "482015301002", "jobs_transit_45": 112334}}, {"type": "Feature", "geometry": {"type": "Polygon", "coordinates": [[[-95.42965, 29.87096], [-95.42956, 29.86602], [-95.42946, 29.86467], [-95.42818, 29.86359], [-95.41919, 29.86684], [-95.42067, 29.87006], [-95.4207, 29.871], [-95.42965, 29.87096]]]}, "properties": {"geoid": "482015333003", "jobs_transit_45": 146338}}, {"type": "Feature", "geometry": {"type": "Polygon", "coordinates": [[[-95.42247, 29.80872], [-95.42239, 29.80568], [-95.4123, 29.8058], [-95.41236, 29.80884], [-95.42247, 29.80872]]]}, "properties": {"geoid": "482015112001", "jobs_transit_45": 305731}}, {"type": "Feature", "geometry": {"type": "Polygon", "coordinates": [[[-95.47644, 29.73151], [-95.4764, 29.72605], [-95.4733, 29.72607], [-95.46975, 29.72625], [-95.46826, 29.7264], [-95.46825, 29.72688], [-95.46801, 29.72754], [-95.46819, 29.7277], [-95.46826, 29.73153], [-95.47644, 29.73151]]]}, "properties": {"geoid": "482014327021", "jobs_transit_45": 460143}}, {"type": "Feature", "geometry": {"type": "Polygon", "coordinates": [[[-95.41859, 29.7255], [-95.41841, 29.71506], [-95.41268, 29.71511], [-95.4128, 29.72556], [-95.41859, 29.7255]]]}, "properties": {"geoid": "482014120002", "jobs_transit_45": 481527}}, {"type": "Feature", "geometry": {"type": "Polygon", "coordinates": [[[-95.13243, 29.56777], [-95.12671, 29.56171], [-95.12267, 29.5645], [-95.12428, 29.56816], [-95.12773, 29.57113], [-95.13243, 29.56777]]]}, "properties": {"geoid": "482013405005", "jobs_transit_45": null}}, {"type": "Feature", "geometry": {"type": "Polygon", "coordinates": [[[-95.0451, 29.57438], [-95.04488, 29.57372], [-95.04117, 29.57329], [-95.04011, 29.57154], [-95.04175, 29.56905], [-95.03971, 29.56804], [-95.03465, 29.57569], [-95.03497, 29.57784], [-95.04101, 29.57712], [-95.04162, 29.57502], [-95.0451, 29.57438]]]}, "properties": {"geoid": "482013415012", "jobs_transit_45": null}}, {"type": "Feature", "geometry": {"type": "Polygon", "coordinates": [[[-95.21127, 29.69077], [-95.20907, 29.68718], [-95.209, 29.68359], [-95.20023, 29.6837], [-95.19981, 29.68716], [-95.19328, 29.68949], [-95.19325, 29.69089], [-95.20414, 29.69088], [-95.21127, 29.69077]]]}, "properties": {"geoid": "482013233001", "jobs_transit_45": null}}, {"type": "Feature", "geometry": {"type": "Polygon", "coordinates": [[[-95.24292, 29.691], [-95.24154, 29.69102], [-95.24162, 29.68735], [-95.23243, 29.68743], [-95.23857, 29.69631], [-95.24292, 29.691]]]}, "properties": {"geoid": "482013218001", "jobs_transit_45": 44733}}, {"type": "Feature", "geometry": {"type": "Polygon", "coordinates": [[[-95.37542, 29.68969], [-95.36462, 29.68632], [-95.36312, 29.68997], [-95.36922, 29.69189], [-95.36838, 29.69402], [-95.37373, 29.69399], [-95.37542, 29.68969]]]}, "properties": {"geoid": "482013138001", "jobs_transit_45": 328477}}, {"type": "Feature", "geometry": {"type": "Polygon", "coordinates": [[[-95.30781, 29.74673], [-95.31009, 29.74335], [-95.3104, 29.74289], [-95.29895, 29.73926], [-95.29907, 29.74307], [-95.30787, 29.74584], [-95.30734, 29.7466], [-95.30781, 29.74673]]]}, "properties": {"geoid": "482013110005", "jobs_transit_45": 168571}}, {"type": "Feature", "geometry": {"type": "Polygon", "coordinates": [[[-95.29638, 29.73843], [-95.29774, 29.73504], [-95.298, 29.73437], [-95.29216, 29.73256], [-95.29051, 29.73656], [-95.29638, 29.73843]]]}, "properties": {"geoid": "482013109001", "jobs_transit_45": 427903}}, {"type": "Feature", "geometry": {"type": "Polygon", "coordinates": [[[-94.98291, 29.725], [-94.9832, 29.72102], [-94.97949, 29.72019], [-94.97931, 29.7213], [-94.97933, 29.72309], [-94.97863, 29.72592], [-94.98091, 29.72561], [-94.98154, 29.72908], [-94.983, 29.72908], [-94.98291, 29.725]]]}, "properties": {"geoid": "482012544004", "jobs_transit_45": null}}, {"type": "Feature", "geometry": {"type": "Polygon", "coordinates": [[[-95.50858, 29.67087], [-95.50854, 29.66656], [-95.50482, 29.66659], [-95.50237, 29.66672], [-95.49873, 29.66678], [-95.49838, 29.66671], [-95.49819, 29.66631], [-95.49624, 29.66631], [-95.49626, 29.66771], [-95.5024, 29.66765], [-95.50247, 29.67094], [-95.50858, 29.67087]]]}, "properties": {"geoid": "482014225003", "jobs_transit_45": 141190}}, {"type": "Feature", "geometry": {"type": "Polygon", "coordinates": [[[-95.48548, 29.74602], [-95.4898, 29.746], [-95.48975, 29.74215], [-95.48863, 29.74217], [-95.48856, 29.73769], [-95.48429, 29.73772], [-95.48548, 29.74602]]]}, "properties": {"geoid": "482014313021", "jobs_transit_45": 346625}}, {"type": "Feature", "geometry": {"type": "Polygon", "coordinates": [[[-95.52, 29.71709], [-95.52557, 29.71702], [-95.52553, 29.71463], [-95.52418, 29.71465], [-95.52408, 29.70663], [-95.52382, 29.70641], [-95.5213, 29.70642], [-95.52135, 29.70842], [-95.52126, 29.71188], [-95.52109, 29.71254], [-95.5203, 29.71416], [-95.52014, 29.71467], [-95.51999, 29.71543], [-95.52, 29.71709]]]}, "properties": {"geoid": "482014329012", "jobs_transit_45": 264346}}, {"type": "Feature", "geometry": {"type": "Polygon", "coordinates": [[[-95.55846, 29.68467], [-95.55661, 29.68467], [-95.54954, 29.68748], [-95.54912, 29.68782], [-95.54963, 29.68824], [-95.55219, 29.68993], [-95.55384, 29.68941], [-95.55609, 29.68923], [-95.55748, 29.68943], [-95.55846, 29.68467]]]}, "properties": {"geoid": "482014335011", "jobs_transit_45": 174476}}, {"type": "Feature", "geometry": {"type": "Polygon", "coordinates": [[[-95.40565, 29.7961], [-95.40556, 29.79058], [-95.39898, 29.79069], [-95.39912, 29.79804], [-95.40242, 29.798], [-95.40238, 29.79616], [-95.40565, 29.7961]]]}, "properties": {"geoid": "482015113012", "jobs_transit_45": 496659}}, {"type": "Feature", "geometry": {"type": "Polygon", "coordinates": [[[-95.62874, 29.73587], [-95.62854, 29.73299], [-95.62977, 29.73194], [-95.62932, 29.72948], [-95.62753, 29.72958], [-95.62607, 29.72947], [-95.62513, 29.72924], [-95.6231, 29.72841], [-95.61962, 29.72807], [-95.6197, 29.73592], [-95.62874, 29.73587]]]}, "properties": {"geoid": "482014517002", "jobs_transit_45": 547940}}, {"type": "Feature", "geometry": {"type": "Polygon", "coordinates": [[[-95.62403, 29.71264], [-95.62397, 29.70371], [-95.61464, 29.70351], [-95.61479, 29.71061], [-95.61471, 29.71342], [-95.62403, 29.71264]]]}, "properties": {"geoid": "482014526002", "jobs_transit_45": 141855}}, {"type": "Feature", "geometry": {"type": "Polygon", "coordinates": [[[-95.42917, 29.77766], [-95.42731, 29.776], [-95.42311, 29.77127], [-95.42272, 29.7711], [-95.42021, 29.77091], [-95.42016, 29.77564], [-95.42494, 29.77747], [-95.4279, 29.77752], [-95.42917, 29.77766]]]}, "properties": {"geoid": "482015106001", "jobs_transit_45": 408785}}, {"type": "Feature", "geometry": {"type": "Polygon", "coordinates": [[[-95.50086, 29.81091], [-95.5009, 29.80302], [-95.49557, 29.80305], [-95.49589, 29.80395], [-95.49592, 29.80791], [-95.49624, 29.80848], [-95.49628, 29.81101], [-95.50086, 29.81091]]]}, "properties": {"geoid": "482015206022", "jobs_transit_45": 175120}}, {"type": "Feature", "geometry": {"type": "Polygon", "coordinates": [[[-95.00253, 29.84297], [-95.00273, 29.84054], [-95.00167, 29.83843], [-94.99763, 29.82009], [-94.99144, 29.82019], [-94.98941, 29.81719], [-94.98413, 29.81792], [-94.98253, 29.8088], [-94.98174, 29.80476], [-94.97858, 29.80528], [-94.96936, 29.80729], [-94.9661, 29.80793], [-94.94289, 29.81142], [-94.93744, 29.81315], [-94.92024, 29.82084], [-94.91635, 29.82139], [-94.90982, 29.82123], [-94.90916, 29.82692], [-94.91288, 29.82946], [-94.92674, 29.8337], [-94.93405, 29.83417], [-94.93589, 29.83516], [-94.94518, 29.84472], [-94.94709, 29.84952], [-94.97933, 29.84424], [-94.98408, 29.84364], [-94.98552, 29.84329], [-95.00253, 29.84297]]]}, "properties": {"geoid": "482012531001", "jobs_transit_45": null}}, {"type": "Feature", "geometry": {"type": "Polygon", "coordinates": [[[-95.33584, 29.78283], [-95.33578, 29.77919], [-95.33229, 29.78077], [-95.32808, 29.7824], [-95.32715, 29.78288], [-95.32732, 29.78633], [-95.33057, 29.78493], [-95.33104, 29.78492], [-95.331, 29.78289], [-95.33584, 29.78283]]]}, "properties": {"geoid": "482012111005", "jobs_transit_45": 268970}}, {"type": "Feature", "geometry": {"type": "Polygon", "coordinates": [[[-95.55808, 29.75678], [-95.55772, 29.73686], [-95.55321, 29.73692], [-95.55343, 29.75323], [-95.55542, 29.75324], [-95.55675, 29.75312], [-95.55682, 29.75712], [-95.55739, 29.75709], [-95.55746, 29.7589], [-95.55777, 29.75634], [-95.55808, 29.75678]]]}, "properties": {"geoid": "482014310001", "jobs_transit_45": 92305}}, {"type": "Feature", "geometry": {"type": "Polygon", "coordinates": [[[-95.44632, 29.63657], [-95.44616, 29.62757], [-95.44395, 29.6276], [-95.44388, 29.6285], [-95.44239, 29.62851], [-95.44249, 29.63287], [-95.44083, 29.6344], [-95.44123, 29.63664], [-95.44632, 29.63657]]]}, "properties": {"geoid": "482013341003", "jobs_transit_45": 132680}}, {"type": "Feature", "geometry": {"type": "Polygon", "coordinates": [[[-94.95389, 29.73986], [-94.94806, 29.73859], [-94.94538, 29.73953], [-94.93967, 29.74047], [-94.93814, 29.74049], [-94.93386, 29.74119], [-94.93472, 29.7443], [-94.93489, 29.7455], [-94.93966, 29.74453], [-94.94472, 29.74376], [-94.94903, 29.7424], [-94.95101, 29.74367], [-94.95269, 29.74163], [-94.95389, 29.73986]]]}, "properties": {"geoid": "482012539003", "jobs_transit_45": null}}, {"type": "Feature", "geometry": {"type": "Polygon", "coordinates": [[[-95.14829, 29.93182], [-95.14711, 29.93013], [-95.14136, 29.92349], [-95.13369, 29.91994], [-95.12539, 29.92409], [-95.12075, 29.91982], [-95.11639, 29.91716], [-95.11035, 29.91879], [-95.10275, 29.92068], [-95.09975, 29.92415], [-95.09619, 29.92611], [-95.08593, 29.9234], [-95.08599, 29.92411], [-95.08681, 29.92555], [-95.08628, 29.92571], [-95.08747, 29.92685], [-95.08769, 29.92869], [-95.0822, 29.93652], [-95.08333, 29.93976], [-95.08144, 29.9427], [-95.08347, 29.94772], [-95.08277, 29.94925], [-95.08787, 29.9492], [-95.10441, 29.949], [-95.10761, 29.9485], [-95.1427, 29.94804], [-95.14301, 29.94924], [-95.14701, 29.94882], [-95.14713, 29.94645], [-95.14402, 29.94447], [-95.13957, 29.94495], [-95.1413, 29.94291], [-95.13957, 29.94027], [-95.14506, 29.93486], [-95.14829, 29.93182]]]}, "properties": {"geoid": "482012519013", "jobs_transit_45": null}}, {"type": "Feature", "geometry": {"type": "Polygon", "coordinates": [[[-95.12361, 30.14536], [-95.11701, 30.1456], [-95.11157, 30.14345], [-95.11043, 30.14059], [-95.11085, 30.10149], [-95.11116, 30.06986], [-95.11075, 30.06771], [-95.10639, 30.05836], [-95.10296, 30.05504], [-95.09979, 30.05596], [-95.10008, 30.05663], [-95.10171, 30.05857], [-95.10183, 30.05992], [-95.10218, 30.06017], [-95.1021, 30.06081], [-95.10013, 30.06546], [-95.09276, 30.07217], [-95.09149, 30.079], [-95.09172, 30.08224], [-95.09173, 30.08276], [-95.09196, 30.08304], [-95.0913, 30.0837], [-95.09111, 30.08424], [-95.09068, 30.08382], [-95.08916, 30.08643], [-95.08703, 30.08608], [-95.08387, 30.08924], [-95.08327, 30.0914], [-95.07878, 30.09498], [-95.0799, 30.09695], [-95.07653, 30.10195], [-95.07261, 30.10306], [-95.07329, 30.10371], [-95.0846, 30.1355], [-95.09307, 30.1581], [-95.09671, 30.16722], [-95.12361, 30.14536]]]}, "properties": {"geoid": "482012516001", "jobs_transit_45": null}}, {"type": "Feature", "geometry": {"type": "Polygon", "coordinates": [[[-95.42932, 29.89803], [-95.42388, 29.89109], [-95.42106, 29.89348], [-95.42269, 29.89809], [-95.42932, 29.89803]]]}, "properties": {"geoid": "482015335003", "jobs_transit_45": 157561}}, {"type": "Feature", "geometry": {"type": "Polygon", "coordinates": [[[-95.53086, 29.80648], [-95.53065, 29.79596], [-95.52663, 29.79706], [-95.52393, 29.79801], [-95.52418, 29.79902], [-95.52442, 29.80659], [-95.53086, 29.80648]]]}, "properties": {"geoid": "482015222011", "jobs_transit_45": 161561}}, {"type": "Feature", "geometry": {"type": "Polygon", "coordinates": [[[-95.41589, 29.81927], [-95.4159, 29.81738], [-95.41173, 29.81742], [-95.4117, 29.81518], [-95.41486, 29.81519], [-95.41484, 29.81312], [-95.41188, 29.81274], [-95.39941, 29.81291], [-95.39949, 29.81884], [-95.39955, 29.81883], [-95.39957, 29.81919], [-95.40994, 29.81906], [-95.41589, 29.81927]]]}, "properties": {"geoid": "482015302001", "jobs_transit_45": 459586}}, {"type": "Feature", "geometry": {"type": "Polygon", "coordinates": [[[-95.41642, 29.84107], [-95.41622, 29.83133], [-95.4107, 29.8314], [-95.41091, 29.84115], [-95.41642, 29.84107]]]}, "properties": {"geoid": "482015309001", "jobs_transit_45": 259899}}, {"type": "Feature", "geometry": {"type": "Polygon", "coordinates": [[[-95.46112, 29.84749], [-95.46106, 29.84707], [-95.4603, 29.84594], [-95.45866, 29.84234], [-95.44187, 29.84242], [-95.44251, 29.8455], [-95.44275, 29.84814], [-95.46104, 29.84794], [-95.46112, 29.84749]]]}, "properties": {"geoid": "482015319001", "jobs_transit_45": 68580}}, {"type": "Feature", "geometry": {"type": "Polygon", "coordinates": [[[-95.49442, 29.88933], [-95.49444, 29.88847], [-95.49231, 29.88471], [-95.48529, 29.88477], [-95.48566, 29.88572], [-95.48571, 29.88968], [-95.49442, 29.88933]]]}, "properties": {"geoid": "482015326002", "jobs_transit_45": null}}, {"type": "Feature", "geometry": {"type": "Polygon", "coordinates": [[[-95.57586, 29.8318], [-95.57606, 29.81308], [-95.57356, 29.81286], [-95.56925, 29.81296], [-95.56622, 29.81268], [-95.56359, 29.81271], [-95.5637, 29.83194], [-95.57586, 29.8318]]]}, "properties": {"geoid": "482015402001", "jobs_transit_45": 75820}}, {"type": "Feature", "geometry": {"type": "Polygon", "coordinates": [[[-95.76962, 29.87517], [-95.76912, 29.87434], [-95.76405, 29.87264], [-95.76082, 29.87016], [-95.75786, 29.86991], [-95.7528, 29.86744], [-95.7487, 29.86869], [-95.74558, 29.86834], [-95.74117, 29.86625], [-95.73914, 29.86706], [-95.7343, 29.86572], [-95.73367, 29.86575], [-95.73324, 29.86559], [-95.73077, 29.86282], [-95.72993, 29.85983], [-95.72729, 29.85688], [-95.71862, 29.8527], [-95.71867, 29.85697], [-95.72012, 29.86077], [-95.72039, 29.86202], [-95.72047, 29.87101], [-95.72286, 29.87533], [-95.72385, 29.87971], [-95.74082, 29.87963], [-95.74355, 29.87904], [-95.74746, 29.87606], [-95.75016, 29.87528], [-95.76962, 29.87517]]]}, "properties": {"geoid": "482015422002", "jobs_transit_45": null}}, {"type": "Feature", "geometry": {"type": "Polygon", "coordinates": [[[-95.46803, 30.01513], [-95.46916, 30.0145], [-95.46489, 30.0086], [-95.46369, 30.0071], [-95.45431, 30.01221], [-95.4552, 30.01343], [-95.45872, 30.01858], [-95.46309, 30.01518], [-95.46491, 30.01596], [-95.46803, 30.01513]]]}, "properties": {"geoid": "482015531003", "jobs_transit_45": 142867}}, {"type": "Feature", "geometry": {"type": "Polygon", "coordinates": [[[-95.50693, 30.08962], [-95.50694, 30.08389], [-95.50074, 30.08301], [-95.49486, 30.0837], [-95.48987, 30.08377], [-95.47948, 30.08313], [-95.47951, 30.08619], [-95.47944, 30.08722], [-95.47816, 30.08997], [-95.4779, 30.09393], [-95.47488, 30.09394], [-95.47492, 30.09848], [-95.46992, 30.1014], [-95.46881, 30.1021], [-95.468, 30.10375], [-95.46947, 30.10462], [-95.47476, 30.10323], [-95.48462, 30.10794], [-95.48831, 30.10793], [-95.49186, 30.11059], [-95.49631, 30.10906], [-95.49875, 30.10976], [-95.50349, 30.11549], [-95.50606, 30.1145], [-95.50675, 30.11444], [-95.50693, 30.08962]]]}, "properties": {"geoid": "482015552001", "jobs_transit_45": null}}, {"type": "Feature", "geometry": {"type": "Polygon", "coordinates": [[[-95.70212, 30.09905], [-95.702, 30.08724], [-95.70122, 30.0816], [-95.69885, 30.08052], [-95.69289, 30.08081], [-95.68895, 30.0798], [-95.68804, 30.07957], [-95.68716, 30.07948], [-95.6656, 30.0796], [-95.66324, 30.08034], [-95.6509, 30.08858], [-95.64762, 30.0893], [-95.63246, 30.08942], [-95.63393, 30.09448], [-95.63678, 30.09697], [-95.63876, 30.10414], [-95.64262, 30.11408], [-95.6457, 30.11919], [-95.65254, 30.11375], [-95.65544, 30.109], [-95.65848, 30.11016], [-95.65895, 30.11235], [-95.66163, 30.1114], [-95.66232, 30.10819], [-95.66731, 30.10559], [-95.66765, 30.10225], [-95.67284, 30.10162], [-95.68009, 30.10612], [-95.68559, 30.10694], [-95.68812, 30.10363], [-95.68676, 30.10156], [-95.69122, 30.09873], [-95.70212, 30.09905]]]}, "properties": {"geoid": "482015555012", "jobs_transit_45": null}}, {"type": "Feature", "geometry": {"type": "Polygon", "coordinates": [[[-95.35908, 29.76274], [-95.36524, 29.75493], [-95.36583, 29.75419], [-95.3585, 29.74977], [-95.35603, 29.75273], [-95.35051, 29.76001], [-95.34768, 29.76652], [-95.34834, 29.7664], [-95.34953, 29.76544], [-95.35305, 29.76577], [-95.35353, 29.76559], [-95.35348, 29.76222], [-95.35382, 29.76205], [-95.35776, 29.76345], [-95.3579, 29.76362], [-95.35908, 29.76274]]]}, "properties": {"geoid": "482011000001", "jobs_transit_45": 463019}}, {"type": "Feature", "geometry": {"type": "Polygon", "coordinates": [[[-95.36324, 29.63701], [-95.36318, 29.63381], [-95.36043, 29.63379], [-95.36044, 29.63306], [-95.35769, 29.63305], [-95.35755, 29.63205], [-95.35684, 29.63225], [-95.35576, 29.63227], [-95.35591, 29.63699], [-95.36324, 29.63701]]]}, "properties": {"geoid": "482013315003", "jobs_transit_45": 103729}}, {"type": "Feature", "geometry": {"type": "Polygon", "coordinates": [[[-95.37725, 29.80192], [-95.37718, 29.79808], [-95.37188, 29.79814], [-95.37197, 29.80032], [-95.37261, 29.80382], [-95.37329, 29.80388], [-95.37477, 29.80385], [-95.37474, 29.80194], [-95.37725, 29.80192]]]}, "properties": {"geoid": "482015116002", "jobs_transit_45": 443850}}, {"type": "Feature", "geometry": {"type": "Polygon", "coordinates": [[[-95.12328, 29.67921], [-95.12309, 29.67083], [-95.11948, 29.67088], [-95.11943, 29.66921], [-95.1131, 29.66932], [-95.11319, 29.67204], [-95.11302, 29.67254], [-95.11312, 29.67937], [-95.12328, 29.67921]]]}, "properties": {"geoid": "482013429002", "jobs_transit_45": null}}, {"type": "Feature", "geometry": {"type": "Polygon", "coordinates": [[[-95.24944, 29.66974], [-95.24952, 29.66963], [-95.24953, 29.66838], [-95.24927, 29.65621], [-95.24894, 29.65623], [-95.24855, 29.65643], [-95.24708, 29.6549], [-95.24017, 29.65978], [-95.24944, 29.66974]]]}, "properties": {"geoid": "482013208001", "jobs_transit_45": null}}, {"type": "Feature", "geometry": {"type": "Polygon", "coordinates": [[[-95.38603, 29.73029], [-95.38893, 29.72665], [-95.37942, 29.72089], [-95.37783, 29.72551], [-95.38603, 29.73029]]]}, "properties": {"geoid": "482013126004", "jobs_transit_45": 416151}}, {"type": "Feature", "geometry": {"type": "Polygon", "coordinates": [[[-95.31425, 29.73727], [-95.30561, 29.73456], [-95.30487, 29.7351], [-95.30285, 29.73448], [-95.3018, 29.73701], [-95.31111, 29.73993], [-95.3108, 29.74067], [-95.31169, 29.741], [-95.31289, 29.73916], [-95.31425, 29.73727]]]}, "properties": {"geoid": "482013109004", "jobs_transit_45": 234740}}, {"type": "Feature", "geometry": {"type": "Polygon", "coordinates": [[[-95.01481, 29.77114], [-95.01334, 29.76987], [-95.01214, 29.77057], [-95.00731, 29.77088], [-95.00879, 29.77651], [-95.01383, 29.77644], [-95.01382, 29.77194], [-95.01408, 29.77163], [-95.01481, 29.77114]]]}, "properties": {"geoid": "482012535004", "jobs_transit_45": null}}, {"type": "Feature", "geometry": {"type": "Polygon", "coordinates": [[[-95.49929, 30.01465], [-95.49934, 30.01406], [-95.49674, 30.01333], [-95.49637, 30.01364], [-95.4959, 30.01504], [-95.49544, 30.01576], [-95.4951, 30.01607], [-95.49221, 30.01522], [-95.49033, 30.01993], [-95.48845, 30.02034], [-95.48573, 30.02452], [-95.48464, 30.02092], [-95.48004, 30.01992], [-95.47638, 30.02438], [-95.47909, 30.02841], [-95.48146, 30.03067], [-95.48857, 30.04039], [-95.49584, 30.03637], [-95.49041, 30.02839], [-95.49337, 30.02665], [-95.49142, 30.02296], [-95.49432, 30.02091], [-95.49748, 30.01969], [-95.49952, 30.01865], [-95.49935, 30.01834], [-95.49912, 30.01815], [-95.49874, 30.0162], [-95.49888, 30.01502], [-95.49929, 30.01465]]]}, "properties": {"geoid": "482015536001", "jobs_transit_45": null}}, {"type": "Feature", "geometry": {"type": "Polygon", "coordinates": [[[-95.1021, 30.06081], [-95.10218, 30.06017], [-95.10183, 30.05992], [-95.10171, 30.05857], [-95.10008, 30.05663], [-95.09979, 30.05596], [-95.09572, 30.05732], [-95.08718, 30.05736], [-95.08684, 30.05471], [-95.08836, 30.04674], [-95.0892, 30.03928], [-95.08977, 30.03454], [-95.08956, 30.03354], [-95.08866, 30.0311], [-95.08834, 30.02803], [-95.08994, 30.02291], [-95.08384, 30.02524], [-95.05015, 30.03786], [-95.04845, 30.03859], [-95.06288, 30.07754], [-95.07261, 30.10306], [-95.07653, 30.10195], [-95.0799, 30.09695], [-95.07878, 30.09498], [-95.08327, 30.0914], [-95.08387, 30.08924], [-95.08703, 30.08608], [-95.08916, 30.08643], [-95.09068, 30.08382], [-95.09111, 30.08424], [-95.0913, 30.0837], [-95.09196, 30.08304], [-95.09173, 30.08276], [-95.09172, 30.08224], [-95.09149, 30.079], [-95.09276, 30.07217], [-95.10013, 30.06546], [-95.1021, 30.06081]]]}, "properties": {"geoid": "482012517001", "jobs_transit_45": null}}, {"type": "Feature", "geometry": {"type": "Polygon", "coordinates": [[[-95.29296, 29.87709], [-95.29742, 29.87769], [-95.2974, 29.87144], [-95.29285, 29.87153], [-95.29294, 29.87554], [-95.28702, 29.87562], [-95.28693, 29.87748], [-95.29113, 29.87929], [-95.293, 29.87931], [-95.29296, 29.87709]]]}, "properties": {"geoid": "482012319003", "jobs_transit_45": 3613}}, {"type": "Feature", "geometry": {"type": "Polygon", "coordinates": [[[-95.57145, 29.71707], [-95.57122, 29.70393], [-95.55739, 29.70451], [-95.55759, 29.71827], [-95.57145, 29.71707]]]}, "properties": {"geoid": "482014523001", "jobs_transit_45": 152510}}, {"type": "Feature", "geometry": {"type": "Polygon", "coordinates": [[[-95.30739, 29.78014], [-95.30741, 29.77436], [-95.30246, 29.77434], [-95.30111, 29.77445], [-95.3011, 29.77477], [-95.30324, 29.77469], [-95.30323, 29.78014], [-95.30739, 29.78014]]]}, "properties": {"geoid": "482012124003", "jobs_transit_45": 250489}}, {"type": "Feature", "geometry": {"type": "Polygon", "coordinates": [[[-95.44776, 29.65465], [-95.44956, 29.65331], [-95.44663, 29.65451], [-95.44207, 29.65678], [-95.44183, 29.65922], [-95.44164, 29.65986], [-95.44126, 29.66051], [-95.43971, 29.66248], [-95.43987, 29.67331], [-95.44669, 29.67323], [-95.4464, 29.66014], [-95.44689, 29.65588], [-95.44776, 29.65465]]]}, "properties": {"geoid": "482014202001", "jobs_transit_45": 154954}}, {"type": "Feature", "geometry": {"type": "Polygon", "coordinates": [[[-95.44914, 29.87073], [-95.4491, 29.86315], [-95.44723, 29.86346], [-95.44674, 29.86348], [-95.42818, 29.86359], [-95.43186, 29.8667], [-95.43436, 29.86866], [-95.43663, 29.87077], [-95.44914, 29.87073]]]}, "properties": {"geoid": "482015332001", "jobs_transit_45": 112498}}, {"type": "Feature", "geometry": {"type": "Polygon", "coordinates": [[[-95.44942, 30.02491], [-95.4436, 30.0169], [-95.44285, 30.01712], [-95.44212, 30.01725], [-95.43662, 30.01893], [-95.43985, 30.02446], [-95.44324, 30.02279], [-95.44549, 30.02387], [-95.44716, 30.02613], [-95.44942, 30.02491]]]}, "properties": {"geoid": "482015532004", "jobs_transit_45": 163890}}, {"type": "Feature", "geometry": {"type": "Polygon", "coordinates": [[[-95.3211, 29.70195], [-95.32127, 29.69973], [-95.32102, 29.69903], [-95.30898, 29.70634], [-95.31286, 29.70792], [-95.31679, 29.70864], [-95.31717, 29.70758], [-95.3211, 29.70195]]]}, "properties": {"geoid": "482013118001", "jobs_transit_45": 313128}}, {"type": "Feature", "geometry": {"type": "Polygon", "coordinates": [[[-95.36848, 29.76408], [-95.37166, 29.76256], [-95.37231, 29.76216], [-95.37308, 29.7614], [-95.37366, 29.7602], [-95.37373, 29.76005], [-95.37292, 29.75968], [-95.36871, 29.75704], [-95.36929, 29.7563], [-95.36583, 29.75419], [-95.35908, 29.76274], [-95.3579, 29.76362], [-95.35861, 29.76484], [-95.35817, 29.76664], [-95.36017, 29.7673], [-95.36129, 29.76766], [-95.36395, 29.76951], [-95.36509, 29.77], [-95.36848, 29.76408]]]}, "properties": {"geoid": "482011000003", "jobs_transit_45": 457956}}, {"type": "Feature", "geometry": {"type": "Polygon", "coordinates": [[[-95.49546, 29.74994], [-95.49547, 29.74011], [-95.49512, 29.7376], [-95.48856, 29.73769], [-95.48863, 29.74217], [-95.49001, 29.74215], [-95.49081, 29.74231], [-95.49166, 29.7426], [-95.49244, 29.74265], [-95.4925, 29.75011], [-95.49546, 29.74994]]]}, "properties": {"geoid": "482014313022", "jobs_transit_45": 283810}}, {"type": "Feature", "geometry": {"type": "Polygon", "coordinates": [[[-95.40448, 29.7906], [-95.40438, 29.78506], [-95.39759, 29.78516], [-95.3977, 29.79069], [-95.40448, 29.7906]]]}, "properties": {"geoid": "482015105001", "jobs_transit_45": 474343}}, {"type": "Feature", "geometry": {"type": "Polygon", "coordinates": [[[-95.25188, 29.55644], [-95.25396, 29.55395], [-95.24817, 29.55571], [-95.24738, 29.5531], [-95.24278, 29.55512], [-95.24161, 29.55972], [-95.23799, 29.56143], [-95.23368, 29.55715], [-95.22826, 29.56004], [-95.22361, 29.55914], [-95.22079, 29.55703], [-95.21789, 29.5594], [-95.21554, 29.55734], [-95.21556, 29.55479], [-95.21313, 29.55578], [-95.21274, 29.55799], [-95.20854, 29.55991], [-95.20556, 29.55784], [-95.20391, 29.55836], [-95.20106, 29.56322], [-95.19929, 29.55896], [-95.1978, 29.55822], [-95.19316, 29.55952], [-95.18844, 29.56335], [-95.18805, 29.56384], [-95.20807, 29.5805], [-95.21338, 29.58497], [-95.22125, 29.5777], [-95.2259, 29.57357], [-95.22761, 29.57109], [-95.23138, 29.57496], [-95.23281, 29.57472], [-95.25153, 29.55777], [-95.25188, 29.55644]]]}, "properties": {"geoid": "482013501001", "jobs_transit_45": null}}, {"type": "Feature", "geometry": {"type": "Polygon", "coordinates": [[[-95.20942, 29.70172], [-95.20938, 29.69806], [-95.20105, 29.69813], [-95.20107, 29.70182], [-95.20942, 29.70172]]]}, "properties": {"geoid": "482013241005", "jobs_transit_45": null}}, {"type": "Feature", "geometry": {"type": "Polygon", "coordinates": [[[-95.36395, 29.73105], [-95.36544, 29.72918], [-95.36123, 29.72662], [-95.36079, 29.72716], [-95.36064, 29.72701], [-95.35857, 29.72638], [-95.35708, 29.73009], [-95.3582, 29.73045], [-95.35861, 29.73064], [-95.36162, 29.73241], [-95.36395, 29.73105]]]}, "properties": {"geoid": "482013124002", "jobs_transit_45": 372213}}, {"type": "Feature", "geometry": {"type": "Polygon", "coordinates": [[[-95.87853, 30.12034], [-95.8807, 30.12318], [-95.88307, 30.1198], [-95.8863, 30.12079], [-95.891, 30.11911], [-95.89723, 30.12264], [-95.90219, 30.12301], [-95.90537, 30.12751], [-95.90701, 30.1268], [-95.91109, 30.12811], [-95.91274, 30.13115], [-95.91552, 30.13093], [-95.92199, 30.13668], [-95.92177, 30.13875], [-95.92456, 30.13966], [-95.92437, 30.1424], [-95.9266, 30.14156], [-95.92906, 30.14418], [-95.93229, 30.14327], [-95.94057, 30.14571], [-95.94451, 30.14817], [-95.94671, 30.15378], [-95.9544, 30.15855], [-95.95583, 30.16127], [-95.96072, 30.16345], [-95.95739, 30.15372], [-95.93657, 30.09582], [-95.92657, 30.06869], [-95.92523, 30.06872], [-95.92509, 30.06391], [-95.92151, 30.06403], [-95.92118, 30.0553], [-95.90859, 30.05096], [-95.87397, 30.03797], [-95.87458, 30.07658], [-95.87786, 30.07678], [-95.87846, 30.10835], [-95.87853, 30.12034]]]}, "properties": {"geoid": "482015560001", "jobs_transit_45": null}}, {"type": "Feature", "geometry": {"type": "Polygon", "coordinates": [[[-95.69869, 29.74234], [-95.70865, 29.73321], [-95.70955, 29.72863], [-95.70824, 29.72665], [-95.70822, 29.72186], [-95.68709, 29.71008], [-95.65822, 29.72849], [-95.65144, 29.73453], [-95.64406, 29.73565], [-95.64453, 29.74429], [-95.64451, 29.75588], [-95.64461, 29.76372], [-95.64307, 29.77055], [-95.64292, 29.77201], [-95.64315, 29.7732], [-95.64337, 29.77389], [-95.64441, 29.7763], [-95.6448, 29.78504], [-95.66636, 29.78514], [-95.67843, 29.78514], [-95.68548, 29.78502], [-95.68836, 29.78505], [-95.6884, 29.78271], [-95.68556, 29.78272], [-95.68543, 29.7596], [-95.68534, 29.75421], [-95.68826, 29.7539], [-95.69216, 29.75086], [-95.69217, 29.74924], [-95.69603, 29.74531], [-95.69665, 29.74405], [-95.69869, 29.74234]]]}, "properties": {"geoid": "482014544001", "jobs_transit_45": null}}, {"type": "Feature", "geometry": {"type": "Polygon", "coordinates": [[[-94.97769, 29.77614], [-94.97737, 29.76128], [-94.97055, 29.76138], [-94.97045, 29.76202], [-94.97065, 29.76462], [-94.97175, 29.76873], [-94.97201, 29.7765], [-94.97156, 29.77724], [-94.97155, 29.77751], [-94.97487, 29.77743], [-94.97761, 29.77796], [-94.97769, 29.77614]]]}, "properties": {"geoid": "482012537004", "jobs_transit_45": null}}, {"type": "Feature", "geometry": {"type": "Polygon", "coordinates": [[[-95.06237, 29.92524], [-95.06381, 29.92523], [-95.06397, 29.9251], [-95.06379, 29.91325], [-95.04153, 29.93034], [-95.03179, 29.93779], [-95.00612, 29.95736], [-94.98592, 29.97302], [-94.98785, 29.97452], [-94.99552, 29.97791], [-94.99527, 29.97945], [-94.99985, 29.99149], [-95.02191, 29.99691], [-95.02678, 29.99674], [-95.02574, 29.99174], [-95.0222, 29.99169], [-95.02182, 29.98978], [-95.03897, 29.9896], [-95.04972, 29.98898], [-95.0491, 29.98058], [-95.06183, 29.98032], [-95.06168, 29.96992], [-95.06363, 29.9699], [-95.0635, 29.95856], [-95.06286, 29.94072], [-95.06249, 29.94035], [-95.06237, 29.92524]]]}, "properties": {"geoid": "482012518001", "jobs_transit_45": null}}, {"type": "Feature", "geometry": {"type": "Polygon", "coordinates": [[[-95.3977, 29.79069], [-95.39752, 29.78147], [-95.39183, 29.78157], [-95.39202, 29.79078], [-95.3977, 29.79069]]]}, "properties": {"geoid": "482015104001", "jobs_transit_45": 530094}}, {"type": "Feature", "geometry": {"type": "Polygon", "coordinates": [[[-95.26243, 29.85698], [-95.2624, 29.85006], [-95.25648, 29.85012], [-95.25634, 29.85426], [-95.25139, 29.85456], [-95.25143, 29.85702], [-95.26243, 29.85698]]]}, "properties": {"geoid": "482012312003", "jobs_transit_45": 97619}}, {"type": "Feature", "geometry": {"type": "Polygon", "coordinates": [[[-95.57649, 29.75525], [-95.57637, 29.74794], [-95.57207, 29.74796], [-95.57258, 29.75175], [-95.57558, 29.75577], [-95.57649, 29.75525]]]}, "properties": {"geoid": "482014511004", "jobs_transit_45": 139634}}, {"type": "Feature", "geometry": {"type": "Polygon", "coordinates": [[[-95.37569, 29.83758], [-95.37592, 29.83318], [-95.3679, 29.83255], [-95.36815, 29.83317], [-95.3682, 29.83759], [-95.37569, 29.83758]]]}, "properties": {"geoid": "482012204001", "jobs_transit_45": 417916}}, {"type": "Feature", "geometry": {"type": "Polygon", "coordinates": [[[-95.59433, 29.78163], [-95.5942, 29.7755], [-95.5901, 29.77576], [-95.59026, 29.78227], [-95.59433, 29.78163]]]}, "properties": {"geoid": "482014503003", "jobs_transit_45": null}}, {"type": "Feature", "geometry": {"type": "Polygon", "coordinates": [[[-95.49313, 29.70906], [-95.49306, 29.70546], [-95.48464, 29.70554], [-95.48468, 29.70735], [-95.48883, 29.70732], [-95.48887, 29.70914], [-95.49313, 29.70906]]]}, "properties": {"geoid": "482014214031", "jobs_transit_45": 320956}}, {"type": "Feature", "geometry": {"type": "Polygon", "coordinates": [[[-95.41143, 29.84913], [-95.41098, 29.84687], [-95.41069, 29.83094], [-95.4028, 29.83101], [-95.40283, 29.83254], [-95.40287, 29.83341], [-95.40302, 29.84587], [-95.40974, 29.84778], [-95.41143, 29.84913]]]}, "properties": {"geoid": "482015306001", "jobs_transit_45": 338770}}, {"type": "Feature", "geometry": {"type": "Polygon", "coordinates": [[[-95.47944, 30.08722], [-95.47949, 30.08627], [-95.47948, 30.08313], [-95.47923, 30.0831], [-95.47156, 30.08266], [-95.439, 30.08303], [-95.43673, 30.08371], [-95.43542, 30.08946], [-95.43564, 30.09757], [-95.4358, 30.10758], [-95.43601, 30.10875], [-95.43665, 30.11037], [-95.44218, 30.10906], [-95.44722, 30.10976], [-95.45193, 30.10814], [-95.4534, 30.10486], [-95.4586, 30.1046], [-95.46065, 30.10563], [-95.46637, 30.10505], [-95.468, 30.10375], [-95.46881, 30.1021], [-95.46992, 30.1014], [-95.47492, 30.09848], [-95.47488, 30.09394], [-95.4779, 30.09393], [-95.47816, 30.08997], [-95.47944, 30.08722]]]}, "properties": {"geoid": "482015552002", "jobs_transit_45": null}}, {"type": "Feature", "geometry": {"type": "Polygon", "coordinates": [[[-95.45195, 29.99366], [-95.44597, 29.98861], [-95.43727, 29.98104], [-95.43223, 29.98688], [-95.43177, 29.98759], [-95.43139, 29.98844], [-95.43117, 29.98946], [-95.43123, 29.99086], [-95.43335, 29.99418], [-95.43649, 29.99609], [-95.43752, 29.99681], [-95.43816, 29.99748], [-95.4399, 29.99984], [-95.44562, 29.9972], [-95.44744, 29.9952], [-95.45061, 29.99465], [-95.45195, 29.99366]]]}, "properties": {"geoid": "482015503022", "jobs_transit_45": null}}, {"type": "Feature", "geometry": {"type": "Polygon", "coordinates": [[[-95.39933, 29.80836], [-95.39922, 29.80396], [-95.39107, 29.80408], [-95.39112, 29.80732], [-95.39122, 29.80731], [-95.39124, 29.80815], [-95.39597, 29.80807], [-95.39598, 29.80841], [-95.39933, 29.80836]]]}, "properties": {"geoid": "482015115004", "jobs_transit_45": 524813}}, {"type": "Feature", "geometry": {"type": "Polygon", "coordinates": [[[-95.39214, 29.75253], [-95.39183, 29.74468], [-95.39005, 29.74468], [-95.38967, 29.74462], [-95.38966, 29.74538], [-95.38885, 29.74539], [-95.38891, 29.75258], [-95.39214, 29.75253]]]}, "properties": {"geoid": "482014105003", "jobs_transit_45": 454958}}, {"type": "Feature", "geometry": {"type": "Polygon", "coordinates": [[[-95.2286, 29.60253], [-95.22854, 29.60079], [-95.21752, 29.60095], [-95.216, 29.60105], [-95.21805, 29.60701], [-95.22199, 29.61046], [-95.22505, 29.60842], [-95.22315, 29.60683], [-95.22567, 29.60491], [-95.22836, 29.60483], [-95.2286, 29.60253]]]}, "properties": {"geoid": "482013340031", "jobs_transit_45": 75527}}, {"type": "Feature", "geometry": {"type": "Polygon", "coordinates": [[[-94.93637, 29.78428], [-94.93608, 29.78415], [-94.9347, 29.78657], [-94.93197, 29.78744], [-94.9324, 29.78958], [-94.92802, 29.79027], [-94.92688, 29.78484], [-94.92309, 29.78304], [-94.92157, 29.77688], [-94.92471, 29.77631], [-94.92422, 29.7736], [-94.92856, 29.77285], [-94.92779, 29.7692], [-94.92909, 29.76734], [-94.92718, 29.76703], [-94.91932, 29.76827], [-94.91884, 29.76815], [-94.91864, 29.76817], [-94.91662, 29.77028], [-94.91964, 29.77129], [-94.91631, 29.77367], [-94.92008, 29.77536], [-94.92004, 29.78101], [-94.92138, 29.78208], [-94.91838, 29.78356], [-94.91702, 29.78677], [-94.91783, 29.78905], [-94.92113, 29.79193], [-94.91945, 29.79366], [-94.92384, 29.79473], [-94.92318, 29.7987], [-94.92478, 29.79933], [-94.92694, 29.80053], [-94.93637, 29.78428]]]}, "properties": {"geoid": "482012532005", "jobs_transit_45": null}}, {"type": "Feature", "geometry": {"type": "Polygon", "coordinates": [[[-95.04127, 29.56567], [-95.04236, 29.56291], [-95.04025, 29.56037], [-95.03761, 29.55976], [-95.03118, 29.56093], [-95.02581, 29.56391], [-95.02783, 29.57597], [-95.03465, 29.57569], [-95.04127, 29.56567]]]}, "properties": {"geoid": "482013415021", "jobs_transit_45": null}}, {"type": "Feature", "geometry": {"type": "Polygon", "coordinates": [[[-95.36103, 29.67122], [-95.36206, 29.66951], [-95.35572, 29.6691], [-95.3559, 29.67638], [-95.35831, 29.67713], [-95.36032, 29.67222], [-95.36103, 29.67122]]]}, "properties": {"geoid": "482013311001", "jobs_transit_45": 148805}}, {"type": "Feature", "geometry": {"type": "Polygon", "coordinates": [[[-95.30487, 29.7351], [-95.30559, 29.73457], [-95.29878, 29.73242], [-95.29638, 29.73843], [-95.30063, 29.73979], [-95.30285, 29.73448], [-95.30487, 29.7351]]]}, "properties": {"geoid": "482013109003", "jobs_transit_45": 427893}}, {"type": "Feature", "geometry": {"type": "Polygon", "coordinates": [[[-95.17174, 29.79613], [-95.17193, 29.79561], [-95.17008, 29.79528], [-95.16995, 29.79045], [-95.16105, 29.79066], [-95.16291, 29.79609], [-95.17055, 29.79588], [-95.17174, 29.79613]]]}, "properties": {"geoid": "482012330032", "jobs_transit_45": null}}, {"type": "Feature", "geometry": {"type": "Polygon", "coordinates": [[[-94.95101, 29.74367], [-94.94903, 29.7424], [-94.94472, 29.74376], [-94.94048, 29.7444], [-94.94121, 29.74843], [-94.94067, 29.74912], [-94.93602, 29.74991], [-94.93773, 29.75789], [-94.94036, 29.75743], [-94.94243, 29.75612], [-94.9449, 29.751], [-94.95101, 29.74367]]]}, "properties": {"geoid": "482012539001", "jobs_transit_45": null}}, {"type": "Feature", "geometry": {"type": "Polygon", "coordinates": [[[-95.03585, 29.8884], [-95.03568, 29.86712], [-95.03525, 29.86537], [-95.0351, 29.85747], [-95.02818, 29.85731], [-95.0279, 29.84209], [-95.00281, 29.84239], [-95.00253, 29.84297], [-94.98569, 29.84327], [-94.98408, 29.84364], [-94.97933, 29.84424], [-94.94709, 29.84952], [-94.9476, 29.85082], [-94.9531, 29.85531], [-94.96595, 29.85809], [-94.97261, 29.86303], [-94.97387, 29.86587], [-94.97705, 29.86807], [-94.97594, 29.873], [-94.97634, 29.87699], [-94.98615, 29.89079], [-94.9845, 29.89426], [-95.01241, 29.88972], [-95.02362, 29.88792], [-95.03585, 29.8884]]]}, "properties": {"geoid": "482012528002", "jobs_transit_45": null}}, {"type": "Feature", "geometry": {"type": "Polygon", "coordinates": [[[-95.77384, 29.87516], [-95.77366, 29.85122], [-95.76979, 29.85679], [-95.76768, 29.85531], [-95.76746, 29.8541], [-95.76896, 29.85275], [-95.76899, 29.85181], [-95.77132, 29.8489], [-95.7674, 29.84506], [-95.76617, 29.84479], [-95.76304, 29.84314], [-95.76233, 29.8426], [-95.76286, 29.84135], [-95.75897, 29.83901], [-95.75933, 29.83686], [-95.75929, 29.83597], [-95.75961, 29.8357], [-95.75968, 29.83529], [-95.7596, 29.83493], [-95.76019, 29.83425], [-95.75926, 29.83348], [-95.75884, 29.83382], [-95.75343, 29.83355], [-95.75259, 29.83196], [-95.75225, 29.83169], [-95.74043, 29.83182], [-95.73774, 29.83121], [-95.71988, 29.83117], [-95.71895, 29.83595], [-95.7192, 29.84694], [-95.71862, 29.8527], [-95.72729, 29.85688], [-95.72993, 29.85983], [-95.73077, 29.86282], [-95.73324, 29.86559], [-95.73367, 29.86575], [-95.7343, 29.86572], [-95.73914, 29.86706], [-95.74117, 29.86625], [-95.74558, 29.86834], [-95.7487, 29.86869], [-95.7528, 29.86744], [-95.75786, 29.86991], [-95.76082, 29.87016], [-95.76405, 29.87264], [-95.76912, 29.87434], [-95.76962, 29.87517], [-95.77384, 29.87516]]]}, "properties": {"geoid": "482015422001", "jobs_transit_45": null}}, {"type": "Feature", "geometry": {"type": "Polygon", "coordinates": [[[-95.13468, 29.97976], [-95.1272, 29.97992], [-95.12409, 29.98411], [-95.11737, 29.98424], [-95.1174, 29.98522], [-95.1096, 29.98626], [-95.10339, 29.98639], [-95.10264, 29.98371], [-95.09001, 29.98389], [-95.09148, 29.98986], [-95.10052, 29.98956], [-95.12169, 29.98952], [-95.12586, 29.99036], [-95.13131, 29.98779], [-95.13468, 29.97976]]]}, "properties": {"geoid": "482012519012", "jobs_transit_45": null}}, {"type": "Feature", "geometry": {"type": "Polygon", "coordinates": [[[-95.3421, 29.81984], [-95.34239, 29.81328], [-95.33532, 29.81341], [-95.3355, 29.8199], [-95.3421, 29.81984]]]}, "properties": {"geoid": "482012201002", "jobs_transit_45": 463569}}, {"type": "Feature", "geometry": {"type": "Polygon", "coordinates": [[[-95.60632, 29.77633], [-95.60733, 29.77614], [-95.61246, 29.77615], [-95.6134, 29.77378], [-95.60635, 29.77378], [-95.60632, 29.77633]]]}, "properties": {"geoid": "482014504002", "jobs_transit_45": 110707}}, {"type": "Feature", "geometry": {"type": "Polygon", "coordinates": [[[-95.54449, 29.77822], [-95.54437, 29.76523], [-95.54069, 29.76522], [-95.54011, 29.76527], [-95.54024, 29.77582], [-95.54217, 29.77611], [-95.54226, 29.77828], [-95.54449, 29.77822]]]}, "properties": {"geoid": "482014307003", "jobs_transit_45": 399291}}, {"type": "Feature", "geometry": {"type": "Polygon", "coordinates": [[[-95.75432, 29.83167], [-95.75427, 29.82815], [-95.75261, 29.82113], [-95.75201, 29.8021], [-95.7445, 29.80211], [-95.73688, 29.80113], [-95.72474, 29.80103], [-95.719, 29.8003], [-95.72027, 29.80465], [-95.72338, 29.80482], [-95.72829, 29.80755], [-95.72982, 29.8075], [-95.73041, 29.80754], [-95.73397, 29.80991], [-95.73503, 29.81215], [-95.73596, 29.81293], [-95.73641, 29.81331], [-95.74866, 29.82321], [-95.75016, 29.82601], [-95.7494, 29.82847], [-95.75134, 29.83085], [-95.75225, 29.83169], [-95.75432, 29.83167]]]}, "properties": {"geoid": "482015423021", "jobs_transit_45": null}}, {"type": "Feature", "geometry": {"type": "Polygon", "coordinates": [[[-95.60606, 29.74623], [-95.60585, 29.73618], [-95.5981, 29.73621], [-95.59814, 29.73757], [-95.59775, 29.73905], [-95.59626, 29.74416], [-95.59531, 29.74417], [-95.59521, 29.74499], [-95.59822, 29.74495], [-95.59827, 29.74765], [-95.60222, 29.7463], [-95.60606, 29.74623]]]}, "properties": {"geoid": "482014513003", "jobs_transit_45": 532173}}, {"type": "Feature", "geometry": {"type": "Polygon", "coordinates": [[[-95.36509, 29.87074], [-95.36223, 29.8592], [-95.35898, 29.85938], [-95.34991, 29.85945], [-95.35001, 29.86735], [-95.3519, 29.871], [-95.36509, 29.87074]]]}, "properties": {"geoid": "482012211001", "jobs_transit_45": 102331}}, {"type": "Feature", "geometry": {"type": "Polygon", "coordinates": [[[-95.51041, 29.72933], [-95.51033, 29.72583], [-95.50267, 29.72594], [-95.50114, 29.72682], [-95.50119, 29.73167], [-95.51041, 29.72933]]]}, "properties": {"geoid": "482014326001", "jobs_transit_45": 267021}}, {"type": "Feature", "geometry": {"type": "Polygon", "coordinates": [[[-95.49343, 29.64796], [-95.49334, 29.64271], [-95.49207, 29.64271], [-95.49187, 29.64361], [-95.48616, 29.64368], [-95.48672, 29.64908], [-95.48678, 29.65011], [-95.48886, 29.64956], [-95.48956, 29.64947], [-95.49269, 29.6506], [-95.49343, 29.64796]]]}, "properties": {"geoid": "482014221004", "jobs_transit_45": 70738}}, {"type": "Feature", "geometry": {"type": "Polygon", "coordinates": [[[-95.493, 29.69481], [-95.49303, 29.69456], [-95.48866, 29.69459], [-95.48864, 29.69228], [-95.48855, 29.69216], [-95.48447, 29.69222], [-95.48458, 29.6992], [-95.493, 29.69481]]]}, "properties": {"geoid": "482014217001", "jobs_transit_45": 247215}}, {"type": "Feature", "geometry": {"type": "Polygon", "coordinates": [[[-95.46401, 29.66431], [-95.46395, 29.6569], [-95.4563, 29.65698], [-95.45643, 29.66439], [-95.46401, 29.66431]]]}, "properties": {"geoid": "482014204001", "jobs_transit_45": 425427}}, {"type": "Feature", "geometry": {"type": "Polygon", "coordinates": [[[-95.49324, 29.79893], [-95.49321, 29.79487], [-95.4892, 29.79496], [-95.48493, 29.79492], [-95.48485, 29.79915], [-95.4872, 29.79915], [-95.48935, 29.79885], [-95.49324, 29.79893]]]}, "properties": {"geoid": "482015207002", "jobs_transit_45": 546823}}, {"type": "Feature", "geometry": {"type": "Polygon", "coordinates": [[[-95.54731, 30.1046], [-95.54738, 30.10379], [-95.54738, 30.10368], [-95.54539, 30.1033], [-95.54442, 30.10272], [-95.53549, 30.09509], [-95.52552, 30.08559], [-95.51593, 30.08465], [-95.5171, 30.09008], [-95.5171, 30.0951], [-95.51437, 30.09752], [-95.51412, 30.1011], [-95.51809, 30.10091], [-95.519, 30.10978], [-95.51578, 30.11005], [-95.51742, 30.11481], [-95.5142, 30.11646], [-95.51384, 30.11602], [-95.51325, 30.11665], [-95.51285, 30.11678], [-95.51322, 30.11719], [-95.51479, 30.12072], [-95.51644, 30.12154], [-95.51951, 30.11992], [-95.52067, 30.11973], [-95.522, 30.11808], [-95.52161, 30.11465], [-95.52196, 30.11394], [-95.52503, 30.11343], [-95.52605, 30.11335], [-95.5299, 30.11709], [-95.53112, 30.11642], [-95.53313, 30.11496], [-95.53466, 30.11435], [-95.53841, 30.11057], [-95.54143, 30.11123], [-95.54519, 30.10879], [-95.54556, 30.10825], [-95.54569, 30.10808], [-95.54672, 30.1075], [-95.54645, 30.10649], [-95.54637, 30.10592], [-95.54685, 30.10506], [-95.54731, 30.1046]]]}, "properties": {"geoid": "482015549022", "jobs_transit_45": null}}, {"type": "Feature", "geometry": {"type": "Polygon", "coordinates": [[[-95.51314, 29.97975], [-95.51189, 29.97816], [-95.51075, 29.97695], [-95.51017, 29.97616], [-95.50569, 29.97744], [-95.50354, 29.97852], [-95.50691, 29.98317], [-95.51314, 29.97975]]]}, "properties": {"geoid": "482015512004", "jobs_transit_45": 140918}}, {"type": "Feature", "geometry": {"type": "Polygon", "coordinates": [[[-95.45899, 29.87066], [-95.45884, 29.86346], [-95.45383, 29.86346], [-95.45155, 29.86318], [-95.4491, 29.86315], [-95.44914, 29.87073], [-95.45424, 29.87064], [-95.45899, 29.87066]]]}, "properties": {"geoid": "482015332002", "jobs_transit_45": 88241}}, {"type": "Feature", "geometry": {"type": "Polygon", "coordinates": [[[-95.39988, 29.95382], [-95.39968, 29.95148], [-95.39948, 29.9506], [-95.38808, 29.95077], [-95.38704, 29.95085], [-95.38627, 29.951], [-95.38649, 29.95179], [-95.38984, 29.95175], [-95.39325, 29.9539], [-95.39988, 29.95382]]]}, "properties": {"geoid": "482012405012", "jobs_transit_45": 457059}}, {"type": "Feature", "geometry": {"type": "Polygon", "coordinates": [[[-95.12671, 29.56171], [-95.12252, 29.55723], [-95.11977, 29.55985], [-95.11762, 29.56371], [-95.11727, 29.56471], [-95.11798, 29.56492], [-95.12012, 29.56512], [-95.12128, 29.56495], [-95.12267, 29.5645], [-95.12671, 29.56171]]]}, "properties": {"geoid": "482013405002", "jobs_transit_45": null}}, {"type": "Feature", "geometry": {"type": "Polygon", "coordinates": [[[-95.19328, 29.68949], [-95.19981, 29.68716], [-95.20023, 29.6837], [-95.19706, 29.68371], [-95.19314, 29.68204], [-95.19328, 29.68949]]]}, "properties": {"geoid": "482013233002", "jobs_transit_45": null}}, {"type": "Feature", "geometry": {"type": "Polygon", "coordinates": [[[-95.34079, 29.68524], [-95.33947, 29.68188], [-95.33662, 29.67845], [-95.33586, 29.67886], [-95.33456, 29.68219], [-95.33749, 29.68623], [-95.34079, 29.68524]]]}, "properties": {"geoid": "482013322003", "jobs_transit_45": 164385}}, {"type": "Feature", "geometry": {"type": "Polygon", "coordinates": [[[-95.22494, 29.69795], [-95.22539, 29.69065], [-95.21968, 29.69068], [-95.21984, 29.6972], [-95.21979, 29.69798], [-95.22494, 29.69795]]]}, "properties": {"geoid": "482013219004", "jobs_transit_45": null}}, {"type": "Feature", "geometry": {"type": "Polygon", "coordinates": [[[-94.97933, 29.72309], [-94.9793, 29.72251], [-94.97837, 29.72298], [-94.97829, 29.72223], [-94.97233, 29.7242], [-94.97178, 29.72424], [-94.9713, 29.72412], [-94.9702, 29.72696], [-94.97606, 29.72607], [-94.97863, 29.72592], [-94.97933, 29.72309]]]}, "properties": {"geoid": "482012544002", "jobs_transit_45": null}}, {"type": "Feature", "geometry": {"type": "Polygon", "coordinates": [[[-95.37443, 29.72626], [-95.37246, 29.72507], [-95.36851, 29.73008], [-95.36628, 29.72967], [-95.37121, 29.73265], [-95.37135, 29.73232], [-95.3726, 29.72862], [-95.37443, 29.72626]]]}, "properties": {"geoid": "482013127003", "jobs_transit_45": 431126}}, {"type": "Feature", "geometry": {"type": "Polygon", "coordinates": [[[-95.24182, 29.70113], [-95.2486, 29.69659], [-95.24292, 29.691], [-95.23857, 29.69631], [-95.24182, 29.70113]]]}, "properties": {"geoid": "482013205002", "jobs_transit_45": 23343}}, {"type": "Feature", "geometry": {"type": "Polygon", "coordinates": [[[-95.29909, 29.74389], [-95.29895, 29.73926], [-95.29445, 29.7378], [-95.29436, 29.74088], [-95.2938, 29.7464], [-95.29748, 29.74716], [-95.29909, 29.74389]]]}, "properties": {"geoid": "482013110003", "jobs_transit_45": 427915}}, {"type": "Feature", "geometry": {"type": "Polygon", "coordinates": [[[-95.29657, 29.71314], [-95.305, 29.70836], [-95.29546, 29.70213], [-95.29443, 29.70332], [-95.29454, 29.70699], [-95.29663, 29.70694], [-95.29657, 29.71314]]]}, "properties": {"geoid": "482013113003", "jobs_transit_45": 355703}}, {"type": "Feature", "geometry": {"type": "Polygon", "coordinates": [[[-95.48046, 29.7056], [-95.48036, 29.69833], [-95.47409, 29.69839], [-95.47416, 29.70443], [-95.47628, 29.70561], [-95.48046, 29.7056]]]}, "properties": {"geoid": "482014216003", "jobs_transit_45": 366659}}, {"type": "Feature", "geometry": {"type": "Polygon", "coordinates": [[[-95.48901, 29.72001], [-95.48897, 29.71639], [-95.48481, 29.71643], [-95.48486, 29.72006], [-95.48901, 29.72001]]]}, "properties": {"geoid": "482014212022", "jobs_transit_45": 231584}}, {"type": "Feature", "geometry": {"type": "Polygon", "coordinates": [[[-95.44388, 29.6285], [-95.44395, 29.6281], [-95.44395, 29.6276], [-95.43803, 29.62771], [-95.43799, 29.62853], [-95.43779, 29.62935], [-95.43783, 29.63097], [-95.43458, 29.63103], [-95.43464, 29.63413], [-95.44083, 29.6344], [-95.44249, 29.63287], [-95.44239, 29.62851], [-95.44388, 29.6285]]]}, "properties": {"geoid": "482013341001", "jobs_transit_45": 298511}}, {"type": "Feature", "geometry": {"type": "Polygon", "coordinates": [[[-95.21099, 29.83259], [-95.20817, 29.82701], [-95.20787, 29.8181], [-95.20734, 29.81726], [-95.18246, 29.81771], [-95.18226, 29.80616], [-95.17648, 29.80626], [-95.17289, 29.80644], [-95.17188, 29.80661], [-95.1633, 29.80874], [-95.16416, 29.8152], [-95.16718, 29.82319], [-95.17061, 29.82818], [-95.18186, 29.83988], [-95.1829, 29.8407], [-95.1875, 29.83868], [-95.18763, 29.83639], [-95.19099, 29.83676], [-95.19094, 29.82965], [-95.19205, 29.82975], [-95.1992, 29.83209], [-95.19914, 29.82726], [-95.20669, 29.82721], [-95.20715, 29.83398], [-95.20759, 29.83403], [-95.21099, 29.83259]]]}, "properties": {"geoid": "482012324011", "jobs_transit_45": null}}, {"type": "Feature", "geometry": {"type": "Polygon", "coordinates": [[[-95.41066, 29.73425], [-95.41067, 29.73357], [-95.41062, 29.73098], [-95.40443, 29.73117], [-95.40447, 29.7343], [-95.41066, 29.73425]]]}, "properties": {"geoid": "482014109003", "jobs_transit_45": 479455}}, {"type": "Feature", "geometry": {"type": "Polygon", "coordinates": [[[-95.32875, 29.82003], [-95.32977, 29.82], [-95.32657, 29.81971], [-95.31346, 29.81513], [-95.31351, 29.82756], [-95.31112, 29.82757], [-95.31028, 29.82769], [-95.30892, 29.82771], [-95.30897, 29.83024], [-95.30556, 29.83028], [-95.30819, 29.83306], [-95.31858, 29.82332], [-95.32378, 29.82084], [-95.32875, 29.82003]]]}, "properties": {"geoid": "482012302002", "jobs_transit_45": 154684}}, {"type": "Feature", "geometry": {"type": "Polygon", "coordinates": [[[-95.27269, 29.98089], [-95.27208, 29.98081], [-95.26982, 29.9809], [-95.26094, 29.97931], [-95.25826, 29.99], [-95.25741, 29.99916], [-95.26237, 29.99896], [-95.26524, 29.99986], [-95.27269, 29.98089]]]}, "properties": {"geoid": "482012506002", "jobs_transit_45": null}}, {"type": "Feature", "geometry": {"type": "Polygon", "coordinates": [[[-95.21979, 29.69798], [-95.21984, 29.6972], [-95.21968, 29.69068], [-95.21754, 29.69075], [-95.21743, 29.69118], [-95.21648, 29.69341], [-95.21679, 29.69801], [-95.21979, 29.69798]]]}, "properties": {"geoid": "482013220002", "jobs_transit_45": null}}, {"type": "Feature", "geometry": {"type": "Polygon", "coordinates": [[[-95.47308, 29.83683], [-95.47976, 29.83678], [-95.4786, 29.833], [-95.47292, 29.833], [-95.47296, 29.83556], [-95.47308, 29.83683]]]}, "properties": {"geoid": "482015315002", "jobs_transit_45": 167292}}, {"type": "Feature", "geometry": {"type": "Polygon", "coordinates": [[[-95.59003, 30.0131], [-95.58619, 30.00647], [-95.58493, 30.00453], [-95.58081, 29.99925], [-95.57919, 29.99666], [-95.57608, 29.99386], [-95.57119, 29.98746], [-95.57009, 29.98577], [-95.5697, 29.98596], [-95.56533, 29.98461], [-95.56485, 29.985], [-95.56134, 29.98621], [-95.55963, 29.98645], [-95.56054, 29.98993], [-95.56101, 29.99018], [-95.56389, 29.98941], [-95.56803, 29.99253], [-95.56746, 29.99615], [-95.56935, 29.99935], [-95.57278, 30.00217], [-95.57372, 30.0041], [-95.57414, 30.00617], [-95.57867, 30.01397], [-95.57868, 30.0147], [-95.57874, 30.0151], [-95.57994, 30.01477], [-95.58408, 30.01465], [-95.58562, 30.01444], [-95.58863, 30.01322], [-95.59003, 30.0131]]]}, "properties": {"geoid": "482015542001", "jobs_transit_45": 22084}}, {"type": "Feature", "geometry": {"type": "Polygon", "coordinates": [[[-95.54533, 29.83224], [-95.54527, 29.82271], [-95.5384, 29.82268], [-95.5369, 29.82248], [-95.53688, 29.82752], [-95.53153, 29.8276], [-95.53157, 29.83243], [-95.54533, 29.83224]]]}, "properties": {"geoid": "482015220001", "jobs_transit_45": 128855}}, {"type": "Feature", "geometry": {"type": "Polygon", "coordinates": [[[-95.5066, 29.811], [-95.50653, 29.80308], [-95.5009, 29.80302], [-95.50086, 29.81091], [-95.5066, 29.811]]]}, "properties": {"geoid": "482015212001", "jobs_transit_45": 174484}}, {"type": "Feature", "geometry": {"type": "Polygon", "coordinates": [[[-95.27986, 29.97636], [-95.2846, 29.96572], [-95.2824, 29.96495], [-95.28162, 29.9648], [-95.26429, 29.96526], [-95.26094, 29.97931], [-95.26982, 29.9809], [-95.27208, 29.98081], [-95.27341, 29.98099], [-95.27717, 29.9824], [-95.27986, 29.97636]]]}, "properties": {"geoid": "482012501001", "jobs_transit_45": null}}, {"type": "Feature", "geometry": {"type": "Polygon", "coordinates": [[[-95.46935, 29.86826], [-95.46862, 29.8673], [-95.4668, 29.866], [-95.46684, 29.86333], [-95.46294, 29.86344], [-95.45884, 29.86346], [-95.45899, 29.87066], [-95.46242, 29.8705], [-95.46935, 29.86826]]]}, "properties": {"geoid": "482015332003", "jobs_transit_45": 88631}}, {"type": "Feature", "geometry": {"type": "Polygon", "coordinates": [[[-95.22248, 30.06563], [-95.22246, 30.06463], [-95.22104, 30.06208], [-95.21954, 30.06093], [-95.21252, 30.05731], [-95.21141, 30.06463], [-95.21136, 30.06848], [-95.21907, 30.06848], [-95.22248, 30.06563]]]}, "properties": {"geoid": "482012512001", "jobs_transit_45": null}}, {"type": "Feature", "geometry": {"type": "Polygon", "coordinates": [[[-95.03149, 29.93401], [-95.03249, 29.93319], [-95.0239, 29.89486], [-95.02373, 29.88791], [-95.01241, 29.88972], [-94.9845, 29.89426], [-94.98792, 29.90474], [-94.99288, 29.91188], [-94.99645, 29.91811], [-94.99875, 29.91993], [-94.99652, 29.92377], [-94.99273, 29.92629], [-94.99615, 29.93009], [-94.99474, 29.93735], [-94.99198, 29.94076], [-94.9877, 29.95284], [-94.98168, 29.95542], [-94.98069, 29.95746], [-94.98216, 29.96497], [-94.98477, 29.96803], [-94.98592, 29.97302], [-95.00612, 29.95736], [-95.03179, 29.93779], [-95.03149, 29.93401]]]}, "properties": {"geoid": "482012527003", "jobs_transit_45": null}}, {"type": "Feature", "geometry": {"type": "Polygon", "coordinates": [[[-95.53661, 29.66603], [-95.54093, 29.66597], [-95.54084, 29.66058], [-95.54249, 29.66055], [-95.54242, 29.6563], [-95.53627, 29.6563], [-95.53661, 29.66603]]]}, "properties": {"geoid": "482014232012", "jobs_transit_45": 57265}}, {"type": "Feature", "geometry": {"type": "Polygon", "coordinates": [[[-95.49223, 29.66636], [-95.49218, 29.66307], [-95.49035, 29.66309], [-95.49004, 29.66302], [-95.48305, 29.66084], [-95.48219, 29.66065], [-95.48229, 29.66648], [-95.49223, 29.66636]]]}, "properties": {"geoid": "482014220001", "jobs_transit_45": 91588}}, {"type": "Feature", "geometry": {"type": "Polygon", "coordinates": [[[-95.54341, 29.70217], [-95.54561, 29.69665], [-95.54185, 29.69661], [-95.54154, 29.69823], [-95.53791, 29.6989], [-95.53799, 29.705], [-95.54309, 29.70495], [-95.54341, 29.70217]]]}, "properties": {"geoid": "482014332021", "jobs_transit_45": 201791}}, {"type": "Feature", "geometry": {"type": "Polygon", "coordinates": [[[-95.39922, 29.80396], [-95.39898, 29.79069], [-95.39531, 29.79074], [-95.39556, 29.80403], [-95.39922, 29.80396]]]}, "properties": {"geoid": "482015113023", "jobs_transit_45": 523584}}, {"type": "Feature", "geometry": {"type": "Polygon", "coordinates": [[[-95.54187, 29.97946], [-95.54601, 29.97946], [-95.53847, 29.96616], [-95.53746, 29.96663], [-95.53636, 29.96694], [-95.52514, 29.97312], [-95.5284, 29.97763], [-95.52898, 29.97731], [-95.52954, 29.97808], [-95.53042, 29.97762], [-95.53466, 29.97456], [-95.53753, 29.97929], [-95.54028, 29.97778], [-95.54151, 29.97934], [-95.54187, 29.97946]]]}, "properties": {"geoid": "482015528003", "jobs_transit_45": 239949}}, {"type": "Feature", "geometry": {"type": "Polygon", "coordinates": [[[-95.48327, 29.81834], [-95.48532, 29.81705], [-95.48513, 29.81276], [-95.48494, 29.80919], [-95.48484, 29.80284], [-95.48078, 29.80283], [-95.48089, 29.8106], [-95.47521, 29.81107], [-95.47441, 29.81192], [-95.48327, 29.81834]]]}, "properties": {"geoid": "482015204001", "jobs_transit_45": 237429}}, {"type": "Feature", "geometry": {"type": "Polygon", "coordinates": [[[-95.43613, 30.07481], [-95.4319, 30.05259], [-95.42883, 30.05186], [-95.42356, 30.05436], [-95.4205, 30.04962], [-95.42078, 30.0456], [-95.41595, 30.04264], [-95.40864, 30.0465], [-95.40771, 30.04197], [-95.40746, 30.04288], [-95.40383, 30.05086], [-95.40493, 30.05868], [-95.40682, 30.06416], [-95.41169, 30.07168], [-95.41171, 30.07212], [-95.41167, 30.07289], [-95.41138, 30.07453], [-95.42045, 30.07277], [-95.42215, 30.06634], [-95.42188, 30.06267], [-95.42429, 30.06286], [-95.42552, 30.06355], [-95.42859, 30.06695], [-95.42983, 30.06907], [-95.43032, 30.06967], [-95.43105, 30.07024], [-95.43303, 30.07604], [-95.43613, 30.07481]]]}, "properties": {"geoid": "482012413002", "jobs_transit_45": null}}, {"type": "Feature", "geometry": {"type": "Polygon", "coordinates": [[[-95.43612, 29.74724], [-95.43608, 29.74155], [-95.4344, 29.74155], [-95.43192, 29.74203], [-95.42651, 29.74213], [-95.4265, 29.74779], [-95.43016, 29.74776], [-95.43612, 29.74724]]]}, "properties": {"geoid": "482014114002", "jobs_transit_45": 371832}}, {"type": "Feature", "geometry": {"type": "Polygon", "coordinates": [[[-95.20391, 30.07298], [-95.20391, 30.06855], [-95.19662, 30.06836], [-95.19808, 30.07137], [-95.19503, 30.07456], [-95.19601, 30.07715], [-95.19894, 30.07585], [-95.20255, 30.07637], [-95.2036, 30.07381], [-95.20391, 30.07298]]]}, "properties": {"geoid": "482012514023", "jobs_transit_45": null}}, {"type": "Feature", "geometry": {"type": "Polygon", "coordinates": [[[-95.44684, 29.67947], [-95.44669, 29.67323], [-95.43987, 29.67331], [-95.43996, 29.67952], [-95.44684, 29.67947]]]}, "properties": {"geoid": "482014202002", "jobs_transit_45": 153943}}, {"type": "Feature", "geometry": {"type": "Polygon", "coordinates": [[[-95.3559, 29.67638], [-95.35572, 29.6691], [-95.35465, 29.6687], [-95.35408, 29.66831], [-95.3538, 29.66873], [-95.35233, 29.67256], [-95.34939, 29.67171], [-95.34827, 29.67463], [-95.3529, 29.67681], [-95.3559, 29.67638]]]}, "properties": {"geoid": "482013320004", "jobs_transit_45": 160535}}, {"type": "Feature", "geometry": {"type": "Polygon", "coordinates": [[[-95.35932, 29.69951], [-95.36165, 29.6936], [-95.36224, 29.69216], [-95.35908, 29.69119], [-95.35795, 29.694], [-95.35627, 29.69751], [-95.35098, 29.6959], [-95.3503, 29.69769], [-95.34855, 29.70177], [-95.35241, 29.70293], [-95.35415, 29.70266], [-95.35942, 29.70238], [-95.35954, 29.70193], [-95.35955, 29.70139], [-95.35932, 29.69951]]]}, "properties": {"geoid": "482013136001", "jobs_transit_45": 209659}}, {"type": "Feature", "geometry": {"type": "Polygon", "coordinates": [[[-95.42528, 29.60001], [-95.42559, 29.59924], [-95.42494, 29.5991], [-95.40903, 29.59927], [-95.40921, 29.60654], [-95.42241, 29.60635], [-95.42528, 29.60001]]]}, "properties": {"geoid": "482013309003", "jobs_transit_45": null}}, {"type": "Feature", "geometry": {"type": "Polygon", "coordinates": [[[-95.45946, 29.81963], [-95.46874, 29.81945], [-95.46889, 29.81944], [-95.45898, 29.81025], [-95.45926, 29.81409], [-95.45946, 29.81963]]]}, "properties": {"geoid": "482015301001", "jobs_transit_45": 118886}}, {"type": "Feature", "geometry": {"type": "Polygon", "coordinates": [[[-95.1185, 29.57604], [-95.12059, 29.57214], [-95.11834, 29.57159], [-95.12012, 29.56512], [-95.11798, 29.56492], [-95.11637, 29.56438], [-95.11436, 29.56355], [-95.1096, 29.57238], [-95.1185, 29.57604]]]}, "properties": {"geoid": "482013405003", "jobs_transit_45": null}}, {"type": "Feature", "geometry": {"type": "Polygon", "coordinates": [[[-95.26305, 29.66857], [-95.26563, 29.67057], [-95.27046, 29.67016], [-95.27034, 29.66534], [-95.26316, 29.66546], [-95.26305, 29.66857]]]}, "properties": {"geoid": "482013332013", "jobs_transit_45": 72915}}, {"type": "Feature", "geometry": {"type": "Polygon", "coordinates": [[[-95.20945, 29.70536], [-95.20949, 29.70351], [-95.20942, 29.70172], [-95.20107, 29.70182], [-95.20108, 29.70545], [-95.20945, 29.70536]]]}, "properties": {"geoid": "482013241001", "jobs_transit_45": null}}, {"type": "Feature", "geometry": {"type": "Polygon", "coordinates": [[[-95.3234, 29.74219], [-95.32458, 29.74063], [-95.32464, 29.74054], [-95.31425, 29.73727], [-95.31289, 29.73916], [-95.31102, 29.74198], [-95.32228, 29.74547], [-95.32359, 29.74224], [-95.3234, 29.74219]]]}, "properties": {"geoid": "482013105002", "jobs_transit_45": 219999}}, {"type": "Feature", "geometry": {"type": "Polygon", "coordinates": [[[-95.22578, 29.65266], [-95.22118, 29.64779], [-95.21885, 29.64906], [-95.21366, 29.65069], [-95.21256, 29.65086], [-95.21135, 29.6509], [-95.21646, 29.65102], [-95.21652, 29.65278], [-95.22578, 29.65266]]]}, "properties": {"geoid": "482013213001", "jobs_transit_45": null}}, {"type": "Feature", "geometry": {"type": "Polygon", "coordinates": [[[-94.99582, 29.72505], [-95.0027, 29.72053], [-94.99775, 29.71684], [-94.99623, 29.71853], [-94.99534, 29.72084], [-94.99507, 29.72255], [-94.99484, 29.72378], [-94.99372, 29.7234], [-94.99336, 29.72421], [-94.99582, 29.72505]]]}, "properties": {"geoid": "482012546001", "jobs_transit_45": null}}, {"type": "Feature", "geometry": {"type": "Polygon", "coordinates": [[[-95.40447, 29.7343], [-95.40443, 29.73117], [-95.39949, 29.7314], [-95.39949, 29.73443], [-95.40447, 29.7343]]]}, "properties": {"geoid": "482014109002", "jobs_transit_45": 476629}}, {"type": "Feature", "geometry": {"type": "Polygon", "coordinates": [[[-95.36334, 29.64141], [-95.36324, 29.63701], [-95.35591, 29.63699], [-95.356, 29.64138], [-95.36334, 29.64141]]]}, "properties": {"geoid": "482013315002", "jobs_transit_45": 103750}}, {"type": "Feature", "geometry": {"type": "Polygon", "coordinates": [[[-95.30207, 29.83847], [-95.30203, 29.83401], [-95.29376, 29.834], [-95.29374, 29.83136], [-95.28848, 29.83132], [-95.28843, 29.83863], [-95.29247, 29.83851], [-95.30207, 29.83847]]]}, "properties": {"geoid": "482012308002", "jobs_transit_45": 231256}}, {"type": "Feature", "geometry": {"type": "Polygon", "coordinates": [[[-95.00216, 29.78224], [-95.00175, 29.78092], [-95.00201, 29.77848], [-95.00015, 29.77575], [-94.99973, 29.77105], [-94.99518, 29.77108], [-94.99469, 29.77565], [-94.99065, 29.77558], [-94.99075, 29.78038], [-95.00216, 29.78224]]]}, "properties": {"geoid": "482012535002", "jobs_transit_45": null}}, {"type": "Feature", "geometry": {"type": "Polygon", "coordinates": [[[-94.96525, 29.80806], [-94.96209, 29.80808], [-94.95982, 29.79741], [-94.95568, 29.79233], [-94.94232, 29.77585], [-94.9421, 29.77556], [-94.94186, 29.77473], [-94.92694, 29.80053], [-94.92478, 29.79933], [-94.92318, 29.7987], [-94.92245, 29.80301], [-94.91689, 29.8033], [-94.91618, 29.80646], [-94.91255, 29.80857], [-94.91325, 29.81292], [-94.90906, 29.81376], [-94.91008, 29.8163], [-94.90982, 29.82123], [-94.91635, 29.82139], [-94.92024, 29.82084], [-94.93744, 29.81315], [-94.94289, 29.81142], [-94.96525, 29.80806]]]}, "properties": {"geoid": "482012532003", "jobs_transit_45": null}}, {"type": "Feature", "geometry": {"type": "Polygon", "coordinates": [[[-95.15276, 30.07168], [-95.15669, 30.07118], [-95.1596, 30.06494], [-95.15889, 30.06475], [-95.15769, 30.06419], [-95.15562, 30.06269], [-95.15769, 30.05959], [-95.15278, 30.05893], [-95.15169, 30.05836], [-95.15038, 30.0565], [-95.15018, 30.0563], [-95.14977, 30.05611], [-95.14959, 30.05631], [-95.14573, 30.05622], [-95.13953, 30.06011], [-95.14121, 30.06142], [-95.14703, 30.07189], [-95.15239, 30.07149], [-95.15276, 30.07168]]]}, "properties": {"geoid": "482012509003", "jobs_transit_45": null}}, {"type": "Feature", "geometry": {"type": "Polygon", "coordinates": [[[-95.61463, 29.69242], [-95.61434, 29.68851], [-95.60426, 29.68895], [-95.6044, 29.69622], [-95.61457, 29.69607], [-95.61463, 29.69242]]]}, "properties": {"geoid": "482014528012", "jobs_transit_45": 330203}}, {"type": "Feature", "geometry": {"type": "Polygon", "coordinates": [[[-95.34291, 29.84618], [-95.34281, 29.84045], [-95.33365, 29.84076], [-95.3338, 29.84873], [-95.33405, 29.8463], [-95.33637, 29.84644], [-95.34291, 29.84618]]]}, "properties": {"geoid": "482012209002", "jobs_transit_45": 474662}}, {"type": "Feature", "geometry": {"type": "Polygon", "coordinates": [[[-95.43004, 29.74207], [-95.42998, 29.73834], [-95.41875, 29.73849], [-95.41879, 29.74232], [-95.42115, 29.74219], [-95.43004, 29.74207]]]}, "properties": {"geoid": "482014110001", "jobs_transit_45": 456333}}, {"type": "Feature", "geometry": {"type": "Polygon", "coordinates": [[[-95.50091, 29.65669], [-95.50058, 29.6545], [-95.49758, 29.65433], [-95.49269, 29.6506], [-95.49206, 29.6572], [-95.49893, 29.65712], [-95.50091, 29.65669]]]}, "properties": {"geoid": "482014224021", "jobs_transit_45": 150893}}, {"type": "Feature", "geometry": {"type": "Polygon", "coordinates": [[[-95.3485, 29.66689], [-95.34899, 29.66461], [-95.34889, 29.65845], [-95.33652, 29.65863], [-95.33658, 29.66074], [-95.34172, 29.66069], [-95.34177, 29.66347], [-95.34803, 29.6634], [-95.34793, 29.66574], [-95.34761, 29.66678], [-95.3485, 29.66689]]]}, "properties": {"geoid": "482013319003", "jobs_transit_45": 168937}}, {"type": "Feature", "geometry": {"type": "Polygon", "coordinates": [[[-95.29949, 29.73266], [-95.29953, 29.73259], [-95.30073, 29.72954], [-95.29961, 29.72823], [-95.29491, 29.72795], [-95.29463, 29.72869], [-95.29216, 29.73256], [-95.298, 29.73437], [-95.29878, 29.73242], [-95.29949, 29.73266]]]}, "properties": {"geoid": "482013109002", "jobs_transit_45": 427758}}, {"type": "Feature", "geometry": {"type": "Polygon", "coordinates": [[[-95.03213, 29.80762], [-95.032, 29.80502], [-95.03188, 29.79763], [-95.02722, 29.79935], [-95.02562, 29.79976], [-95.0167, 29.8001], [-95.01813, 29.80424], [-95.02208, 29.80416], [-95.02318, 29.8062], [-95.02321, 29.80735], [-95.02339, 29.80757], [-95.02408, 29.80777], [-95.03213, 29.80762]]]}, "properties": {"geoid": "482012530001", "jobs_transit_45": null}}, {"type": "Feature", "geometry": {"type": "Polygon", "coordinates": [[[-95.44121, 29.71735], [-95.44099, 29.70598], [-95.43777, 29.70602], [-95.43789, 29.70803], [-95.43795, 29.7146], [-95.43736, 29.71485], [-95.43383, 29.71491], [-95.43386, 29.71743], [-95.43368, 29.71781], [-95.43745, 29.71773], [-95.43743, 29.71756], [-95.44116, 29.7175], [-95.44121, 29.71735]]]}, "properties": {"geoid": "482014124004", "jobs_transit_45": 351735}}, {"type": "Feature", "geometry": {"type": "Polygon", "coordinates": [[[-95.34269, 29.74111], [-95.33885, 29.73993], [-95.33797, 29.74211], [-95.3363, 29.74423], [-95.33947, 29.74517], [-95.34269, 29.74111]]]}, "properties": {"geoid": "482013103006", "jobs_transit_45": 481052}}, {"type": "Feature", "geometry": {"type": "Polygon", "coordinates": [[[-95.42942, 29.86359], [-95.42919, 29.86214], [-95.42908, 29.85143], [-95.41637, 29.85143], [-95.41615, 29.8515], [-95.41508, 29.85236], [-95.42818, 29.86359], [-95.42942, 29.86359]]]}, "properties": {"geoid": "482015308002", "jobs_transit_45": 152622}}, {"type": "Feature", "geometry": {"type": "Polygon", "coordinates": [[[-95.16105, 29.79066], [-95.15881, 29.78512], [-95.15845, 29.78389], [-95.15829, 29.77899], [-95.15816, 29.7782], [-95.15723, 29.77585], [-95.1567, 29.77497], [-95.1557, 29.77375], [-95.15212, 29.77564], [-95.14892, 29.77754], [-95.14446, 29.77902], [-95.14514, 29.78077], [-95.15013, 29.77956], [-95.1505, 29.78104], [-95.15484, 29.7814], [-95.15376, 29.78419], [-95.15846, 29.78927], [-95.15898, 29.79062], [-95.15981, 29.79069], [-95.16105, 29.79066]]]}, "properties": {"geoid": "482012524002", "jobs_transit_45": null}}, {"type": "Feature", "geometry": {"type": "Polygon", "coordinates": [[[-95.52869, 29.729], [-95.52916, 29.72675], [-95.52901, 29.72051], [-95.52026, 29.72125], [-95.52049, 29.72247], [-95.5205, 29.72907], [-95.52869, 29.729]]]}, "properties": {"geoid": "482014325001", "jobs_transit_45": 294315}}, {"type": "Feature", "geometry": {"type": "Polygon", "coordinates": [[[-95.44598, 29.61879], [-95.4459, 29.61334], [-95.43071, 29.61355], [-95.43076, 29.61945], [-95.43249, 29.61892], [-95.43721, 29.61892], [-95.43803, 29.61919], [-95.44045, 29.62044], [-95.44195, 29.62052], [-95.44598, 29.61879]]]}, "properties": {"geoid": "482013306004", "jobs_transit_45": 327315}}, {"type": "Feature", "geometry": {"type": "Polygon", "coordinates": [[[-95.48673, 29.70554], [-95.48663, 29.69809], [-95.48458, 29.6992], [-95.48042, 29.70125], [-95.48046, 29.7056], [-95.48673, 29.70554]]]}, "properties": {"geoid": "482014216002", "jobs_transit_45": 331380}}, {"type": "Feature", "geometry": {"type": "Polygon", "coordinates": [[[-95.58374, 29.65943], [-95.58271, 29.65398], [-95.58109, 29.65526], [-95.575, 29.65591], [-95.57083, 29.65549], [-95.57078, 29.65622], [-95.58024, 29.65911], [-95.58274, 29.65962], [-95.58374, 29.65943]]]}, "properties": {"geoid": "482014534011", "jobs_transit_45": 44171}}, {"type": "Feature", "geometry": {"type": "Polygon", "coordinates": [[[-95.48429, 29.68351], [-95.4842, 29.67913], [-95.47942, 29.679], [-95.4793, 29.68328], [-95.48429, 29.68351]]]}, "properties": {"geoid": "482014218003", "jobs_transit_45": 237213}}, {"type": "Feature", "geometry": {"type": "Polygon", "coordinates": [[[-95.3762, 29.82837], [-95.37648, 29.82444], [-95.37647, 29.82415], [-95.37608, 29.82324], [-95.37462, 29.82326], [-95.37464, 29.82447], [-95.37141, 29.82395], [-95.36943, 29.82376], [-95.36767, 29.82376], [-95.36771, 29.82846], [-95.3762, 29.82837]]]}, "properties": {"geoid": "482012203001", "jobs_transit_45": 455942}}, {"type": "Feature", "geometry": {"type": "Polygon", "coordinates": [[[-95.12773, 29.57113], [-95.12428, 29.56816], [-95.12267, 29.5645], [-95.12128, 29.56495], [-95.12012, 29.56512], [-95.11834, 29.57159], [-95.12059, 29.57214], [-95.1185, 29.57604], [-95.12201, 29.57749], [-95.12423, 29.57397], [-95.12555, 29.57273], [-95.12773, 29.57113]]]}, "properties": {"geoid": "482013405004", "jobs_transit_45": null}}, {"type": "Feature", "geometry": {"type": "Polygon", "coordinates": [[[-95.44029, 29.83239], [-95.44088, 29.83147], [-95.43451, 29.82823], [-95.42963, 29.82829], [-95.42974, 29.83641], [-95.43894, 29.83616], [-95.44029, 29.83239]]]}, "properties": {"geoid": "482015317002", "jobs_transit_45": 145872}}, {"type": "Feature", "geometry": {"type": "Polygon", "coordinates": [[[-95.51739, 29.81851], [-95.51751, 29.8159], [-95.51411, 29.81591], [-95.51258, 29.81608], [-95.50959, 29.81611], [-95.50963, 29.82115], [-95.51741, 29.82113], [-95.51739, 29.81851]]]}, "properties": {"geoid": "482015213002", "jobs_transit_45": 298521}}, {"type": "Feature", "geometry": {"type": "Polygon", "coordinates": [[[-95.43429, 29.99681], [-95.436, 29.99588], [-95.43608, 29.99584], [-95.43335, 29.99418], [-95.43123, 29.99086], [-95.43115, 29.99005], [-95.42727, 29.99002], [-95.42425, 29.99018], [-95.42562, 29.99764], [-95.43429, 29.99681]]]}, "properties": {"geoid": "482015503012", "jobs_transit_45": 488524}}, {"type": "Feature", "geometry": {"type": "Polygon", "coordinates": [[[-95.4925, 29.75011], [-95.49244, 29.74265], [-95.49166, 29.7426], [-95.49044, 29.74221], [-95.48975, 29.74215], [-95.4898, 29.746], [-95.48548, 29.74602], [-95.48604, 29.74994], [-95.49015, 29.74987], [-95.49152, 29.75008], [-95.4925, 29.75011]]]}, "properties": {"geoid": "482014313023", "jobs_transit_45": 217820}}, {"type": "Feature", "geometry": {"type": "Polygon", "coordinates": [[[-95.43337, 29.72525], [-95.43638, 29.72374], [-95.43612, 29.72375], [-95.43596, 29.72368], [-95.43358, 29.72372], [-95.43348, 29.72363], [-95.4334, 29.71807], [-95.43385, 29.71694], [-95.42997, 29.71698], [-95.43011, 29.72531], [-95.43337, 29.72525]]]}, "properties": {"geoid": "482014124001", "jobs_transit_45": 348947}}, {"type": "Feature", "geometry": {"type": "Polygon", "coordinates": [[[-95.17986, 29.52827], [-95.18048, 29.52767], [-95.17472, 29.52285], [-95.17096, 29.52639], [-95.17046, 29.52669], [-95.17639, 29.53152], [-95.17679, 29.53194], [-95.18036, 29.52867], [-95.17986, 29.52827]]]}, "properties": {"geoid": "482013508012", "jobs_transit_45": null}}, {"type": "Feature", "geometry": {"type": "Polygon", "coordinates": [[[-95.40864, 29.72561], [-95.4086, 29.72278], [-95.40825, 29.72124], [-95.40725, 29.7192], [-95.39881, 29.72249], [-95.39945, 29.72573], [-95.40864, 29.72561]]]}, "properties": {"geoid": "482014120001", "jobs_transit_45": 359401}}, {"type": "Feature", "geometry": {"type": "Polygon", "coordinates": [[[-95.40966, 29.78333], [-95.40961, 29.77766], [-95.39744, 29.77667], [-95.39759, 29.78516], [-95.40438, 29.78506], [-95.40434, 29.78338], [-95.40966, 29.78333]]]}, "properties": {"geoid": "482015105002", "jobs_transit_45": 470288}}, {"type": "Feature", "geometry": {"type": "Polygon", "coordinates": [[[-95.51427, 29.66055], [-95.51419, 29.65583], [-95.51297, 29.65599], [-95.50843, 29.65602], [-95.50855, 29.66564], [-95.51232, 29.66561], [-95.51229, 29.66468], [-95.51216, 29.66424], [-95.51108, 29.66223], [-95.51098, 29.66057], [-95.51427, 29.66055]]]}, "properties": {"geoid": "482014233022", "jobs_transit_45": 94132}}, {"type": "Feature", "geometry": {"type": "Polygon", "coordinates": [[[-95.41866, 29.73075], [-95.41859, 29.7255], [-95.41054, 29.72559], [-95.41062, 29.73098], [-95.41866, 29.73075]]]}, "properties": {"geoid": "482014118004", "jobs_transit_45": 481935}}, {"type": "Feature", "geometry": {"type": "Polygon", "coordinates": [[[-95.36327, 29.68023], [-95.36593, 29.67348], [-95.36588, 29.67335], [-95.36069, 29.6717], [-95.36032, 29.67222], [-95.35831, 29.67713], [-95.3559, 29.67638], [-95.35597, 29.68093], [-95.36055, 29.68056], [-95.36259, 29.68072], [-95.36394, 29.68029], [-95.36327, 29.68023]]]}, "properties": {"geoid": "482013311002", "jobs_transit_45": 160137}}, {"type": "Feature", "geometry": {"type": "Polygon", "coordinates": [[[-95.20269, 29.77795], [-95.20289, 29.7751], [-95.20136, 29.77501], [-95.20011, 29.77546], [-95.19852, 29.77675], [-95.1978, 29.7769], [-95.19674, 29.77664], [-95.19597, 29.77609], [-95.19531, 29.77512], [-95.19703, 29.77154], [-95.19521, 29.77143], [-95.19499, 29.7724], [-95.19405, 29.77445], [-95.19009, 29.77459], [-95.19118, 29.78162], [-95.19931, 29.78193], [-95.20269, 29.77795]]]}, "properties": {"geoid": "482012332002", "jobs_transit_45": 204472}}, {"type": "Feature", "geometry": {"type": "Polygon", "coordinates": [[[-95.54827, 30.00023], [-95.55233, 29.99797], [-95.55063, 29.99322], [-95.5494, 29.99259], [-95.54929, 29.99194], [-95.54952, 29.99088], [-95.54895, 29.98982], [-95.54839, 29.98923], [-95.54752, 29.988], [-95.54569, 29.98711], [-95.54048, 29.99051], [-95.53942, 29.99112], [-95.53831, 29.99111], [-95.53635, 29.99292], [-95.53489, 29.9933], [-95.53211, 29.99447], [-95.53064, 29.99808], [-95.5335, 30.00315], [-95.53367, 30.0051], [-95.53392, 30.00606], [-95.53445, 30.00708], [-95.53601, 30.00924], [-95.53711, 30.00865], [-95.53749, 30.00814], [-95.53837, 30.00603], [-95.54019, 30.00456], [-95.53788, 30.0028], [-95.54356, 29.99838], [-95.54522, 30.00227], [-95.54827, 30.00023]]]}, "properties": {"geoid": "482015540021", "jobs_transit_45": null}}, {"type": "Feature", "geometry": {"type": "Polygon", "coordinates": [[[-95.37225, 29.73358], [-95.37252, 29.73346], [-95.36544, 29.72918], [-95.36395, 29.73105], [-95.36162, 29.73241], [-95.36909, 29.73683], [-95.37225, 29.73358]]]}, "properties": {"geoid": "482013124001", "jobs_transit_45": 335699}}, {"type": "Feature", "geometry": {"type": "Polygon", "coordinates": [[[-95.22165, 29.67594], [-95.22151, 29.66993], [-95.21512, 29.67003], [-95.21507, 29.67601], [-95.21837, 29.67602], [-95.22165, 29.67594]]]}, "properties": {"geoid": "482013216005", "jobs_transit_45": null}}, {"type": "Feature", "geometry": {"type": "Polygon", "coordinates": [[[-95.3104, 29.74289], [-95.31144, 29.74139], [-95.31169, 29.741], [-95.3108, 29.74067], [-95.31111, 29.73993], [-95.3018, 29.73701], [-95.30063, 29.73979], [-95.3104, 29.74289]]]}, "properties": {"geoid": "482013109005", "jobs_transit_45": 251329}}, {"type": "Feature", "geometry": {"type": "Polygon", "coordinates": [[[-95.20107, 29.70182], [-95.20105, 29.69813], [-95.19393, 29.69823], [-95.19328, 29.69862], [-95.18704, 29.69876], [-95.18743, 29.7008], [-95.18691, 29.70108], [-95.18592, 29.70233], [-95.19005, 29.70471], [-95.19374, 29.70196], [-95.20107, 29.70182]]]}, "properties": {"geoid": "482013229003", "jobs_transit_45": null}}, {"type": "Feature", "geometry": {"type": "Polygon", "coordinates": [[[-95.43996, 29.67952], [-95.43996, 29.67903], [-95.43986, 29.67216], [-95.43833, 29.67219], [-95.43784, 29.67231], [-95.43262, 29.6723], [-95.43208, 29.67214], [-95.42765, 29.67773], [-95.43535, 29.67936], [-95.43672, 29.67956], [-95.43996, 29.67952]]]}, "properties": {"geoid": "482014201001", "jobs_transit_45": 248275}}, {"type": "Feature", "geometry": {"type": "Polygon", "coordinates": [[[-95.56486, 29.92932], [-95.56589, 29.92717], [-95.56436, 29.92674], [-95.55963, 29.92604], [-95.55485, 29.92388], [-95.55407, 29.92495], [-95.5479, 29.92836], [-95.54792, 29.93309], [-95.54798, 29.93338], [-95.54824, 29.93364], [-95.54866, 29.93374], [-95.56452, 29.9337], [-95.56452, 29.93093], [-95.56486, 29.92932]]]}, "properties": {"geoid": "482015516003", "jobs_transit_45": null}}, {"type": "Feature", "geometry": {"type": "Polygon", "coordinates": [[[-95.30742, 29.68101], [-95.30639, 29.67759], [-95.30456, 29.67799], [-95.30285, 29.67808], [-95.2954, 29.67965], [-95.29327, 29.68049], [-95.29391, 29.68146], [-95.30558, 29.68142], [-95.30742, 29.68101]]]}, "properties": {"geoid": "482013326001", "jobs_transit_45": 178711}}, {"type": "Feature", "geometry": {"type": "Polygon", "coordinates": [[[-95.34728, 29.6701], [-95.3485, 29.66689], [-95.34761, 29.66678], [-95.34535, 29.66621], [-95.3372, 29.66634], [-95.33723, 29.6676], [-95.33872, 29.66794], [-95.34067, 29.66848], [-95.3417, 29.66847], [-95.34728, 29.6701]]]}, "properties": {"geoid": "482013320002", "jobs_transit_45": 155030}}, {"type": "Feature", "geometry": {"type": "Polygon", "coordinates": [[[-95.21507, 29.67601], [-95.21512, 29.67003], [-95.21014, 29.67007], [-95.20796, 29.67004], [-95.20801, 29.67418], [-95.20839, 29.67417], [-95.20875, 29.67438], [-95.20957, 29.67533], [-95.21064, 29.67775], [-95.21368, 29.67916], [-95.21405, 29.67986], [-95.21507, 29.67601]]]}, "properties": {"geoid": "482013216004", "jobs_transit_45": null}}, {"type": "Feature", "geometry": {"type": "Polygon", "coordinates": [[[-95.3509, 29.69615], [-95.34488, 29.69429], [-95.34294, 29.69378], [-95.34137, 29.69347], [-95.34071, 29.69457], [-95.33895, 29.69862], [-95.34046, 29.69923], [-95.34855, 29.70177], [-95.3509, 29.69615]]]}, "properties": {"geoid": "482013134001", "jobs_transit_45": 212405}}, {"type": "Feature", "geometry": {"type": "Polygon", "coordinates": [[[-95.51846, 29.68189], [-95.51778, 29.67814], [-95.51716, 29.67757], [-95.51465, 29.67674], [-95.51438, 29.67733], [-95.51083, 29.67841], [-95.511, 29.68563], [-95.51846, 29.68189]]]}, "properties": {"geoid": "482014230003", "jobs_transit_45": 206208}}, {"type": "Feature", "geometry": {"type": "Polygon", "coordinates": [[[-95.3363, 29.74423], [-95.33792, 29.74218], [-95.33858, 29.74062], [-95.33885, 29.73993], [-95.33491, 29.73874], [-95.33427, 29.74034], [-95.33312, 29.74322], [-95.3363, 29.74423]]]}, "properties": {"geoid": "482013103005", "jobs_transit_45": 481409}}, {"type": "Feature", "geometry": {"type": "Polygon", "coordinates": [[[-95.33722, 29.79392], [-95.3374, 29.78994], [-95.33588, 29.7894], [-95.33586, 29.78872], [-95.33379, 29.78965], [-95.33109, 29.78967], [-95.3311, 29.79085], [-95.33094, 29.79138], [-95.33099, 29.79398], [-95.33722, 29.79392]]]}, "properties": {"geoid": "482012111002", "jobs_transit_45": 460892}}, {"type": "Feature", "geometry": {"type": "Polygon", "coordinates": [[[-95.44638, 29.64112], [-95.44632, 29.63657], [-95.44123, 29.63664], [-95.44083, 29.6344], [-95.43464, 29.63413], [-95.43475, 29.64031], [-95.4385, 29.64025], [-95.43909, 29.64279], [-95.44638, 29.64112]]]}, "properties": {"geoid": "482013341004", "jobs_transit_45": 132676}}, {"type": "Feature", "geometry": {"type": "Polygon", "coordinates": [[[-94.97861, 29.75393], [-94.98075, 29.75141], [-94.97932, 29.75043], [-94.97948, 29.74986], [-94.96999, 29.74997], [-94.96495, 29.75017], [-94.965, 29.75111], [-94.96933, 29.75102], [-94.96946, 29.75421], [-94.97718, 29.75405], [-94.97861, 29.75393]]]}, "properties": {"geoid": "482012537001", "jobs_transit_45": null}}, {"type": "Feature", "geometry": {"type": "Polygon", "coordinates": [[[-95.46507, 29.62168], [-95.46723, 29.62363], [-95.47362, 29.62373], [-95.47455, 29.62135], [-95.47467, 29.6197], [-95.47463, 29.61625], [-95.46498, 29.61638], [-95.46507, 29.62168]]]}, "properties": {"geoid": "482013303022", "jobs_transit_45": 216180}}, {"type": "Feature", "geometry": {"type": "Polygon", "coordinates": [[[-95.55159, 29.68662], [-95.5514, 29.68606], [-95.55142, 29.68357], [-95.55049, 29.68148], [-95.55013, 29.68095], [-95.54855, 29.67979], [-95.55016, 29.67535], [-95.54219, 29.67588], [-95.5368, 29.68087], [-95.53712, 29.68106], [-95.53748, 29.68105], [-95.53903, 29.6802], [-95.54861, 29.68232], [-95.54876, 29.68664], [-95.54877, 29.68711], [-95.54912, 29.68782], [-95.54954, 29.68748], [-95.55159, 29.68662]]]}, "properties": {"geoid": "482014335012", "jobs_transit_45": 134869}}, {"type": "Feature", "geometry": {"type": "Polygon", "coordinates": [[[-95.53789, 29.81217], [-95.53466, 29.81003], [-95.53138, 29.80921], [-95.52616, 29.80981], [-95.52622, 29.81517], [-95.52895, 29.81463], [-95.53228, 29.81513], [-95.53357, 29.81386], [-95.53429, 29.81537], [-95.53691, 29.81535], [-95.53689, 29.81352], [-95.53789, 29.81217]]]}, "properties": {"geoid": "482015221002", "jobs_transit_45": 69858}}, {"type": "Feature", "geometry": {"type": "Polygon", "coordinates": [[[-95.45638, 29.66808], [-95.45643, 29.66439], [-95.44653, 29.66451], [-95.44669, 29.67323], [-95.45302, 29.67318], [-95.45305, 29.67261], [-95.45335, 29.67186], [-95.45638, 29.66808]]]}, "properties": {"geoid": "482014203003", "jobs_transit_45": 139059}}, {"type": "Feature", "geometry": {"type": "Polygon", "coordinates": [[[-95.38074, 29.64997], [-95.38067, 29.64503], [-95.38073, 29.64376], [-95.3727, 29.64389], [-95.37284, 29.64987], [-95.38074, 29.64997]]]}, "properties": {"geoid": "482013313004", "jobs_transit_45": 153151}}, {"type": "Feature", "geometry": {"type": "Polygon", "coordinates": [[[-95.34793, 29.66574], [-95.34803, 29.6634], [-95.34177, 29.66347], [-95.34172, 29.66069], [-95.33658, 29.66074], [-95.33662, 29.66169], [-95.33704, 29.66317], [-95.33714, 29.66391], [-95.3372, 29.66634], [-95.34535, 29.66621], [-95.34761, 29.66678], [-95.34793, 29.66574]]]}, "properties": {"geoid": "482013319002", "jobs_transit_45": 169937}}, {"type": "Feature", "geometry": {"type": "Polygon", "coordinates": [[[-95.07318, 29.65444], [-95.07337, 29.65262], [-95.07333, 29.65186], [-95.05856, 29.65178], [-95.03875, 29.65215], [-95.03918, 29.66515], [-95.05934, 29.6648], [-95.05925, 29.66036], [-95.06026, 29.65754], [-95.0681, 29.65773], [-95.06957, 29.65353], [-95.07318, 29.65444]]]}, "properties": {"geoid": "482013432002", "jobs_transit_45": null}}, {"type": "Feature", "geometry": {"type": "Polygon", "coordinates": [[[-95.27502, 29.66559], [-95.27494, 29.66297], [-95.27172, 29.66299], [-95.27243, 29.66146], [-95.27232, 29.65799], [-95.26961, 29.65806], [-95.26763, 29.65787], [-95.26758, 29.66042], [-95.26706, 29.66538], [-95.2698, 29.66532], [-95.27066, 29.66539], [-95.27204, 29.66564], [-95.27502, 29.66559]]]}, "properties": {"geoid": "482013332022", "jobs_transit_45": 48053}}, {"type": "Feature", "geometry": {"type": "Polygon", "coordinates": [[[-95.11922, 29.58269], [-95.12201, 29.57749], [-95.1096, 29.57238], [-95.10362, 29.58349], [-95.10591, 29.58504], [-95.11262, 29.58537], [-95.11852, 29.58422], [-95.11922, 29.58269]]]}, "properties": {"geoid": "482013404001", "jobs_transit_45": null}}, {"type": "Feature", "geometry": {"type": "Polygon", "coordinates": [[[-95.11573, 29.56101], [-95.11238, 29.55964], [-95.11258, 29.56284], [-95.10998, 29.56671], [-95.10995, 29.56799], [-95.10797, 29.57171], [-95.1096, 29.57238], [-95.11573, 29.56101]]]}, "properties": {"geoid": "482013413013", "jobs_transit_45": null}}, {"type": "Feature", "geometry": {"type": "Polygon", "coordinates": [[[-95.43095, 29.58384], [-95.43103, 29.58351], [-95.42413, 29.58024], [-95.41712, 29.58328], [-95.40836, 29.58287], [-95.40465, 29.58191], [-95.39614, 29.58273], [-95.39272, 29.58174], [-95.38788, 29.5857], [-95.37595, 29.58838], [-95.36876, 29.58488], [-95.36439, 29.58594], [-95.36029, 29.58491], [-95.35623, 29.58699], [-95.35191, 29.58546], [-95.35225, 29.59534], [-95.35507, 29.60456], [-95.35543, 29.60658], [-95.35544, 29.6122], [-95.38023, 29.61231], [-95.38025, 29.61412], [-95.38721, 29.61404], [-95.38685, 29.5993], [-95.3883, 29.59952], [-95.42494, 29.5991], [-95.42559, 29.59924], [-95.42752, 29.59448], [-95.43095, 29.58384]]]}, "properties": {"geoid": "482013308002", "jobs_transit_45": null}}, {"type": "Feature", "geometry": {"type": "Polygon", "coordinates": [[[-95.216, 29.60105], [-95.21601, 29.59928], [-95.2105, 29.59567], [-95.20448, 29.59277], [-95.20324, 29.59442], [-95.20253, 29.59522], [-95.19782, 29.59889], [-95.20217, 29.60323], [-95.20555, 29.60636], [-95.20956, 29.60345], [-95.216, 29.60105]]]}, "properties": {"geoid": "482013504001", "jobs_transit_45": null}}, {"type": "Feature", "geometry": {"type": "Polygon", "coordinates": [[[-95.40215, 29.74823], [-95.40208, 29.74279], [-95.39704, 29.74283], [-95.39438, 29.74416], [-95.39789, 29.74982], [-95.40215, 29.74823]]]}, "properties": {"geoid": "482014104022", "jobs_transit_45": 432738}}, {"type": "Feature", "geometry": {"type": "Polygon", "coordinates": [[[-95.48486, 29.72006], [-95.48481, 29.71643], [-95.47642, 29.71653], [-95.47645, 29.72015], [-95.48486, 29.72006]]]}, "properties": {"geoid": "482014211022", "jobs_transit_45": 232733}}, {"type": "Feature", "geometry": {"type": "Polygon", "coordinates": [[[-95.48469, 29.70918], [-95.48464, 29.70554], [-95.47628, 29.70561], [-95.47635, 29.70927], [-95.48469, 29.70918]]]}, "properties": {"geoid": "482014215002", "jobs_transit_45": 318696}}, {"type": "Feature", "geometry": {"type": "Polygon", "coordinates": [[[-95.22993, 29.82457], [-95.22839, 29.82171], [-95.22987, 29.82054], [-95.23075, 29.81511], [-95.22989, 29.81314], [-95.22492, 29.81398], [-95.22268, 29.81076], [-95.21806, 29.80886], [-95.21695, 29.81], [-95.21263, 29.80989], [-95.20913, 29.81353], [-95.20704, 29.81666], [-95.20787, 29.8181], [-95.20817, 29.82701], [-95.21099, 29.83259], [-95.22993, 29.82457]]]}, "properties": {"geoid": "482012324012", "jobs_transit_45": null}}, {"type": "Feature", "geometry": {"type": "Polygon", "coordinates": [[[-95.24781, 29.73837], [-95.24818, 29.73537], [-95.24669, 29.73527], [-95.24538, 29.73537], [-95.24017, 29.73538], [-95.2403, 29.74561], [-95.24144, 29.74561], [-95.24191, 29.74573], [-95.24452, 29.7457], [-95.24316, 29.74339], [-95.24635, 29.74341], [-95.24781, 29.73837]]]}, "properties": {"geoid": "482012337012", "jobs_transit_45": null}}, {"type": "Feature", "geometry": {"type": "Polygon", "coordinates": [[[-95.41862, 29.95688], [-95.41826, 29.95325], [-95.4179, 29.95154], [-95.41719, 29.94918], [-95.41629, 29.94683], [-95.4152, 29.94362], [-95.41401, 29.94054], [-95.40295, 29.94049], [-95.40392, 29.94358], [-95.40116, 29.94433], [-95.40114, 29.94835], [-95.40361, 29.94908], [-95.40568, 29.95004], [-95.40781, 29.9534], [-95.414, 29.95467], [-95.41862, 29.95688]]]}, "properties": {"geoid": "482012401002", "jobs_transit_45": 499700}}, {"type": "Feature", "geometry": {"type": "Polygon", "coordinates": [[[-95.41064, 29.7444], [-95.41074, 29.74259], [-95.40827, 29.74277], [-95.40626, 29.74274], [-95.40635, 29.74818], [-95.41068, 29.74813], [-95.41064, 29.7444]]]}, "properties": {"geoid": "482014104012", "jobs_transit_45": 441774}}, {"type": "Feature", "geometry": {"type": "Polygon", "coordinates": [[[-95.42746, 29.7061], [-95.42736, 29.70055], [-95.42522, 29.7006], [-95.42517, 29.70101], [-95.42441, 29.70119], [-95.42292, 29.70124], [-95.42303, 29.70613], [-95.42746, 29.7061]]]}, "properties": {"geoid": "482014132012", "jobs_transit_45": 396578}}, {"type": "Feature", "geometry": {"type": "Polygon", "coordinates": [[[-95.44817, 29.74164], [-95.4481, 29.73814], [-95.43663, 29.73827], [-95.43666, 29.74157], [-95.44167, 29.74174], [-95.44817, 29.74164]]]}, "properties": {"geoid": "482014115013", "jobs_transit_45": 465721}}, {"type": "Feature", "geometry": {"type": "Polygon", "coordinates": [[[-95.50114, 29.75416], [-95.50111, 29.75049], [-95.49911, 29.75046], [-95.49676, 29.74999], [-95.49567, 29.74995], [-95.49566, 29.75633], [-95.49952, 29.75522], [-95.50028, 29.75481], [-95.50114, 29.75416]]]}, "properties": {"geoid": "482014315021", "jobs_transit_45": 193419}}, {"type": "Feature", "geometry": {"type": "Polygon", "coordinates": [[[-95.41959, 29.69913], [-95.41961, 29.69752], [-95.41941, 29.6972], [-95.41818, 29.69784], [-95.41803, 29.69739], [-95.41723, 29.69774], [-95.41522, 29.69785], [-95.41489, 29.70073], [-95.41825, 29.70071], [-95.41823, 29.69916], [-95.41959, 29.69913]]]}, "properties": {"geoid": "482014132021", "jobs_transit_45": 390551}}, {"type": "Feature", "geometry": {"type": "Polygon", "coordinates": [[[-95.29656, 29.78757], [-95.2964, 29.78009], [-95.29167, 29.78018], [-95.29177, 29.78763], [-95.29656, 29.78757]]]}, "properties": {"geoid": "482012119003", "jobs_transit_45": 87475}}, {"type": "Feature", "geometry": {"type": "Polygon", "coordinates": [[[-95.30323, 29.78014], [-95.30324, 29.77469], [-95.3011, 29.77477], [-95.30111, 29.77445], [-95.29948, 29.77485], [-95.29328, 29.77736], [-95.29222, 29.7777], [-95.29126, 29.7779], [-95.29167, 29.78018], [-95.30117, 29.78], [-95.30118, 29.78015], [-95.30323, 29.78014]]]}, "properties": {"geoid": "482012124001", "jobs_transit_45": 140231}}, {"type": "Feature", "geometry": {"type": "Polygon", "coordinates": [[[-95.26555, 29.76828], [-95.2763, 29.7681], [-95.27495, 29.76439], [-95.27279, 29.76444], [-95.27257, 29.76027], [-95.26738, 29.76034], [-95.26546, 29.76345], [-95.26555, 29.76828]]]}, "properties": {"geoid": "482012125002", "jobs_transit_45": 31196}}, {"type": "Feature", "geometry": {"type": "Polygon", "coordinates": [[[-95.26803, 29.79181], [-95.26723, 29.79016], [-95.2647, 29.78394], [-95.26349, 29.77862], [-95.26408, 29.77573], [-95.25215, 29.77384], [-95.24486, 29.7738], [-95.24168, 29.77407], [-95.24133, 29.77868], [-95.24292, 29.78074], [-95.24582, 29.78073], [-95.25143, 29.78068], [-95.25157, 29.78656], [-95.24614, 29.78683], [-95.2462, 29.79494], [-95.24728, 29.7949], [-95.2616, 29.7921], [-95.26803, 29.79181]]]}, "properties": {"geoid": "482012326001", "jobs_transit_45": 206008}}, {"type": "Feature", "geometry": {"type": "Polygon", "coordinates": [[[-95.38049, 29.94913], [-95.38392, 29.94938], [-95.38119, 29.9387], [-95.36453, 29.93882], [-95.35625, 29.93896], [-95.35623, 29.94026], [-95.35834, 29.94022], [-95.35877, 29.94015], [-95.35923, 29.94023], [-95.36274, 29.94413], [-95.36841, 29.94562], [-95.37154, 29.94895], [-95.38049, 29.94913]]]}, "properties": {"geoid": "482012415004", "jobs_transit_45": null}}, {"type": "Feature", "geometry": {"type": "Polygon", "coordinates": [[[-95.30833, 29.97207], [-95.30833, 29.96949], [-95.30432, 29.95224], [-95.29059, 29.9522], [-95.27986, 29.97636], [-95.27717, 29.9824], [-95.28158, 29.98277], [-95.29593, 29.98278], [-95.29611, 29.97503], [-95.29729, 29.97336], [-95.298, 29.97302], [-95.30785, 29.97262], [-95.30833, 29.97207]]]}, "properties": {"geoid": "482012415002", "jobs_transit_45": null}}, {"type": "Feature", "geometry": {"type": "Polygon", "coordinates": [[[-95.39481, 29.74394], [-95.39475, 29.73874], [-95.38889, 29.7388], [-95.38895, 29.74327], [-95.38939, 29.74454], [-95.39005, 29.74468], [-95.3933, 29.74466], [-95.39481, 29.74394]]]}, "properties": {"geoid": "482014107011", "jobs_transit_45": 418662}}, {"type": "Feature", "geometry": {"type": "Polygon", "coordinates": [[[-95.44783, 29.72453], [-95.44765, 29.71798], [-95.44695, 29.71677], [-95.44309, 29.71683], [-95.44287, 29.71668], [-95.4412, 29.7167], [-95.44128, 29.72125], [-95.44304, 29.72035], [-95.44312, 29.7246], [-95.44783, 29.72453]]]}, "properties": {"geoid": "482014126002", "jobs_transit_45": 329388}}, {"type": "Feature", "geometry": {"type": "Polygon", "coordinates": [[[-95.63048, 29.97746], [-95.6296, 29.97723], [-95.62926, 29.97721], [-95.62827, 29.97497], [-95.62458, 29.97319], [-95.62365, 29.97311], [-95.62239, 29.9699], [-95.61968, 29.96665], [-95.61994, 29.96508], [-95.6205, 29.96442], [-95.61986, 29.96402], [-95.61752, 29.96294], [-95.61611, 29.96007], [-95.61578, 29.95942], [-95.61131, 29.96198], [-95.61051, 29.96213], [-95.60749, 29.9653], [-95.60739, 29.9655], [-95.60682, 29.96611], [-95.60657, 29.96669], [-95.60544, 29.96781], [-95.60207, 29.97267], [-95.5992, 29.97333], [-95.59796, 29.97393], [-95.59564, 29.97243], [-95.59407, 29.97489], [-95.59088, 29.97359], [-95.59016, 29.97295], [-95.58978, 29.97306], [-95.58868, 29.97375], [-95.58881, 29.97684], [-95.58873, 29.97712], [-95.58839, 29.97755], [-95.59462, 29.97952], [-95.59617, 29.97999], [-95.60042, 29.97508], [-95.61568, 29.988], [-95.61937, 29.98718], [-95.63048, 29.97746]]]}, "properties": {"geoid": "482015543022", "jobs_transit_45": null}}, {"type": "Feature", "geometry": {"type": "Polygon", "coordinates": [[[-95.50558, 29.65603], [-95.50558, 29.65448], [-95.50058, 29.6545], [-95.50091, 29.65669], [-95.50331, 29.65607], [-95.50558, 29.65603]]]}, "properties": {"geoid": "482014224023", "jobs_transit_45": 97469}}, {"type": "Feature", "geometry": {"type": "Polygon", "coordinates": [[[-95.54669, 29.70491], [-95.54667, 29.70394], [-95.54981, 29.70372], [-95.54972, 29.69979], [-95.54737, 29.69965], [-95.54964, 29.69885], [-95.54959, 29.69413], [-95.54689, 29.69429], [-95.54561, 29.69665], [-95.54341, 29.70217], [-95.54309, 29.70495], [-95.54669, 29.70491]]]}, "properties": {"geoid": "482014332013", "jobs_transit_45": 181982}}, {"type": "Feature", "geometry": {"type": "Polygon", "coordinates": [[[-95.62506, 29.95677], [-95.62511, 29.95593], [-95.62433, 29.95593], [-95.62313, 29.95501], [-95.62301, 29.95476], [-95.62303, 29.94747], [-95.61739, 29.94755], [-95.61343, 29.94776], [-95.60903, 29.95109], [-95.60485, 29.95235], [-95.60313, 29.95765], [-95.60342, 29.95979], [-95.60527, 29.96382], [-95.60698, 29.96593], [-95.60749, 29.9653], [-95.61051, 29.96213], [-95.61131, 29.96198], [-95.61578, 29.95942], [-95.61611, 29.96007], [-95.61752, 29.96294], [-95.61986, 29.96402], [-95.62103, 29.96442], [-95.61924, 29.96096], [-95.62118, 29.9587], [-95.62437, 29.95686], [-95.62506, 29.95677]]]}, "properties": {"geoid": "482015523012", "jobs_transit_45": null}}, {"type": "Feature", "geometry": {"type": "Polygon", "coordinates": [[[-95.35559, 29.8197], [-95.3517, 29.81286], [-95.34403, 29.81038], [-95.33626, 29.80827], [-95.3358, 29.80898], [-95.33535, 29.81032], [-95.33525, 29.81159], [-95.33532, 29.81341], [-95.34239, 29.81328], [-95.3421, 29.81984], [-95.35559, 29.8197]]]}, "properties": {"geoid": "482012201001", "jobs_transit_45": 338773}}, {"type": "Feature", "geometry": {"type": "Polygon", "coordinates": [[[-95.36117, 29.81964], [-95.36119, 29.8141], [-95.36123, 29.81381], [-95.35538, 29.81385], [-95.35408, 29.8136], [-95.3517, 29.81286], [-95.35559, 29.8197], [-95.36117, 29.81964]]]}, "properties": {"geoid": "482012202002", "jobs_transit_45": 270230}}, {"type": "Feature", "geometry": {"type": "Polygon", "coordinates": [[[-95.31004, 29.93332], [-95.31005, 29.93139], [-95.30997, 29.93049], [-95.30306, 29.93059], [-95.30008, 29.93071], [-95.29755, 29.93628], [-95.29599, 29.93997], [-95.30155, 29.94], [-95.30344, 29.93994], [-95.30325, 29.93558], [-95.30665, 29.93553], [-95.31004, 29.93332]]]}, "properties": {"geoid": "482012227002", "jobs_transit_45": 27381}}, {"type": "Feature", "geometry": {"type": "Polygon", "coordinates": [[[-95.2462, 29.79494], [-95.24614, 29.78683], [-95.25157, 29.78656], [-95.25143, 29.78068], [-95.24582, 29.78073], [-95.24292, 29.78074], [-95.24133, 29.77868], [-95.24168, 29.77407], [-95.24486, 29.7738], [-95.23616, 29.77386], [-95.22798, 29.77212], [-95.22852, 29.77379], [-95.22997, 29.77635], [-95.23186, 29.77713], [-95.23227, 29.77823], [-95.23378, 29.7807], [-95.23474, 29.78146], [-95.23511, 29.78199], [-95.23559, 29.78243], [-95.23484, 29.78376], [-95.238, 29.78548], [-95.23803, 29.7876], [-95.24054, 29.792], [-95.24277, 29.79354], [-95.24412, 29.79386], [-95.24522, 29.79448], [-95.24529, 29.79495], [-95.2462, 29.79494]]]}, "properties": {"geoid": "482012326002", "jobs_transit_45": 205312}}, {"type": "Feature", "geometry": {"type": "Polygon", "coordinates": [[[-95.21892, 29.80262], [-95.2185, 29.77653], [-95.21828, 29.77584], [-95.21733, 29.77448], [-95.21367, 29.77074], [-95.20795, 29.77132], [-95.20639, 29.7714], [-95.2006, 29.77166], [-95.19703, 29.77154], [-95.19531, 29.77512], [-95.19597, 29.77609], [-95.19674, 29.77664], [-95.1978, 29.7769], [-95.19852, 29.77675], [-95.20011, 29.77546], [-95.20136, 29.77501], [-95.20362, 29.77515], [-95.20435, 29.77525], [-95.20553, 29.77555], [-95.20707, 29.77548], [-95.20793, 29.77605], [-95.20806, 29.77837], [-95.21284, 29.78063], [-95.21488, 29.78617], [-95.21403, 29.78733], [-95.20933, 29.78969], [-95.20553, 29.78889], [-95.20508, 29.78925], [-95.20512, 29.79062], [-95.20621, 29.79227], [-95.20645, 29.79572], [-95.20491, 29.79552], [-95.20407, 29.79713], [-95.20729, 29.80009], [-95.20894, 29.80295], [-95.21199, 29.80496], [-95.2128, 29.80521], [-95.21461, 29.80406], [-95.21892, 29.80262]]]}, "properties": {"geoid": "482012327023", "jobs_transit_45": 204795}}, {"type": "Feature", "geometry": {"type": "Polygon", "coordinates": [[[-95.25826, 29.99], [-95.25886, 29.98761], [-95.25385, 29.98778], [-95.24991, 29.98769], [-95.25, 29.98725], [-95.24677, 29.98727], [-95.24661, 29.98741], [-95.24669, 29.99194], [-95.24517, 29.99574], [-95.25008, 29.99641], [-95.25013, 29.99917], [-95.25741, 29.99916], [-95.25826, 29.99]]]}, "properties": {"geoid": "482012506003", "jobs_transit_45": null}}, {"type": "Feature", "geometry": {"type": "Polygon", "coordinates": [[[-95.26094, 29.97931], [-95.25894, 29.97902], [-95.24842, 29.97915], [-95.25022, 29.98383], [-95.25002, 29.98714], [-95.24991, 29.98769], [-95.25385, 29.98778], [-95.25886, 29.98761], [-95.26094, 29.97931]]]}, "properties": {"geoid": "482012506004", "jobs_transit_45": null}}, {"type": "Feature", "geometry": {"type": "Polygon", "coordinates": [[[-95.20293, 29.99989], [-95.20318, 29.99968], [-95.20339, 29.99929], [-95.20342, 29.99915], [-95.19638, 29.99886], [-95.19332, 29.99881], [-95.19379, 30.00704], [-95.18844, 30.00727], [-95.18988, 30.01469], [-95.19218, 30.01582], [-95.19503, 30.01324], [-95.1978, 30.01297], [-95.19736, 30.01503], [-95.19457, 30.0181], [-95.19379, 30.01866], [-95.19571, 30.01983], [-95.2007, 30.0193], [-95.20175, 30.01672], [-95.20111, 30.01198], [-95.19979, 30.01024], [-95.19932, 30.00948], [-95.19885, 30.00888], [-95.19659, 30.00714], [-95.20001, 30.00038], [-95.20222, 30.00113], [-95.20293, 29.99989]]]}, "properties": {"geoid": "482012507013", "jobs_transit_45": null}}, {"type": "Feature", "geometry": {"type": "Polygon", "coordinates": [[[-95.12465, 29.78748], [-95.12458, 29.78564], [-95.12462, 29.78285], [-95.12401, 29.78285], [-95.11995, 29.78288], [-95.1198, 29.78411], [-95.10879, 29.78741], [-95.11031, 29.79089], [-95.11111, 29.79159], [-95.11132, 29.79209], [-95.11137, 29.79258], [-95.11118, 29.79315], [-95.1109, 29.79349], [-95.11051, 29.79379], [-95.10992, 29.79398], [-95.10939, 29.794], [-95.10893, 29.79391], [-95.10769, 29.79313], [-95.10715, 29.79437], [-95.10747, 29.79544], [-95.10954, 29.7971], [-95.11106, 29.79611], [-95.11649, 29.79607], [-95.11554, 29.7902], [-95.12239, 29.78811], [-95.12465, 29.78748]]]}, "properties": {"geoid": "482012526002", "jobs_transit_45": null}}, {"type": "Feature", "geometry": {"type": "Polygon", "coordinates": [[[-95.07761, 29.90269], [-95.07643, 29.9019], [-95.06353, 29.90191], [-95.06363, 29.90581], [-95.05146, 29.90592], [-95.04133, 29.923], [-95.04153, 29.93034], [-95.06379, 29.91325], [-95.07142, 29.90747], [-95.07761, 29.90269]]]}, "properties": {"geoid": "482012527002", "jobs_transit_45": null}}, {"type": "Feature", "geometry": {"type": "Polygon", "coordinates": [[[-95.40047, 30.04491], [-95.40201, 30.04407], [-95.39766, 30.03802], [-95.39442, 30.03851], [-95.39167, 30.03918], [-95.39265, 30.0414], [-95.39229, 30.04335], [-95.39229, 30.04455], [-95.39322, 30.04439], [-95.3941, 30.04438], [-95.39741, 30.04496], [-95.40047, 30.04491]]]}, "properties": {"geoid": "482012412002", "jobs_transit_45": null}}, {"type": "Feature", "geometry": {"type": "Polygon", "coordinates": [[[-95.4319, 30.05259], [-95.42967, 30.04006], [-95.42937, 30.03565], [-95.42383, 30.03445], [-95.42119, 30.03523], [-95.42064, 30.03556], [-95.41678, 30.03733], [-95.4156, 30.03756], [-95.41478, 30.03762], [-95.41164, 30.03708], [-95.41032, 30.03635], [-95.40813, 30.03339], [-95.40819, 30.03211], [-95.40633, 30.03094], [-95.40544, 30.03112], [-95.4077, 30.04016], [-95.40771, 30.04197], [-95.40864, 30.0465], [-95.41595, 30.04264], [-95.42078, 30.0456], [-95.4205, 30.04962], [-95.42356, 30.05436], [-95.42883, 30.05186], [-95.4319, 30.05259]]]}, "properties": {"geoid": "482012413001", "jobs_transit_45": null}}, {"type": "Feature", "geometry": {"type": "Polygon", "coordinates": [[[-95.38133, 30.08057], [-95.39186, 30.07469], [-95.39984, 30.07007], [-95.40561, 30.06685], [-95.40575, 30.0668], [-95.40535, 30.06626], [-95.40423, 30.06641], [-95.40222, 30.06629], [-95.39621, 30.06308], [-95.39367, 30.0629], [-95.39171, 30.06348], [-95.37928, 30.0703], [-95.37294, 30.07403], [-95.36989, 30.0739], [-95.36666, 30.07765], [-95.36957, 30.07796], [-95.37375, 30.08031], [-95.37433, 30.08591], [-95.37924, 30.08748], [-95.38477, 30.08778], [-95.38605, 30.08495], [-95.38133, 30.08057]]]}, "properties": {"geoid": "482012414003", "jobs_transit_45": null}}, {"type": "Feature", "geometry": {"type": "Polygon", "coordinates": [[[-95.0577, 29.84167], [-95.05753, 29.83235], [-95.05756, 29.82995], [-95.05738, 29.82308], [-95.04679, 29.82331], [-95.04431, 29.82325], [-95.03432, 29.82345], [-95.03441, 29.82351], [-95.03492, 29.82734], [-95.04292, 29.82743], [-95.04446, 29.83121], [-95.04453, 29.83475], [-95.04769, 29.83483], [-95.04911, 29.84174], [-95.0577, 29.84167]]]}, "properties": {"geoid": "482012529004", "jobs_transit_45": null}}, {"type": "Feature", "geometry": {"type": "Polygon", "coordinates": [[[-95.08967, 29.79983], [-95.08864, 29.79881], [-95.08667, 29.7982], [-95.08597, 29.79824], [-95.08322, 29.79872], [-95.07613, 29.80158], [-95.07344, 29.80261], [-95.07013, 29.80333], [-95.06542, 29.80287], [-95.06229, 29.80185], [-95.0589, 29.80034], [-95.05672, 29.79777], [-95.05733, 29.79528], [-95.05814, 29.79424], [-95.06083, 29.79252], [-95.05737, 29.79102], [-95.05662, 29.79266], [-95.05527, 29.79626], [-95.05582, 29.79896], [-95.05598, 29.80067], [-95.05591, 29.80431], [-95.05699, 29.81093], [-95.05718, 29.81624], [-95.07344, 29.81588], [-95.07713, 29.81442], [-95.08967, 29.79983]]]}, "properties": {"geoid": "482012529002", "jobs_transit_45": null}}, {"type": "Feature", "geometry": {"type": "Polygon", "coordinates": [[[-95.05662, 29.79266], [-95.05727, 29.79134], [-95.05737, 29.79102], [-95.05701, 29.79089], [-95.05603, 29.79065], [-95.05241, 29.79052], [-95.0498, 29.79098], [-95.04916, 29.79116], [-95.03188, 29.79763], [-95.03209, 29.80746], [-95.03326, 29.8117], [-95.05702, 29.81122], [-95.05591, 29.80431], [-95.05598, 29.80067], [-95.05582, 29.79896], [-95.05527, 29.79626], [-95.05662, 29.79266]]]}, "properties": {"geoid": "482012529003", "jobs_transit_45": null}}, {"type": "Feature", "geometry": {"type": "Polygon", "coordinates": [[[-95.13172, 30.01286], [-95.12952, 29.99393], [-95.13131, 29.98779], [-95.12586, 29.99036], [-95.12169, 29.98952], [-95.10052, 29.98956], [-95.09148, 29.98986], [-95.08915, 29.98031], [-95.08669, 29.96962], [-95.06168, 29.96992], [-95.06183, 29.98032], [-95.0491, 29.98058], [-95.04972, 29.98898], [-95.03897, 29.9896], [-95.02182, 29.98978], [-95.0222, 29.99169], [-95.02574, 29.99174], [-95.02678, 29.99674], [-95.03119, 29.99333], [-95.04514, 30.02921], [-95.04845, 30.03859], [-95.05015, 30.03786], [-95.08384, 30.02524], [-95.09182, 30.02213], [-95.09752, 30.02086], [-95.11551, 30.01806], [-95.13172, 30.01286]]]}, "properties": {"geoid": "482012517004", "jobs_transit_45": null}}, {"type": "Feature", "geometry": {"type": "Polygon", "coordinates": [[[-95.06317, 29.87993], [-95.06349, 29.87341], [-95.06003, 29.86261], [-95.05975, 29.86153], [-95.05827, 29.84855], [-95.0577, 29.84167], [-95.04083, 29.84193], [-95.0279, 29.84209], [-95.02818, 29.85731], [-95.0351, 29.85747], [-95.03525, 29.86537], [-95.03575, 29.87665], [-95.04688, 29.87995], [-95.04758, 29.88005], [-95.06317, 29.87993]]]}, "properties": {"geoid": "482012528003", "jobs_transit_45": null}}, {"type": "Feature", "geometry": {"type": "Polygon", "coordinates": [[[-95.03334, 29.81201], [-95.03213, 29.80762], [-95.02386, 29.80776], [-95.02326, 29.80747], [-95.02318, 29.8062], [-95.02208, 29.80416], [-95.01813, 29.80424], [-95.0167, 29.8001], [-95.01358, 29.80012], [-95.01101, 29.80022], [-95.00477, 29.80115], [-95.00507, 29.80141], [-95.00534, 29.80181], [-95.00765, 29.80564], [-95.01249, 29.80921], [-95.01328, 29.8118], [-95.01684, 29.81238], [-95.03334, 29.81201]]]}, "properties": {"geoid": "482012530002", "jobs_transit_45": null}}, {"type": "Feature", "geometry": {"type": "Polygon", "coordinates": [[[-95.04911, 29.84174], [-95.04769, 29.83483], [-95.04453, 29.83475], [-95.04446, 29.83121], [-95.04292, 29.82743], [-95.03492, 29.82734], [-95.03441, 29.82351], [-95.03432, 29.82345], [-95.03632, 29.82337], [-95.03535, 29.8193], [-95.03334, 29.81201], [-95.01684, 29.81238], [-95.01328, 29.8118], [-95.01249, 29.80921], [-95.00765, 29.80564], [-95.00534, 29.80181], [-95.00507, 29.80141], [-95.00477, 29.80115], [-94.99759, 29.80228], [-94.99924, 29.80849], [-94.99936, 29.82007], [-94.99763, 29.82009], [-95.00167, 29.83843], [-95.00273, 29.84054], [-95.00281, 29.84239], [-95.04083, 29.84193], [-95.04911, 29.84174]]]}, "properties": {"geoid": "482012530003", "jobs_transit_45": null}}, {"type": "Feature", "geometry": {"type": "Polygon", "coordinates": [[[-95.26631, 29.95678], [-95.26637, 29.95597], [-95.26148, 29.95817], [-95.25381, 29.96168], [-95.25034, 29.962], [-95.24616, 29.96201], [-95.24555, 29.96212], [-95.24482, 29.96238], [-95.24414, 29.96278], [-95.22985, 29.9726], [-95.21744, 29.97934], [-95.22366, 29.98062], [-95.2334, 29.97828], [-95.2413, 29.97896], [-95.25894, 29.97902], [-95.26094, 29.97931], [-95.26631, 29.95678]]]}, "properties": {"geoid": "482012501003", "jobs_transit_45": null}}, {"type": "Feature", "geometry": {"type": "Polygon", "coordinates": [[[-95.05738, 29.82308], [-95.05702, 29.81122], [-95.03326, 29.8117], [-95.03535, 29.8193], [-95.03632, 29.82337], [-95.04431, 29.82325], [-95.04679, 29.82331], [-95.05738, 29.82308]]]}, "properties": {"geoid": "482012529005", "jobs_transit_45": null}}, {"type": "Feature", "geometry": {"type": "Polygon", "coordinates": [[[-95.09187, 29.91457], [-95.09229, 29.91134], [-95.09209, 29.91064], [-95.08755, 29.91103], [-95.08093, 29.9115], [-95.0753, 29.91488], [-95.06961, 29.91457], [-95.0715, 29.92434], [-95.07814, 29.92335], [-95.08425, 29.92297], [-95.08875, 29.92414], [-95.09111, 29.91851], [-95.09185, 29.91617], [-95.09187, 29.91457]]]}, "properties": {"geoid": "482012519023", "jobs_transit_45": null}}, {"type": "Feature", "geometry": {"type": "Polygon", "coordinates": [[[-95.26847, 29.94245], [-95.26853, 29.9385], [-95.2667, 29.93781], [-95.25613, 29.93482], [-95.24952, 29.93451], [-95.2497, 29.95069], [-95.24962, 29.95143], [-95.24832, 29.95482], [-95.24803, 29.96197], [-95.25034, 29.962], [-95.25381, 29.96168], [-95.26148, 29.95817], [-95.26677, 29.95578], [-95.26818, 29.95452], [-95.26755, 29.95396], [-95.26633, 29.9536], [-95.26655, 29.94733], [-95.26847, 29.94245]]]}, "properties": {"geoid": "482012502002", "jobs_transit_45": null}}, {"type": "Feature", "geometry": {"type": "Polygon", "coordinates": [[[-95.54887, 29.72272], [-95.54886, 29.71899], [-95.53907, 29.71972], [-95.53909, 29.72211], [-95.54095, 29.72279], [-95.54367, 29.72314], [-95.54887, 29.72272]]]}, "properties": {"geoid": "482014324001", "jobs_transit_45": 242531}}, {"type": "Feature", "geometry": {"type": "Polygon", "coordinates": [[[-94.96411, 29.77832], [-94.96402, 29.76119], [-94.96318, 29.76125], [-94.96248, 29.76144], [-94.95412, 29.76274], [-94.9554, 29.76792], [-94.95558, 29.76901], [-94.9563, 29.77172], [-94.95629, 29.77958], [-94.96411, 29.77832]]]}, "properties": {"geoid": "482012538001", "jobs_transit_45": null}}, {"type": "Feature", "geometry": {"type": "Polygon", "coordinates": [[[-94.95629, 29.77958], [-94.95632, 29.77255], [-94.95624, 29.77146], [-94.95558, 29.76901], [-94.9554, 29.76792], [-94.95412, 29.76274], [-94.94599, 29.76406], [-94.94392, 29.76495], [-94.93948, 29.7658], [-94.94085, 29.77149], [-94.9421, 29.77556], [-94.94658, 29.7811], [-94.95629, 29.77958]]]}, "properties": {"geoid": "482012538002", "jobs_transit_45": null}}, {"type": "Feature", "geometry": {"type": "Polygon", "coordinates": [[[-94.96402, 29.76119], [-94.96384, 29.75353], [-94.94524, 29.75644], [-94.94235, 29.75714], [-94.94392, 29.76495], [-94.94599, 29.76406], [-94.96248, 29.76144], [-94.96318, 29.76125], [-94.96402, 29.76119]]]}, "properties": {"geoid": "482012538004", "jobs_transit_45": null}}, {"type": "Feature", "geometry": {"type": "Polygon", "coordinates": [[[-95.14697, 29.8602], [-95.14372, 29.8555], [-95.14358, 29.85146], [-95.13151, 29.85189], [-95.12793, 29.85158], [-95.12799, 29.85464], [-95.12794, 29.8568], [-95.12819, 29.86819], [-95.14697, 29.8602]]]}, "properties": {"geoid": "482012522001", "jobs_transit_45": null}}, {"type": "Feature", "geometry": {"type": "Polygon", "coordinates": [[[-95.18517, 29.84371], [-95.18432, 29.84227], [-95.18186, 29.83988], [-95.17061, 29.82818], [-95.16718, 29.82319], [-95.16416, 29.8152], [-95.1633, 29.80874], [-95.15654, 29.8105], [-95.14963, 29.81303], [-95.14887, 29.81332], [-95.12941, 29.82], [-95.12717, 29.82051], [-95.12793, 29.85158], [-95.13151, 29.85189], [-95.14358, 29.85146], [-95.14372, 29.8555], [-95.14697, 29.8602], [-95.16315, 29.85308], [-95.18517, 29.84371]]]}, "properties": {"geoid": "482012522002", "jobs_transit_45": null}}, {"type": "Feature", "geometry": {"type": "Polygon", "coordinates": [[[-95.13676, 29.7895], [-95.13682, 29.78915], [-95.13682, 29.78902], [-95.12632, 29.78915], [-95.12464, 29.78903], [-95.12452, 29.79257], [-95.12407, 29.79941], [-95.124, 29.80192], [-95.13652, 29.78982], [-95.13676, 29.7895]]]}, "properties": {"geoid": "482012523022", "jobs_transit_45": null}}, {"type": "Feature", "geometry": {"type": "Polygon", "coordinates": [[[-94.95417, 29.75363], [-94.95674, 29.74919], [-94.95705, 29.74867], [-94.95649, 29.74876], [-94.9546, 29.74001], [-94.95389, 29.73986], [-94.95241, 29.74199], [-94.9449, 29.751], [-94.94243, 29.75612], [-94.94036, 29.75743], [-94.94235, 29.75714], [-94.94524, 29.75644], [-94.95317, 29.7552], [-94.95417, 29.75363]]]}, "properties": {"geoid": "482012541001", "jobs_transit_45": null}}, {"type": "Feature", "geometry": {"type": "Polygon", "coordinates": [[[-94.96384, 29.75353], [-94.96374, 29.75031], [-94.9638, 29.75], [-94.96375, 29.74621], [-94.95909, 29.74697], [-94.95937, 29.74829], [-94.95705, 29.74867], [-94.95417, 29.75363], [-94.95317, 29.7552], [-94.96384, 29.75353]]]}, "properties": {"geoid": "482012541002", "jobs_transit_45": null}}, {"type": "Feature", "geometry": {"type": "Polygon", "coordinates": [[[-94.96367, 29.74159], [-94.96499, 29.73856], [-94.96089, 29.7372], [-94.95814, 29.74074], [-94.9546, 29.74001], [-94.95649, 29.74876], [-94.95937, 29.74829], [-94.95909, 29.74697], [-94.96375, 29.74621], [-94.96367, 29.74159]]]}, "properties": {"geoid": "482012541003", "jobs_transit_45": null}}, {"type": "Feature", "geometry": {"type": "Polygon", "coordinates": [[[-94.97156, 29.72354], [-94.97156, 29.72277], [-94.96572, 29.7227], [-94.96299, 29.72325], [-94.96068, 29.72493], [-94.96027, 29.72562], [-94.95985, 29.72657], [-94.96202, 29.72716], [-94.96895, 29.72947], [-94.96951, 29.72861], [-94.96974, 29.72808], [-94.97156, 29.72354]]]}, "properties": {"geoid": "482012542002", "jobs_transit_45": null}}, {"type": "Feature", "geometry": {"type": "Polygon", "coordinates": [[[-94.96612, 29.73603], [-94.96782, 29.7321], [-94.96265, 29.73039], [-94.96027, 29.73112], [-94.95912, 29.73372], [-94.96612, 29.73603]]]}, "properties": {"geoid": "482012542003", "jobs_transit_45": null}}, {"type": "Feature", "geometry": {"type": "Polygon", "coordinates": [[[-94.94186, 29.77473], [-94.94085, 29.77149], [-94.93948, 29.7658], [-94.92969, 29.76732], [-94.92909, 29.76734], [-94.92779, 29.7692], [-94.92856, 29.77285], [-94.92422, 29.7736], [-94.92471, 29.77631], [-94.92157, 29.77688], [-94.92309, 29.78304], [-94.92688, 29.78484], [-94.92802, 29.79027], [-94.9324, 29.78958], [-94.93197, 29.78744], [-94.9347, 29.78657], [-94.93608, 29.78415], [-94.93637, 29.78428], [-94.94186, 29.77473]]]}, "properties": {"geoid": "482012532004", "jobs_transit_45": null}}, {"type": "Feature", "geometry": {"type": "Polygon", "coordinates": [[[-95.04333, 29.78741], [-95.04341, 29.78722], [-95.04327, 29.78644], [-95.04555, 29.7839], [-95.04839, 29.77951], [-95.04552, 29.77775], [-95.04333, 29.77315], [-95.04052, 29.77389], [-95.03691, 29.77114], [-95.03319, 29.77094], [-95.03185, 29.77233], [-95.03204, 29.78263], [-95.04333, 29.78741]]]}, "properties": {"geoid": "482012533001", "jobs_transit_45": null}}, {"type": "Feature", "geometry": {"type": "Polygon", "coordinates": [[[-94.99075, 29.78038], [-94.99065, 29.77558], [-94.99469, 29.77565], [-94.99518, 29.77108], [-94.99379, 29.77098], [-94.99264, 29.77064], [-94.99131, 29.77008], [-94.99032, 29.76984], [-94.98969, 29.76975], [-94.97756, 29.76976], [-94.97769, 29.77614], [-94.97761, 29.77796], [-94.98722, 29.7798], [-94.99075, 29.78038]]]}, "properties": {"geoid": "482012535001", "jobs_transit_45": null}}, {"type": "Feature", "geometry": {"type": "Polygon", "coordinates": [[[-95.03763, 29.78679], [-95.03984, 29.78595], [-95.0278, 29.78084], [-95.02308, 29.77887], [-95.02036, 29.77691], [-95.01923, 29.77557], [-95.01481, 29.77114], [-95.01408, 29.77163], [-95.01382, 29.77194], [-95.01383, 29.77644], [-95.00879, 29.77651], [-95.00731, 29.77088], [-94.99973, 29.77105], [-95.00015, 29.77575], [-95.00201, 29.77848], [-95.00175, 29.78092], [-95.00216, 29.78224], [-95.03189, 29.78697], [-95.03763, 29.78679]]]}, "properties": {"geoid": "482012535003", "jobs_transit_45": null}}, {"type": "Feature", "geometry": {"type": "Polygon", "coordinates": [[[-95.1633, 29.80874], [-95.16322, 29.79823], [-95.16291, 29.79609], [-95.1576, 29.79616], [-95.15649, 29.79995], [-95.15574, 29.80037], [-95.15554, 29.80104], [-95.15588, 29.80166], [-95.15866, 29.80222], [-95.16074, 29.80321], [-95.16077, 29.80381], [-95.16115, 29.80477], [-95.15831, 29.8056], [-95.15774, 29.80596], [-95.15715, 29.80676], [-95.15657, 29.80711], [-95.15702, 29.80819], [-95.15856, 29.80905], [-95.1587, 29.80936], [-95.1587, 29.80995], [-95.1633, 29.80874]]]}, "properties": {"geoid": "482012523012", "jobs_transit_45": null}}, {"type": "Feature", "geometry": {"type": "Polygon", "coordinates": [[[-95.14028, 29.78898], [-95.13982, 29.78236], [-95.13551, 29.78365], [-95.13505, 29.78408], [-95.1286, 29.78471], [-95.1282, 29.78388], [-95.12458, 29.78496], [-95.12464, 29.78903], [-95.12632, 29.78915], [-95.14028, 29.78898]]]}, "properties": {"geoid": "482012524001", "jobs_transit_45": null}}, {"type": "Feature", "geometry": {"type": "Polygon", "coordinates": [[[-95.54886, 29.71899], [-95.54877, 29.7168], [-95.54601, 29.71289], [-95.54344, 29.71399], [-95.54609, 29.71732], [-95.54052, 29.71793], [-95.54154, 29.71394], [-95.54027, 29.71367], [-95.53894, 29.71364], [-95.53907, 29.71972], [-95.54886, 29.71899]]]}, "properties": {"geoid": "482014330013", "jobs_transit_45": 237730}}, {"type": "Feature", "geometry": {"type": "Polygon", "coordinates": [[[-94.97282, 29.74651], [-94.97205, 29.744], [-94.97144, 29.74171], [-94.96491, 29.74184], [-94.96401, 29.74084], [-94.96367, 29.74159], [-94.96377, 29.7467], [-94.97282, 29.74651]]]}, "properties": {"geoid": "482012543001", "jobs_transit_45": null}}, {"type": "Feature", "geometry": {"type": "Polygon", "coordinates": [[[-94.98356, 29.74265], [-94.98474, 29.74062], [-94.98341, 29.73692], [-94.98072, 29.73641], [-94.97765, 29.7354], [-94.98024, 29.73929], [-94.97579, 29.74275], [-94.97482, 29.74656], [-94.97282, 29.74651], [-94.96377, 29.7467], [-94.9638, 29.75], [-94.96374, 29.75031], [-94.96697, 29.75006], [-94.96999, 29.74997], [-94.97948, 29.74986], [-94.97958, 29.74948], [-94.98266, 29.74849], [-94.98249, 29.74771], [-94.98277, 29.7448], [-94.98306, 29.7434], [-94.9832, 29.74297], [-94.98356, 29.74265]]]}, "properties": {"geoid": "482012543003", "jobs_transit_45": null}}, {"type": "Feature", "geometry": {"type": "Polygon", "coordinates": [[[-94.97282, 29.74651], [-94.97482, 29.74656], [-94.97579, 29.74275], [-94.98024, 29.73929], [-94.97765, 29.7354], [-94.97275, 29.73373], [-94.97075, 29.73831], [-94.97205, 29.744], [-94.97282, 29.74651]]]}, "properties": {"geoid": "482012543004", "jobs_transit_45": null}}, {"type": "Feature", "geometry": {"type": "Polygon", "coordinates": [[[-95.24962, 29.95143], [-95.24965, 29.95118], [-95.24957, 29.95106], [-95.24916, 29.95078], [-95.24778, 29.94957], [-95.24198, 29.94886], [-95.23828, 29.94689], [-95.23591, 29.94469], [-95.236, 29.94238], [-95.23451, 29.93994], [-95.23133, 29.94365], [-95.22936, 29.94441], [-95.22798, 29.9448], [-95.22591, 29.9454], [-95.22358, 29.94638], [-95.21853, 29.95115], [-95.21867, 29.97102], [-95.21922, 29.97127], [-95.21907, 29.97847], [-95.22985, 29.9726], [-95.24455, 29.96252], [-95.24525, 29.9622], [-95.24586, 29.96205], [-95.24803, 29.96197], [-95.24832, 29.95482], [-95.24962, 29.95143]]]}, "properties": {"geoid": "482012503011", "jobs_transit_45": null}}, {"type": "Feature", "geometry": {"type": "Polygon", "coordinates": [[[-95.01214, 29.77057], [-95.01334, 29.76987], [-95.01211, 29.76868], [-95.01061, 29.76745], [-95.00624, 29.76302], [-95.0055, 29.76304], [-94.99941, 29.7631], [-94.99965, 29.76323], [-95.00012, 29.76767], [-95.00006, 29.76864], [-94.99973, 29.77105], [-95.01214, 29.77057]]]}, "properties": {"geoid": "482012536001", "jobs_transit_45": null}}, {"type": "Feature", "geometry": {"type": "Polygon", "coordinates": [[[-95.0055, 29.76304], [-95.00624, 29.76302], [-95.0037, 29.76029], [-95.00225, 29.75922], [-94.99562, 29.75574], [-94.99463, 29.75718], [-94.9938, 29.75813], [-94.99289, 29.75875], [-94.99149, 29.75931], [-94.99812, 29.76257], [-94.99941, 29.7631], [-95.0055, 29.76304]]]}, "properties": {"geoid": "482012536002", "jobs_transit_45": null}}, {"type": "Feature", "geometry": {"type": "Polygon", "coordinates": [[[-95.00006, 29.76864], [-95.00012, 29.76767], [-94.99965, 29.76323], [-94.99812, 29.76257], [-94.99149, 29.75931], [-94.9884, 29.76033], [-94.98597, 29.7607], [-94.97848, 29.76124], [-94.97737, 29.76128], [-94.97756, 29.76976], [-94.98969, 29.76975], [-94.99093, 29.76997], [-94.99309, 29.77079], [-94.9942, 29.77103], [-94.99571, 29.77109], [-94.99973, 29.77105], [-95.00006, 29.76864]]]}, "properties": {"geoid": "482012536003", "jobs_transit_45": null}}, {"type": "Feature", "geometry": {"type": "Polygon", "coordinates": [[[-94.9884, 29.76033], [-94.99193, 29.75915], [-94.99324, 29.75856], [-94.99407, 29.75787], [-94.99547, 29.75593], [-94.99562, 29.75574], [-94.99244, 29.75395], [-94.99048, 29.75207], [-94.98771, 29.74819], [-94.98346, 29.74274], [-94.9832, 29.74297], [-94.98306, 29.7434], [-94.98277, 29.7448], [-94.98249, 29.74771], [-94.98266, 29.74849], [-94.97958, 29.74948], [-94.97932, 29.75043], [-94.98075, 29.75141], [-94.97861, 29.75393], [-94.9772, 29.75472], [-94.97737, 29.76128], [-94.97848, 29.76124], [-94.98597, 29.7607], [-94.9884, 29.76033]]]}, "properties": {"geoid": "482012536004", "jobs_transit_45": null}}, {"type": "Feature", "geometry": {"type": "Polygon", "coordinates": [[[-94.97737, 29.76128], [-94.97718, 29.75405], [-94.96946, 29.75421], [-94.96933, 29.75102], [-94.965, 29.75111], [-94.96495, 29.75017], [-94.96374, 29.75031], [-94.96402, 29.76128], [-94.96784, 29.76144], [-94.97737, 29.76128]]]}, "properties": {"geoid": "482012537002", "jobs_transit_45": null}}, {"type": "Feature", "geometry": {"type": "Polygon", "coordinates": [[[-94.97201, 29.7765], [-94.97175, 29.76873], [-94.97065, 29.76462], [-94.97045, 29.76202], [-94.97055, 29.76138], [-94.96784, 29.76144], [-94.96402, 29.76128], [-94.9641, 29.77767], [-94.97155, 29.77751], [-94.97156, 29.77724], [-94.97201, 29.7765]]]}, "properties": {"geoid": "482012537003", "jobs_transit_45": null}}, {"type": "Feature", "geometry": {"type": "Polygon", "coordinates": [[[-95.42173, 30.03039], [-95.42096, 30.02923], [-95.42056, 30.02795], [-95.42049, 30.02725], [-95.42062, 30.02434], [-95.42057, 30.02357], [-95.41381, 30.02486], [-95.41398, 30.03342], [-95.41546, 30.03544], [-95.41547, 30.03671], [-95.41538, 30.03758], [-95.41678, 30.03733], [-95.42064, 30.03556], [-95.42093, 30.03541], [-95.42173, 30.03039]]]}, "properties": {"geoid": "482012408011", "jobs_transit_45": 86829}}, {"type": "Feature", "geometry": {"type": "Polygon", "coordinates": [[[-95.40544, 30.03112], [-95.4043, 30.02665], [-95.40253, 30.02697], [-95.40123, 30.02706], [-95.40003, 30.02701], [-95.39868, 30.02674], [-95.39688, 30.02612], [-95.3942, 30.0249], [-95.38609, 30.02152], [-95.38011, 30.02038], [-95.38126, 30.02455], [-95.38087, 30.03021], [-95.38242, 30.04037], [-95.38452, 30.03823], [-95.38885, 30.03648], [-95.39441, 30.0363], [-95.39576, 30.03566], [-95.39605, 30.03585], [-95.39753, 30.03567], [-95.40016, 30.03597], [-95.40426, 30.03325], [-95.40544, 30.03112]]]}, "properties": {"geoid": "482012408022", "jobs_transit_45": null}}, {"type": "Feature", "geometry": {"type": "Polygon", "coordinates": [[[-95.16921, 30.00912], [-95.16965, 30.00777], [-95.16816, 30.00734], [-95.16697, 30.00676], [-95.16584, 30.00592], [-95.16523, 30.00526], [-95.16228, 29.99859], [-95.15361, 30.0031], [-95.15407, 30.0036], [-95.15791, 30.00909], [-95.16537, 30.01168], [-95.16921, 30.00912]]]}, "properties": {"geoid": "482012508001", "jobs_transit_45": null}}, {"type": "Feature", "geometry": {"type": "Polygon", "coordinates": [[[-95.16139, 30.05088], [-95.16083, 30.05093], [-95.15994, 30.05127], [-95.15752, 30.05096], [-95.15444, 30.04867], [-95.14882, 30.04972], [-95.15019, 30.05194], [-95.15337, 30.05243], [-95.15116, 30.05484], [-95.14977, 30.05611], [-95.15018, 30.0563], [-95.15038, 30.0565], [-95.15169, 30.05836], [-95.15278, 30.05893], [-95.15769, 30.05959], [-95.15951, 30.05528], [-95.16026, 30.0547], [-95.16092, 30.05433], [-95.1606, 30.05327], [-95.16139, 30.05088]]]}, "properties": {"geoid": "482012509001", "jobs_transit_45": null}}, {"type": "Feature", "geometry": {"type": "Polygon", "coordinates": [[[-95.21881, 30.04177], [-95.21897, 30.03917], [-95.21789, 30.03539], [-95.21712, 30.03376], [-95.21338, 30.02796], [-95.2118, 30.02405], [-95.21095, 30.0241], [-95.2046, 30.02609], [-95.20085, 30.02604], [-95.19778, 30.02462], [-95.19648, 30.02424], [-95.19679, 30.02552], [-95.19663, 30.02751], [-95.19985, 30.03286], [-95.19785, 30.03799], [-95.19689, 30.04317], [-95.19849, 30.04302], [-95.20099, 30.04333], [-95.21103, 30.0466], [-95.21622, 30.04894], [-95.21832, 30.04395], [-95.21881, 30.04177]]]}, "properties": {"geoid": "482012510002", "jobs_transit_45": null}}, {"type": "Feature", "geometry": {"type": "Polygon", "coordinates": [[[-95.54154, 29.71394], [-95.54052, 29.71793], [-95.54609, 29.71732], [-95.54344, 29.71399], [-95.54154, 29.71394]]]}, "properties": {"geoid": "482014330012", "jobs_transit_45": 237483}}, {"type": "Feature", "geometry": {"type": "Polygon", "coordinates": [[[-95.22703, 30.04936], [-95.22697, 30.04423], [-95.22697, 30.03629], [-95.22614, 30.03629], [-95.22433, 30.04385], [-95.22132, 30.04316], [-95.21855, 30.0429], [-95.21832, 30.04395], [-95.21622, 30.04894], [-95.21954, 30.05024], [-95.22311, 30.05091], [-95.22694, 30.05106], [-95.22703, 30.04936]]]}, "properties": {"geoid": "482012511001", "jobs_transit_45": null}}, {"type": "Feature", "geometry": {"type": "Polygon", "coordinates": [[[-95.22697, 30.03629], [-95.22704, 30.03563], [-95.22685, 30.03475], [-95.22653, 30.03404], [-95.22564, 30.03327], [-95.22427, 30.0328], [-95.21962, 30.03054], [-95.21534, 30.02941], [-95.21435, 30.02943], [-95.21712, 30.03376], [-95.21789, 30.03539], [-95.21897, 30.03917], [-95.21881, 30.04177], [-95.21855, 30.0429], [-95.22132, 30.04316], [-95.22433, 30.04385], [-95.22614, 30.03629], [-95.22697, 30.03629]]]}, "properties": {"geoid": "482012511002", "jobs_transit_45": null}}, {"type": "Feature", "geometry": {"type": "Polygon", "coordinates": [[[-95.24072, 30.04876], [-95.24059, 30.04243], [-95.2354, 30.04248], [-95.23534, 30.04048], [-95.23905, 30.04026], [-95.23909, 30.02863], [-95.23098, 30.0282], [-95.22689, 30.03489], [-95.22705, 30.03552], [-95.22697, 30.03657], [-95.22703, 30.04936], [-95.22694, 30.05106], [-95.22862, 30.05096], [-95.23297, 30.04946], [-95.23914, 30.04932], [-95.24058, 30.04943], [-95.24072, 30.04876]]]}, "properties": {"geoid": "482012511003", "jobs_transit_45": null}}, {"type": "Feature", "geometry": {"type": "Polygon", "coordinates": [[[-95.38242, 30.04037], [-95.38087, 30.03021], [-95.38126, 30.02455], [-95.38011, 30.02038], [-95.33013, 30.01154], [-95.33011, 30.01722], [-95.33005, 30.03049], [-95.33206, 30.02936], [-95.33634, 30.03014], [-95.33681, 30.02882], [-95.34026, 30.02813], [-95.34083, 30.02808], [-95.34438, 30.0285], [-95.34768, 30.02814], [-95.34866, 30.02858], [-95.35034, 30.03108], [-95.35764, 30.03577], [-95.35962, 30.03605], [-95.36574, 30.03156], [-95.36625, 30.0316], [-95.36735, 30.03346], [-95.3679, 30.03488], [-95.36971, 30.0366], [-95.37471, 30.03761], [-95.3777, 30.03938], [-95.38242, 30.04037]]]}, "properties": {"geoid": "482012408021", "jobs_transit_45": null}}, {"type": "Feature", "geometry": {"type": "Polygon", "coordinates": [[[-95.19781, 30.06428], [-95.20022, 30.06301], [-95.19846, 30.06116], [-95.19794, 30.05864], [-95.1934, 30.05718], [-95.18661, 30.05775], [-95.18717, 30.06073], [-95.18717, 30.06152], [-95.18734, 30.06253], [-95.18819, 30.0678], [-95.19221, 30.06745], [-95.19662, 30.06836], [-95.19781, 30.06428]]]}, "properties": {"geoid": "482012513001", "jobs_transit_45": null}}, {"type": "Feature", "geometry": {"type": "Polygon", "coordinates": [[[-95.24192, 30.04977], [-95.26385, 30.03237], [-95.26126, 30.02792], [-95.25936, 30.0267], [-95.2584, 30.02649], [-95.25802, 30.02651], [-95.25585, 30.03116], [-95.24488, 30.02894], [-95.23909, 30.02863], [-95.23905, 30.04026], [-95.23534, 30.04048], [-95.2354, 30.04248], [-95.24059, 30.04243], [-95.24072, 30.04876], [-95.24058, 30.04943], [-95.24192, 30.04977]]]}, "properties": {"geoid": "482012511005", "jobs_transit_45": null}}, {"type": "Feature", "geometry": {"type": "Polygon", "coordinates": [[[-95.22373, 30.06383], [-95.2267, 30.05752], [-95.22251, 30.05571], [-95.22433, 30.05099], [-95.22311, 30.05091], [-95.21954, 30.05024], [-95.21622, 30.04894], [-95.2154, 30.05044], [-95.21252, 30.05731], [-95.21954, 30.06093], [-95.22104, 30.06208], [-95.22246, 30.06463], [-95.22246, 30.06423], [-95.22373, 30.06383]]]}, "properties": {"geoid": "482012512002", "jobs_transit_45": null}}, {"type": "Feature", "geometry": {"type": "Polygon", "coordinates": [[[-95.24192, 30.04977], [-95.23914, 30.04932], [-95.23297, 30.04946], [-95.22862, 30.05096], [-95.22665, 30.05108], [-95.22433, 30.05099], [-95.22251, 30.05571], [-95.2267, 30.05752], [-95.22373, 30.06383], [-95.22246, 30.06423], [-95.22248, 30.06563], [-95.24192, 30.04977]]]}, "properties": {"geoid": "482012512003", "jobs_transit_45": null}}, {"type": "Feature", "geometry": {"type": "Polygon", "coordinates": [[[-95.21136, 30.06848], [-95.21141, 30.06706], [-95.21105, 30.0671], [-95.20944, 30.06665], [-95.20649, 30.06274], [-95.20491, 30.0616], [-95.20451, 30.06151], [-95.20177, 30.06063], [-95.20145, 30.05739], [-95.2011, 30.05686], [-95.2004, 30.05709], [-95.19967, 30.05717], [-95.19822, 30.05704], [-95.19846, 30.06116], [-95.20022, 30.06301], [-95.19781, 30.06428], [-95.19662, 30.06836], [-95.20391, 30.06855], [-95.20977, 30.06849], [-95.21136, 30.06848]]]}, "properties": {"geoid": "482012513002", "jobs_transit_45": null}}, {"type": "Feature", "geometry": {"type": "Polygon", "coordinates": [[[-95.21141, 30.06463], [-95.21252, 30.05731], [-95.20943, 30.05583], [-95.20051, 30.05609], [-95.20145, 30.05739], [-95.20177, 30.06063], [-95.20451, 30.06151], [-95.20491, 30.0616], [-95.20649, 30.06274], [-95.20944, 30.06665], [-95.21105, 30.0671], [-95.21141, 30.06706], [-95.21141, 30.06463]]]}, "properties": {"geoid": "482012513003", "jobs_transit_45": null}}, {"type": "Feature", "geometry": {"type": "Polygon", "coordinates": [[[-95.2154, 30.05044], [-95.21622, 30.04894], [-95.21103, 30.0466], [-95.20099, 30.04333], [-95.19849, 30.04302], [-95.19442, 30.04351], [-95.19113, 30.04485], [-95.188, 30.04842], [-95.18736, 30.04875], [-95.18845, 30.04996], [-95.18909, 30.04996], [-95.19351, 30.04982], [-95.19451, 30.05031], [-95.19546, 30.05182], [-95.19994, 30.05411], [-95.20051, 30.05609], [-95.20943, 30.05583], [-95.21252, 30.05731], [-95.2154, 30.05044]]]}, "properties": {"geoid": "482012513004", "jobs_transit_45": null}}, {"type": "Feature", "geometry": {"type": "Polygon", "coordinates": [[[-95.2011, 30.05686], [-95.20051, 30.05609], [-95.19994, 30.05411], [-95.19546, 30.05182], [-95.19451, 30.05031], [-95.19351, 30.04982], [-95.18909, 30.04996], [-95.18845, 30.04996], [-95.18736, 30.04875], [-95.18671, 30.04908], [-95.18422, 30.05003], [-95.18572, 30.05476], [-95.18635, 30.05624], [-95.18661, 30.05775], [-95.1934, 30.05718], [-95.19794, 30.05864], [-95.19822, 30.05704], [-95.19967, 30.05717], [-95.2004, 30.05709], [-95.2011, 30.05686]]]}, "properties": {"geoid": "482012513005", "jobs_transit_45": null}}, {"type": "Feature", "geometry": {"type": "Polygon", "coordinates": [[[-95.1557, 29.77375], [-95.15345, 29.7713], [-95.15112, 29.77172], [-95.12452, 29.7782], [-95.12461, 29.78171], [-95.12458, 29.78496], [-95.1282, 29.78388], [-95.1286, 29.78471], [-95.13505, 29.78408], [-95.13551, 29.78365], [-95.14514, 29.78077], [-95.14446, 29.77902], [-95.14892, 29.77754], [-95.15212, 29.77564], [-95.1557, 29.77375]]]}, "properties": {"geoid": "482012524003", "jobs_transit_45": null}}, {"type": "Feature", "geometry": {"type": "Polygon", "coordinates": [[[-95.31818, 30.03447], [-95.31866, 30.03318], [-95.31874, 30.03321], [-95.31849, 30.01483], [-95.31651, 30.01417], [-95.31767, 30.00871], [-95.3183, 30.00707], [-95.31249, 30.00482], [-95.30891, 30.00437], [-95.30896, 30.00563], [-95.3089, 30.00634], [-95.30677, 30.01627], [-95.30692, 30.03107], [-95.311, 30.03289], [-95.31181, 30.03233], [-95.3129, 30.03308], [-95.31339, 30.03306], [-95.31493, 30.03173], [-95.3178, 30.03449], [-95.31818, 30.03447]]]}, "properties": {"geoid": "482012409012", "jobs_transit_45": null}}, {"type": "Feature", "geometry": {"type": "Polygon", "coordinates": [[[-95.54465, 29.7135], [-95.54411, 29.7121], [-95.54318, 29.70573], [-95.54135, 29.70882], [-95.53884, 29.70896], [-95.53894, 29.71364], [-95.54027, 29.71367], [-95.54344, 29.71399], [-95.54465, 29.7135]]]}, "properties": {"geoid": "482014330022", "jobs_transit_45": 301373}}, {"type": "Feature", "geometry": {"type": "Polygon", "coordinates": [[[-95.4993, 29.71685], [-95.49714, 29.71495], [-95.49622, 29.71564], [-95.49013, 29.71637], [-95.49069, 29.71828], [-95.49197, 29.71825], [-95.492, 29.71999], [-95.49316, 29.71997], [-95.49318, 29.72182], [-95.49313, 29.7221], [-95.49319, 29.72225], [-95.4993, 29.71685]]]}, "properties": {"geoid": "482014212023", "jobs_transit_45": 287759}}, {"type": "Feature", "geometry": {"type": "Polygon", "coordinates": [[[-95.19503, 30.07456], [-95.19808, 30.07137], [-95.19662, 30.06836], [-95.19221, 30.06745], [-95.18819, 30.0678], [-95.18923, 30.07247], [-95.19113, 30.0753], [-95.19156, 30.07726], [-95.19195, 30.07841], [-95.19198, 30.07908], [-95.19562, 30.07873], [-95.1965, 30.0785], [-95.19503, 30.07456]]]}, "properties": {"geoid": "482012514022", "jobs_transit_45": null}}, {"type": "Feature", "geometry": {"type": "Polygon", "coordinates": [[[-95.17009, 30.06064], [-95.17013, 30.05985], [-95.17004, 30.05866], [-95.1692, 30.05694], [-95.16832, 30.05348], [-95.16801, 30.05355], [-95.16119, 30.05418], [-95.16026, 30.0547], [-95.15951, 30.05528], [-95.15769, 30.05959], [-95.15562, 30.06269], [-95.15766, 30.06417], [-95.15888, 30.06309], [-95.16689, 30.06187], [-95.1678, 30.06041], [-95.17009, 30.06064]]]}, "properties": {"geoid": "482012515021", "jobs_transit_45": null}}, {"type": "Feature", "geometry": {"type": "Polygon", "coordinates": [[[-95.13205, 30.02116], [-95.13291, 30.01692], [-95.13172, 30.01286], [-95.11551, 30.01806], [-95.09752, 30.02086], [-95.09182, 30.02213], [-95.08994, 30.02291], [-95.08834, 30.02803], [-95.08866, 30.0311], [-95.08899, 30.03197], [-95.11706, 30.03158], [-95.12328, 30.03414], [-95.12924, 30.03205], [-95.13031, 30.02972], [-95.13205, 30.02116]]]}, "properties": {"geoid": "482012517002", "jobs_transit_45": null}}, {"type": "Feature", "geometry": {"type": "Polygon", "coordinates": [[[-95.55214, 29.69408], [-95.5512, 29.69027], [-95.54973, 29.69053], [-95.54617, 29.69057], [-95.54621, 29.69471], [-95.54612, 29.69531], [-95.54561, 29.69665], [-95.54689, 29.69429], [-95.54704, 29.69417], [-95.55214, 29.69408]]]}, "properties": {"geoid": "482014332012", "jobs_transit_45": 173778}}, {"type": "Feature", "geometry": {"type": "Polygon", "coordinates": [[[-95.12452, 29.7782], [-95.1245, 29.77774], [-95.11605, 29.7808], [-95.11451, 29.77704], [-95.10945, 29.77922], [-95.10253, 29.77876], [-95.10298, 29.77331], [-95.10351, 29.77143], [-95.10356, 29.77048], [-95.10128, 29.77051], [-95.10004, 29.76632], [-95.09691, 29.76333], [-95.09101, 29.76523], [-95.08751, 29.76293], [-95.08269, 29.76414], [-95.08005, 29.76525], [-95.07699, 29.77015], [-95.07726, 29.77503], [-95.07569, 29.78008], [-95.07083, 29.7846], [-95.06183, 29.79189], [-95.06083, 29.79252], [-95.06597, 29.79482], [-95.072, 29.79514], [-95.08115, 29.79191], [-95.09219, 29.7899], [-95.10815, 29.78461], [-95.12082, 29.77929], [-95.12452, 29.7782]]]}, "properties": {"geoid": "482012525002", "jobs_transit_45": null}}, {"type": "Feature", "geometry": {"type": "Polygon", "coordinates": [[[-95.10945, 29.77922], [-95.11393, 29.7763], [-95.11391, 29.77504], [-95.10893, 29.77508], [-95.10875, 29.76921], [-95.10878, 29.76845], [-95.10358, 29.76736], [-95.10355, 29.77115], [-95.10298, 29.77331], [-95.10253, 29.77876], [-95.10945, 29.77922]]]}, "properties": {"geoid": "482012525003", "jobs_transit_45": null}}, {"type": "Feature", "geometry": {"type": "Polygon", "coordinates": [[[-95.1245, 29.77774], [-95.12437, 29.77196], [-95.12112, 29.77122], [-95.10878, 29.76845], [-95.10875, 29.76921], [-95.10893, 29.77508], [-95.11391, 29.77504], [-95.11393, 29.7763], [-95.11451, 29.77704], [-95.11605, 29.7808], [-95.1245, 29.77774]]]}, "properties": {"geoid": "482012525004", "jobs_transit_45": null}}, {"type": "Feature", "geometry": {"type": "Polygon", "coordinates": [[[-95.12462, 29.78285], [-95.12452, 29.7782], [-95.12082, 29.77929], [-95.10815, 29.78461], [-95.09219, 29.7899], [-95.08115, 29.79191], [-95.072, 29.79514], [-95.06597, 29.79482], [-95.06083, 29.79252], [-95.05814, 29.79424], [-95.05733, 29.79528], [-95.05672, 29.79777], [-95.0589, 29.80034], [-95.06229, 29.80185], [-95.06542, 29.80287], [-95.07013, 29.80333], [-95.07344, 29.80261], [-95.07613, 29.80158], [-95.08322, 29.79872], [-95.08597, 29.79824], [-95.08667, 29.7982], [-95.08864, 29.79881], [-95.08967, 29.79983], [-95.09254, 29.79632], [-95.09335, 29.80086], [-95.09742, 29.79984], [-95.10308, 29.79714], [-95.10468, 29.79897], [-95.10623, 29.79753], [-95.10842, 29.79647], [-95.10747, 29.79544], [-95.10715, 29.79437], [-95.10769, 29.79313], [-95.10876, 29.79384], [-95.10921, 29.79398], [-95.10974, 29.794], [-95.11029, 29.79389], [-95.11073, 29.79365], [-95.11107, 29.79331], [-95.1113, 29.79285], [-95.11136, 29.79228], [-95.11116, 29.79169], [-95.11099, 29.79145], [-95.11031, 29.79089], [-95.10879, 29.78741], [-95.1198, 29.78411], [-95.11995, 29.78288], [-95.12462, 29.78285]]]}, "properties": {"geoid": "482012526004", "jobs_transit_45": null}}, {"type": "Feature", "geometry": {"type": "Polygon", "coordinates": [[[-95.54601, 29.71289], [-95.54549, 29.70886], [-95.54533, 29.70767], [-95.5453, 29.70494], [-95.53799, 29.705], [-95.53884, 29.70896], [-95.54135, 29.70882], [-95.54318, 29.70573], [-95.54411, 29.7121], [-95.54456, 29.71335], [-95.54465, 29.7135], [-95.54601, 29.71289]]]}, "properties": {"geoid": "482014330021", "jobs_transit_45": 183218}}, {"type": "Feature", "geometry": {"type": "Polygon", "coordinates": [[[-95.55748, 29.71177], [-95.55739, 29.70451], [-95.55073, 29.70486], [-95.5453, 29.70494], [-95.54532, 29.70719], [-95.54953, 29.70715], [-95.54872, 29.71192], [-95.55748, 29.71177]]]}, "properties": {"geoid": "482014330031", "jobs_transit_45": 227625}}, {"type": "Feature", "geometry": {"type": "Polygon", "coordinates": [[[-95.56421, 29.73679], [-95.5642, 29.73621], [-95.56387, 29.73457], [-95.56384, 29.73258], [-95.56399, 29.73144], [-95.56219, 29.73124], [-95.55976, 29.73123], [-95.55972, 29.72904], [-95.55869, 29.729], [-95.55764, 29.72913], [-95.55772, 29.73686], [-95.56421, 29.73679]]]}, "properties": {"geoid": "482014522011", "jobs_transit_45": 215903}}, {"type": "Feature", "geometry": {"type": "Polygon", "coordinates": [[[-95.37594, 29.77729], [-95.37587, 29.77238], [-95.36898, 29.77233], [-95.36808, 29.7724], [-95.3658, 29.7724], [-95.36762, 29.77529], [-95.36797, 29.77624], [-95.36812, 29.77709], [-95.37247, 29.77836], [-95.37594, 29.77729]]]}, "properties": {"geoid": "482015101002", "jobs_transit_45": 458857}}, {"type": "Feature", "geometry": {"type": "Polygon", "coordinates": [[[-95.55772, 29.73686], [-95.55763, 29.72764], [-95.55111, 29.72842], [-95.54732, 29.72881], [-95.54742, 29.73313], [-95.54326, 29.73226], [-95.54315, 29.73289], [-95.54362, 29.73472], [-95.54367, 29.73706], [-95.55772, 29.73686]]]}, "properties": {"geoid": "482014323004", "jobs_transit_45": 290904}}, {"type": "Feature", "geometry": {"type": "Polygon", "coordinates": [[[-95.12819, 29.86819], [-95.12794, 29.8568], [-95.12798, 29.85337], [-95.12774, 29.84564], [-95.12721, 29.82097], [-95.12556, 29.81177], [-95.12474, 29.8067], [-95.10889, 29.80646], [-95.10912, 29.80148], [-95.11319, 29.80162], [-95.10867, 29.7989], [-95.10755, 29.79781], [-95.10704, 29.79768], [-95.10652, 29.79737], [-95.10612, 29.79766], [-95.10563, 29.79847], [-95.10468, 29.79897], [-95.10308, 29.79714], [-95.09742, 29.79984], [-95.09335, 29.80086], [-95.09254, 29.79632], [-95.08967, 29.79983], [-95.09023, 29.80787], [-95.08997, 29.80991], [-95.08968, 29.81397], [-95.08532, 29.81735], [-95.07915, 29.81845], [-95.0795, 29.82236], [-95.07839, 29.82542], [-95.0759, 29.82609], [-95.0663, 29.82396], [-95.06367, 29.82496], [-95.06122, 29.82837], [-95.062, 29.83091], [-95.06308, 29.8319], [-95.06478, 29.83277], [-95.06954, 29.83172], [-95.07708, 29.82961], [-95.08563, 29.8299], [-95.09191, 29.83158], [-95.09994, 29.83623], [-95.10296, 29.83864], [-95.10638, 29.84418], [-95.10411, 29.84539], [-95.1031, 29.84484], [-95.10099, 29.84311], [-95.09689, 29.84568], [-95.09217, 29.84669], [-95.08957, 29.8502], [-95.08928, 29.8515], [-95.09101, 29.85501], [-95.09293, 29.85926], [-95.09397, 29.86094], [-95.09362, 29.86963], [-95.09456, 29.87409], [-95.09419, 29.87662], [-95.09538, 29.88024], [-95.10522, 29.87811], [-95.12819, 29.86819]]]}, "properties": {"geoid": "482012526003", "jobs_transit_45": null}}, {"type": "Feature", "geometry": {"type": "Polygon", "coordinates": [[[-95.53845, 29.7475], [-95.53839, 29.7424], [-95.53631, 29.74221], [-95.53484, 29.74151], [-95.53463, 29.74186], [-95.53448, 29.74245], [-95.53477, 29.7463], [-95.53845, 29.7475]]]}, "properties": {"geoid": "482014311013", "jobs_transit_45": 219278}}, {"type": "Feature", "geometry": {"type": "Polygon", "coordinates": [[[-95.53907, 29.71972], [-95.53894, 29.71449], [-95.52553, 29.71463], [-95.52557, 29.71702], [-95.52, 29.71709], [-95.52003, 29.72026], [-95.52026, 29.72125], [-95.53907, 29.71972]]]}, "properties": {"geoid": "482014329011", "jobs_transit_45": 389677}}, {"type": "Feature", "geometry": {"type": "Polygon", "coordinates": [[[-95.37195, 30.04256], [-95.36681, 30.03755], [-95.36579, 30.03465], [-95.35496, 30.04055], [-95.35809, 30.04479], [-95.35888, 30.04522], [-95.36583, 30.04067], [-95.3686, 30.04443], [-95.37195, 30.04256]]]}, "properties": {"geoid": "482012411023", "jobs_transit_45": null}}, {"type": "Feature", "geometry": {"type": "Polygon", "coordinates": [[[-95.27122, 29.99747], [-95.27717, 29.9824], [-95.27341, 29.98099], [-95.27269, 29.98089], [-95.26524, 29.99986], [-95.26985, 30.00131], [-95.27029, 30.00034], [-95.27122, 29.99747]]]}, "properties": {"geoid": "482012506001", "jobs_transit_45": null}}, {"type": "Feature", "geometry": {"type": "Polygon", "coordinates": [[[-95.29463, 29.72869], [-95.29491, 29.72795], [-95.29434, 29.72771], [-95.28984, 29.72336], [-95.28618, 29.72264], [-95.28876, 29.72976], [-95.2893, 29.73068], [-95.29034, 29.73195], [-95.2905, 29.73206], [-95.29216, 29.73256], [-95.29463, 29.72869]]]}, "properties": {"geoid": "482013111002", "jobs_transit_45": 378313}}, {"type": "Feature", "geometry": {"type": "Polygon", "coordinates": [[[-95.2802, 29.72893], [-95.2905, 29.73206], [-95.29034, 29.73195], [-95.2893, 29.73068], [-95.28876, 29.72976], [-95.28618, 29.72264], [-95.28414, 29.72238], [-95.28339, 29.72262], [-95.28207, 29.7247], [-95.28203, 29.72491], [-95.28212, 29.72647], [-95.28083, 29.7274], [-95.27889, 29.72752], [-95.2802, 29.72893]]]}, "properties": {"geoid": "482013111003", "jobs_transit_45": 378449}}, {"type": "Feature", "geometry": {"type": "Polygon", "coordinates": [[[-95.29572, 29.7257], [-95.29582, 29.72446], [-95.29493, 29.72246], [-95.29486, 29.71412], [-95.29029, 29.71682], [-95.28874, 29.71758], [-95.28513, 29.71968], [-95.28618, 29.72264], [-95.28984, 29.72336], [-95.29434, 29.72771], [-95.29491, 29.72795], [-95.29572, 29.7257]]]}, "properties": {"geoid": "482013112001", "jobs_transit_45": 82237}}, {"type": "Feature", "geometry": {"type": "Polygon", "coordinates": [[[-95.39743, 29.7159], [-95.39492, 29.71443], [-95.39378, 29.71342], [-95.39228, 29.71077], [-95.39464, 29.70622], [-95.39023, 29.70591], [-95.38852, 29.70661], [-95.38769, 29.70665], [-95.38462, 29.7057], [-95.37657, 29.70222], [-95.37462, 29.70176], [-95.37555, 29.70701], [-95.37806, 29.71212], [-95.37874, 29.71195], [-95.3821, 29.71311], [-95.38093, 29.71652], [-95.38304, 29.71762], [-95.3845, 29.72006], [-95.39073, 29.72394], [-95.39133, 29.72358], [-95.39743, 29.7159]]]}, "properties": {"geoid": "482013131001", "jobs_transit_45": 296459}}, {"type": "Feature", "geometry": {"type": "Polygon", "coordinates": [[[-95.37854, 29.71522], [-95.37806, 29.71212], [-95.3737, 29.71385], [-95.37147, 29.71359], [-95.37117, 29.71391], [-95.37018, 29.71535], [-95.36866, 29.71722], [-95.37297, 29.71983], [-95.3735, 29.71812], [-95.37712, 29.71914], [-95.37755, 29.71926], [-95.37823, 29.71691], [-95.37854, 29.71522]]]}, "properties": {"geoid": "482013130002", "jobs_transit_45": 292192}}, {"type": "Feature", "geometry": {"type": "Polygon", "coordinates": [[[-95.37305, 29.72112], [-95.37297, 29.71983], [-95.36866, 29.71722], [-95.36568, 29.72097], [-95.37075, 29.72403], [-95.37305, 29.72112]]]}, "properties": {"geoid": "482013130003", "jobs_transit_45": 423015}}, {"type": "Feature", "geometry": {"type": "Polygon", "coordinates": [[[-95.23929, 29.65253], [-95.23914, 29.64625], [-95.23813, 29.64626], [-95.23782, 29.64379], [-95.23605, 29.64459], [-95.23463, 29.64502], [-95.23315, 29.64522], [-95.23044, 29.64525], [-95.23051, 29.64851], [-95.23019, 29.64962], [-95.23044, 29.65211], [-95.23314, 29.65181], [-95.23346, 29.6526], [-95.23929, 29.65253]]]}, "properties": {"geoid": "482013209003", "jobs_transit_45": null}}, {"type": "Feature", "geometry": {"type": "Polygon", "coordinates": [[[-95.25288, 29.68286], [-95.25264, 29.68264], [-95.25201, 29.68073], [-95.24211, 29.6702], [-95.23554, 29.67032], [-95.23599, 29.67087], [-95.23601, 29.67113], [-95.23734, 29.67279], [-95.23873, 29.67317], [-95.23971, 29.67441], [-95.24088, 29.67642], [-95.24185, 29.67641], [-95.24408, 29.67659], [-95.24647, 29.67981], [-95.24575, 29.68139], [-95.2452, 29.68494], [-95.24675, 29.68608], [-95.24826, 29.68526], [-95.24824, 29.68474], [-95.24952, 29.6845], [-95.25106, 29.68393], [-95.25209, 29.68346], [-95.25288, 29.68286]]]}, "properties": {"geoid": "482013207001", "jobs_transit_45": 30296}}, {"type": "Feature", "geometry": {"type": "Polygon", "coordinates": [[[-95.2988, 29.72089], [-95.29994, 29.71863], [-95.29888, 29.71612], [-95.29871, 29.71222], [-95.29657, 29.71314], [-95.29486, 29.71412], [-95.29493, 29.72246], [-95.29582, 29.72446], [-95.29572, 29.7257], [-95.29491, 29.72795], [-95.29961, 29.72823], [-95.29977, 29.72781], [-95.29842, 29.72578], [-95.29807, 29.7237], [-95.2988, 29.72089]]]}, "properties": {"geoid": "482013112002", "jobs_transit_45": 82190}}, {"type": "Feature", "geometry": {"type": "Polygon", "coordinates": [[[-95.39743, 29.7159], [-95.40433, 29.70717], [-95.40507, 29.70625], [-95.40302, 29.70624], [-95.40212, 29.7014], [-95.39661, 29.703], [-95.39194, 29.70151], [-95.39023, 29.70591], [-95.39464, 29.70622], [-95.39228, 29.71077], [-95.39378, 29.71342], [-95.39492, 29.71443], [-95.39743, 29.7159]]]}, "properties": {"geoid": "482013131002", "jobs_transit_45": 342203}}, {"type": "Feature", "geometry": {"type": "Polygon", "coordinates": [[[-95.35814, 29.70565], [-95.35638, 29.70524], [-95.35422, 29.70461], [-95.35239, 29.70483], [-95.34909, 29.70678], [-95.34866, 29.70413], [-95.34349, 29.70621], [-95.34182, 29.71027], [-95.34152, 29.7118], [-95.34446, 29.71255], [-95.34516, 29.71234], [-95.34694, 29.71115], [-95.35458, 29.70935], [-95.35609, 29.70953], [-95.35655, 29.70971], [-95.35814, 29.70565]]]}, "properties": {"geoid": "482013132001", "jobs_transit_45": 213242}}, {"type": "Feature", "geometry": {"type": "Polygon", "coordinates": [[[-95.36127, 29.70659], [-95.36162, 29.70573], [-95.36086, 29.70549], [-95.36131, 29.70227], [-95.35415, 29.70266], [-95.35241, 29.70293], [-95.34568, 29.70087], [-95.34349, 29.70621], [-95.34866, 29.70413], [-95.34909, 29.70678], [-95.35239, 29.70483], [-95.35422, 29.70461], [-95.35638, 29.70524], [-95.35804, 29.7056], [-95.36127, 29.70659]]]}, "properties": {"geoid": "482013132002", "jobs_transit_45": 324179}}, {"type": "Feature", "geometry": {"type": "Polygon", "coordinates": [[[-95.24948, 29.67035], [-95.24944, 29.66974], [-95.24017, 29.65978], [-95.23564, 29.6631], [-95.24211, 29.6702], [-95.24948, 29.67035]]]}, "properties": {"geoid": "482013208002", "jobs_transit_45": 25341}}, {"type": "Feature", "geometry": {"type": "Polygon", "coordinates": [[[-95.248, 29.64812], [-95.24864, 29.64808], [-95.24662, 29.64496], [-95.24459, 29.64203], [-95.24337, 29.64074], [-95.2415, 29.64207], [-95.23782, 29.64379], [-95.23813, 29.64626], [-95.24601, 29.64614], [-95.248, 29.64812]]]}, "properties": {"geoid": "482013209001", "jobs_transit_45": 22452}}, {"type": "Feature", "geometry": {"type": "Polygon", "coordinates": [[[-95.2516, 29.65251], [-95.24864, 29.64808], [-95.248, 29.64812], [-95.24601, 29.64614], [-95.23914, 29.64625], [-95.23929, 29.65253], [-95.24458, 29.65245], [-95.24917, 29.65222], [-95.24919, 29.65331], [-95.24956, 29.65305], [-95.25014, 29.65282], [-95.2516, 29.65251]]]}, "properties": {"geoid": "482013209002", "jobs_transit_45": null}}, {"type": "Feature", "geometry": {"type": "Polygon", "coordinates": [[[-95.3107, 29.71221], [-95.305, 29.70836], [-95.29657, 29.71314], [-95.29871, 29.71222], [-95.29888, 29.71612], [-95.29994, 29.71863], [-95.2988, 29.72089], [-95.29807, 29.7237], [-95.29842, 29.72578], [-95.29977, 29.72781], [-95.29961, 29.72823], [-95.30221, 29.72983], [-95.30276, 29.73009], [-95.30544, 29.72658], [-95.30495, 29.72264], [-95.30544, 29.72115], [-95.30563, 29.72096], [-95.30863, 29.71939], [-95.30772, 29.71561], [-95.3107, 29.71221]]]}, "properties": {"geoid": "482013112003", "jobs_transit_45": 82256}}, {"type": "Feature", "geometry": {"type": "Polygon", "coordinates": [[[-95.29663, 29.71001], [-95.29663, 29.70694], [-95.29454, 29.70699], [-95.29443, 29.70332], [-95.29155, 29.70383], [-95.29052, 29.70405], [-95.29006, 29.70641], [-95.29014, 29.71014], [-95.29663, 29.71001]]]}, "properties": {"geoid": "482013113002", "jobs_transit_45": 158208}}, {"type": "Feature", "geometry": {"type": "Polygon", "coordinates": [[[-95.37806, 29.71212], [-95.37555, 29.70701], [-95.37462, 29.70176], [-95.37522, 29.70186], [-95.37543, 29.701], [-95.37233, 29.70162], [-95.36131, 29.70227], [-95.36086, 29.70549], [-95.36515, 29.70675], [-95.36988, 29.70587], [-95.37483, 29.70734], [-95.37398, 29.70948], [-95.37147, 29.71359], [-95.3737, 29.71385], [-95.37806, 29.71212]]]}, "properties": {"geoid": "482013132003", "jobs_transit_45": 243308}}, {"type": "Feature", "geometry": {"type": "Polygon", "coordinates": [[[-95.37398, 29.70948], [-95.37483, 29.70734], [-95.36988, 29.70587], [-95.36515, 29.70675], [-95.36162, 29.70573], [-95.36127, 29.70659], [-95.35814, 29.70565], [-95.35655, 29.70971], [-95.35755, 29.71046], [-95.36941, 29.70927], [-95.37147, 29.71359], [-95.37398, 29.70948]]]}, "properties": {"geoid": "482013132004", "jobs_transit_45": 250183}}, {"type": "Feature", "geometry": {"type": "Polygon", "coordinates": [[[-95.23346, 29.6526], [-95.23314, 29.65181], [-95.23044, 29.65211], [-95.23019, 29.64962], [-95.23051, 29.64851], [-95.23044, 29.64525], [-95.22572, 29.64531], [-95.22503, 29.64543], [-95.22379, 29.64586], [-95.22118, 29.64779], [-95.22578, 29.65266], [-95.23346, 29.6526]]]}, "properties": {"geoid": "482013209004", "jobs_transit_45": null}}, {"type": "Feature", "geometry": {"type": "Polygon", "coordinates": [[[-95.233, 29.64522], [-95.23293, 29.64282], [-95.22113, 29.64303], [-95.21608, 29.64236], [-95.22118, 29.64779], [-95.22379, 29.64586], [-95.22538, 29.64535], [-95.233, 29.64522]]]}, "properties": {"geoid": "482013210001", "jobs_transit_45": null}}, {"type": "Feature", "geometry": {"type": "Polygon", "coordinates": [[[-95.33153, 29.71017], [-95.33584, 29.70919], [-95.33431, 29.70402], [-95.33625, 29.69916], [-95.33662, 29.69785], [-95.32986, 29.69564], [-95.32752, 29.69503], [-95.32667, 29.69547], [-95.32753, 29.6983], [-95.33153, 29.71017]]]}, "properties": {"geoid": "482013133001", "jobs_transit_45": 209285}}, {"type": "Feature", "geometry": {"type": "Polygon", "coordinates": [[[-95.34071, 29.69457], [-95.34137, 29.69347], [-95.34049, 29.69329], [-95.33878, 29.69278], [-95.34114, 29.68643], [-95.34095, 29.68571], [-95.33506, 29.68759], [-95.32595, 29.69186], [-95.32695, 29.69531], [-95.32752, 29.69503], [-95.32953, 29.69554], [-95.33895, 29.69862], [-95.34071, 29.69457]]]}, "properties": {"geoid": "482013134002", "jobs_transit_45": 429318}}, {"type": "Feature", "geometry": {"type": "Polygon", "coordinates": [[[-95.35177, 29.69392], [-95.34243, 29.69133], [-95.3436, 29.68838], [-95.34044, 29.68856], [-95.33878, 29.69278], [-95.34049, 29.69329], [-95.34294, 29.69378], [-95.34488, 29.69429], [-95.3509, 29.69615], [-95.35177, 29.69392]]]}, "properties": {"geoid": "482013135001", "jobs_transit_45": 204098}}, {"type": "Feature", "geometry": {"type": "Polygon", "coordinates": [[[-95.35356, 29.68951], [-95.35344, 29.68939], [-95.3476, 29.68759], [-95.34691, 29.68929], [-95.3436, 29.68838], [-95.34243, 29.69133], [-95.35177, 29.69392], [-95.35356, 29.68951]]]}, "properties": {"geoid": "482013135002", "jobs_transit_45": 179395}}, {"type": "Feature", "geometry": {"type": "Polygon", "coordinates": [[[-95.22676, 29.64293], [-95.22689, 29.6423], [-95.22682, 29.6379], [-95.22469, 29.63794], [-95.22376, 29.63483], [-95.22142, 29.63484], [-95.22117, 29.62976], [-95.21103, 29.63699], [-95.21608, 29.64236], [-95.22113, 29.64303], [-95.22676, 29.64293]]]}, "properties": {"geoid": "482013210002", "jobs_transit_45": null}}, {"type": "Feature", "geometry": {"type": "Polygon", "coordinates": [[[-95.22906, 29.62771], [-95.22118, 29.62059], [-95.22072, 29.62085], [-95.22082, 29.62304], [-95.21129, 29.6234], [-95.21137, 29.62522], [-95.20045, 29.62565], [-95.21103, 29.63699], [-95.22295, 29.62852], [-95.22906, 29.62771]]]}, "properties": {"geoid": "482013211002", "jobs_transit_45": null}}, {"type": "Feature", "geometry": {"type": "Polygon", "coordinates": [[[-95.22082, 29.62304], [-95.22079, 29.62254], [-95.21961, 29.62214], [-95.19801, 29.62301], [-95.20045, 29.62565], [-95.21137, 29.62522], [-95.21129, 29.6234], [-95.22082, 29.62304]]]}, "properties": {"geoid": "482013211003", "jobs_transit_45": null}}, {"type": "Feature", "geometry": {"type": "Polygon", "coordinates": [[[-95.20863, 29.63907], [-95.20919, 29.63837], [-95.1957, 29.63862], [-95.20813, 29.65497], [-95.20796, 29.65082], [-95.20774, 29.64191], [-95.20807, 29.64008], [-95.20863, 29.63907]]]}, "properties": {"geoid": "482013212001", "jobs_transit_45": null}}, {"type": "Feature", "geometry": {"type": "Polygon", "coordinates": [[[-95.23455, 29.6905], [-95.22952, 29.68332], [-95.22154, 29.68336], [-95.22162, 29.69063], [-95.22539, 29.69065], [-95.22716, 29.69057], [-95.23455, 29.6905]]]}, "properties": {"geoid": "482013219003", "jobs_transit_45": 11906}}, {"type": "Feature", "geometry": {"type": "Polygon", "coordinates": [[[-95.35595, 29.68322], [-95.35597, 29.68093], [-95.3492, 29.68326], [-95.34095, 29.68571], [-95.34114, 29.68643], [-95.34044, 29.68856], [-95.3436, 29.68838], [-95.34691, 29.68929], [-95.3476, 29.68759], [-95.35344, 29.68939], [-95.35356, 29.68951], [-95.35583, 29.68384], [-95.35595, 29.68322]]]}, "properties": {"geoid": "482013135003", "jobs_transit_45": 179409}}, {"type": "Feature", "geometry": {"type": "Polygon", "coordinates": [[[-95.36224, 29.69216], [-95.36666, 29.68098], [-95.36055, 29.68056], [-95.35597, 29.68093], [-95.35595, 29.68322], [-95.35575, 29.68405], [-95.36126, 29.68573], [-95.35908, 29.69119], [-95.36224, 29.69216]]]}, "properties": {"geoid": "482013136002", "jobs_transit_45": 328309}}, {"type": "Feature", "geometry": {"type": "Polygon", "coordinates": [[[-95.36101, 29.6952], [-95.36411, 29.69611], [-95.36597, 29.69656], [-95.36961, 29.69764], [-95.37018, 29.69618], [-95.36779, 29.69547], [-95.36922, 29.69189], [-95.36312, 29.68997], [-95.36101, 29.6952]]]}, "properties": {"geoid": "482013137001", "jobs_transit_45": 187615}}, {"type": "Feature", "geometry": {"type": "Polygon", "coordinates": [[[-95.37628, 29.69807], [-95.37018, 29.69618], [-95.36961, 29.69764], [-95.36597, 29.69656], [-95.36411, 29.69611], [-95.36101, 29.6952], [-95.35932, 29.69951], [-95.35955, 29.70139], [-95.35954, 29.70193], [-95.35942, 29.70238], [-95.37233, 29.70162], [-95.37543, 29.701], [-95.37628, 29.69807]]]}, "properties": {"geoid": "482013137002", "jobs_transit_45": 243107}}, {"type": "Feature", "geometry": {"type": "Polygon", "coordinates": [[[-95.37344, 29.68906], [-95.37473, 29.68591], [-95.36582, 29.68311], [-95.36462, 29.68632], [-95.37344, 29.68906]]]}, "properties": {"geoid": "482013138002", "jobs_transit_45": 176666}}, {"type": "Feature", "geometry": {"type": "Polygon", "coordinates": [[[-95.24614, 29.68742], [-95.24675, 29.68608], [-95.2452, 29.68494], [-95.24542, 29.68319], [-95.24286, 29.6833], [-95.23033, 29.68339], [-95.22952, 29.68332], [-95.23243, 29.68743], [-95.24162, 29.68735], [-95.24154, 29.69102], [-95.24292, 29.691], [-95.24614, 29.68742]]]}, "properties": {"geoid": "482013218002", "jobs_transit_45": 44757}}, {"type": "Feature", "geometry": {"type": "Polygon", "coordinates": [[[-95.22814, 29.70766], [-95.22813, 29.70155], [-95.22308, 29.7016], [-95.22273, 29.70078], [-95.22254, 29.69897], [-95.22223, 29.69843], [-95.22221, 29.69795], [-95.21979, 29.69798], [-95.21998, 29.7103], [-95.22216, 29.71002], [-95.2231, 29.70983], [-95.22742, 29.70793], [-95.22814, 29.70766]]]}, "properties": {"geoid": "482013219001", "jobs_transit_45": null}}, {"type": "Feature", "geometry": {"type": "Polygon", "coordinates": [[[-95.22813, 29.70155], [-95.22796, 29.69283], [-95.22809, 29.69057], [-95.22539, 29.69065], [-95.22494, 29.69795], [-95.22221, 29.69795], [-95.22223, 29.69843], [-95.22254, 29.69897], [-95.22273, 29.70078], [-95.22308, 29.7016], [-95.22813, 29.70155]]]}, "properties": {"geoid": "482013219002", "jobs_transit_45": null}}, {"type": "Feature", "geometry": {"type": "Polygon", "coordinates": [[[-95.20938, 29.69806], [-95.20928, 29.6908], [-95.20098, 29.69088], [-95.20093, 29.69241], [-95.20105, 29.69813], [-95.20938, 29.69806]]]}, "properties": {"geoid": "482013221001", "jobs_transit_45": null}}, {"type": "Feature", "geometry": {"type": "Polygon", "coordinates": [[[-95.28431, 29.71675], [-95.28247, 29.71387], [-95.27809, 29.70914], [-95.27803, 29.70662], [-95.2807, 29.70656], [-95.2808, 29.70647], [-95.28066, 29.70153], [-95.28026, 29.7014], [-95.28055, 29.70109], [-95.28078, 29.70063], [-95.2802, 29.70099], [-95.27208, 29.70693], [-95.26718, 29.70991], [-95.27807, 29.71324], [-95.28361, 29.71661], [-95.28431, 29.71675]]]}, "properties": {"geoid": "482013115001", "jobs_transit_45": 158650}}, {"type": "Feature", "geometry": {"type": "Polygon", "coordinates": [[[-95.2902, 29.7122], [-95.29014, 29.70937], [-95.28354, 29.70945], [-95.28086, 29.70922], [-95.2808, 29.70647], [-95.2807, 29.70656], [-95.27803, 29.70662], [-95.27809, 29.70914], [-95.28247, 29.71387], [-95.28431, 29.71675], [-95.28596, 29.71678], [-95.28591, 29.71479], [-95.2902, 29.7122]]]}, "properties": {"geoid": "482013115003", "jobs_transit_45": 158643}}, {"type": "Feature", "geometry": {"type": "Polygon", "coordinates": [[[-95.30898, 29.70634], [-95.30523, 29.70359], [-95.30785, 29.69683], [-95.29673, 29.69554], [-95.2947, 29.69565], [-95.29155, 29.6967], [-95.28874, 29.69745], [-95.29013, 29.69861], [-95.29131, 29.69948], [-95.2992, 29.70451], [-95.305, 29.70836], [-95.30898, 29.70634]]]}, "properties": {"geoid": "482013117001", "jobs_transit_45": 356511}}, {"type": "Feature", "geometry": {"type": "Polygon", "coordinates": [[[-95.31684, 29.70961], [-95.31679, 29.70864], [-95.31286, 29.70792], [-95.30906, 29.70633], [-95.305, 29.70836], [-95.3107, 29.71221], [-95.31313, 29.70905], [-95.31425, 29.70876], [-95.315, 29.70895], [-95.31684, 29.70961]]]}, "properties": {"geoid": "482013118003", "jobs_transit_45": 420452}}, {"type": "Feature", "geometry": {"type": "Polygon", "coordinates": [[[-95.3808, 29.68249], [-95.3812, 29.68076], [-95.36666, 29.68098], [-95.36582, 29.68311], [-95.37473, 29.68591], [-95.37577, 29.68322], [-95.37723, 29.68144], [-95.37837, 29.68229], [-95.3787, 29.68333], [-95.3784, 29.68684], [-95.37955, 29.68693], [-95.3808, 29.68249]]]}, "properties": {"geoid": "482013138003", "jobs_transit_45": 180185}}, {"type": "Feature", "geometry": {"type": "Polygon", "coordinates": [[[-95.37628, 29.69807], [-95.37955, 29.68693], [-95.3784, 29.68684], [-95.3787, 29.68333], [-95.37837, 29.68229], [-95.37723, 29.68144], [-95.37577, 29.68322], [-95.37344, 29.68906], [-95.37542, 29.68969], [-95.37373, 29.69399], [-95.36838, 29.69402], [-95.36779, 29.69547], [-95.37628, 29.69807]]]}, "properties": {"geoid": "482013138004", "jobs_transit_45": 68597}}, {"type": "Feature", "geometry": {"type": "Polygon", "coordinates": [[[-95.23774, 29.63739], [-95.23886, 29.63664], [-95.23681, 29.63477], [-95.23084, 29.6349], [-95.2309, 29.63773], [-95.23665, 29.63766], [-95.23774, 29.63739]]]}, "properties": {"geoid": "482013210003", "jobs_transit_45": null}}, {"type": "Feature", "geometry": {"type": "Polygon", "coordinates": [[[-95.23084, 29.6349], [-95.23681, 29.63477], [-95.22906, 29.62771], [-95.22295, 29.62852], [-95.22117, 29.62976], [-95.22142, 29.63484], [-95.22376, 29.63483], [-95.22469, 29.63794], [-95.22979, 29.63785], [-95.2309, 29.63773], [-95.23084, 29.6349]]]}, "properties": {"geoid": "482013210004", "jobs_transit_45": null}}, {"type": "Feature", "geometry": {"type": "Polygon", "coordinates": [[[-95.24337, 29.64074], [-95.23886, 29.63664], [-95.23774, 29.63739], [-95.23665, 29.63766], [-95.22979, 29.63785], [-95.22682, 29.6379], [-95.22691, 29.64184], [-95.22688, 29.64258], [-95.22676, 29.64293], [-95.23293, 29.64282], [-95.233, 29.64522], [-95.23463, 29.64502], [-95.23605, 29.64459], [-95.2415, 29.64207], [-95.24337, 29.64074]]]}, "properties": {"geoid": "482013210005", "jobs_transit_45": null}}, {"type": "Feature", "geometry": {"type": "Polygon", "coordinates": [[[-95.22072, 29.62085], [-95.22118, 29.62059], [-95.21932, 29.61885], [-95.21312, 29.61325], [-95.20555, 29.60636], [-95.19191, 29.61618], [-95.19595, 29.62089], [-95.19801, 29.62301], [-95.21961, 29.62214], [-95.22079, 29.62254], [-95.22072, 29.62085]]]}, "properties": {"geoid": "482013211001", "jobs_transit_45": 101673}}, {"type": "Feature", "geometry": {"type": "Polygon", "coordinates": [[[-95.35051, 29.76001], [-95.35127, 29.75875], [-95.34031, 29.75221], [-95.33465, 29.75995], [-95.33339, 29.76088], [-95.33338, 29.76102], [-95.33793, 29.76222], [-95.34065, 29.76134], [-95.34661, 29.76263], [-95.34768, 29.76652], [-95.35051, 29.76001]]]}, "properties": {"geoid": "482013101001", "jobs_transit_45": 259516}}, {"type": "Feature", "geometry": {"type": "Polygon", "coordinates": [[[-95.33312, 29.74322], [-95.33427, 29.74034], [-95.33459, 29.73954], [-95.33328, 29.73913], [-95.32987, 29.73906], [-95.32776, 29.73802], [-95.32553, 29.74084], [-95.33312, 29.74322]]]}, "properties": {"geoid": "482013103001", "jobs_transit_45": 231111}}, {"type": "Feature", "geometry": {"type": "Polygon", "coordinates": [[[-95.33459, 29.73954], [-95.33491, 29.73874], [-95.33302, 29.73819], [-95.33394, 29.73572], [-95.33142, 29.73517], [-95.33081, 29.73488], [-95.32978, 29.73419], [-95.32972, 29.73422], [-95.32856, 29.737], [-95.32776, 29.73802], [-95.32987, 29.73906], [-95.33328, 29.73913], [-95.33459, 29.73954]]]}, "properties": {"geoid": "482013103002", "jobs_transit_45": 463240}}, {"type": "Feature", "geometry": {"type": "Polygon", "coordinates": [[[-95.34246, 29.74104], [-95.34519, 29.73425], [-95.34049, 29.73054], [-95.33319, 29.7259], [-95.32994, 29.73413], [-95.32978, 29.73419], [-95.33081, 29.73488], [-95.33142, 29.73517], [-95.33394, 29.73572], [-95.33516, 29.73263], [-95.33898, 29.73383], [-95.33683, 29.73932], [-95.34246, 29.74104]]]}, "properties": {"geoid": "482013103003", "jobs_transit_45": 550849}}, {"type": "Feature", "geometry": {"type": "Polygon", "coordinates": [[[-95.33683, 29.73932], [-95.33898, 29.7339], [-95.33893, 29.73381], [-95.33516, 29.73263], [-95.33302, 29.73819], [-95.33683, 29.73932]]]}, "properties": {"geoid": "482013103004", "jobs_transit_45": 482033}}, {"type": "Feature", "geometry": {"type": "Polygon", "coordinates": [[[-95.33021, 29.757], [-95.33947, 29.74517], [-95.33526, 29.7439], [-95.33441, 29.74496], [-95.33288, 29.74976], [-95.33303, 29.75001], [-95.32842, 29.75595], [-95.33021, 29.757]]]}, "properties": {"geoid": "482013104002", "jobs_transit_45": 281238}}, {"type": "Feature", "geometry": {"type": "Polygon", "coordinates": [[[-95.33441, 29.74496], [-95.33518, 29.74399], [-95.33526, 29.7439], [-95.32965, 29.74213], [-95.3286, 29.7435], [-95.3266, 29.74793], [-95.33299, 29.7499], [-95.33288, 29.74976], [-95.33441, 29.74496]]]}, "properties": {"geoid": "482013104003", "jobs_transit_45": 273740}}, {"type": "Feature", "geometry": {"type": "Polygon", "coordinates": [[[-95.20919, 29.63837], [-95.21103, 29.63699], [-95.19751, 29.6225], [-95.1963, 29.62355], [-95.19321, 29.62674], [-95.19255, 29.63441], [-95.1957, 29.63862], [-95.20919, 29.63837]]]}, "properties": {"geoid": "482013212002", "jobs_transit_45": null}}, {"type": "Feature", "geometry": {"type": "Polygon", "coordinates": [[[-95.2147, 29.65036], [-95.22118, 29.64779], [-95.21727, 29.64365], [-95.21513, 29.6452], [-95.21748, 29.64773], [-95.21412, 29.64895], [-95.2147, 29.65036]]]}, "properties": {"geoid": "482013213002", "jobs_transit_45": null}}, {"type": "Feature", "geometry": {"type": "Polygon", "coordinates": [[[-95.22329, 29.66063], [-95.22313, 29.65337], [-95.22304, 29.65271], [-95.21652, 29.65278], [-95.21646, 29.65102], [-95.21135, 29.6509], [-95.20798, 29.65099], [-95.20813, 29.65497], [-95.20942, 29.65661], [-95.21882, 29.65642], [-95.21893, 29.66069], [-95.22329, 29.66063]]]}, "properties": {"geoid": "482013214023", "jobs_transit_45": null}}, {"type": "Feature", "geometry": {"type": "Polygon", "coordinates": [[[-95.21014, 29.67007], [-95.21953, 29.66996], [-95.21479, 29.66372], [-95.20813, 29.65497], [-95.20784, 29.66481], [-95.20796, 29.67004], [-95.21014, 29.67007]]]}, "properties": {"geoid": "482013215001", "jobs_transit_45": null}}, {"type": "Feature", "geometry": {"type": "Polygon", "coordinates": [[[-95.22162, 29.69063], [-95.22154, 29.68336], [-95.21829, 29.6834], [-95.21837, 29.67602], [-95.21507, 29.67601], [-95.21405, 29.67986], [-95.21453, 29.68106], [-95.21725, 29.68697], [-95.21754, 29.69075], [-95.22162, 29.69063]]]}, "properties": {"geoid": "482013216001", "jobs_transit_45": null}}, {"type": "Feature", "geometry": {"type": "Polygon", "coordinates": [[[-95.22952, 29.68332], [-95.2273, 29.68013], [-95.22709, 29.68019], [-95.22565, 29.6802], [-95.22464, 29.67976], [-95.22148, 29.68041], [-95.22165, 29.67594], [-95.21837, 29.67602], [-95.21829, 29.6834], [-95.22952, 29.68332]]]}, "properties": {"geoid": "482013216002", "jobs_transit_45": 14259}}, {"type": "Feature", "geometry": {"type": "Polygon", "coordinates": [[[-95.22414, 29.67588], [-95.23067, 29.67574], [-95.23054, 29.66979], [-95.22151, 29.66993], [-95.22165, 29.67594], [-95.22148, 29.68041], [-95.22464, 29.67976], [-95.22565, 29.6802], [-95.22709, 29.68019], [-95.2273, 29.68013], [-95.22414, 29.67588]]]}, "properties": {"geoid": "482013216003", "jobs_transit_45": 14820}}, {"type": "Feature", "geometry": {"type": "Polygon", "coordinates": [[[-95.24575, 29.68139], [-95.24647, 29.67981], [-95.24408, 29.67659], [-95.24185, 29.67641], [-95.24088, 29.67642], [-95.23971, 29.67441], [-95.23873, 29.67317], [-95.23734, 29.67279], [-95.23667, 29.67207], [-95.23466, 29.67399], [-95.2362, 29.67576], [-95.23618, 29.68332], [-95.24286, 29.6833], [-95.24542, 29.68319], [-95.24575, 29.68139]]]}, "properties": {"geoid": "482013217001", "jobs_transit_45": 44748}}, {"type": "Feature", "geometry": {"type": "Polygon", "coordinates": [[[-95.32289, 29.71239], [-95.32266, 29.7122], [-95.31756, 29.71005], [-95.315, 29.70895], [-95.31425, 29.70876], [-95.31313, 29.70905], [-95.3107, 29.71221], [-95.31948, 29.71788], [-95.32085, 29.71859], [-95.32046, 29.71784], [-95.32083, 29.71773], [-95.32289, 29.71239]]]}, "properties": {"geoid": "482013119001", "jobs_transit_45": 420830}}, {"type": "Feature", "geometry": {"type": "Polygon", "coordinates": [[[-95.33753, 29.72859], [-95.33292, 29.71438], [-95.32818, 29.71151], [-95.32434, 29.71244], [-95.32289, 29.71239], [-95.32083, 29.71773], [-95.32046, 29.71784], [-95.32085, 29.71859], [-95.32549, 29.72099], [-95.32659, 29.72165], [-95.33239, 29.72539], [-95.33753, 29.72859]]]}, "properties": {"geoid": "482013119002", "jobs_transit_45": 422527}}, {"type": "Feature", "geometry": {"type": "Polygon", "coordinates": [[[-95.38588, 29.68421], [-95.38744, 29.68097], [-95.3924, 29.6806], [-95.38146, 29.68072], [-95.38121, 29.68072], [-95.3808, 29.68249], [-95.37955, 29.68693], [-95.38599, 29.68545], [-95.38588, 29.68421]]]}, "properties": {"geoid": "482013139002", "jobs_transit_45": 165164}}, {"type": "Feature", "geometry": {"type": "Polygon", "coordinates": [[[-95.34588, 29.71762], [-95.34767, 29.71304], [-95.34391, 29.71323], [-95.34152, 29.7118], [-95.33934, 29.71228], [-95.33873, 29.71465], [-95.33478, 29.71323], [-95.33292, 29.71438], [-95.33753, 29.72859], [-95.34049, 29.73054], [-95.34207, 29.73183], [-95.34397, 29.72728], [-95.34076, 29.72629], [-95.33781, 29.72565], [-95.33712, 29.72378], [-95.34, 29.71587], [-95.34588, 29.71762]]]}, "properties": {"geoid": "482013120001", "jobs_transit_45": 525827}}, {"type": "Feature", "geometry": {"type": "Polygon", "coordinates": [[[-95.35257, 29.71965], [-95.35654, 29.70975], [-95.35609, 29.70953], [-95.35458, 29.70935], [-95.34694, 29.71115], [-95.34516, 29.71234], [-95.34446, 29.71255], [-95.34152, 29.7118], [-95.34391, 29.71323], [-95.34767, 29.71304], [-95.34588, 29.71762], [-95.35257, 29.71965]]]}, "properties": {"geoid": "482013120002", "jobs_transit_45": 293728}}, {"type": "Feature", "geometry": {"type": "Polygon", "coordinates": [[[-95.40212, 29.7014], [-95.40084, 29.69579], [-95.39478, 29.69732], [-95.39059, 29.69829], [-95.387, 29.69893], [-95.38462, 29.7057], [-95.38769, 29.70665], [-95.38852, 29.70661], [-95.39023, 29.70591], [-95.39194, 29.70151], [-95.39661, 29.703], [-95.40212, 29.7014]]]}, "properties": {"geoid": "482013140011", "jobs_transit_45": 472837}}, {"type": "Feature", "geometry": {"type": "Polygon", "coordinates": [[[-95.41437, 29.69445], [-95.41354, 29.69354], [-95.41316, 29.69281], [-95.40477, 29.69483], [-95.40588, 29.69887], [-95.40773, 29.70037], [-95.40809, 29.69994], [-95.41145, 29.6972], [-95.41213, 29.69732], [-95.41437, 29.69445]]]}, "properties": {"geoid": "482013144001", "jobs_transit_45": 370942}}, {"type": "Feature", "geometry": {"type": "Polygon", "coordinates": [[[-95.32735, 29.7291], [-95.33102, 29.72475], [-95.32856, 29.72311], [-95.32866, 29.72298], [-95.32838, 29.7228], [-95.32288, 29.72823], [-95.32636, 29.72924], [-95.32712, 29.73071], [-95.328, 29.73035], [-95.32735, 29.7291]]]}, "properties": {"geoid": "482013106004", "jobs_transit_45": 462833}}, {"type": "Feature", "geometry": {"type": "Polygon", "coordinates": [[[-95.3499, 29.72785], [-95.34977, 29.72698], [-95.34987, 29.72643], [-95.35224, 29.72046], [-95.35257, 29.71965], [-95.34, 29.71587], [-95.33712, 29.72378], [-95.33781, 29.72565], [-95.34076, 29.72629], [-95.34618, 29.72796], [-95.34687, 29.72804], [-95.3489, 29.72777], [-95.3499, 29.72785]]]}, "properties": {"geoid": "482013121001", "jobs_transit_45": 289474}}, {"type": "Feature", "geometry": {"type": "Polygon", "coordinates": [[[-95.35028, 29.73674], [-95.3534, 29.72885], [-95.35201, 29.72846], [-95.35073, 29.73177], [-95.34307, 29.72948], [-95.34207, 29.73183], [-95.34597, 29.73481], [-95.35092, 29.73797], [-95.35028, 29.73674]]]}, "properties": {"geoid": "482013122001", "jobs_transit_45": 296284}}, {"type": "Feature", "geometry": {"type": "Polygon", "coordinates": [[[-95.35073, 29.73177], [-95.35201, 29.72846], [-95.3489, 29.72777], [-95.34726, 29.72801], [-95.34644, 29.728], [-95.34581, 29.72787], [-95.34397, 29.72728], [-95.34307, 29.72948], [-95.35073, 29.73177]]]}, "properties": {"geoid": "482013122002", "jobs_transit_45": 319016}}, {"type": "Feature", "geometry": {"type": "Polygon", "coordinates": [[[-94.98049, 29.71529], [-94.98084, 29.71461], [-94.9651, 29.72022], [-94.96268, 29.72115], [-94.96163, 29.72181], [-94.96101, 29.72243], [-94.96029, 29.72386], [-94.96005, 29.72498], [-94.96001, 29.72617], [-94.96068, 29.72493], [-94.96299, 29.72325], [-94.96572, 29.7227], [-94.97156, 29.72277], [-94.97156, 29.72354], [-94.9713, 29.72412], [-94.97178, 29.72424], [-94.97233, 29.7242], [-94.97829, 29.72223], [-94.97837, 29.72298], [-94.9793, 29.72251], [-94.97931, 29.7213], [-94.97998, 29.71661], [-94.98049, 29.71529]]]}, "properties": {"geoid": "482012544003", "jobs_transit_45": null}}, {"type": "Feature", "geometry": {"type": "Polygon", "coordinates": [[[-95.00283, 29.72778], [-95.00144, 29.72659], [-94.99639, 29.72521], [-94.9927, 29.72399], [-94.99161, 29.72373], [-94.98839, 29.72348], [-94.98999, 29.7273], [-94.9887, 29.73184], [-94.98455, 29.73399], [-94.98341, 29.73692], [-94.98474, 29.74062], [-94.98356, 29.74265], [-94.98346, 29.74274], [-94.98771, 29.74819], [-94.98819, 29.74884], [-94.99895, 29.73324], [-95.00283, 29.72778]]]}, "properties": {"geoid": "482012545001", "jobs_transit_45": null}}, {"type": "Feature", "geometry": {"type": "Polygon", "coordinates": [[[-95.32965, 29.74213], [-95.32464, 29.74054], [-95.3234, 29.74219], [-95.32359, 29.74224], [-95.32187, 29.74646], [-95.31992, 29.74979], [-95.32063, 29.75007], [-95.32399, 29.75109], [-95.32551, 29.74907], [-95.3266, 29.74793], [-95.3286, 29.7435], [-95.32965, 29.74213]]]}, "properties": {"geoid": "482013105003", "jobs_transit_45": 242055}}, {"type": "Feature", "geometry": {"type": "Polygon", "coordinates": [[[-95.32856, 29.737], [-95.32864, 29.7368], [-95.325, 29.73576], [-95.31764, 29.73351], [-95.31529, 29.73586], [-95.31425, 29.73727], [-95.32553, 29.74084], [-95.32856, 29.737]]]}, "properties": {"geoid": "482013106001", "jobs_transit_45": 462948}}, {"type": "Feature", "geometry": {"type": "Polygon", "coordinates": [[[-95.32653, 29.72958], [-95.32636, 29.72924], [-95.32288, 29.72823], [-95.31764, 29.73351], [-95.3243, 29.73553], [-95.32548, 29.73212], [-95.32653, 29.72958]]]}, "properties": {"geoid": "482013106002", "jobs_transit_45": 462868}}, {"type": "Feature", "geometry": {"type": "Polygon", "coordinates": [[[-95.32994, 29.73413], [-95.33012, 29.73361], [-95.32786, 29.73041], [-95.32712, 29.73071], [-95.32653, 29.72958], [-95.32548, 29.73212], [-95.3243, 29.73553], [-95.32864, 29.7368], [-95.32968, 29.73429], [-95.32994, 29.73413]]]}, "properties": {"geoid": "482013106003", "jobs_transit_45": 462897}}, {"type": "Feature", "geometry": {"type": "Polygon", "coordinates": [[[-95.32052, 29.7306], [-95.31522, 29.72944], [-95.31404, 29.73071], [-95.30879, 29.73068], [-95.31132, 29.72478], [-95.3082, 29.72379], [-95.30504, 29.72238], [-95.30495, 29.72264], [-95.30544, 29.72658], [-95.30276, 29.73009], [-95.30221, 29.72983], [-95.29961, 29.72823], [-95.30073, 29.72954], [-95.29949, 29.73266], [-95.31425, 29.73727], [-95.31529, 29.73586], [-95.32052, 29.7306]]]}, "properties": {"geoid": "482013108001", "jobs_transit_45": 424458}}, {"type": "Feature", "geometry": {"type": "Polygon", "coordinates": [[[-95.33012, 29.73361], [-95.33319, 29.7259], [-95.32866, 29.72298], [-95.32856, 29.72311], [-95.33102, 29.72475], [-95.32735, 29.7291], [-95.328, 29.73035], [-95.32786, 29.73041], [-95.33012, 29.73361]]]}, "properties": {"geoid": "482013106005", "jobs_transit_45": 535123}}, {"type": "Feature", "geometry": {"type": "Polygon", "coordinates": [[[-95.32288, 29.72823], [-95.32825, 29.72291], [-95.32838, 29.7228], [-95.32549, 29.72099], [-95.31948, 29.71788], [-95.31805, 29.71722], [-95.31869, 29.71766], [-95.31536, 29.72599], [-95.32288, 29.72823]]]}, "properties": {"geoid": "482013107001", "jobs_transit_45": 420901}}, {"type": "Feature", "geometry": {"type": "Polygon", "coordinates": [[[-95.31805, 29.71722], [-95.31948, 29.71788], [-95.3107, 29.71221], [-95.30772, 29.71561], [-95.30863, 29.71939], [-95.30563, 29.72096], [-95.30544, 29.72115], [-95.30504, 29.72238], [-95.3082, 29.72379], [-95.31536, 29.72599], [-95.31869, 29.71766], [-95.31805, 29.71722]]]}, "properties": {"geoid": "482013107002", "jobs_transit_45": 372509}}, {"type": "Feature", "geometry": {"type": "Polygon", "coordinates": [[[-95.36909, 29.73683], [-95.36329, 29.73343], [-95.35712, 29.74122], [-95.35496, 29.74055], [-95.35922, 29.74327], [-95.36269, 29.74487], [-95.36909, 29.73683]]]}, "properties": {"geoid": "482013123001", "jobs_transit_45": 406628}}, {"type": "Feature", "geometry": {"type": "Polygon", "coordinates": [[[-95.35712, 29.74122], [-95.36329, 29.73343], [-95.35814, 29.73043], [-95.35173, 29.73847], [-95.35496, 29.74055], [-95.35712, 29.74122]]]}, "properties": {"geoid": "482013123002", "jobs_transit_45": 408442}}, {"type": "Feature", "geometry": {"type": "Polygon", "coordinates": [[[-95.37705, 29.74166], [-95.38448, 29.73225], [-95.37346, 29.73317], [-95.37225, 29.73358], [-95.36909, 29.73683], [-95.37705, 29.74166]]]}, "properties": {"geoid": "482013125002", "jobs_transit_45": 479916}}, {"type": "Feature", "geometry": {"type": "Polygon", "coordinates": [[[-95.42386, 29.68254], [-95.42371, 29.68232], [-95.41237, 29.68206], [-95.41254, 29.691], [-95.41276, 29.69204], [-95.41354, 29.69354], [-95.41437, 29.69445], [-95.41649, 29.69175], [-95.41797, 29.69006], [-95.42386, 29.68254]]]}, "properties": {"geoid": "482013143002", "jobs_transit_45": 190451}}, {"type": "Feature", "geometry": {"type": "Polygon", "coordinates": [[[-95.28629, 29.69806], [-95.28874, 29.69745], [-95.28702, 29.69604], [-95.2868, 29.69529], [-95.28642, 29.69467], [-95.28527, 29.69332], [-95.28477, 29.69258], [-95.28413, 29.69189], [-95.2839, 29.692], [-95.2851, 29.69435], [-95.27772, 29.69464], [-95.27789, 29.70269], [-95.2802, 29.70099], [-95.283, 29.69932], [-95.28381, 29.69891], [-95.28629, 29.69806]]]}, "properties": {"geoid": "482013201001", "jobs_transit_45": 143643}}, {"type": "Feature", "geometry": {"type": "Polygon", "coordinates": [[[-95.27772, 29.69464], [-95.2851, 29.69435], [-95.2839, 29.692], [-95.28413, 29.69189], [-95.27812, 29.68576], [-95.27765, 29.68607], [-95.27749, 29.68627], [-95.27772, 29.69464]]]}, "properties": {"geoid": "482013201002", "jobs_transit_45": 149877}}, {"type": "Feature", "geometry": {"type": "Polygon", "coordinates": [[[-95.27789, 29.70269], [-95.27791, 29.7023], [-95.27779, 29.69757], [-95.27757, 29.69757], [-95.27663, 29.69711], [-95.27602, 29.69654], [-95.27209, 29.6968], [-95.26927, 29.69508], [-95.26468, 29.69514], [-95.26395, 29.69567], [-95.26268, 29.69638], [-95.26276, 29.6965], [-95.26204, 29.69741], [-95.26517, 29.70152], [-95.26321, 29.70456], [-95.25963, 29.70588], [-95.25752, 29.7072], [-95.2569, 29.70782], [-95.26166, 29.70862], [-95.26718, 29.70991], [-95.27208, 29.70693], [-95.27789, 29.70269]]]}, "properties": {"geoid": "482013202001", "jobs_transit_45": 143800}}, {"type": "Feature", "geometry": {"type": "Polygon", "coordinates": [[[-95.38603, 29.73029], [-95.37783, 29.72551], [-95.3821, 29.71311], [-95.37874, 29.71195], [-95.37806, 29.71212], [-95.37854, 29.71522], [-95.37823, 29.71691], [-95.37644, 29.72285], [-95.37443, 29.72626], [-95.38409, 29.73205], [-95.3845, 29.73222], [-95.38603, 29.73029]]]}, "properties": {"geoid": "482013126002", "jobs_transit_45": 317428}}, {"type": "Feature", "geometry": {"type": "Polygon", "coordinates": [[[-95.39064, 29.72407], [-95.39073, 29.72394], [-95.3845, 29.72006], [-95.38304, 29.71762], [-95.38093, 29.71652], [-95.37974, 29.71989], [-95.37946, 29.72093], [-95.38893, 29.72665], [-95.39063, 29.72454], [-95.39064, 29.72407]]]}, "properties": {"geoid": "482013126001", "jobs_transit_45": 418633}}, {"type": "Feature", "geometry": {"type": "Polygon", "coordinates": [[[-95.26974, 29.69135], [-95.269, 29.69083], [-95.26748, 29.69092], [-95.26545, 29.69289], [-95.26507, 29.69282], [-95.26302, 29.69011], [-95.26117, 29.69135], [-95.26005, 29.6902], [-95.25902, 29.69059], [-95.25673, 29.69173], [-95.25542, 29.69296], [-95.2596, 29.69436], [-95.26053, 29.69499], [-95.26244, 29.69619], [-95.26268, 29.69638], [-95.26424, 29.69547], [-95.26974, 29.69135]]]}, "properties": {"geoid": "482013202002", "jobs_transit_45": 60449}}, {"type": "Feature", "geometry": {"type": "Polygon", "coordinates": [[[-95.32052, 29.7306], [-95.32288, 29.72823], [-95.31132, 29.72478], [-95.30879, 29.73068], [-95.31404, 29.73071], [-95.31522, 29.72944], [-95.32052, 29.7306]]]}, "properties": {"geoid": "482013108002", "jobs_transit_45": 424565}}, {"type": "Feature", "geometry": {"type": "Polygon", "coordinates": [[[-95.29436, 29.74088], [-95.29446, 29.73854], [-95.29445, 29.7378], [-95.29051, 29.73656], [-95.28802, 29.74275], [-95.28862, 29.74983], [-95.29368, 29.74723], [-95.29436, 29.74088]]]}, "properties": {"geoid": "482013110001", "jobs_transit_45": 378628}}, {"type": "Feature", "geometry": {"type": "Polygon", "coordinates": [[[-95.30734, 29.7466], [-95.30787, 29.74584], [-95.3032, 29.74437], [-95.30004, 29.75197], [-95.29947, 29.75249], [-95.29721, 29.75407], [-95.29742, 29.75424], [-95.30084, 29.75273], [-95.30243, 29.75347], [-95.30291, 29.75396], [-95.30389, 29.75236], [-95.30781, 29.74673], [-95.30734, 29.7466]]]}, "properties": {"geoid": "482013110004", "jobs_transit_45": 171382}}, {"type": "Feature", "geometry": {"type": "Polygon", "coordinates": [[[-95.37644, 29.72285], [-95.37755, 29.71926], [-95.37712, 29.71914], [-95.3735, 29.71812], [-95.37305, 29.72112], [-95.37075, 29.72403], [-95.37443, 29.72626], [-95.37644, 29.72285]]]}, "properties": {"geoid": "482013130001", "jobs_transit_45": 293361}}, {"type": "Feature", "geometry": {"type": "Polygon", "coordinates": [[[-95.36456, 29.72865], [-95.36852, 29.72363], [-95.36904, 29.723], [-95.36568, 29.72097], [-95.3643, 29.72259], [-95.36123, 29.72662], [-95.36456, 29.72865]]]}, "properties": {"geoid": "482013127001", "jobs_transit_45": 429847}}, {"type": "Feature", "geometry": {"type": "Polygon", "coordinates": [[[-95.36851, 29.73008], [-95.37196, 29.7257], [-95.37246, 29.72507], [-95.36904, 29.723], [-95.36456, 29.72865], [-95.36628, 29.72967], [-95.36851, 29.73008]]]}, "properties": {"geoid": "482013127002", "jobs_transit_45": 424004}}, {"type": "Feature", "geometry": {"type": "Polygon", "coordinates": [[[-95.36568, 29.72097], [-95.364, 29.71999], [-95.35883, 29.7184], [-95.35601, 29.72559], [-95.36064, 29.72701], [-95.36079, 29.72716], [-95.3643, 29.72259], [-95.36568, 29.72097]]]}, "properties": {"geoid": "482013128001", "jobs_transit_45": 330102}}, {"type": "Feature", "geometry": {"type": "Polygon", "coordinates": [[[-95.35628, 29.7249], [-95.35861, 29.71892], [-95.35883, 29.7184], [-95.35369, 29.71685], [-95.35094, 29.72373], [-95.35474, 29.72489], [-95.35528, 29.72495], [-95.35628, 29.7249]]]}, "properties": {"geoid": "482013128002", "jobs_transit_45": 323181}}, {"type": "Feature", "geometry": {"type": "Polygon", "coordinates": [[[-95.37117, 29.71391], [-95.37147, 29.71359], [-95.36941, 29.70927], [-95.35755, 29.71046], [-95.35655, 29.70971], [-95.35369, 29.71685], [-95.36138, 29.71919], [-95.36391, 29.71309], [-95.36652, 29.71077], [-95.36885, 29.71152], [-95.36982, 29.71225], [-95.37117, 29.71391]]]}, "properties": {"geoid": "482013129001", "jobs_transit_45": 292485}}, {"type": "Feature", "geometry": {"type": "Polygon", "coordinates": [[[-95.37117, 29.71391], [-95.36982, 29.71225], [-95.36885, 29.71152], [-95.36652, 29.71077], [-95.36391, 29.71309], [-95.36138, 29.71919], [-95.364, 29.71999], [-95.36568, 29.72097], [-95.37018, 29.71535], [-95.37117, 29.71391]]]}, "properties": {"geoid": "482013129002", "jobs_transit_45": 329852}}, {"type": "Feature", "geometry": {"type": "Polygon", "coordinates": [[[-95.35572, 29.6691], [-95.35553, 29.65844], [-95.35486, 29.65837], [-95.34889, 29.65845], [-95.34899, 29.66461], [-95.3485, 29.66689], [-95.35312, 29.66778], [-95.35361, 29.668], [-95.35465, 29.6687], [-95.35572, 29.6691]]]}, "properties": {"geoid": "482013319001", "jobs_transit_45": 164419}}, {"type": "Feature", "geometry": {"type": "Polygon", "coordinates": [[[-95.27812, 29.68576], [-95.27268, 29.68035], [-95.27, 29.68107], [-95.26845, 29.68236], [-95.26442, 29.68883], [-95.26092, 29.69013], [-95.26005, 29.6902], [-95.26117, 29.69135], [-95.26302, 29.69011], [-95.26507, 29.69282], [-95.26545, 29.69289], [-95.26748, 29.69092], [-95.269, 29.69083], [-95.26974, 29.69135], [-95.27245, 29.68931], [-95.27757, 29.6892], [-95.27749, 29.68627], [-95.27765, 29.68607], [-95.27812, 29.68576]]]}, "properties": {"geoid": "482013202003", "jobs_transit_45": 149804}}, {"type": "Feature", "geometry": {"type": "Polygon", "coordinates": [[[-95.27779, 29.69757], [-95.27757, 29.6892], [-95.27245, 29.68931], [-95.26468, 29.69514], [-95.26927, 29.69508], [-95.27209, 29.6968], [-95.27602, 29.69654], [-95.27663, 29.69711], [-95.27757, 29.69757], [-95.27779, 29.69757]]]}, "properties": {"geoid": "482013202004", "jobs_transit_45": 149768}}, {"type": "Feature", "geometry": {"type": "Polygon", "coordinates": [[[-95.28802, 29.74275], [-95.29051, 29.73656], [-95.28127, 29.73373], [-95.27983, 29.73212], [-95.27957, 29.73079], [-95.2802, 29.72893], [-95.27889, 29.72752], [-95.27844, 29.72751], [-95.27529, 29.72734], [-95.27852, 29.73623], [-95.28042, 29.73953], [-95.28862, 29.74983], [-95.28802, 29.74275]]]}, "properties": {"geoid": "482013111001", "jobs_transit_45": 378689}}, {"type": "Feature", "geometry": {"type": "Polygon", "coordinates": [[[-95.33134, 29.6376], [-95.33129, 29.62945], [-95.33158, 29.62823], [-95.33157, 29.62095], [-95.30467, 29.62086], [-95.31011, 29.63904], [-95.32399, 29.63883], [-95.324, 29.63753], [-95.33134, 29.6376]]]}, "properties": {"geoid": "482013316021", "jobs_transit_45": 71541}}, {"type": "Feature", "geometry": {"type": "Polygon", "coordinates": [[[-95.3394, 29.63696], [-95.33686, 29.63724], [-95.33261, 29.63758], [-95.324, 29.63753], [-95.32399, 29.63883], [-95.31011, 29.63904], [-95.31115, 29.64218], [-95.3149, 29.65496], [-95.32014, 29.65063], [-95.32497, 29.65044], [-95.32969, 29.64893], [-95.33133, 29.64669], [-95.33199, 29.64635], [-95.33699, 29.64513], [-95.3372, 29.6423], [-95.3394, 29.63696]]]}, "properties": {"geoid": "482013317001", "jobs_transit_45": 141465}}, {"type": "Feature", "geometry": {"type": "Polygon", "coordinates": [[[-95.34936, 29.6399], [-95.34938, 29.6381], [-95.34871, 29.63623], [-95.3394, 29.63696], [-95.3372, 29.6423], [-95.34471, 29.64235], [-95.34502, 29.63841], [-95.34936, 29.6399]]]}, "properties": {"geoid": "482013317002", "jobs_transit_45": 74468}}, {"type": "Feature", "geometry": {"type": "Polygon", "coordinates": [[[-95.35629, 29.64822], [-95.35602, 29.64241], [-95.35596, 29.63786], [-95.35578, 29.63786], [-95.35517, 29.63812], [-95.34938, 29.6381], [-95.34936, 29.6399], [-95.34502, 29.63841], [-95.34471, 29.64235], [-95.3372, 29.6423], [-95.33699, 29.64513], [-95.33846, 29.64434], [-95.34134, 29.64603], [-95.3451, 29.64782], [-95.34857, 29.64707], [-95.35192, 29.64881], [-95.35307, 29.64933], [-95.35469, 29.64937], [-95.35629, 29.64822]]]}, "properties": {"geoid": "482013317003", "jobs_transit_45": 78585}}, {"type": "Feature", "geometry": {"type": "Polygon", "coordinates": [[[-95.35607, 29.65051], [-95.3563, 29.64911], [-95.35629, 29.64822], [-95.35469, 29.64937], [-95.35307, 29.64933], [-95.35192, 29.64881], [-95.34857, 29.64707], [-95.3451, 29.64782], [-95.34134, 29.64603], [-95.33846, 29.64434], [-95.33699, 29.64513], [-95.33639, 29.65185], [-95.35292, 29.65049], [-95.35607, 29.65051]]]}, "properties": {"geoid": "482013318002", "jobs_transit_45": 141273}}, {"type": "Feature", "geometry": {"type": "Polygon", "coordinates": [[[-95.34696, 29.67097], [-95.34728, 29.6701], [-95.3417, 29.66847], [-95.34067, 29.66848], [-95.33872, 29.66794], [-95.33723, 29.6676], [-95.33731, 29.66999], [-95.33696, 29.67189], [-95.33656, 29.67297], [-95.33641, 29.67388], [-95.33644, 29.67542], [-95.33899, 29.67557], [-95.34468, 29.67728], [-95.34561, 29.67384], [-95.34619, 29.67236], [-95.34696, 29.67097]]]}, "properties": {"geoid": "482013320001", "jobs_transit_45": 167919}}, {"type": "Feature", "geometry": {"type": "Polygon", "coordinates": [[[-95.35597, 29.68093], [-95.35596, 29.68037], [-95.34468, 29.67728], [-95.34327, 29.67867], [-95.34302, 29.67904], [-95.34244, 29.68091], [-95.34413, 29.68436], [-95.34079, 29.68524], [-95.34095, 29.68571], [-95.3492, 29.68326], [-95.35597, 29.68093]]]}, "properties": {"geoid": "482013321001", "jobs_transit_45": 161927}}, {"type": "Feature", "geometry": {"type": "Polygon", "coordinates": [[[-95.19805, 29.67438], [-95.1979, 29.66491], [-95.1928, 29.66501], [-95.19301, 29.67441], [-95.19805, 29.67438]]]}, "properties": {"geoid": "482013234003", "jobs_transit_45": null}}, {"type": "Feature", "geometry": {"type": "Polygon", "coordinates": [[[-95.34327, 29.67867], [-95.34468, 29.67728], [-95.33899, 29.67557], [-95.33644, 29.67542], [-95.33662, 29.67845], [-95.33947, 29.68188], [-95.34079, 29.68524], [-95.34413, 29.68436], [-95.34244, 29.68091], [-95.34302, 29.67904], [-95.34327, 29.67867]]]}, "properties": {"geoid": "482013321002", "jobs_transit_45": 142173}}, {"type": "Feature", "geometry": {"type": "Polygon", "coordinates": [[[-95.34095, 29.68571], [-95.34079, 29.68524], [-95.33749, 29.68623], [-95.33456, 29.68219], [-95.33425, 29.68298], [-95.32886, 29.68386], [-95.32891, 29.68615], [-95.32838, 29.68626], [-95.32461, 29.68633], [-95.32426, 29.68642], [-95.32595, 29.69186], [-95.33506, 29.68759], [-95.34095, 29.68571]]]}, "properties": {"geoid": "482013322001", "jobs_transit_45": 164415}}, {"type": "Feature", "geometry": {"type": "Polygon", "coordinates": [[[-95.33656, 29.67297], [-95.33696, 29.67189], [-95.3211, 29.67224], [-95.32052, 29.67206], [-95.32015, 29.67266], [-95.32426, 29.68642], [-95.32461, 29.68633], [-95.32838, 29.68626], [-95.32891, 29.68615], [-95.32886, 29.68386], [-95.33425, 29.68298], [-95.33586, 29.67886], [-95.33662, 29.67845], [-95.33645, 29.67621], [-95.33641, 29.67388], [-95.33656, 29.67297]]]}, "properties": {"geoid": "482013322002", "jobs_transit_45": 165412}}, {"type": "Feature", "geometry": {"type": "Polygon", "coordinates": [[[-95.19191, 29.61618], [-95.20555, 29.60636], [-95.20217, 29.60323], [-95.19312, 29.59425], [-95.18441, 29.58663], [-95.18203, 29.58865], [-95.18045, 29.59134], [-95.17829, 29.59925], [-95.17698, 29.60063], [-95.19191, 29.61618]]]}, "properties": {"geoid": "482013401001", "jobs_transit_45": null}}, {"type": "Feature", "geometry": {"type": "Polygon", "coordinates": [[[-95.02679, 29.56988], [-95.02405, 29.55371], [-95.02309, 29.54944], [-95.01762, 29.54819], [-95.01741, 29.54973], [-95.02088, 29.55302], [-95.01821, 29.5546], [-95.01675, 29.55898], [-95.01223, 29.56786], [-95.00724, 29.575], [-95.01472, 29.5748], [-95.01693, 29.5711], [-95.02679, 29.56988]]]}, "properties": {"geoid": "482013416001", "jobs_transit_45": null}}, {"type": "Feature", "geometry": {"type": "Polygon", "coordinates": [[[-95.01839, 29.62351], [-95.0182, 29.61306], [-95.00434, 29.61364], [-95.01287, 29.62359], [-95.01839, 29.62351]]]}, "properties": {"geoid": "482013417001", "jobs_transit_45": null}}, {"type": "Feature", "geometry": {"type": "Polygon", "coordinates": [[[-95.19327, 29.69159], [-95.19328, 29.68969], [-95.19314, 29.68204], [-95.18382, 29.68212], [-95.18385, 29.68303], [-95.18333, 29.6835], [-95.18373, 29.68364], [-95.18451, 29.68367], [-95.18487, 29.68383], [-95.1897, 29.68765], [-95.19182, 29.6916], [-95.19327, 29.69159]]]}, "properties": {"geoid": "482013232003", "jobs_transit_45": null}}, {"type": "Feature", "geometry": {"type": "Polygon", "coordinates": [[[-95.19182, 29.6916], [-95.1897, 29.68765], [-95.18487, 29.68383], [-95.18451, 29.68367], [-95.18373, 29.68364], [-95.18333, 29.6835], [-95.18295, 29.68385], [-95.18292, 29.684], [-95.18295, 29.6884], [-95.1828, 29.69172], [-95.19182, 29.6916]]]}, "properties": {"geoid": "482013232004", "jobs_transit_45": null}}, {"type": "Feature", "geometry": {"type": "Polygon", "coordinates": [[[-95.209, 29.68359], [-95.20885, 29.67809], [-95.20857, 29.67739], [-95.20615, 29.67752], [-95.19811, 29.67768], [-95.19819, 29.67923], [-95.19909, 29.68039], [-95.19936, 29.68153], [-95.19932, 29.68222], [-95.19941, 29.68371], [-95.209, 29.68359]]]}, "properties": {"geoid": "482013234001", "jobs_transit_45": null}}, {"type": "Feature", "geometry": {"type": "Polygon", "coordinates": [[[-95.19941, 29.68371], [-95.19932, 29.68222], [-95.19936, 29.68153], [-95.19909, 29.68039], [-95.19819, 29.67923], [-95.19805, 29.67438], [-95.19301, 29.67441], [-95.19314, 29.68204], [-95.19706, 29.68371], [-95.19941, 29.68371]]]}, "properties": {"geoid": "482013234002", "jobs_transit_45": null}}, {"type": "Feature", "geometry": {"type": "Polygon", "coordinates": [[[-95.20857, 29.67739], [-95.20818, 29.67649], [-95.20805, 29.67527], [-95.20278, 29.6743], [-95.19805, 29.67438], [-95.19811, 29.67768], [-95.20615, 29.67752], [-95.20857, 29.67739]]]}, "properties": {"geoid": "482013234004", "jobs_transit_45": null}}, {"type": "Feature", "geometry": {"type": "Polygon", "coordinates": [[[-95.20784, 29.66481], [-95.20813, 29.65497], [-95.20736, 29.65402], [-95.20247, 29.65415], [-95.20281, 29.668], [-95.20797, 29.67215], [-95.20784, 29.66481]]]}, "properties": {"geoid": "482013235001", "jobs_transit_45": null}}, {"type": "Feature", "geometry": {"type": "Polygon", "coordinates": [[[-95.32874, 29.66857], [-95.32868, 29.66649], [-95.32219, 29.66661], [-95.31821, 29.66612], [-95.32015, 29.67266], [-95.32052, 29.67206], [-95.3211, 29.67224], [-95.3286, 29.67206], [-95.32874, 29.66857]]]}, "properties": {"geoid": "482013323001", "jobs_transit_45": 136108}}, {"type": "Feature", "geometry": {"type": "Polygon", "coordinates": [[[-95.32868, 29.66649], [-95.32855, 29.66137], [-95.31685, 29.66157], [-95.31821, 29.66612], [-95.32219, 29.66661], [-95.32868, 29.66649]]]}, "properties": {"geoid": "482013323002", "jobs_transit_45": 136111}}, {"type": "Feature", "geometry": {"type": "Polygon", "coordinates": [[[-95.33731, 29.66999], [-95.33716, 29.66466], [-95.32863, 29.66484], [-95.32874, 29.66857], [-95.3286, 29.67206], [-95.33696, 29.67189], [-95.33731, 29.66999]]]}, "properties": {"geoid": "482013324001", "jobs_transit_45": 169375}}, {"type": "Feature", "geometry": {"type": "Polygon", "coordinates": [[[-95.33716, 29.66466], [-95.33704, 29.66317], [-95.33662, 29.66169], [-95.33652, 29.65863], [-95.32859, 29.65865], [-95.32853, 29.66023], [-95.32863, 29.66484], [-95.33716, 29.66466]]]}, "properties": {"geoid": "482013324002", "jobs_transit_45": 168901}}, {"type": "Feature", "geometry": {"type": "Polygon", "coordinates": [[[-95.1286, 29.54896], [-95.11805, 29.53778], [-95.10642, 29.54594], [-95.11086, 29.55006], [-95.118, 29.55301], [-95.12034, 29.55487], [-95.12621, 29.55083], [-95.1286, 29.54896]]]}, "properties": {"geoid": "482013411001", "jobs_transit_45": null}}, {"type": "Feature", "geometry": {"type": "Polygon", "coordinates": [[[-95.18203, 29.58865], [-95.18441, 29.58663], [-95.18094, 29.58347], [-95.16902, 29.56962], [-95.16699, 29.57175], [-95.16499, 29.57404], [-95.15781, 29.58021], [-95.17698, 29.60063], [-95.17829, 29.59925], [-95.18045, 29.59134], [-95.18203, 29.58865]]]}, "properties": {"geoid": "482013401002", "jobs_transit_45": null}}, {"type": "Feature", "geometry": {"type": "Polygon", "coordinates": [[[-95.01849, 29.62954], [-95.01839, 29.62351], [-95.01287, 29.62359], [-95.00434, 29.61364], [-94.99475, 29.61372], [-94.99934, 29.6176], [-95.00238, 29.61896], [-95.00856, 29.62362], [-95.0132, 29.62936], [-95.01849, 29.62954]]]}, "properties": {"geoid": "482013417002", "jobs_transit_45": null}}, {"type": "Feature", "geometry": {"type": "Polygon", "coordinates": [[[-95.33639, 29.65185], [-95.33699, 29.64513], [-95.33199, 29.64635], [-95.33133, 29.64669], [-95.32969, 29.64893], [-95.32497, 29.65044], [-95.32014, 29.65063], [-95.3149, 29.65496], [-95.31685, 29.66157], [-95.32855, 29.66137], [-95.32859, 29.65865], [-95.33652, 29.65863], [-95.33639, 29.65185]]]}, "properties": {"geoid": "482013324003", "jobs_transit_45": 164334}}, {"type": "Feature", "geometry": {"type": "Polygon", "coordinates": [[[-95.31326, 29.66711], [-95.31821, 29.66612], [-95.3149, 29.65496], [-95.3133, 29.65494], [-95.31237, 29.65529], [-95.31118, 29.65758], [-95.30802, 29.65859], [-95.30428, 29.66356], [-95.30888, 29.66092], [-95.3117, 29.66188], [-95.31326, 29.66711]]]}, "properties": {"geoid": "482013325001", "jobs_transit_45": 75145}}, {"type": "Feature", "geometry": {"type": "Polygon", "coordinates": [[[-95.31326, 29.66711], [-95.3117, 29.66188], [-95.30888, 29.66092], [-95.30428, 29.66356], [-95.29938, 29.66594], [-95.29499, 29.67012], [-95.29536, 29.67049], [-95.29681, 29.67187], [-95.29346, 29.67292], [-95.29179, 29.67278], [-95.29071, 29.67314], [-95.29033, 29.67354], [-95.29175, 29.67377], [-95.29383, 29.67374], [-95.30135, 29.67224], [-95.30874, 29.66811], [-95.31326, 29.66711]]]}, "properties": {"geoid": "482013325002", "jobs_transit_45": 51586}}, {"type": "Feature", "geometry": {"type": "Polygon", "coordinates": [[[-95.11827, 29.58495], [-95.11852, 29.58422], [-95.11262, 29.58537], [-95.10591, 29.58504], [-95.10362, 29.58349], [-95.10356, 29.58359], [-95.10342, 29.58348], [-95.10263, 29.58505], [-95.10229, 29.58956], [-95.10395, 29.59122], [-95.10526, 29.59296], [-95.10607, 29.59441], [-95.10714, 29.59717], [-95.10983, 29.59656], [-95.11462, 29.59448], [-95.11847, 29.59381], [-95.11776, 29.59062], [-95.11789, 29.58659], [-95.11827, 29.58495]]]}, "properties": {"geoid": "482013403021", "jobs_transit_45": null}}, {"type": "Feature", "geometry": {"type": "Polygon", "coordinates": [[[-95.12252, 29.55723], [-95.12034, 29.55487], [-95.11763, 29.55749], [-95.11436, 29.56355], [-95.11727, 29.56471], [-95.11762, 29.56371], [-95.11977, 29.55985], [-95.12252, 29.55723]]]}, "properties": {"geoid": "482013405001", "jobs_transit_45": null}}, {"type": "Feature", "geometry": {"type": "Polygon", "coordinates": [[[-95.13393, 29.58126], [-95.13281, 29.58009], [-95.13174, 29.57949], [-95.13342, 29.57569], [-95.13303, 29.57291], [-95.13225, 29.57162], [-95.13016, 29.56939], [-95.12555, 29.57273], [-95.12423, 29.57397], [-95.12201, 29.57749], [-95.12618, 29.57951], [-95.13034, 29.58382], [-95.13393, 29.58126]]]}, "properties": {"geoid": "482013406001", "jobs_transit_45": null}}, {"type": "Feature", "geometry": {"type": "Polygon", "coordinates": [[[-95.14056, 29.57652], [-95.13243, 29.56777], [-95.13016, 29.56939], [-95.13225, 29.57162], [-95.13303, 29.57291], [-95.13342, 29.57569], [-95.13174, 29.57949], [-95.13281, 29.58009], [-95.13393, 29.58126], [-95.14056, 29.57652]]]}, "properties": {"geoid": "482013406002", "jobs_transit_45": null}}, {"type": "Feature", "geometry": {"type": "Polygon", "coordinates": [[[-95.1351, 29.56586], [-95.14067, 29.56189], [-95.1286, 29.54896], [-95.12621, 29.55083], [-95.12902, 29.55516], [-95.12931, 29.55836], [-95.13254, 29.56063], [-95.1351, 29.56586]]]}, "properties": {"geoid": "482013407002", "jobs_transit_45": null}}, {"type": "Feature", "geometry": {"type": "Polygon", "coordinates": [[[-95.1351, 29.56586], [-95.13254, 29.56063], [-95.12931, 29.55836], [-95.12902, 29.55516], [-95.12621, 29.55083], [-95.12034, 29.55487], [-95.13243, 29.56777], [-95.1351, 29.56586]]]}, "properties": {"geoid": "482013407003", "jobs_transit_45": 3822}}, {"type": "Feature", "geometry": {"type": "Polygon", "coordinates": [[[-95.15653, 29.5811], [-95.15781, 29.58021], [-95.14881, 29.57059], [-95.14056, 29.57652], [-95.14811, 29.58456], [-95.15653, 29.5811]]]}, "properties": {"geoid": "482013408001", "jobs_transit_45": null}}, {"type": "Feature", "geometry": {"type": "Polygon", "coordinates": [[[-95.14425, 29.55957], [-95.14847, 29.55684], [-95.14391, 29.55194], [-95.13985, 29.55414], [-95.14313, 29.55813], [-95.14425, 29.55957]]]}, "properties": {"geoid": "482013410001", "jobs_transit_45": null}}, {"type": "Feature", "geometry": {"type": "Polygon", "coordinates": [[[-95.01885, 29.64596], [-95.01849, 29.62954], [-95.0132, 29.62936], [-95.01515, 29.63219], [-95.01605, 29.63851], [-95.01486, 29.6432], [-95.01693, 29.64453], [-95.018, 29.64573], [-95.01885, 29.64596]]]}, "properties": {"geoid": "482013417003", "jobs_transit_45": null}}, {"type": "Feature", "geometry": {"type": "Polygon", "coordinates": [[[-95.32168, 29.67775], [-95.31821, 29.66612], [-95.30874, 29.66811], [-95.30996, 29.67224], [-95.30453, 29.67482], [-95.3059, 29.67599], [-95.30742, 29.68101], [-95.32168, 29.67775]]]}, "properties": {"geoid": "482013326003", "jobs_transit_45": 76722}}, {"type": "Feature", "geometry": {"type": "Polygon", "coordinates": [[[-95.30453, 29.67482], [-95.30996, 29.67224], [-95.30874, 29.66811], [-95.30135, 29.67224], [-95.30242, 29.67531], [-95.30392, 29.67409], [-95.30423, 29.67461], [-95.30453, 29.67482]]]}, "properties": {"geoid": "482013326004", "jobs_transit_45": 51453}}, {"type": "Feature", "geometry": {"type": "Polygon", "coordinates": [[[-95.30962, 29.695], [-95.31039, 29.69429], [-95.31129, 29.6927], [-95.31174, 29.6912], [-95.31229, 29.69029], [-95.31277, 29.68977], [-95.30703, 29.6854], [-95.30571, 29.68518], [-95.29632, 29.68515], [-95.29806, 29.68785], [-95.29878, 29.68962], [-95.2988, 29.69137], [-95.29966, 29.69188], [-95.30962, 29.695]]]}, "properties": {"geoid": "482013328003", "jobs_transit_45": 175519}}, {"type": "Feature", "geometry": {"type": "Polygon", "coordinates": [[[-95.32251, 29.69351], [-95.31511, 29.69125], [-95.31391, 29.69066], [-95.31277, 29.68977], [-95.31229, 29.69029], [-95.31174, 29.6912], [-95.31129, 29.6927], [-95.31039, 29.69429], [-95.30962, 29.695], [-95.31142, 29.69555], [-95.31078, 29.69718], [-95.31169, 29.69724], [-95.31289, 29.69719], [-95.31578, 29.69651], [-95.32251, 29.69351]]]}, "properties": {"geoid": "482013328001", "jobs_transit_45": 255878}}, {"type": "Feature", "geometry": {"type": "Polygon", "coordinates": [[[-95.30039, 29.69588], [-95.29888, 29.69232], [-95.29792, 29.68766], [-95.29508, 29.68984], [-95.28625, 29.69371], [-95.28719, 29.69456], [-95.29026, 29.69705], [-95.29181, 29.69662], [-95.2947, 29.69565], [-95.29673, 29.69554], [-95.30039, 29.69588]]]}, "properties": {"geoid": "482013329001", "jobs_transit_45": 423850}}, {"type": "Feature", "geometry": {"type": "Polygon", "coordinates": [[[-95.29792, 29.68766], [-95.29632, 29.68515], [-95.27892, 29.6855], [-95.27812, 29.68576], [-95.28456, 29.69234], [-95.28666, 29.69502], [-95.28702, 29.69604], [-95.28874, 29.69745], [-95.29026, 29.69705], [-95.28719, 29.69456], [-95.28625, 29.69371], [-95.29508, 29.68984], [-95.29792, 29.68766]]]}, "properties": {"geoid": "482013329002", "jobs_transit_45": 188899}}, {"type": "Feature", "geometry": {"type": "Polygon", "coordinates": [[[-95.29632, 29.68515], [-95.29327, 29.68049], [-95.28951, 29.67528], [-95.2891, 29.67441], [-95.28922, 29.67755], [-95.28935, 29.67854], [-95.28327, 29.67973], [-95.28392, 29.68129], [-95.28337, 29.68262], [-95.2835, 29.68543], [-95.29632, 29.68515]]]}, "properties": {"geoid": "482013330001", "jobs_transit_45": 191239}}, {"type": "Feature", "geometry": {"type": "Polygon", "coordinates": [[[-95.09181, 29.53509], [-95.09241, 29.53424], [-95.09004, 29.53113], [-95.08593, 29.53485], [-95.08011, 29.53368], [-95.0786, 29.53726], [-95.08024, 29.54015], [-95.07852, 29.54503], [-95.07248, 29.55021], [-95.06921, 29.5568], [-95.06997, 29.55906], [-95.07157, 29.56277], [-95.07181, 29.56316], [-95.07282, 29.56197], [-95.07449, 29.55916], [-95.07494, 29.55867], [-95.07598, 29.55682], [-95.07635, 29.55635], [-95.07705, 29.55575], [-95.07819, 29.55519], [-95.08638, 29.55253], [-95.09021, 29.55135], [-95.08955, 29.54974], [-95.08905, 29.54884], [-95.08801, 29.54661], [-95.08565, 29.54321], [-95.08638, 29.53607], [-95.09006, 29.53867], [-95.08992, 29.53838], [-95.09181, 29.53509]]]}, "properties": {"geoid": "482013412021", "jobs_transit_45": null}}, {"type": "Feature", "geometry": {"type": "Polygon", "coordinates": [[[-95.09544, 29.54968], [-95.09104, 29.54255], [-95.09086, 29.53987], [-95.09006, 29.53867], [-95.08638, 29.53607], [-95.08565, 29.54321], [-95.08801, 29.54661], [-95.08905, 29.54884], [-95.08955, 29.54974], [-95.09021, 29.55135], [-95.09544, 29.54968]]]}, "properties": {"geoid": "482013412024", "jobs_transit_45": null}}, {"type": "Feature", "geometry": {"type": "Polygon", "coordinates": [[[-95.20805, 29.67527], [-95.20797, 29.67215], [-95.20281, 29.668], [-95.20269, 29.66488], [-95.1979, 29.66491], [-95.19805, 29.67438], [-95.20278, 29.6743], [-95.20805, 29.67527]]]}, "properties": {"geoid": "482013235002", "jobs_transit_45": null}}, {"type": "Feature", "geometry": {"type": "Polygon", "coordinates": [[[-95.20269, 29.66488], [-95.20247, 29.65415], [-95.19337, 29.65426], [-95.19353, 29.66024], [-95.19502, 29.66304], [-95.19505, 29.66499], [-95.20269, 29.66488]]]}, "properties": {"geoid": "482013235003", "jobs_transit_45": null}}, {"type": "Feature", "geometry": {"type": "Polygon", "coordinates": [[[-95.20736, 29.65402], [-95.20513, 29.65106], [-95.20411, 29.65122], [-95.18972, 29.65149], [-95.18561, 29.65083], [-95.18341, 29.65081], [-95.18523, 29.65233], [-95.18647, 29.65778], [-95.18652, 29.65854], [-95.18668, 29.66508], [-95.19505, 29.66499], [-95.19502, 29.66304], [-95.19353, 29.66024], [-95.19337, 29.65426], [-95.20736, 29.65402]]]}, "properties": {"geoid": "482013236001", "jobs_transit_45": null}}, {"type": "Feature", "geometry": {"type": "Polygon", "coordinates": [[[-95.20513, 29.65106], [-95.1957, 29.63862], [-95.19112, 29.63873], [-95.19059, 29.63885], [-95.19089, 29.65147], [-95.20411, 29.65122], [-95.20513, 29.65106]]]}, "properties": {"geoid": "482013236002", "jobs_transit_45": null}}, {"type": "Feature", "geometry": {"type": "Polygon", "coordinates": [[[-95.19089, 29.65147], [-95.19059, 29.63885], [-95.19011, 29.63896], [-95.18631, 29.64058], [-95.1813, 29.64078], [-95.1815, 29.64566], [-95.18148, 29.64673], [-95.18255, 29.64936], [-95.18341, 29.65081], [-95.18561, 29.65083], [-95.18915, 29.65144], [-95.19089, 29.65147]]]}, "properties": {"geoid": "482013236003", "jobs_transit_45": null}}, {"type": "Feature", "geometry": {"type": "Polygon", "coordinates": [[[-95.1957, 29.63862], [-95.19255, 29.63441], [-95.19279, 29.63138], [-95.19079, 29.63025], [-95.18122, 29.63037], [-95.1813, 29.64078], [-95.18631, 29.64058], [-95.19011, 29.63896], [-95.19112, 29.63873], [-95.1957, 29.63862]]]}, "properties": {"geoid": "482013236004", "jobs_transit_45": null}}, {"type": "Feature", "geometry": {"type": "Polygon", "coordinates": [[[-95.1308, 29.52862], [-95.12762, 29.52523], [-95.11715, 29.50804], [-95.11319, 29.51084], [-95.10811, 29.50965], [-95.10433, 29.51074], [-95.10404, 29.51257], [-95.10608, 29.51687], [-95.10364, 29.5179], [-95.10267, 29.52131], [-95.11805, 29.53778], [-95.1308, 29.52862]]]}, "properties": {"geoid": "482013412011", "jobs_transit_45": null}}, {"type": "Feature", "geometry": {"type": "Polygon", "coordinates": [[[-95.18652, 29.65858], [-95.18647, 29.65778], [-95.18523, 29.65233], [-95.18341, 29.65081], [-95.17917, 29.65026], [-95.17941, 29.65861], [-95.18652, 29.65858]]]}, "properties": {"geoid": "482013237013", "jobs_transit_45": null}}, {"type": "Feature", "geometry": {"type": "Polygon", "coordinates": [[[-95.18668, 29.66508], [-95.18652, 29.65858], [-95.17199, 29.65867], [-95.17212, 29.66478], [-95.17224, 29.66532], [-95.18668, 29.66508]]]}, "properties": {"geoid": "482013237011", "jobs_transit_45": null}}, {"type": "Feature", "geometry": {"type": "Polygon", "coordinates": [[[-95.17941, 29.65861], [-95.17917, 29.65026], [-95.17609, 29.64947], [-95.17136, 29.64952], [-95.17155, 29.65604], [-95.17198, 29.6578], [-95.17199, 29.65867], [-95.17941, 29.65861]]]}, "properties": {"geoid": "482013237012", "jobs_transit_45": null}}, {"type": "Feature", "geometry": {"type": "Polygon", "coordinates": [[[-95.28289, 29.67795], [-95.2829, 29.67785], [-95.28008, 29.6755], [-95.28003, 29.67366], [-95.28035, 29.67266], [-95.28037, 29.67232], [-95.27266, 29.67255], [-95.27201, 29.67274], [-95.268, 29.67556], [-95.27268, 29.68035], [-95.2735, 29.67866], [-95.27989, 29.67938], [-95.28289, 29.67795]]]}, "properties": {"geoid": "482013331002", "jobs_transit_45": 148731}}, {"type": "Feature", "geometry": {"type": "Polygon", "coordinates": [[[-95.27712, 29.67241], [-95.27691, 29.66556], [-95.27287, 29.66564], [-95.27181, 29.66663], [-95.27201, 29.67274], [-95.27266, 29.67255], [-95.27712, 29.67241]]]}, "properties": {"geoid": "482013332011", "jobs_transit_45": 152749}}, {"type": "Feature", "geometry": {"type": "Polygon", "coordinates": [[[-95.27201, 29.67274], [-95.27181, 29.66663], [-95.27287, 29.66564], [-95.27204, 29.66564], [-95.27034, 29.66534], [-95.27046, 29.67016], [-95.26563, 29.67057], [-95.26305, 29.66857], [-95.26267, 29.66904], [-95.26249, 29.66914], [-95.26402, 29.67136], [-95.268, 29.67556], [-95.27201, 29.67274]]]}, "properties": {"geoid": "482013332012", "jobs_transit_45": 148419}}, {"type": "Feature", "geometry": {"type": "Polygon", "coordinates": [[[-95.10797, 29.57171], [-95.10995, 29.56799], [-95.10998, 29.56671], [-95.11258, 29.56284], [-95.11238, 29.55964], [-95.09427, 29.5522], [-95.08814, 29.56365], [-95.10478, 29.57068], [-95.10679, 29.57121], [-95.10797, 29.57171]]]}, "properties": {"geoid": "482013413012", "jobs_transit_45": null}}, {"type": "Feature", "geometry": {"type": "Polygon", "coordinates": [[[-95.05877, 29.56933], [-95.05871, 29.56662], [-95.05392, 29.56523], [-95.05199, 29.56835], [-95.0547, 29.57098], [-95.05125, 29.57193], [-95.04848, 29.57471], [-95.04735, 29.57783], [-95.04774, 29.58223], [-95.04667, 29.58443], [-95.04232, 29.58638], [-95.04254, 29.58987], [-95.04138, 29.59023], [-95.0413, 29.59069], [-95.04148, 29.5908], [-95.0415, 29.59133], [-95.0434, 29.59129], [-95.04556, 29.59098], [-95.04571, 29.58996], [-95.05123, 29.58586], [-95.05805, 29.582], [-95.05877, 29.56933]]]}, "properties": {"geoid": "482013414001", "jobs_transit_45": null}}, {"type": "Feature", "geometry": {"type": "Polygon", "coordinates": [[[-95.18382, 29.68212], [-95.18382, 29.67706], [-95.18278, 29.67708], [-95.18281, 29.66837], [-95.18059, 29.6696], [-95.17609, 29.66965], [-95.17622, 29.67713], [-95.17248, 29.67716], [-95.17253, 29.68225], [-95.18382, 29.68212]]]}, "properties": {"geoid": "482013238021", "jobs_transit_45": null}}, {"type": "Feature", "geometry": {"type": "Polygon", "coordinates": [[[-95.19314, 29.68204], [-95.19301, 29.67441], [-95.18681, 29.6745], [-95.18382, 29.67706], [-95.18382, 29.68212], [-95.19314, 29.68204]]]}, "properties": {"geoid": "482013238011", "jobs_transit_45": null}}, {"type": "Feature", "geometry": {"type": "Polygon", "coordinates": [[[-95.17253, 29.68225], [-95.17245, 29.67587], [-95.15602, 29.6761], [-95.15527, 29.68153], [-95.16887, 29.68137], [-95.17253, 29.68225]]]}, "properties": {"geoid": "482013239001", "jobs_transit_45": null}}, {"type": "Feature", "geometry": {"type": "Polygon", "coordinates": [[[-95.26758, 29.66042], [-95.26763, 29.65787], [-95.26532, 29.65672], [-95.26118, 29.65331], [-95.25812, 29.65213], [-95.2516, 29.65251], [-95.26249, 29.66914], [-95.26267, 29.66904], [-95.26305, 29.66857], [-95.26316, 29.66546], [-95.26706, 29.66538], [-95.26758, 29.66042]]]}, "properties": {"geoid": "482013332021", "jobs_transit_45": 23439}}, {"type": "Feature", "geometry": {"type": "Polygon", "coordinates": [[[-95.2672, 29.65193], [-95.26702, 29.64318], [-95.2566, 29.64336], [-95.25656, 29.63999], [-95.25275, 29.64003], [-95.25262, 29.63452], [-95.24888, 29.63457], [-95.24892, 29.638], [-95.24159, 29.63802], [-95.24096, 29.63831], [-95.23993, 29.63739], [-95.24062, 29.63825], [-95.24347, 29.64084], [-95.24459, 29.64203], [-95.24662, 29.64496], [-95.2516, 29.65251], [-95.25812, 29.65213], [-95.26118, 29.65331], [-95.26398, 29.65562], [-95.26469, 29.65394], [-95.26492, 29.65318], [-95.26501, 29.65196], [-95.2672, 29.65193]]]}, "properties": {"geoid": "482013333001", "jobs_transit_45": 24357}}, {"type": "Feature", "geometry": {"type": "Polygon", "coordinates": [[[-95.24743, 29.63158], [-95.24751, 29.63092], [-95.25615, 29.63059], [-95.25596, 29.62684], [-95.23853, 29.62759], [-95.22906, 29.62771], [-95.24062, 29.63825], [-95.23993, 29.63739], [-95.24096, 29.63831], [-95.24159, 29.63802], [-95.24892, 29.638], [-95.24888, 29.63457], [-95.24773, 29.63459], [-95.24759, 29.63445], [-95.24743, 29.63158]]]}, "properties": {"geoid": "482013333002", "jobs_transit_45": 22855}}, {"type": "Feature", "geometry": {"type": "Polygon", "coordinates": [[[-95.17224, 29.66532], [-95.17212, 29.66478], [-95.17202, 29.6602], [-95.16699, 29.66026], [-95.16307, 29.65989], [-95.16285, 29.64961], [-95.15615, 29.64967], [-95.15602, 29.65179], [-95.15614, 29.66038], [-95.15566, 29.66566], [-95.17224, 29.66532]]]}, "properties": {"geoid": "482013240001", "jobs_transit_45": null}}, {"type": "Feature", "geometry": {"type": "Polygon", "coordinates": [[[-95.1963, 29.62355], [-95.19751, 29.6225], [-95.19595, 29.62089], [-95.19191, 29.61618], [-95.18144, 29.62196], [-95.17365, 29.62751], [-95.1606, 29.6396], [-95.15986, 29.64036], [-95.15839, 29.6424], [-95.15644, 29.64791], [-95.15615, 29.64967], [-95.16285, 29.64961], [-95.16307, 29.65989], [-95.16699, 29.66026], [-95.17202, 29.6602], [-95.17198, 29.6578], [-95.17155, 29.65604], [-95.17151, 29.65541], [-95.17112, 29.64064], [-95.1813, 29.64078], [-95.18122, 29.63037], [-95.19079, 29.63025], [-95.19279, 29.63138], [-95.19321, 29.62674], [-95.1963, 29.62355]]]}, "properties": {"geoid": "482013240002", "jobs_transit_45": null}}, {"type": "Feature", "geometry": {"type": "Polygon", "coordinates": [[[-95.26702, 29.64318], [-95.26689, 29.63677], [-95.26463, 29.63596], [-95.26462, 29.63248], [-95.26683, 29.63244], [-95.26679, 29.62827], [-95.26674, 29.62644], [-95.25596, 29.62684], [-95.25615, 29.63059], [-95.24751, 29.63092], [-95.24743, 29.63158], [-95.24764, 29.63455], [-95.25262, 29.63452], [-95.25275, 29.64003], [-95.25656, 29.63999], [-95.2566, 29.64336], [-95.26702, 29.64318]]]}, "properties": {"geoid": "482013333003", "jobs_transit_45": 24311}}, {"type": "Feature", "geometry": {"type": "Polygon", "coordinates": [[[-95.07131, 29.56368], [-95.06997, 29.55906], [-95.06921, 29.5568], [-95.06315, 29.55889], [-95.05735, 29.55874], [-95.05536, 29.5636], [-95.05643, 29.565], [-95.05488, 29.56532], [-95.05392, 29.56523], [-95.05871, 29.56662], [-95.05877, 29.56933], [-95.05791, 29.58456], [-95.05878, 29.58238], [-95.0665, 29.57804], [-95.06568, 29.57359], [-95.06316, 29.57417], [-95.06278, 29.56996], [-95.06566, 29.56909], [-95.06516, 29.56615], [-95.07131, 29.56368]]]}, "properties": {"geoid": "482013414003", "jobs_transit_45": null}}, {"type": "Feature", "geometry": {"type": "Polygon", "coordinates": [[[-95.21743, 29.69118], [-95.21754, 29.69075], [-95.2155, 29.69081], [-95.20928, 29.6908], [-95.20938, 29.69806], [-95.21679, 29.69801], [-95.21648, 29.69341], [-95.21743, 29.69118]]]}, "properties": {"geoid": "482013221002", "jobs_transit_45": null}}, {"type": "Feature", "geometry": {"type": "Polygon", "coordinates": [[[-95.20105, 29.69813], [-95.20093, 29.69241], [-95.20098, 29.69088], [-95.19325, 29.69089], [-95.19327, 29.69159], [-95.19182, 29.6916], [-95.19232, 29.69402], [-95.19269, 29.69606], [-95.18778, 29.69615], [-95.1829, 29.69613], [-95.18291, 29.69881], [-95.19328, 29.69862], [-95.19393, 29.69823], [-95.20105, 29.69813]]]}, "properties": {"geoid": "482013230001", "jobs_transit_45": null}}, {"type": "Feature", "geometry": {"type": "Polygon", "coordinates": [[[-95.21754, 29.69075], [-95.21725, 29.68697], [-95.21453, 29.68106], [-95.21368, 29.67916], [-95.21064, 29.67775], [-95.20957, 29.67533], [-95.20875, 29.67438], [-95.20839, 29.67417], [-95.20801, 29.67418], [-95.20818, 29.67649], [-95.20885, 29.67809], [-95.20907, 29.68718], [-95.21127, 29.69077], [-95.2155, 29.69081], [-95.21754, 29.69075]]]}, "properties": {"geoid": "482013221003", "jobs_transit_45": null}}, {"type": "Feature", "geometry": {"type": "Polygon", "coordinates": [[[-95.16121, 29.71231], [-95.16125, 29.71018], [-95.16255, 29.70871], [-95.16235, 29.69933], [-95.1583, 29.69936], [-95.15837, 29.70093], [-95.15538, 29.70093], [-95.1554, 29.70171], [-95.15342, 29.70169], [-95.15337, 29.71209], [-95.16121, 29.71231]]]}, "properties": {"geoid": "482013226001", "jobs_transit_45": null}}, {"type": "Feature", "geometry": {"type": "Polygon", "coordinates": [[[-95.16235, 29.69933], [-95.16219, 29.69332], [-95.15656, 29.69342], [-95.15833, 29.69083], [-95.15349, 29.69009], [-95.15342, 29.70169], [-95.1554, 29.70171], [-95.15538, 29.70093], [-95.15837, 29.70093], [-95.1583, 29.69936], [-95.16235, 29.69933]]]}, "properties": {"geoid": "482013226002", "jobs_transit_45": null}}, {"type": "Feature", "geometry": {"type": "Polygon", "coordinates": [[[-95.16209, 29.68927], [-95.16357, 29.68905], [-95.15455, 29.68374], [-95.15357, 29.68756], [-95.15348, 29.68848], [-95.15349, 29.69009], [-95.15833, 29.69083], [-95.15656, 29.69342], [-95.16219, 29.69332], [-95.16209, 29.68927]]]}, "properties": {"geoid": "482013226003", "jobs_transit_45": null}}, {"type": "Feature", "geometry": {"type": "Polygon", "coordinates": [[[-95.43003, 29.64178], [-95.42994, 29.6384], [-95.42914, 29.6383], [-95.42487, 29.63712], [-95.42268, 29.63792], [-95.42275, 29.64148], [-95.42703, 29.64144], [-95.43003, 29.64178]]]}, "properties": {"geoid": "482013301001", "jobs_transit_45": null}}, {"type": "Feature", "geometry": {"type": "Polygon", "coordinates": [[[-95.42984, 29.63443], [-95.42983, 29.63336], [-95.42957, 29.62786], [-95.42164, 29.628], [-95.42174, 29.62828], [-95.42188, 29.63414], [-95.42254, 29.63415], [-95.42253, 29.63339], [-95.42984, 29.63443]]]}, "properties": {"geoid": "482013301003", "jobs_transit_45": 79351}}, {"type": "Feature", "geometry": {"type": "Polygon", "coordinates": [[[-95.05285, 29.56458], [-95.0524, 29.56439], [-95.04491, 29.56437], [-95.04291, 29.56358], [-95.04236, 29.56291], [-95.04127, 29.56567], [-95.03971, 29.56804], [-95.04175, 29.56905], [-95.04011, 29.57154], [-95.04117, 29.57329], [-95.04488, 29.57372], [-95.04596, 29.57269], [-95.04659, 29.57033], [-95.04762, 29.56927], [-95.04993, 29.56912], [-95.05233, 29.56511], [-95.05285, 29.56458]]]}, "properties": {"geoid": "482013415013", "jobs_transit_45": null}}, {"type": "Feature", "geometry": {"type": "Polygon", "coordinates": [[[-95.1715, 29.71258], [-95.17134, 29.70496], [-95.16974, 29.70418], [-95.16248, 29.70482], [-95.16255, 29.70871], [-95.16125, 29.71018], [-95.16121, 29.71231], [-95.1715, 29.71258]]]}, "properties": {"geoid": "482013227001", "jobs_transit_45": null}}, {"type": "Feature", "geometry": {"type": "Polygon", "coordinates": [[[-95.17107, 29.69369], [-95.1712, 29.69359], [-95.16916, 29.69247], [-95.16357, 29.68905], [-95.16209, 29.68927], [-95.16226, 29.69502], [-95.17109, 29.69492], [-95.17107, 29.69369]]]}, "properties": {"geoid": "482013227002", "jobs_transit_45": null}}, {"type": "Feature", "geometry": {"type": "Polygon", "coordinates": [[[-95.18438, 29.71133], [-95.1856, 29.71027], [-95.17814, 29.70391], [-95.17689, 29.70868], [-95.17145, 29.70856], [-95.1715, 29.71258], [-95.18412, 29.71292], [-95.1842, 29.71162], [-95.18438, 29.71133]]]}, "properties": {"geoid": "482013228001", "jobs_transit_45": null}}, {"type": "Feature", "geometry": {"type": "Polygon", "coordinates": [[[-95.18468, 29.7023], [-95.18489, 29.70211], [-95.18512, 29.70183], [-95.17948, 29.69853], [-95.17593, 29.69886], [-95.17461, 29.70086], [-95.17541, 29.7015], [-95.17634, 29.70233], [-95.17878, 29.70443], [-95.18468, 29.7023]]]}, "properties": {"geoid": "482013228002", "jobs_transit_45": null}}, {"type": "Feature", "geometry": {"type": "Polygon", "coordinates": [[[-95.17461, 29.70086], [-95.17593, 29.69886], [-95.17948, 29.69853], [-95.1712, 29.69359], [-95.17107, 29.69369], [-95.17145, 29.70856], [-95.17689, 29.70868], [-95.17814, 29.70391], [-95.17634, 29.70233], [-95.17541, 29.7015], [-95.17461, 29.70086]]]}, "properties": {"geoid": "482013228003", "jobs_transit_45": null}}, {"type": "Feature", "geometry": {"type": "Polygon", "coordinates": [[[-95.1974, 29.71247], [-95.19662, 29.71043], [-95.19067, 29.70536], [-95.19005, 29.70471], [-95.18512, 29.70183], [-95.18468, 29.7023], [-95.17878, 29.70443], [-95.1856, 29.71027], [-95.18438, 29.71133], [-95.1842, 29.71162], [-95.18412, 29.71292], [-95.19094, 29.71305], [-95.1974, 29.71247]]]}, "properties": {"geoid": "482013228004", "jobs_transit_45": null}}, {"type": "Feature", "geometry": {"type": "Polygon", "coordinates": [[[-95.20128, 29.71211], [-95.20124, 29.70906], [-95.2012, 29.70728], [-95.20109, 29.70616], [-95.20107, 29.70182], [-95.19374, 29.70196], [-95.19005, 29.70471], [-95.19067, 29.70536], [-95.19662, 29.71043], [-95.1974, 29.71247], [-95.20128, 29.71211]]]}, "properties": {"geoid": "482013229001", "jobs_transit_45": null}}, {"type": "Feature", "geometry": {"type": "Polygon", "coordinates": [[[-95.18592, 29.70233], [-95.18691, 29.70108], [-95.18743, 29.7008], [-95.18704, 29.69876], [-95.18291, 29.69881], [-95.18295, 29.69833], [-95.17958, 29.69835], [-95.17948, 29.69853], [-95.18592, 29.70233]]]}, "properties": {"geoid": "482013229002", "jobs_transit_45": null}}, {"type": "Feature", "geometry": {"type": "Polygon", "coordinates": [[[-95.18385, 29.68303], [-95.18382, 29.68212], [-95.17253, 29.68225], [-95.17264, 29.68589], [-95.17521, 29.68443], [-95.18021, 29.68437], [-95.18027, 29.68584], [-95.18295, 29.68581], [-95.18295, 29.68385], [-95.18385, 29.68303]]]}, "properties": {"geoid": "482013232002", "jobs_transit_45": null}}, {"type": "Feature", "geometry": {"type": "Polygon", "coordinates": [[[-95.17272, 29.69176], [-95.17253, 29.68225], [-95.16887, 29.68137], [-95.15527, 29.68153], [-95.15455, 29.68374], [-95.16357, 29.68905], [-95.16916, 29.69247], [-95.16999, 29.69181], [-95.17272, 29.69176]]]}, "properties": {"geoid": "482013231001", "jobs_transit_45": null}}, {"type": "Feature", "geometry": {"type": "Polygon", "coordinates": [[[-95.18295, 29.69833], [-95.1828, 29.69172], [-95.16999, 29.69181], [-95.16916, 29.69247], [-95.1712, 29.69359], [-95.17948, 29.69853], [-95.17958, 29.69835], [-95.18295, 29.69833]]]}, "properties": {"geoid": "482013231002", "jobs_transit_45": null}}, {"type": "Feature", "geometry": {"type": "Polygon", "coordinates": [[[-95.18295, 29.6884], [-95.18295, 29.68581], [-95.18027, 29.68584], [-95.18021, 29.68437], [-95.17521, 29.68443], [-95.17264, 29.68589], [-95.17272, 29.69176], [-95.1828, 29.69172], [-95.18295, 29.6884]]]}, "properties": {"geoid": "482013232001", "jobs_transit_45": null}}, {"type": "Feature", "geometry": {"type": "Polygon", "coordinates": [[[-95.43088, 29.62783], [-95.43088, 29.62403], [-95.43076, 29.61945], [-95.43005, 29.6191], [-95.42243, 29.62007], [-95.41744, 29.61904], [-95.41399, 29.6277], [-95.41542, 29.62779], [-95.41691, 29.62804], [-95.43088, 29.62783]]]}, "properties": {"geoid": "482013305001", "jobs_transit_45": 140157}}, {"type": "Feature", "geometry": {"type": "Polygon", "coordinates": [[[-95.42206, 29.64048], [-95.42179, 29.62946], [-95.42174, 29.62828], [-95.42164, 29.628], [-95.41691, 29.62804], [-95.41542, 29.62779], [-95.41399, 29.6277], [-95.40899, 29.64028], [-95.41061, 29.64061], [-95.42206, 29.64048]]]}, "properties": {"geoid": "482013301004", "jobs_transit_45": 59657}}, {"type": "Feature", "geometry": {"type": "Polygon", "coordinates": [[[-95.46375, 29.64788], [-95.46358, 29.64081], [-95.4581, 29.64089], [-95.45794, 29.63403], [-95.45665, 29.63407], [-95.45648, 29.62738], [-95.44833, 29.62751], [-95.44616, 29.62757], [-95.44663, 29.65451], [-95.44956, 29.65331], [-95.46375, 29.64788]]]}, "properties": {"geoid": "482013302001", "jobs_transit_45": 404339}}, {"type": "Feature", "geometry": {"type": "Polygon", "coordinates": [[[-95.46349, 29.63199], [-95.46519, 29.62729], [-95.45648, 29.62738], [-95.45665, 29.63407], [-95.45794, 29.63403], [-95.4581, 29.64089], [-95.46358, 29.64081], [-95.46349, 29.63199]]]}, "properties": {"geoid": "482013302002", "jobs_transit_45": 330653}}, {"type": "Feature", "geometry": {"type": "Polygon", "coordinates": [[[-95.48444, 29.60855], [-95.46505, 29.5996], [-95.46459, 29.60067], [-95.46446, 29.60165], [-95.46472, 29.6048], [-95.46491, 29.60761], [-95.46498, 29.61638], [-95.48338, 29.6162], [-95.48332, 29.61108], [-95.48444, 29.60855]]]}, "properties": {"geoid": "482013303021", "jobs_transit_45": 216294}}, {"type": "Feature", "geometry": {"type": "Polygon", "coordinates": [[[-95.46297, 29.6273], [-95.46096, 29.62558], [-95.46091, 29.62257], [-95.45403, 29.62251], [-95.45305, 29.61946], [-95.45158, 29.61947], [-95.45012, 29.6191], [-95.44919, 29.61911], [-95.44747, 29.61974], [-95.44666, 29.61995], [-95.44599, 29.62026], [-95.44616, 29.62757], [-95.44833, 29.62751], [-95.46297, 29.6273]]]}, "properties": {"geoid": "482013304001", "jobs_transit_45": null}}, {"type": "Feature", "geometry": {"type": "Polygon", "coordinates": [[[-95.46519, 29.62729], [-95.46492, 29.61525], [-95.46363, 29.61427], [-95.45653, 29.61436], [-95.45557, 29.61432], [-95.45436, 29.61395], [-95.45319, 29.61337], [-95.4459, 29.61334], [-95.44599, 29.62026], [-95.44666, 29.61995], [-95.44747, 29.61974], [-95.44919, 29.61911], [-95.45012, 29.6191], [-95.45158, 29.61947], [-95.45305, 29.61946], [-95.45403, 29.62251], [-95.46091, 29.62257], [-95.46096, 29.62558], [-95.46297, 29.6273], [-95.46519, 29.62729]]]}, "properties": {"geoid": "482013304002", "jobs_transit_45": null}}, {"type": "Feature", "geometry": {"type": "Polygon", "coordinates": [[[-95.46492, 29.61525], [-95.46491, 29.60761], [-95.46473, 29.6058], [-95.44596, 29.60611], [-95.4459, 29.61334], [-95.45319, 29.61337], [-95.45483, 29.61414], [-95.45589, 29.61435], [-95.46363, 29.61427], [-95.46492, 29.61525]]]}, "properties": {"geoid": "482013304003", "jobs_transit_45": 158598}}, {"type": "Feature", "geometry": {"type": "Polygon", "coordinates": [[[-95.28885, 29.66212], [-95.28876, 29.65753], [-95.28328, 29.65776], [-95.27671, 29.65791], [-95.27691, 29.66556], [-95.27831, 29.66544], [-95.27881, 29.66526], [-95.27871, 29.66212], [-95.28128, 29.66229], [-95.28885, 29.66212]]]}, "properties": {"geoid": "482013335003", "jobs_transit_45": 161336}}, {"type": "Feature", "geometry": {"type": "Polygon", "coordinates": [[[-95.43792, 29.62003], [-95.43834, 29.61936], [-95.43763, 29.61902], [-95.43672, 29.61889], [-95.43249, 29.61892], [-95.43076, 29.61945], [-95.43088, 29.62403], [-95.43088, 29.62783], [-95.43534, 29.62776], [-95.43529, 29.61975], [-95.43792, 29.62003]]]}, "properties": {"geoid": "482013305002", "jobs_transit_45": 140135}}, {"type": "Feature", "geometry": {"type": "Polygon", "coordinates": [[[-95.44616, 29.62757], [-95.44598, 29.61879], [-95.44195, 29.62052], [-95.44045, 29.62044], [-95.43834, 29.61936], [-95.43792, 29.62003], [-95.43529, 29.61975], [-95.43534, 29.62776], [-95.44616, 29.62757]]]}, "properties": {"geoid": "482013305003", "jobs_transit_45": 315355}}, {"type": "Feature", "geometry": {"type": "Polygon", "coordinates": [[[-95.43005, 29.6191], [-95.43071, 29.61355], [-95.4196, 29.61363], [-95.41744, 29.61904], [-95.42243, 29.62007], [-95.43005, 29.6191]]]}, "properties": {"geoid": "482013306001", "jobs_transit_45": 327132}}, {"type": "Feature", "geometry": {"type": "Polygon", "coordinates": [[[-95.44194, 29.61338], [-95.44178, 29.60614], [-95.42241, 29.60635], [-95.4196, 29.61363], [-95.44194, 29.61338]]]}, "properties": {"geoid": "482013306002", "jobs_transit_45": 327321}}, {"type": "Feature", "geometry": {"type": "Polygon", "coordinates": [[[-95.4459, 29.61334], [-95.44596, 29.60611], [-95.44178, 29.60614], [-95.44194, 29.61338], [-95.4459, 29.61334]]]}, "properties": {"geoid": "482013306003", "jobs_transit_45": 158539}}, {"type": "Feature", "geometry": {"type": "Polygon", "coordinates": [[[-95.46473, 29.6058], [-95.46472, 29.6048], [-95.46446, 29.60165], [-95.46344, 29.60166], [-95.46161, 29.60001], [-95.456, 29.59917], [-95.45637, 29.60593], [-95.46473, 29.6058]]]}, "properties": {"geoid": "482013307003", "jobs_transit_45": 321782}}, {"type": "Feature", "geometry": {"type": "Polygon", "coordinates": [[[-95.45035, 29.59859], [-95.45637, 29.59856], [-95.45639, 29.59547], [-95.43103, 29.58351], [-95.43095, 29.58384], [-95.42752, 29.59448], [-95.42528, 29.60001], [-95.42241, 29.60635], [-95.45099, 29.60602], [-95.45021, 29.60245], [-95.45035, 29.59859]]]}, "properties": {"geoid": "482013307001", "jobs_transit_45": null}}, {"type": "Feature", "geometry": {"type": "Polygon", "coordinates": [[[-95.28145, 29.67229], [-95.28135, 29.66492], [-95.27971, 29.665], [-95.27831, 29.66544], [-95.27691, 29.66556], [-95.27712, 29.67241], [-95.28145, 29.67229]]]}, "properties": {"geoid": "482013335001", "jobs_transit_45": 148702}}, {"type": "Feature", "geometry": {"type": "Polygon", "coordinates": [[[-95.28907, 29.67318], [-95.28885, 29.66212], [-95.28128, 29.66229], [-95.27871, 29.66212], [-95.27881, 29.66526], [-95.27971, 29.665], [-95.28135, 29.66492], [-95.28145, 29.67229], [-95.28434, 29.67229], [-95.28622, 29.67241], [-95.28907, 29.67318]]]}, "properties": {"geoid": "482013335002", "jobs_transit_45": 162139}}, {"type": "Feature", "geometry": {"type": "Polygon", "coordinates": [[[-95.30428, 29.66356], [-95.30315, 29.66299], [-95.29874, 29.66531], [-95.29673, 29.66367], [-95.30078, 29.66082], [-95.29129, 29.65626], [-95.28876, 29.65753], [-95.28907, 29.67318], [-95.29033, 29.67354], [-95.29071, 29.67314], [-95.29179, 29.67278], [-95.29346, 29.67292], [-95.29681, 29.67187], [-95.29536, 29.67049], [-95.29499, 29.67012], [-95.29938, 29.66594], [-95.30428, 29.66356]]]}, "properties": {"geoid": "482013336001", "jobs_transit_45": 137158}}, {"type": "Feature", "geometry": {"type": "Polygon", "coordinates": [[[-95.30315, 29.66299], [-95.30566, 29.65995], [-95.30256, 29.66157], [-95.30442, 29.65532], [-95.30492, 29.65124], [-95.30474, 29.64952], [-95.29191, 29.65588], [-95.29129, 29.65626], [-95.30078, 29.66082], [-95.29673, 29.66367], [-95.29874, 29.66531], [-95.30315, 29.66299]]]}, "properties": {"geoid": "482013336002", "jobs_transit_45": null}}, {"type": "Feature", "geometry": {"type": "Polygon", "coordinates": [[[-95.3149, 29.65496], [-95.31222, 29.64586], [-95.31023, 29.64683], [-95.30931, 29.6473], [-95.30474, 29.64952], [-95.30492, 29.65124], [-95.30442, 29.65532], [-95.30256, 29.66157], [-95.30566, 29.65995], [-95.30315, 29.66299], [-95.30428, 29.66356], [-95.30802, 29.65859], [-95.31118, 29.65758], [-95.31237, 29.65529], [-95.3133, 29.65494], [-95.3149, 29.65496]]]}, "properties": {"geoid": "482013336003", "jobs_transit_45": null}}, {"type": "Feature", "geometry": {"type": "Polygon", "coordinates": [[[-95.28665, 29.63433], [-95.28605, 29.63321], [-95.28577, 29.63238], [-95.28559, 29.6315], [-95.28547, 29.62545], [-95.28094, 29.62554], [-95.2804, 29.62557], [-95.27844, 29.62595], [-95.26674, 29.62644], [-95.26679, 29.62827], [-95.26686, 29.63311], [-95.26875, 29.63441], [-95.2857, 29.63428], [-95.28665, 29.63433]]]}, "properties": {"geoid": "482013337001", "jobs_transit_45": null}}, {"type": "Feature", "geometry": {"type": "Polygon", "coordinates": [[[-95.02867, 29.58521], [-95.02915, 29.58374], [-95.02866, 29.58123], [-95.02679, 29.56988], [-95.01693, 29.5711], [-95.01472, 29.5748], [-95.00724, 29.575], [-95.00144, 29.58271], [-94.99506, 29.58823], [-94.99435, 29.59], [-94.99738, 29.59184], [-95.0004, 29.59069], [-95.00461, 29.58431], [-95.02332, 29.58404], [-95.02463, 29.58612], [-95.02867, 29.58521]]]}, "properties": {"geoid": "482013416002", "jobs_transit_45": null}}, {"type": "Feature", "geometry": {"type": "Polygon", "coordinates": [[[-95.35543, 29.61662], [-95.35543, 29.60658], [-95.35507, 29.60456], [-95.35225, 29.59534], [-95.35191, 29.58546], [-95.34884, 29.58651], [-95.34628, 29.58559], [-95.34441, 29.5891], [-95.34058, 29.59274], [-95.33226, 29.59894], [-95.32543, 29.59805], [-95.32208, 29.5967], [-95.31971, 29.59823], [-95.31471, 29.59801], [-95.30976, 29.59504], [-95.30395, 29.59518], [-95.29742, 29.59653], [-95.30467, 29.62086], [-95.34163, 29.621], [-95.34625, 29.62012], [-95.35543, 29.61662]]]}, "properties": {"geoid": "482013308001", "jobs_transit_45": null}}, {"type": "Feature", "geometry": {"type": "Polygon", "coordinates": [[[-95.31023, 29.64683], [-95.31222, 29.64586], [-95.31115, 29.64218], [-95.30999, 29.63866], [-95.30467, 29.62086], [-95.28535, 29.62079], [-95.28558, 29.62983], [-95.28552, 29.63064], [-95.28562, 29.63174], [-95.28587, 29.63271], [-95.28624, 29.6336], [-95.28659, 29.63424], [-95.28826, 29.6367], [-95.28857, 29.63738], [-95.2885, 29.6423], [-95.28876, 29.65753], [-95.29191, 29.65588], [-95.30931, 29.6473], [-95.31023, 29.64683]]]}, "properties": {"geoid": "482013337002", "jobs_transit_45": null}}, {"type": "Feature", "geometry": {"type": "Polygon", "coordinates": [[[-95.28535, 29.62079], [-95.30467, 29.62086], [-95.29742, 29.59653], [-95.29369, 29.59649], [-95.2923, 29.5978], [-95.2865, 29.59789], [-95.28599, 29.60644], [-95.28555, 29.61166], [-95.28526, 29.61668], [-95.28532, 29.61967], [-95.27564, 29.61982], [-95.27572, 29.62503], [-95.27844, 29.62595], [-95.2804, 29.62557], [-95.28547, 29.62545], [-95.28535, 29.62079]]]}, "properties": {"geoid": "482013338001", "jobs_transit_45": null}}, {"type": "Feature", "geometry": {"type": "Polygon", "coordinates": [[[-95.28526, 29.61668], [-95.28555, 29.61166], [-95.27552, 29.61173], [-95.27564, 29.61982], [-95.28532, 29.61967], [-95.28526, 29.61668]]]}, "properties": {"geoid": "482013338002", "jobs_transit_45": null}}, {"type": "Feature", "geometry": {"type": "Polygon", "coordinates": [[[-95.4196, 29.61363], [-95.38721, 29.61404], [-95.38729, 29.63222], [-95.3897, 29.63277], [-95.39483, 29.63103], [-95.40612, 29.62867], [-95.40916, 29.62279], [-95.41101, 29.62223], [-95.41252, 29.62045], [-95.41662, 29.61896], [-95.41744, 29.61904], [-95.4196, 29.61363]]]}, "properties": {"geoid": "482013309001", "jobs_transit_45": null}}, {"type": "Feature", "geometry": {"type": "Polygon", "coordinates": [[[-95.42241, 29.60635], [-95.40921, 29.60654], [-95.40903, 29.59927], [-95.3883, 29.59952], [-95.38685, 29.5993], [-95.38721, 29.61404], [-95.4196, 29.61363], [-95.42241, 29.60635]]]}, "properties": {"geoid": "482013309002", "jobs_transit_45": 185171}}, {"type": "Feature", "geometry": {"type": "Polygon", "coordinates": [[[-95.38278, 29.66909], [-95.3834, 29.6679], [-95.37698, 29.66928], [-95.37194, 29.66938], [-95.37278, 29.67068], [-95.37293, 29.67685], [-95.37569, 29.67667], [-95.3818, 29.67485], [-95.38189, 29.67212], [-95.38278, 29.66909]]]}, "properties": {"geoid": "482013311003", "jobs_transit_45": 207451}}, {"type": "Feature", "geometry": {"type": "Polygon", "coordinates": [[[-95.38171, 29.67799], [-95.3818, 29.67485], [-95.37569, 29.67667], [-95.37293, 29.67685], [-95.37278, 29.67068], [-95.37194, 29.66938], [-95.36206, 29.66951], [-95.36103, 29.67122], [-95.36069, 29.6717], [-95.36594, 29.6734], [-95.36327, 29.68023], [-95.36394, 29.68029], [-95.36259, 29.68072], [-95.36666, 29.68098], [-95.38121, 29.68072], [-95.38171, 29.67799]]]}, "properties": {"geoid": "482013311004", "jobs_transit_45": 178773}}, {"type": "Feature", "geometry": {"type": "Polygon", "coordinates": [[[-95.36206, 29.66951], [-95.36195, 29.6643], [-95.36456, 29.66426], [-95.36444, 29.65832], [-95.35553, 29.65844], [-95.35572, 29.6691], [-95.36206, 29.66951]]]}, "properties": {"geoid": "482013312001", "jobs_transit_45": 183949}}, {"type": "Feature", "geometry": {"type": "Polygon", "coordinates": [[[-95.38717, 29.6596], [-95.38752, 29.65763], [-95.38653, 29.65763], [-95.38499, 29.65778], [-95.37535, 29.65815], [-95.36444, 29.65832], [-95.36456, 29.66426], [-95.36195, 29.6643], [-95.36206, 29.66951], [-95.37698, 29.66928], [-95.3834, 29.6679], [-95.38585, 29.66327], [-95.38717, 29.6596]]]}, "properties": {"geoid": "482013312002", "jobs_transit_45": 187165}}, {"type": "Feature", "geometry": {"type": "Polygon", "coordinates": [[[-95.38749, 29.64364], [-95.38729, 29.63222], [-95.38537, 29.63092], [-95.38315, 29.62937], [-95.38088, 29.62957], [-95.37808, 29.63266], [-95.37756, 29.63627], [-95.3755, 29.63758], [-95.3756, 29.6383], [-95.3766, 29.63829], [-95.3768, 29.63981], [-95.37631, 29.64075], [-95.37683, 29.64123], [-95.37687, 29.64383], [-95.38749, 29.64364]]]}, "properties": {"geoid": "482013313003", "jobs_transit_45": 42521}}, {"type": "Feature", "geometry": {"type": "Polygon", "coordinates": [[[-95.38768, 29.65577], [-95.38749, 29.64364], [-95.38073, 29.64376], [-95.38067, 29.64503], [-95.38074, 29.64997], [-95.37367, 29.65001], [-95.37188, 29.65302], [-95.37199, 29.65823], [-95.37535, 29.65815], [-95.38499, 29.65778], [-95.38598, 29.65766], [-95.38752, 29.65763], [-95.38768, 29.65577]]]}, "properties": {"geoid": "482013313001", "jobs_transit_45": 63052}}, {"type": "Feature", "geometry": {"type": "Polygon", "coordinates": [[[-95.3687, 29.65825], [-95.36871, 29.65649], [-95.36861, 29.6542], [-95.36837, 29.64432], [-95.36777, 29.64438], [-95.36747, 29.64449], [-95.36703, 29.64567], [-95.36559, 29.64653], [-95.35629, 29.64822], [-95.35621, 29.64985], [-95.35555, 29.65227], [-95.35553, 29.65844], [-95.3687, 29.65825]]]}, "properties": {"geoid": "482013314001", "jobs_transit_45": 155836}}, {"type": "Feature", "geometry": {"type": "Polygon", "coordinates": [[[-95.36703, 29.64567], [-95.36721, 29.64524], [-95.3654, 29.64541], [-95.36528, 29.64216], [-95.36695, 29.64013], [-95.36439, 29.64016], [-95.36335, 29.64218], [-95.36334, 29.64141], [-95.356, 29.64138], [-95.35629, 29.64822], [-95.36559, 29.64653], [-95.36703, 29.64567]]]}, "properties": {"geoid": "482013315001", "jobs_transit_45": 141931}}, {"type": "Feature", "geometry": {"type": "Polygon", "coordinates": [[[-95.36319, 29.63456], [-95.36424, 29.63427], [-95.3681, 29.63421], [-95.36806, 29.63198], [-95.3642, 29.63203], [-95.36414, 29.62877], [-95.36362, 29.62877], [-95.35826, 29.62739], [-95.35814, 29.62774], [-95.35736, 29.62766], [-95.35563, 29.62766], [-95.35576, 29.63227], [-95.35684, 29.63225], [-95.35755, 29.63205], [-95.35769, 29.63305], [-95.36044, 29.63306], [-95.36043, 29.63379], [-95.36318, 29.63381], [-95.36319, 29.63456]]]}, "properties": {"geoid": "482013315004", "jobs_transit_45": 103692}}, {"type": "Feature", "geometry": {"type": "Polygon", "coordinates": [[[-95.365, 29.62827], [-95.36573, 29.62409], [-95.36407, 29.62418], [-95.36398, 29.62108], [-95.35544, 29.62107], [-95.35563, 29.62766], [-95.35736, 29.62766], [-95.35814, 29.62774], [-95.35826, 29.62739], [-95.36362, 29.62877], [-95.365, 29.62827]]]}, "properties": {"geoid": "482013315005", "jobs_transit_45": 103675}}, {"type": "Feature", "geometry": {"type": "Polygon", "coordinates": [[[-95.38729, 29.63222], [-95.38721, 29.61404], [-95.38025, 29.61412], [-95.38023, 29.61231], [-95.35544, 29.6122], [-95.35544, 29.62107], [-95.36398, 29.62108], [-95.36407, 29.62418], [-95.36573, 29.62409], [-95.365, 29.62827], [-95.36414, 29.62877], [-95.3642, 29.63203], [-95.36806, 29.63198], [-95.3681, 29.63421], [-95.36424, 29.63427], [-95.36319, 29.63456], [-95.36335, 29.64218], [-95.36439, 29.64016], [-95.36695, 29.64013], [-95.36528, 29.64216], [-95.3654, 29.64541], [-95.36721, 29.64524], [-95.36747, 29.64449], [-95.36777, 29.64438], [-95.36891, 29.64427], [-95.37001, 29.64373], [-95.37046, 29.64332], [-95.37262, 29.6419], [-95.37556, 29.64037], [-95.37596, 29.63957], [-95.37562, 29.63839], [-95.3755, 29.63758], [-95.37756, 29.63627], [-95.37808, 29.63266], [-95.38088, 29.62957], [-95.38315, 29.62937], [-95.38537, 29.63092], [-95.38729, 29.63222]]]}, "properties": {"geoid": "482013315006", "jobs_transit_45": 94861}}, {"type": "Feature", "geometry": {"type": "Polygon", "coordinates": [[[-95.35596, 29.63786], [-95.35584, 29.63408], [-95.355, 29.6341], [-95.35358, 29.6345], [-95.35459, 29.63344], [-95.35453, 29.63113], [-95.3495, 29.63109], [-95.34951, 29.63732], [-95.34938, 29.6381], [-95.35517, 29.63812], [-95.35578, 29.63786], [-95.35596, 29.63786]]]}, "properties": {"geoid": "482013316013", "jobs_transit_45": 70683}}, {"type": "Feature", "geometry": {"type": "Polygon", "coordinates": [[[-95.35584, 29.63408], [-95.35562, 29.6274], [-95.35462, 29.62738], [-95.35381, 29.62717], [-95.35066, 29.62598], [-95.34406, 29.62591], [-95.34412, 29.62891], [-95.34131, 29.62947], [-95.33934, 29.62953], [-95.33937, 29.63312], [-95.34132, 29.63307], [-95.34344, 29.63287], [-95.34344, 29.63366], [-95.34511, 29.63348], [-95.34951, 29.63341], [-95.3495, 29.63109], [-95.35445, 29.6311], [-95.35456, 29.63121], [-95.35459, 29.63344], [-95.35358, 29.6345], [-95.355, 29.6341], [-95.35584, 29.63408]]]}, "properties": {"geoid": "482013316012", "jobs_transit_45": 74477}}, {"type": "Feature", "geometry": {"type": "Polygon", "coordinates": [[[-95.34951, 29.63732], [-95.34951, 29.63341], [-95.34511, 29.63348], [-95.34344, 29.63366], [-95.34344, 29.63287], [-95.34132, 29.63307], [-95.33937, 29.63312], [-95.3394, 29.63696], [-95.34871, 29.63623], [-95.34938, 29.6381], [-95.34951, 29.63732]]]}, "properties": {"geoid": "482013316014", "jobs_transit_45": 74481}}, {"type": "Feature", "geometry": {"type": "Polygon", "coordinates": [[[-95.27844, 29.62595], [-95.27572, 29.62503], [-95.27559, 29.61558], [-95.2667, 29.6157], [-95.2668, 29.62451], [-95.26674, 29.62644], [-95.27844, 29.62595]]]}, "properties": {"geoid": "482013338004", "jobs_transit_45": null}}, {"type": "Feature", "geometry": {"type": "Polygon", "coordinates": [[[-95.72007, 29.98045], [-95.72046, 29.97958], [-95.72015, 29.96071], [-95.71783, 29.95878], [-95.71781, 29.95659], [-95.71623, 29.95607], [-95.71393, 29.95632], [-95.6998, 29.95403], [-95.69362, 29.95199], [-95.69055, 29.95416], [-95.68938, 29.95686], [-95.68547, 29.95582], [-95.68536, 29.94992], [-95.6872, 29.9499], [-95.68624, 29.92642], [-95.67348, 29.95308], [-95.67934, 29.95699], [-95.68565, 29.96136], [-95.68566, 29.96162], [-95.68795, 29.96322], [-95.68837, 29.96359], [-95.69332, 29.97094], [-95.69761, 29.97329], [-95.70516, 29.97505], [-95.70832, 29.97599], [-95.72007, 29.98045]]]}, "properties": {"geoid": "482015430022", "jobs_transit_45": null}}, {"type": "Feature", "geometry": {"type": "Polygon", "coordinates": [[[-95.27268, 29.68035], [-95.268, 29.67556], [-95.25565, 29.68478], [-95.25156, 29.6875], [-95.25179, 29.68766], [-95.25513, 29.68917], [-95.25673, 29.69173], [-95.25902, 29.69059], [-95.25941, 29.69039], [-95.26023, 29.69015], [-95.26092, 29.69013], [-95.26442, 29.68883], [-95.26845, 29.68236], [-95.27, 29.68107], [-95.27268, 29.68035]]]}, "properties": {"geoid": "482013206011", "jobs_transit_45": 45546}}, {"type": "Feature", "geometry": {"type": "Polygon", "coordinates": [[[-95.33207, 29.90475], [-95.33247, 29.90251], [-95.32347, 29.90282], [-95.32354, 29.90594], [-95.3317, 29.90555], [-95.33207, 29.90475]]]}, "properties": {"geoid": "482012230022", "jobs_transit_45": 144253}}, {"type": "Feature", "geometry": {"type": "Polygon", "coordinates": [[[-95.67894, 29.89763], [-95.68396, 29.89691], [-95.68344, 29.89392], [-95.6833, 29.87995], [-95.67849, 29.87896], [-95.66816, 29.87902], [-95.66832, 29.88904], [-95.66847, 29.89026], [-95.67544, 29.88953], [-95.67841, 29.89434], [-95.67894, 29.89763]]]}, "properties": {"geoid": "482015412011", "jobs_transit_45": null}}, {"type": "Feature", "geometry": {"type": "Polygon", "coordinates": [[[-95.31746, 29.90896], [-95.31825, 29.90859], [-95.31574, 29.90758], [-95.31569, 29.90293], [-95.31328, 29.90295], [-95.31175, 29.90276], [-95.31124, 29.90446], [-95.30975, 29.9108], [-95.31778, 29.9108], [-95.31746, 29.90896]]]}, "properties": {"geoid": "482012230012", "jobs_transit_45": 144397}}, {"type": "Feature", "geometry": {"type": "Polygon", "coordinates": [[[-95.2846, 29.96572], [-95.28544, 29.96369], [-95.2877, 29.95872], [-95.29589, 29.94014], [-95.29599, 29.93997], [-95.28334, 29.94055], [-95.26812, 29.95457], [-95.26677, 29.95578], [-95.26637, 29.95597], [-95.26631, 29.95678], [-95.26429, 29.96526], [-95.28162, 29.9648], [-95.2824, 29.96495], [-95.2846, 29.96572]]]}, "properties": {"geoid": "482012501002", "jobs_transit_45": null}}, {"type": "Feature", "geometry": {"type": "Polygon", "coordinates": [[[-95.16804, 29.99661], [-95.16667, 29.99307], [-95.16661, 29.9924], [-95.16866, 29.99254], [-95.16887, 29.98747], [-95.16783, 29.98735], [-95.16695, 29.9872], [-95.16166, 29.98875], [-95.16228, 29.99859], [-95.16504, 29.99823], [-95.16804, 29.99661]]]}, "properties": {"geoid": "482012504012", "jobs_transit_45": null}}, {"type": "Feature", "geometry": {"type": "Polygon", "coordinates": [[[-95.19814, 29.98662], [-95.19591, 29.98066], [-95.19574, 29.97961], [-95.19581, 29.97934], [-95.19366, 29.97936], [-95.19009, 29.97887], [-95.17992, 29.97918], [-95.17685, 29.98087], [-95.16897, 29.98272], [-95.1632, 29.98127], [-95.16166, 29.98371], [-95.16166, 29.98875], [-95.16695, 29.9872], [-95.16783, 29.98735], [-95.16887, 29.98747], [-95.16866, 29.99254], [-95.16661, 29.9924], [-95.16667, 29.99307], [-95.16804, 29.99661], [-95.19814, 29.98662]]]}, "properties": {"geoid": "482012504011", "jobs_transit_45": null}}, {"type": "Feature", "geometry": {"type": "Polygon", "coordinates": [[[-95.21744, 29.97934], [-95.21757, 29.97927], [-95.21737, 29.97909], [-95.21633, 29.97847], [-95.20613, 29.97781], [-95.19734, 29.97899], [-95.19585, 29.97917], [-95.19574, 29.97961], [-95.19591, 29.98066], [-95.19814, 29.98662], [-95.21239, 29.98185], [-95.21744, 29.97934]]]}, "properties": {"geoid": "482012503023", "jobs_transit_45": null}}, {"type": "Feature", "geometry": {"type": "Polygon", "coordinates": [[[-95.21243, 29.99945], [-95.21239, 29.98185], [-95.18835, 29.98989], [-95.18943, 29.99316], [-95.1881, 29.99615], [-95.18805, 29.99871], [-95.19638, 29.99886], [-95.2105, 29.99947], [-95.21243, 29.99945]]]}, "properties": {"geoid": "482012505001", "jobs_transit_45": null}}, {"type": "Feature", "geometry": {"type": "Polygon", "coordinates": [[[-95.21392, 29.85416], [-95.21426, 29.85157], [-95.21417, 29.85011], [-95.21186, 29.85014], [-95.20877, 29.85078], [-95.19587, 29.85314], [-95.1865, 29.85335], [-95.18667, 29.86664], [-95.18753, 29.8717], [-95.18905, 29.87381], [-95.19698, 29.88282], [-95.20202, 29.88942], [-95.20247, 29.89183], [-95.2035, 29.89137], [-95.206, 29.88928], [-95.20764, 29.8869], [-95.20849, 29.88301], [-95.20832, 29.86946], [-95.20936, 29.86436], [-95.21392, 29.85416]]]}, "properties": {"geoid": "482012323022", "jobs_transit_45": null}}, {"type": "Feature", "geometry": {"type": "Polygon", "coordinates": [[[-95.21417, 29.85011], [-95.21408, 29.84584], [-95.19843, 29.84605], [-95.19781, 29.83826], [-95.18517, 29.84371], [-95.18547, 29.84428], [-95.18635, 29.84846], [-95.1865, 29.85335], [-95.19587, 29.85314], [-95.20877, 29.85078], [-95.21186, 29.85014], [-95.21417, 29.85011]]]}, "properties": {"geoid": "482012323021", "jobs_transit_45": null}}, {"type": "Feature", "geometry": {"type": "Polygon", "coordinates": [[[-95.23357, 29.75915], [-95.23345, 29.75313], [-95.23315, 29.74483], [-95.23046, 29.74483], [-95.23175, 29.74267], [-95.23176, 29.74197], [-95.23061, 29.74197], [-95.23033, 29.73252], [-95.22966, 29.73251], [-95.22966, 29.72869], [-95.22822, 29.7252], [-95.22782, 29.72533], [-95.22352, 29.72533], [-95.21932, 29.72413], [-95.21522, 29.72453], [-95.21189, 29.72653], [-95.21228, 29.73896], [-95.21092, 29.74083], [-95.21143, 29.74972], [-95.21133, 29.75769], [-95.21308, 29.75979], [-95.21774, 29.75965], [-95.23357, 29.75915]]]}, "properties": {"geoid": "482012337031", "jobs_transit_45": null}}, {"type": "Feature", "geometry": {"type": "Polygon", "coordinates": [[[-95.51252, 29.81098], [-95.51248, 29.8029], [-95.51074, 29.80292], [-95.50653, 29.80308], [-95.5066, 29.811], [-95.50956, 29.81108], [-95.51169, 29.81105], [-95.51252, 29.81098]]]}, "properties": {"geoid": "482015212003", "jobs_transit_45": 124176}}, {"type": "Feature", "geometry": {"type": "Polygon", "coordinates": [[[-95.52616, 29.80981], [-95.52443, 29.8071], [-95.52442, 29.80673], [-95.52421, 29.80635], [-95.52139, 29.80524], [-95.51796, 29.80337], [-95.51316, 29.80231], [-95.51209, 29.80179], [-95.51139, 29.80102], [-95.50922, 29.80293], [-95.51074, 29.80292], [-95.51248, 29.8029], [-95.51252, 29.81098], [-95.51564, 29.81065], [-95.51966, 29.80984], [-95.52616, 29.80981]]]}, "properties": {"geoid": "482015212002", "jobs_transit_45": 161216}}, {"type": "Feature", "geometry": {"type": "Polygon", "coordinates": [[[-95.26676, 29.72888], [-95.26682, 29.72772], [-95.26653, 29.72494], [-95.26631, 29.72499], [-95.26619, 29.72492], [-95.26055, 29.72653], [-95.25662, 29.72663], [-95.25342, 29.72543], [-95.24553, 29.71973], [-95.24066, 29.71941], [-95.23322, 29.72353], [-95.22822, 29.7252], [-95.22966, 29.72869], [-95.22966, 29.73251], [-95.24014, 29.73244], [-95.24017, 29.73538], [-95.24538, 29.73537], [-95.24669, 29.73527], [-95.24818, 29.73537], [-95.24781, 29.73837], [-95.24635, 29.74341], [-95.24316, 29.74339], [-95.24452, 29.7457], [-95.24191, 29.74573], [-95.24144, 29.74561], [-95.2403, 29.74561], [-95.24031, 29.74787], [-95.24139, 29.75079], [-95.24579, 29.75514], [-95.24721, 29.75985], [-95.25094, 29.75978], [-95.25172, 29.75992], [-95.25163, 29.75761], [-95.2543, 29.7576], [-95.254, 29.74619], [-95.25361, 29.73276], [-95.25601, 29.73213], [-95.25697, 29.73268], [-95.26307, 29.73677], [-95.26543, 29.73825], [-95.26676, 29.72888]]]}, "properties": {"geoid": "482012337011", "jobs_transit_45": null}}, {"type": "Feature", "geometry": {"type": "Polygon", "coordinates": [[[-95.24721, 29.75985], [-95.24579, 29.75514], [-95.24139, 29.75079], [-95.24031, 29.74787], [-95.24027, 29.74048], [-95.23301, 29.74052], [-95.23345, 29.75313], [-95.23357, 29.75915], [-95.24203, 29.759], [-95.24721, 29.75985]]]}, "properties": {"geoid": "482012337021", "jobs_transit_45": null}}, {"type": "Feature", "geometry": {"type": "Polygon", "coordinates": [[[-95.23315, 29.74483], [-95.23276, 29.73248], [-95.23033, 29.73252], [-95.23061, 29.74197], [-95.23176, 29.74197], [-95.23175, 29.74267], [-95.23046, 29.74483], [-95.23315, 29.74483]]]}, "properties": {"geoid": "482012337032", "jobs_transit_45": null}}, {"type": "Feature", "geometry": {"type": "Polygon", "coordinates": [[[-95.46833, 29.73524], [-95.46819, 29.7277], [-95.46801, 29.72754], [-95.46825, 29.72688], [-95.46826, 29.7264], [-95.46667, 29.72669], [-95.46044, 29.72896], [-95.46012, 29.73192], [-95.46062, 29.73534], [-95.46833, 29.73524]]]}, "properties": {"geoid": "482014319002", "jobs_transit_45": 455940}}, {"type": "Feature", "geometry": {"type": "Polygon", "coordinates": [[[-95.47409, 29.73796], [-95.4684, 29.73801], [-95.46833, 29.73524], [-95.46062, 29.73534], [-95.46012, 29.73192], [-95.45884, 29.73787], [-95.45831, 29.74095], [-95.46679, 29.74045], [-95.47409, 29.73796]]]}, "properties": {"geoid": "482014319001", "jobs_transit_45": 375123}}, {"type": "Feature", "geometry": {"type": "Polygon", "coordinates": [[[-95.56337, 29.79707], [-95.56306, 29.79061], [-95.56298, 29.78481], [-95.55358, 29.78466], [-95.55383, 29.79796], [-95.55599, 29.79754], [-95.55734, 29.79747], [-95.55868, 29.79712], [-95.56337, 29.79707]]]}, "properties": {"geoid": "482015224022", "jobs_transit_45": 189479}}, {"type": "Feature", "geometry": {"type": "Polygon", "coordinates": [[[-95.39616, 29.94783], [-95.39705, 29.94731], [-95.39637, 29.94622], [-95.39604, 29.94518], [-95.39481, 29.94527], [-95.38911, 29.94564], [-95.38626, 29.94916], [-95.38587, 29.94932], [-95.39198, 29.94817], [-95.39191, 29.94939], [-95.39319, 29.94937], [-95.39317, 29.94817], [-95.39616, 29.94783]]]}, "properties": {"geoid": "482012405021", "jobs_transit_45": 459278}}, {"type": "Feature", "geometry": {"type": "Polygon", "coordinates": [[[-95.40367, 29.96598], [-95.4033, 29.9591], [-95.40105, 29.95738], [-95.39988, 29.95382], [-95.39325, 29.9539], [-95.38984, 29.95175], [-95.38649, 29.95179], [-95.38627, 29.951], [-95.38562, 29.9512], [-95.38417, 29.95203], [-95.38343, 29.95368], [-95.37999, 29.95877], [-95.38027, 29.96541], [-95.38745, 29.9659], [-95.38814, 29.96597], [-95.40367, 29.96598]]]}, "properties": {"geoid": "482012405011", "jobs_transit_45": 115931}}, {"type": "Feature", "geometry": {"type": "Polygon", "coordinates": [[[-95.64215, 29.90357], [-95.64238, 29.90292], [-95.6424, 29.90284], [-95.64182, 29.90266], [-95.63412, 29.90229], [-95.63073, 29.90754], [-95.63436, 29.90899], [-95.63824, 29.90895], [-95.63821, 29.90532], [-95.64215, 29.90357]]]}, "properties": {"geoid": "482015410012", "jobs_transit_45": null}}, {"type": "Feature", "geometry": {"type": "Polygon", "coordinates": [[[-95.65, 29.9365], [-95.65022, 29.93479], [-95.64837, 29.93147], [-95.64707, 29.93014], [-95.64646, 29.92918], [-95.64611, 29.92825], [-95.64594, 29.92717], [-95.64587, 29.92163], [-95.64791, 29.9174], [-95.64823, 29.91687], [-95.6493, 29.9131], [-95.6495, 29.90792], [-95.6459, 29.9058], [-95.64479, 29.90435], [-95.64379, 29.90354], [-95.6424, 29.90284], [-95.64215, 29.90357], [-95.63821, 29.90532], [-95.63824, 29.90895], [-95.63436, 29.90899], [-95.63073, 29.90754], [-95.62935, 29.90918], [-95.62784, 29.91058], [-95.62505, 29.91245], [-95.62424, 29.91286], [-95.61981, 29.9149], [-95.63755, 29.92741], [-95.63886, 29.92862], [-95.65, 29.9365]]]}, "properties": {"geoid": "482015410011", "jobs_transit_45": null}}, {"type": "Feature", "geometry": {"type": "Polygon", "coordinates": [[[-95.18422, 30.05003], [-95.18124, 30.04551], [-95.17664, 30.04079], [-95.17415, 30.03514], [-95.17413, 30.03395], [-95.17444, 30.03251], [-95.17558, 30.02984], [-95.17654, 30.02733], [-95.17427, 30.02892], [-95.16585, 30.03152], [-95.15621, 30.03662], [-95.15478, 30.03555], [-95.15501, 30.04083], [-95.15742, 30.04496], [-95.16129, 30.04784], [-95.16173, 30.04792], [-95.16187, 30.04801], [-95.16209, 30.04847], [-95.16207, 30.04884], [-95.1606, 30.05327], [-95.16092, 30.05433], [-95.16119, 30.05418], [-95.16801, 30.05355], [-95.17484, 30.05106], [-95.18422, 30.05003]]]}, "properties": {"geoid": "482012509002", "jobs_transit_45": null}}, {"type": "Feature", "geometry": {"type": "Polygon", "coordinates": [[[-95.16139, 30.05088], [-95.16211, 30.04863], [-95.16183, 30.04797], [-95.16129, 30.04784], [-95.15742, 30.04496], [-95.15501, 30.04083], [-95.15478, 30.03555], [-95.15209, 30.03354], [-95.14789, 30.02431], [-95.14569, 30.02208], [-95.1419, 30.02094], [-95.13677, 30.02182], [-95.13205, 30.02116], [-95.13031, 30.02972], [-95.12901, 30.03252], [-95.12291, 30.04362], [-95.13231, 30.05272], [-95.13851, 30.05932], [-95.13953, 30.06011], [-95.14573, 30.05622], [-95.14959, 30.05631], [-95.15116, 30.05484], [-95.15337, 30.05243], [-95.15019, 30.05194], [-95.14882, 30.04972], [-95.15444, 30.04867], [-95.15752, 30.05096], [-95.15994, 30.05127], [-95.16083, 30.05093], [-95.16139, 30.05088]]]}, "properties": {"geoid": "482012509004", "jobs_transit_45": null}}, {"type": "Feature", "geometry": {"type": "Polygon", "coordinates": [[[-95.33011, 30.01722], [-95.33013, 30.01154], [-95.3183, 30.00707], [-95.31767, 30.00871], [-95.31651, 30.01417], [-95.31849, 30.01483], [-95.31874, 30.03321], [-95.31866, 30.03318], [-95.31818, 30.03447], [-95.31936, 30.03392], [-95.32228, 30.03296], [-95.32147, 30.03007], [-95.32508, 30.02729], [-95.32655, 30.02629], [-95.32703, 30.02683], [-95.33005, 30.03049], [-95.33011, 30.01722]]]}, "properties": {"geoid": "482012409011", "jobs_transit_45": null}}, {"type": "Feature", "geometry": {"type": "Polygon", "coordinates": [[[-95.33397, 30.05225], [-95.34345, 30.04695], [-95.33647, 30.04028], [-95.33385, 30.03799], [-95.33432, 30.03632], [-95.33058, 30.03279], [-95.33005, 30.03049], [-95.32703, 30.02683], [-95.32655, 30.02629], [-95.32508, 30.02729], [-95.32147, 30.03007], [-95.32228, 30.03296], [-95.31936, 30.03392], [-95.31847, 30.03437], [-95.31958, 30.0349], [-95.32562, 30.03973], [-95.32593, 30.048], [-95.33276, 30.05244], [-95.33397, 30.05225]]]}, "properties": {"geoid": "482012410004", "jobs_transit_45": null}}, {"type": "Feature", "geometry": {"type": "Polygon", "coordinates": [[[-95.30692, 30.03107], [-95.30677, 30.01631], [-95.29471, 30.01633], [-95.29473, 30.0113], [-95.29484, 30.01039], [-95.29524, 30.00929], [-95.297, 30.00494], [-95.29387, 30.00505], [-95.28239, 30.00505], [-95.2812, 30.0102], [-95.28065, 30.02175], [-95.28473, 30.02284], [-95.28475, 30.02991], [-95.29292, 30.02775], [-95.29371, 30.0295], [-95.29994, 30.0322], [-95.30293, 30.03202], [-95.30436, 30.02981], [-95.30692, 30.03107]]]}, "properties": {"geoid": "482012409022", "jobs_transit_45": null}}, {"type": "Feature", "geometry": {"type": "Polygon", "coordinates": [[[-95.30891, 30.00437], [-95.30857, 29.98554], [-95.29696, 29.9836], [-95.29593, 29.98278], [-95.28158, 29.98277], [-95.27717, 29.9824], [-95.27122, 29.99747], [-95.27029, 30.00034], [-95.26825, 30.00502], [-95.29387, 30.00505], [-95.30891, 30.00437]]]}, "properties": {"geoid": "482012415001", "jobs_transit_45": null}}, {"type": "Feature", "geometry": {"type": "Polygon", "coordinates": [[[-95.66962, 29.90585], [-95.66974, 29.90153], [-95.66937, 29.89956], [-95.66707, 29.90006], [-95.66592, 29.90023], [-95.66461, 29.90025], [-95.66341, 29.90013], [-95.66218, 29.89984], [-95.6611, 29.89943], [-95.65378, 29.89606], [-95.6513, 29.89606], [-95.65112, 29.89751], [-95.65051, 29.89907], [-95.6538, 29.89979], [-95.65709, 29.90136], [-95.65893, 29.90223], [-95.65853, 29.90301], [-95.65636, 29.90382], [-95.65516, 29.9066], [-95.65514, 29.90809], [-95.65716, 29.90801], [-95.659, 29.90768], [-95.66064, 29.90714], [-95.66322, 29.90595], [-95.66441, 29.90561], [-95.66511, 29.90548], [-95.66699, 29.90538], [-95.66809, 29.90552], [-95.66962, 29.90585]]]}, "properties": {"geoid": "482015411002", "jobs_transit_45": null}}, {"type": "Feature", "geometry": {"type": "Polygon", "coordinates": [[[-95.65634, 29.89667], [-95.65635, 29.8928], [-95.65411, 29.88981], [-95.65341, 29.88981], [-95.65267, 29.88873], [-95.65198, 29.88698], [-95.64988, 29.88765], [-95.64846, 29.88925], [-95.64381, 29.89085], [-95.64315, 29.89193], [-95.64433, 29.89232], [-95.6461, 29.89339], [-95.64868, 29.89541], [-95.65378, 29.89606], [-95.65634, 29.89667]]]}, "properties": {"geoid": "482015412032", "jobs_transit_45": null}}, {"type": "Feature", "geometry": {"type": "Polygon", "coordinates": [[[-95.65198, 29.88698], [-95.65193, 29.88502], [-95.6497, 29.88041], [-95.64959, 29.87995], [-95.64957, 29.87916], [-95.64532, 29.87921], [-95.6452, 29.88283], [-95.64456, 29.88532], [-95.64132, 29.8911], [-95.64315, 29.89193], [-95.64381, 29.89085], [-95.64846, 29.88925], [-95.64988, 29.88765], [-95.65198, 29.88698]]]}, "properties": {"geoid": "482015412031", "jobs_transit_45": null}}, {"type": "Feature", "geometry": {"type": "Polygon", "coordinates": [[[-95.66326, 29.88898], [-95.66234, 29.88858], [-95.66026, 29.88826], [-95.65654, 29.88877], [-95.65411, 29.88981], [-95.65635, 29.8928], [-95.6568, 29.89504], [-95.65831, 29.89501], [-95.65879, 29.8948], [-95.66326, 29.88898]]]}, "properties": {"geoid": "482015412023", "jobs_transit_45": null}}, {"type": "Feature", "geometry": {"type": "Polygon", "coordinates": [[[-95.65634, 29.89667], [-95.66061, 29.8992], [-95.66236, 29.89989], [-95.66386, 29.90019], [-95.66561, 29.90025], [-95.6667, 29.90013], [-95.66917, 29.8996], [-95.66937, 29.89956], [-95.66872, 29.89724], [-95.66857, 29.89639], [-95.66832, 29.88904], [-95.66816, 29.87902], [-95.66533, 29.87904], [-95.66537, 29.88232], [-95.66701, 29.88231], [-95.66552, 29.8861], [-95.66458, 29.88668], [-95.66463, 29.88705], [-95.66438, 29.88751], [-95.65887, 29.89473], [-95.65863, 29.89491], [-95.65831, 29.89501], [-95.6568, 29.89504], [-95.65634, 29.89667]]]}, "properties": {"geoid": "482015412021", "jobs_transit_45": null}}, {"type": "Feature", "geometry": {"type": "Polygon", "coordinates": [[[-95.41538, 30.03758], [-95.41549, 30.03592], [-95.41548, 30.03553], [-95.41535, 30.03523], [-95.41398, 30.03342], [-95.41381, 30.02486], [-95.4043, 30.02665], [-95.40544, 30.03112], [-95.40633, 30.03094], [-95.40819, 30.03211], [-95.40813, 30.03339], [-95.41032, 30.03635], [-95.41164, 30.03708], [-95.41478, 30.03762], [-95.41538, 30.03758]]]}, "properties": {"geoid": "482012408013", "jobs_transit_45": 357187}}, {"type": "Feature", "geometry": {"type": "Polygon", "coordinates": [[[-95.45249, 29.95243], [-95.45456, 29.94945], [-95.45174, 29.94942], [-95.45192, 29.95047], [-95.44631, 29.95063], [-95.43982, 29.95064], [-95.43627, 29.95073], [-95.43658, 29.96542], [-95.4506, 29.96507], [-95.45367, 29.96493], [-95.45157, 29.95951], [-95.45151, 29.95517], [-95.45171, 29.95399], [-95.45249, 29.95243]]]}, "properties": {"geoid": "482015505001", "jobs_transit_45": 80082}}, {"type": "Feature", "geometry": {"type": "Polygon", "coordinates": [[[-95.43658, 29.96542], [-95.43619, 29.94622], [-95.43616, 29.94611], [-95.43417, 29.94613], [-95.42934, 29.95188], [-95.42696, 29.95382], [-95.42676, 29.95388], [-95.42515, 29.95481], [-95.42379, 29.95526], [-95.42315, 29.95549], [-95.42464, 29.96128], [-95.42909, 29.95992], [-95.42952, 29.9653], [-95.43595, 29.96541], [-95.43658, 29.96542]]]}, "properties": {"geoid": "482015502001", "jobs_transit_45": 396547}}, {"type": "Feature", "geometry": {"type": "Polygon", "coordinates": [[[-95.44792, 29.97408], [-95.44793, 29.97376], [-95.44791, 29.9735], [-95.44077, 29.97255], [-95.44265, 29.96851], [-95.44758, 29.96788], [-95.44753, 29.96514], [-95.43595, 29.96541], [-95.42952, 29.9653], [-95.43065, 29.96822], [-95.43099, 29.96877], [-95.43158, 29.96944], [-95.4352, 29.9727], [-95.43546, 29.97252], [-95.43584, 29.97242], [-95.4378, 29.97253], [-95.44047, 29.97305], [-95.44589, 29.97404], [-95.44614, 29.97411], [-95.44792, 29.97408]]]}, "properties": {"geoid": "482015504021", "jobs_transit_45": 396500}}, {"type": "Feature", "geometry": {"type": "Polygon", "coordinates": [[[-95.4383, 29.97778], [-95.43656, 29.9739], [-95.43174, 29.96959], [-95.43116, 29.96899], [-95.43065, 29.96822], [-95.42952, 29.9653], [-95.42187, 29.96596], [-95.42129, 29.9677], [-95.42815, 29.97304], [-95.43727, 29.98104], [-95.4383, 29.97778]]]}, "properties": {"geoid": "482015504022", "jobs_transit_45": 488035}}, {"type": "Feature", "geometry": {"type": "Polygon", "coordinates": [[[-95.43727, 29.98104], [-95.42815, 29.97304], [-95.42129, 29.9677], [-95.42187, 29.96596], [-95.41926, 29.96574], [-95.42154, 29.97508], [-95.42462, 29.9756], [-95.42507, 29.97816], [-95.42962, 29.97949], [-95.42877, 29.98169], [-95.4309, 29.98239], [-95.43424, 29.98455], [-95.43727, 29.98104]]]}, "properties": {"geoid": "482015503011", "jobs_transit_45": 122938}}, {"type": "Feature", "geometry": {"type": "Polygon", "coordinates": [[[-95.43424, 29.98455], [-95.4309, 29.98239], [-95.42877, 29.98169], [-95.42962, 29.97949], [-95.42507, 29.97816], [-95.42462, 29.9756], [-95.42154, 29.97508], [-95.42425, 29.99018], [-95.42727, 29.99002], [-95.43115, 29.99005], [-95.43132, 29.98869], [-95.43187, 29.98741], [-95.43243, 29.98664], [-95.43424, 29.98455]]]}, "properties": {"geoid": "482015503013", "jobs_transit_45": 488399}}, {"type": "Feature", "geometry": {"type": "Polygon", "coordinates": [[[-95.42928, 30.02871], [-95.4292, 30.02379], [-95.42899, 30.02116], [-95.42312, 30.02301], [-95.42057, 30.02357], [-95.42062, 30.02434], [-95.42051, 30.02639], [-95.422, 30.02643], [-95.42196, 30.02864], [-95.42619, 30.02866], [-95.42628, 30.02816], [-95.42856, 30.02826], [-95.42928, 30.02871]]]}, "properties": {"geoid": "482012408012", "jobs_transit_45": 86874}}, {"type": "Feature", "geometry": {"type": "Polygon", "coordinates": [[[-95.44175, 30.02963], [-95.44144, 30.02809], [-95.44049, 30.02536], [-95.43985, 30.02446], [-95.43496, 30.02747], [-95.4358, 30.03155], [-95.44057, 30.03059], [-95.44175, 30.02963]]]}, "properties": {"geoid": "482015533001", "jobs_transit_45": null}}, {"type": "Feature", "geometry": {"type": "Polygon", "coordinates": [[[-95.4665, 30.0379], [-95.46585, 30.03707], [-95.46355, 30.03297], [-95.46275, 30.03264], [-95.46229, 30.03293], [-95.4593, 30.0356], [-95.4582, 30.03574], [-95.45317, 30.03618], [-95.45123, 30.03776], [-95.44756, 30.03559], [-95.44624, 30.03653], [-95.44513, 30.03676], [-95.44511, 30.0373], [-95.44427, 30.03871], [-95.44441, 30.03945], [-95.4464, 30.04446], [-95.45375, 30.04383], [-95.4665, 30.0379]]]}, "properties": {"geoid": "482015534012", "jobs_transit_45": null}}, {"type": "Feature", "geometry": {"type": "Polygon", "coordinates": [[[-95.4464, 30.04446], [-95.44441, 30.03945], [-95.44427, 30.03871], [-95.44511, 30.0373], [-95.44513, 30.03676], [-95.44486, 30.03687], [-95.44124, 30.03418], [-95.43478, 30.03403], [-95.43343, 30.03569], [-95.43066, 30.03457], [-95.43013, 30.0349], [-95.42937, 30.03565], [-95.42967, 30.04006], [-95.4319, 30.05259], [-95.43412, 30.05263], [-95.4434, 30.04624], [-95.4464, 30.04446]]]}, "properties": {"geoid": "482015534011", "jobs_transit_45": null}}, {"type": "Feature", "geometry": {"type": "Polygon", "coordinates": [[[-95.41137, 30.07457], [-95.4117, 30.07253], [-95.41169, 30.07168], [-95.40682, 30.06416], [-95.40493, 30.05868], [-95.40383, 30.05086], [-95.40746, 30.04288], [-95.4077, 30.04016], [-95.40544, 30.03112], [-95.40426, 30.03325], [-95.40016, 30.03597], [-95.39753, 30.03567], [-95.39697, 30.03598], [-95.40259, 30.04374], [-95.40047, 30.04491], [-95.39741, 30.04496], [-95.3941, 30.04438], [-95.39322, 30.04439], [-95.39229, 30.04455], [-95.39242, 30.04546], [-95.39247, 30.04811], [-95.3879, 30.05012], [-95.39004, 30.05373], [-95.39034, 30.05413], [-95.39107, 30.05482], [-95.39209, 30.05544], [-95.39923, 30.059], [-95.40016, 30.0596], [-95.40061, 30.05998], [-95.40195, 30.06162], [-95.41137, 30.07457]]]}, "properties": {"geoid": "482012412001", "jobs_transit_45": null}}, {"type": "Feature", "geometry": {"type": "Polygon", "coordinates": [[[-95.40259, 30.04374], [-95.39697, 30.03598], [-95.39605, 30.03585], [-95.39576, 30.03566], [-95.39441, 30.0363], [-95.38885, 30.03648], [-95.38452, 30.03823], [-95.38242, 30.04037], [-95.38305, 30.04203], [-95.3879, 30.05012], [-95.39247, 30.04811], [-95.39242, 30.04546], [-95.39227, 30.04425], [-95.39234, 30.0429], [-95.39265, 30.0414], [-95.39167, 30.03918], [-95.39442, 30.03851], [-95.39766, 30.03802], [-95.40201, 30.04407], [-95.40259, 30.04374]]]}, "properties": {"geoid": "482012412003", "jobs_transit_45": null}}, {"type": "Feature", "geometry": {"type": "Polygon", "coordinates": [[[-95.34345, 30.04695], [-95.3498, 30.04339], [-95.3494, 30.04304], [-95.34622, 30.03743], [-95.34207, 30.03846], [-95.34071, 30.03427], [-95.34256, 30.03292], [-95.34001, 30.02963], [-95.34305, 30.02995], [-95.34234, 30.02826], [-95.34083, 30.02808], [-95.34026, 30.02813], [-95.33681, 30.02882], [-95.33634, 30.03014], [-95.33206, 30.02936], [-95.33005, 30.03049], [-95.33058, 30.03279], [-95.33432, 30.03632], [-95.33385, 30.03799], [-95.33647, 30.04028], [-95.34345, 30.04695]]]}, "properties": {"geoid": "482012410002", "jobs_transit_45": null}}, {"type": "Feature", "geometry": {"type": "Polygon", "coordinates": [[[-95.35956, 30.04892], [-95.35888, 30.04522], [-95.35809, 30.04479], [-95.35496, 30.04055], [-95.34639, 30.04529], [-95.3468, 30.04604], [-95.35066, 30.05088], [-95.35178, 30.05119], [-95.3541, 30.05165], [-95.35567, 30.05115], [-95.35956, 30.04892]]]}, "properties": {"geoid": "482012411022", "jobs_transit_45": null}}, {"type": "Feature", "geometry": {"type": "Polygon", "coordinates": [[[-95.6833, 29.86537], [-95.68323, 29.85806], [-95.67982, 29.85738], [-95.67669, 29.85495], [-95.67482, 29.85231], [-95.67301, 29.85191], [-95.66823, 29.8519], [-95.66824, 29.85357], [-95.66833, 29.85439], [-95.66976, 29.85977], [-95.66906, 29.86529], [-95.67051, 29.86544], [-95.6833, 29.86537]]]}, "properties": {"geoid": "482015415002", "jobs_transit_45": null}}, {"type": "Feature", "geometry": {"type": "Polygon", "coordinates": [[[-95.68982, 29.85641], [-95.68978, 29.84861], [-95.67511, 29.84871], [-95.67421, 29.84878], [-95.66821, 29.84922], [-95.66823, 29.8519], [-95.67301, 29.85191], [-95.67482, 29.85231], [-95.67669, 29.85495], [-95.67982, 29.85738], [-95.68323, 29.85806], [-95.68325, 29.85642], [-95.68982, 29.85641]]]}, "properties": {"geoid": "482015415001", "jobs_transit_45": null}}, {"type": "Feature", "geometry": {"type": "Polygon", "coordinates": [[[-95.44871, 30.05969], [-95.44847, 30.05675], [-95.44811, 30.05616], [-95.44745, 30.05524], [-95.44463, 30.05126], [-95.44797, 30.05049], [-95.4466, 30.04858], [-95.44614, 30.04595], [-95.44544, 30.04499], [-95.4434, 30.04624], [-95.43412, 30.05263], [-95.43305, 30.05275], [-95.44122, 30.06366], [-95.44239, 30.06351], [-95.44441, 30.06371], [-95.44547, 30.06364], [-95.44696, 30.06324], [-95.44829, 30.06259], [-95.44852, 30.06247], [-95.44785, 30.06172], [-95.44871, 30.05969]]]}, "properties": {"geoid": "482015534021", "jobs_transit_45": null}}, {"type": "Feature", "geometry": {"type": "Polygon", "coordinates": [[[-95.4581, 30.05554], [-95.46104, 30.05329], [-95.45563, 30.04688], [-95.45434, 30.04761], [-95.4464, 30.04446], [-95.44544, 30.04499], [-95.44614, 30.04595], [-95.4466, 30.04858], [-95.44797, 30.05049], [-95.44463, 30.05126], [-95.44745, 30.05524], [-95.44811, 30.05616], [-95.44847, 30.05675], [-95.44871, 30.05969], [-95.44785, 30.06172], [-95.44852, 30.06247], [-95.45243, 30.06025], [-95.45333, 30.05946], [-95.4581, 30.05554]]]}, "properties": {"geoid": "482015534022", "jobs_transit_45": null}}, {"type": "Feature", "geometry": {"type": "Polygon", "coordinates": [[[-95.77715, 29.77528], [-95.7771, 29.77239], [-95.77613, 29.76729], [-95.77211, 29.7693], [-95.77099, 29.76724], [-95.77038, 29.76749], [-95.76792, 29.76457], [-95.76418, 29.76451], [-95.76305, 29.76476], [-95.76388, 29.76659], [-95.76836, 29.77104], [-95.76901, 29.77326], [-95.76887, 29.77416], [-95.76884, 29.77514], [-95.77424, 29.77303], [-95.77715, 29.77528]]]}, "properties": {"geoid": "482014551022", "jobs_transit_45": null}}, {"type": "Feature", "geometry": {"type": "Polygon", "coordinates": [[[-95.76887, 29.77416], [-95.76901, 29.77326], [-95.76836, 29.77104], [-95.76647, 29.76934], [-95.76574, 29.77013], [-95.76508, 29.77322], [-95.76136, 29.77322], [-95.75663, 29.77079], [-95.75525, 29.76936], [-95.75475, 29.76912], [-95.75427, 29.76906], [-95.75389, 29.76909], [-95.75282, 29.76951], [-95.7517, 29.76966], [-95.75178, 29.77476], [-95.7566, 29.77475], [-95.76145, 29.77519], [-95.76884, 29.77514], [-95.76887, 29.77416]]]}, "properties": {"geoid": "482014551011", "jobs_transit_45": null}}, {"type": "Feature", "geometry": {"type": "Polygon", "coordinates": [[[-95.21907, 29.97847], [-95.21907, 29.97706], [-95.21917, 29.97233], [-95.21688, 29.96805], [-95.21435, 29.96951], [-95.21152, 29.97031], [-95.21235, 29.97784], [-95.21633, 29.97847], [-95.21713, 29.9789], [-95.21757, 29.97927], [-95.21907, 29.97847]]]}, "properties": {"geoid": "482012503022", "jobs_transit_45": null}}, {"type": "Feature", "geometry": {"type": "Polygon", "coordinates": [[[-95.18805, 29.99871], [-95.1881, 29.99615], [-95.18943, 29.99316], [-95.18835, 29.98989], [-95.16924, 29.99624], [-95.16574, 29.99731], [-95.16504, 29.99823], [-95.16777, 29.99824], [-95.18805, 29.99871]]]}, "properties": {"geoid": "482012505002", "jobs_transit_45": null}}, {"type": "Feature", "geometry": {"type": "Polygon", "coordinates": [[[-95.47342, 29.86112], [-95.47335, 29.85795], [-95.47096, 29.85603], [-95.46868, 29.85724], [-95.46341, 29.85704], [-95.46329, 29.858], [-95.46409, 29.85897], [-95.46462, 29.85921], [-95.46684, 29.86333], [-95.47078, 29.86332], [-95.47005, 29.86224], [-95.46969, 29.86205], [-95.46971, 29.8611], [-95.47342, 29.86112]]]}, "properties": {"geoid": "482015320013", "jobs_transit_45": 134103}}, {"type": "Feature", "geometry": {"type": "Polygon", "coordinates": [[[-95.47332, 29.85445], [-95.47332, 29.85106], [-95.47207, 29.84889], [-95.46672, 29.84893], [-95.46067, 29.84641], [-95.46106, 29.84707], [-95.46112, 29.84749], [-95.46097, 29.8483], [-95.4635, 29.85108], [-95.46436, 29.85398], [-95.46457, 29.85438], [-95.47332, 29.85445]]]}, "properties": {"geoid": "482015320012", "jobs_transit_45": 154029}}, {"type": "Feature", "geometry": {"type": "Polygon", "coordinates": [[[-95.47335, 29.85795], [-95.47332, 29.85445], [-95.46457, 29.85438], [-95.46456, 29.85486], [-95.46189, 29.85767], [-95.46206, 29.85811], [-95.46237, 29.85834], [-95.46409, 29.85897], [-95.46329, 29.858], [-95.46341, 29.85704], [-95.46868, 29.85724], [-95.47096, 29.85603], [-95.47335, 29.85795]]]}, "properties": {"geoid": "482015320014", "jobs_transit_45": 132769}}, {"type": "Feature", "geometry": {"type": "Polygon", "coordinates": [[[-95.55191, 29.87511], [-95.55579, 29.87352], [-95.52799, 29.86114], [-95.52437, 29.85944], [-95.52472, 29.87338], [-95.52471, 29.87708], [-95.52763, 29.8778], [-95.52953, 29.87723], [-95.53043, 29.87749], [-95.53262, 29.87968], [-95.53341, 29.87982], [-95.53529, 29.87985], [-95.53647, 29.87975], [-95.53736, 29.87975], [-95.53758, 29.87987], [-95.53887, 29.88162], [-95.5441, 29.88216], [-95.54873, 29.88407], [-95.54876, 29.87935], [-95.54942, 29.87751], [-95.55191, 29.87511]]]}, "properties": {"geoid": "482015342031", "jobs_transit_45": null}}, {"type": "Feature", "geometry": {"type": "Polygon", "coordinates": [[[-95.51332, 29.87621], [-95.51323, 29.87489], [-95.50776, 29.8742], [-95.50701, 29.87416], [-95.50697, 29.88553], [-95.5044, 29.88575], [-95.50331, 29.88592], [-95.50333, 29.89034], [-95.5041, 29.89917], [-95.5091, 29.8985], [-95.50946, 29.8971], [-95.51112, 29.89618], [-95.51127, 29.89563], [-95.51054, 29.88268], [-95.51321, 29.88238], [-95.51311, 29.88228], [-95.51332, 29.87621]]]}, "properties": {"geoid": "482015325013", "jobs_transit_45": null}}, {"type": "Feature", "geometry": {"type": "Polygon", "coordinates": [[[-95.52493, 29.89797], [-95.52481, 29.88838], [-95.52484, 29.88513], [-95.52053, 29.88518], [-95.52009, 29.88269], [-95.51372, 29.88252], [-95.51327, 29.88244], [-95.51321, 29.88238], [-95.51054, 29.88268], [-95.51127, 29.89563], [-95.51112, 29.89618], [-95.50946, 29.8971], [-95.5091, 29.8985], [-95.51113, 29.8982], [-95.52493, 29.89797]]]}, "properties": {"geoid": "482015325011", "jobs_transit_45": null}}, {"type": "Feature", "geometry": {"type": "Polygon", "coordinates": [[[-95.52503, 29.90751], [-95.52503, 29.90613], [-95.52493, 29.89797], [-95.51113, 29.8982], [-95.5041, 29.89917], [-95.50743, 29.90512], [-95.51279, 29.90298], [-95.51625, 29.90275], [-95.51636, 29.90917], [-95.51711, 29.90779], [-95.51808, 29.90764], [-95.52503, 29.90751]]]}, "properties": {"geoid": "482015341003", "jobs_transit_45": null}}, {"type": "Feature", "geometry": {"type": "Polygon", "coordinates": [[[-95.48569, 29.88807], [-95.48566, 29.88572], [-95.48531, 29.88501], [-95.48524, 29.88422], [-95.47827, 29.88484], [-95.47391, 29.88431], [-95.47455, 29.88715], [-95.47578, 29.88867], [-95.47811, 29.89028], [-95.47901, 29.89121], [-95.48438, 29.89021], [-95.48569, 29.88807]]]}, "properties": {"geoid": "482015326001", "jobs_transit_45": 135593}}, {"type": "Feature", "geometry": {"type": "Polygon", "coordinates": [[[-95.45069, 29.93815], [-95.45107, 29.93774], [-95.44905, 29.93783], [-95.43517, 29.93756], [-95.43209, 29.93771], [-95.421, 29.94044], [-95.41401, 29.94054], [-95.4152, 29.94362], [-95.41711, 29.94904], [-95.42746, 29.9489], [-95.42837, 29.94882], [-95.43031, 29.94795], [-95.43417, 29.94613], [-95.43455, 29.94591], [-95.43625, 29.94542], [-95.44166, 29.94331], [-95.45069, 29.93815]]]}, "properties": {"geoid": "482015501001", "jobs_transit_45": 108786}}, {"type": "Feature", "geometry": {"type": "Polygon", "coordinates": [[[-95.42934, 29.95188], [-95.43417, 29.94613], [-95.43031, 29.94795], [-95.42837, 29.94882], [-95.42656, 29.94895], [-95.41711, 29.94904], [-95.41813, 29.95244], [-95.41845, 29.95478], [-95.41862, 29.95688], [-95.41926, 29.95688], [-95.42175, 29.95563], [-95.42203, 29.95554], [-95.42379, 29.95526], [-95.42515, 29.95481], [-95.42676, 29.95388], [-95.42696, 29.95382], [-95.42934, 29.95188]]]}, "properties": {"geoid": "482015501002", "jobs_transit_45": 256790}}, {"type": "Feature", "geometry": {"type": "Polygon", "coordinates": [[[-95.65761, 30.02512], [-95.65431, 30.01769], [-95.65414, 30.0006], [-95.6544, 29.99487], [-95.65327, 29.99104], [-95.65028, 29.99175], [-95.64977, 29.99193], [-95.64922, 29.99227], [-95.63561, 30.00429], [-95.64142, 30.00671], [-95.64237, 30.01192], [-95.64237, 30.01843], [-95.64451, 30.01863], [-95.65317, 30.02514], [-95.65761, 30.02512]]]}, "properties": {"geoid": "482015545012", "jobs_transit_45": null}}, {"type": "Feature", "geometry": {"type": "Polygon", "coordinates": [[[-95.65327, 29.99104], [-95.65379, 29.98851], [-95.6501, 29.99027], [-95.64248, 29.99041], [-95.64106, 29.98859], [-95.64246, 29.98518], [-95.63498, 29.98204], [-95.63472, 29.98183], [-95.62202, 29.99318], [-95.62163, 29.99311], [-95.62759, 29.99817], [-95.63038, 29.99558], [-95.62663, 29.99254], [-95.62951, 29.99213], [-95.63101, 29.99244], [-95.63338, 29.99343], [-95.63448, 29.99362], [-95.63847, 29.99313], [-95.64275, 29.99414], [-95.64504, 29.99595], [-95.64872, 29.99268], [-95.64954, 29.99205], [-95.65028, 29.99175], [-95.65327, 29.99104]]]}, "properties": {"geoid": "482015545022", "jobs_transit_45": null}}, {"type": "Feature", "geometry": {"type": "Polygon", "coordinates": [[[-95.60494, 29.92181], [-95.60366, 29.91894], [-95.60354, 29.91273], [-95.59498, 29.9128], [-95.59463, 29.91389], [-95.59423, 29.91451], [-95.59376, 29.91504], [-95.59323, 29.91545], [-95.59258, 29.91583], [-95.59189, 29.91611], [-95.58986, 29.91634], [-95.58653, 29.91546], [-95.58463, 29.91548], [-95.5848, 29.93299], [-95.59807, 29.92496], [-95.60494, 29.92181]]]}, "properties": {"geoid": "482015520011", "jobs_transit_45": null}}, {"type": "Feature", "geometry": {"type": "Polygon", "coordinates": [[[-95.52895, 29.74585], [-95.52957, 29.74214], [-95.52872, 29.74059], [-95.529, 29.73723], [-95.52117, 29.73734], [-95.52145, 29.74179], [-95.52303, 29.74218], [-95.52662, 29.74294], [-95.52866, 29.74594], [-95.52895, 29.74585]]]}, "properties": {"geoid": "482014311022", "jobs_transit_45": 272368}}, {"type": "Feature", "geometry": {"type": "Polygon", "coordinates": [[[-95.625, 29.74673], [-95.62388, 29.74232], [-95.62353, 29.73812], [-95.62373, 29.73707], [-95.62383, 29.73587], [-95.61811, 29.73595], [-95.61776, 29.73944], [-95.61927, 29.74165], [-95.61926, 29.74286], [-95.61857, 29.74432], [-95.6185, 29.74644], [-95.61903, 29.74656], [-95.62343, 29.74644], [-95.62435, 29.74683], [-95.625, 29.74673]]]}, "properties": {"geoid": "482014514032", "jobs_transit_45": 254925}}, {"type": "Feature", "geometry": {"type": "Polygon", "coordinates": [[[-95.25585, 30.03116], [-95.25795, 30.02664], [-95.25802, 30.02651], [-95.25659, 30.0266], [-95.24529, 30.02623], [-95.23606, 30.02018], [-95.2314, 30.01875], [-95.22618, 30.01957], [-95.22277, 30.02268], [-95.21777, 30.02434], [-95.21274, 30.024], [-95.2118, 30.02405], [-95.21338, 30.02796], [-95.21435, 30.02943], [-95.21534, 30.02941], [-95.21962, 30.03054], [-95.22427, 30.0328], [-95.22471, 30.03291], [-95.22572, 30.03332], [-95.22648, 30.03397], [-95.22689, 30.03489], [-95.23098, 30.0282], [-95.24488, 30.02894], [-95.25585, 30.03116]]]}, "properties": {"geoid": "482012511004", "jobs_transit_45": null}}, {"type": "Feature", "geometry": {"type": "Polygon", "coordinates": [[[-95.18675, 30.0587], [-95.18635, 30.05624], [-95.18572, 30.05476], [-95.18431, 30.0554], [-95.18059, 30.0546], [-95.17976, 30.05484], [-95.17899, 30.05708], [-95.17448, 30.05557], [-95.17211, 30.06016], [-95.17452, 30.06203], [-95.18345, 30.05865], [-95.18675, 30.0587]]]}, "properties": {"geoid": "482012515025", "jobs_transit_45": 789}}, {"type": "Feature", "geometry": {"type": "Polygon", "coordinates": [[[-95.18819, 30.0678], [-95.18734, 30.06253], [-95.18728, 30.0622], [-95.18209, 30.06375], [-95.17843, 30.06349], [-95.17498, 30.06623], [-95.17083, 30.06907], [-95.16734, 30.06705], [-95.16557, 30.06854], [-95.17159, 30.07262], [-95.17618, 30.07549], [-95.17862, 30.07266], [-95.17937, 30.07193], [-95.18172, 30.07016], [-95.18819, 30.0678]]]}, "properties": {"geoid": "482012515024", "jobs_transit_45": null}}, {"type": "Feature", "geometry": {"type": "Polygon", "coordinates": [[[-95.6207, 29.88587], [-95.62068, 29.87946], [-95.60853, 29.87955], [-95.60844, 29.88387], [-95.60819, 29.88496], [-95.6078, 29.88579], [-95.61013, 29.88652], [-95.6207, 29.88587]]]}, "properties": {"geoid": "482015408003", "jobs_transit_45": null}}, {"type": "Feature", "geometry": {"type": "Polygon", "coordinates": [[[-95.62874, 29.88862], [-95.62893, 29.88456], [-95.62857, 29.88132], [-95.62539, 29.87943], [-95.62068, 29.87946], [-95.62074, 29.89553], [-95.62062, 29.89949], [-95.6277, 29.90047], [-95.62764, 29.89409], [-95.62816, 29.8909], [-95.62874, 29.88862]]]}, "properties": {"geoid": "482015409011", "jobs_transit_45": null}}, {"type": "Feature", "geometry": {"type": "Polygon", "coordinates": [[[-95.6452, 29.88283], [-95.64532, 29.87921], [-95.62539, 29.87943], [-95.62857, 29.88132], [-95.62893, 29.88456], [-95.62874, 29.88862], [-95.62816, 29.8909], [-95.62764, 29.89409], [-95.62765, 29.89505], [-95.63921, 29.89436], [-95.64456, 29.88532], [-95.6452, 29.88283]]]}, "properties": {"geoid": "482015409023", "jobs_transit_45": null}}, {"type": "Feature", "geometry": {"type": "Polygon", "coordinates": [[[-95.64532, 29.87921], [-95.64517, 29.86768], [-95.63816, 29.86773], [-95.63796, 29.87014], [-95.63818, 29.87256], [-95.6335, 29.87261], [-95.63291, 29.87007], [-95.63303, 29.87932], [-95.64532, 29.87921]]]}, "properties": {"geoid": "482015406021", "jobs_transit_45": null}}, {"type": "Feature", "geometry": {"type": "Polygon", "coordinates": [[[-95.18431, 30.0554], [-95.18572, 30.05476], [-95.18422, 30.05003], [-95.17484, 30.05106], [-95.16832, 30.05348], [-95.1692, 30.05694], [-95.16962, 30.0577], [-95.1701, 30.05887], [-95.17009, 30.06064], [-95.17045, 30.06067], [-95.17143, 30.06055], [-95.17211, 30.06016], [-95.17448, 30.05557], [-95.17899, 30.05708], [-95.17976, 30.05484], [-95.18059, 30.0546], [-95.18431, 30.0554]]]}, "properties": {"geoid": "482012515026", "jobs_transit_45": null}}, {"type": "Feature", "geometry": {"type": "Polygon", "coordinates": [[[-95.18728, 30.0622], [-95.18717, 30.06152], [-95.18717, 30.06073], [-95.18675, 30.0587], [-95.18345, 30.05865], [-95.17452, 30.06203], [-95.17211, 30.06016], [-95.17143, 30.06055], [-95.1708, 30.06066], [-95.16931, 30.06059], [-95.1678, 30.06041], [-95.16689, 30.06187], [-95.16902, 30.06377], [-95.17498, 30.06623], [-95.17843, 30.06349], [-95.18209, 30.06375], [-95.18728, 30.0622]]]}, "properties": {"geoid": "482012515022", "jobs_transit_45": null}}, {"type": "Feature", "geometry": {"type": "Polygon", "coordinates": [[[-95.12448, 30.14451], [-95.19573, 30.08733], [-95.19679, 30.08772], [-95.19567, 30.08724], [-95.19015, 30.08398], [-95.17712, 30.07606], [-95.17159, 30.07262], [-95.16557, 30.06854], [-95.16194, 30.06542], [-95.1596, 30.06494], [-95.15669, 30.07118], [-95.15276, 30.07168], [-95.15419, 30.0725], [-95.1555, 30.07393], [-95.15354, 30.07954], [-95.15572, 30.08271], [-95.15574, 30.08316], [-95.15295, 30.08556], [-95.14913, 30.0865], [-95.15054, 30.08967], [-95.14786, 30.09369], [-95.15067, 30.09955], [-95.14954, 30.10081], [-95.15111, 30.10675], [-95.15116, 30.1079], [-95.14804, 30.10775], [-95.14477, 30.10926], [-95.14143, 30.11245], [-95.13787, 30.11368], [-95.13761, 30.11772], [-95.13377, 30.12031], [-95.13126, 30.12404], [-95.13075, 30.12706], [-95.12853, 30.12914], [-95.12771, 30.13638], [-95.12456, 30.13898], [-95.12448, 30.14451]]]}, "properties": {"geoid": "482012515011", "jobs_transit_45": null}}, {"type": "Feature", "geometry": {"type": "Polygon", "coordinates": [[[-95.44719, 30.00978], [-95.44242, 30.00312], [-95.44128, 30.00174], [-95.43816, 29.99748], [-95.43752, 29.99681], [-95.43608, 29.99584], [-95.43429, 29.99681], [-95.42562, 29.99764], [-95.42747, 30.00752], [-95.42824, 30.0131], [-95.42862, 30.01748], [-95.42907, 30.01857], [-95.42894, 30.0174], [-95.43159, 30.01713], [-95.43589, 30.01357], [-95.43711, 30.01526], [-95.44719, 30.00978]]]}, "properties": {"geoid": "482015503024", "jobs_transit_45": 357370}}, {"type": "Feature", "geometry": {"type": "Polygon", "coordinates": [[[-95.52638, 29.83045], [-95.52632, 29.8248], [-95.52267, 29.8249], [-95.52363, 29.83048], [-95.52638, 29.83045]]]}, "properties": {"geoid": "482015215001", "jobs_transit_45": 298526}}, {"type": "Feature", "geometry": {"type": "Polygon", "coordinates": [[[-95.12901, 30.03252], [-95.12924, 30.03205], [-95.12328, 30.03414], [-95.11706, 30.03158], [-95.08899, 30.03197], [-95.08956, 30.03354], [-95.08977, 30.03454], [-95.0892, 30.03928], [-95.08836, 30.04674], [-95.08684, 30.05471], [-95.08718, 30.05736], [-95.09572, 30.05732], [-95.09979, 30.05596], [-95.10324, 30.05206], [-95.10767, 30.04866], [-95.11157, 30.04746], [-95.11845, 30.04676], [-95.11951, 30.04391], [-95.12434, 30.04103], [-95.12901, 30.03252]]]}, "properties": {"geoid": "482012517003", "jobs_transit_45": null}}, {"type": "Feature", "geometry": {"type": "Polygon", "coordinates": [[[-95.15361, 30.0031], [-95.15002, 29.99972], [-95.14956, 29.99873], [-95.15207, 29.99471], [-95.15247, 29.99403], [-95.1513, 29.99176], [-95.14892, 29.98965], [-95.14807, 29.9895], [-95.14389, 29.99094], [-95.13733, 29.99159], [-95.13174, 29.98851], [-95.13155, 29.98767], [-95.13131, 29.98779], [-95.12952, 29.99393], [-95.13172, 30.01286], [-95.1424, 30.00937], [-95.15361, 30.0031]]]}, "properties": {"geoid": "482012504023", "jobs_transit_45": null}}, {"type": "Feature", "geometry": {"type": "Polygon", "coordinates": [[[-95.08277, 29.94925], [-95.08347, 29.94772], [-95.08144, 29.9427], [-95.08333, 29.93976], [-95.0822, 29.93652], [-95.08769, 29.92869], [-95.08747, 29.92685], [-95.08628, 29.92571], [-95.08681, 29.92555], [-95.08599, 29.92411], [-95.08593, 29.9234], [-95.08425, 29.92297], [-95.07814, 29.92335], [-95.06816, 29.92485], [-95.06395, 29.92263], [-95.06395, 29.92515], [-95.06374, 29.92523], [-95.06237, 29.92524], [-95.06249, 29.94035], [-95.06291, 29.94315], [-95.0751, 29.94296], [-95.07767, 29.94932], [-95.08277, 29.94925]]]}, "properties": {"geoid": "482012519011", "jobs_transit_45": null}}, {"type": "Feature", "geometry": {"type": "Polygon", "coordinates": [[[-95.66813, 29.90943], [-95.66962, 29.90585], [-95.66769, 29.90545], [-95.6664, 29.90537], [-95.66471, 29.90554], [-95.6635, 29.90585], [-95.66267, 29.90617], [-95.659, 29.90768], [-95.65761, 29.90796], [-95.65591, 29.90808], [-95.65179, 29.90811], [-95.65062, 29.90808], [-95.6495, 29.90792], [-95.6493, 29.9131], [-95.64823, 29.91687], [-95.64791, 29.9174], [-95.6588, 29.91773], [-95.65917, 29.91992], [-95.65912, 29.93471], [-95.66342, 29.93496], [-95.6628, 29.93397], [-95.66226, 29.93203], [-95.66353, 29.92707], [-95.66775, 29.92081], [-95.66846, 29.91856], [-95.66843, 29.91513], [-95.66813, 29.90943]]]}, "properties": {"geoid": "482015410021", "jobs_transit_45": null}}, {"type": "Feature", "geometry": {"type": "Polygon", "coordinates": [[[-95.65853, 29.90301], [-95.65893, 29.90223], [-95.65709, 29.90136], [-95.6538, 29.89979], [-95.65051, 29.89907], [-95.64945, 29.90106], [-95.64608, 29.90254], [-95.64423, 29.90385], [-95.64499, 29.90455], [-95.6459, 29.9058], [-95.65062, 29.90808], [-95.65514, 29.90809], [-95.65516, 29.9066], [-95.65636, 29.90382], [-95.65853, 29.90301]]]}, "properties": {"geoid": "482015411003", "jobs_transit_45": null}}, {"type": "Feature", "geometry": {"type": "Polygon", "coordinates": [[[-95.53157, 29.83243], [-95.53152, 29.82529], [-95.52632, 29.8248], [-95.5264, 29.83252], [-95.53157, 29.83243]]]}, "properties": {"geoid": "482015220002", "jobs_transit_45": null}}, {"type": "Feature", "geometry": {"type": "Polygon", "coordinates": [[[-95.7189, 29.78992], [-95.71894, 29.78492], [-95.70838, 29.78506], [-95.69833, 29.78498], [-95.6919, 29.78474], [-95.68836, 29.78477], [-95.68835, 29.78752], [-95.68823, 29.78751], [-95.68833, 29.80033], [-95.71156, 29.80032], [-95.71154, 29.79918], [-95.71118, 29.79781], [-95.71143, 29.7965], [-95.71208, 29.7914], [-95.7189, 29.78992]]]}, "properties": {"geoid": "482015418001", "jobs_transit_45": null}}, {"type": "Feature", "geometry": {"type": "Polygon", "coordinates": [[[-95.70341, 29.81568], [-95.70405, 29.8131], [-95.70394, 29.81179], [-95.70393, 29.80893], [-95.70397, 29.80052], [-95.70404, 29.80031], [-95.68833, 29.80033], [-95.68824, 29.8017], [-95.68808, 29.80233], [-95.6872, 29.80483], [-95.6871, 29.81107], [-95.6868, 29.81227], [-95.68776, 29.81256], [-95.68966, 29.81346], [-95.69166, 29.81398], [-95.69213, 29.81869], [-95.70073, 29.8194], [-95.70345, 29.82023], [-95.70341, 29.81568]]]}, "properties": {"geoid": "482015419002", "jobs_transit_45": null}}, {"type": "Feature", "geometry": {"type": "Polygon", "coordinates": [[[-95.68835, 29.78752], [-95.68836, 29.78505], [-95.68548, 29.78502], [-95.67843, 29.78514], [-95.66636, 29.78514], [-95.6448, 29.78504], [-95.64491, 29.79209], [-95.66291, 29.79186], [-95.67159, 29.79208], [-95.67336, 29.79172], [-95.67824, 29.79171], [-95.68718, 29.79136], [-95.68776, 29.79148], [-95.68827, 29.79149], [-95.68823, 29.78751], [-95.68835, 29.78752]]]}, "properties": {"geoid": "482015417003", "jobs_transit_45": 112361}}, {"type": "Feature", "geometry": {"type": "Polygon", "coordinates": [[[-95.08269, 29.76414], [-95.07948, 29.76371], [-95.06925, 29.75758], [-95.06595, 29.75301], [-95.05915, 29.73951], [-95.04834, 29.73262], [-95.04185, 29.73075], [-95.03536, 29.73026], [-95.03457, 29.73029], [-95.03469, 29.73093], [-95.0344, 29.74846], [-95.03467, 29.7492], [-95.0344, 29.74946], [-95.03445, 29.74953], [-95.03429, 29.74964], [-95.03379, 29.75039], [-95.03446, 29.75076], [-95.03567, 29.75124], [-95.03629, 29.75285], [-95.03297, 29.7604], [-95.03203, 29.76224], [-95.03196, 29.7628], [-95.03185, 29.77233], [-95.03319, 29.77094], [-95.03691, 29.77114], [-95.04052, 29.77389], [-95.04333, 29.77315], [-95.04552, 29.77775], [-95.04839, 29.77951], [-95.04555, 29.7839], [-95.04327, 29.78644], [-95.04341, 29.78722], [-95.04333, 29.78741], [-95.04485, 29.788], [-95.05079, 29.78979], [-95.04912, 29.79086], [-95.04945, 29.79108], [-95.05241, 29.79052], [-95.05603, 29.79065], [-95.05701, 29.79089], [-95.05937, 29.79184], [-95.06083, 29.79252], [-95.06183, 29.79189], [-95.07083, 29.7846], [-95.07569, 29.78008], [-95.07726, 29.77503], [-95.07699, 29.77015], [-95.08005, 29.76525], [-95.08269, 29.76414]]]}, "properties": {"geoid": "482012533002", "jobs_transit_45": null}}, {"type": "Feature", "geometry": {"type": "Polygon", "coordinates": [[[-95.14359, 29.65036], [-95.14338, 29.64227], [-95.13592, 29.64235], [-95.13576, 29.64161], [-95.13497, 29.64235], [-95.13354, 29.64239], [-95.13358, 29.64417], [-95.13277, 29.64592], [-95.13308, 29.64693], [-95.13315, 29.65049], [-95.14359, 29.65036]]]}, "properties": {"geoid": "482013420013", "jobs_transit_45": null}}, {"type": "Feature", "geometry": {"type": "Polygon", "coordinates": [[[-95.08997, 29.80991], [-95.09023, 29.80787], [-95.08967, 29.79983], [-95.07713, 29.81442], [-95.07344, 29.81588], [-95.05718, 29.81624], [-95.05756, 29.82972], [-95.05753, 29.83235], [-95.05759, 29.83282], [-95.05972, 29.83245], [-95.062, 29.83091], [-95.06122, 29.82837], [-95.06367, 29.82496], [-95.0663, 29.82396], [-95.0759, 29.82609], [-95.07839, 29.82542], [-95.0795, 29.82236], [-95.07915, 29.81845], [-95.08532, 29.81735], [-95.08968, 29.81397], [-95.08997, 29.80991]]]}, "properties": {"geoid": "482012529001", "jobs_transit_45": null}}, {"type": "Feature", "geometry": {"type": "Polygon", "coordinates": [[[-95.09212, 29.88092], [-95.09538, 29.88024], [-95.09419, 29.87662], [-95.09424, 29.8762], [-95.06645, 29.88382], [-95.06339, 29.88572], [-95.06165, 29.88873], [-95.05227, 29.88892], [-95.04115, 29.88862], [-95.02373, 29.88791], [-95.0239, 29.89486], [-95.03249, 29.93319], [-95.03149, 29.93401], [-95.03179, 29.93779], [-95.04153, 29.93034], [-95.04133, 29.923], [-95.05146, 29.90592], [-95.06363, 29.90581], [-95.06353, 29.90191], [-95.07643, 29.9019], [-95.07761, 29.90269], [-95.08367, 29.89788], [-95.08814, 29.88423], [-95.09212, 29.88092]]]}, "properties": {"geoid": "482012527001", "jobs_transit_45": null}}, {"type": "Feature", "geometry": {"type": "Polygon", "coordinates": [[[-95.04912, 29.79086], [-95.05079, 29.78979], [-95.04485, 29.788], [-95.03984, 29.78595], [-95.03763, 29.78679], [-95.03189, 29.78697], [-95.00216, 29.78224], [-95.00203, 29.78304], [-95.0029, 29.79072], [-95.00181, 29.79406], [-95.01664, 29.79394], [-95.0167, 29.8001], [-95.02562, 29.79976], [-95.02672, 29.79951], [-95.04945, 29.79108], [-95.04912, 29.79086]]]}, "properties": {"geoid": "482012532001", "jobs_transit_45": null}}, {"type": "Feature", "geometry": {"type": "Polygon", "coordinates": [[[-95.72006, 29.81753], [-95.72046, 29.81492], [-95.7126, 29.81501], [-95.71248, 29.81691], [-95.70838, 29.82259], [-95.70625, 29.82202], [-95.70347, 29.82197], [-95.70352, 29.83113], [-95.71988, 29.83117], [-95.71983, 29.82168], [-95.72006, 29.81753]]]}, "properties": {"geoid": "482015420001", "jobs_transit_45": null}}, {"type": "Feature", "geometry": {"type": "Polygon", "coordinates": [[[-95.70352, 29.83113], [-95.70353, 29.82883], [-95.70345, 29.82023], [-95.70073, 29.8194], [-95.69213, 29.81869], [-95.69166, 29.81398], [-95.68966, 29.81346], [-95.68776, 29.81256], [-95.6868, 29.81227], [-95.68664, 29.81291], [-95.68663, 29.8274], [-95.68486, 29.83111], [-95.70352, 29.83113]]]}, "properties": {"geoid": "482015419001", "jobs_transit_45": null}}, {"type": "Feature", "geometry": {"type": "Polygon", "coordinates": [[[-94.93773, 29.75789], [-94.93602, 29.74991], [-94.94067, 29.74912], [-94.94121, 29.74843], [-94.94048, 29.7444], [-94.93966, 29.74453], [-94.93489, 29.7455], [-94.93472, 29.7443], [-94.9337, 29.74053], [-94.9286, 29.74116], [-94.92996, 29.74656], [-94.92983, 29.75001], [-94.92595, 29.75238], [-94.92341, 29.75527], [-94.91837, 29.75612], [-94.91779, 29.76104], [-94.91917, 29.76459], [-94.91704, 29.76685], [-94.91382, 29.76631], [-94.91369, 29.76869], [-94.91662, 29.77028], [-94.91848, 29.76833], [-94.92123, 29.76567], [-94.92469, 29.76017], [-94.93773, 29.75789]]]}, "properties": {"geoid": "482012539002", "jobs_transit_45": null}}, {"type": "Feature", "geometry": {"type": "Polygon", "coordinates": [[[-94.94392, 29.76495], [-94.94235, 29.75714], [-94.93773, 29.75789], [-94.92469, 29.76017], [-94.92123, 29.76567], [-94.91864, 29.76817], [-94.91884, 29.76815], [-94.91932, 29.76827], [-94.92718, 29.76703], [-94.92969, 29.76732], [-94.94392, 29.76495]]]}, "properties": {"geoid": "482012538003", "jobs_transit_45": null}}, {"type": "Feature", "geometry": {"type": "Polygon", "coordinates": [[[-95.14338, 29.64227], [-95.14337, 29.64188], [-95.14274, 29.63123], [-95.13883, 29.63321], [-95.13058, 29.6333], [-95.1309, 29.64074], [-95.13156, 29.6424], [-95.13497, 29.64235], [-95.13576, 29.64161], [-95.13592, 29.64235], [-95.14338, 29.64227]]]}, "properties": {"geoid": "482013420011", "jobs_transit_45": null}}, {"type": "Feature", "geometry": {"type": "Polygon", "coordinates": [[[-94.96782, 29.7321], [-94.96895, 29.72947], [-94.96202, 29.72716], [-94.95985, 29.72657], [-94.9596, 29.72733], [-94.95742, 29.73228], [-94.95945, 29.73295], [-94.96027, 29.73112], [-94.96265, 29.73039], [-94.96782, 29.7321]]]}, "properties": {"geoid": "482012542001", "jobs_transit_45": null}}, {"type": "Feature", "geometry": {"type": "Polygon", "coordinates": [[[-95.13358, 29.64417], [-95.13354, 29.64239], [-95.13156, 29.6424], [-95.1309, 29.64074], [-95.13058, 29.6333], [-95.11589, 29.6336], [-95.11251, 29.63453], [-95.10824, 29.63491], [-95.11001, 29.6365], [-95.12238, 29.65049], [-95.13315, 29.65049], [-95.13308, 29.64693], [-95.13277, 29.64592], [-95.13358, 29.64417]]]}, "properties": {"geoid": "482013420012", "jobs_transit_45": null}}, {"type": "Feature", "geometry": {"type": "Polygon", "coordinates": [[[-95.1096, 29.57238], [-95.10679, 29.57121], [-95.10478, 29.57068], [-95.08814, 29.56365], [-95.09427, 29.5522], [-95.0936, 29.55177], [-95.09324, 29.55138], [-95.09299, 29.55099], [-95.09281, 29.55051], [-95.08638, 29.55253], [-95.07789, 29.5553], [-95.0768, 29.55593], [-95.07616, 29.55658], [-95.07494, 29.55867], [-95.07449, 29.55916], [-95.07282, 29.56197], [-95.07189, 29.56307], [-95.07148, 29.57654], [-95.07, 29.5777], [-95.06718, 29.58094], [-95.06747, 29.58132], [-95.07038, 29.5817], [-95.0731, 29.58526], [-95.07667, 29.58739], [-95.0798, 29.58707], [-95.08085, 29.58756], [-95.0825, 29.5876], [-95.08402, 29.58773], [-95.08466, 29.58826], [-95.08596, 29.58566], [-95.08838, 29.58739], [-95.08999, 29.58592], [-95.09075, 29.57981], [-95.09124, 29.57952], [-95.09426, 29.5789], [-95.09737, 29.57993], [-95.10155, 29.58073], [-95.10205, 29.58266], [-95.10335, 29.58362], [-95.10342, 29.58348], [-95.10356, 29.58359], [-95.1096, 29.57238]]]}, "properties": {"geoid": "482013413011", "jobs_transit_45": null}}, {"type": "Feature", "geometry": {"type": "Polygon", "coordinates": [[[-94.97075, 29.73831], [-94.97246, 29.73444], [-94.97275, 29.73373], [-94.96782, 29.7321], [-94.96401, 29.74084], [-94.96491, 29.74184], [-94.97144, 29.74171], [-94.97075, 29.73831]]]}, "properties": {"geoid": "482012543002", "jobs_transit_45": null}}, {"type": "Feature", "geometry": {"type": "Polygon", "coordinates": [[[-95.72678, 29.83121], [-95.72688, 29.82992], [-95.72681, 29.82958], [-95.72931, 29.82959], [-95.72928, 29.82274], [-95.72353, 29.82275], [-95.72352, 29.82463], [-95.72199, 29.82434], [-95.71984, 29.82428], [-95.71988, 29.83117], [-95.72678, 29.83121]]]}, "properties": {"geoid": "482015423013", "jobs_transit_45": null}}, {"type": "Feature", "geometry": {"type": "Polygon", "coordinates": [[[-95.0879, 29.685], [-95.08772, 29.6746], [-95.07245, 29.6749], [-95.07265, 29.68527], [-95.0879, 29.685]]]}, "properties": {"geoid": "482013433011", "jobs_transit_45": null}}, {"type": "Feature", "geometry": {"type": "Polygon", "coordinates": [[[-95.08772, 29.6746], [-95.08761, 29.67246], [-95.08693, 29.66439], [-95.07841, 29.66447], [-95.07907, 29.67228], [-95.079, 29.67318], [-95.07923, 29.67477], [-95.08772, 29.6746]]]}, "properties": {"geoid": "482013433022", "jobs_transit_45": null}}, {"type": "Feature", "geometry": {"type": "Polygon", "coordinates": [[[-95.08844, 29.70318], [-95.08809, 29.68869], [-95.0879, 29.685], [-95.04685, 29.68573], [-95.04657, 29.67537], [-95.04639, 29.66501], [-95.03918, 29.66515], [-95.03963, 29.6844], [-95.03663, 29.68675], [-95.04694, 29.68989], [-95.04698, 29.69074], [-95.07611, 29.69945], [-95.08844, 29.70318]]]}, "properties": {"geoid": "482013433012", "jobs_transit_45": null}}, {"type": "Feature", "geometry": {"type": "Polygon", "coordinates": [[[-95.52109, 29.71254], [-95.52132, 29.71134], [-95.52133, 29.70939], [-95.5201, 29.70971], [-95.51802, 29.70973], [-95.51807, 29.71302], [-95.52015, 29.713], [-95.52082, 29.71318], [-95.52109, 29.71254]]]}, "properties": {"geoid": "482014328021", "jobs_transit_45": 295747}}, {"type": "Feature", "geometry": {"type": "Polygon", "coordinates": [[[-95.75225, 29.83169], [-95.75134, 29.83085], [-95.7494, 29.82847], [-95.75016, 29.82601], [-95.74866, 29.82321], [-95.73641, 29.81331], [-95.73636, 29.81358], [-95.73641, 29.81802], [-95.73274, 29.81675], [-95.72921, 29.81698], [-95.72926, 29.815], [-95.72046, 29.81492], [-95.72006, 29.81753], [-95.71983, 29.82168], [-95.71984, 29.82428], [-95.72199, 29.82434], [-95.72352, 29.82463], [-95.72353, 29.82275], [-95.72928, 29.82274], [-95.72931, 29.82959], [-95.72681, 29.82958], [-95.72688, 29.82992], [-95.72678, 29.83121], [-95.73774, 29.83121], [-95.74043, 29.83182], [-95.75225, 29.83169]]]}, "properties": {"geoid": "482015423012", "jobs_transit_45": null}}, {"type": "Feature", "geometry": {"type": "Polygon", "coordinates": [[[-95.2454, 29.6179], [-95.24191, 29.6168], [-95.24218, 29.61113], [-95.23808, 29.61123], [-95.22996, 29.61859], [-95.22943, 29.62034], [-95.22118, 29.62059], [-95.22906, 29.62771], [-95.23853, 29.62759], [-95.23827, 29.62297], [-95.24022, 29.62271], [-95.24265, 29.61878], [-95.2454, 29.6179]]]}, "properties": {"geoid": "482013339021", "jobs_transit_45": null}}, {"type": "Feature", "geometry": {"type": "Polygon", "coordinates": [[[-95.5121, 29.74544], [-95.51236, 29.74386], [-95.5123, 29.74143], [-95.51014, 29.73905], [-95.51009, 29.73743], [-95.50505, 29.73747], [-95.50518, 29.74181], [-95.50772, 29.74197], [-95.50785, 29.7461], [-95.50811, 29.74605], [-95.51022, 29.74573], [-95.5121, 29.74544]]]}, "properties": {"geoid": "482014312021", "jobs_transit_45": 257888}}, {"type": "Feature", "geometry": {"type": "Polygon", "coordinates": [[[-95.50843, 29.74832], [-95.50842, 29.74812], [-95.50698, 29.74779], [-95.50672, 29.74723], [-95.50679, 29.74706], [-95.50785, 29.7461], [-95.50772, 29.74197], [-95.50518, 29.74181], [-95.50525, 29.74586], [-95.5031, 29.74934], [-95.5026, 29.7494], [-95.50107, 29.74927], [-95.50112, 29.75289], [-95.50261, 29.75264], [-95.50467, 29.75265], [-95.50473, 29.75232], [-95.50567, 29.74977], [-95.50635, 29.74839], [-95.50758, 29.74876], [-95.50843, 29.74832]]]}, "properties": {"geoid": "482014312022", "jobs_transit_45": 232266}}, {"type": "Feature", "geometry": {"type": "Polygon", "coordinates": [[[-95.58729, 29.67522], [-95.58767, 29.67195], [-95.58425, 29.67087], [-95.58576, 29.66714], [-95.58344, 29.66644], [-95.58172, 29.67034], [-95.58153, 29.67489], [-95.58729, 29.67522]]]}, "properties": {"geoid": "482014534032", "jobs_transit_45": 162068}}, {"type": "Feature", "geometry": {"type": "Polygon", "coordinates": [[[-95.52014, 29.71467], [-95.52082, 29.71318], [-95.52015, 29.713], [-95.519, 29.71301], [-95.51852, 29.71446], [-95.51577, 29.71591], [-95.51579, 29.71768], [-95.52, 29.71776], [-95.51999, 29.71543], [-95.52014, 29.71467]]]}, "properties": {"geoid": "482014328013", "jobs_transit_45": 348526}}, {"type": "Feature", "geometry": {"type": "Polygon", "coordinates": [[[-95.52133, 29.70939], [-95.52134, 29.70898], [-95.52131, 29.70514], [-95.51786, 29.70039], [-95.51026, 29.70713], [-95.50959, 29.70801], [-95.51258, 29.70964], [-95.51359, 29.70977], [-95.5201, 29.70971], [-95.52133, 29.70939]]]}, "properties": {"geoid": "482014328024", "jobs_transit_45": 192173}}, {"type": "Feature", "geometry": {"type": "Polygon", "coordinates": [[[-95.59116, 29.67548], [-95.59325, 29.67022], [-95.5893, 29.66904], [-95.5887, 29.66893], [-95.58767, 29.67195], [-95.58729, 29.67522], [-95.59116, 29.67548]]]}, "properties": {"geoid": "482014535013", "jobs_transit_45": 75795}}, {"type": "Feature", "geometry": {"type": "Polygon", "coordinates": [[[-95.5887, 29.66893], [-95.58866, 29.66746], [-95.5882, 29.66604], [-95.58538, 29.66207], [-95.58344, 29.66644], [-95.58576, 29.66714], [-95.58425, 29.67087], [-95.58767, 29.67195], [-95.5887, 29.66893]]]}, "properties": {"geoid": "482014534031", "jobs_transit_45": null}}, {"type": "Feature", "geometry": {"type": "Polygon", "coordinates": [[[-95.59498, 29.66586], [-95.59204, 29.66498], [-95.58884, 29.66039], [-95.58374, 29.65943], [-95.58399, 29.66014], [-95.58435, 29.66083], [-95.5857, 29.66242], [-95.5882, 29.66604], [-95.58866, 29.66746], [-95.5887, 29.66893], [-95.5893, 29.66904], [-95.59325, 29.67022], [-95.59498, 29.66586]]]}, "properties": {"geoid": "482014535011", "jobs_transit_45": null}}, {"type": "Feature", "geometry": {"type": "Polygon", "coordinates": [[[-95.63475, 29.68078], [-95.62319, 29.6743], [-95.62311, 29.6786], [-95.62337, 29.68102], [-95.63442, 29.68084], [-95.63475, 29.68078]]]}, "properties": {"geoid": "482014539002", "jobs_transit_45": null}}, {"type": "Feature", "geometry": {"type": "Polygon", "coordinates": [[[-95.16268, 29.52967], [-95.16187, 29.52236], [-95.15415, 29.52316], [-95.15878, 29.52704], [-95.15987, 29.53039], [-95.15772, 29.53244], [-95.15962, 29.53403], [-95.1614, 29.53235], [-95.16268, 29.52967]]]}, "properties": {"geoid": "482013508022", "jobs_transit_45": null}}, {"type": "Feature", "geometry": {"type": "Polygon", "coordinates": [[[-95.62309, 29.67535], [-95.62319, 29.6743], [-95.61003, 29.667], [-95.60789, 29.66984], [-95.60446, 29.67186], [-95.60447, 29.67282], [-95.60303, 29.67684], [-95.60265, 29.67805], [-95.60825, 29.6797], [-95.60976, 29.67568], [-95.60998, 29.67546], [-95.62309, 29.67535]]]}, "properties": {"geoid": "482014538001", "jobs_transit_45": 47370}}, {"type": "Feature", "geometry": {"type": "Polygon", "coordinates": [[[-95.32695, 29.69531], [-95.32595, 29.69186], [-95.32294, 29.69331], [-95.31689, 29.69606], [-95.31578, 29.69651], [-95.31289, 29.69719], [-95.31169, 29.69724], [-95.31031, 29.69714], [-95.30785, 29.69683], [-95.30523, 29.70359], [-95.30898, 29.70634], [-95.31426, 29.70334], [-95.32695, 29.69531]]]}, "properties": {"geoid": "482013117002", "jobs_transit_45": 313164}}, {"type": "Feature", "geometry": {"type": "Polygon", "coordinates": [[[-95.667, 29.72175], [-95.66631, 29.71173], [-95.67041, 29.70904], [-95.6605, 29.70966], [-95.66053, 29.71344], [-95.66059, 29.7206], [-95.66065, 29.72694], [-95.66753, 29.72256], [-95.667, 29.72175]]]}, "properties": {"geoid": "482014543022", "jobs_transit_45": 81537}}, {"type": "Feature", "geometry": {"type": "Polygon", "coordinates": [[[-95.63439, 29.70401], [-95.63428, 29.69018], [-95.63222, 29.68991], [-95.62762, 29.68802], [-95.62666, 29.68793], [-95.62235, 29.68848], [-95.62387, 29.69609], [-95.62397, 29.70371], [-95.63439, 29.70401]]]}, "properties": {"geoid": "482014527003", "jobs_transit_45": 82208}}, {"type": "Feature", "geometry": {"type": "Polygon", "coordinates": [[[-95.58759, 29.68893], [-95.58749, 29.68456], [-95.57833, 29.68439], [-95.57803, 29.68069], [-95.57644, 29.68103], [-95.57529, 29.68109], [-95.5753, 29.68267], [-95.57458, 29.68269], [-95.57466, 29.68805], [-95.58759, 29.68893]]]}, "properties": {"geoid": "482014536021", "jobs_transit_45": 100134}}, {"type": "Feature", "geometry": {"type": "Polygon", "coordinates": [[[-95.17386, 29.52952], [-95.16951, 29.52591], [-95.1642, 29.52981], [-95.16268, 29.52967], [-95.1614, 29.53235], [-95.16948, 29.53886], [-95.1709, 29.54061], [-95.17332, 29.53905], [-95.16749, 29.53425], [-95.17174, 29.53199], [-95.17386, 29.52952]]]}, "properties": {"geoid": "482013506022", "jobs_transit_45": null}}, {"type": "Feature", "geometry": {"type": "Polygon", "coordinates": [[[-95.39164, 29.68537], [-95.39326, 29.68059], [-95.3924, 29.6806], [-95.38744, 29.68097], [-95.38588, 29.68421], [-95.38593, 29.68493], [-95.38703, 29.68493], [-95.38706, 29.68543], [-95.39164, 29.68537]]]}, "properties": {"geoid": "482013139003", "jobs_transit_45": 241389}}, {"type": "Feature", "geometry": {"type": "Polygon", "coordinates": [[[-95.39269, 29.69178], [-95.39443, 29.68902], [-95.39158, 29.68902], [-95.39048, 29.68881], [-95.38947, 29.69174], [-95.39237, 29.69252], [-95.39269, 29.69178]]]}, "properties": {"geoid": "482013140012", "jobs_transit_45": 263439}}, {"type": "Feature", "geometry": {"type": "Polygon", "coordinates": [[[-95.39164, 29.68537], [-95.38706, 29.68543], [-95.38703, 29.68493], [-95.38593, 29.68493], [-95.38599, 29.68545], [-95.37955, 29.68693], [-95.37522, 29.70186], [-95.37657, 29.70222], [-95.38462, 29.7057], [-95.38745, 29.69768], [-95.38832, 29.69494], [-95.3889, 29.69344], [-95.39164, 29.68537]]]}, "properties": {"geoid": "482013139001", "jobs_transit_45": 256281}}, {"type": "Feature", "geometry": {"type": "Polygon", "coordinates": [[[-95.40323, 29.68524], [-95.40316, 29.67905], [-95.39665, 29.68038], [-95.39326, 29.68059], [-95.39048, 29.68881], [-95.39158, 29.68902], [-95.39443, 29.68902], [-95.39528, 29.68758], [-95.39556, 29.68687], [-95.39558, 29.68235], [-95.39995, 29.68228], [-95.39999, 29.68528], [-95.40323, 29.68524]]]}, "properties": {"geoid": "482013140023", "jobs_transit_45": 263983}}, {"type": "Feature", "geometry": {"type": "Polygon", "coordinates": [[[-95.40084, 29.69579], [-95.40059, 29.69465], [-95.40061, 29.69339], [-95.4002, 29.69193], [-95.40004, 29.68805], [-95.39504, 29.688], [-95.39269, 29.69178], [-95.39237, 29.69252], [-95.39221, 29.69315], [-95.39223, 29.69491], [-95.39307, 29.69771], [-95.40084, 29.69579]]]}, "properties": {"geoid": "482013140025", "jobs_transit_45": 376494}}, {"type": "Feature", "geometry": {"type": "Polygon", "coordinates": [[[-95.42605, 29.67988], [-95.42765, 29.67773], [-95.42473, 29.67762], [-95.41921, 29.67782], [-95.41914, 29.6822], [-95.42371, 29.68232], [-95.42386, 29.68254], [-95.42605, 29.67988]]]}, "properties": {"geoid": "482013143001", "jobs_transit_45": 189627}}, {"type": "Feature", "geometry": {"type": "Polygon", "coordinates": [[[-95.57717, 29.66886], [-95.57973, 29.66241], [-95.56968, 29.65938], [-95.56897, 29.6616], [-95.56897, 29.66706], [-95.57717, 29.66886]]]}, "properties": {"geoid": "482014534024", "jobs_transit_45": 44769}}, {"type": "Feature", "geometry": {"type": "Polygon", "coordinates": [[[-95.57727, 29.67463], [-95.5774, 29.67195], [-95.57697, 29.66985], [-95.57717, 29.66886], [-95.56897, 29.66706], [-95.5704, 29.67423], [-95.57727, 29.67463]]]}, "properties": {"geoid": "482014534022", "jobs_transit_45": 139632}}, {"type": "Feature", "geometry": {"type": "Polygon", "coordinates": [[[-95.28909, 29.67403], [-95.28907, 29.67318], [-95.28622, 29.67241], [-95.2831, 29.67226], [-95.28037, 29.67232], [-95.28035, 29.67266], [-95.28003, 29.67366], [-95.28008, 29.6755], [-95.2829, 29.67785], [-95.28297, 29.67754], [-95.28662, 29.67767], [-95.28813, 29.6776], [-95.28853, 29.67607], [-95.28909, 29.67403]]]}, "properties": {"geoid": "482013331001", "jobs_transit_45": 161944}}, {"type": "Feature", "geometry": {"type": "Polygon", "coordinates": [[[-95.52989, 29.70736], [-95.53027, 29.70508], [-95.52131, 29.70514], [-95.5213, 29.70642], [-95.52382, 29.70641], [-95.52408, 29.70663], [-95.52414, 29.71163], [-95.52536, 29.71163], [-95.52639, 29.70879], [-95.52785, 29.70866], [-95.52989, 29.70736]]]}, "properties": {"geoid": "482014329022", "jobs_transit_45": 194889}}, {"type": "Feature", "geometry": {"type": "Polygon", "coordinates": [[[-95.49696, 29.71146], [-95.4968, 29.70722], [-95.4972, 29.70599], [-95.49724, 29.70542], [-95.49306, 29.70546], [-95.49315, 29.71019], [-95.49329, 29.71084], [-95.49379, 29.71187], [-95.49477, 29.71292], [-95.49593, 29.71194], [-95.49696, 29.71146]]]}, "properties": {"geoid": "482014213002", "jobs_transit_45": 319646}}, {"type": "Feature", "geometry": {"type": "Polygon", "coordinates": [[[-95.3407, 29.62214], [-95.34091, 29.62101], [-95.33157, 29.62095], [-95.33158, 29.62823], [-95.33129, 29.62945], [-95.33134, 29.6376], [-95.33422, 29.63746], [-95.3394, 29.63696], [-95.33936, 29.62652], [-95.3396, 29.62517], [-95.3407, 29.62214]]]}, "properties": {"geoid": "482013316022", "jobs_transit_45": 148913}}, {"type": "Feature", "geometry": {"type": "Polygon", "coordinates": [[[-95.35596, 29.68037], [-95.3559, 29.67638], [-95.3529, 29.67681], [-95.34827, 29.67463], [-95.34939, 29.67171], [-95.35233, 29.67256], [-95.3538, 29.66873], [-95.35408, 29.66831], [-95.35312, 29.66778], [-95.3485, 29.66689], [-95.34696, 29.67097], [-95.34619, 29.67236], [-95.34561, 29.67384], [-95.34468, 29.67728], [-95.35596, 29.68037]]]}, "properties": {"geoid": "482013320003", "jobs_transit_45": 161012}}, {"type": "Feature", "geometry": {"type": "Polygon", "coordinates": [[[-95.40333, 29.68991], [-95.40323, 29.68524], [-95.39999, 29.68528], [-95.4002, 29.69193], [-95.40061, 29.69339], [-95.40333, 29.68991]]]}, "properties": {"geoid": "482013140022", "jobs_transit_45": 365436}}, {"type": "Feature", "geometry": {"type": "Polygon", "coordinates": [[[-95.2835, 29.68543], [-95.28337, 29.68262], [-95.28392, 29.68129], [-95.28327, 29.67973], [-95.28935, 29.67854], [-95.28922, 29.67755], [-95.28909, 29.67403], [-95.28853, 29.67607], [-95.28813, 29.6776], [-95.28662, 29.67767], [-95.28297, 29.67754], [-95.28289, 29.67795], [-95.27989, 29.67938], [-95.2735, 29.67866], [-95.27268, 29.68035], [-95.27812, 29.68576], [-95.27892, 29.6855], [-95.2835, 29.68543]]]}, "properties": {"geoid": "482013330002", "jobs_transit_45": 150277}}, {"type": "Feature", "geometry": {"type": "Polygon", "coordinates": [[[-95.30639, 29.67759], [-95.3059, 29.67599], [-95.30423, 29.67461], [-95.30392, 29.67409], [-95.30242, 29.67531], [-95.30135, 29.67224], [-95.29383, 29.67374], [-95.29175, 29.67377], [-95.29102, 29.67369], [-95.28907, 29.67318], [-95.2891, 29.67441], [-95.28951, 29.67528], [-95.29327, 29.68049], [-95.2954, 29.67965], [-95.30285, 29.67808], [-95.30456, 29.67799], [-95.30639, 29.67759]]]}, "properties": {"geoid": "482013326002", "jobs_transit_45": 190979}}, {"type": "Feature", "geometry": {"type": "Polygon", "coordinates": [[[-95.27691, 29.66556], [-95.27681, 29.6614], [-95.27243, 29.66146], [-95.27172, 29.66299], [-95.27494, 29.66297], [-95.27502, 29.66559], [-95.27691, 29.66556]]]}, "properties": {"geoid": "482013332023", "jobs_transit_45": 161340}}, {"type": "Feature", "geometry": {"type": "Polygon", "coordinates": [[[-95.22196, 29.59203], [-95.21338, 29.58497], [-95.21133, 29.58683], [-95.20875, 29.58879], [-95.20985, 29.58965], [-95.21303, 29.59176], [-95.21528, 29.59262], [-95.21867, 29.59539], [-95.22067, 29.59356], [-95.22196, 29.59203]]]}, "properties": {"geoid": "482013504003", "jobs_transit_45": 17377}}, {"type": "Feature", "geometry": {"type": "Polygon", "coordinates": [[[-95.22991, 29.58671], [-95.2297, 29.58621], [-95.2265, 29.58359], [-95.22488, 29.58506], [-95.22458, 29.58505], [-95.22126, 29.58811], [-95.2153, 29.58321], [-95.21338, 29.58497], [-95.22196, 29.59203], [-95.22642, 29.58822], [-95.22991, 29.58671]]]}, "properties": {"geoid": "482013503001", "jobs_transit_45": 17323}}, {"type": "Feature", "geometry": {"type": "Polygon", "coordinates": [[[-95.23162, 29.57708], [-95.23095, 29.57654], [-95.2259, 29.57357], [-95.22125, 29.5777], [-95.21895, 29.57987], [-95.22034, 29.57946], [-95.22478, 29.58217], [-95.22522, 29.58254], [-95.22696, 29.58074], [-95.22729, 29.58102], [-95.23162, 29.57708]]]}, "properties": {"geoid": "482013503003", "jobs_transit_45": null}}, {"type": "Feature", "geometry": {"type": "Polygon", "coordinates": [[[-95.24061, 29.60719], [-95.24781, 29.60062], [-95.23768, 29.60065], [-95.22854, 29.60079], [-95.2286, 29.60253], [-95.22788, 29.6098], [-95.22783, 29.61143], [-95.23808, 29.61123], [-95.24125, 29.6083], [-95.24061, 29.60719]]]}, "properties": {"geoid": "482013340033", "jobs_transit_45": 22528}}, {"type": "Feature", "geometry": {"type": "Polygon", "coordinates": [[[-95.26659, 29.61184], [-95.26655, 29.60465], [-95.26632, 29.60163], [-95.26633, 29.60028], [-95.24781, 29.60062], [-95.24761, 29.60082], [-95.24995, 29.60579], [-95.24983, 29.61101], [-95.26054, 29.6109], [-95.26659, 29.61184]]]}, "properties": {"geoid": "482013339011", "jobs_transit_45": null}}, {"type": "Feature", "geometry": {"type": "Polygon", "coordinates": [[[-95.28599, 29.60644], [-95.28615, 29.60291], [-95.27814, 29.60301], [-95.27777, 29.60142], [-95.26632, 29.60163], [-95.26655, 29.60465], [-95.26964, 29.6046], [-95.26971, 29.60844], [-95.27763, 29.60835], [-95.27768, 29.61171], [-95.28555, 29.61166], [-95.28599, 29.60644]]]}, "properties": {"geoid": "482013338003", "jobs_transit_45": null}}, {"type": "Feature", "geometry": {"type": "Polygon", "coordinates": [[[-95.48487, 29.7218], [-95.48486, 29.72006], [-95.47645, 29.72015], [-95.4765, 29.72299], [-95.4772, 29.72298], [-95.47722, 29.72202], [-95.4807, 29.72196], [-95.4807, 29.72445], [-95.48433, 29.72416], [-95.48474, 29.72272], [-95.48487, 29.7218]]]}, "properties": {"geoid": "482014211021", "jobs_transit_45": 259418}}, {"type": "Feature", "geometry": {"type": "Polygon", "coordinates": [[[-95.58109, 29.65526], [-95.58174, 29.65367], [-95.57135, 29.64875], [-95.56854, 29.65139], [-95.57083, 29.65549], [-95.575, 29.65591], [-95.58109, 29.65526]]]}, "properties": {"geoid": "482014534012", "jobs_transit_45": 97869}}, {"type": "Feature", "geometry": {"type": "Polygon", "coordinates": [[[-95.50843, 29.65602], [-95.50838, 29.65153], [-95.50324, 29.65045], [-95.50327, 29.65448], [-95.50558, 29.65448], [-95.50558, 29.65603], [-95.50843, 29.65602]]]}, "properties": {"geoid": "482014223014", "jobs_transit_45": 198601}}, {"type": "Feature", "geometry": {"type": "Polygon", "coordinates": [[[-95.51692, 29.65565], [-95.51635, 29.65122], [-95.50838, 29.65153], [-95.50843, 29.65602], [-95.51297, 29.65599], [-95.51555, 29.65567], [-95.51692, 29.65565]]]}, "properties": {"geoid": "482014234012", "jobs_transit_45": 88442}}, {"type": "Feature", "geometry": {"type": "Polygon", "coordinates": [[[-95.47652, 29.72446], [-95.47642, 29.71653], [-95.47222, 29.71657], [-95.47231, 29.72209], [-95.47421, 29.72206], [-95.47406, 29.72467], [-95.47652, 29.72446]]]}, "properties": {"geoid": "482014211012", "jobs_transit_45": 313294}}, {"type": "Feature", "geometry": {"type": "Polygon", "coordinates": [[[-95.48429, 29.72429], [-95.48433, 29.72416], [-95.4807, 29.72445], [-95.4807, 29.72196], [-95.47722, 29.72202], [-95.4772, 29.72298], [-95.4765, 29.72299], [-95.47652, 29.72446], [-95.4764, 29.72605], [-95.48418, 29.72598], [-95.48429, 29.72429]]]}, "properties": {"geoid": "482014211023", "jobs_transit_45": 268605}}, {"type": "Feature", "geometry": {"type": "Polygon", "coordinates": [[[-95.48481, 29.71643], [-95.48477, 29.7128], [-95.48155, 29.71283], [-95.4816, 29.71648], [-95.48481, 29.71643]]]}, "properties": {"geoid": "482014215004", "jobs_transit_45": 237261}}, {"type": "Feature", "geometry": {"type": "Polygon", "coordinates": [[[-95.50482, 29.66659], [-95.50477, 29.66306], [-95.50315, 29.66128], [-95.50331, 29.65607], [-95.50091, 29.65669], [-95.50108, 29.65726], [-95.50118, 29.66675], [-95.50482, 29.66659]]]}, "properties": {"geoid": "482014224011", "jobs_transit_45": 158633}}, {"type": "Feature", "geometry": {"type": "Polygon", "coordinates": [[[-95.4915, 29.72374], [-95.48905, 29.72388], [-95.48904, 29.72182], [-95.48529, 29.72185], [-95.48478, 29.7225], [-95.48429, 29.72429], [-95.48418, 29.72598], [-95.48733, 29.72588], [-95.49056, 29.72455], [-95.4915, 29.72374]]]}, "properties": {"geoid": "482014212011", "jobs_transit_45": 257642}}, {"type": "Feature", "geometry": {"type": "Polygon", "coordinates": [[[-95.49319, 29.72225], [-95.49313, 29.7221], [-95.49318, 29.72182], [-95.49316, 29.71997], [-95.48901, 29.72001], [-95.48905, 29.72388], [-95.4915, 29.72374], [-95.49319, 29.72225]]]}, "properties": {"geoid": "482014212012", "jobs_transit_45": 256715}}, {"type": "Feature", "geometry": {"type": "Polygon", "coordinates": [[[-95.49306, 29.70546], [-95.49296, 29.6973], [-95.493, 29.69481], [-95.48873, 29.69704], [-95.48873, 29.69912], [-95.48882, 29.70551], [-95.49306, 29.70546]]]}, "properties": {"geoid": "482014216001", "jobs_transit_45": 295126}}, {"type": "Feature", "geometry": {"type": "Polygon", "coordinates": [[[-95.50355, 29.70166], [-95.50348, 29.70003], [-95.50368, 29.69841], [-95.50393, 29.69729], [-95.50483, 29.69495], [-95.50515, 29.69417], [-95.50108, 29.69307], [-95.50114, 29.69123], [-95.5011, 29.69099], [-95.50096, 29.69078], [-95.493, 29.69481], [-95.493, 29.70025], [-95.49612, 29.7004], [-95.50105, 29.7019], [-95.50355, 29.70166]]]}, "properties": {"geoid": "482014227013", "jobs_transit_45": 321450}}, {"type": "Feature", "geometry": {"type": "Polygon", "coordinates": [[[-95.50828, 29.64124], [-95.50829, 29.64086], [-95.50812, 29.63266], [-95.50759, 29.63101], [-95.50755, 29.63062], [-95.49726, 29.63462], [-95.49743, 29.63562], [-95.49758, 29.6434], [-95.49558, 29.64442], [-95.50316, 29.64433], [-95.50314, 29.63858], [-95.50564, 29.63856], [-95.50566, 29.64128], [-95.50674, 29.64128], [-95.50673, 29.64105], [-95.50718, 29.64125], [-95.50828, 29.64124]]]}, "properties": {"geoid": "482014222001", "jobs_transit_45": 332538}}, {"type": "Feature", "geometry": {"type": "Polygon", "coordinates": [[[-95.50854, 29.66656], [-95.50852, 29.66279], [-95.50792, 29.66284], [-95.50691, 29.66303], [-95.50566, 29.66309], [-95.50558, 29.65603], [-95.50331, 29.65607], [-95.50315, 29.66128], [-95.50477, 29.66306], [-95.50482, 29.66659], [-95.50854, 29.66656]]]}, "properties": {"geoid": "482014224012", "jobs_transit_45": 158647}}, {"type": "Feature", "geometry": {"type": "Polygon", "coordinates": [[[-95.50997, 29.69202], [-95.50897, 29.68893], [-95.50881, 29.68791], [-95.50875, 29.68679], [-95.50096, 29.69078], [-95.5011, 29.69099], [-95.50114, 29.69123], [-95.50108, 29.69307], [-95.50515, 29.69417], [-95.50615, 29.69171], [-95.50997, 29.69202]]]}, "properties": {"geoid": "482014227011", "jobs_transit_45": 239300}}, {"type": "Feature", "geometry": {"type": "Polygon", "coordinates": [[[-95.52818, 29.67134], [-95.53044, 29.67142], [-95.53183, 29.67178], [-95.53266, 29.66895], [-95.5323, 29.66724], [-95.53228, 29.66619], [-95.53236, 29.66562], [-95.52922, 29.66498], [-95.52811, 29.66498], [-95.52818, 29.67134]]]}, "properties": {"geoid": "482014232021", "jobs_transit_45": 175399}}, {"type": "Feature", "geometry": {"type": "Polygon", "coordinates": [[[-95.52816, 29.66756], [-95.52811, 29.66498], [-95.52432, 29.66547], [-95.51634, 29.66556], [-95.51639, 29.66913], [-95.52023, 29.66908], [-95.5202, 29.66742], [-95.52684, 29.66732], [-95.52757, 29.66752], [-95.52816, 29.66756]]]}, "properties": {"geoid": "482014233013", "jobs_transit_45": 87988}}, {"type": "Feature", "geometry": {"type": "Polygon", "coordinates": [[[-95.5282, 29.67273], [-95.52816, 29.66756], [-95.52757, 29.66752], [-95.52684, 29.66732], [-95.5202, 29.66742], [-95.52023, 29.66908], [-95.51639, 29.66913], [-95.51636, 29.67077], [-95.51551, 29.67217], [-95.51577, 29.67362], [-95.52093, 29.67219], [-95.52519, 29.67188], [-95.5258, 29.67195], [-95.5282, 29.67273]]]}, "properties": {"geoid": "482014233011", "jobs_transit_45": 87969}}, {"type": "Feature", "geometry": {"type": "Polygon", "coordinates": [[[-95.52803, 29.65569], [-95.52793, 29.6493], [-95.52537, 29.6493], [-95.52451, 29.64916], [-95.52323, 29.6485], [-95.52254, 29.64771], [-95.52193, 29.6462], [-95.51536, 29.6464], [-95.51355, 29.64856], [-95.50835, 29.64863], [-95.50838, 29.65153], [-95.51635, 29.65122], [-95.51692, 29.65565], [-95.52539, 29.65574], [-95.52803, 29.65569]]]}, "properties": {"geoid": "482014234013", "jobs_transit_45": 75643}}, {"type": "Feature", "geometry": {"type": "Polygon", "coordinates": [[[-95.53627, 29.6563], [-95.53607, 29.6454], [-95.53466, 29.64543], [-95.53258, 29.64496], [-95.52792, 29.64193], [-95.52779, 29.64337], [-95.52803, 29.65569], [-95.53627, 29.6563]]]}, "properties": {"geoid": "482014234021", "jobs_transit_45": 75613}}, {"type": "Feature", "geometry": {"type": "Polygon", "coordinates": [[[-95.45962, 29.77797], [-95.45942, 29.7732], [-95.4562, 29.77323], [-95.45598, 29.77609], [-95.45388, 29.78094], [-95.4555, 29.78203], [-95.45666, 29.78269], [-95.45659, 29.77959], [-95.45959, 29.77819], [-95.45962, 29.77797]]]}, "properties": {"geoid": "482014301001", "jobs_transit_45": 320623}}, {"type": "Feature", "geometry": {"type": "Polygon", "coordinates": [[[-95.468, 29.78447], [-95.46797, 29.78223], [-95.46583, 29.78236], [-95.46578, 29.77996], [-95.4596, 29.77979], [-95.45959, 29.77819], [-95.45659, 29.77959], [-95.45666, 29.78269], [-95.45846, 29.78368], [-95.45985, 29.7841], [-95.46161, 29.78442], [-95.468, 29.78447]]]}, "properties": {"geoid": "482014301005", "jobs_transit_45": 365822}}, {"type": "Feature", "geometry": {"type": "Polygon", "coordinates": [[[-95.17814, 29.79972], [-95.17836, 29.79927], [-95.17759, 29.79908], [-95.17064, 29.79904], [-95.17108, 29.80206], [-95.16767, 29.80295], [-95.16327, 29.80171], [-95.1633, 29.80874], [-95.17229, 29.80654], [-95.17356, 29.80636], [-95.1782, 29.80623], [-95.17814, 29.79972]]]}, "properties": {"geoid": "482012330021", "jobs_transit_45": null}}, {"type": "Feature", "geometry": {"type": "Polygon", "coordinates": [[[-95.46824, 29.80291], [-95.468, 29.78447], [-95.46177, 29.78443], [-95.45946, 29.784], [-95.45863, 29.78375], [-95.45795, 29.78343], [-95.4555, 29.78203], [-95.45388, 29.78094], [-95.45208, 29.78411], [-95.45226, 29.79087], [-95.45127, 29.79502], [-95.45863, 29.80048], [-95.46254, 29.80324], [-95.46289, 29.80294], [-95.46824, 29.80291]]]}, "properties": {"geoid": "482015201001", "jobs_transit_45": 500166}}, {"type": "Feature", "geometry": {"type": "Polygon", "coordinates": [[[-95.57627, 29.74145], [-95.57617, 29.73662], [-95.57177, 29.7367], [-95.57193, 29.73839], [-95.572, 29.74278], [-95.57379, 29.74147], [-95.57627, 29.74145]]]}, "properties": {"geoid": "482014510012", "jobs_transit_45": 167784}}, {"type": "Feature", "geometry": {"type": "Polygon", "coordinates": [[[-95.56473, 29.74865], [-95.56502, 29.74726], [-95.56214, 29.74717], [-95.55982, 29.74753], [-95.5579, 29.74756], [-95.55804, 29.75368], [-95.56028, 29.75367], [-95.56322, 29.75028], [-95.56473, 29.74865]]]}, "properties": {"geoid": "482014508024", "jobs_transit_45": 94429}}, {"type": "Feature", "geometry": {"type": "Polygon", "coordinates": [[[-95.53688, 29.82752], [-95.5369, 29.82248], [-95.53425, 29.82186], [-95.52629, 29.82195], [-95.52632, 29.8248], [-95.53152, 29.82529], [-95.53153, 29.8276], [-95.53688, 29.82752]]]}, "properties": {"geoid": "482015220003", "jobs_transit_45": 298555}}, {"type": "Feature", "geometry": {"type": "Polygon", "coordinates": [[[-95.20597, 29.93233], [-95.20085, 29.92788], [-95.19931, 29.92274], [-95.2026, 29.90097], [-95.20202, 29.88942], [-95.19698, 29.88282], [-95.18905, 29.87381], [-95.18753, 29.8717], [-95.18667, 29.86664], [-95.1865, 29.85335], [-95.18635, 29.84846], [-95.18547, 29.84428], [-95.18517, 29.84371], [-95.16646, 29.85173], [-95.16578, 29.85588], [-95.16111, 29.87692], [-95.16112, 29.88447], [-95.1595, 29.88579], [-95.14776, 29.9123], [-95.1328, 29.91953], [-95.14136, 29.92349], [-95.14711, 29.93013], [-95.15071, 29.93533], [-95.14811, 29.95883], [-95.13761, 29.97283], [-95.13131, 29.98779], [-95.13558, 29.98577], [-95.14082, 29.98424], [-95.14814, 29.98364], [-95.15353, 29.98209], [-95.15939, 29.97747], [-95.20597, 29.93233]]]}, "properties": {"geoid": "482012520001", "jobs_transit_45": null}}, {"type": "Feature", "geometry": {"type": "Polygon", "coordinates": [[[-95.20597, 29.93233], [-95.24069, 29.89865], [-95.23935, 29.8977], [-95.23998, 29.89251], [-95.23662, 29.88913], [-95.23503, 29.88721], [-95.23691, 29.88385], [-95.23676, 29.8831], [-95.23333, 29.88275], [-95.20849, 29.88301], [-95.20764, 29.8869], [-95.206, 29.88928], [-95.2035, 29.89137], [-95.20247, 29.89183], [-95.2026, 29.90097], [-95.19931, 29.92274], [-95.20085, 29.92788], [-95.20597, 29.93233]]]}, "properties": {"geoid": "482012323011", "jobs_transit_45": null}}, {"type": "Feature", "geometry": {"type": "Polygon", "coordinates": [[[-95.20191, 29.81126], [-95.20185, 29.80833], [-95.20176, 29.80811], [-95.19807, 29.80807], [-95.19808, 29.80726], [-95.20178, 29.80708], [-95.20179, 29.80606], [-95.20078, 29.80594], [-95.19336, 29.80603], [-95.19331, 29.81177], [-95.19342, 29.81261], [-95.19427, 29.81612], [-95.19434, 29.81684], [-95.19866, 29.81511], [-95.19806, 29.81135], [-95.20191, 29.81126]]]}, "properties": {"geoid": "482012324032", "jobs_transit_45": null}}, {"type": "Feature", "geometry": {"type": "Polygon", "coordinates": [[[-95.19172, 29.79763], [-95.19307, 29.79743], [-95.19254, 29.79393], [-95.19, 29.79291], [-95.18634, 29.79736], [-95.18744, 29.79741], [-95.18775, 29.80249], [-95.19115, 29.80245], [-95.19172, 29.79763]]]}, "properties": {"geoid": "482012329001", "jobs_transit_45": 204289}}, {"type": "Feature", "geometry": {"type": "Polygon", "coordinates": [[[-95.19371, 29.78838], [-95.19333, 29.7879], [-95.18324, 29.78809], [-95.18309, 29.78272], [-95.17604, 29.78213], [-95.17619, 29.78807], [-95.17831, 29.78802], [-95.17845, 29.79205], [-95.18683, 29.7919], [-95.18835, 29.7922], [-95.18928, 29.79254], [-95.19, 29.79291], [-95.19371, 29.78838]]]}, "properties": {"geoid": "482012331012", "jobs_transit_45": 204544}}, {"type": "Feature", "geometry": {"type": "Polygon", "coordinates": [[[-95.17604, 29.78213], [-95.17573, 29.77104], [-95.17789, 29.77073], [-95.16946, 29.77091], [-95.16973, 29.78228], [-95.17604, 29.78213]]]}, "properties": {"geoid": "482012331031", "jobs_transit_45": null}}, {"type": "Feature", "geometry": {"type": "Polygon", "coordinates": [[[-95.17134, 29.70496], [-95.17121, 29.69941], [-95.16235, 29.69933], [-95.16248, 29.70482], [-95.16974, 29.70418], [-95.17134, 29.70496]]]}, "properties": {"geoid": "482013227004", "jobs_transit_45": null}}, {"type": "Feature", "geometry": {"type": "Polygon", "coordinates": [[[-95.16989, 29.78819], [-95.17619, 29.78805], [-95.17604, 29.78213], [-95.16973, 29.78228], [-95.16989, 29.78819]]]}, "properties": {"geoid": "482012331011", "jobs_transit_45": null}}, {"type": "Feature", "geometry": {"type": "Polygon", "coordinates": [[[-95.17845, 29.79205], [-95.17831, 29.78802], [-95.16989, 29.78819], [-95.16995, 29.79045], [-95.17845, 29.79205]]]}, "properties": {"geoid": "482012331013", "jobs_transit_45": 90772}}, {"type": "Feature", "geometry": {"type": "Polygon", "coordinates": [[[-95.54527, 29.82271], [-95.54523, 29.81851], [-95.53682, 29.81847], [-95.5369, 29.82248], [-95.5384, 29.82268], [-95.54527, 29.82271]]]}, "properties": {"geoid": "482015221001", "jobs_transit_45": 94433}}, {"type": "Feature", "geometry": {"type": "Polygon", "coordinates": [[[-95.56359, 29.81717], [-95.56359, 29.81508], [-95.54986, 29.8152], [-95.54809, 29.81539], [-95.54521, 29.8154], [-95.54521, 29.81594], [-95.5489, 29.81595], [-95.54894, 29.81743], [-95.56359, 29.81717]]]}, "properties": {"geoid": "482015219003", "jobs_transit_45": 69918}}, {"type": "Feature", "geometry": {"type": "Polygon", "coordinates": [[[-95.12474, 29.8067], [-95.12412, 29.80289], [-95.12397, 29.80148], [-95.12452, 29.79257], [-95.12465, 29.78748], [-95.12239, 29.78811], [-95.11554, 29.7902], [-95.11649, 29.79607], [-95.11106, 29.79611], [-95.10954, 29.7971], [-95.10842, 29.79647], [-95.10652, 29.79737], [-95.10704, 29.79768], [-95.10755, 29.79781], [-95.10867, 29.7989], [-95.11319, 29.80162], [-95.10912, 29.80148], [-95.10889, 29.80646], [-95.12474, 29.8067]]]}, "properties": {"geoid": "482012526001", "jobs_transit_45": null}}, {"type": "Feature", "geometry": {"type": "Polygon", "coordinates": [[[-95.22352, 29.72533], [-95.22383, 29.7212], [-95.22002, 29.71875], [-95.22002, 29.7161], [-95.22611, 29.71604], [-95.2261, 29.70996], [-95.22814, 29.70766], [-95.22742, 29.70793], [-95.2231, 29.70983], [-95.22216, 29.71002], [-95.21765, 29.71059], [-95.21163, 29.71116], [-95.2117, 29.7171], [-95.21189, 29.72653], [-95.21522, 29.72453], [-95.21932, 29.72413], [-95.22352, 29.72533]]]}, "properties": {"geoid": "482013241002", "jobs_transit_45": null}}, {"type": "Feature", "geometry": {"type": "Polygon", "coordinates": [[[-95.21133, 29.75769], [-95.21143, 29.74972], [-95.21092, 29.74083], [-95.21228, 29.73896], [-95.21189, 29.72653], [-95.20932, 29.72813], [-95.20492, 29.73613], [-95.20012, 29.74093], [-95.19262, 29.74363], [-95.18662, 29.74583], [-95.18212, 29.74553], [-95.17122, 29.74723], [-95.17029, 29.74673], [-95.16545, 29.75178], [-95.17592, 29.75333], [-95.18204, 29.7602], [-95.18705, 29.76064], [-95.19058, 29.75817], [-95.1915, 29.76039], [-95.1882, 29.76443], [-95.18881, 29.76738], [-95.19142, 29.77012], [-95.19569, 29.76975], [-95.19703, 29.77154], [-95.2006, 29.77166], [-95.20391, 29.77152], [-95.20369, 29.76478], [-95.20377, 29.76419], [-95.21133, 29.75769]]]}, "properties": {"geoid": "482012333001", "jobs_transit_45": null}}, {"type": "Feature", "geometry": {"type": "Polygon", "coordinates": [[[-95.19269, 29.69606], [-95.19232, 29.69402], [-95.19182, 29.6916], [-95.19037, 29.69162], [-95.19037, 29.69191], [-95.1908, 29.69303], [-95.19083, 29.69346], [-95.18627, 29.69345], [-95.18631, 29.69613], [-95.19269, 29.69606]]]}, "properties": {"geoid": "482013230002", "jobs_transit_45": null}}, {"type": "Feature", "geometry": {"type": "Polygon", "coordinates": [[[-95.47712, 29.74227], [-95.47661, 29.73837], [-95.47659, 29.73782], [-95.47409, 29.73796], [-95.47067, 29.73909], [-95.47075, 29.74303], [-95.4743, 29.74304], [-95.47712, 29.74227]]]}, "properties": {"geoid": "482014318012", "jobs_transit_45": 347058}}, {"type": "Feature", "geometry": {"type": "Polygon", "coordinates": [[[-95.17121, 29.69941], [-95.17109, 29.69492], [-95.16226, 29.69502], [-95.16235, 29.69933], [-95.17121, 29.69941]]]}, "properties": {"geoid": "482013227003", "jobs_transit_45": null}}, {"type": "Feature", "geometry": {"type": "Polygon", "coordinates": [[[-95.62382, 29.77991], [-95.62383, 29.77405], [-95.62314, 29.77247], [-95.61891, 29.76997], [-95.61847, 29.76937], [-95.61847, 29.7689], [-95.61294, 29.76894], [-95.61293, 29.77187], [-95.61413, 29.77254], [-95.61484, 29.7731], [-95.61568, 29.77422], [-95.61824, 29.77766], [-95.62382, 29.77991]]]}, "properties": {"geoid": "482014506003", "jobs_transit_45": 245199}}, {"type": "Feature", "geometry": {"type": "Polygon", "coordinates": [[[-95.47715, 29.74892], [-95.47729, 29.74593], [-95.47712, 29.74227], [-95.4743, 29.74304], [-95.47075, 29.74303], [-95.47082, 29.74594], [-95.4728, 29.74619], [-95.47312, 29.74696], [-95.47314, 29.74866], [-95.47278, 29.74946], [-95.47278, 29.7502], [-95.47697, 29.75013], [-95.47715, 29.74892]]]}, "properties": {"geoid": "482014318013", "jobs_transit_45": 377201}}, {"type": "Feature", "geometry": {"type": "Polygon", "coordinates": [[[-95.48083, 29.75007], [-95.47953, 29.74869], [-95.47941, 29.73797], [-95.47953, 29.73777], [-95.47659, 29.73782], [-95.47661, 29.73837], [-95.47712, 29.73975], [-95.47729, 29.74593], [-95.47715, 29.74892], [-95.47697, 29.75013], [-95.48083, 29.75007]]]}, "properties": {"geoid": "482014314022", "jobs_transit_45": 284166}}, {"type": "Feature", "geometry": {"type": "Polygon", "coordinates": [[[-95.23204, 29.77757], [-95.23186, 29.77713], [-95.22997, 29.77635], [-95.22889, 29.77509], [-95.22568, 29.77655], [-95.22369, 29.7758], [-95.22319, 29.77572], [-95.21828, 29.77584], [-95.2185, 29.77653], [-95.21855, 29.77865], [-95.22156, 29.77858], [-95.22252, 29.77689], [-95.22427, 29.77894], [-95.22985, 29.7789], [-95.2315, 29.77772], [-95.23204, 29.77757]]]}, "properties": {"geoid": "482012327013", "jobs_transit_45": 204536}}, {"type": "Feature", "geometry": {"type": "Polygon", "coordinates": [[[-95.22889, 29.77509], [-95.22852, 29.77379], [-95.22806, 29.77242], [-95.22366, 29.77314], [-95.22368, 29.7735], [-95.2227, 29.77532], [-95.22264, 29.77574], [-95.22319, 29.77572], [-95.22369, 29.7758], [-95.22568, 29.77655], [-95.22889, 29.77509]]]}, "properties": {"geoid": "482012327022", "jobs_transit_45": 204470}}, {"type": "Feature", "geometry": {"type": "Polygon", "coordinates": [[[-95.23382, 29.76744], [-95.23357, 29.75915], [-95.21908, 29.75972], [-95.21976, 29.76002], [-95.21934, 29.76128], [-95.22396, 29.76035], [-95.22414, 29.76555], [-95.22389, 29.76626], [-95.22408, 29.76671], [-95.2239, 29.76707], [-95.22493, 29.76746], [-95.23382, 29.76744]]]}, "properties": {"geoid": "482012335003", "jobs_transit_45": 71971}}, {"type": "Feature", "geometry": {"type": "Polygon", "coordinates": [[[-95.3032, 29.78751], [-95.30322, 29.78359], [-95.30116, 29.78359], [-95.30115, 29.78344], [-95.29648, 29.78353], [-95.29656, 29.78757], [-95.3032, 29.78751]]]}, "properties": {"geoid": "482012119002", "jobs_transit_45": 174968}}, {"type": "Feature", "geometry": {"type": "Polygon", "coordinates": [[[-95.46672, 29.84893], [-95.47207, 29.84889], [-95.4683, 29.8423], [-95.45866, 29.84234], [-95.4603, 29.84594], [-95.46067, 29.84641], [-95.46672, 29.84893]]]}, "properties": {"geoid": "482015320021", "jobs_transit_45": 154032}}, {"type": "Feature", "geometry": {"type": "Polygon", "coordinates": [[[-95.4029, 29.83562], [-95.40287, 29.83341], [-95.40283, 29.83254], [-95.40279, 29.83049], [-95.39002, 29.83063], [-95.3863, 29.83077], [-95.38654, 29.83097], [-95.38853, 29.83289], [-95.38939, 29.83378], [-95.39008, 29.83382], [-95.39067, 29.83404], [-95.39233, 29.83529], [-95.39299, 29.83565], [-95.39405, 29.83573], [-95.4029, 29.83562]]]}, "properties": {"geoid": "482015305003", "jobs_transit_45": 415411}}, {"type": "Feature", "geometry": {"type": "Polygon", "coordinates": [[[-95.87853, 30.12034], [-95.87786, 30.07678], [-95.87458, 30.07658], [-95.87397, 30.03797], [-95.85171, 30.02958], [-95.83209, 30.02229], [-95.82984, 30.02176], [-95.82235, 30.0188], [-95.81553, 30.01625], [-95.81523, 30.01607], [-95.81529, 30.03676], [-95.78157, 30.03701], [-95.77017, 30.03717], [-95.77029, 30.05329], [-95.77079, 30.06284], [-95.78147, 30.0627], [-95.78103, 30.06821], [-95.77627, 30.07032], [-95.76419, 30.07426], [-95.76301, 30.07479], [-95.76317, 30.08694], [-95.76507, 30.0885], [-95.77142, 30.08776], [-95.77448, 30.09119], [-95.77739, 30.08966], [-95.78271, 30.09094], [-95.78588, 30.09401], [-95.78926, 30.09396], [-95.78852, 30.09231], [-95.79961, 30.09017], [-95.80029, 30.09129], [-95.80915, 30.08845], [-95.80961, 30.08532], [-95.81244, 30.08432], [-95.81626, 30.08492], [-95.81705, 30.08178], [-95.81913, 30.08302], [-95.8285, 30.08174], [-95.83305, 30.08513], [-95.83863, 30.08309], [-95.83907, 30.08436], [-95.84391, 30.0872], [-95.84472, 30.08919], [-95.84275, 30.09484], [-95.84611, 30.09739], [-95.84649, 30.10046], [-95.84869, 30.10015], [-95.85058, 30.1021], [-95.85691, 30.1018], [-95.85739, 30.1044], [-95.86193, 30.10561], [-95.86343, 30.11024], [-95.86237, 30.11078], [-95.86542, 30.1143], [-95.86847, 30.11561], [-95.86846, 30.11754], [-95.87213, 30.11789], [-95.87217, 30.1206], [-95.87433, 30.1222], [-95.87853, 30.12034]]]}, "properties": {"geoid": "482015560002", "jobs_transit_45": null}}, {"type": "Feature", "geometry": {"type": "Polygon", "coordinates": [[[-95.42816, 29.73005], [-95.4278, 29.72676], [-95.42483, 29.7268], [-95.42484, 29.72537], [-95.41859, 29.7255], [-95.41866, 29.73075], [-95.42816, 29.73005]]]}, "properties": {"geoid": "482014118001", "jobs_transit_45": 348597}}, {"type": "Feature", "geometry": {"type": "Polygon", "coordinates": [[[-95.39307, 29.69771], [-95.39221, 29.69315], [-95.39237, 29.69252], [-95.38947, 29.69174], [-95.387, 29.69893], [-95.39059, 29.69829], [-95.39307, 29.69771]]]}, "properties": {"geoid": "482013140013", "jobs_transit_45": 365319}}, {"type": "Feature", "geometry": {"type": "Polygon", "coordinates": [[[-95.45187, 29.74668], [-95.45178, 29.74393], [-95.45397, 29.74372], [-95.45394, 29.74129], [-95.44817, 29.74164], [-95.44826, 29.74666], [-95.45187, 29.74668]]]}, "properties": {"geoid": "482014113003", "jobs_transit_45": 452351}}, {"type": "Feature", "geometry": {"type": "Polygon", "coordinates": [[[-95.55386, 29.79884], [-95.55368, 29.7907], [-95.54461, 29.79085], [-95.54471, 29.79511], [-95.5492, 29.79514], [-95.5493, 29.79899], [-95.55357, 29.79892], [-95.55386, 29.79884]]]}, "properties": {"geoid": "482015224013", "jobs_transit_45": 687102}}, {"type": "Feature", "geometry": {"type": "Polygon", "coordinates": [[[-95.37294, 30.07403], [-95.37928, 30.0703], [-95.3779, 30.07073], [-95.37214, 30.06946], [-95.36642, 30.06386], [-95.36076, 30.06167], [-95.35543, 30.05748], [-95.35229, 30.0526], [-95.35107, 30.05142], [-95.3468, 30.04604], [-95.34639, 30.04529], [-95.33397, 30.05225], [-95.33276, 30.05244], [-95.32593, 30.048], [-95.32562, 30.03973], [-95.31958, 30.0349], [-95.31847, 30.03437], [-95.31821, 30.03446], [-95.3178, 30.03449], [-95.31493, 30.03173], [-95.31339, 30.03306], [-95.3129, 30.03308], [-95.31181, 30.03233], [-95.311, 30.03289], [-95.31281, 30.036], [-95.31151, 30.04189], [-95.30942, 30.04367], [-95.30976, 30.0459], [-95.31658, 30.0542], [-95.31978, 30.05273], [-95.32704, 30.05805], [-95.32933, 30.06249], [-95.33287, 30.06342], [-95.33712, 30.06315], [-95.33815, 30.06608], [-95.34314, 30.06831], [-95.34604, 30.07257], [-95.34952, 30.07394], [-95.34934, 30.0761], [-95.35553, 30.07723], [-95.35972, 30.0767], [-95.36214, 30.0784], [-95.36571, 30.07664], [-95.36666, 30.07765], [-95.36989, 30.0739], [-95.37294, 30.07403]]]}, "properties": {"geoid": "482012410003", "jobs_transit_45": null}}, {"type": "Feature", "geometry": {"type": "Polygon", "coordinates": [[[-95.81523, 30.0167], [-95.81523, 30.01629], [-95.8151, 29.99593], [-95.80936, 29.99519], [-95.80776, 29.92183], [-95.80724, 29.87493], [-95.77384, 29.87516], [-95.77427, 29.9048], [-95.77415, 29.91884], [-95.76507, 29.91897], [-95.74125, 29.91904], [-95.74115, 29.91873], [-95.7411, 29.91202], [-95.73237, 29.91211], [-95.73219, 29.89481], [-95.72833, 29.89441], [-95.71848, 29.89447], [-95.71839, 29.8969], [-95.71994, 29.90511], [-95.72508, 29.91066], [-95.72708, 29.92086], [-95.72993, 29.92528], [-95.73058, 29.93004], [-95.73017, 29.94223], [-95.72537, 29.94804], [-95.71776, 29.9481], [-95.71781, 29.95639], [-95.71783, 29.95878], [-95.72015, 29.96071], [-95.72046, 29.97941], [-95.72042, 29.97972], [-95.72007, 29.98045], [-95.73361, 29.98558], [-95.74717, 29.99077], [-95.77124, 29.99981], [-95.78197, 30.00433], [-95.78682, 30.00569], [-95.80396, 30.01218], [-95.80479, 30.01241], [-95.81523, 30.0167]]]}, "properties": {"geoid": "482015430011", "jobs_transit_45": null}}, {"type": "Feature", "geometry": {"type": "Polygon", "coordinates": [[[-95.28836, 29.7094], [-95.28825, 29.70644], [-95.28347, 29.70643], [-95.2834, 29.70329], [-95.28316, 29.70301], [-95.28179, 29.70137], [-95.28026, 29.7014], [-95.28066, 29.70153], [-95.28086, 29.70922], [-95.28354, 29.70945], [-95.28836, 29.7094]]]}, "properties": {"geoid": "482013115004", "jobs_transit_45": 158741}}, {"type": "Feature", "geometry": {"type": "Polygon", "coordinates": [[[-95.62539, 29.76401], [-95.62527, 29.75491], [-95.62354, 29.75445], [-95.62256, 29.75442], [-95.6136, 29.75453], [-95.61359, 29.75519], [-95.61329, 29.75615], [-95.6135, 29.75823], [-95.60619, 29.75809], [-95.6062, 29.76189], [-95.6117, 29.76058], [-95.61853, 29.76375], [-95.61922, 29.76515], [-95.61847, 29.76937], [-95.61891, 29.76997], [-95.62133, 29.77138], [-95.62474, 29.76643], [-95.62539, 29.76401]]]}, "properties": {"geoid": "482014515001", "jobs_transit_45": 316095}}, {"type": "Feature", "geometry": {"type": "Polygon", "coordinates": [[[-95.36745, 30.03374], [-95.36735, 30.03346], [-95.36625, 30.0316], [-95.36574, 30.03156], [-95.35962, 30.03605], [-95.35764, 30.03577], [-95.35034, 30.03108], [-95.34866, 30.02858], [-95.34768, 30.02814], [-95.34438, 30.0285], [-95.34234, 30.02826], [-95.34305, 30.02995], [-95.34001, 30.02963], [-95.34256, 30.03292], [-95.34071, 30.03427], [-95.34207, 30.03846], [-95.34622, 30.03743], [-95.3494, 30.04304], [-95.34983, 30.04338], [-95.35832, 30.03868], [-95.36745, 30.03374]]]}, "properties": {"geoid": "482012410001", "jobs_transit_45": null}}, {"type": "Feature", "geometry": {"type": "Polygon", "coordinates": [[[-95.0167, 29.8001], [-95.01664, 29.79394], [-95.00181, 29.79406], [-95.0029, 29.79072], [-95.00203, 29.78304], [-95.00216, 29.78224], [-94.98814, 29.77997], [-94.97533, 29.77751], [-94.97448, 29.77742], [-94.9641, 29.77767], [-94.96411, 29.77832], [-94.95629, 29.77958], [-94.94658, 29.7811], [-94.95568, 29.79233], [-94.95982, 29.79741], [-94.96209, 29.80808], [-94.96525, 29.80806], [-94.9661, 29.80793], [-94.96936, 29.80729], [-94.97958, 29.80511], [-95.0099, 29.80036], [-95.01191, 29.80017], [-95.0167, 29.8001]]]}, "properties": {"geoid": "482012532002", "jobs_transit_45": null}}, {"type": "Feature", "geometry": {"type": "Polygon", "coordinates": [[[-95.35931, 29.76727], [-95.35817, 29.76664], [-95.35861, 29.76484], [-95.35776, 29.76345], [-95.35382, 29.76205], [-95.35348, 29.76222], [-95.35353, 29.76559], [-95.35305, 29.76577], [-95.34953, 29.76544], [-95.34834, 29.7664], [-95.34768, 29.76652], [-95.34651, 29.76714], [-95.34117, 29.76965], [-95.35234, 29.76993], [-95.35931, 29.76727]]]}, "properties": {"geoid": "482012101001", "jobs_transit_45": 424039}}, {"type": "Feature", "geometry": {"type": "Polygon", "coordinates": [[[-95.36553, 29.77468], [-95.36673, 29.77394], [-95.36653, 29.77356], [-95.36526, 29.77139], [-95.36395, 29.76951], [-95.36129, 29.76766], [-95.36017, 29.7673], [-95.35931, 29.76727], [-95.35234, 29.76993], [-95.34117, 29.76965], [-95.34078, 29.77038], [-95.34046, 29.7717], [-95.34023, 29.7786], [-95.35136, 29.77837], [-95.35132, 29.77454], [-95.35459, 29.77438], [-95.35987, 29.77242], [-95.36162, 29.77611], [-95.36553, 29.77468]]]}, "properties": {"geoid": "482012123003", "jobs_transit_45": 337032}}, {"type": "Feature", "geometry": {"type": "Polygon", "coordinates": [[[-95.34651, 29.76714], [-95.34768, 29.76652], [-95.34661, 29.76263], [-95.34065, 29.76134], [-95.33793, 29.76222], [-95.33338, 29.76102], [-95.33257, 29.75836], [-95.33047, 29.75951], [-95.32887, 29.75984], [-95.32772, 29.76153], [-95.3275, 29.76635], [-95.32643, 29.76995], [-95.32642, 29.77291], [-95.33572, 29.76932], [-95.34117, 29.76965], [-95.34651, 29.76714]]]}, "properties": {"geoid": "482012114003", "jobs_transit_45": 275080}}, {"type": "Feature", "geometry": {"type": "Polygon", "coordinates": [[[-95.37095, 29.74932], [-95.37659, 29.74224], [-95.37705, 29.74166], [-95.36909, 29.73683], [-95.36269, 29.74487], [-95.3652, 29.74589], [-95.37095, 29.74932]]]}, "properties": {"geoid": "482013125001", "jobs_transit_45": 475547}}, {"type": "Feature", "geometry": {"type": "Polygon", "coordinates": [[[-95.3818, 29.75005], [-95.38329, 29.74817], [-95.38167, 29.74557], [-95.38154, 29.74553], [-95.3817, 29.74445], [-95.38133, 29.74424], [-95.37632, 29.7506], [-95.37203, 29.74801], [-95.37095, 29.74932], [-95.37274, 29.75036], [-95.37427, 29.75212], [-95.3745, 29.75288], [-95.37684, 29.75312], [-95.37839, 29.7512], [-95.3818, 29.75005]]]}, "properties": {"geoid": "482014106002", "jobs_transit_45": 591451}}, {"type": "Feature", "geometry": {"type": "Polygon", "coordinates": [[[-95.38966, 29.74538], [-95.38967, 29.74462], [-95.38939, 29.74454], [-95.38895, 29.74327], [-95.38895, 29.7424], [-95.38548, 29.74243], [-95.38546, 29.74066], [-95.38192, 29.74069], [-95.38193, 29.74301], [-95.38154, 29.74553], [-95.38966, 29.74538]]]}, "properties": {"geoid": "482014107014", "jobs_transit_45": 527709}}, {"type": "Feature", "geometry": {"type": "Polygon", "coordinates": [[[-95.3817, 29.74445], [-95.38193, 29.74006], [-95.38215, 29.73914], [-95.38223, 29.73891], [-95.38199, 29.73892], [-95.37999, 29.73796], [-95.37203, 29.74801], [-95.37632, 29.7506], [-95.38133, 29.74424], [-95.3817, 29.74445]]]}, "properties": {"geoid": "482014106001", "jobs_transit_45": 521409}}, {"type": "Feature", "geometry": {"type": "Polygon", "coordinates": [[[-95.37643, 29.78814], [-95.3764, 29.78369], [-95.37591, 29.78262], [-95.37539, 29.7819], [-95.37344, 29.78153], [-95.37248, 29.7804], [-95.37247, 29.77836], [-95.36812, 29.77709], [-95.36819, 29.77932], [-95.36905, 29.77932], [-95.3693, 29.78483], [-95.3713, 29.78777], [-95.37176, 29.78881], [-95.3719, 29.79], [-95.37276, 29.79064], [-95.3742, 29.79063], [-95.37419, 29.79013], [-95.37561, 29.78942], [-95.37498, 29.78816], [-95.37643, 29.78814]]]}, "properties": {"geoid": "482015103001", "jobs_transit_45": 429736}}, {"type": "Feature", "geometry": {"type": "Polygon", "coordinates": [[[-95.73775, 29.99722], [-95.74101, 29.98867], [-95.73361, 29.98558], [-95.71645, 29.97908], [-95.71745, 29.98154], [-95.72455, 29.99693], [-95.72465, 29.99751], [-95.72472, 30.00308], [-95.73624, 30.00321], [-95.73746, 30.00278], [-95.7378, 30.00237], [-95.73923, 30.00152], [-95.73881, 30.00108], [-95.73775, 29.99722]]]}, "properties": {"geoid": "482015557012", "jobs_transit_45": null}}, {"type": "Feature", "geometry": {"type": "Polygon", "coordinates": [[[-95.5611, 29.90636], [-95.56302, 29.90216], [-95.5606, 29.89983], [-95.56309, 29.89864], [-95.56351, 29.89677], [-95.56482, 29.89687], [-95.56554, 29.89588], [-95.56118, 29.89604], [-95.55365, 29.89617], [-95.54941, 29.89639], [-95.54948, 29.89815], [-95.54972, 29.89936], [-95.54996, 29.90013], [-95.55071, 29.90151], [-95.55178, 29.90281], [-95.55508, 29.9028], [-95.55611, 29.90296], [-95.55695, 29.90322], [-95.5611, 29.90636]]]}, "properties": {"geoid": "482015517021", "jobs_transit_45": null}}, {"type": "Feature", "geometry": {"type": "Polygon", "coordinates": [[[-95.57074, 29.90188], [-95.57046, 29.90033], [-95.56764, 29.89843], [-95.56775, 29.89558], [-95.56653, 29.89587], [-95.56554, 29.89588], [-95.56482, 29.89687], [-95.56351, 29.89677], [-95.56309, 29.89864], [-95.5606, 29.89983], [-95.56302, 29.90216], [-95.5611, 29.90636], [-95.5636, 29.90858], [-95.56447, 29.90908], [-95.56561, 29.90951], [-95.5668, 29.90972], [-95.56913, 29.90955], [-95.57056, 29.90914], [-95.57019, 29.90588], [-95.57058, 29.90232], [-95.57074, 29.90188]]]}, "properties": {"geoid": "482015517022", "jobs_transit_45": null}}, {"type": "Feature", "geometry": {"type": "Polygon", "coordinates": [[[-95.47662, 29.84945], [-95.47843, 29.8472], [-95.47709, 29.8471], [-95.47014, 29.84545], [-95.47207, 29.84889], [-95.47391, 29.84891], [-95.47564, 29.84912], [-95.47662, 29.84945]]]}, "properties": {"geoid": "482015321002", "jobs_transit_45": 157588}}, {"type": "Feature", "geometry": {"type": "Polygon", "coordinates": [[[-95.48298, 29.84949], [-95.48508, 29.85006], [-95.48499, 29.8404], [-95.48356, 29.84033], [-95.47974, 29.84037], [-95.47973, 29.84286], [-95.47475, 29.8429], [-95.4748, 29.84592], [-95.47843, 29.8472], [-95.47911, 29.8473], [-95.48102, 29.84811], [-95.48298, 29.84949]]]}, "properties": {"geoid": "482015321003", "jobs_transit_45": 132957}}, {"type": "Feature", "geometry": {"type": "Polygon", "coordinates": [[[-95.3719, 29.85184], [-95.37177, 29.84567], [-95.37085, 29.84572], [-95.3687, 29.84619], [-95.36092, 29.84628], [-95.35906, 29.8465], [-95.36034, 29.85176], [-95.361, 29.85192], [-95.36793, 29.85181], [-95.36884, 29.85187], [-95.3719, 29.85184]]]}, "properties": {"geoid": "482012213001", "jobs_transit_45": 123269}}, {"type": "Feature", "geometry": {"type": "Polygon", "coordinates": [[[-95.45926, 29.81409], [-95.45898, 29.81025], [-95.45208, 29.80378], [-95.45137, 29.8028], [-95.44909, 29.80154], [-95.44905, 29.8019], [-95.44802, 29.80345], [-95.44492, 29.8068], [-95.44089, 29.80888], [-95.44253, 29.8107], [-95.45005, 29.81056], [-95.4501, 29.81412], [-95.45926, 29.81409]]]}, "properties": {"geoid": "482015301003", "jobs_transit_45": 268901}}, {"type": "Feature", "geometry": {"type": "Polygon", "coordinates": [[[-95.78158, 30.02765], [-95.78237, 30.02732], [-95.78197, 30.00433], [-95.77124, 29.99981], [-95.74717, 29.99077], [-95.74101, 29.98867], [-95.73775, 29.99722], [-95.73881, 30.00108], [-95.74024, 30.00261], [-95.74345, 30.00677], [-95.74291, 30.01265], [-95.74306, 30.02052], [-95.74354, 30.02056], [-95.76832, 30.02032], [-95.76853, 30.02744], [-95.78158, 30.02765]]]}, "properties": {"geoid": "482015557021", "jobs_transit_45": null}}, {"type": "Feature", "geometry": {"type": "Polygon", "coordinates": [[[-95.73017, 29.94223], [-95.73058, 29.93004], [-95.72993, 29.92528], [-95.72708, 29.92086], [-95.72508, 29.91066], [-95.71994, 29.90511], [-95.71839, 29.8969], [-95.71842, 29.89447], [-95.69876, 29.89485], [-95.68912, 29.89567], [-95.68396, 29.89691], [-95.68599, 29.90785], [-95.6864, 29.92566], [-95.68624, 29.92642], [-95.6872, 29.9499], [-95.68536, 29.94992], [-95.68547, 29.95582], [-95.68938, 29.95686], [-95.69055, 29.95416], [-95.69362, 29.95199], [-95.6998, 29.95403], [-95.71393, 29.95632], [-95.71623, 29.95607], [-95.71781, 29.95659], [-95.71781, 29.95639], [-95.71776, 29.9481], [-95.72537, 29.94804], [-95.73017, 29.94223]]]}, "properties": {"geoid": "482015430021", "jobs_transit_45": null}}, {"type": "Feature", "geometry": {"type": "Polygon", "coordinates": [[[-95.40302, 29.84587], [-95.4029, 29.83562], [-95.39323, 29.8357], [-95.39252, 29.83542], [-95.39051, 29.83396], [-95.38988, 29.83378], [-95.38939, 29.83378], [-95.39013, 29.83433], [-95.39451, 29.83694], [-95.3962, 29.83825], [-95.39867, 29.84041], [-95.39982, 29.84525], [-95.40098, 29.84525], [-95.40302, 29.84587]]]}, "properties": {"geoid": "482015305001", "jobs_transit_45": 364506}}, {"type": "Feature", "geometry": {"type": "Polygon", "coordinates": [[[-95.45011, 29.81728], [-95.45005, 29.81056], [-95.44253, 29.8107], [-95.44528, 29.8168], [-95.44534, 29.81722], [-95.45011, 29.81728]]]}, "properties": {"geoid": "482015301004", "jobs_transit_45": 184083}}, {"type": "Feature", "geometry": {"type": "Polygon", "coordinates": [[[-95.45947, 29.82053], [-95.45946, 29.81963], [-95.456, 29.81912], [-95.45106, 29.81738], [-95.44534, 29.81722], [-95.44538, 29.81755], [-95.4497, 29.81836], [-95.45095, 29.81985], [-95.45372, 29.82058], [-95.45947, 29.82053]]]}, "properties": {"geoid": "482015313001", "jobs_transit_45": 112512}}, {"type": "Feature", "geometry": {"type": "Polygon", "coordinates": [[[-95.57756, 29.90937], [-95.57748, 29.89952], [-95.57353, 29.89966], [-95.5726, 29.89551], [-95.56775, 29.89558], [-95.56764, 29.89843], [-95.57046, 29.90033], [-95.57074, 29.90188], [-95.57058, 29.90232], [-95.57019, 29.90588], [-95.57056, 29.90914], [-95.5718, 29.90883], [-95.57323, 29.90872], [-95.5741, 29.90879], [-95.57756, 29.90937]]]}, "properties": {"geoid": "482015517015", "jobs_transit_45": null}}, {"type": "Feature", "geometry": {"type": "Polygon", "coordinates": [[[-95.58457, 29.90998], [-95.58451, 29.89769], [-95.58388, 29.89769], [-95.5833, 29.89754], [-95.58006, 29.8957], [-95.57786, 29.89542], [-95.5726, 29.89551], [-95.57353, 29.89966], [-95.57748, 29.89952], [-95.57756, 29.90937], [-95.58189, 29.90998], [-95.58457, 29.90998]]]}, "properties": {"geoid": "482015517016", "jobs_transit_45": null}}, {"type": "Feature", "geometry": {"type": "Polygon", "coordinates": [[[-95.57558, 29.9207], [-95.57602, 29.91997], [-95.57548, 29.91948], [-95.57345, 29.91571], [-95.5732, 29.91494], [-95.57317, 29.91418], [-95.57353, 29.91204], [-95.57361, 29.90874], [-95.57227, 29.90876], [-95.57056, 29.90914], [-95.57186, 29.91104], [-95.57154, 29.91179], [-95.57102, 29.92121], [-95.57389, 29.92071], [-95.57558, 29.9207]]]}, "properties": {"geoid": "482015517013", "jobs_transit_45": null}}, {"type": "Feature", "geometry": {"type": "Polygon", "coordinates": [[[-95.72221, 29.88518], [-95.72385, 29.87971], [-95.6833, 29.87995], [-95.68344, 29.89392], [-95.68396, 29.89691], [-95.68912, 29.89567], [-95.69876, 29.89485], [-95.71842, 29.89447], [-95.71834, 29.89055], [-95.71844, 29.8897], [-95.71968, 29.8873], [-95.72221, 29.88518]]]}, "properties": {"geoid": "482015430031", "jobs_transit_45": null}}, {"type": "Feature", "geometry": {"type": "Polygon", "coordinates": [[[-95.70597, 29.86512], [-95.7048, 29.86484], [-95.69333, 29.86482], [-95.6833, 29.86537], [-95.6833, 29.87995], [-95.70361, 29.87983], [-95.70356, 29.86993], [-95.70597, 29.86512]]]}, "properties": {"geoid": "482015421022", "jobs_transit_45": null}}, {"type": "Feature", "geometry": {"type": "Polygon", "coordinates": [[[-95.72385, 29.87971], [-95.72286, 29.87533], [-95.72047, 29.87101], [-95.7204, 29.86227], [-95.72029, 29.86136], [-95.71664, 29.862], [-95.71563, 29.86225], [-95.70909, 29.86502], [-95.70597, 29.86512], [-95.70356, 29.86993], [-95.70361, 29.87983], [-95.72385, 29.87971]]]}, "properties": {"geoid": "482015421021", "jobs_transit_45": null}}, {"type": "Feature", "geometry": {"type": "Polygon", "coordinates": [[[-95.18775, 29.80249], [-95.18744, 29.79741], [-95.18634, 29.79736], [-95.18012, 29.80492], [-95.17935, 29.80588], [-95.17922, 29.8062], [-95.18393, 29.80613], [-95.18633, 29.80574], [-95.18736, 29.80566], [-95.18737, 29.8025], [-95.18775, 29.80249]]]}, "properties": {"geoid": "482012329003", "jobs_transit_45": null}}, {"type": "Feature", "geometry": {"type": "Polygon", "coordinates": [[[-95.19332, 29.8105], [-95.19336, 29.80603], [-95.18844, 29.80571], [-95.18633, 29.80574], [-95.18393, 29.80613], [-95.18226, 29.80616], [-95.18246, 29.81771], [-95.18505, 29.81761], [-95.18493, 29.81305], [-95.18564, 29.81044], [-95.19332, 29.8105]]]}, "properties": {"geoid": "482012324021", "jobs_transit_45": null}}, {"type": "Feature", "geometry": {"type": "Polygon", "coordinates": [[[-95.16115, 29.80477], [-95.16077, 29.80381], [-95.16074, 29.80321], [-95.15866, 29.80222], [-95.15588, 29.80166], [-95.15554, 29.80104], [-95.15574, 29.80037], [-95.15649, 29.79995], [-95.15492, 29.79869], [-95.15431, 29.79858], [-95.14297, 29.79882], [-95.14305, 29.8016], [-95.14635, 29.8024], [-95.14643, 29.80565], [-95.15831, 29.8056], [-95.16115, 29.80477]]]}, "properties": {"geoid": "482012523023", "jobs_transit_45": null}}, {"type": "Feature", "geometry": {"type": "Polygon", "coordinates": [[[-95.1587, 29.80995], [-95.1587, 29.80949], [-95.15856, 29.80905], [-95.15702, 29.80819], [-95.15657, 29.80711], [-95.15715, 29.80676], [-95.15774, 29.80596], [-95.15831, 29.8056], [-95.14643, 29.80565], [-95.14635, 29.8024], [-95.14305, 29.8016], [-95.14297, 29.79882], [-95.14208, 29.79881], [-95.14056, 29.79286], [-95.14028, 29.78898], [-95.13682, 29.78902], [-95.13676, 29.7895], [-95.13652, 29.78982], [-95.124, 29.80192], [-95.12551, 29.8115], [-95.12717, 29.82051], [-95.12941, 29.82], [-95.14887, 29.81332], [-95.14963, 29.81303], [-95.15654, 29.8105], [-95.1587, 29.80995]]]}, "properties": {"geoid": "482012523021", "jobs_transit_45": null}}, {"type": "Feature", "geometry": {"type": "Polygon", "coordinates": [[[-95.14811, 29.95883], [-95.15071, 29.93533], [-95.14829, 29.93182], [-95.14506, 29.93486], [-95.13957, 29.94027], [-95.1413, 29.94291], [-95.13957, 29.94495], [-95.14402, 29.94447], [-95.14713, 29.94645], [-95.14701, 29.94882], [-95.14301, 29.94924], [-95.1427, 29.94804], [-95.10761, 29.9485], [-95.10441, 29.949], [-95.08787, 29.9492], [-95.07767, 29.94932], [-95.0751, 29.94296], [-95.06291, 29.94315], [-95.06346, 29.95697], [-95.06363, 29.9699], [-95.08669, 29.96962], [-95.09001, 29.98389], [-95.10264, 29.98371], [-95.10339, 29.98639], [-95.1096, 29.98626], [-95.1174, 29.98522], [-95.11737, 29.98424], [-95.12409, 29.98411], [-95.1272, 29.97992], [-95.13468, 29.97976], [-95.13761, 29.97283], [-95.14811, 29.95883]]]}, "properties": {"geoid": "482012519014", "jobs_transit_45": null}}, {"type": "Feature", "geometry": {"type": "Polygon", "coordinates": [[[-95.16083, 30.01041], [-95.15791, 30.00909], [-95.15407, 30.0036], [-95.15361, 30.0031], [-95.1424, 30.00937], [-95.13172, 30.01286], [-95.13291, 30.01692], [-95.13205, 30.02116], [-95.13677, 30.02182], [-95.1419, 30.02094], [-95.14335, 30.01309], [-95.14761, 30.01747], [-95.14929, 30.0183], [-95.15245, 30.01992], [-95.15503, 30.02014], [-95.1551, 30.02077], [-95.15657, 30.02047], [-95.15539, 30.01759], [-95.15779, 30.017], [-95.15606, 30.01344], [-95.15983, 30.0124], [-95.16083, 30.01041]]]}, "properties": {"geoid": "482012508002", "jobs_transit_45": null}}, {"type": "Feature", "geometry": {"type": "Polygon", "coordinates": [[[-95.92118, 30.0553], [-95.92128, 30.05407], [-95.9024, 30.00241], [-95.89222, 29.97564], [-95.88788, 29.96098], [-95.8671, 29.90371], [-95.85686, 29.87458], [-95.80724, 29.87493], [-95.80776, 29.92183], [-95.80936, 29.99519], [-95.8151, 29.99593], [-95.81523, 30.01607], [-95.81553, 30.01625], [-95.82235, 30.0188], [-95.82984, 30.02176], [-95.83209, 30.02229], [-95.85171, 30.02958], [-95.90859, 30.05096], [-95.92118, 30.0553]]]}, "properties": {"geoid": "482015431001", "jobs_transit_45": null}}, {"type": "Feature", "geometry": {"type": "Polygon", "coordinates": [[[-95.85686, 29.87458], [-95.8411, 29.83114], [-95.80676, 29.83135], [-95.80673, 29.81686], [-95.76116, 29.81717], [-95.76106, 29.802], [-95.75201, 29.8021], [-95.75261, 29.82113], [-95.75427, 29.82815], [-95.75432, 29.83167], [-95.75259, 29.83196], [-95.75343, 29.83355], [-95.75884, 29.83382], [-95.75926, 29.83348], [-95.76019, 29.83425], [-95.7596, 29.83493], [-95.75968, 29.83529], [-95.75961, 29.8357], [-95.75929, 29.83597], [-95.75933, 29.83686], [-95.75897, 29.83901], [-95.76286, 29.84135], [-95.76233, 29.8426], [-95.76304, 29.84314], [-95.76617, 29.84479], [-95.7674, 29.84506], [-95.77132, 29.8489], [-95.76899, 29.85181], [-95.76896, 29.85275], [-95.76746, 29.8541], [-95.76768, 29.85531], [-95.76979, 29.85679], [-95.77366, 29.85122], [-95.77384, 29.87516], [-95.85686, 29.87458]]]}, "properties": {"geoid": "482015429003", "jobs_transit_45": null}}, {"type": "Feature", "geometry": {"type": "Polygon", "coordinates": [[[-95.17498, 30.06623], [-95.16902, 30.06377], [-95.16689, 30.06187], [-95.15888, 30.06309], [-95.15766, 30.06417], [-95.15889, 30.06475], [-95.16194, 30.06542], [-95.16557, 30.06854], [-95.16734, 30.06705], [-95.17083, 30.06907], [-95.17498, 30.06623]]]}, "properties": {"geoid": "482012515023", "jobs_transit_45": null}}, {"type": "Feature", "geometry": {"type": "Polygon", "coordinates": [[[-95.15574, 30.08316], [-95.15572, 30.08271], [-95.15354, 30.07954], [-95.1555, 30.07393], [-95.15419, 30.0725], [-95.15239, 30.07149], [-95.14703, 30.07189], [-95.14121, 30.06142], [-95.13851, 30.05932], [-95.13231, 30.05272], [-95.12291, 30.04362], [-95.12434, 30.04103], [-95.11951, 30.04391], [-95.11845, 30.04676], [-95.11157, 30.04746], [-95.10767, 30.04866], [-95.10324, 30.05206], [-95.09979, 30.05596], [-95.10296, 30.05504], [-95.10639, 30.05836], [-95.11075, 30.06771], [-95.11116, 30.06986], [-95.11085, 30.10149], [-95.11043, 30.14059], [-95.11157, 30.14345], [-95.11701, 30.1456], [-95.12361, 30.14536], [-95.12448, 30.14451], [-95.12456, 30.13898], [-95.12771, 30.13638], [-95.12853, 30.12914], [-95.13075, 30.12706], [-95.13126, 30.12404], [-95.13377, 30.12031], [-95.13761, 30.11772], [-95.13787, 30.11368], [-95.14143, 30.11245], [-95.14477, 30.10926], [-95.14804, 30.10775], [-95.15116, 30.1079], [-95.15111, 30.10675], [-95.14954, 30.10081], [-95.15067, 30.09955], [-95.14786, 30.09369], [-95.15054, 30.08967], [-95.14913, 30.0865], [-95.15295, 30.08556], [-95.15574, 30.08316]]]}, "properties": {"geoid": "482012516002", "jobs_transit_45": null}}, {"type": "Feature", "geometry": {"type": "Polygon", "coordinates": [[[-95.21699, 29.95198], [-95.21853, 29.95115], [-95.21624, 29.9342], [-95.21228, 29.93425], [-95.2092, 29.93361], [-95.20778, 29.93291], [-95.20639, 29.93192], [-95.15939, 29.97747], [-95.15353, 29.98209], [-95.14814, 29.98364], [-95.14082, 29.98424], [-95.13558, 29.98577], [-95.13155, 29.98767], [-95.13174, 29.98851], [-95.13733, 29.99159], [-95.14389, 29.99094], [-95.14807, 29.9895], [-95.14892, 29.98965], [-95.1513, 29.99176], [-95.15263, 29.99413], [-95.15505, 29.99467], [-95.15696, 29.99396], [-95.16166, 29.98875], [-95.16166, 29.98371], [-95.1632, 29.98127], [-95.16897, 29.98272], [-95.17685, 29.98087], [-95.17992, 29.97918], [-95.19009, 29.97887], [-95.19366, 29.97936], [-95.19581, 29.97934], [-95.19635, 29.97686], [-95.19979, 29.9709], [-95.2025, 29.96791], [-95.20293, 29.96537], [-95.20547, 29.96452], [-95.20669, 29.9621], [-95.21062, 29.96012], [-95.21139, 29.95669], [-95.21465, 29.95593], [-95.21699, 29.95198]]]}, "properties": {"geoid": "482012504021", "jobs_transit_45": null}}, {"type": "Feature", "geometry": {"type": "Polygon", "coordinates": [[[-95.68833, 29.80033], [-95.68827, 29.79149], [-95.68776, 29.79148], [-95.68718, 29.79136], [-95.67824, 29.79171], [-95.67336, 29.79172], [-95.67159, 29.79208], [-95.66291, 29.79186], [-95.64491, 29.79209], [-95.64503, 29.79628], [-95.64981, 29.79415], [-95.65192, 29.79564], [-95.65382, 29.794], [-95.66119, 29.79702], [-95.66664, 29.80356], [-95.67131, 29.80343], [-95.67471, 29.80592], [-95.67742, 29.80587], [-95.68332, 29.80373], [-95.68623, 29.80358], [-95.68779, 29.80316], [-95.68824, 29.8017], [-95.68833, 29.80033]]]}, "properties": {"geoid": "482015417001", "jobs_transit_45": null}}, {"type": "Feature", "geometry": {"type": "Polygon", "coordinates": [[[-95.68779, 29.80316], [-95.68623, 29.80358], [-95.68332, 29.80373], [-95.67742, 29.80587], [-95.67471, 29.80592], [-95.67131, 29.80343], [-95.66664, 29.80356], [-95.66119, 29.79702], [-95.65382, 29.794], [-95.65192, 29.79564], [-95.64981, 29.79415], [-95.64503, 29.79628], [-95.6452, 29.81064], [-95.64551, 29.81946], [-95.64563, 29.836], [-95.65018, 29.836], [-95.65125, 29.83593], [-95.65531, 29.83486], [-95.65925, 29.83226], [-95.65994, 29.8318], [-95.66107, 29.83133], [-95.66227, 29.83108], [-95.6628, 29.83102], [-95.68486, 29.83111], [-95.68663, 29.8274], [-95.68664, 29.81291], [-95.6871, 29.81107], [-95.6872, 29.80483], [-95.68779, 29.80316]]]}, "properties": {"geoid": "482015417002", "jobs_transit_45": null}}, {"type": "Feature", "geometry": {"type": "Polygon", "coordinates": [[[-95.40305, 29.90969], [-95.40048, 29.90256], [-95.39335, 29.9027], [-95.39139, 29.90217], [-95.39097, 29.9021], [-95.39105, 29.90978], [-95.40305, 29.90969]]]}, "properties": {"geoid": "482012224022", "jobs_transit_45": 151523}}, {"type": "Feature", "geometry": {"type": "Polygon", "coordinates": [[[-95.14425, 29.55957], [-95.14313, 29.55813], [-95.13881, 29.55291], [-95.13732, 29.55397], [-95.13494, 29.55195], [-95.13363, 29.55438], [-95.14067, 29.56189], [-95.14425, 29.55957]]]}, "properties": {"geoid": "482013410003", "jobs_transit_45": null}}, {"type": "Feature", "geometry": {"type": "Polygon", "coordinates": [[[-95.15224, 29.71586], [-95.15337, 29.71209], [-95.14916, 29.71196], [-95.13508, 29.71143], [-95.13044, 29.71161], [-95.11795, 29.71133], [-95.11614, 29.71119], [-95.11374, 29.71074], [-95.09294, 29.70467], [-95.07611, 29.69945], [-95.04698, 29.69074], [-95.04694, 29.68989], [-95.01963, 29.68163], [-95.01958, 29.67969], [-95.01943, 29.67326], [-95.01735, 29.67331], [-95.01715, 29.66801], [-95.01461, 29.66773], [-95.00946, 29.65939], [-95.00523, 29.66423], [-95.00256, 29.66248], [-95.00165, 29.66439], [-94.99034, 29.67171], [-94.97885, 29.67674], [-94.98171, 29.68194], [-94.98996, 29.69186], [-94.99661, 29.69664], [-94.99936, 29.69866], [-95.00347, 29.70012], [-95.01213, 29.7013], [-95.01715, 29.70322], [-95.02045, 29.70916], [-95.021, 29.72254], [-95.02339, 29.72641], [-95.02831, 29.72945], [-95.03367, 29.73033], [-95.03536, 29.73026], [-95.04185, 29.73075], [-95.04834, 29.73262], [-95.05915, 29.73951], [-95.06595, 29.75301], [-95.06925, 29.75758], [-95.07948, 29.76371], [-95.08269, 29.76414], [-95.08751, 29.76293], [-95.09246, 29.75694], [-95.09402, 29.75285], [-95.09955, 29.74886], [-95.10462, 29.74311], [-95.10886, 29.74049], [-95.11528, 29.73957], [-95.12279, 29.73503], [-95.12804, 29.73489], [-95.13119, 29.73379], [-95.14393, 29.73583], [-95.14607, 29.7361], [-95.14815, 29.7209], [-95.15224, 29.71586]]]}, "properties": {"geoid": "482013436001", "jobs_transit_45": null}}, {"type": "Feature", "geometry": {"type": "Polygon", "coordinates": [[[-95.19703, 29.77154], [-95.19569, 29.76975], [-95.19142, 29.77012], [-95.18881, 29.76738], [-95.1882, 29.76443], [-95.1915, 29.76039], [-95.19058, 29.75817], [-95.18705, 29.76064], [-95.18204, 29.7602], [-95.17592, 29.75333], [-95.16545, 29.75178], [-95.17029, 29.74673], [-95.15612, 29.73873], [-95.15191, 29.73688], [-95.14393, 29.73583], [-95.13119, 29.73379], [-95.12804, 29.73489], [-95.12279, 29.73503], [-95.11528, 29.73957], [-95.10886, 29.74049], [-95.10462, 29.74311], [-95.09955, 29.74886], [-95.09402, 29.75285], [-95.09246, 29.75694], [-95.08751, 29.76293], [-95.09101, 29.76523], [-95.09691, 29.76333], [-95.10004, 29.76632], [-95.10128, 29.77051], [-95.10356, 29.77048], [-95.10358, 29.76736], [-95.10378, 29.76737], [-95.12112, 29.77122], [-95.12437, 29.77196], [-95.12452, 29.7782], [-95.15112, 29.77172], [-95.15413, 29.77119], [-95.17375, 29.77084], [-95.18227, 29.77062], [-95.18827, 29.77088], [-95.19703, 29.77154]]]}, "properties": {"geoid": "482012525001", "jobs_transit_45": null}}, {"type": "Feature", "geometry": {"type": "Polygon", "coordinates": [[[-95.4764, 29.72605], [-95.47652, 29.72446], [-95.47406, 29.72467], [-95.47421, 29.72206], [-95.47231, 29.72209], [-95.47222, 29.71657], [-95.46806, 29.7166], [-95.4681, 29.72022], [-95.46396, 29.72026], [-95.46404, 29.72553], [-95.4604, 29.72582], [-95.46044, 29.72896], [-95.46667, 29.72669], [-95.46775, 29.72647], [-95.47099, 29.72617], [-95.4733, 29.72607], [-95.4764, 29.72605]]]}, "properties": {"geoid": "482014211011", "jobs_transit_45": 426699}}, {"type": "Feature", "geometry": {"type": "Polygon", "coordinates": [[[-95.50091, 29.73754], [-95.50108, 29.7349], [-95.49797, 29.73289], [-95.49546, 29.73293], [-95.49562, 29.73758], [-95.50091, 29.73754]]]}, "properties": {"geoid": "482014320022", "jobs_transit_45": 280024}}, {"type": "Feature", "geometry": {"type": "Polygon", "coordinates": [[[-95.50096, 29.74403], [-95.50091, 29.73754], [-95.49635, 29.73756], [-95.49635, 29.73804], [-95.49666, 29.73872], [-95.49667, 29.74243], [-95.4976, 29.74243], [-95.49762, 29.74382], [-95.50096, 29.74403]]]}, "properties": {"geoid": "482014313011", "jobs_transit_45": 283668}}, {"type": "Feature", "geometry": {"type": "Polygon", "coordinates": [[[-95.50108, 29.7349], [-95.50119, 29.73167], [-95.48979, 29.7318], [-95.48982, 29.733], [-95.49526, 29.73293], [-95.49374, 29.73463], [-95.49512, 29.7376], [-95.49562, 29.73758], [-95.49546, 29.73293], [-95.49797, 29.73289], [-95.50108, 29.7349]]]}, "properties": {"geoid": "482014320021", "jobs_transit_45": 281317}}, {"type": "Feature", "geometry": {"type": "Polygon", "coordinates": [[[-95.42694, 29.69583], [-95.42673, 29.69533], [-95.42368, 29.69641], [-95.42286, 29.69123], [-95.42424, 29.68935], [-95.42034, 29.68704], [-95.41797, 29.69006], [-95.41649, 29.69175], [-95.41213, 29.69732], [-95.41355, 29.69767], [-95.41449, 29.69782], [-95.41723, 29.69774], [-95.41965, 29.69591], [-95.42498, 29.69694], [-95.42694, 29.69583]]]}, "properties": {"geoid": "482014133001", "jobs_transit_45": 341142}}, {"type": "Feature", "geometry": {"type": "Polygon", "coordinates": [[[-95.50111, 29.75049], [-95.50096, 29.74403], [-95.49762, 29.74382], [-95.49732, 29.7501], [-95.49911, 29.75046], [-95.50111, 29.75049]]]}, "properties": {"geoid": "482014313012", "jobs_transit_45": 202947}}, {"type": "Feature", "geometry": {"type": "Polygon", "coordinates": [[[-95.49732, 29.7501], [-95.4976, 29.74243], [-95.49667, 29.74243], [-95.49666, 29.73872], [-95.49635, 29.73804], [-95.49635, 29.73756], [-95.49512, 29.7376], [-95.49547, 29.74011], [-95.49546, 29.74994], [-95.49649, 29.74996], [-95.49732, 29.7501]]]}, "properties": {"geoid": "482014313013", "jobs_transit_45": 239956}}, {"type": "Feature", "geometry": {"type": "Polygon", "coordinates": [[[-95.50107, 29.74927], [-95.5026, 29.7494], [-95.5031, 29.74934], [-95.50525, 29.74586], [-95.50519, 29.74349], [-95.50096, 29.74403], [-95.50107, 29.74927]]]}, "properties": {"geoid": "482014312023", "jobs_transit_45": 207671}}, {"type": "Feature", "geometry": {"type": "Polygon", "coordinates": [[[-95.53663, 29.67628], [-95.53661, 29.67572], [-95.53401, 29.67323], [-95.53319, 29.67257], [-95.53163, 29.67317], [-95.5298, 29.67337], [-95.53027, 29.67383], [-95.53053, 29.67642], [-95.53606, 29.67623], [-95.53663, 29.67628]]]}, "properties": {"geoid": "482014231002", "jobs_transit_45": 150326}}, {"type": "Feature", "geometry": {"type": "Polygon", "coordinates": [[[-95.53675, 29.67039], [-95.53667, 29.67008], [-95.53661, 29.66603], [-95.53416, 29.66602], [-95.53236, 29.66562], [-95.53228, 29.66619], [-95.5323, 29.66724], [-95.53266, 29.66895], [-95.53183, 29.67178], [-95.53044, 29.67142], [-95.52818, 29.67134], [-95.5282, 29.67273], [-95.52943, 29.67316], [-95.5298, 29.67337], [-95.53163, 29.67317], [-95.53486, 29.67198], [-95.53675, 29.67039]]]}, "properties": {"geoid": "482014232023", "jobs_transit_45": 134339}}, {"type": "Feature", "geometry": {"type": "Polygon", "coordinates": [[[-95.46187, 29.67076], [-95.45553, 29.67303], [-95.45375, 29.67317], [-95.44669, 29.67323], [-95.44684, 29.67947], [-95.45331, 29.67932], [-95.45817, 29.68126], [-95.45906, 29.6814], [-95.45958, 29.67665], [-95.46187, 29.67076]]]}, "properties": {"geoid": "482014203001", "jobs_transit_45": 451952}}, {"type": "Feature", "geometry": {"type": "Polygon", "coordinates": [[[-95.45817, 29.68126], [-95.45331, 29.67932], [-95.44617, 29.67948], [-95.44615, 29.68476], [-95.44184, 29.6857], [-95.43999, 29.68479], [-95.44008, 29.69064], [-95.44257, 29.69075], [-95.44611, 29.68757], [-95.44679, 29.68733], [-95.44805, 29.6872], [-95.45509, 29.68157], [-95.4571, 29.68114], [-95.45817, 29.68126]]]}, "properties": {"geoid": "482014129002", "jobs_transit_45": 185742}}, {"type": "Feature", "geometry": {"type": "Polygon", "coordinates": [[[-95.5083, 29.64424], [-95.50828, 29.64124], [-95.50718, 29.64125], [-95.50673, 29.64105], [-95.50674, 29.64128], [-95.50566, 29.64128], [-95.50564, 29.63856], [-95.50314, 29.63858], [-95.50316, 29.64433], [-95.5083, 29.64424]]]}, "properties": {"geoid": "482014222003", "jobs_transit_45": 133064}}, {"type": "Feature", "geometry": {"type": "Polygon", "coordinates": [[[-95.50838, 29.65153], [-95.50835, 29.64863], [-95.50553, 29.6486], [-95.50546, 29.64429], [-95.50316, 29.64433], [-95.50324, 29.65045], [-95.50838, 29.65153]]]}, "properties": {"geoid": "482014223013", "jobs_transit_45": 117594}}, {"type": "Feature", "geometry": {"type": "Polygon", "coordinates": [[[-95.5697, 29.98596], [-95.57009, 29.98577], [-95.5673, 29.98167], [-95.56286, 29.97358], [-95.56, 29.97015], [-95.55622, 29.96748], [-95.55656, 29.98952], [-95.5574, 29.99172], [-95.55822, 29.99171], [-95.55835, 29.99109], [-95.56032, 29.9905], [-95.56054, 29.98993], [-95.55963, 29.98645], [-95.56134, 29.98621], [-95.56485, 29.985], [-95.56533, 29.98461], [-95.5697, 29.98596]]]}, "properties": {"geoid": "482015527001", "jobs_transit_45": null}}, {"type": "Feature", "geometry": {"type": "Polygon", "coordinates": [[[-95.53831, 29.99111], [-95.53768, 29.99032], [-95.53298, 29.98417], [-95.53143, 29.98189], [-95.53023, 29.98247], [-95.52403, 29.98468], [-95.52166, 29.98595], [-95.52082, 29.98673], [-95.51984, 29.98727], [-95.52062, 29.98833], [-95.52356, 29.99036], [-95.52763, 29.99506], [-95.53064, 29.99808], [-95.53211, 29.99447], [-95.53489, 29.9933], [-95.53635, 29.99292], [-95.53831, 29.99111]]]}, "properties": {"geoid": "482015528001", "jobs_transit_45": null}}, {"type": "Feature", "geometry": {"type": "Polygon", "coordinates": [[[-95.53023, 29.98247], [-95.53143, 29.98189], [-95.53103, 29.98125], [-95.52514, 29.97312], [-95.51314, 29.97975], [-95.51418, 29.98104], [-95.5161, 29.98245], [-95.51675, 29.98307], [-95.51984, 29.98727], [-95.52082, 29.98673], [-95.52166, 29.98595], [-95.52403, 29.98468], [-95.53023, 29.98247]]]}, "properties": {"geoid": "482015528002", "jobs_transit_45": 128869}}, {"type": "Feature", "geometry": {"type": "Polygon", "coordinates": [[[-95.52471, 29.87708], [-95.52472, 29.87383], [-95.52454, 29.86556], [-95.5228, 29.8655], [-95.50019, 29.86567], [-95.50174, 29.86706], [-95.50184, 29.87271], [-95.49885, 29.87577], [-95.4944, 29.8756], [-95.49446, 29.87665], [-95.49849, 29.87664], [-95.49972, 29.87615], [-95.50046, 29.87431], [-95.50153, 29.87337], [-95.50203, 29.87334], [-95.50776, 29.8742], [-95.51323, 29.87489], [-95.51365, 29.8766], [-95.5155, 29.87621], [-95.51609, 29.87606], [-95.519, 29.87571], [-95.52349, 29.87571], [-95.52404, 29.87679], [-95.52471, 29.87708]]]}, "properties": {"geoid": "482015324003", "jobs_transit_45": null}}, {"type": "Feature", "geometry": {"type": "Polygon", "coordinates": [[[-95.5044, 29.88575], [-95.5019, 29.88414], [-95.50179, 29.88137], [-95.49857, 29.87848], [-95.49849, 29.87664], [-95.49446, 29.87665], [-95.49447, 29.88603], [-95.50328, 29.88577], [-95.50331, 29.88592], [-95.5044, 29.88575]]]}, "properties": {"geoid": "482015325021", "jobs_transit_45": null}}, {"type": "Feature", "geometry": {"type": "Polygon", "coordinates": [[[-95.52484, 29.88513], [-95.5247, 29.88121], [-95.52471, 29.87708], [-95.52404, 29.87679], [-95.52349, 29.87571], [-95.519, 29.87571], [-95.51609, 29.87606], [-95.5155, 29.87621], [-95.51365, 29.8766], [-95.51332, 29.87621], [-95.51311, 29.88228], [-95.51327, 29.88244], [-95.51372, 29.88252], [-95.52009, 29.88269], [-95.52053, 29.88518], [-95.52484, 29.88513]]]}, "properties": {"geoid": "482015325012", "jobs_transit_45": null}}, {"type": "Feature", "geometry": {"type": "Polygon", "coordinates": [[[-95.5041, 29.89917], [-95.50333, 29.89034], [-95.50328, 29.88577], [-95.49447, 29.88603], [-95.49442, 29.88933], [-95.4947, 29.8914], [-95.4956, 29.89358], [-95.49569, 29.89969], [-95.5041, 29.89917]]]}, "properties": {"geoid": "482015325022", "jobs_transit_45": null}}, {"type": "Feature", "geometry": {"type": "Polygon", "coordinates": [[[-95.65112, 29.89751], [-95.6513, 29.89606], [-95.64868, 29.89541], [-95.6461, 29.89339], [-95.64433, 29.89232], [-95.64251, 29.89169], [-95.64132, 29.8911], [-95.63412, 29.90229], [-95.64182, 29.90266], [-95.64268, 29.90295], [-95.64356, 29.90339], [-95.64423, 29.90385], [-95.64608, 29.90254], [-95.64945, 29.90106], [-95.65112, 29.89751]]]}, "properties": {"geoid": "482015411001", "jobs_transit_45": null}}, {"type": "Feature", "geometry": {"type": "Polygon", "coordinates": [[[-95.51583, 29.99999], [-95.51829, 29.99864], [-95.51781, 29.99637], [-95.51247, 29.98918], [-95.51023, 29.99069], [-95.51186, 29.99319], [-95.51238, 29.99522], [-95.51583, 29.99999]]]}, "properties": {"geoid": "482015529002", "jobs_transit_45": null}}, {"type": "Feature", "geometry": {"type": "Polygon", "coordinates": [[[-95.49231, 29.88471], [-95.48162, 29.86577], [-95.48038, 29.86566], [-95.48052, 29.87434], [-95.48504, 29.87886], [-95.48514, 29.87935], [-95.48529, 29.88477], [-95.49231, 29.88471]]]}, "properties": {"geoid": "482015327002", "jobs_transit_45": null}}, {"type": "Feature", "geometry": {"type": "Polygon", "coordinates": [[[-95.48038, 29.86566], [-95.47982, 29.86513], [-95.47919, 29.86406], [-95.4776, 29.86328], [-95.46684, 29.86333], [-95.4668, 29.866], [-95.46862, 29.8673], [-95.4692, 29.86798], [-95.47027, 29.87005], [-95.47047, 29.87065], [-95.47024, 29.87167], [-95.46613, 29.8754], [-95.46897, 29.87964], [-95.46765, 29.8833], [-95.46938, 29.88334], [-95.47391, 29.88431], [-95.474, 29.87415], [-95.4728, 29.86689], [-95.47566, 29.86577], [-95.48038, 29.86566]]]}, "properties": {"geoid": "482015328001", "jobs_transit_45": 132865}}, {"type": "Feature", "geometry": {"type": "Polygon", "coordinates": [[[-95.47574, 29.89018], [-95.47655, 29.88924], [-95.47578, 29.88867], [-95.47455, 29.88715], [-95.47391, 29.88431], [-95.46938, 29.88334], [-95.47058, 29.89049], [-95.46814, 29.89239], [-95.47574, 29.89018]]]}, "properties": {"geoid": "482015329002", "jobs_transit_45": 67787}}, {"type": "Feature", "geometry": {"type": "Polygon", "coordinates": [[[-95.46859, 29.89908], [-95.46905, 29.89727], [-95.46857, 29.89469], [-95.46844, 29.89466], [-95.46773, 29.89408], [-95.46736, 29.89356], [-95.46725, 29.89314], [-95.46736, 29.89241], [-95.46775, 29.89172], [-95.4669, 29.88723], [-95.46765, 29.8833], [-95.46442, 29.88298], [-95.45643, 29.88303], [-95.45438, 29.88336], [-95.45179, 29.88414], [-95.45067, 29.8847], [-95.45588, 29.88999], [-95.45854, 29.89211], [-95.46474, 29.89874], [-95.46734, 29.89878], [-95.46799, 29.89886], [-95.46859, 29.89908]]]}, "properties": {"geoid": "482015330001", "jobs_transit_45": 99745}}, {"type": "Feature", "geometry": {"type": "Polygon", "coordinates": [[[-95.46186, 29.88299], [-95.45842, 29.88114], [-95.45469, 29.88113], [-95.45284, 29.87806], [-95.45283, 29.87066], [-95.43663, 29.87077], [-95.44035, 29.87424], [-95.44604, 29.87992], [-95.45067, 29.8847], [-95.45179, 29.88414], [-95.45438, 29.88336], [-95.45643, 29.88303], [-95.46186, 29.88299]]]}, "properties": {"geoid": "482015331002", "jobs_transit_45": 232526}}, {"type": "Feature", "geometry": {"type": "Polygon", "coordinates": [[[-95.45484, 29.94829], [-95.45502, 29.94618], [-95.45491, 29.93755], [-95.45107, 29.93774], [-95.45069, 29.93815], [-95.44166, 29.94331], [-95.43625, 29.94542], [-95.43455, 29.94591], [-95.43417, 29.94613], [-95.43616, 29.94611], [-95.43627, 29.95073], [-95.43655, 29.95076], [-95.43801, 29.95067], [-95.44631, 29.95063], [-95.45192, 29.95047], [-95.45174, 29.94942], [-95.45456, 29.94945], [-95.45484, 29.94829]]]}, "properties": {"geoid": "482015505002", "jobs_transit_45": 186184}}, {"type": "Feature", "geometry": {"type": "Polygon", "coordinates": [[[-95.51583, 29.99999], [-95.51238, 29.99522], [-95.51186, 29.99319], [-95.50881, 29.98875], [-95.50784, 29.98772], [-95.5052, 29.98407], [-95.50257, 29.98559], [-95.49835, 29.98787], [-95.5096, 30.00343], [-95.51583, 29.99999]]]}, "properties": {"geoid": "482015529003", "jobs_transit_45": 140771}}, {"type": "Feature", "geometry": {"type": "Polygon", "coordinates": [[[-95.51581, 29.9937], [-95.5167, 29.99319], [-95.5168, 29.99313], [-95.51486, 29.99049], [-95.51572, 29.98808], [-95.51604, 29.9859], [-95.51521, 29.98253], [-95.51577, 29.9822], [-95.51418, 29.98104], [-95.51314, 29.97975], [-95.50559, 29.98392], [-95.5052, 29.98407], [-95.50784, 29.98772], [-95.50881, 29.98875], [-95.51023, 29.99069], [-95.51247, 29.98918], [-95.51581, 29.9937]]]}, "properties": {"geoid": "482015529004", "jobs_transit_45": 140851}}, {"type": "Feature", "geometry": {"type": "Polygon", "coordinates": [[[-95.46965, 29.96463], [-95.48032, 29.96433], [-95.4805, 29.96432], [-95.47562, 29.95796], [-95.47333, 29.96036], [-95.4696, 29.96189], [-95.46965, 29.96463]]]}, "properties": {"geoid": "482015506032", "jobs_transit_45": 107485}}, {"type": "Feature", "geometry": {"type": "Polygon", "coordinates": [[[-95.46503, 29.96465], [-95.4648, 29.95601], [-95.45709, 29.95521], [-95.45418, 29.95756], [-95.45206, 29.95561], [-95.45185, 29.95552], [-95.4515, 29.9555], [-95.45157, 29.95951], [-95.45367, 29.96493], [-95.4646, 29.96476], [-95.46497, 29.96475], [-95.46503, 29.96465]]]}, "properties": {"geoid": "482015506012", "jobs_transit_45": null}}, {"type": "Feature", "geometry": {"type": "Polygon", "coordinates": [[[-95.4648, 29.95601], [-95.46468, 29.94953], [-95.45456, 29.94945], [-95.45249, 29.95243], [-95.45171, 29.95399], [-95.45153, 29.95491], [-95.4515, 29.9555], [-95.45185, 29.95552], [-95.45206, 29.95561], [-95.45418, 29.95756], [-95.45709, 29.95521], [-95.4648, 29.95601]]]}, "properties": {"geoid": "482015506011", "jobs_transit_45": null}}, {"type": "Feature", "geometry": {"type": "Polygon", "coordinates": [[[-95.52142, 29.99691], [-95.52667, 29.99399], [-95.52356, 29.99036], [-95.52062, 29.98833], [-95.51704, 29.98342], [-95.51653, 29.98283], [-95.51577, 29.9822], [-95.51521, 29.98253], [-95.51604, 29.9859], [-95.51572, 29.98808], [-95.51486, 29.99049], [-95.5168, 29.99313], [-95.5176, 29.9927], [-95.52142, 29.99691]]]}, "properties": {"geoid": "482015529005", "jobs_transit_45": null}}, {"type": "Feature", "geometry": {"type": "Polygon", "coordinates": [[[-95.50649, 29.99911], [-95.49835, 29.98787], [-95.48743, 29.9939], [-95.4895, 29.99779], [-95.48999, 29.99875], [-95.49278, 30.00256], [-95.49347, 30.00303], [-95.49387, 30.0032], [-95.4948, 30.00333], [-95.49685, 30.00315], [-95.50095, 30.00095], [-95.50333, 30.0008], [-95.50649, 29.99911]]]}, "properties": {"geoid": "482015530013", "jobs_transit_45": 141827}}, {"type": "Feature", "geometry": {"type": "Polygon", "coordinates": [[[-95.51204, 30.0067], [-95.50649, 29.99911], [-95.50333, 30.0008], [-95.50095, 30.00095], [-95.49685, 30.00315], [-95.49467, 30.00333], [-95.49359, 30.00527], [-95.49534, 30.00771], [-95.49178, 30.01055], [-95.49202, 30.0118], [-95.49376, 30.01321], [-95.49488, 30.01549], [-95.49538, 30.01581], [-95.4959, 30.01504], [-95.49637, 30.01364], [-95.49732, 30.01247], [-95.49914, 30.01151], [-95.50124, 30.0116], [-95.5015, 30.00869], [-95.50347, 30.00934], [-95.51092, 30.00928], [-95.51204, 30.0067]]]}, "properties": {"geoid": "482015530011", "jobs_transit_45": null}}, {"type": "Feature", "geometry": {"type": "Polygon", "coordinates": [[[-95.42126, 29.87458], [-95.42074, 29.87352], [-95.42067, 29.87006], [-95.41919, 29.86684], [-95.41146, 29.86964], [-95.40793, 29.86987], [-95.41024, 29.8736], [-95.4175, 29.88288], [-95.42079, 29.8824], [-95.42071, 29.87592], [-95.42085, 29.87538], [-95.42126, 29.87458]]]}, "properties": {"geoid": "482015333002", "jobs_transit_45": 222547}}, {"type": "Feature", "geometry": {"type": "Polygon", "coordinates": [[[-95.42981, 29.87917], [-95.42965, 29.87096], [-95.4207, 29.871], [-95.42074, 29.87352], [-95.42126, 29.87458], [-95.42072, 29.87577], [-95.42073, 29.87789], [-95.42133, 29.87795], [-95.4282, 29.8779], [-95.42981, 29.87917]]]}, "properties": {"geoid": "482015333004", "jobs_transit_45": 119995}}, {"type": "Feature", "geometry": {"type": "Polygon", "coordinates": [[[-95.44019, 29.88476], [-95.45018, 29.88444], [-95.45037, 29.88438], [-95.44604, 29.87992], [-95.44035, 29.87424], [-95.43436, 29.86866], [-95.43186, 29.8667], [-95.42946, 29.86467], [-95.42956, 29.86602], [-95.42999, 29.88564], [-95.4402, 29.88529], [-95.44019, 29.88476]]]}, "properties": {"geoid": "482015334001", "jobs_transit_45": 112481}}, {"type": "Feature", "geometry": {"type": "Polygon", "coordinates": [[[-95.44035, 29.8886], [-95.4401, 29.8864], [-95.43874, 29.88535], [-95.43113, 29.8856], [-95.43115, 29.88627], [-95.43156, 29.88626], [-95.43164, 29.88632], [-95.43171, 29.89264], [-95.43896, 29.89254], [-95.43879, 29.88861], [-95.44035, 29.8886]]]}, "properties": {"geoid": "482015334003", "jobs_transit_45": null}}, {"type": "Feature", "geometry": {"type": "Polygon", "coordinates": [[[-95.45502, 29.94594], [-95.46626, 29.94584], [-95.4664, 29.94582], [-95.46, 29.93753], [-95.45491, 29.93755], [-95.45502, 29.94594]]]}, "properties": {"geoid": "482015506021", "jobs_transit_45": 127444}}, {"type": "Feature", "geometry": {"type": "Polygon", "coordinates": [[[-95.53155, 29.95054], [-95.53339, 29.95072], [-95.51532, 29.93691], [-95.50724, 29.93709], [-95.48326, 29.93736], [-95.48336, 29.94238], [-95.48381, 29.94587], [-95.48976, 29.94784], [-95.49581, 29.94882], [-95.4989, 29.94853], [-95.50316, 29.9466], [-95.5112, 29.94641], [-95.51258, 29.9464], [-95.51579, 29.9477], [-95.51762, 29.94881], [-95.51901, 29.94916], [-95.52067, 29.94922], [-95.52806, 29.95068], [-95.53155, 29.95054]]]}, "properties": {"geoid": "482015507001", "jobs_transit_45": null}}, {"type": "Feature", "geometry": {"type": "Polygon", "coordinates": [[[-95.48381, 29.94587], [-95.48336, 29.94238], [-95.48326, 29.93736], [-95.46, 29.93753], [-95.46276, 29.94111], [-95.46384, 29.94081], [-95.46416, 29.94083], [-95.46836, 29.94397], [-95.47062, 29.94441], [-95.47215, 29.94444], [-95.4735, 29.94468], [-95.48381, 29.94587]]]}, "properties": {"geoid": "482015507002", "jobs_transit_45": null}}, {"type": "Feature", "geometry": {"type": "Polygon", "coordinates": [[[-95.48178, 29.95843], [-95.48267, 29.95714], [-95.48307, 29.95636], [-95.48332, 29.95551], [-95.48342, 29.95466], [-95.48335, 29.95001], [-95.48183, 29.95003], [-95.48145, 29.94735], [-95.47829, 29.94739], [-95.47776, 29.95005], [-95.47018, 29.95019], [-95.46991, 29.95013], [-95.4697, 29.95021], [-95.478, 29.96105], [-95.48178, 29.95843]]]}, "properties": {"geoid": "482015508001", "jobs_transit_45": 130503}}, {"type": "Feature", "geometry": {"type": "Polygon", "coordinates": [[[-95.48335, 29.95001], [-95.48381, 29.94587], [-95.4735, 29.94468], [-95.47215, 29.94444], [-95.47062, 29.94441], [-95.46836, 29.94397], [-95.46416, 29.94083], [-95.46384, 29.94081], [-95.46276, 29.94111], [-95.4697, 29.95021], [-95.46991, 29.95013], [-95.47018, 29.95019], [-95.47776, 29.95005], [-95.47829, 29.94739], [-95.48145, 29.94735], [-95.48183, 29.95003], [-95.48335, 29.95001]]]}, "properties": {"geoid": "482015508002", "jobs_transit_45": 148138}}, {"type": "Feature", "geometry": {"type": "Polygon", "coordinates": [[[-95.49848, 29.96116], [-95.4983, 29.95567], [-95.49553, 29.95569], [-95.49002, 29.953], [-95.4851, 29.95311], [-95.48534, 29.96318], [-95.48594, 29.96422], [-95.48372, 29.9644], [-95.48333, 29.96511], [-95.48092, 29.96487], [-95.48436, 29.96936], [-95.48445, 29.96926], [-95.49309, 29.96449], [-95.49516, 29.9627], [-95.49685, 29.96175], [-95.49848, 29.96116]]]}, "properties": {"geoid": "482015509002", "jobs_transit_45": null}}, {"type": "Feature", "geometry": {"type": "Polygon", "coordinates": [[[-95.48372, 29.9644], [-95.48594, 29.96422], [-95.48534, 29.96318], [-95.48514, 29.95498], [-95.4834, 29.95489], [-95.48324, 29.95583], [-95.48294, 29.95664], [-95.48178, 29.95843], [-95.478, 29.96105], [-95.48092, 29.96487], [-95.48333, 29.96511], [-95.48372, 29.9644]]]}, "properties": {"geoid": "482015509003", "jobs_transit_45": 120003}}, {"type": "Feature", "geometry": {"type": "Polygon", "coordinates": [[[-95.49176, 29.9791], [-95.49813, 29.96331], [-95.49838, 29.96249], [-95.49849, 29.9617], [-95.49848, 29.96116], [-95.49685, 29.96175], [-95.49516, 29.9627], [-95.49309, 29.96449], [-95.48445, 29.96926], [-95.48436, 29.96936], [-95.49176, 29.9791]]]}, "properties": {"geoid": "482015510001", "jobs_transit_45": 51713}}, {"type": "Feature", "geometry": {"type": "Polygon", "coordinates": [[[-95.49835, 29.98787], [-95.4984, 29.98784], [-95.49176, 29.9791], [-95.48979, 29.98399], [-95.48501, 29.98257], [-95.48545, 29.98148], [-95.48399, 29.98093], [-95.48349, 29.98092], [-95.48241, 29.98128], [-95.48301, 29.9816], [-95.48381, 29.98312], [-95.48644, 29.9884], [-95.48842, 29.98737], [-95.48689, 29.99112], [-95.48296, 29.98789], [-95.47955, 29.98791], [-95.48495, 29.99524], [-95.49835, 29.98787]]]}, "properties": {"geoid": "482015511003", "jobs_transit_45": 223713}}, {"type": "Feature", "geometry": {"type": "Polygon", "coordinates": [[[-95.48601, 29.97252], [-95.48646, 29.97229], [-95.48656, 29.97223], [-95.4805, 29.96432], [-95.47111, 29.96458], [-95.47134, 29.9739], [-95.47126, 29.97482], [-95.47161, 29.97575], [-95.47193, 29.9763], [-95.47265, 29.97712], [-95.47367, 29.97792], [-95.47437, 29.97721], [-95.47907, 29.97465], [-95.47965, 29.97451], [-95.48038, 29.97449], [-95.48194, 29.9749], [-95.48225, 29.9744], [-95.48281, 29.97397], [-95.48463, 29.97297], [-95.48601, 29.97252]]]}, "properties": {"geoid": "482015511002", "jobs_transit_45": null}}, {"type": "Feature", "geometry": {"type": "Polygon", "coordinates": [[[-95.4984, 29.98784], [-95.50685, 29.98321], [-95.50691, 29.98317], [-95.50638, 29.98241], [-95.50306, 29.97785], [-95.50081, 29.9791], [-95.49717, 29.97418], [-95.49765, 29.97647], [-95.49469, 29.97842], [-95.49316, 29.97569], [-95.49176, 29.9791], [-95.4984, 29.98784]]]}, "properties": {"geoid": "482015512001", "jobs_transit_45": 222685}}, {"type": "Feature", "geometry": {"type": "Polygon", "coordinates": [[[-95.50236, 29.97691], [-95.49997, 29.97188], [-95.50416, 29.97019], [-95.49933, 29.96327], [-95.4983, 29.96281], [-95.49316, 29.97569], [-95.49469, 29.97842], [-95.49765, 29.97647], [-95.49717, 29.97418], [-95.50081, 29.9791], [-95.50306, 29.97785], [-95.50236, 29.97691]]]}, "properties": {"geoid": "482015512002", "jobs_transit_45": null}}, {"type": "Feature", "geometry": {"type": "Polygon", "coordinates": [[[-95.6833, 29.87995], [-95.68333, 29.87363], [-95.67886, 29.87366], [-95.67768, 29.87508], [-95.67508, 29.87509], [-95.67381, 29.87492], [-95.67155, 29.87493], [-95.67158, 29.87792], [-95.6729, 29.87803], [-95.67289, 29.87899], [-95.67849, 29.87896], [-95.6833, 29.87995]]]}, "properties": {"geoid": "482015413001", "jobs_transit_45": null}}, {"type": "Feature", "geometry": {"type": "Polygon", "coordinates": [[[-95.51017, 29.97616], [-95.50964, 29.97512], [-95.50676, 29.96741], [-95.50624, 29.9665], [-95.5041, 29.96347], [-95.502, 29.95837], [-95.50134, 29.95764], [-95.50042, 29.95711], [-95.49957, 29.95689], [-95.49834, 29.95687], [-95.49849, 29.96154], [-95.4983, 29.96281], [-95.49933, 29.96327], [-95.50416, 29.97019], [-95.49997, 29.97188], [-95.50236, 29.97691], [-95.50354, 29.97852], [-95.50569, 29.97744], [-95.51017, 29.97616]]]}, "properties": {"geoid": "482015512003", "jobs_transit_45": null}}, {"type": "Feature", "geometry": {"type": "Polygon", "coordinates": [[[-95.51486, 29.97053], [-95.51087, 29.96512], [-95.50649, 29.96691], [-95.5069, 29.96774], [-95.50964, 29.97512], [-95.51032, 29.97639], [-95.51111, 29.97734], [-95.51167, 29.97694], [-95.51463, 29.97531], [-95.51196, 29.97197], [-95.51389, 29.97092], [-95.51486, 29.97053]]]}, "properties": {"geoid": "482015514002", "jobs_transit_45": 119643}}, {"type": "Feature", "geometry": {"type": "Polygon", "coordinates": [[[-95.62608, 29.87146], [-95.62518, 29.87009], [-95.62397, 29.8696], [-95.62433, 29.863], [-95.62207, 29.86302], [-95.622, 29.86117], [-95.6219, 29.86085], [-95.62158, 29.86043], [-95.62133, 29.86031], [-95.62093, 29.86029], [-95.61157, 29.86036], [-95.61127, 29.8595], [-95.60927, 29.85958], [-95.60819, 29.8599], [-95.60762, 29.85998], [-95.60809, 29.86324], [-95.60847, 29.87247], [-95.60853, 29.87955], [-95.62539, 29.87943], [-95.626, 29.87686], [-95.6244, 29.87304], [-95.62608, 29.87146]]]}, "properties": {"geoid": "482015407002", "jobs_transit_45": null}}, {"type": "Feature", "geometry": {"type": "Polygon", "coordinates": [[[-95.72027, 29.80465], [-95.719, 29.8003], [-95.70404, 29.80031], [-95.70398, 29.8004], [-95.70398, 29.80204], [-95.70583, 29.80225], [-95.71073, 29.8054], [-95.72027, 29.80465]]]}, "properties": {"geoid": "482015420003", "jobs_transit_45": null}}, {"type": "Feature", "geometry": {"type": "Polygon", "coordinates": [[[-95.58498, 29.89039], [-95.57113, 29.8806], [-95.56312, 29.87689], [-95.56195, 29.87896], [-95.56173, 29.88225], [-95.56355, 29.8882], [-95.56346, 29.88959], [-95.5635, 29.89315], [-95.56466, 29.89292], [-95.56775, 29.89558], [-95.57786, 29.89542], [-95.58006, 29.8957], [-95.5833, 29.89754], [-95.58388, 29.89769], [-95.58451, 29.89769], [-95.58441, 29.89106], [-95.58498, 29.89039]]]}, "properties": {"geoid": "482015518001", "jobs_transit_45": null}}, {"type": "Feature", "geometry": {"type": "Polygon", "coordinates": [[[-95.48188, 30.04408], [-95.4779, 30.03982], [-95.47865, 30.03934], [-95.4746, 30.03483], [-95.47279, 30.03573], [-95.46663, 30.03805], [-95.46714, 30.03869], [-95.46752, 30.03941], [-95.468, 30.04101], [-95.46866, 30.04224], [-95.47301, 30.04746], [-95.47388, 30.04849], [-95.48188, 30.04408]]]}, "properties": {"geoid": "482015535002", "jobs_transit_45": null}}, {"type": "Feature", "geometry": {"type": "Polygon", "coordinates": [[[-95.48082, 30.03001], [-95.47909, 30.02841], [-95.47638, 30.02438], [-95.47254, 30.02739], [-95.46763, 30.02642], [-95.4672, 30.02848], [-95.46355, 30.03297], [-95.46585, 30.03707], [-95.46663, 30.03805], [-95.47279, 30.03573], [-95.47652, 30.03315], [-95.47923, 30.03156], [-95.48082, 30.03001]]]}, "properties": {"geoid": "482015535003", "jobs_transit_45": null}}, {"type": "Feature", "geometry": {"type": "Polygon", "coordinates": [[[-95.50842, 30.02637], [-95.50831, 30.02535], [-95.50653, 30.02335], [-95.50622, 30.02224], [-95.50604, 30.02203], [-95.50525, 30.02187], [-95.50413, 30.02079], [-95.50334, 30.01976], [-95.50145, 30.01907], [-95.49967, 30.019], [-95.49952, 30.01865], [-95.49748, 30.01969], [-95.49432, 30.02091], [-95.49142, 30.02296], [-95.49337, 30.02665], [-95.49041, 30.02839], [-95.49584, 30.03637], [-95.50716, 30.03017], [-95.50842, 30.02637]]]}, "properties": {"geoid": "482015536002", "jobs_transit_45": null}}, {"type": "Feature", "geometry": {"type": "Polygon", "coordinates": [[[-95.52248, 30.0217], [-95.51984, 30.02026], [-95.51317, 30.02057], [-95.50677, 30.02223], [-95.50604, 30.02203], [-95.50622, 30.02224], [-95.50653, 30.02335], [-95.50831, 30.02535], [-95.50842, 30.02637], [-95.50716, 30.03017], [-95.52248, 30.0217]]]}, "properties": {"geoid": "482015537001", "jobs_transit_45": null}}, {"type": "Feature", "geometry": {"type": "Polygon", "coordinates": [[[-95.51541, 29.92546], [-95.50929, 29.91468], [-95.50146, 29.91472], [-95.50105, 29.91497], [-95.50174, 29.91921], [-95.50669, 29.92051], [-95.50772, 29.92127], [-95.50994, 29.92517], [-95.51003, 29.9255], [-95.51541, 29.92546]]]}, "properties": {"geoid": "482015340022", "jobs_transit_45": null}}, {"type": "Feature", "geometry": {"type": "Polygon", "coordinates": [[[-95.5479, 29.92836], [-95.54782, 29.91611], [-95.54772, 29.91562], [-95.54751, 29.91547], [-95.54715, 29.91543], [-95.53917, 29.91546], [-95.53878, 29.91531], [-95.53861, 29.91508], [-95.53846, 29.90053], [-95.5384, 29.89681], [-95.53831, 29.89613], [-95.5349, 29.89614], [-95.52492, 29.89686], [-95.52518, 29.92535], [-95.51536, 29.92538], [-95.52173, 29.93668], [-95.52455, 29.93656], [-95.52998, 29.93544], [-95.54624, 29.92892], [-95.5479, 29.92836]]]}, "properties": {"geoid": "482015341001", "jobs_transit_45": null}}, {"type": "Feature", "geometry": {"type": "Polygon", "coordinates": [[[-95.72029, 29.86136], [-95.72012, 29.86077], [-95.71867, 29.85697], [-95.71862, 29.8527], [-95.71183, 29.8496], [-95.70516, 29.84928], [-95.69703, 29.84622], [-95.69332, 29.84614], [-95.69128, 29.84591], [-95.69111, 29.84563], [-95.69107, 29.84522], [-95.6903, 29.84528], [-95.68993, 29.84556], [-95.68977, 29.8459], [-95.68982, 29.85641], [-95.68325, 29.85642], [-95.6833, 29.86537], [-95.69333, 29.86482], [-95.7048, 29.86484], [-95.70909, 29.86502], [-95.71563, 29.86225], [-95.71664, 29.862], [-95.72029, 29.86136]]]}, "properties": {"geoid": "482015421011", "jobs_transit_45": null}}, {"type": "Feature", "geometry": {"type": "Polygon", "coordinates": [[[-95.71895, 29.83595], [-95.71988, 29.83117], [-95.70231, 29.83113], [-95.70247, 29.84381], [-95.70261, 29.84515], [-95.69107, 29.84522], [-95.69111, 29.84563], [-95.69128, 29.84591], [-95.69332, 29.84614], [-95.69703, 29.84622], [-95.70516, 29.84928], [-95.71183, 29.8496], [-95.71862, 29.8527], [-95.7192, 29.84694], [-95.71895, 29.83595]]]}, "properties": {"geoid": "482015421012", "jobs_transit_45": null}}, {"type": "Feature", "geometry": {"type": "Polygon", "coordinates": [[[-95.56775, 29.89558], [-95.56466, 29.89292], [-95.56298, 29.89327], [-95.56262, 29.89326], [-95.56051, 29.89208], [-95.56023, 29.89177], [-95.56019, 29.89145], [-95.56029, 29.8909], [-95.56053, 29.88963], [-95.54873, 29.88407], [-95.54935, 29.88805], [-95.54941, 29.89639], [-95.55365, 29.89617], [-95.56118, 29.89604], [-95.56653, 29.89587], [-95.56775, 29.89558]]]}, "properties": {"geoid": "482015518002", "jobs_transit_45": null}}, {"type": "Feature", "geometry": {"type": "Polygon", "coordinates": [[[-95.56346, 29.88959], [-95.56355, 29.8882], [-95.56173, 29.88225], [-95.56195, 29.87896], [-95.56319, 29.87676], [-95.55579, 29.87352], [-95.55191, 29.87511], [-95.54942, 29.87751], [-95.54876, 29.87935], [-95.54873, 29.88407], [-95.56053, 29.88963], [-95.56029, 29.8909], [-95.56019, 29.8916], [-95.56031, 29.8919], [-95.56177, 29.89281], [-95.56248, 29.8932], [-95.56276, 29.89328], [-95.5635, 29.89315], [-95.56346, 29.88959]]]}, "properties": {"geoid": "482015518003", "jobs_transit_45": null}}, {"type": "Feature", "geometry": {"type": "Polygon", "coordinates": [[[-95.62868, 29.92932], [-95.62854, 29.92445], [-95.62856, 29.92178], [-95.62873, 29.92118], [-95.61981, 29.9149], [-95.60494, 29.92181], [-95.6061, 29.92393], [-95.60633, 29.92549], [-95.61015, 29.92547], [-95.61897, 29.92926], [-95.62052, 29.92931], [-95.62501, 29.92934], [-95.62868, 29.92932]]]}, "properties": {"geoid": "482015521011", "jobs_transit_45": null}}, {"type": "Feature", "geometry": {"type": "Polygon", "coordinates": [[[-95.52378, 30.02102], [-95.52031, 30.01816], [-95.51342, 30.00871], [-95.51204, 30.0067], [-95.51092, 30.00928], [-95.50347, 30.00934], [-95.5015, 30.00869], [-95.50124, 30.0116], [-95.49914, 30.01151], [-95.49732, 30.01247], [-95.49674, 30.01333], [-95.49934, 30.01406], [-95.49929, 30.01465], [-95.49888, 30.01502], [-95.49874, 30.0162], [-95.49912, 30.01815], [-95.49942, 30.01842], [-95.49967, 30.019], [-95.50145, 30.01907], [-95.50334, 30.01976], [-95.50413, 30.02079], [-95.50525, 30.02187], [-95.50677, 30.02223], [-95.51317, 30.02057], [-95.51984, 30.02026], [-95.52248, 30.0217], [-95.52378, 30.02102]]]}, "properties": {"geoid": "482015537002", "jobs_transit_45": null}}, {"type": "Feature", "geometry": {"type": "Polygon", "coordinates": [[[-95.73083, 29.79127], [-95.73089, 29.78964], [-95.72138, 29.79052], [-95.7189, 29.78992], [-95.719, 29.8003], [-95.72474, 29.80103], [-95.73056, 29.80098], [-95.72984, 29.79773], [-95.72766, 29.79595], [-95.73083, 29.79127]]]}, "properties": {"geoid": "482015424001", "jobs_transit_45": null}}, {"type": "Feature", "geometry": {"type": "Polygon", "coordinates": [[[-95.75201, 29.8021], [-95.75188, 29.7851], [-95.74881, 29.78506], [-95.73866, 29.78519], [-95.73575, 29.78568], [-95.73513, 29.78862], [-95.7353, 29.801], [-95.73688, 29.80113], [-95.7445, 29.80211], [-95.75201, 29.8021]]]}, "properties": {"geoid": "482015424002", "jobs_transit_45": null}}, {"type": "Feature", "geometry": {"type": "Polygon", "coordinates": [[[-95.77675, 29.78776], [-95.77681, 29.78518], [-95.76243, 29.7853], [-95.75188, 29.7851], [-95.75201, 29.8021], [-95.7749, 29.80195], [-95.77544, 29.798], [-95.77564, 29.7971], [-95.77675, 29.78776]]]}, "properties": {"geoid": "482015425001", "jobs_transit_45": null}}, {"type": "Feature", "geometry": {"type": "Polygon", "coordinates": [[[-95.52747, 30.04991], [-95.52734, 30.04886], [-95.52653, 30.04791], [-95.52042, 30.04512], [-95.5158, 30.04159], [-95.51179, 30.03606], [-95.5099, 30.03573], [-95.50716, 30.03017], [-95.48857, 30.04039], [-95.49278, 30.05046], [-95.50513, 30.04404], [-95.51034, 30.04458], [-95.51187, 30.04573], [-95.51495, 30.04924], [-95.51635, 30.04974], [-95.51928, 30.0505], [-95.51998, 30.05057], [-95.52595, 30.05029], [-95.52681, 30.05014], [-95.52747, 30.04991]]]}, "properties": {"geoid": "482015538011", "jobs_transit_45": null}}, {"type": "Feature", "geometry": {"type": "Polygon", "coordinates": [[[-95.5484, 30.03825], [-95.55363, 30.03526], [-95.55416, 30.03479], [-95.55536, 30.0331], [-95.55465, 30.03253], [-95.55353, 30.03106], [-95.55258, 30.02905], [-95.5495, 30.02493], [-95.54738, 30.02194], [-95.54633, 30.02236], [-95.54412, 30.02236], [-95.54052, 30.02431], [-95.54345, 30.0283], [-95.54123, 30.0297], [-95.54395, 30.03341], [-95.54311, 30.03388], [-95.54263, 30.03431], [-95.54313, 30.0347], [-95.54408, 30.03598], [-95.54457, 30.03628], [-95.54516, 30.03804], [-95.54498, 30.0391], [-95.54463, 30.04021], [-95.54492, 30.04105], [-95.54464, 30.0416], [-95.54481, 30.04233], [-95.54493, 30.04249], [-95.54574, 30.04157], [-95.5484, 30.03825]]]}, "properties": {"geoid": "482015539001", "jobs_transit_45": null}}, {"type": "Feature", "geometry": {"type": "Polygon", "coordinates": [[[-95.54498, 30.0391], [-95.54516, 30.03804], [-95.54457, 30.03628], [-95.54408, 30.03598], [-95.54313, 30.0347], [-95.54264, 30.03433], [-95.54212, 30.03366], [-95.53974, 30.03115], [-95.53715, 30.03014], [-95.53589, 30.03044], [-95.5343, 30.03058], [-95.53328, 30.02972], [-95.53239, 30.03011], [-95.53516, 30.03438], [-95.53727, 30.03973], [-95.53757, 30.0409], [-95.53841, 30.04593], [-95.53943, 30.04569], [-95.54332, 30.04354], [-95.54456, 30.0428], [-95.54493, 30.04249], [-95.54481, 30.04233], [-95.54464, 30.0416], [-95.54492, 30.04105], [-95.54463, 30.04021], [-95.54498, 30.0391]]]}, "properties": {"geoid": "482015539002", "jobs_transit_45": null}}, {"type": "Feature", "geometry": {"type": "Polygon", "coordinates": [[[-95.80184, 29.80172], [-95.80178, 29.78526], [-95.7913, 29.7854], [-95.77681, 29.78518], [-95.77675, 29.78776], [-95.77564, 29.7971], [-95.77544, 29.798], [-95.7749, 29.80195], [-95.80184, 29.80172]]]}, "properties": {"geoid": "482015426001", "jobs_transit_45": null}}, {"type": "Feature", "geometry": {"type": "Polygon", "coordinates": [[[-95.83059, 29.80042], [-95.82675, 29.78965], [-95.82642, 29.78998], [-95.81093, 29.78988], [-95.81102, 29.79617], [-95.80901, 29.80166], [-95.82497, 29.80151], [-95.82497, 29.80044], [-95.83059, 29.80042]]]}, "properties": {"geoid": "482015427001", "jobs_transit_45": null}}, {"type": "Feature", "geometry": {"type": "Polygon", "coordinates": [[[-95.82642, 29.78998], [-95.82675, 29.78965], [-95.82623, 29.78829], [-95.81248, 29.7806], [-95.80861, 29.78413], [-95.80506, 29.78525], [-95.80178, 29.78526], [-95.80184, 29.80172], [-95.80901, 29.80166], [-95.81102, 29.79617], [-95.81093, 29.78988], [-95.82642, 29.78998]]]}, "properties": {"geoid": "482015427002", "jobs_transit_45": null}}, {"type": "Feature", "geometry": {"type": "Polygon", "coordinates": [[[-95.8411, 29.83114], [-95.83615, 29.81664], [-95.8343, 29.81661], [-95.83278, 29.81322], [-95.82509, 29.8132], [-95.8251, 29.8167], [-95.80673, 29.81686], [-95.80676, 29.83135], [-95.8411, 29.83114]]]}, "properties": {"geoid": "482015428001", "jobs_transit_45": null}}, {"type": "Feature", "geometry": {"type": "Polygon", "coordinates": [[[-95.60788, 29.94321], [-95.61276, 29.94305], [-95.61456, 29.94486], [-95.61849, 29.94465], [-95.61828, 29.93926], [-95.61911, 29.93875], [-95.61834, 29.93805], [-95.61782, 29.93708], [-95.61775, 29.93654], [-95.60775, 29.93669], [-95.60788, 29.94321]]]}, "properties": {"geoid": "482015521022", "jobs_transit_45": null}}, {"type": "Feature", "geometry": {"type": "Polygon", "coordinates": [[[-95.63801, 29.94719], [-95.63741, 29.94499], [-95.63697, 29.94379], [-95.63656, 29.93965], [-95.63833, 29.93959], [-95.63772, 29.93646], [-95.6306, 29.93655], [-95.62884, 29.93854], [-95.62901, 29.94743], [-95.63667, 29.94733], [-95.63801, 29.94719]]]}, "properties": {"geoid": "482015522001", "jobs_transit_45": null}}, {"type": "Feature", "geometry": {"type": "Polygon", "coordinates": [[[-95.66235, 29.94566], [-95.66543, 29.94771], [-95.66395, 29.94637], [-95.66392, 29.94612], [-95.64916, 29.93593], [-95.63886, 29.92862], [-95.63755, 29.92741], [-95.62873, 29.92118], [-95.62852, 29.92208], [-95.62884, 29.93854], [-95.6306, 29.93655], [-95.63772, 29.93646], [-95.63833, 29.93959], [-95.63656, 29.93965], [-95.63697, 29.94379], [-95.63741, 29.94499], [-95.63801, 29.94719], [-95.64816, 29.94502], [-95.65041, 29.94555], [-95.66235, 29.94566]]]}, "properties": {"geoid": "482015522003", "jobs_transit_45": null}}, {"type": "Feature", "geometry": {"type": "Polygon", "coordinates": [[[-95.59165, 29.9629], [-95.59426, 29.96089], [-95.5923, 29.95909], [-95.59218, 29.95249], [-95.58488, 29.95255], [-95.58513, 29.96329], [-95.59165, 29.9629]]]}, "properties": {"geoid": "482015523022", "jobs_transit_45": null}}, {"type": "Feature", "geometry": {"type": "Polygon", "coordinates": [[[-95.55517, 29.92336], [-95.55588, 29.91759], [-95.55589, 29.90961], [-95.55533, 29.90713], [-95.55432, 29.90541], [-95.55154, 29.90256], [-95.55038, 29.901], [-95.54979, 29.89963], [-95.54948, 29.89815], [-95.54422, 29.89993], [-95.54335, 29.90107], [-95.53847, 29.90272], [-95.53856, 29.91477], [-95.5387, 29.91524], [-95.53906, 29.91545], [-95.53942, 29.91547], [-95.54729, 29.91543], [-95.5476, 29.91551], [-95.54776, 29.91569], [-95.54782, 29.91611], [-95.5479, 29.92836], [-95.55407, 29.92495], [-95.55517, 29.92336]]]}, "properties": {"geoid": "482015342011", "jobs_transit_45": null}}, {"type": "Feature", "geometry": {"type": "Polygon", "coordinates": [[[-95.63122, 29.96129], [-95.63083, 29.94741], [-95.62303, 29.94747], [-95.62301, 29.95476], [-95.62313, 29.95501], [-95.62433, 29.95593], [-95.62511, 29.95593], [-95.62506, 29.95677], [-95.62437, 29.95686], [-95.62118, 29.9587], [-95.61924, 29.96096], [-95.62103, 29.96442], [-95.62201, 29.96462], [-95.623, 29.96496], [-95.62485, 29.96641], [-95.62612, 29.96665], [-95.62966, 29.96508], [-95.62878, 29.96269], [-95.63122, 29.96129]]]}, "properties": {"geoid": "482015523011", "jobs_transit_45": null}}, {"type": "Feature", "geometry": {"type": "Polygon", "coordinates": [[[-95.60801, 29.94626], [-95.60801, 29.94607], [-95.60711, 29.94605], [-95.59356, 29.94607], [-95.59385, 29.93932], [-95.59096, 29.93915], [-95.58947, 29.93931], [-95.5847, 29.93937], [-95.58488, 29.95255], [-95.60485, 29.95235], [-95.60801, 29.94626]]]}, "properties": {"geoid": "482015524001", "jobs_transit_45": null}}, {"type": "Feature", "geometry": {"type": "Polygon", "coordinates": [[[-95.60801, 29.94607], [-95.60791, 29.94479], [-95.60775, 29.93669], [-95.60549, 29.93667], [-95.60435, 29.93347], [-95.59374, 29.9335], [-95.59355, 29.93333], [-95.59346, 29.92773], [-95.5848, 29.93299], [-95.58487, 29.93452], [-95.58469, 29.93775], [-95.5847, 29.93937], [-95.58947, 29.93931], [-95.59096, 29.93915], [-95.59385, 29.93932], [-95.59356, 29.94607], [-95.60801, 29.94607]]]}, "properties": {"geoid": "482015524002", "jobs_transit_45": null}}, {"type": "Feature", "geometry": {"type": "Polygon", "coordinates": [[[-95.52707, 30.03414], [-95.53288, 30.03105], [-95.53298, 30.031], [-95.53097, 30.02794], [-95.52858, 30.02523], [-95.52716, 30.02375], [-95.52378, 30.02102], [-95.51975, 30.02321], [-95.52047, 30.02417], [-95.51899, 30.0251], [-95.51986, 30.02712], [-95.52308, 30.02642], [-95.52509, 30.03066], [-95.52707, 30.03414]]]}, "properties": {"geoid": "482015538024", "jobs_transit_45": null}}, {"type": "Feature", "geometry": {"type": "Polygon", "coordinates": [[[-95.52535, 30.03133], [-95.52509, 30.03066], [-95.52308, 30.02642], [-95.51986, 30.02712], [-95.51899, 30.0251], [-95.52047, 30.02417], [-95.51975, 30.02321], [-95.51341, 30.0267], [-95.51556, 30.02956], [-95.51736, 30.03238], [-95.51984, 30.03149], [-95.52117, 30.03317], [-95.52535, 30.03133]]]}, "properties": {"geoid": "482015538021", "jobs_transit_45": null}}, {"type": "Feature", "geometry": {"type": "Polygon", "coordinates": [[[-95.5296, 30.03555], [-95.52793, 30.03367], [-95.52707, 30.03414], [-95.52535, 30.03133], [-95.52117, 30.03317], [-95.51984, 30.03149], [-95.51545, 30.03343], [-95.51459, 30.03431], [-95.51425, 30.03536], [-95.5141, 30.03697], [-95.5143, 30.03748], [-95.51633, 30.0403], [-95.51682, 30.04058], [-95.5172, 30.04061], [-95.51748, 30.04056], [-95.51799, 30.0403], [-95.52368, 30.037], [-95.52422, 30.03536], [-95.52646, 30.03843], [-95.52833, 30.03737], [-95.5296, 30.03555]]]}, "properties": {"geoid": "482015538022", "jobs_transit_45": null}}, {"type": "Feature", "geometry": {"type": "Polygon", "coordinates": [[[-95.60631, 29.85066], [-95.605, 29.84143], [-95.60485, 29.83374], [-95.60107, 29.83263], [-95.59676, 29.83152], [-95.57586, 29.8318], [-95.5637, 29.83194], [-95.56367, 29.8503], [-95.5812, 29.85029], [-95.5869, 29.85075], [-95.58808, 29.85076], [-95.60631, 29.85066]]]}, "properties": {"geoid": "482015401002", "jobs_transit_45": null}}, {"type": "Feature", "geometry": {"type": "Polygon", "coordinates": [[[-95.6454, 29.85217], [-95.64579, 29.84863], [-95.64563, 29.836], [-95.64049, 29.83601], [-95.64056, 29.83751], [-95.64095, 29.84178], [-95.6412, 29.84445], [-95.64046, 29.85226], [-95.6454, 29.85217]]]}, "properties": {"geoid": "482015405011", "jobs_transit_45": null}}, {"type": "Feature", "geometry": {"type": "Polygon", "coordinates": [[[-95.46369, 30.0071], [-95.45791, 29.99996], [-95.45555, 29.99683], [-95.45454, 29.99585], [-95.45195, 29.99366], [-95.45061, 29.99465], [-95.44744, 29.9952], [-95.44562, 29.9972], [-95.4399, 29.99984], [-95.44128, 30.00174], [-95.44242, 30.00312], [-95.45051, 30.01428], [-95.46369, 30.0071]]]}, "properties": {"geoid": "482015503023", "jobs_transit_45": 144764}}, {"type": "Feature", "geometry": {"type": "Polygon", "coordinates": [[[-95.60775, 29.93669], [-95.60753, 29.93525], [-95.60642, 29.93237], [-95.60633, 29.92549], [-95.6061, 29.92393], [-95.60494, 29.92181], [-95.59807, 29.92496], [-95.59346, 29.92773], [-95.59355, 29.93333], [-95.59374, 29.9335], [-95.60435, 29.93347], [-95.60549, 29.93667], [-95.60775, 29.93669]]]}, "properties": {"geoid": "482015524003", "jobs_transit_45": null}}, {"type": "Feature", "geometry": {"type": "Polygon", "coordinates": [[[-95.54263, 30.03431], [-95.54311, 30.03388], [-95.54395, 30.03341], [-95.54123, 30.0297], [-95.54345, 30.0283], [-95.53902, 30.02229], [-95.53877, 30.0222], [-95.53718, 30.02256], [-95.53693, 30.02247], [-95.53238, 30.01625], [-95.52378, 30.02102], [-95.52762, 30.02418], [-95.53068, 30.02758], [-95.53239, 30.03011], [-95.53328, 30.02972], [-95.5343, 30.03058], [-95.53589, 30.03044], [-95.53715, 30.03014], [-95.53974, 30.03115], [-95.54212, 30.03366], [-95.54263, 30.03431]]]}, "properties": {"geoid": "482015539003", "jobs_transit_45": null}}, {"type": "Feature", "geometry": {"type": "Polygon", "coordinates": [[[-95.54738, 30.02194], [-95.54496, 30.01865], [-95.54154, 30.01646], [-95.53847, 30.01289], [-95.53238, 30.01625], [-95.53693, 30.02247], [-95.53718, 30.02256], [-95.5387, 30.02221], [-95.53897, 30.02224], [-95.54052, 30.02431], [-95.54412, 30.02236], [-95.54633, 30.02236], [-95.54738, 30.02194]]]}, "properties": {"geoid": "482015539004", "jobs_transit_45": null}}, {"type": "Feature", "geometry": {"type": "Polygon", "coordinates": [[[-95.53172, 30.01662], [-95.52636, 30.00934], [-95.52459, 30.00626], [-95.51832, 30.00877], [-95.51486, 30.01067], [-95.52031, 30.01816], [-95.52378, 30.02102], [-95.53172, 30.01662]]]}, "properties": {"geoid": "482015540011", "jobs_transit_45": null}}, {"type": "Feature", "geometry": {"type": "Polygon", "coordinates": [[[-95.53847, 30.01289], [-95.53751, 30.0113], [-95.53466, 30.00738], [-95.53413, 30.00653], [-95.53372, 30.00537], [-95.5335, 30.00315], [-95.53064, 29.99808], [-95.53039, 29.9982], [-95.52997, 29.99964], [-95.52479, 30.00213], [-95.52273, 30.0021], [-95.51981, 30.00589], [-95.51404, 30.00476], [-95.51204, 30.0067], [-95.51486, 30.01067], [-95.51832, 30.00877], [-95.52459, 30.00626], [-95.52636, 30.00934], [-95.53172, 30.01662], [-95.53847, 30.01289]]]}, "properties": {"geoid": "482015540012", "jobs_transit_45": null}}, {"type": "Feature", "geometry": {"type": "Polygon", "coordinates": [[[-95.55871, 30.00182], [-95.55354, 29.99269], [-95.55265, 29.99286], [-95.5512, 29.99317], [-95.55063, 29.99322], [-95.55233, 29.99797], [-95.54827, 30.00023], [-95.54522, 30.00227], [-95.54356, 29.99838], [-95.53788, 30.0028], [-95.54019, 30.00456], [-95.53837, 30.00603], [-95.53749, 30.00814], [-95.53711, 30.00865], [-95.53601, 30.00924], [-95.53751, 30.0113], [-95.53847, 30.01289], [-95.55426, 30.00412], [-95.55651, 30.00304], [-95.55871, 30.00182]]]}, "properties": {"geoid": "482015540022", "jobs_transit_45": null}}, {"type": "Feature", "geometry": {"type": "Polygon", "coordinates": [[[-95.64095, 29.84178], [-95.64056, 29.83751], [-95.64049, 29.83601], [-95.62562, 29.83599], [-95.62521, 29.83938], [-95.62611, 29.84003], [-95.62574, 29.84066], [-95.6241, 29.84161], [-95.62365, 29.8433], [-95.62364, 29.84345], [-95.63056, 29.84472], [-95.63252, 29.84472], [-95.63345, 29.84487], [-95.63435, 29.84516], [-95.63552, 29.84576], [-95.63682, 29.84684], [-95.6377, 29.84801], [-95.63831, 29.84936], [-95.64044, 29.85006], [-95.6412, 29.84445], [-95.64095, 29.84178]]]}, "properties": {"geoid": "482015405022", "jobs_transit_45": null}}, {"type": "Feature", "geometry": {"type": "Polygon", "coordinates": [[[-95.58487, 29.93452], [-95.5848, 29.93299], [-95.56727, 29.94354], [-95.56584, 29.94462], [-95.56404, 29.94625], [-95.56395, 29.95085], [-95.57333, 29.9507], [-95.5804, 29.95132], [-95.58485, 29.95117], [-95.58469, 29.93788], [-95.58487, 29.93452]]]}, "properties": {"geoid": "482015525002", "jobs_transit_45": null}}, {"type": "Feature", "geometry": {"type": "Polygon", "coordinates": [[[-95.50496, 29.85001], [-95.50552, 29.84883], [-95.49274, 29.84143], [-95.48888, 29.84149], [-95.48889, 29.85104], [-95.48863, 29.86049], [-95.48678, 29.86576], [-95.50019, 29.86567], [-95.50009, 29.85065], [-95.50465, 29.8516], [-95.50496, 29.85001]]]}, "properties": {"geoid": "482015323001", "jobs_transit_45": 81035}}, {"type": "Feature", "geometry": {"type": "Polygon", "coordinates": [[[-95.50685, 29.86561], [-95.50559, 29.86206], [-95.50488, 29.86042], [-95.50539, 29.85587], [-95.50465, 29.8516], [-95.50009, 29.85065], [-95.50019, 29.86567], [-95.50685, 29.86561]]]}, "properties": {"geoid": "482015323003", "jobs_transit_45": 40835}}, {"type": "Feature", "geometry": {"type": "Polygon", "coordinates": [[[-95.52454, 29.86556], [-95.52437, 29.85944], [-95.50987, 29.85129], [-95.51066, 29.85651], [-95.51089, 29.86473], [-95.51065, 29.86521], [-95.5106, 29.86562], [-95.5228, 29.8655], [-95.52454, 29.86556]]]}, "properties": {"geoid": "482015323002", "jobs_transit_45": null}}, {"type": "Feature", "geometry": {"type": "Polygon", "coordinates": [[[-95.49447, 29.88603], [-95.4944, 29.8756], [-95.49381, 29.87417], [-95.48678, 29.86576], [-95.48162, 29.86577], [-95.49444, 29.88847], [-95.49447, 29.88603]]]}, "properties": {"geoid": "482015324001", "jobs_transit_45": null}}, {"type": "Feature", "geometry": {"type": "Polygon", "coordinates": [[[-95.4944, 29.8756], [-95.49885, 29.87577], [-95.50184, 29.87271], [-95.50174, 29.86706], [-95.50019, 29.86567], [-95.48678, 29.86576], [-95.49381, 29.87417], [-95.4944, 29.8756]]]}, "properties": {"geoid": "482015324002", "jobs_transit_45": null}}, {"type": "Feature", "geometry": {"type": "Polygon", "coordinates": [[[-95.62071, 29.88933], [-95.6207, 29.88587], [-95.61013, 29.88652], [-95.6078, 29.88579], [-95.60673, 29.88743], [-95.60622, 29.89057], [-95.61661, 29.89048], [-95.62071, 29.88933]]]}, "properties": {"geoid": "482015408001", "jobs_transit_45": null}}]}